tau_delta,tau_h,fr_val,ttdef_val,skip_pct,feasible,seed
0.015303,0.05,0.0,0.0165,34.25,True,42
0.015303,0.08,0.0,0.0165,34.6,True,42
0.015303,0.1,0.0,0.0165,36.11,True,42
0.015303,0.12,0.0,0.0165,38.06,True,42
0.015303,0.15,0.0,0.0174,39.54,True,42
0.015303,0.18,0.0,0.0174,40.45,True,42
0.015303,0.2,0.0,0.0174,40.89,True,42
0.015303,0.25,0.0,0.0174,41.79,True,42
0.015303,0.3,0.0,0.0217,42.8,False,42
0.015303,0.35,0.0,0.0234,43.61,False,42
0.015303,0.4,0.0,0.0234,44.09,False,42
0.015303,0.5,0.0,0.0234,45.03,False,42
0.015303,0.7,0.0,0.0234,47.26,False,42
0.016056,0.05,0.0,0.0165,35.49,True,42
0.016056,0.08,0.0,0.0165,35.89,True,42
0.016056,0.1,0.0,0.0165,37.43,True,42
0.016056,0.12,0.0,0.0165,39.5,True,42
0.016056,0.15,0.0,0.0182,41.09,False,42
0.016056,0.18,0.0,0.0182,42.01,False,42
0.016056,0.2,0.0,0.0182,42.45,False,42
0.016056,0.25,0.0,0.0182,43.45,False,42
0.016056,0.3,0.0,0.0226,44.53,False,42
0.016056,0.35,0.0,0.0243,45.35,False,42
0.016056,0.4,0.0,0.0243,45.84,False,42
0.016056,0.5,0.0,0.0252,46.88,False,42
0.016056,0.7,0.0,0.0252,49.09,False,42
0.016693,0.05,0.0,0.0165,36.85,True,42
0.016693,0.08,0.0,0.0165,37.27,True,42
0.016693,0.1,0.0,0.0165,38.86,True,42
0.016693,0.12,0.0,0.0165,41.1,True,42
0.016693,0.15,0.0,0.0182,42.71,False,42
0.016693,0.18,0.0,0.0182,43.66,False,42
0.016693,0.2,0.0,0.0182,44.12,False,42
0.016693,0.25,0.0,0.0182,45.18,False,42
0.016693,0.3,0.0,0.0243,46.3,False,42
0.016693,0.35,0.0,0.0304,47.18,False,42
0.016693,0.4,0.0,0.0304,47.68,False,42
0.016693,0.5,0.0,0.033,48.82,False,42
0.016693,0.7,0.0,0.033,51.0,False,42
0.017494,0.05,0.0,0.0165,38.07,True,42
0.017494,0.08,0.0,0.0165,38.52,True,42
0.017494,0.1,0.0,0.0165,40.2,True,42
0.017494,0.12,0.0,0.0165,42.5,True,42
0.017494,0.15,0.0,0.0182,44.22,False,42
0.017494,0.18,0.0,0.0182,45.22,False,42
0.017494,0.2,0.0,0.0182,45.7,False,42
0.017494,0.25,0.0,0.0182,46.79,False,42
0.017494,0.3,0.0,0.0243,47.97,False,42
0.017494,0.35,0.0,0.0304,48.82,False,42
0.017494,0.4,0.0,0.0304,49.33,False,42
0.017494,0.5,0.0,0.0365,50.58,False,42
0.017494,0.7,0.0,0.0365,52.89,False,42
0.018252,0.05,0.0,0.0165,39.33,True,42
0.018252,0.08,0.0,0.0165,39.8,True,42
0.018252,0.1,0.0,0.0165,41.64,True,42
0.018252,0.12,0.0,0.0174,44.08,True,42
0.018252,0.15,0.0,0.0191,45.83,False,42
0.018252,0.18,0.0,0.0191,46.83,False,42
0.018252,0.2,0.0,0.0191,47.37,False,42
0.018252,0.25,0.0,0.0191,48.54,False,42
0.018252,0.3,0.0,0.0252,49.75,False,42
0.018252,0.35,0.0,0.0312,50.61,False,42
0.018252,0.4,0.0,0.0321,51.16,False,42
0.018252,0.5,0.0,0.0382,52.42,False,42
0.018252,0.7,0.0,0.0382,54.73,False,42
0.019085,0.05,0.0,0.0165,40.62,True,42
0.019085,0.08,0.0,0.0165,41.1,True,42
0.019085,0.1,0.0,0.0165,43.03,True,42
0.019085,0.12,0.0,0.0174,45.49,True,42
0.019085,0.15,0.0,0.0191,47.32,False,42
0.019085,0.18,0.0,0.0191,48.39,False,42
0.019085,0.2,0.0,0.0191,48.99,False,42
0.019085,0.25,0.0,0.0191,50.25,False,42
0.019085,0.3,0.0,0.0252,51.48,False,42
0.019085,0.35,0.0,0.0312,52.34,False,42
0.019085,0.4,0.0,0.0321,52.89,False,42
0.019085,0.5,0.0,0.0391,54.18,False,42
0.019085,0.7,0.0,0.0391,56.6,False,42
0.019906,0.05,0.0,0.0191,41.93,False,42
0.019906,0.08,0.0,0.0191,42.38,False,42
0.019906,0.1,0.0,0.0226,44.42,False,42
0.019906,0.12,0.0,0.0234,46.97,False,42
0.019906,0.15,0.0,0.0252,48.89,False,42
0.019906,0.18,0.0,0.0252,50.01,False,42
0.019906,0.2,0.0,0.0252,50.61,False,42
0.019906,0.25,0.0,0.0252,51.92,False,42
0.019906,0.3,0.0,0.0312,53.19,False,42
0.019906,0.35,0.0,0.0399,54.09,False,42
0.019906,0.4,0.0,0.0408,54.67,False,42
0.019906,0.5,0.0,0.0469,56.01,False,42
0.019906,0.7,0.0,0.0469,58.61,False,42
0.020715,0.05,0.0,0.0191,43.29,False,42
0.020715,0.08,0.0,0.0191,43.77,False,42
0.020715,0.1,0.0,0.0226,45.93,False,42
0.020715,0.12,0.0,0.0234,48.6,False,42
0.020715,0.15,0.0,0.0252,50.51,False,42
0.020715,0.18,0.0,0.0252,51.72,False,42
0.020715,0.2,0.0,0.0252,52.33,False,42
0.020715,0.25,0.0,0.0252,53.67,False,42
0.020715,0.3,0.0,0.0312,54.95,False,42
0.020715,0.35,0.0,0.0408,55.9,False,42
0.020715,0.4,0.0,0.0417,56.48,False,42
0.020715,0.5,0.0,0.0477,57.87,False,42
0.020715,0.7,0.0,0.0477,60.52,False,42
0.021675,0.05,0.0,0.0226,44.58,False,42
0.021675,0.08,0.0,0.0226,45.09,False,42
0.021675,0.1,0.0,0.0226,47.33,False,42
0.021675,0.12,0.0,0.0234,50.27,False,42
0.021675,0.15,0.0,0.0252,52.16,False,42
0.021675,0.18,0.0,0.0252,53.42,False,42
0.021675,0.2,0.0,0.0252,54.02,False,42
0.021675,0.25,0.0,0.0269,55.46,False,42
0.021675,0.3,0.0,0.033,56.76,False,42
0.021675,0.35,0.0,0.0425,57.73,False,42
0.021675,0.4,0.0,0.0434,58.35,False,42
0.021675,0.5,0.0,0.0495,59.78,False,42
0.021675,0.7,0.0,0.0495,62.47,False,42
0.022622,0.05,0.0,0.026,45.79,False,42
0.022622,0.08,0.0,0.026,46.33,False,42
0.022622,0.1,0.0,0.026,48.66,False,42
0.022622,0.12,0.0,0.0269,51.72,False,42
0.022622,0.15,0.0,0.0286,53.65,False,42
0.022622,0.18,0.0,0.0286,54.95,False,42
0.022622,0.2,0.0,0.0286,55.6,False,42
0.022622,0.25,0.0,0.0304,57.16,False,42
0.022622,0.3,0.0,0.0365,58.46,False,42
0.022622,0.35,0.0,0.0469,59.43,False,42
0.022622,0.4,0.0,0.0477,60.09,False,42
0.022622,0.5,0.0,0.0538,61.51,False,42
0.022622,0.7,0.0,0.0538,64.28,False,42
0.023642,0.05,0.0,0.026,46.96,False,42
0.023642,0.08,0.0,0.0295,47.54,False,42
0.023642,0.1,0.0,0.0339,50.01,False,42
0.023642,0.12,0.0,0.0356,53.24,False,42
0.023642,0.15,0.0,0.0365,55.28,False,42
0.023642,0.18,0.0,0.0365,56.6,False,42
0.023642,0.2,0.0,0.0365,57.26,False,42
0.023642,0.25,0.0,0.0425,58.93,False,42
0.023642,0.3,0.0,0.0486,60.2,False,42
0.023642,0.35,0.0,0.059,61.16,False,42
0.023642,0.4,0.0,0.0599,61.82,False,42
0.023642,0.5,0.0,0.0625,63.27,False,42
0.023642,0.7,0.0,0.0625,66.24,False,42
0.024559,0.05,0.0,0.0295,48.26,False,42
0.024559,0.08,0.0,0.033,48.83,False,42
0.024559,0.1,0.0,0.0373,51.48,False,42
0.024559,0.12,0.0,0.0399,54.81,False,42
0.024559,0.15,0.0,0.0408,56.96,False,42
0.024559,0.18,0.0,0.0408,58.19,False,42
0.024559,0.2,0.0,0.0408,58.89,False,42
0.024559,0.25,0.0,0.0477,60.66,False,42
0.024559,0.3,0.0,0.0547,62.01,False,42
0.024559,0.35,0.0,0.0651,63.01,False,42
0.024559,0.4,0.0,0.066,63.66,False,42
0.024559,0.5,0.0,0.0677,65.15,False,42
0.024559,0.7,0.0,0.0677,68.19,False,42
0.025621,0.05,0.0,0.0295,49.58,False,42
0.025621,0.08,0.0,0.033,50.13,False,42
0.025621,0.1,0.0,0.0373,52.94,False,42
0.025621,0.12,0.0,0.0399,56.59,False,42
0.025621,0.15,0.0,0.0408,58.45,False,42
0.025621,0.18,0.0,0.0408,59.72,False,42
0.025621,0.2,0.0,0.0408,60.42,False,42
0.025621,0.25,0.0,0.0503,62.27,False,42
0.025621,0.3,0.0,0.0573,63.73,False,42
0.025621,0.35,0.0,0.0677,64.73,False,42
0.025621,0.4,0.0,0.0686,65.36,False,42
0.025621,0.5,0.0,0.0703,66.95,False,42
0.025621,0.7,0.0,0.0703,70.13,False,42
0.02678,0.05,0.0,0.0373,51.07,False,42
0.02678,0.08,0.0,0.0408,51.62,False,42
0.02678,0.1,0.0,0.046,54.51,False,42
0.02678,0.12,0.0,0.053,58.34,False,42
0.02678,0.15,0.0,0.0538,60.2,False,42
0.02678,0.18,0.0,0.0556,61.52,False,42
0.02678,0.2,0.0,0.0556,62.22,False,42
0.02678,0.25,0.0,0.0634,64.05,False,42
0.02678,0.3,0.0,0.0686,65.5,False,42
0.02678,0.35,0.0,0.079,66.51,False,42
0.02678,0.4,0.0,0.0799,67.18,False,42
0.02678,0.5,0.0,0.0825,68.82,False,42
0.02678,0.7,0.0,0.0825,72.02,False,42
0.028036,0.05,0.0,0.0417,52.35,False,42
0.028036,0.08,0.0,0.0451,52.9,False,42
0.028036,0.1,0.0,0.0538,55.92,False,42
0.028036,0.12,0.0,0.0608,59.99,False,42
0.028036,0.15,0.0,0.0616,61.97,False,42
0.028036,0.18,0.0,0.0616,63.27,False,42
0.028036,0.2,0.0,0.066,63.99,False,42
0.028036,0.25,0.0,0.0738,65.86,False,42
0.028036,0.3,0.0,0.0799,67.34,False,42
0.028036,0.35,0.0,0.0929,68.36,False,42
0.028036,0.4,0.0,0.0938,69.11,False,42
0.028036,0.5,0.0,0.0981,70.76,False,42
0.028036,0.7,0.0,0.0981,73.94,False,42
0.029346,0.05,0.0,0.0451,53.7,False,42
0.029346,0.08,0.0,0.0486,54.26,False,42
0.029346,0.1,0.0,0.0616,57.59,False,42
0.029346,0.12,0.0,0.072,61.63,False,42
0.029346,0.15,0.0,0.0755,63.66,False,42
0.029346,0.18,0.0,0.0755,65.01,False,42
0.029346,0.2,0.0,0.0807,65.86,False,42
0.029346,0.25,0.0,0.092,67.76,False,42
0.029346,0.3,0.0,0.0998,69.2,False,42
0.029346,0.35,0.0,0.1128,70.23,False,42
0.029346,0.4,0.0,0.1137,70.99,False,42
0.029346,0.5,0.0,0.1181,72.71,False,42
0.029346,0.7,0.0,0.1181,75.86,False,42
0.03081,0.05,0.0,0.0512,55.07,False,42
0.03081,0.08,0.0,0.0573,55.7,False,42
0.03081,0.1,0.0,0.0703,59.1,False,42
0.03081,0.12,0.0,0.0807,63.49,False,42
0.03081,0.15,0.0,0.0842,65.58,False,42
0.03081,0.18,0.0,0.0842,67.0,False,42
0.03081,0.2,0.0,0.0894,67.83,False,42
0.03081,0.25,0.0,0.0972,69.69,False,42
0.03081,0.3,0.0,0.1068,71.19,False,42
0.03081,0.35,0.0,0.1198,72.26,False,42
0.03081,0.4,0.0,0.125,73.13,False,42
0.03081,0.5,0.0,0.1224,74.8,False,42
0.03081,0.7,0.0,0.1198,77.94,False,42
0.032418,0.05,0.0,0.0599,56.38,False,42
0.032418,0.08,0.0,0.066,57.0,False,42
0.032418,0.1,0.0,0.079,60.67,False,42
0.032418,0.12,0.0,0.0894,65.23,False,42
0.032418,0.15,0.0,0.0955,67.29,False,42
0.032418,0.18,0.0,0.0955,68.86,False,42
0.032418,0.2,0.0,0.1007,69.76,False,42
0.032418,0.25,0.0,0.1102,71.66,False,42
0.032418,0.3,0.0,0.1207,73.22,False,42
0.032418,0.35,0.0,0.1337,74.38,False,42
0.032418,0.4,0.0,0.1389,75.17,False,42
0.032418,0.5,0.0,0.1441,76.89,False,42
0.032418,0.7,0.0,0.1398,80.02,False,42
0.034291,0.05,0.0,0.0773,57.81,False,42
0.034291,0.08,0.0,0.0833,58.44,False,42
0.034291,0.1,0.0,0.0964,62.31,False,42
0.034291,0.12,0.0,0.1163,67.18,False,42
0.034291,0.15,0.0,0.1267,69.25,False,42
0.034291,0.18,0.0,0.1267,70.79,False,42
0.034291,0.2,0.0,0.1337,71.77,False,42
0.034291,0.25,0.0,0.145,73.73,False,42
0.034291,0.3,0.0,0.151,75.12,False,42
0.034291,0.35,0.0,0.1701,76.3,False,42
0.034291,0.4,0.0,0.1727,77.06,False,42
0.034291,0.5,0.0,0.1684,78.81,False,42
0.034291,0.7,0.0,0.1545,81.98,False,42
0.036457,0.05,0.0,0.0981,59.4,False,42
0.036457,0.08,0.0,0.1042,60.04,False,42
0.036457,0.1,0.0,0.1172,63.96,False,42
0.036457,0.12,0.0,0.1372,69.08,False,42
0.036457,0.15,0.0,0.1519,71.15,False,42
0.036457,0.18,0.0,0.1519,72.67,False,42
0.036457,0.2,0.0,0.1545,73.66,False,42
0.036457,0.25,0.0,0.1658,75.74,False,42
0.036457,0.3,0.0,0.1727,77.08,False,42
0.036457,0.35,0.0,0.1997,78.29,False,42
0.036457,0.4,0.0,0.204,79.04,False,42
0.036457,0.5,0.0,0.2005,80.79,False,42
0.036457,0.7,0.0,0.1823,83.96,False,42
0.039061,0.05,0.0,0.1259,61.03,False,42
0.039061,0.08,0.0,0.138,61.71,False,42
0.039061,0.1,0.0,0.1554,66.07,False,42
0.039061,0.12,0.0,0.1745,71.29,False,42
0.039061,0.15,0.0,0.1892,73.35,False,42
0.039061,0.18,0.0,0.1892,74.95,False,42
0.039061,0.2,0.0,0.1918,75.91,False,42
0.039061,0.25,0.0,0.1988,77.98,False,42
0.039061,0.3,0.0,0.204,79.28,False,42
0.039061,0.35,0.0,0.2283,80.38,False,42
0.039061,0.4,0.0,0.2318,81.1,False,42
0.039061,0.5,0.0,0.2283,82.84,False,42
0.039061,0.7,0.0,0.2101,85.94,False,42
0.042537,0.05,0.0,0.1797,63.01,False,42
0.042537,0.08,0.0,0.197,63.72,False,42
0.042537,0.1,0.0,0.2214,68.11,False,42
0.042537,0.12,0.0,0.2448,73.62,False,42
0.042537,0.15,0.0,0.2509,75.38,False,42
0.042537,0.18,0.0,0.2509,77.26,False,42
0.042537,0.2,0.0,0.2587,78.16,False,42
0.042537,0.25,0.0,0.2656,80.19,False,42
0.042537,0.3,0.0,0.2726,81.48,False,42
0.042537,0.35,0.0,0.2821,82.46,False,42
0.042537,0.4,0.0,0.2856,83.25,False,42
0.042537,0.5,0.0,0.2821,85.08,False,42
0.042537,0.7,0.0,0.2665,88.18,False,42
0.046799,0.05,0.0083,0.3328,65.21,False,42
0.046799,0.08,0.0083,0.3503,65.93,False,42
0.046799,0.1,0.0083,0.3792,70.55,False,42
0.046799,0.12,0.0083,0.3993,75.95,False,42
0.046799,0.15,0.0083,0.4055,77.84,False,42
0.046799,0.18,0.0083,0.4072,79.63,False,42
0.046799,0.2,0.0083,0.4081,80.42,False,42
0.046799,0.25,0.0083,0.4212,82.45,False,42
0.046799,0.3,0.0083,0.4379,83.78,False,42
0.046799,0.35,0.0083,0.4431,84.68,False,42
0.046799,0.4,0.0083,0.4466,85.32,False,42
0.046799,0.5,0.0083,0.444,87.33,False,42
0.046799,0.7,0.0083,0.4282,90.28,False,42
0.015102,0.05,0.0,0.0234,28.95,True,43
0.015102,0.08,0.0,0.0234,29.37,True,43
0.015102,0.1,0.0,0.0234,29.59,True,43
0.015102,0.12,0.0,0.0243,29.87,True,43
0.015102,0.15,0.0,0.0252,30.96,True,43
0.015102,0.18,0.0,0.026,32.85,True,43
0.015102,0.2,0.0,0.026,33.35,True,43
0.015102,0.25,0.0,0.0295,34.38,False,43
0.015102,0.3,0.0,0.0304,35.64,False,43
0.015102,0.35,0.0,0.0321,36.32,False,43
0.015102,0.4,0.0,0.033,37.52,False,43
0.015102,0.5,0.0,0.0339,41.48,False,43
0.015102,0.7,0.0,0.0339,46.73,False,43
0.015852,0.05,0.0,0.0234,30.03,True,43
0.015852,0.08,0.0,0.0234,30.46,True,43
0.015852,0.1,0.0,0.0234,30.69,True,43
0.015852,0.12,0.0,0.0252,30.99,True,43
0.015852,0.15,0.0,0.026,32.08,True,43
0.015852,0.18,0.0,0.0269,34.15,True,43
0.015852,0.2,0.0,0.0269,34.72,True,43
0.015852,0.25,0.0,0.0304,35.76,False,43
0.015852,0.3,0.0,0.0321,37.11,False,43
0.015852,0.35,0.0,0.0339,37.81,False,43
0.015852,0.4,0.0,0.0356,39.07,False,43
0.015852,0.5,0.0,0.0365,43.18,False,43
0.015852,0.7,0.0,0.0365,48.63,False,43
0.016553,0.05,0.0,0.0234,31.12,True,43
0.016553,0.08,0.0,0.0234,31.59,True,43
0.016553,0.1,0.0,0.0234,31.82,True,43
0.016553,0.12,0.0,0.0252,32.13,True,43
0.016553,0.15,0.0,0.026,33.28,True,43
0.016553,0.18,0.0,0.0269,35.56,True,43
0.016553,0.2,0.0,0.0269,36.14,True,43
0.016553,0.25,0.0,0.0304,37.19,False,43
0.016553,0.3,0.0,0.0321,38.6,False,43
0.016553,0.35,0.0,0.0339,39.32,False,43
0.016553,0.4,0.0,0.0356,40.65,False,43
0.016553,0.5,0.0,0.0365,44.84,False,43
0.016553,0.7,0.0,0.0365,50.55,False,43
0.017291,0.05,0.0,0.0234,32.22,True,43
0.017291,0.08,0.0,0.0234,32.73,True,43
0.017291,0.1,0.0,0.0234,32.96,True,43
0.017291,0.12,0.0,0.0252,33.29,True,43
0.017291,0.15,0.0,0.026,34.54,True,43
0.017291,0.18,0.0,0.0269,36.95,True,43
0.017291,0.2,0.0,0.0269,37.52,True,43
0.017291,0.25,0.0,0.0304,38.58,False,43
0.017291,0.3,0.0,0.0321,40.04,False,43
0.017291,0.35,0.0,0.0356,40.81,False,43
0.017291,0.4,0.0,0.0373,42.22,False,43
0.017291,0.5,0.0,0.0382,46.58,False,43
0.017291,0.7,0.0,0.0382,52.52,False,43
0.018053,0.05,0.0,0.0234,33.29,True,43
0.018053,0.08,0.0,0.0234,33.81,True,43
0.018053,0.1,0.0,0.0234,34.05,True,43
0.018053,0.12,0.0,0.026,34.43,True,43
0.018053,0.15,0.0,0.0269,35.72,True,43
0.018053,0.18,0.0,0.0278,38.21,True,43
0.018053,0.2,0.0,0.0278,38.79,True,43
0.018053,0.25,0.0,0.0312,39.9,False,43
0.018053,0.3,0.0,0.0347,41.51,False,43
0.018053,0.35,0.0,0.0382,42.27,False,43
0.018053,0.4,0.0,0.0425,43.8,False,43
0.018053,0.5,0.0,0.0434,48.26,False,43
0.018053,0.7,0.0,0.0434,54.37,False,43
0.018894,0.05,0.0,0.0234,34.45,True,43
0.018894,0.08,0.0,0.0234,34.99,True,43
0.018894,0.1,0.0,0.0234,35.24,True,43
0.018894,0.12,0.0,0.026,35.66,True,43
0.018894,0.15,0.0,0.0269,36.99,True,43
0.018894,0.18,0.0,0.0278,39.58,True,43
0.018894,0.2,0.0,0.0278,40.19,True,43
0.018894,0.25,0.0,0.0312,41.37,False,43
0.018894,0.3,0.0,0.0347,43.03,False,43
0.018894,0.35,0.0,0.0391,43.82,False,43
0.018894,0.4,0.0,0.0434,45.41,False,43
0.018894,0.5,0.0,0.0443,49.99,False,43
0.018894,0.7,0.0,0.0443,56.22,False,43
0.019742,0.05,0.0,0.0234,35.55,True,43
0.019742,0.08,0.0,0.0234,36.09,True,43
0.019742,0.1,0.0,0.0234,36.33,True,43
0.019742,0.12,0.0,0.026,36.76,True,43
0.019742,0.15,0.0,0.0269,38.18,True,43
0.019742,0.18,0.0,0.0278,40.98,True,43
0.019742,0.2,0.0,0.0278,41.63,True,43
0.019742,0.25,0.0,0.0339,42.79,False,43
0.019742,0.3,0.0,0.0373,44.52,False,43
0.019742,0.35,0.0,0.0417,45.34,False,43
0.019742,0.4,0.0,0.046,47.0,False,43
0.019742,0.5,0.0,0.0469,51.68,False,43
0.019742,0.7,0.0,0.0469,58.11,False,43
0.020614,0.05,0.0,0.0234,36.65,True,43
0.020614,0.08,0.0,0.0234,37.2,True,43
0.020614,0.1,0.0,0.0234,37.45,True,43
0.020614,0.12,0.0,0.026,37.89,True,43
0.020614,0.15,0.0,0.0269,39.35,True,43
0.020614,0.18,0.0,0.0278,42.32,True,43
0.020614,0.2,0.0,0.0278,43.01,True,43
0.020614,0.25,0.0,0.0339,44.16,False,43
0.020614,0.3,0.0,0.0373,45.94,False,43
0.020614,0.35,0.0,0.0417,46.79,False,43
0.020614,0.4,0.0,0.046,48.56,False,43
0.020614,0.5,0.0,0.0486,53.38,False,43
0.020614,0.7,0.0,0.0486,60.01,False,43
0.021505,0.05,0.0,0.0234,37.73,True,43
0.021505,0.08,0.0,0.0234,38.29,True,43
0.021505,0.1,0.0,0.0234,38.56,True,43
0.021505,0.12,0.0,0.0286,39.06,False,43
0.021505,0.15,0.0,0.0312,40.57,False,43
0.021505,0.18,0.0,0.0312,43.7,False,43
0.021505,0.2,0.0,0.0312,44.41,False,43
0.021505,0.25,0.0,0.0347,45.56,False,43
0.021505,0.3,0.0,0.0408,47.44,False,43
0.021505,0.35,0.0,0.0451,48.31,False,43
0.021505,0.4,0.0,0.0495,50.1,False,43
0.021505,0.5,0.0,0.0521,55.02,False,43
0.021505,0.7,0.0,0.0521,61.89,False,43
0.022391,0.05,0.0,0.0234,38.77,True,43
0.022391,0.08,0.0,0.0234,39.36,True,43
0.022391,0.1,0.0,0.0234,39.62,True,43
0.022391,0.12,0.0,0.0286,40.14,False,43
0.022391,0.15,0.0,0.033,41.75,False,43
0.022391,0.18,0.0,0.033,45.04,False,43
0.022391,0.2,0.0,0.033,45.74,False,43
0.022391,0.25,0.0,0.0347,46.94,False,43
0.022391,0.3,0.0,0.0417,49.01,False,43
0.022391,0.35,0.0,0.046,49.95,False,43
0.022391,0.4,0.0,0.0503,51.79,False,43
0.022391,0.5,0.0,0.0538,56.78,False,43
0.022391,0.7,0.0,0.0538,63.82,False,43
0.023456,0.05,0.0,0.0234,39.91,True,43
0.023456,0.08,0.0,0.0234,40.56,True,43
0.023456,0.1,0.0,0.0234,40.85,True,43
0.023456,0.12,0.0,0.0295,41.4,False,43
0.023456,0.15,0.0,0.0339,43.14,False,43
0.023456,0.18,0.0,0.0347,46.57,False,43
0.023456,0.2,0.0,0.0347,47.36,False,43
0.023456,0.25,0.0,0.0365,48.59,False,43
0.023456,0.3,0.0,0.0434,50.63,False,43
0.023456,0.35,0.0,0.0503,51.6,False,43
0.023456,0.4,0.0,0.0547,53.48,False,43
0.023456,0.5,0.0,0.0582,58.53,False,43
0.023456,0.7,0.0,0.0582,65.74,False,43
0.024448,0.05,0.0,0.0234,41.09,True,43
0.024448,0.08,0.0,0.0252,41.85,True,43
0.024448,0.1,0.0,0.0252,42.07,True,43
0.024448,0.12,0.0,0.033,42.62,False,43
0.024448,0.15,0.0,0.0373,44.42,False,43
0.024448,0.18,0.0,0.0382,47.99,False,43
0.024448,0.2,0.0,0.0391,48.84,False,43
0.024448,0.25,0.0,0.046,50.15,False,43
0.024448,0.3,0.0,0.053,52.29,False,43
0.024448,0.35,0.0,0.0599,53.27,False,43
0.024448,0.4,0.0,0.066,55.24,False,43
0.024448,0.5,0.0,0.0694,60.46,False,43
0.024448,0.7,0.0,0.0694,67.79,False,43
0.025597,0.05,0.0,0.0234,42.05,True,43
0.025597,0.08,0.0,0.0269,42.84,True,43
0.025597,0.1,0.0,0.0269,43.06,True,43
0.025597,0.12,0.0,0.0356,43.66,False,43
0.025597,0.15,0.0,0.0469,45.59,False,43
0.025597,0.18,0.0,0.053,49.37,False,43
0.025597,0.2,0.0,0.0538,50.31,False,43
0.025597,0.25,0.0,0.0599,51.69,False,43
0.025597,0.3,0.0,0.0651,53.84,False,43
0.025597,0.35,0.0,0.072,54.89,False,43
0.025597,0.4,0.0,0.0781,56.86,False,43
0.025597,0.5,0.0,0.0833,62.18,False,43
0.025597,0.7,0.0,0.0833,69.84,False,43
0.026657,0.05,0.0,0.0252,43.1,True,43
0.026657,0.08,0.0,0.0313,43.94,False,43
0.026657,0.1,0.0,0.033,44.2,False,43
0.026657,0.12,0.0,0.0417,44.84,False,43
0.026657,0.15,0.0,0.0634,47.01,False,43
0.026657,0.18,0.0,0.0694,51.01,False,43
0.026657,0.2,0.0,0.0729,51.94,False,43
0.026657,0.25,0.0,0.0816,53.45,False,43
0.026657,0.3,0.0,0.0851,55.64,False,43
0.026657,0.35,0.0,0.0877,56.68,False,43
0.026657,0.4,0.0,0.0903,58.71,False,43
0.026657,0.5,0.0,0.0955,64.24,False,43
0.026657,0.7,0.0,0.0955,71.85,False,43
0.027771,0.05,0.0,0.0278,44.26,True,43
0.027771,0.08,0.0,0.0339,45.11,False,43
0.027771,0.1,0.0,0.0382,45.43,False,43
0.027771,0.12,0.0,0.0469,46.07,False,43
0.027771,0.15,0.0,0.0677,48.31,False,43
0.027771,0.18,0.0,0.0738,52.53,False,43
0.027771,0.2,0.0,0.0747,53.54,False,43
0.027771,0.25,0.0,0.0842,55.07,False,43
0.027771,0.3,0.0,0.0877,57.33,False,43
0.027771,0.35,0.0,0.0903,58.36,False,43
0.027771,0.4,0.0,0.0929,60.43,False,43
0.027771,0.5,0.0,0.0964,66.01,False,43
0.027771,0.7,0.0,0.0964,73.88,False,43
0.029071,0.05,0.0,0.0278,45.51,True,43
0.029071,0.08,0.0,0.0339,46.4,False,43
0.029071,0.1,0.0,0.0382,46.72,False,43
0.029071,0.12,0.0,0.0486,47.38,False,43
0.029071,0.15,0.0,0.0694,49.64,False,43
0.029071,0.18,0.0,0.0764,54.15,False,43
0.029071,0.2,0.0,0.0773,55.18,False,43
0.029071,0.25,0.0,0.0859,56.79,False,43
0.029071,0.3,0.0,0.0894,59.04,False,43
0.029071,0.35,0.0,0.092,60.04,False,43
0.029071,0.4,0.0,0.0946,62.26,False,43
0.029071,0.5,0.0,0.0981,68.02,False,43
0.029071,0.7,0.0,0.0981,75.83,False,43
0.030513,0.05,0.0,0.0295,46.61,False,43
0.030513,0.08,0.0,0.0356,47.51,False,43
0.030513,0.1,0.0,0.0425,47.86,False,43
0.030513,0.12,0.0,0.0582,48.58,False,43
0.030513,0.15,0.0,0.0851,51.04,False,43
0.030513,0.18,0.0,0.0885,55.85,False,43
0.030513,0.2,0.0,0.0894,57.12,False,43
0.030513,0.25,0.0,0.1007,58.75,False,43
0.030513,0.3,0.0,0.1042,61.48,False,43
0.030513,0.35,0.0,0.1094,62.79,False,43
0.030513,0.4,0.0,0.112,64.74,False,43
0.030513,0.5,0.0,0.1155,70.37,False,43
0.030513,0.7,0.0,0.1155,77.94,False,43
0.031974,0.05,0.0,0.0304,47.68,False,43
0.031974,0.08,0.0,0.0365,48.58,False,43
0.031974,0.1,0.0,0.0434,48.92,False,43
0.031974,0.12,0.0,0.0582,49.71,False,43
0.031974,0.15,0.0,0.0894,52.37,False,43
0.031974,0.18,0.0,0.0938,57.7,False,43
0.031974,0.2,0.0,0.0946,59.05,False,43
0.031974,0.25,0.0,0.1085,60.66,False,43
0.031974,0.3,0.0,0.1163,63.6,False,43
0.031974,0.35,0.0,0.1189,65.44,False,43
0.031974,0.4,0.0,0.1198,67.21,False,43
0.031974,0.5,0.0,0.1233,72.96,False,43
0.031974,0.7,0.0,0.1233,79.93,False,43
0.033894,0.05,0.0,0.0304,48.77,False,43
0.033894,0.08,0.0,0.0443,49.75,False,43
0.033894,0.1,0.0,0.0547,50.11,False,43
0.033894,0.12,0.0,0.0764,51.03,False,43
0.033894,0.15,0.0,0.1181,53.88,False,43
0.033894,0.18,0.0,0.1224,59.39,False,43
0.033894,0.2,0.0,0.1233,60.77,False,43
0.033894,0.25,0.0,0.1398,62.51,False,43
0.033894,0.3,0.0,0.1458,65.69,False,43
0.033894,0.35,0.0,0.1484,67.6,False,43
0.033894,0.4,0.0,0.1493,69.32,False,43
0.033894,0.5,0.0,0.1545,75.11,False,43
0.033894,0.7,0.0,0.1432,82.03,False,43
0.035989,0.05,0.0,0.0339,50.04,False,43
0.035989,0.08,0.0,0.0477,51.02,False,43
0.035989,0.1,0.0,0.0608,51.48,False,43
0.035989,0.12,0.0,0.0859,52.47,False,43
0.035989,0.15,0.0,0.1354,55.44,False,43
0.035989,0.18,0.0,0.1406,61.2,False,43
0.035989,0.2,0.0,0.1415,63.09,False,43
0.035989,0.25,0.0,0.1554,64.85,False,43
0.035989,0.3,0.0,0.1597,68.38,False,43
0.035989,0.35,0.0,0.1623,70.03,False,43
0.035989,0.4,0.0,0.1632,71.75,False,43
0.035989,0.5,0.0,0.1641,77.76,False,43
0.035989,0.7,0.0,0.1493,84.23,False,43
0.038662,0.05,0.0,0.0365,51.34,False,43
0.038662,0.08,0.0,0.0503,52.37,False,43
0.038662,0.1,0.0,0.0634,52.82,False,43
0.038662,0.12,0.0,0.0885,53.85,False,43
0.038662,0.15,0.0,0.1432,57.21,False,43
0.038662,0.18,0.0,0.1528,63.52,False,43
0.038662,0.2,0.0,0.1597,65.49,False,43
0.038662,0.25,0.0,0.1736,67.28,False,43
0.038662,0.3,0.0,0.1806,70.82,False,43
0.038662,0.35,0.0,0.1832,72.92,False,43
0.038662,0.4,0.0,0.184,74.26,False,43
0.038662,0.5,0.0,0.1849,79.94,False,43
0.038662,0.7,0.0,0.1701,86.33,False,43
0.041856,0.05,0.0,0.0842,53.57,False,43
0.041856,0.08,0.0,0.105,54.55,False,43
0.041856,0.1,0.0,0.1128,54.89,False,43
0.041856,0.12,0.0,0.151,56.01,False,43
0.041856,0.15,0.0,0.1962,59.31,False,43
0.041856,0.18,0.0,0.2014,65.97,False,43
0.041856,0.2,0.0,0.2127,68.18,False,43
0.041856,0.25,0.0,0.2248,70.18,False,43
0.041856,0.3,0.0,0.2266,73.78,False,43
0.041856,0.35,0.0,0.23,75.61,False,43
0.041856,0.4,0.0,0.2309,76.94,False,43
0.041856,0.5,0.0,0.2066,82.59,False,43
0.041856,0.7,0.0,0.1884,88.51,False,43
0.046248,0.05,0.0,0.1424,55.82,False,43
0.046248,0.08,0.0,0.1701,56.86,False,43
0.046248,0.1,0.0,0.178,57.14,False,43
0.046248,0.12,0.0,0.2387,58.41,False,43
0.046248,0.15,0.0,0.2786,61.67,False,43
0.046248,0.18,0.0,0.2821,68.76,False,43
0.046248,0.2,0.0,0.2865,70.75,False,43
0.046248,0.25,0.0,0.3047,72.76,False,43
0.046248,0.3,0.0,0.3064,76.79,False,43
0.046248,0.35,0.0,0.3151,78.8,False,43
0.046248,0.4,0.0,0.3177,80.08,False,43
0.046248,0.5,0.0,0.2769,85.2,False,43
0.046248,0.7,0.0,0.2587,90.63,False,43
0.015234,0.05,0.0,0.0382,28.59,True,44
0.015234,0.08,0.0,0.0382,28.61,True,44
0.015234,0.1,0.0,0.0417,29.23,True,44
0.015234,0.12,0.0,0.0417,29.53,True,44
0.015234,0.15,0.0,0.0417,29.83,True,44
0.015234,0.18,0.0,0.0417,30.05,True,44
0.015234,0.2,0.0,0.0434,30.15,True,44
0.015234,0.25,0.0,0.0495,30.36,False,44
0.015234,0.3,0.0,0.053,30.46,False,44
0.015234,0.35,0.0,0.0547,30.58,False,44
0.015234,0.4,0.0,0.0642,31.06,False,44
0.015234,0.5,0.0,0.0694,34.34,False,44
0.015234,0.7,0.0,0.0694,40.32,False,44
0.015925,0.05,0.0,0.0382,29.68,True,44
0.015925,0.08,0.0,0.0382,29.7,True,44
0.015925,0.1,0.0,0.0417,30.34,True,44
0.015925,0.12,0.0,0.0417,30.66,True,44
0.015925,0.15,0.0,0.0417,31.0,True,44
0.015925,0.18,0.0,0.0417,31.22,True,44
0.015925,0.2,0.0,0.0434,31.32,True,44
0.015925,0.25,0.0,0.0495,31.54,False,44
0.015925,0.3,0.0,0.053,31.65,False,44
0.015925,0.35,0.0,0.0547,31.77,False,44
0.015925,0.4,0.0,0.0642,32.26,False,44
0.015925,0.5,0.0,0.0694,35.64,False,44
0.015925,0.7,0.0,0.0694,41.95,False,44
0.016591,0.05,0.0,0.0382,30.68,True,44
0.016591,0.08,0.0,0.0382,30.7,True,44
0.016591,0.1,0.0,0.0417,31.37,True,44
0.016591,0.12,0.0,0.0417,31.7,True,44
0.016591,0.15,0.0,0.0417,32.08,True,44
0.016591,0.18,0.0,0.0425,32.31,True,44
0.016591,0.2,0.0,0.0443,32.43,True,44
0.016591,0.25,0.0,0.0503,32.66,False,44
0.016591,0.3,0.0,0.0538,32.77,False,44
0.016591,0.35,0.0,0.0556,32.89,False,44
0.016591,0.4,0.0,0.066,33.4,False,44
0.016591,0.5,0.0,0.0712,36.99,False,44
0.016591,0.7,0.0,0.0712,43.44,False,44
0.017363,0.05,0.0,0.0382,31.59,True,44
0.017363,0.08,0.0,0.0382,31.62,True,44
0.017363,0.1,0.0,0.0417,32.31,True,44
0.017363,0.12,0.0,0.0417,32.65,True,44
0.017363,0.15,0.0,0.0417,33.05,True,44
0.017363,0.18,0.0,0.0425,33.29,True,44
0.017363,0.2,0.0,0.0443,33.41,True,44
0.017363,0.25,0.0,0.0503,33.65,False,44
0.017363,0.3,0.0,0.0547,33.77,False,44
0.017363,0.35,0.0,0.059,33.91,False,44
0.017363,0.4,0.0,0.0694,34.44,False,44
0.017363,0.5,0.0,0.0747,38.24,False,44
0.017363,0.7,0.0,0.0747,45.07,False,44
0.018155,0.05,0.0,0.0382,32.73,True,44
0.018155,0.08,0.0,0.0382,32.77,True,44
0.018155,0.1,0.0,0.0417,33.51,True,44
0.018155,0.12,0.0,0.0417,33.87,True,44
0.018155,0.15,0.0,0.0417,34.26,True,44
0.018155,0.18,0.0,0.0425,34.53,True,44
0.018155,0.2,0.0,0.0443,34.66,True,44
0.018155,0.25,0.0,0.0503,34.9,False,44
0.018155,0.3,0.0,0.0547,35.0,False,44
0.018155,0.35,0.0,0.0608,35.16,False,44
0.018155,0.4,0.0,0.0712,35.7,False,44
0.018155,0.5,0.0,0.0781,39.7,False,44
0.018155,0.7,0.0,0.0781,46.85,False,44
0.018999,0.05,0.0,0.0382,33.95,True,44
0.018999,0.08,0.0,0.0382,33.99,True,44
0.018999,0.1,0.0,0.0417,34.77,True,44
0.018999,0.12,0.0,0.0417,35.14,True,44
0.018999,0.15,0.0,0.0417,35.53,True,44
0.018999,0.18,0.0,0.0434,35.81,True,44
0.018999,0.2,0.0,0.0451,35.96,True,44
0.018999,0.25,0.0,0.0512,36.19,False,44
0.018999,0.3,0.0,0.0556,36.3,False,44
0.018999,0.35,0.0,0.0616,36.45,False,44
0.018999,0.4,0.0,0.0738,37.04,False,44
0.018999,0.5,0.0,0.0799,41.25,False,44
0.018999,0.7,0.0,0.0799,48.62,False,44
0.019785,0.05,0.0,0.0382,34.96,True,44
0.019785,0.08,0.0,0.0382,35.0,True,44
0.019785,0.1,0.0,0.0417,35.8,True,44
0.019785,0.12,0.0,0.0417,36.19,True,44
0.019785,0.15,0.0,0.0417,36.63,True,44
0.019785,0.18,0.0,0.0434,36.92,True,44
0.019785,0.2,0.0,0.0451,37.05,True,44
0.019785,0.25,0.0,0.0521,37.31,False,44
0.019785,0.3,0.0,0.0564,37.42,False,44
0.019785,0.35,0.0,0.0625,37.58,False,44
0.019785,0.4,0.0,0.0747,38.23,False,44
0.019785,0.5,0.0,0.0825,42.67,False,44
0.019785,0.7,0.0,0.0825,50.33,False,44
0.020641,0.05,0.0,0.0382,36.08,True,44
0.020641,0.08,0.0,0.0382,36.12,True,44
0.020641,0.1,0.0,0.0434,37.01,True,44
0.020641,0.12,0.0,0.0434,37.39,True,44
0.020641,0.15,0.0,0.0434,37.85,True,44
0.020641,0.18,0.0,0.0434,38.11,True,44
0.020641,0.2,0.0,0.0451,38.24,True,44
0.020641,0.25,0.0,0.0521,38.47,False,44
0.020641,0.3,0.0,0.0564,38.56,False,44
0.020641,0.35,0.0,0.0634,38.72,False,44
0.020641,0.4,0.0,0.0755,39.38,False,44
0.020641,0.5,0.0,0.0851,43.99,False,44
0.020641,0.7,0.0,0.0851,51.96,False,44
0.021556,0.05,0.0,0.0382,37.2,True,44
0.021556,0.08,0.0,0.0382,37.24,True,44
0.021556,0.1,0.0,0.0434,38.15,True,44
0.021556,0.12,0.0,0.0434,38.56,True,44
0.021556,0.15,0.0,0.0434,39.04,True,44
0.021556,0.18,0.0,0.0434,39.33,True,44
0.021556,0.2,0.0,0.0451,39.46,True,44
0.021556,0.25,0.0,0.053,39.7,False,44
0.021556,0.3,0.0,0.0573,39.79,False,44
0.021556,0.35,0.0,0.0642,39.93,False,44
0.021556,0.4,0.0,0.0764,40.58,False,44
0.021556,0.5,0.0,0.0859,45.47,False,44
0.021556,0.7,0.0,0.0859,53.63,False,44
0.022496,0.05,0.0,0.0382,38.25,True,44
0.022496,0.08,0.0,0.0382,38.29,True,44
0.022496,0.1,0.0,0.0443,39.23,True,44
0.022496,0.12,0.0,0.0443,39.68,True,44
0.022496,0.15,0.0,0.0443,40.21,True,44
0.022496,0.18,0.0,0.0443,40.5,True,44
0.022496,0.2,0.0,0.046,40.61,False,44
0.022496,0.25,0.0,0.0547,40.85,False,44
0.022496,0.3,0.0,0.059,40.94,False,44
0.022496,0.35,0.0,0.066,41.08,False,44
0.022496,0.4,0.0,0.079,41.79,False,44
0.022496,0.5,0.0,0.0903,46.88,False,44
0.022496,0.7,0.0,0.0903,55.23,False,44
0.023503,0.05,0.0,0.0382,39.46,True,44
0.023503,0.08,0.0,0.0382,39.5,True,44
0.023503,0.1,0.0,0.0443,40.48,True,44
0.023503,0.12,0.0,0.0443,40.95,True,44
0.023503,0.15,0.0,0.0443,41.5,True,44
0.023503,0.18,0.0,0.0443,41.78,True,44
0.023503,0.2,0.0,0.0477,41.87,False,44
0.023503,0.25,0.0,0.0582,42.17,False,44
0.023503,0.3,0.0,0.0625,42.27,False,44
0.023503,0.35,0.0,0.0694,42.41,False,44
0.023503,0.4,0.0,0.0825,43.11,False,44
0.023503,0.5,0.0,0.0972,48.42,False,44
0.023503,0.7,0.0,0.0972,57.08,False,44
0.024445,0.05,0.0,0.0382,40.56,True,44
0.024445,0.08,0.0,0.0382,40.64,True,44
0.024445,0.1,0.0,0.0443,41.65,True,44
0.024445,0.12,0.0,0.0443,42.13,True,44
0.024445,0.15,0.0,0.0443,42.73,True,44
0.024445,0.18,0.0,0.0443,42.99,True,44
0.024445,0.2,0.0,0.0477,43.08,False,44
0.024445,0.25,0.0,0.0582,43.39,False,44
0.024445,0.3,0.0,0.0625,43.49,False,44
0.024445,0.35,0.0,0.0694,43.63,False,44
0.024445,0.4,0.0,0.0825,44.34,False,44
0.024445,0.5,0.0,0.0972,49.95,False,44
0.024445,0.7,0.0,0.0972,58.86,False,44
0.025589,0.05,0.0,0.0391,41.69,True,44
0.025589,0.08,0.0,0.0391,41.76,True,44
0.025589,0.1,0.0,0.0469,42.91,False,44
0.025589,0.12,0.0,0.0469,43.36,False,44
0.025589,0.15,0.0,0.0469,43.95,False,44
0.025589,0.18,0.0,0.0477,44.23,False,44
0.025589,0.2,0.0,0.0512,44.32,False,44
0.025589,0.25,0.0,0.0608,44.64,False,44
0.025589,0.3,0.0,0.0642,44.74,False,44
0.025589,0.35,0.0,0.072,44.89,False,44
0.025589,0.4,0.0,0.0851,45.62,False,44
0.025589,0.5,0.0,0.0998,51.61,False,44
0.025589,0.7,0.0,0.0998,60.66,False,44
0.026831,0.05,0.0,0.0391,42.75,True,44
0.026831,0.08,0.0,0.0391,42.8,True,44
0.026831,0.1,0.0,0.0469,43.96,False,44
0.026831,0.12,0.0,0.0469,44.43,False,44
0.026831,0.15,0.0,0.0469,45.03,False,44
0.026831,0.18,0.0,0.0477,45.31,False,44
0.026831,0.2,0.0,0.0512,45.41,False,44
0.026831,0.25,0.0,0.0625,45.76,False,44
0.026831,0.3,0.0,0.0712,45.92,False,44
0.026831,0.35,0.0,0.0799,46.08,False,44
0.026831,0.4,0.0,0.0964,46.86,False,44
0.026831,0.5,0.0,0.1137,53.24,False,44
0.026831,0.7,0.0,0.1137,62.64,False,44
0.028085,0.05,0.0,0.0391,43.96,True,44
0.028085,0.08,0.0,0.0391,44.01,True,44
0.028085,0.1,0.0,0.0469,45.2,False,44
0.028085,0.12,0.0,0.0486,45.72,False,44
0.028085,0.15,0.0,0.0495,46.35,False,44
0.028085,0.18,0.0,0.0503,46.62,False,44
0.028085,0.2,0.0,0.0538,46.72,False,44
0.028085,0.25,0.0,0.0651,47.06,False,44
0.028085,0.3,0.0,0.0781,47.22,False,44
0.028085,0.35,0.0,0.0868,47.39,False,44
0.028085,0.4,0.0,0.105,48.23,False,44
0.028085,0.5,0.0,0.1233,54.87,False,44
0.028085,0.7,0.0,0.1233,64.74,False,44
0.029534,0.05,0.0,0.0391,45.06,True,44
0.029534,0.08,0.0,0.0391,45.11,True,44
0.029534,0.1,0.0,0.0495,46.41,False,44
0.029534,0.12,0.0,0.0582,46.99,False,44
0.029534,0.15,0.0,0.059,47.64,False,44
0.029534,0.18,0.0,0.0634,47.97,False,44
0.029534,0.2,0.0,0.066,48.06,False,44
0.029534,0.25,0.0,0.0773,48.4,False,44
0.029534,0.3,0.0,0.0903,48.56,False,44
0.029534,0.35,0.0,0.099,48.71,False,44
0.029534,0.4,0.0,0.1181,49.5,False,44
0.029534,0.5,0.0,0.1293,56.72,False,44
0.029534,0.7,0.0,0.1293,66.83,False,44
0.031081,0.05,0.0,0.0391,45.91,True,44
0.031081,0.08,0.0,0.0391,45.95,True,44
0.031081,0.1,0.0,0.0547,47.41,False,44
0.031081,0.12,0.0,0.0634,48.0,False,44
0.031081,0.15,0.0,0.0747,48.8,False,44
0.031081,0.18,0.0,0.079,49.15,False,44
0.031081,0.2,0.0,0.0816,49.22,False,44
0.031081,0.25,0.0,0.0929,49.57,False,44
0.031081,0.3,0.0,0.1059,49.74,False,44
0.031081,0.35,0.0,0.1137,49.85,False,44
0.031081,0.4,0.0,0.1432,50.73,False,44
0.031081,0.5,0.0,0.1545,58.44,False,44
0.031081,0.7,0.0,0.1545,68.62,False,44
0.032689,0.05,0.0,0.0451,47.1,True,44
0.032689,0.08,0.0,0.0451,47.18,True,44
0.032689,0.1,0.0,0.066,48.76,False,44
0.032689,0.12,0.0,0.0747,49.36,False,44
0.032689,0.15,0.0,0.0911,50.22,False,44
0.032689,0.18,0.0,0.0972,50.52,False,44
0.032689,0.2,0.0,0.1016,50.61,False,44
0.032689,0.25,0.0,0.1146,50.9,False,44
0.032689,0.3,0.0,0.1233,51.03,False,44
0.032689,0.35,0.0,0.1311,51.14,False,44
0.032689,0.4,0.0,0.1649,52.08,False,44
0.032689,0.5,0.0,0.1753,60.58,False,44
0.032689,0.7,0.0,0.1745,70.83,False,44
0.034475,0.05,0.0,0.0486,48.34,False,44
0.034475,0.08,0.0,0.0486,48.41,False,44
0.034475,0.1,0.0,0.0842,50.21,False,44
0.034475,0.12,0.0,0.0859,50.75,False,44
0.034475,0.15,0.0,0.1059,51.65,False,44
0.034475,0.18,0.0,0.112,51.94,False,44
0.034475,0.2,0.0,0.1181,52.04,False,44
0.034475,0.25,0.0,0.1319,52.36,False,44
0.034475,0.3,0.0,0.1389,52.47,False,44
0.034475,0.35,0.0,0.1467,52.56,False,44
0.034475,0.4,0.0,0.1997,53.61,False,44
0.034475,0.5,0.0,0.2092,62.59,False,44
0.034475,0.7,0.0,0.2083,73.05,False,44
0.036605,0.05,0.0,0.0538,49.5,False,44
0.036605,0.08,0.0,0.0538,49.57,False,44
0.036605,0.1,0.0,0.0938,51.53,False,44
0.036605,0.12,0.0,0.0955,52.08,False,44
0.036605,0.15,0.0,0.1181,52.99,False,44
0.036605,0.18,0.0,0.1267,53.29,False,44
0.036605,0.2,0.0,0.1276,53.33,False,44
0.036605,0.25,0.0,0.1415,53.67,False,44
0.036605,0.3,0.0,0.1458,53.73,False,44
0.036605,0.35,0.0,0.1536,53.82,False,44
0.036605,0.4,0.0,0.2101,54.91,False,44
0.036605,0.5,0.0,0.2231,65.1,False,44
0.036605,0.7,0.0,0.2222,75.84,False,44
0.039318,0.05,0.0,0.0686,50.95,False,44
0.039318,0.08,0.0,0.0686,51.03,False,44
0.039318,0.1,0.0,0.1146,53.0,False,44
0.039318,0.12,0.0,0.1163,53.47,False,44
0.039318,0.15,0.0,0.1415,54.4,False,44
0.039318,0.18,0.0,0.1502,54.74,False,44
0.039318,0.2,0.0,0.151,54.78,False,44
0.039318,0.25,0.0,0.1649,55.08,False,44
0.039318,0.3,0.0,0.1701,55.14,False,44
0.039318,0.35,0.0,0.1806,55.24,False,44
0.039318,0.4,0.0,0.2569,56.5,False,44
0.039318,0.5,0.0,0.2656,67.18,False,44
0.039318,0.7,0.0,0.2656,78.23,False,44
0.042091,0.05,0.0,0.0998,53.04,False,44
0.042091,0.08,0.0,0.0998,53.11,False,44
0.042091,0.1,0.0,0.1623,54.99,False,44
0.042091,0.12,0.0,0.1649,55.45,False,44
0.042091,0.15,0.0,0.1962,56.34,False,44
0.042091,0.18,0.0,0.2049,56.64,False,44
0.042091,0.2,0.0,0.2066,56.67,False,44
0.042091,0.25,0.0,0.2283,57.01,False,44
0.042091,0.3,0.0,0.2335,57.06,False,44
0.042091,0.35,0.0,0.2457,57.16,False,44
0.042091,0.4,0.0,0.3238,58.39,False,44
0.042091,0.5,0.0,0.3377,69.2,False,44
0.042091,0.7,0.0,0.3377,81.49,False,44
0.046166,0.05,0.0,0.1476,55.24,False,44
0.046166,0.08,0.0,0.1476,55.24,False,44
0.046166,0.1,0.0,0.2509,57.37,False,44
0.046166,0.12,0.0,0.2509,57.68,False,44
0.046166,0.15,0.0,0.2986,58.54,False,44
0.046166,0.18,0.0,0.3012,58.75,False,44
0.046166,0.2,0.0,0.303,58.77,False,44
0.046166,0.25,0.0,0.3108,58.98,False,44
0.046166,0.3,0.0,0.322,59.07,False,44
0.046166,0.35,0.0,0.3533,59.31,False,44
0.046166,0.4,0.0,0.441,60.58,False,44
0.046166,0.5,0.0,0.4531,71.57,False,44
0.046166,0.7,0.0,0.4184,84.28,False,44
0.015638,0.05,0.0,0.1936,34.93,True,45
0.015638,0.08,0.0,0.1936,36.2,True,45
0.015638,0.1,0.0,0.1945,36.65,True,45
0.015638,0.12,0.0,0.1963,37.21,True,45
0.015638,0.15,0.0,0.198,37.77,True,45
0.015638,0.18,0.0,0.2225,38.59,True,45
0.015638,0.2,0.0,0.2278,39.12,True,45
0.015638,0.25,0.0,0.2313,40.22,True,45
0.015638,0.3,0.0,0.2365,41.27,False,45
0.015638,0.35,0.0,0.247,43.08,False,45
0.015638,0.4,0.0,0.2488,43.82,False,45
0.015638,0.5,0.0,0.1953,44.66,True,45
0.015638,0.7,0.0,0.1797,46.01,True,45
0.016302,0.05,0.0,0.1936,36.18,True,45
0.016302,0.08,0.0,0.1936,37.51,True,45
0.016302,0.1,0.0,0.1963,37.99,True,45
0.016302,0.12,0.0,0.1963,38.58,True,45
0.016302,0.15,0.0,0.198,39.18,True,45
0.016302,0.18,0.0,0.2234,40.02,True,45
0.016302,0.2,0.0,0.2286,40.6,True,45
0.016302,0.25,0.0,0.2321,41.8,True,45
0.016302,0.3,0.0,0.2391,42.89,False,45
0.016302,0.35,0.0,0.2505,44.78,False,45
0.016302,0.4,0.0,0.2523,45.55,False,45
0.016302,0.5,0.0,0.1988,46.41,True,45
0.016302,0.7,0.0,0.1832,47.82,True,45
0.016981,0.05,0.0,0.1936,37.56,True,45
0.016981,0.08,0.0,0.1963,38.98,True,45
0.016981,0.1,0.0,0.1971,39.46,True,45
0.016981,0.12,0.0,0.198,40.08,True,45
0.016981,0.15,0.0,0.2006,40.71,True,45
0.016981,0.18,0.0,0.226,41.59,True,45
0.016981,0.2,0.0,0.2313,42.2,True,45
0.016981,0.25,0.0,0.2348,43.44,False,45
0.016981,0.3,0.0,0.2435,44.57,False,45
0.016981,0.35,0.0,0.2549,46.61,False,45
0.016981,0.4,0.0,0.2567,47.38,False,45
0.016981,0.5,0.0,0.2031,48.28,True,45
0.016981,0.7,0.0,0.1875,49.75,True,45
0.017801,0.05,0.0,0.1936,39.04,True,45
0.017801,0.08,0.0,0.1963,40.52,True,45
0.017801,0.1,0.0,0.1971,41.0,True,45
0.017801,0.12,0.0,0.198,41.65,True,45
0.017801,0.15,0.0,0.2006,42.26,True,45
0.017801,0.18,0.0,0.226,43.19,True,45
0.017801,0.2,0.0,0.2313,43.78,True,45
0.017801,0.25,0.0,0.2348,45.03,False,45
0.017801,0.3,0.0,0.2435,46.21,False,45
0.017801,0.35,0.0,0.2549,48.29,False,45
0.017801,0.4,0.0,0.2567,49.16,False,45
0.017801,0.5,0.0,0.2031,50.02,True,45
0.017801,0.7,0.0,0.1875,51.57,True,45
0.018573,0.05,0.0,0.1936,40.48,True,45
0.018573,0.08,0.0,0.1963,42.03,True,45
0.018573,0.1,0.0,0.1971,42.59,True,45
0.018573,0.12,0.0,0.198,43.23,True,45
0.018573,0.15,0.0,0.2006,43.86,True,45
0.018573,0.18,0.0,0.226,44.84,True,45
0.018573,0.2,0.0,0.2313,45.42,True,45
0.018573,0.25,0.0,0.2356,46.79,False,45
0.018573,0.3,0.0,0.2444,48.03,False,45
0.018573,0.35,0.0,0.2558,50.13,False,45
0.018573,0.4,0.0,0.2567,51.03,False,45
0.018573,0.5,0.0,0.2031,51.92,True,45
0.018573,0.7,0.0,0.1875,53.45,True,45
0.019239,0.05,0.0,0.1936,41.85,True,45
0.019239,0.08,0.0,0.1963,43.45,True,45
0.019239,0.1,0.0,0.1971,44.02,True,45
0.019239,0.12,0.0,0.1998,44.74,True,45
0.019239,0.15,0.0,0.2024,45.39,True,45
0.019239,0.18,0.0,0.2278,46.37,True,45
0.019239,0.2,0.0,0.233,46.97,False,45
0.019239,0.25,0.0,0.2374,48.44,False,45
0.019239,0.3,0.0,0.2461,49.72,False,45
0.019239,0.35,0.0,0.2575,51.86,False,45
0.019239,0.4,0.0,0.2584,52.74,False,45
0.019239,0.5,0.0,0.2057,53.66,True,45
0.019239,0.7,0.0,0.1901,55.3,True,45
0.020048,0.05,0.0,0.1936,43.11,True,45
0.020048,0.08,0.0,0.1963,44.76,True,45
0.020048,0.1,0.0,0.1971,45.4,True,45
0.020048,0.12,0.0,0.1998,46.15,True,45
0.020048,0.15,0.0,0.2024,46.91,True,45
0.020048,0.18,0.0,0.2278,47.93,True,45
0.020048,0.2,0.0,0.233,48.55,False,45
0.020048,0.25,0.0,0.2409,50.11,False,45
0.020048,0.3,0.0,0.2496,51.4,False,45
0.020048,0.35,0.0,0.2593,53.6,False,45
0.020048,0.4,0.0,0.2602,54.47,False,45
0.020048,0.5,0.0,0.2645,55.48,False,45
0.020048,0.7,0.0,0.2496,57.1,False,45
0.020916,0.05,0.0,0.1936,44.47,True,45
0.020916,0.08,0.0,0.1963,46.19,True,45
0.020916,0.1,0.0,0.1971,46.85,True,45
0.020916,0.12,0.0,0.1998,47.63,True,45
0.020916,0.15,0.0,0.2033,48.4,True,45
0.020916,0.18,0.0,0.2286,49.51,True,45
0.020916,0.2,0.0,0.2339,50.15,False,45
0.020916,0.25,0.0,0.2453,51.74,False,45
0.020916,0.3,0.0,0.254,53.07,False,45
0.020916,0.35,0.0,0.2637,55.34,False,45
0.020916,0.4,0.0,0.2645,56.26,False,45
0.020916,0.5,0.0,0.2724,57.33,False,45
0.020916,0.7,0.0,0.2575,58.96,False,45
0.021814,0.05,0.0,0.1936,45.81,True,45
0.021814,0.08,0.0,0.1963,47.59,True,45
0.021814,0.1,0.0,0.1971,48.28,True,45
0.021814,0.12,0.0,0.2006,49.13,True,45
0.021814,0.15,0.0,0.205,49.95,True,45
0.021814,0.18,0.0,0.2304,51.05,True,45
0.021814,0.2,0.0,0.2356,51.7,False,45
0.021814,0.25,0.0,0.2461,53.34,False,45
0.021814,0.3,0.0,0.2558,54.71,False,45
0.021814,0.35,0.0,0.2663,57.11,False,45
0.021814,0.4,0.0,0.2672,58.03,False,45
0.021814,0.5,0.0,0.275,59.13,False,45
0.021814,0.7,0.0,0.2602,60.78,False,45
0.022755,0.05,0.0,0.1936,47.22,True,45
0.022755,0.08,0.0,0.1963,49.06,True,45
0.022755,0.1,0.0,0.198,49.77,True,45
0.022755,0.12,0.0,0.2015,50.6,True,45
0.022755,0.15,0.0,0.2059,51.59,True,45
0.022755,0.18,0.0,0.233,52.64,False,45
0.022755,0.2,0.0,0.2383,53.37,False,45
0.022755,0.25,0.0,0.2488,55.06,False,45
0.022755,0.3,0.0,0.2584,56.42,False,45
0.022755,0.35,0.0,0.268,58.86,False,45
0.022755,0.4,0.0,0.2689,59.88,False,45
0.022755,0.5,0.0,0.2768,60.99,False,45
0.022755,0.7,0.0,0.2619,62.62,False,45
0.023834,0.05,0.0,0.1936,48.59,True,45
0.023834,0.08,0.0,0.198,50.55,True,45
0.023834,0.1,0.0,0.2006,51.32,True,45
0.023834,0.12,0.0,0.2076,52.22,True,45
0.023834,0.15,0.0,0.2129,53.21,True,45
0.023834,0.18,0.0,0.2383,54.22,False,45
0.023834,0.2,0.0,0.2435,54.95,False,45
0.023834,0.25,0.0,0.2549,56.75,False,45
0.023834,0.3,0.0,0.2654,58.21,False,45
0.023834,0.35,0.0,0.2724,60.74,False,45
0.023834,0.4,0.0,0.2733,61.73,False,45
0.023834,0.5,0.0,0.282,62.85,False,45
0.023834,0.7,0.0,0.2496,64.53,False,45
0.024827,0.05,0.0,0.2015,50.01,True,45
0.024827,0.08,0.0,0.2068,52.02,True,45
0.024827,0.1,0.0,0.212,52.95,True,45
0.024827,0.12,0.0,0.219,53.81,True,45
0.024827,0.15,0.0,0.2243,54.85,True,45
0.024827,0.18,0.0,0.2479,55.93,False,45
0.024827,0.2,0.0,0.2549,56.7,False,45
0.024827,0.25,0.0,0.2663,58.6,False,45
0.024827,0.3,0.0,0.2777,59.98,False,45
0.024827,0.35,0.0,0.2855,62.63,False,45
0.024827,0.4,0.0,0.2864,63.64,False,45
0.024827,0.5,0.0,0.296,64.76,False,45
0.024827,0.7,0.0,0.2812,66.5,False,45
0.025994,0.05,0.0,0.2015,51.4,True,45
0.025994,0.08,0.0,0.2068,53.51,True,45
0.025994,0.1,0.0,0.212,54.42,True,45
0.025994,0.12,0.0,0.2208,55.29,True,45
0.025994,0.15,0.0,0.2295,56.52,True,45
0.025994,0.18,0.0,0.2532,57.7,False,45
0.025994,0.2,0.0,0.2602,58.48,False,45
0.025994,0.25,0.0,0.2715,60.36,False,45
0.025994,0.3,0.0,0.2855,61.79,False,45
0.025994,0.35,0.0,0.2934,64.48,False,45
0.025994,0.4,0.0,0.2943,65.49,False,45
0.025994,0.5,0.0,0.3039,66.62,False,45
0.025994,0.7,0.0,0.289,68.33,False,45
0.027038,0.05,0.0,0.2015,52.79,True,45
0.027038,0.08,0.0,0.2068,55.09,True,45
0.027038,0.1,0.0,0.2138,56.09,True,45
0.027038,0.12,0.0,0.2278,57.1,True,45
0.027038,0.15,0.0,0.2391,58.35,False,45
0.027038,0.18,0.0,0.268,59.72,False,45
0.027038,0.2,0.0,0.275,60.5,False,45
0.027038,0.25,0.0,0.2829,62.37,False,45
0.027038,0.3,0.0,0.3039,63.89,False,45
0.027038,0.35,0.0,0.3118,66.54,False,45
0.027038,0.4,0.0,0.3136,67.43,False,45
0.027038,0.5,0.0,0.3232,68.6,False,45
0.027038,0.7,0.0,0.3083,70.4,False,45
0.028192,0.05,0.0,0.2015,54.33,True,45
0.028192,0.08,0.0,0.2068,56.67,True,45
0.028192,0.1,0.0,0.2199,57.76,True,45
0.028192,0.12,0.0,0.2339,58.78,False,45
0.028192,0.15,0.0,0.2426,60.07,False,45
0.028192,0.18,0.0,0.2715,61.48,False,45
0.028192,0.2,0.0,0.2785,62.27,False,45
0.028192,0.25,0.0,0.3048,64.1,False,45
0.028192,0.3,0.0,0.3258,65.62,False,45
0.028192,0.35,0.0,0.3337,68.39,False,45
0.028192,0.4,0.0,0.3354,69.29,False,45
0.028192,0.5,0.0,0.3442,70.52,False,45
0.028192,0.7,0.0,0.3442,72.3,False,45
0.029411,0.05,0.0,0.2033,55.73,True,45
0.029411,0.08,0.0,0.2129,58.16,True,45
0.029411,0.1,0.0,0.2269,59.25,True,45
0.029411,0.12,0.0,0.2435,60.4,False,45
0.029411,0.15,0.0,0.2532,61.73,False,45
0.029411,0.18,0.0,0.282,63.24,False,45
0.029411,0.2,0.0,0.3074,64.12,False,45
0.029411,0.25,0.0,0.3337,65.99,False,45
0.029411,0.3,0.0,0.3582,67.57,False,45
0.029411,0.35,0.0,0.3722,70.37,False,45
0.029411,0.4,0.0,0.3739,71.37,False,45
0.029411,0.5,0.0,0.3801,72.5,False,45
0.029411,0.7,0.0,0.3801,74.25,False,45
0.030877,0.05,0.0,0.2076,57.35,True,45
0.030877,0.08,0.0,0.2234,59.93,True,45
0.030877,0.1,0.0,0.2418,61.05,False,45
0.030877,0.12,0.0,0.2602,62.17,False,45
0.030877,0.15,0.0,0.2707,63.52,False,45
0.030877,0.18,0.0,0.303,65.11,False,45
0.030877,0.2,0.0,0.3276,65.99,False,45
0.030877,0.25,0.0083,0.4465,68.02,False,45
0.030877,0.3,0.0083,0.4712,69.62,False,45
0.030877,0.35,0.0083,0.4818,72.46,False,45
0.030877,0.4,0.0083,0.4836,73.43,False,45
0.030877,0.5,0.0083,0.4942,74.53,False,45
0.030877,0.7,0.0083,0.4942,76.32,False,45
0.032405,0.05,0.0,0.2129,58.94,True,45
0.032405,0.08,0.0,0.233,61.62,False,45
0.032405,0.1,0.0,0.2514,62.85,False,45
0.032405,0.12,0.0,0.275,64.15,False,45
0.032405,0.15,0.0,0.2855,65.46,False,45
0.032405,0.18,0.0,0.3197,67.05,False,45
0.032405,0.2,0.0,0.3451,67.82,False,45
0.032405,0.25,0.0083,0.5518,69.99,False,45
0.032405,0.3,0.0083,0.5803,71.61,False,45
0.032405,0.35,0.0083,0.591,74.6,False,45
0.032405,0.4,0.0083,0.5937,75.65,False,45
0.032405,0.5,0.0083,0.6115,76.88,False,45
0.032405,0.7,0.0083,0.6115,78.49,False,45
0.034424,0.05,0.0,0.2216,60.44,True,45
0.034424,0.08,0.0,0.2418,63.17,False,45
0.034424,0.1,0.0,0.2663,64.62,False,45
0.034424,0.12,0.0,0.3022,66.08,False,45
0.034424,0.15,0.0,0.31,67.59,False,45
0.034424,0.18,0.0,0.3486,69.18,False,45
0.034424,0.2,0.0,0.3739,69.95,False,45
0.034424,0.25,0.0083,0.5776,72.07,False,45
0.034424,0.3,0.0083,0.5972,73.77,False,45
0.034424,0.35,0.0083,0.6079,76.74,False,45
0.034424,0.4,0.0083,0.6106,77.74,False,45
0.034424,0.5,0.0083,0.6293,78.93,False,45
0.034424,0.7,0.0083,0.6266,80.49,False,45
0.03642,0.05,0.0,0.2602,62.49,False,45
0.03642,0.08,0.0,0.2803,65.5,False,45
0.03642,0.1,0.0,0.3065,66.83,False,45
0.03642,0.12,0.0,0.3494,68.2,False,45
0.03642,0.15,0.0,0.3573,69.74,False,45
0.03642,0.18,0.0,0.3932,71.23,False,45
0.03642,0.2,0.0,0.4186,71.99,False,45
0.03642,0.25,0.0083,0.623,74.13,False,45
0.03642,0.3,0.0083,0.6391,75.63,False,45
0.03642,0.35,0.0083,0.6435,78.81,False,45
0.03642,0.4,0.0083,0.6471,79.82,False,45
0.03642,0.5,0.0083,0.6658,81.04,False,45
0.03642,0.7,0.0083,0.6533,82.48,False,45
0.039148,0.05,0.0,0.2925,64.22,False,45
0.039148,0.08,0.0,0.3249,67.61,False,45
0.039148,0.1,0.0,0.3669,69.22,False,45
0.039148,0.12,0.0,0.4116,70.59,False,45
0.039148,0.15,0.0,0.4273,72.21,False,45
0.039148,0.18,0.0,0.465,73.75,False,45
0.039148,0.2,0.0,0.493,74.51,False,45
0.039148,0.25,0.0083,0.7067,76.67,False,45
0.039148,0.3,0.0083,0.7219,78.02,False,45
0.039148,0.35,0.0083,0.7272,81.12,False,45
0.039148,0.4,0.0083,0.7272,82.1,False,45
0.039148,0.5,0.0083,0.7495,83.19,False,45
0.039148,0.7,0.0083,0.713,84.53,False,45
0.042268,0.05,0.0,0.3988,67.06,False,45
0.042268,0.08,0.0,0.435,70.31,False,45
0.042268,0.1,0.0,0.4615,71.94,False,45
0.042268,0.12,0.0,0.5127,73.25,False,45
0.042268,0.15,0.0,0.5215,74.91,False,45
0.042268,0.18,0.0083,0.7033,76.4,False,45
0.042268,0.2,0.0083,0.7356,77.22,False,45
0.042268,0.25,0.0167,1.0323,79.33,False,45
0.042268,0.3,0.0167,1.1289,80.69,False,45
0.042268,0.35,0.0167,1.1354,83.87,False,45
0.042268,0.4,0.0167,1.1354,84.78,False,45
0.042268,0.5,0.0167,1.2389,85.83,False,45
0.042268,0.7,0.0167,1.0378,87.24,False,45
0.046422,0.05,0.0,0.5251,69.84,False,45
0.046422,0.08,0.0,0.5586,72.9,False,45
0.046422,0.1,0.0,0.6107,74.71,False,45
0.046422,0.12,0.0,0.6495,75.94,False,45
0.046422,0.15,0.0,0.6584,77.65,False,45
0.046422,0.18,0.0167,0.8497,79.07,False,45
0.046422,0.2,0.0167,0.8631,79.83,False,45
0.046422,0.25,0.05,1.3196,81.78,False,45
0.046422,0.3,0.0583,1.598,83.33,False,45
0.046422,0.35,0.0583,1.625,86.47,False,45
0.046422,0.4,0.0583,1.625,87.43,False,45
0.046422,0.5,0.0583,1.6694,88.47,False,45
0.046422,0.7,0.0583,1.5407,89.74,False,45
0.015372,0.05,0.0,0.0373,28.65,True,46
0.015372,0.08,0.0,0.0373,28.67,True,46
0.015372,0.1,0.0,0.0373,30.68,True,46
0.015372,0.12,0.0,0.0382,31.02,True,46
0.015372,0.15,0.0,0.0391,31.26,True,46
0.015372,0.18,0.0,0.0399,32.42,True,46
0.015372,0.2,0.0,0.0399,33.29,True,46
0.015372,0.25,0.0,0.0425,34.23,True,46
0.015372,0.3,0.0,0.0512,35.59,False,46
0.015372,0.35,0.0,0.0547,36.64,False,46
0.015372,0.4,0.0,0.0582,37.75,False,46
0.015372,0.5,0.0,0.066,40.03,False,46
0.015372,0.7,0.0,0.066,42.96,False,46
0.016145,0.05,0.0,0.0373,29.71,True,46
0.016145,0.08,0.0,0.0373,29.73,True,46
0.016145,0.1,0.0,0.0373,31.84,True,46
0.016145,0.12,0.0,0.0391,32.22,True,46
0.016145,0.15,0.0,0.0399,32.45,True,46
0.016145,0.18,0.0,0.0434,33.69,True,46
0.016145,0.2,0.0,0.0434,34.59,True,46
0.016145,0.25,0.0,0.046,35.56,False,46
0.016145,0.3,0.0,0.0582,37.02,False,46
0.016145,0.35,0.0,0.0616,38.17,False,46
0.016145,0.4,0.0,0.0651,39.26,False,46
0.016145,0.5,0.0,0.072,41.61,False,46
0.016145,0.7,0.0,0.072,44.72,False,46
0.016921,0.05,0.0,0.0373,30.78,True,46
0.016921,0.08,0.0,0.0373,30.8,True,46
0.016921,0.1,0.0,0.0373,33.03,True,46
0.016921,0.12,0.0,0.0391,33.41,True,46
0.016921,0.15,0.0,0.0399,33.63,True,46
0.016921,0.18,0.0,0.0434,34.94,True,46
0.016921,0.2,0.0,0.0434,35.86,True,46
0.016921,0.25,0.0,0.046,36.94,False,46
0.016921,0.3,0.0,0.0616,38.47,False,46
0.016921,0.35,0.0,0.0651,39.67,False,46
0.016921,0.4,0.0,0.0694,40.88,False,46
0.016921,0.5,0.0,0.0755,43.25,False,46
0.016921,0.7,0.0,0.0755,46.4,False,46
0.017689,0.05,0.0,0.0373,31.83,True,46
0.017689,0.08,0.0,0.0373,31.85,True,46
0.017689,0.1,0.0,0.0373,34.15,True,46
0.017689,0.12,0.0,0.0391,34.56,True,46
0.017689,0.15,0.0,0.0399,34.78,True,46
0.017689,0.18,0.0,0.0434,36.16,True,46
0.017689,0.2,0.0,0.0434,37.14,True,46
0.017689,0.25,0.0,0.046,38.29,False,46
0.017689,0.3,0.0,0.0616,39.84,False,46
0.017689,0.35,0.0,0.0651,41.11,False,46
0.017689,0.4,0.0,0.0694,42.51,False,46
0.017689,0.5,0.0,0.0773,44.88,False,46
0.017689,0.7,0.0,0.0773,48.33,False,46
0.018428,0.05,0.0,0.0373,32.86,True,46
0.018428,0.08,0.0,0.0373,32.91,True,46
0.018428,0.1,0.0,0.0373,35.33,True,46
0.018428,0.12,0.0,0.0391,35.76,True,46
0.018428,0.15,0.0,0.0399,35.97,True,46
0.018428,0.18,0.0,0.0434,37.44,True,46
0.018428,0.2,0.0,0.0434,38.49,True,46
0.018428,0.25,0.0,0.0486,39.68,False,46
0.018428,0.3,0.0,0.0642,41.31,False,46
0.018428,0.35,0.0,0.0686,42.69,False,46
0.018428,0.4,0.0,0.0729,44.12,False,46
0.018428,0.5,0.0,0.0825,46.63,False,46
0.018428,0.7,0.0,0.0825,50.27,False,46
0.01922,0.05,0.0,0.0382,33.97,True,46
0.01922,0.08,0.0,0.0382,34.02,True,46
0.01922,0.1,0.0,0.0382,36.51,True,46
0.01922,0.12,0.0,0.0399,36.97,True,46
0.01922,0.15,0.0,0.0434,37.21,True,46
0.01922,0.18,0.0,0.0503,38.78,False,46
0.01922,0.2,0.0,0.0503,39.85,False,46
0.01922,0.25,0.0,0.0538,41.06,False,46
0.01922,0.3,0.0,0.0729,42.76,False,46
0.01922,0.35,0.0,0.0764,44.15,False,46
0.01922,0.4,0.0,0.0807,45.63,False,46
0.01922,0.5,0.0,0.0894,48.24,False,46
0.01922,0.7,0.0,0.0894,52.0,False,46
0.020078,0.05,0.0,0.0382,35.04,True,46
0.020078,0.08,0.0,0.0382,35.1,True,46
0.020078,0.1,0.0,0.0382,37.69,True,46
0.020078,0.12,0.0,0.0399,38.15,True,46
0.020078,0.15,0.0,0.0434,38.41,True,46
0.020078,0.18,0.0,0.0503,40.06,False,46
0.020078,0.2,0.0,0.0503,41.16,False,46
0.020078,0.25,0.0,0.0538,42.4,False,46
0.020078,0.3,0.0,0.0729,44.24,False,46
0.020078,0.35,0.0,0.0764,45.67,False,46
0.020078,0.4,0.0,0.0816,47.2,False,46
0.020078,0.5,0.0,0.0911,50.03,False,46
0.020078,0.7,0.0,0.0911,53.86,False,46
0.020929,0.05,0.0,0.0382,36.19,True,46
0.020929,0.08,0.0,0.0382,36.26,True,46
0.020929,0.1,0.0,0.0382,38.95,True,46
0.020929,0.12,0.0,0.0399,39.41,True,46
0.020929,0.15,0.0,0.0434,39.66,True,46
0.020929,0.18,0.0,0.0503,41.39,False,46
0.020929,0.2,0.0,0.0503,42.56,False,46
0.020929,0.25,0.0,0.0538,43.9,False,46
0.020929,0.3,0.0,0.0747,45.89,False,46
0.020929,0.35,0.0,0.079,47.34,False,46
0.020929,0.4,0.0,0.0842,48.92,False,46
0.020929,0.5,0.0,0.0955,51.77,False,46
0.020929,0.7,0.0,0.0955,55.78,False,46
0.021734,0.05,0.0,0.0382,37.26,True,46
0.021734,0.08,0.0,0.0382,37.33,True,46
0.021734,0.1,0.0,0.0391,40.24,True,46
0.021734,0.12,0.0,0.0399,40.67,True,46
0.021734,0.15,0.0,0.0469,40.95,False,46
0.021734,0.18,0.0,0.0538,42.68,False,46
0.021734,0.2,0.0,0.0538,43.93,False,46
0.021734,0.25,0.0,0.0573,45.37,False,46
0.021734,0.3,0.0,0.0799,47.41,False,46
0.021734,0.35,0.0,0.0859,48.98,False,46
0.021734,0.4,0.0,0.0911,50.59,False,46
0.021734,0.5,0.0,0.1024,53.48,False,46
0.021734,0.7,0.0,0.1024,57.73,False,46
0.022572,0.05,0.0,0.0391,38.35,True,46
0.022572,0.08,0.0,0.0391,38.43,True,46
0.022572,0.1,0.0,0.0399,41.45,True,46
0.022572,0.12,0.0,0.0408,41.89,True,46
0.022572,0.15,0.0,0.0495,42.21,False,46
0.022572,0.18,0.0,0.0582,44.0,False,46
0.022572,0.2,0.0,0.0582,45.32,False,46
0.022572,0.25,0.0,0.0616,46.76,False,46
0.022572,0.3,0.0,0.0807,48.92,False,46
0.022572,0.35,0.0,0.0868,50.52,False,46
0.022572,0.4,0.0,0.092,52.27,False,46
0.022572,0.5,0.0,0.1024,55.11,False,46
0.022572,0.7,0.0,0.1024,59.51,False,46
0.023483,0.05,0.0,0.0391,39.52,True,46
0.023483,0.08,0.0,0.0391,39.6,True,46
0.023483,0.1,0.0,0.0399,42.76,True,46
0.023483,0.12,0.0,0.0443,43.24,True,46
0.023483,0.15,0.0,0.0582,43.64,False,46
0.023483,0.18,0.0,0.0668,45.45,False,46
0.023483,0.2,0.0,0.0668,46.87,False,46
0.023483,0.25,0.0,0.0703,48.33,False,46
0.023483,0.3,0.0,0.0851,50.59,False,46
0.023483,0.35,0.0,0.0911,52.2,False,46
0.023483,0.4,0.0,0.0998,54.1,False,46
0.023483,0.5,0.0,0.1102,57.15,False,46
0.023483,0.7,0.0,0.1102,61.63,False,46
0.024458,0.05,0.0,0.0408,40.56,True,46
0.024458,0.08,0.0,0.0408,40.65,True,46
0.024458,0.1,0.0,0.046,44.02,False,46
0.024458,0.12,0.0,0.046,44.4,False,46
0.024458,0.15,0.0,0.0599,44.81,False,46
0.024458,0.18,0.0,0.0686,46.67,False,46
0.024458,0.2,0.0,0.0686,48.18,False,46
0.024458,0.25,0.0,0.072,49.69,False,46
0.024458,0.3,0.0,0.0911,52.32,False,46
0.024458,0.35,0.0,0.0972,53.85,False,46
0.024458,0.4,0.0,0.1059,55.69,False,46
0.024458,0.5,0.0,0.1198,58.91,False,46
0.024458,0.7,0.0,0.1198,63.48,False,46
0.025377,0.05,0.0,0.0408,41.69,True,46
0.025377,0.08,0.0,0.0408,41.78,True,46
0.025377,0.1,0.0,0.0469,45.26,False,46
0.025377,0.12,0.0,0.0469,45.66,False,46
0.025377,0.15,0.0,0.0608,46.06,False,46
0.025377,0.18,0.0,0.0694,48.06,False,46
0.025377,0.2,0.0,0.0694,49.53,False,46
0.025377,0.25,0.0,0.0729,51.08,False,46
0.025377,0.3,0.0,0.0964,54.01,False,46
0.025377,0.35,0.0,0.1024,55.58,False,46
0.025377,0.4,0.0,0.1111,57.56,False,46
0.025377,0.5,0.0,0.1293,60.98,False,46
0.025377,0.7,0.0,0.1293,65.58,False,46
0.026334,0.05,0.0,0.0408,42.86,True,46
0.026334,0.08,0.0,0.0408,42.97,True,46
0.026334,0.1,0.0,0.0608,46.65,False,46
0.026334,0.12,0.0,0.0616,47.08,False,46
0.026334,0.15,0.0,0.0755,47.46,False,46
0.026334,0.18,0.0,0.0851,49.6,False,46
0.026334,0.2,0.0,0.0851,51.06,False,46
0.026334,0.25,0.0,0.0938,52.7,False,46
0.026334,0.3,0.0,0.112,55.74,False,46
0.026334,0.35,0.0,0.1181,57.28,False,46
0.026334,0.4,0.0,0.1267,59.33,False,46
0.026334,0.5,0.0,0.1406,62.75,False,46
0.026334,0.7,0.0,0.1406,67.49,False,46
0.027466,0.05,0.0,0.0408,43.89,True,46
0.027466,0.08,0.0,0.0408,44.01,True,46
0.027466,0.1,0.0,0.0729,48.01,False,46
0.027466,0.12,0.0,0.0773,48.43,False,46
0.027466,0.15,0.0,0.0885,48.72,False,46
0.027466,0.18,0.0,0.1016,51.01,False,46
0.027466,0.2,0.0,0.1033,52.5,False,46
0.027466,0.25,0.0,0.1102,54.21,False,46
0.027466,0.3,0.0,0.1276,57.54,False,46
0.027466,0.35,0.0,0.1337,59.03,False,46
0.027466,0.4,0.0,0.138,61.16,False,46
0.027466,0.5,0.0,0.1493,64.65,False,46
0.027466,0.7,0.0,0.1493,69.51,False,46
0.028736,0.05,0.0,0.0434,44.97,True,46
0.028736,0.08,0.0,0.0434,45.1,True,46
0.028736,0.1,0.0,0.0833,49.29,False,46
0.028736,0.12,0.0,0.0911,49.78,False,46
0.028736,0.15,0.0,0.105,50.09,False,46
0.028736,0.18,0.0,0.1224,52.51,False,46
0.028736,0.2,0.0,0.1241,54.09,False,46
0.028736,0.25,0.0,0.1345,55.88,False,46
0.028736,0.3,0.0,0.1597,59.45,False,46
0.028736,0.35,0.0,0.1623,60.93,False,46
0.028736,0.4,0.0,0.1667,63.47,False,46
0.028736,0.5,0.0,0.1762,66.96,False,46
0.028736,0.7,0.0,0.1762,71.83,False,46
0.030281,0.05,0.0,0.0434,46.01,True,46
0.030281,0.08,0.0,0.0434,46.13,True,46
0.030281,0.1,0.0,0.1016,50.55,False,46
0.030281,0.12,0.0,0.1207,51.1,False,46
0.030281,0.15,0.0,0.1337,51.38,False,46
0.030281,0.18,0.0,0.1562,53.93,False,46
0.030281,0.2,0.0,0.1606,55.56,False,46
0.030281,0.25,0.0,0.1719,57.35,False,46
0.030281,0.3,0.0,0.184,61.26,False,46
0.030281,0.35,0.0,0.1892,62.79,False,46
0.030281,0.4,0.0,0.1936,65.61,False,46
0.030281,0.5,0.0,0.2031,68.86,False,46
0.030281,0.7,0.0,0.2031,73.92,False,46
0.031973,0.05,0.0,0.0434,47.16,True,46
0.031973,0.08,0.0,0.0434,47.28,True,46
0.031973,0.1,0.0,0.1172,51.94,False,46
0.031973,0.12,0.0,0.1319,52.4,False,46
0.031973,0.15,0.0,0.1502,52.76,False,46
0.031973,0.18,0.0,0.1719,55.34,False,46
0.031973,0.2,0.0,0.1762,57.12,False,46
0.031973,0.25,0.0,0.1875,58.99,False,46
0.031973,0.3,0.0,0.2049,63.19,False,46
0.031973,0.35,0.0,0.2083,64.82,False,46
0.031973,0.4,0.0,0.2127,67.62,False,46
0.031973,0.5,0.0,0.2222,70.97,False,46
0.031973,0.7,0.0,0.2222,76.37,False,46
0.033633,0.05,0.0,0.0469,48.27,False,46
0.033633,0.08,0.0,0.0469,48.4,False,46
0.033633,0.1,0.0,0.1424,53.41,False,46
0.033633,0.12,0.0,0.1597,53.88,False,46
0.033633,0.15,0.0,0.178,54.23,False,46
0.033633,0.18,0.0,0.1875,56.96,False,46
0.033633,0.2,0.0,0.1979,58.75,False,46
0.033633,0.25,0.0,0.2092,60.66,False,46
0.033633,0.3,0.0,0.2214,65.3,False,46
0.033633,0.35,0.0,0.2274,67.09,False,46
0.033633,0.4,0.0,0.2292,70.0,False,46
0.033633,0.5,0.0,0.2318,73.35,False,46
0.033633,0.7,0.0,0.2318,78.79,False,46
0.035901,0.05,0.0,0.0469,49.31,False,46
0.035901,0.08,0.0,0.0469,49.45,False,46
0.035901,0.1,0.0,0.1597,54.71,False,46
0.035901,0.12,0.0,0.1771,55.19,False,46
0.035901,0.15,0.0,0.1953,55.55,False,46
0.035901,0.18,0.0,0.2049,58.53,False,46
0.035901,0.2,0.0,0.2153,60.32,False,46
0.035901,0.25,0.0,0.2266,62.24,False,46
0.035901,0.3,0.0,0.2387,67.16,False,46
0.035901,0.35,0.0,0.2387,69.13,False,46
0.035901,0.4,0.0,0.2405,71.99,False,46
0.035901,0.5,0.0,0.2587,75.47,False,46
0.035901,0.7,0.0,0.2587,81.0,False,46
0.03857,0.05,0.0,0.0599,50.52,False,46
0.03857,0.08,0.0,0.0634,50.67,False,46
0.03857,0.1,0.0,0.2049,56.23,False,46
0.03857,0.12,0.0,0.2179,56.66,False,46
0.03857,0.15,0.0,0.2361,57.02,False,46
0.03857,0.18,0.0,0.2457,60.12,False,46
0.03857,0.2,0.0,0.2587,61.94,False,46
0.03857,0.25,0.0,0.2726,64.11,False,46
0.03857,0.3,0.0,0.2839,69.33,False,46
0.03857,0.35,0.0,0.2839,71.39,False,46
0.03857,0.4,0.0,0.2856,74.73,False,46
0.03857,0.5,0.0,0.3056,78.26,False,46
0.03857,0.7,0.0,0.3056,83.43,False,46
0.041693,0.05,0.0,0.0738,52.2,False,46
0.041693,0.08,0.0,0.0773,52.35,False,46
0.041693,0.1,0.0,0.2361,57.69,False,46
0.041693,0.12,0.0,0.2561,58.19,False,46
0.041693,0.15,0.0,0.2917,58.6,False,46
0.041693,0.18,0.0,0.316,62.03,False,46
0.041693,0.2,0.0,0.329,64.03,False,46
0.041693,0.25,0.0,0.3464,66.39,False,46
0.041693,0.3,0.0,0.3576,72.33,False,46
0.041693,0.35,0.0,0.3576,74.41,False,46
0.041693,0.4,0.0,0.3776,77.66,False,46
0.041693,0.5,0.0,0.3733,81.06,False,46
0.041693,0.7,0.0,0.3681,86.06,False,46
0.045737,0.05,0.0083,0.205,54.59,False,46
0.045737,0.08,0.0083,0.2085,54.71,False,46
0.045737,0.1,0.0083,0.4387,60.12,False,46
0.045737,0.12,0.0083,0.4589,60.57,False,46
0.045737,0.15,0.0083,0.4947,60.98,False,46
0.045737,0.18,0.0083,0.5158,64.47,False,46
0.045737,0.2,0.0083,0.5158,66.52,False,46
0.045737,0.25,0.0083,0.5403,68.78,False,46
0.045737,0.3,0.0083,0.5578,75.32,False,46
0.045737,0.35,0.0083,0.5578,77.5,False,46
0.045737,0.4,0.0083,0.5762,81.03,False,46
0.045737,0.5,0.0083,0.5753,84.32,False,46
0.045737,0.7,0.0083,0.5359,88.82,False,46
0.015329,0.05,0.0,0.033,31.19,True,47
0.015329,0.08,0.0,0.033,31.24,True,47
0.015329,0.1,0.0,0.033,31.28,True,47
0.015329,0.12,0.0,0.033,31.33,True,47
0.015329,0.15,0.0,0.033,31.56,True,47
0.015329,0.18,0.0,0.0365,32.14,True,47
0.015329,0.2,0.0,0.0365,33.5,True,47
0.015329,0.25,0.0,0.0417,36.06,False,47
0.015329,0.3,0.0,0.0417,37.65,False,47
0.015329,0.35,0.0,0.0417,38.51,False,47
0.015329,0.4,0.0,0.0434,39.32,False,47
0.015329,0.5,0.0,0.0486,41.79,False,47
0.015329,0.7,0.0,0.0486,45.59,False,47
0.01597,0.05,0.0,0.033,32.24,True,47
0.01597,0.08,0.0,0.033,32.28,True,47
0.01597,0.1,0.0,0.033,32.33,True,47
0.01597,0.12,0.0,0.033,32.38,True,47
0.01597,0.15,0.0,0.033,32.62,True,47
0.01597,0.18,0.0,0.0365,33.21,True,47
0.01597,0.2,0.0,0.0365,34.7,True,47
0.01597,0.25,0.0,0.0417,37.42,False,47
0.01597,0.3,0.0,0.0417,39.02,False,47
0.01597,0.35,0.0,0.0417,39.9,False,47
0.01597,0.4,0.0,0.0434,40.79,False,47
0.01597,0.5,0.0,0.0486,43.37,False,47
0.01597,0.7,0.0,0.0486,47.47,False,47
0.016692,0.05,0.0,0.033,33.35,True,47
0.016692,0.08,0.0,0.033,33.39,True,47
0.016692,0.1,0.0,0.033,33.43,True,47
0.016692,0.12,0.0,0.033,33.49,True,47
0.016692,0.15,0.0,0.033,33.75,True,47
0.016692,0.18,0.0,0.0408,34.44,False,47
0.016692,0.2,0.0,0.0408,35.98,False,47
0.016692,0.25,0.0,0.046,38.8,False,47
0.016692,0.3,0.0,0.046,40.49,False,47
0.016692,0.35,0.0,0.046,41.42,False,47
0.016692,0.4,0.0,0.0477,42.41,False,47
0.016692,0.5,0.0,0.053,45.08,False,47
0.016692,0.7,0.0,0.053,49.29,False,47
0.017386,0.05,0.0,0.033,34.56,True,47
0.017386,0.08,0.0,0.033,34.62,True,47
0.017386,0.1,0.0,0.033,34.66,True,47
0.017386,0.12,0.0,0.033,34.72,True,47
0.017386,0.15,0.0,0.033,34.98,True,47
0.017386,0.18,0.0,0.0408,35.68,False,47
0.017386,0.2,0.0,0.0408,37.29,False,47
0.017386,0.25,0.0,0.046,40.22,False,47
0.017386,0.3,0.0,0.046,42.01,False,47
0.017386,0.35,0.0,0.046,42.97,False,47
0.017386,0.4,0.0,0.0477,44.02,False,47
0.017386,0.5,0.0,0.053,46.75,False,47
0.017386,0.7,0.0,0.053,51.21,False,47
0.018102,0.05,0.0,0.033,35.69,True,47
0.018102,0.08,0.0,0.033,35.76,True,47
0.018102,0.1,0.0,0.033,35.8,True,47
0.018102,0.12,0.0,0.033,35.86,True,47
0.018102,0.15,0.0,0.033,36.14,True,47
0.018102,0.18,0.0,0.0408,36.89,False,47
0.018102,0.2,0.0,0.0408,38.6,False,47
0.018102,0.25,0.0,0.046,41.63,False,47
0.018102,0.3,0.0,0.046,43.5,False,47
0.018102,0.35,0.0,0.046,44.56,False,47
0.018102,0.4,0.0,0.0477,45.65,False,47
0.018102,0.5,0.0,0.0582,48.47,False,47
0.018102,0.7,0.0,0.0582,53.01,False,47
0.018868,0.05,0.0,0.033,36.79,True,47
0.018868,0.08,0.0,0.033,36.89,True,47
0.018868,0.1,0.0,0.033,36.93,True,47
0.018868,0.12,0.0,0.033,36.99,True,47
0.018868,0.15,0.0,0.033,37.27,True,47
0.018868,0.18,0.0,0.0408,38.02,False,47
0.018868,0.2,0.0,0.0417,39.81,False,47
0.018868,0.25,0.0,0.0477,43.02,False,47
0.018868,0.3,0.0,0.0477,44.97,False,47
0.018868,0.35,0.0,0.0477,46.19,False,47
0.018868,0.4,0.0,0.0495,47.33,False,47
0.018868,0.5,0.0,0.0599,50.27,False,47
0.018868,0.7,0.0,0.0599,54.91,False,47
0.019646,0.05,0.0,0.033,38.03,True,47
0.019646,0.08,0.0,0.033,38.14,True,47
0.019646,0.1,0.0,0.033,38.17,True,47
0.019646,0.12,0.0,0.033,38.24,True,47
0.019646,0.15,0.0,0.033,38.57,True,47
0.019646,0.18,0.0,0.0443,39.35,False,47
0.019646,0.2,0.0,0.0451,41.2,False,47
0.019646,0.25,0.0,0.0512,44.54,False,47
0.019646,0.3,0.0,0.0512,46.54,False,47
0.019646,0.35,0.0,0.0512,47.78,False,47
0.019646,0.4,0.0,0.0547,48.94,False,47
0.019646,0.5,0.0,0.0651,51.95,False,47
0.019646,0.7,0.0,0.0651,56.78,False,47
0.020519,0.05,0.0,0.033,39.14,True,47
0.020519,0.08,0.0,0.033,39.28,True,47
0.020519,0.1,0.0,0.033,39.32,True,47
0.020519,0.12,0.0,0.033,39.38,True,47
0.020519,0.15,0.0,0.033,39.72,True,47
0.020519,0.18,0.0,0.0443,40.58,False,47
0.020519,0.2,0.0,0.046,42.53,False,47
0.020519,0.25,0.0,0.053,45.97,False,47
0.020519,0.3,0.0,0.053,48.02,False,47
0.020519,0.35,0.0,0.053,49.33,False,47
0.020519,0.4,0.0,0.0573,50.51,False,47
0.020519,0.5,0.0,0.0694,53.61,False,47
0.020519,0.7,0.0,0.0694,58.55,False,47
0.021428,0.05,0.0,0.033,40.44,True,47
0.021428,0.08,0.0,0.033,40.59,True,47
0.021428,0.1,0.0,0.033,40.64,True,47
0.021428,0.12,0.0,0.033,40.71,True,47
0.021428,0.15,0.0,0.033,41.03,True,47
0.021428,0.18,0.0,0.0443,41.97,False,47
0.021428,0.2,0.0,0.046,44.01,False,47
0.021428,0.25,0.0,0.0538,47.59,False,47
0.021428,0.3,0.0,0.0538,49.71,False,47
0.021428,0.35,0.0,0.0538,51.01,False,47
0.021428,0.4,0.0,0.0582,52.23,False,47
0.021428,0.5,0.0,0.0703,55.35,False,47
0.021428,0.7,0.0,0.0703,60.46,False,47
0.022304,0.05,0.0,0.033,41.75,True,47
0.022304,0.08,0.0,0.033,41.91,True,47
0.022304,0.1,0.0,0.033,41.97,True,47
0.022304,0.12,0.0,0.033,42.02,True,47
0.022304,0.15,0.0,0.033,42.35,True,47
0.022304,0.18,0.0,0.0443,43.28,False,47
0.022304,0.2,0.0,0.046,45.41,False,47
0.022304,0.25,0.0,0.0564,49.17,False,47
0.022304,0.3,0.0,0.0564,51.34,False,47
0.022304,0.35,0.0,0.0564,52.7,False,47
0.022304,0.4,0.0,0.0634,53.99,False,47
0.022304,0.5,0.0,0.0729,57.18,False,47
0.022304,0.7,0.0,0.0729,62.59,False,47
0.023168,0.05,0.0,0.033,42.95,True,47
0.023168,0.08,0.0,0.033,43.15,True,47
0.023168,0.1,0.0,0.033,43.21,True,47
0.023168,0.12,0.0,0.033,43.29,True,47
0.023168,0.15,0.0,0.033,43.6,True,47
0.023168,0.18,0.0,0.0443,44.56,False,47
0.023168,0.2,0.0,0.0477,46.83,False,47
0.023168,0.25,0.0,0.0582,50.73,False,47
0.023168,0.3,0.0,0.0582,52.94,False,47
0.023168,0.35,0.0,0.0582,54.37,False,47
0.023168,0.4,0.0,0.0651,55.67,False,47
0.023168,0.5,0.0,0.0747,58.97,False,47
0.023168,0.7,0.0,0.0747,64.6,False,47
0.024151,0.05,0.0,0.033,44.2,True,47
0.024151,0.08,0.0,0.033,44.34,True,47
0.024151,0.1,0.0,0.033,44.41,True,47
0.024151,0.12,0.0,0.033,44.49,True,47
0.024151,0.15,0.0,0.033,44.83,True,47
0.024151,0.18,0.0,0.0443,45.81,False,47
0.024151,0.2,0.0,0.0477,48.16,False,47
0.024151,0.25,0.0,0.0616,52.38,False,47
0.024151,0.3,0.0,0.066,54.73,False,47
0.024151,0.35,0.0,0.066,56.17,False,47
0.024151,0.4,0.0,0.0738,57.5,False,47
0.024151,0.5,0.0,0.0825,60.8,False,47
0.024151,0.7,0.0,0.0825,66.56,False,47
0.025238,0.05,0.0,0.033,45.37,True,47
0.025238,0.08,0.0,0.033,45.51,True,47
0.025238,0.1,0.0,0.033,45.61,True,47
0.025238,0.12,0.0,0.033,45.73,True,47
0.025238,0.15,0.0,0.033,46.08,True,47
0.025238,0.18,0.0,0.0443,47.04,False,47
0.025238,0.2,0.0,0.0486,49.55,False,47
0.025238,0.25,0.0,0.0616,53.81,False,47
0.025238,0.3,0.0,0.0686,56.24,False,47
0.025238,0.35,0.0,0.0686,57.9,False,47
0.025238,0.4,0.0,0.0773,59.28,False,47
0.025238,0.5,0.0,0.0859,62.83,False,47
0.025238,0.7,0.0,0.0859,68.71,False,47
0.026415,0.05,0.0,0.033,46.47,True,47
0.026415,0.08,0.0,0.033,46.61,True,47
0.026415,0.1,0.0,0.033,46.72,True,47
0.026415,0.12,0.0,0.033,46.83,True,47
0.026415,0.15,0.0,0.0365,47.24,True,47
0.026415,0.18,0.0,0.0477,48.19,False,47
0.026415,0.2,0.0,0.0521,50.95,False,47
0.026415,0.25,0.0,0.0651,55.38,False,47
0.026415,0.3,0.0,0.072,57.91,False,47
0.026415,0.35,0.0,0.072,59.72,False,47
0.026415,0.4,0.0,0.0773,61.2,False,47
0.026415,0.5,0.0,0.0877,64.88,False,47
0.026415,0.7,0.0,0.0877,70.83,False,47
0.027751,0.05,0.0,0.033,47.74,True,47
0.027751,0.08,0.0,0.033,47.87,True,47
0.027751,0.1,0.0,0.033,48.0,True,47
0.027751,0.12,0.0,0.033,48.11,True,47
0.027751,0.15,0.0,0.0365,48.58,True,47
0.027751,0.18,0.0,0.0521,49.59,False,47
0.027751,0.2,0.0,0.0668,52.5,False,47
0.027751,0.25,0.0,0.0833,57.02,False,47
0.027751,0.3,0.0,0.0929,59.62,False,47
0.027751,0.35,0.0,0.0981,61.42,False,47
0.027751,0.4,0.0,0.1033,62.97,False,47
0.027751,0.5,0.0,0.1137,66.81,False,47
0.027751,0.7,0.0,0.1137,72.8,False,47
0.02905,0.05,0.0,0.033,48.89,True,47
0.02905,0.08,0.0,0.033,49.03,True,47
0.02905,0.1,0.0,0.033,49.15,True,47
0.02905,0.12,0.0,0.033,49.27,True,47
0.02905,0.15,0.0,0.0417,49.81,False,47
0.02905,0.18,0.0,0.053,50.83,False,47
0.02905,0.2,0.0,0.0703,53.76,False,47
0.02905,0.25,0.0,0.0885,58.57,False,47
0.02905,0.3,0.0,0.0955,61.12,False,47
0.02905,0.35,0.0,0.1094,63.12,False,47
0.02905,0.4,0.0,0.1146,64.73,False,47
0.02905,0.5,0.0,0.1276,68.7,False,47
0.02905,0.7,0.0,0.1276,74.78,False,47
0.030508,0.05,0.0,0.0339,50.13,True,47
0.030508,0.08,0.0,0.0339,50.23,True,47
0.030508,0.1,0.0,0.0339,50.35,True,47
0.030508,0.12,0.0,0.0339,50.47,True,47
0.030508,0.15,0.0,0.0425,51.06,False,47
0.030508,0.18,0.0,0.059,52.08,False,47
0.030508,0.2,0.0,0.0825,55.15,False,47
0.030508,0.25,0.0,0.1059,60.14,False,47
0.030508,0.3,0.0,0.1146,62.91,False,47
0.030508,0.35,0.0,0.1241,64.72,False,47
0.030508,0.4,0.0,0.1293,66.37,False,47
0.030508,0.5,0.0,0.1502,70.55,False,47
0.030508,0.7,0.0,0.1502,76.94,False,47
0.032129,0.05,0.0,0.0391,51.43,True,47
0.032129,0.08,0.0,0.0391,51.53,True,47
0.032129,0.1,0.0,0.0391,51.65,True,47
0.032129,0.12,0.0,0.0391,51.77,True,47
0.032129,0.15,0.0,0.0486,52.35,False,47
0.032129,0.18,0.0,0.059,53.27,False,47
0.032129,0.2,0.0,0.0955,56.52,False,47
0.032129,0.25,0.0,0.1233,61.7,False,47
0.032129,0.3,0.0,0.1319,64.62,False,47
0.032129,0.35,0.0,0.1415,66.45,False,47
0.032129,0.4,0.0,0.1458,68.12,False,47
0.032129,0.5,0.0,0.171,72.48,False,47
0.032129,0.7,0.0,0.171,79.13,False,47
0.034044,0.05,0.0,0.0391,52.49,True,47
0.034044,0.08,0.0,0.0391,52.59,True,47
0.034044,0.1,0.0,0.0391,52.71,True,47
0.034044,0.12,0.0,0.0391,52.86,True,47
0.034044,0.15,0.0,0.0495,53.55,False,47
0.034044,0.18,0.0,0.0599,54.39,False,47
0.034044,0.2,0.0,0.1102,57.8,False,47
0.034044,0.25,0.0,0.1432,63.43,False,47
0.034044,0.3,0.0,0.1484,66.28,False,47
0.034044,0.35,0.0,0.1589,68.33,False,47
0.034044,0.4,0.0,0.1632,70.19,False,47
0.034044,0.5,0.0,0.1884,74.82,False,47
0.034044,0.7,0.0,0.1884,81.4,False,47
0.035993,0.05,0.0,0.0547,54.17,False,47
0.035993,0.08,0.0,0.0547,54.27,False,47
0.035993,0.1,0.0,0.0547,54.39,False,47
0.035993,0.12,0.0,0.0547,54.55,False,47
0.035993,0.15,0.0,0.0668,55.15,False,47
0.035993,0.18,0.0,0.0773,56.07,False,47
0.035993,0.2,0.0,0.1328,59.5,False,47
0.035993,0.25,0.0,0.1615,65.26,False,47
0.035993,0.3,0.0,0.1675,68.18,False,47
0.035993,0.35,0.0,0.178,70.43,False,47
0.035993,0.4,0.0,0.1814,72.3,False,47
0.035993,0.5,0.0,0.2057,77.24,False,47
0.035993,0.7,0.0,0.1988,83.77,False,47
0.03848,0.05,0.0,0.0686,55.56,False,47
0.03848,0.08,0.0,0.0686,55.66,False,47
0.03848,0.1,0.0,0.0686,55.78,False,47
0.03848,0.12,0.0,0.0686,55.94,False,47
0.03848,0.15,0.0,0.0807,56.55,False,47
0.03848,0.18,0.0,0.112,57.67,False,47
0.03848,0.2,0.0,0.1762,61.28,False,47
0.03848,0.25,0.0,0.2196,67.21,False,47
0.03848,0.3,0.0,0.2214,70.13,False,47
0.03848,0.35,0.0,0.2326,72.37,False,47
0.03848,0.4,0.0,0.2352,74.33,False,47
0.03848,0.5,0.0,0.2899,79.55,False,47
0.03848,0.7,0.0,0.283,86.08,False,47
0.0416,0.05,0.0,0.0825,57.05,False,47
0.0416,0.08,0.0,0.0825,57.22,False,47
0.0416,0.1,0.0,0.0825,57.35,False,47
0.0416,0.12,0.0,0.0825,57.54,False,47
0.0416,0.15,0.0,0.1137,58.39,False,47
0.0416,0.18,0.0,0.1406,59.4,False,47
0.0416,0.2,0.0,0.2179,63.04,False,47
0.0416,0.25,0.0,0.3346,69.06,False,47
0.0416,0.3,0.0,0.3459,72.14,False,47
0.0416,0.35,0.0,0.3573,74.57,False,47
0.0416,0.4,0.0,0.3599,76.45,False,47
0.0416,0.5,0.0,0.4072,82.21,False,47
0.0416,0.7,0.0,0.3203,88.34,False,47
0.046438,0.05,0.0,0.1146,58.83,False,47
0.046438,0.08,0.0,0.1146,58.93,False,47
0.046438,0.1,0.0,0.1146,59.05,False,47
0.046438,0.12,0.0,0.1224,59.33,False,47
0.046438,0.15,0.0,0.1762,60.46,False,47
0.046438,0.18,0.0,0.2083,61.53,False,47
0.046438,0.2,0.0,0.3932,65.52,False,47
0.046438,0.25,0.0,0.5427,71.6,False,47
0.046438,0.3,0.0,0.548,74.49,False,47
0.046438,0.35,0.0,0.5666,77.3,False,47
0.046438,0.4,0.0,0.5754,79.37,False,47
0.046438,0.5,0.0,0.6301,85.57,False,47
0.046438,0.7,0.0,0.4531,90.85,False,47
0.015315,0.05,0.0,0.0408,31.52,True,48
0.015315,0.08,0.0,0.0425,33.37,True,48
0.015315,0.1,0.0,0.0443,33.7,True,48
0.015315,0.12,0.0,0.0477,34.13,True,48
0.015315,0.15,0.0,0.0486,35.72,True,48
0.015315,0.18,0.0,0.0495,36.47,False,48
0.015315,0.2,0.0,0.0495,36.76,False,48
0.015315,0.25,0.0,0.0547,37.4,False,48
0.015315,0.3,0.0,0.059,37.97,False,48
0.015315,0.35,0.0,0.059,39.05,False,48
0.015315,0.4,0.0,0.059,40.6,False,48
0.015315,0.5,0.0,0.0625,42.31,False,48
0.015315,0.7,0.0,0.0625,45.91,False,48
0.015996,0.05,0.0,0.0408,32.66,True,48
0.015996,0.08,0.0,0.0425,34.6,True,48
0.015996,0.1,0.0,0.0443,34.94,True,48
0.015996,0.12,0.0,0.0477,35.38,True,48
0.015996,0.15,0.0,0.0486,37.1,True,48
0.015996,0.18,0.0,0.0495,37.87,False,48
0.015996,0.2,0.0,0.0495,38.15,False,48
0.015996,0.25,0.0,0.0547,38.82,False,48
0.015996,0.3,0.0,0.059,39.44,False,48
0.015996,0.35,0.0,0.059,40.55,False,48
0.015996,0.4,0.0,0.0599,42.15,False,48
0.015996,0.5,0.0,0.0634,43.94,False,48
0.015996,0.7,0.0,0.0634,47.78,False,48
0.016779,0.05,0.0,0.0408,33.82,True,48
0.016779,0.08,0.0,0.0425,35.89,True,48
0.016779,0.1,0.0,0.0451,36.2,True,48
0.016779,0.12,0.0,0.0486,36.69,True,48
0.016779,0.15,0.0,0.0495,38.5,False,48
0.016779,0.18,0.0,0.0503,39.28,False,48
0.016779,0.2,0.0,0.0503,39.59,False,48
0.016779,0.25,0.0,0.0564,40.28,False,48
0.016779,0.3,0.0,0.0634,40.91,False,48
0.016779,0.35,0.0,0.0634,42.09,False,48
0.016779,0.4,0.0,0.0642,43.81,False,48
0.016779,0.5,0.0,0.0677,45.71,False,48
0.016779,0.7,0.0,0.0677,49.75,False,48
0.0175,0.05,0.0,0.0408,35.04,True,48
0.0175,0.08,0.0,0.0425,37.17,True,48
0.0175,0.1,0.0,0.0477,37.51,True,48
0.0175,0.12,0.0,0.0512,38.04,False,48
0.0175,0.15,0.0,0.0521,39.92,False,48
0.0175,0.18,0.0,0.053,40.75,False,48
0.0175,0.2,0.0,0.053,41.07,False,48
0.0175,0.25,0.0,0.059,41.79,False,48
0.0175,0.3,0.0,0.066,42.49,False,48
0.0175,0.35,0.0,0.066,43.68,False,48
0.0175,0.4,0.0,0.0677,45.45,False,48
0.0175,0.5,0.0,0.0755,47.47,False,48
0.0175,0.7,0.0,0.0755,51.66,False,48
0.018257,0.05,0.0,0.0408,36.16,True,48
0.018257,0.08,0.0,0.0434,38.3,True,48
0.018257,0.1,0.0,0.0495,38.69,False,48
0.018257,0.12,0.0,0.053,39.25,False,48
0.018257,0.15,0.0,0.0538,41.18,False,48
0.018257,0.18,0.0,0.0547,42.05,False,48
0.018257,0.2,0.0,0.0547,42.36,False,48
0.018257,0.25,0.0,0.0625,43.24,False,48
0.018257,0.3,0.0,0.0712,44.0,False,48
0.018257,0.35,0.0,0.0712,45.2,False,48
0.018257,0.4,0.0,0.0729,47.14,False,48
0.018257,0.5,0.0,0.0816,49.19,False,48
0.018257,0.7,0.0,0.0816,53.53,False,48
0.019088,0.05,0.0,0.0417,37.29,True,48
0.019088,0.08,0.0,0.0434,39.47,True,48
0.019088,0.1,0.0,0.0495,39.86,False,48
0.019088,0.12,0.0,0.053,40.44,False,48
0.019088,0.15,0.0,0.0573,42.52,False,48
0.019088,0.18,0.0,0.0582,43.38,False,48
0.019088,0.2,0.0,0.0582,43.69,False,48
0.019088,0.25,0.0,0.066,44.64,False,48
0.019088,0.3,0.0,0.0764,45.43,False,48
0.019088,0.35,0.0,0.0764,46.76,False,48
0.019088,0.4,0.0,0.0781,48.67,False,48
0.019088,0.5,0.0,0.0868,50.85,False,48
0.019088,0.7,0.0,0.0868,55.35,False,48
0.019829,0.05,0.0,0.0417,38.57,True,48
0.019829,0.08,0.0,0.0434,40.83,True,48
0.019829,0.1,0.0,0.0495,41.23,False,48
0.019829,0.12,0.0,0.053,41.83,False,48
0.019829,0.15,0.0,0.0599,44.03,False,48
0.019829,0.18,0.0,0.0608,44.94,False,48
0.019829,0.2,0.0,0.0608,45.26,False,48
0.019829,0.25,0.0,0.0686,46.23,False,48
0.019829,0.3,0.0,0.0764,47.02,False,48
0.019829,0.35,0.0,0.0764,48.42,False,48
0.019829,0.4,0.0,0.0781,50.44,False,48
0.019829,0.5,0.0,0.0877,52.66,False,48
0.019829,0.7,0.0,0.0877,57.2,False,48
0.020705,0.05,0.0,0.0417,39.7,True,48
0.020705,0.08,0.0,0.0434,42.03,True,48
0.020705,0.1,0.0,0.0495,42.45,False,48
0.020705,0.12,0.0,0.053,43.06,False,48
0.020705,0.15,0.0,0.0608,45.37,False,48
0.020705,0.18,0.0,0.0616,46.29,False,48
0.020705,0.2,0.0,0.0616,46.61,False,48
0.020705,0.25,0.0,0.0703,47.67,False,48
0.020705,0.3,0.0,0.0781,48.49,False,48
0.020705,0.35,0.0,0.0816,50.09,False,48
0.020705,0.4,0.0,0.0833,52.06,False,48
0.020705,0.5,0.0,0.0929,54.37,False,48
0.020705,0.7,0.0,0.0929,59.05,False,48
0.021496,0.05,0.0,0.0417,40.87,True,48
0.021496,0.08,0.0,0.0434,43.22,True,48
0.021496,0.1,0.0,0.0495,43.64,False,48
0.021496,0.12,0.0,0.053,44.26,False,48
0.021496,0.15,0.0,0.0616,46.88,False,48
0.021496,0.18,0.0,0.0625,47.84,False,48
0.021496,0.2,0.0,0.0625,48.14,False,48
0.021496,0.25,0.0,0.0712,49.27,False,48
0.021496,0.3,0.0,0.079,50.17,False,48
0.021496,0.35,0.0,0.0825,51.84,False,48
0.021496,0.4,0.0,0.0955,53.97,False,48
0.021496,0.5,0.0,0.105,56.32,False,48
0.021496,0.7,0.0,0.105,61.0,False,48
0.022489,0.05,0.0,0.0417,42.07,True,48
0.022489,0.08,0.0,0.0469,44.48,True,48
0.022489,0.1,0.0,0.053,44.93,False,48
0.022489,0.12,0.0,0.0564,45.56,False,48
0.022489,0.15,0.0,0.0616,48.24,False,48
0.022489,0.18,0.0,0.0625,49.28,False,48
0.022489,0.2,0.0,0.0625,49.62,False,48
0.022489,0.25,0.0,0.0712,50.77,False,48
0.022489,0.3,0.0,0.079,51.69,False,48
0.022489,0.35,0.0,0.0825,53.45,False,48
0.022489,0.4,0.0,0.0998,55.72,False,48
0.022489,0.5,0.0,0.1137,58.18,False,48
0.022489,0.7,0.0,0.1137,62.93,False,48
0.023389,0.05,0.0,0.0417,43.26,True,48
0.023389,0.08,0.0,0.0469,45.74,True,48
0.023389,0.1,0.0,0.053,46.2,False,48
0.023389,0.12,0.0,0.0564,46.86,False,48
0.023389,0.15,0.0,0.0651,49.71,False,48
0.023389,0.18,0.0,0.0694,50.79,False,48
0.023389,0.2,0.0,0.0694,51.16,False,48
0.023389,0.25,0.0,0.0781,52.49,False,48
0.023389,0.3,0.0,0.0859,53.33,False,48
0.023389,0.35,0.0,0.0859,55.08,False,48
0.023389,0.4,0.0,0.1033,57.66,False,48
0.023389,0.5,0.0,0.1189,60.06,False,48
0.023389,0.7,0.0,0.1137,64.87,False,48
0.02446,0.05,0.0,0.0417,44.42,True,48
0.02446,0.08,0.0,0.0469,47.02,True,48
0.02446,0.1,0.0,0.053,47.5,False,48
0.02446,0.12,0.0,0.0564,48.15,False,48
0.02446,0.15,0.0,0.0668,51.11,False,48
0.02446,0.18,0.0,0.0712,52.24,False,48
0.02446,0.2,0.0,0.0729,52.66,False,48
0.02446,0.25,0.0,0.0816,53.97,False,48
0.02446,0.3,0.0,0.0894,54.95,False,48
0.02446,0.35,0.0,0.0894,56.78,False,48
0.02446,0.4,0.0,0.1068,59.48,False,48
0.02446,0.5,0.0,0.1207,61.95,False,48
0.02446,0.7,0.0,0.1155,66.75,False,48
0.025507,0.05,0.0,0.0425,45.7,True,48
0.025507,0.08,0.0,0.0503,48.46,False,48
0.025507,0.1,0.0,0.0564,48.96,False,48
0.025507,0.12,0.0,0.0599,49.64,False,48
0.025507,0.15,0.0,0.0703,52.64,False,48
0.025507,0.18,0.0,0.0747,53.88,False,48
0.025507,0.2,0.0,0.0764,54.39,False,48
0.025507,0.25,0.0,0.0842,55.68,False,48
0.025507,0.3,0.0,0.092,56.76,False,48
0.025507,0.35,0.0,0.092,58.64,False,48
0.025507,0.4,0.0,0.1128,61.51,False,48
0.025507,0.5,0.0,0.1233,64.02,False,48
0.025507,0.7,0.0,0.1181,68.68,False,48
0.026576,0.05,0.0,0.0425,47.04,True,48
0.026576,0.08,0.0,0.053,49.84,False,48
0.026576,0.1,0.0,0.059,50.31,False,48
0.026576,0.12,0.0,0.0625,51.01,False,48
0.026576,0.15,0.0,0.0747,54.17,False,48
0.026576,0.18,0.0,0.079,55.46,False,48
0.026576,0.2,0.0,0.0807,56.04,False,48
0.026576,0.25,0.0,0.092,57.35,False,48
0.026576,0.3,0.0,0.0972,58.46,False,48
0.026576,0.35,0.0,0.0972,60.4,False,48
0.026576,0.4,0.0,0.1241,63.41,False,48
0.026576,0.5,0.0,0.1345,65.89,False,48
0.026576,0.7,0.0,0.1233,70.62,False,48
0.027748,0.05,0.0,0.0425,48.22,True,48
0.027748,0.08,0.0,0.0564,51.19,False,48
0.027748,0.1,0.0,0.0625,51.66,False,48
0.027748,0.12,0.0,0.066,52.48,False,48
0.027748,0.15,0.0,0.0816,55.71,False,48
0.027748,0.18,0.0,0.0859,57.02,False,48
0.027748,0.2,0.0,0.0877,57.63,False,48
0.027748,0.25,0.0,0.1007,59.05,False,48
0.027748,0.3,0.0,0.1059,60.19,False,48
0.027748,0.35,0.0,0.1059,62.17,False,48
0.027748,0.4,0.0,0.1372,65.49,False,48
0.027748,0.5,0.0,0.1476,67.83,False,48
0.027748,0.7,0.0,0.1363,72.74,False,48
0.029127,0.05,0.0,0.0425,49.23,True,48
0.029127,0.08,0.0,0.066,52.42,False,48
0.029127,0.1,0.0,0.072,52.88,False,48
0.029127,0.12,0.0,0.0755,53.85,False,48
0.029127,0.15,0.0,0.0911,57.18,False,48
0.029127,0.18,0.0,0.0955,58.63,False,48
0.029127,0.2,0.0,0.0972,59.29,False,48
0.029127,0.25,0.0,0.1146,60.78,False,48
0.029127,0.3,0.0,0.1241,61.92,False,48
0.029127,0.35,0.0,0.1241,63.93,False,48
0.029127,0.4,0.0,0.1554,67.37,False,48
0.029127,0.5,0.0,0.1606,69.79,False,48
0.029127,0.7,0.0,0.1493,74.73,False,48
0.030577,0.05,0.0,0.0434,50.53,True,48
0.030577,0.08,0.0,0.072,53.75,False,48
0.030577,0.1,0.0,0.0755,54.13,False,48
0.030577,0.12,0.0,0.079,55.13,False,48
0.030577,0.15,0.0,0.0946,58.77,False,48
0.030577,0.18,0.0,0.099,60.24,False,48
0.030577,0.2,0.0,0.1007,60.89,False,48
0.030577,0.25,0.0,0.1224,62.42,False,48
0.030577,0.3,0.0,0.1389,63.88,False,48
0.030577,0.35,0.0,0.1389,65.99,False,48
0.030577,0.4,0.0,0.2435,69.44,False,48
0.030577,0.5,0.0,0.2488,72.02,False,48
0.030577,0.7,0.0,0.1641,76.76,False,48
0.032121,0.05,0.0,0.0434,51.96,True,48
0.032121,0.08,0.0,0.0738,55.19,False,48
0.032121,0.1,0.0,0.0773,55.54,False,48
0.032121,0.12,0.0,0.0816,56.58,False,48
0.032121,0.15,0.0,0.0972,60.5,False,48
0.032121,0.18,0.0,0.1016,61.98,False,48
0.032121,0.2,0.0,0.1042,62.62,False,48
0.032121,0.25,0.0,0.1328,64.3,False,48
0.032121,0.3,0.0,0.1493,65.81,False,48
0.032121,0.35,0.0,0.1493,68.02,False,48
0.032121,0.4,0.0,0.254,71.67,False,48
0.032121,0.5,0.0,0.2593,74.11,False,48
0.032121,0.7,0.0,0.1693,78.98,False,48
0.033968,0.05,0.0,0.0434,53.33,True,48
0.033968,0.08,0.0,0.0816,56.64,False,48
0.033968,0.1,0.0,0.0903,57.04,False,48
0.033968,0.12,0.0,0.0946,58.07,False,48
0.033968,0.15,0.0,0.105,62.31,False,48
0.033968,0.18,0.0,0.1163,63.76,False,48
0.033968,0.2,0.0,0.1189,64.4,False,48
0.033968,0.25,0.0,0.1432,66.27,False,48
0.033968,0.3,0.0,0.1597,68.0,False,48
0.033968,0.35,0.0,0.1597,70.33,False,48
0.033968,0.4,0.0,0.2733,74.13,False,48
0.033968,0.5,0.0,0.2785,76.6,False,48
0.033968,0.7,0.0,0.1884,81.18,False,48
0.036105,0.05,0.0,0.0521,54.95,False,48
0.036105,0.08,0.0,0.0998,58.23,False,48
0.036105,0.1,0.0,0.1128,58.73,False,48
0.036105,0.12,0.0,0.1189,59.9,False,48
0.036105,0.15,0.0,0.1267,64.16,False,48
0.036105,0.18,0.0,0.1372,65.63,False,48
0.036105,0.2,0.0,0.1458,66.24,False,48
0.036105,0.25,0.0,0.1701,68.16,False,48
0.036105,0.3,0.0,0.1927,70.1,False,48
0.036105,0.35,0.0,0.1944,72.58,False,48
0.036105,0.4,0.0,0.3083,76.66,False,48
0.036105,0.5,0.0,0.3171,78.86,False,48
0.036105,0.7,0.0,0.2266,83.47,False,48
0.038754,0.05,0.0,0.0616,56.36,False,48
0.038754,0.08,0.0,0.1398,59.9,False,48
0.038754,0.1,0.0,0.1528,60.38,False,48
0.038754,0.12,0.0,0.1632,61.7,False,48
0.038754,0.15,0.0,0.1823,66.24,False,48
0.038754,0.18,0.0,0.1927,67.61,False,48
0.038754,0.2,0.0,0.2023,68.22,False,48
0.038754,0.25,0.0,0.2422,70.59,False,48
0.038754,0.3,0.0,0.2639,72.48,False,48
0.038754,0.35,0.0,0.2656,75.03,False,48
0.038754,0.4,0.0,0.3494,78.95,False,48
0.038754,0.5,0.0,0.3564,81.12,False,48
0.038754,0.7,0.0,0.263,85.68,False,48
0.041849,0.05,0.0,0.0729,57.85,False,48
0.041849,0.08,0.0,0.1753,61.37,False,48
0.041849,0.1,0.0,0.2179,62.12,False,48
0.041849,0.12,0.0,0.224,63.5,False,48
0.041849,0.15,0.0,0.2387,67.91,False,48
0.041849,0.18,0.0,0.2543,69.34,False,48
0.041849,0.2,0.0,0.2639,69.94,False,48
0.041849,0.25,0.0,0.3203,72.73,False,48
0.041849,0.3,0.0,0.342,74.75,False,48
0.041849,0.35,0.0,0.355,77.48,False,48
0.041849,0.4,0.0,0.4431,81.26,False,48
0.041849,0.5,0.0,0.4352,83.45,False,48
0.041849,0.7,0.0,0.3359,87.84,False,48
0.046028,0.05,0.0,0.1753,60.63,False,48
0.046028,0.08,0.0,0.2839,63.92,False,48
0.046028,0.1,0.0,0.2986,64.41,False,48
0.046028,0.12,0.0,0.3003,65.6,False,48
0.046028,0.15,0.0,0.3186,70.33,False,48
0.046028,0.18,0.0,0.3464,71.73,False,48
0.046028,0.2,0.0,0.3707,72.31,False,48
0.046028,0.25,0.0,0.5149,75.49,False,48
0.046028,0.3,0.0,0.5254,77.54,False,48
0.046028,0.35,0.0,0.5368,80.58,False,48
0.046028,0.4,0.0,0.5569,84.09,False,48
0.046028,0.5,0.0,0.5341,86.51,False,48
0.046028,0.7,0.0,0.4392,90.62,False,48
0.01539,0.05,0.0,0.0738,28.88,True,49
0.01539,0.08,0.0,0.0764,29.55,True,49
0.01539,0.1,0.0,0.0764,30.01,True,49
0.01539,0.12,0.0,0.0764,30.54,True,49
0.01539,0.15,0.0,0.0764,31.03,True,49
0.01539,0.18,0.0,0.0877,31.52,False,49
0.01539,0.2,0.0,0.0877,31.67,False,49
0.01539,0.25,0.0,0.0938,32.26,False,49
0.01539,0.3,0.0,0.0938,33.27,False,49
0.01539,0.35,0.0,0.0938,33.95,False,49
0.01539,0.4,0.0,0.0946,34.55,False,49
0.01539,0.5,0.0,0.1059,36.33,False,49
0.01539,0.7,0.0,0.0859,39.56,True,49
0.016101,0.05,0.0,0.0738,30.01,True,49
0.016101,0.08,0.0,0.0764,30.77,True,49
0.016101,0.1,0.0,0.0764,31.26,True,49
0.016101,0.12,0.0,0.0764,31.8,True,49
0.016101,0.15,0.0,0.0764,32.3,True,49
0.016101,0.18,0.0,0.0877,32.79,False,49
0.016101,0.2,0.0,0.0877,32.95,False,49
0.016101,0.25,0.0,0.0938,33.54,False,49
0.016101,0.3,0.0,0.0938,34.64,False,49
0.016101,0.35,0.0,0.0938,35.32,False,49
0.016101,0.4,0.0,0.0946,35.96,False,49
0.016101,0.5,0.0,0.1059,37.73,False,49
0.016101,0.7,0.0,0.0859,41.16,True,49
0.016894,0.05,0.0,0.0738,31.16,True,49
0.016894,0.08,0.0,0.0773,32.03,True,49
0.016894,0.1,0.0,0.0773,32.59,True,49
0.016894,0.12,0.0,0.0773,33.13,True,49
0.016894,0.15,0.0,0.0773,33.65,True,49
0.016894,0.18,0.0,0.0885,34.15,False,49
0.016894,0.2,0.0,0.0885,34.3,False,49
0.016894,0.25,0.0,0.0946,34.91,False,49
0.016894,0.3,0.0,0.0946,36.0,False,49
0.016894,0.35,0.0,0.0946,36.73,False,49
0.016894,0.4,0.0,0.0955,37.42,False,49
0.016894,0.5,0.0,0.1068,39.26,False,49
0.016894,0.7,0.0,0.0868,42.82,True,49
0.01767,0.05,0.0,0.0738,32.33,True,49
0.01767,0.08,0.0,0.0773,33.23,True,49
0.01767,0.1,0.0,0.0773,33.81,True,49
0.01767,0.12,0.0,0.0773,34.41,True,49
0.01767,0.15,0.0,0.0773,34.94,True,49
0.01767,0.18,0.0,0.0885,35.4,False,49
0.01767,0.2,0.0,0.0885,35.58,False,49
0.01767,0.25,0.0,0.0946,36.19,False,49
0.01767,0.3,0.0,0.0946,37.35,False,49
0.01767,0.35,0.0,0.0955,38.09,False,49
0.01767,0.4,0.0,0.0964,38.9,False,49
0.01767,0.5,0.0,0.1076,40.81,False,49
0.01767,0.7,0.0,0.0877,44.49,False,49
0.018421,0.05,0.0,0.0738,33.53,True,49
0.018421,0.08,0.0,0.0773,34.53,True,49
0.018421,0.1,0.0,0.0773,35.07,True,49
0.018421,0.12,0.0,0.0773,35.68,True,49
0.018421,0.15,0.0,0.0773,36.24,True,49
0.018421,0.18,0.0,0.0885,36.73,False,49
0.018421,0.2,0.0,0.0885,36.91,False,49
0.018421,0.25,0.0,0.0955,37.53,False,49
0.018421,0.3,0.0,0.0955,38.76,False,49
0.018421,0.35,0.0,0.0964,39.53,False,49
0.018421,0.4,0.0,0.0972,40.34,False,49
0.018421,0.5,0.0,0.1085,42.42,False,49
0.018421,0.7,0.0,0.0885,46.29,False,49
0.019193,0.05,0.0,0.0738,34.72,True,49
0.019193,0.08,0.0,0.0773,35.77,True,49
0.019193,0.1,0.0,0.0773,36.32,True,49
0.019193,0.12,0.0,0.0773,36.99,True,49
0.019193,0.15,0.0,0.0773,37.57,True,49
0.019193,0.18,0.0,0.0885,38.06,False,49
0.019193,0.2,0.0,0.0885,38.25,False,49
0.019193,0.25,0.0,0.1016,38.95,False,49
0.019193,0.3,0.0,0.1016,40.18,False,49
0.019193,0.35,0.0,0.1024,40.99,False,49
0.019193,0.4,0.0,0.1033,41.87,False,49
0.019193,0.5,0.0,0.1155,44.0,False,49
0.019193,0.7,0.0,0.0833,48.03,True,49
0.020014,0.05,0.0,0.0747,35.86,True,49
0.020014,0.08,0.0,0.0842,36.99,True,49
0.020014,0.1,0.0,0.0842,37.53,True,49
0.020014,0.12,0.0,0.0842,38.22,True,49
0.020014,0.15,0.0,0.0842,38.82,True,49
0.020014,0.18,0.0,0.0981,39.36,False,49
0.020014,0.2,0.0,0.0981,39.56,False,49
0.020014,0.25,0.0,0.1111,40.3,False,49
0.020014,0.3,0.0,0.1111,41.59,False,49
0.020014,0.35,0.0,0.112,42.42,False,49
0.020014,0.4,0.0,0.1128,43.34,False,49
0.020014,0.5,0.0,0.125,45.59,False,49
0.020014,0.7,0.0,0.0929,49.81,False,49
0.020807,0.05,0.0,0.0747,37.08,True,49
0.020807,0.08,0.0,0.0851,38.25,True,49
0.020807,0.1,0.0,0.0851,38.79,True,49
0.020807,0.12,0.0,0.0851,39.51,True,49
0.020807,0.15,0.0,0.0868,40.15,True,49
0.020807,0.18,0.0,0.1007,40.71,False,49
0.020807,0.2,0.0,0.1007,40.92,False,49
0.020807,0.25,0.0,0.1137,41.77,False,49
0.020807,0.3,0.0,0.1137,43.15,False,49
0.020807,0.35,0.0,0.1146,43.98,False,49
0.020807,0.4,0.0,0.1155,44.9,False,49
0.020807,0.5,0.0,0.1276,47.16,False,49
0.020807,0.7,0.0,0.0955,51.55,False,49
0.021689,0.05,0.0,0.0747,38.17,True,49
0.021689,0.08,0.0,0.0868,39.39,True,49
0.021689,0.1,0.0,0.0868,39.94,True,49
0.021689,0.12,0.0,0.0868,40.71,True,49
0.021689,0.15,0.0,0.0885,41.37,False,49
0.021689,0.18,0.0,0.1033,41.99,False,49
0.021689,0.2,0.0,0.1033,42.21,False,49
0.021689,0.25,0.0,0.1163,43.14,False,49
0.021689,0.3,0.0,0.1163,44.55,False,49
0.021689,0.35,0.0,0.1172,45.42,False,49
0.021689,0.4,0.0,0.1181,46.47,False,49
0.021689,0.5,0.0,0.1302,48.94,False,49
0.021689,0.7,0.0,0.0981,53.47,False,49
0.02264,0.05,0.0,0.0747,39.37,True,49
0.02264,0.08,0.0,0.0868,40.63,True,49
0.02264,0.1,0.0,0.0868,41.19,True,49
0.02264,0.12,0.0,0.0868,41.96,True,49
0.02264,0.15,0.0,0.0885,42.67,False,49
0.02264,0.18,0.0,0.1042,43.33,False,49
0.02264,0.2,0.0,0.1042,43.54,False,49
0.02264,0.25,0.0,0.1189,44.48,False,49
0.02264,0.3,0.0,0.1189,45.9,False,49
0.02264,0.35,0.0,0.1198,46.85,False,49
0.02264,0.4,0.0,0.1207,47.92,False,49
0.02264,0.5,0.0,0.1345,50.55,False,49
0.02264,0.7,0.0,0.1016,55.33,False,49
0.023632,0.05,0.0,0.0747,40.46,True,49
0.023632,0.08,0.0,0.0877,41.76,False,49
0.023632,0.1,0.0,0.0877,42.35,False,49
0.023632,0.12,0.0,0.0877,43.14,False,49
0.023632,0.15,0.0,0.0894,43.91,False,49
0.023632,0.18,0.0,0.105,44.6,False,49
0.023632,0.2,0.0,0.105,44.81,False,49
0.023632,0.25,0.0,0.1233,45.81,False,49
0.023632,0.3,0.0,0.1233,47.31,False,49
0.023632,0.35,0.0,0.1241,48.32,False,49
0.023632,0.4,0.0,0.1259,49.59,False,49
0.023632,0.5,0.0,0.1406,52.45,False,49
0.023632,0.7,0.0,0.1068,57.2,False,49
0.024655,0.05,0.0,0.0773,41.49,True,49
0.024655,0.08,0.0,0.0894,42.84,False,49
0.024655,0.1,0.0,0.0894,43.46,False,49
0.024655,0.12,0.0,0.0894,44.26,False,49
0.024655,0.15,0.0,0.0911,45.05,False,49
0.024655,0.18,0.0,0.1068,45.76,False,49
0.024655,0.2,0.0,0.1068,45.97,False,49
0.024655,0.25,0.0,0.1267,47.14,False,49
0.024655,0.3,0.0,0.1302,48.75,False,49
0.024655,0.35,0.0,0.1319,49.88,False,49
0.024655,0.4,0.0,0.1337,51.15,False,49
0.024655,0.5,0.0,0.1476,54.17,False,49
0.024655,0.7,0.0,0.1137,59.29,False,49
0.025706,0.05,0.0,0.0773,42.7,True,49
0.025706,0.08,0.0,0.092,44.2,False,49
0.025706,0.1,0.0,0.092,44.92,False,49
0.025706,0.12,0.0,0.092,45.71,False,49
0.025706,0.15,0.0,0.0938,46.57,False,49
0.025706,0.18,0.0,0.1207,47.29,False,49
0.025706,0.2,0.0,0.1207,47.5,False,49
0.025706,0.25,0.0,0.1406,48.67,False,49
0.025706,0.3,0.0,0.1441,50.18,False,49
0.025706,0.35,0.0,0.1458,51.37,False,49
0.025706,0.4,0.0,0.1476,52.7,False,49
0.025706,0.5,0.0,0.1632,55.86,False,49
0.025706,0.7,0.0,0.1276,61.31,False,49
0.026849,0.05,0.0,0.0773,43.85,True,49
0.026849,0.08,0.0,0.092,45.51,False,49
0.026849,0.1,0.0,0.092,46.23,False,49
0.026849,0.12,0.0,0.092,47.08,False,49
0.026849,0.15,0.0,0.0938,47.92,False,49
0.026849,0.18,0.0,0.1207,48.63,False,49
0.026849,0.2,0.0,0.1207,48.91,False,49
0.026849,0.25,0.0,0.1406,50.17,False,49
0.026849,0.3,0.0,0.1441,51.78,False,49
0.026849,0.35,0.0,0.1458,52.99,False,49
0.026849,0.4,0.0,0.1476,54.34,False,49
0.026849,0.5,0.0,0.1641,57.59,False,49
0.026849,0.7,0.0,0.1285,63.47,False,49
0.028058,0.05,0.0,0.0773,44.97,True,49
0.028058,0.08,0.0,0.0929,46.75,False,49
0.028058,0.1,0.0,0.0929,47.49,False,49
0.028058,0.12,0.0,0.0938,48.34,False,49
0.028058,0.15,0.0,0.0955,49.23,False,49
0.028058,0.18,0.0,0.1224,49.96,False,49
0.028058,0.2,0.0,0.1224,50.24,False,49
0.028058,0.25,0.0,0.1476,51.56,False,49
0.028058,0.3,0.0,0.151,53.18,False,49
0.028058,0.35,0.0,0.1528,54.42,False,49
0.028058,0.4,0.0,0.1571,56.0,False,49
0.028058,0.5,0.0,0.1762,59.49,False,49
0.028058,0.7,0.0,0.1406,65.66,False,49
0.029318,0.05,0.0,0.079,46.25,True,49
0.029318,0.08,0.0,0.1007,48.14,False,49
0.029318,0.1,0.0,0.1007,48.91,False,49
0.029318,0.12,0.0,0.1016,49.82,False,49
0.029318,0.15,0.0,0.1033,50.72,False,49
0.029318,0.18,0.0,0.1293,51.42,False,49
0.029318,0.2,0.0,0.1293,51.72,False,49
0.029318,0.25,0.0,0.1536,53.19,False,49
0.029318,0.3,0.0,0.1571,55.13,False,49
0.029318,0.35,0.0,0.1589,56.34,False,49
0.029318,0.4,0.0,0.1658,58.03,False,49
0.029318,0.5,0.0,0.1849,61.47,False,49
0.029318,0.7,0.0,0.1467,67.85,False,49
0.030634,0.05,0.0,0.0859,47.52,True,49
0.030634,0.08,0.0,0.1068,49.47,False,49
0.030634,0.1,0.0,0.1068,50.27,False,49
0.030634,0.12,0.0,0.1076,51.21,False,49
0.030634,0.15,0.0,0.1094,52.07,False,49
0.030634,0.18,0.0,0.1345,52.76,False,49
0.030634,0.2,0.0,0.1345,53.06,False,49
0.030634,0.25,0.0,0.1649,54.69,False,49
0.030634,0.3,0.0,0.1684,56.76,False,49
0.030634,0.35,0.0,0.1701,58.01,False,49
0.030634,0.4,0.0,0.1771,59.7,False,49
0.030634,0.5,0.0,0.1953,63.37,False,49
0.030634,0.7,0.0,0.1519,69.95,False,49
0.03212,0.05,0.0,0.0859,48.67,True,49
0.03212,0.08,0.0,0.1137,50.93,False,49
0.03212,0.1,0.0,0.1137,51.6,False,49
0.03212,0.12,0.0,0.1146,52.52,False,49
0.03212,0.15,0.0,0.1163,53.43,False,49
0.03212,0.18,0.0,0.1415,54.12,False,49
0.03212,0.2,0.0,0.1415,54.48,False,49
0.03212,0.25,0.0,0.1719,56.39,False,49
0.03212,0.3,0.0,0.1684,58.54,False,49
0.03212,0.35,0.0,0.1727,59.93,False,49
0.03212,0.4,0.0,0.1771,61.59,False,49
0.03212,0.5,0.0,0.1953,65.47,False,49
0.03212,0.7,0.0,0.1519,72.27,False,49
0.03403,0.05,0.0,0.1189,50.15,False,49
0.03403,0.08,0.0,0.1415,52.42,False,49
0.03403,0.1,0.0,0.1415,53.1,False,49
0.03403,0.12,0.0,0.1424,54.04,False,49
0.03403,0.15,0.0,0.1441,55.03,False,49
0.03403,0.18,0.0,0.1832,55.86,False,49
0.03403,0.2,0.0,0.1832,56.26,False,49
0.03403,0.25,0.0,0.2092,58.47,False,49
0.03403,0.3,0.0,0.2153,60.56,False,49
0.03403,0.35,0.0,0.2196,62.11,False,49
0.03403,0.4,0.0,0.2266,64.01,False,49
0.03403,0.5,0.0,0.2491,67.99,False,49
0.03403,0.7,0.0,0.204,74.72,False,49
0.036081,0.05,0.0,0.1302,51.52,False,49
0.036081,0.08,0.0,0.158,53.99,False,49
0.036081,0.1,0.0,0.158,54.69,False,49
0.036081,0.12,0.0,0.158,55.62,False,49
0.036081,0.15,0.0,0.1597,56.63,False,49
0.036081,0.18,0.0,0.1927,57.64,False,49
0.036081,0.2,0.0,0.1927,58.04,False,49
0.036081,0.25,0.0,0.2205,60.53,False,49
0.036081,0.3,0.0,0.2266,62.92,False,49
0.036081,0.35,0.0,0.2283,64.45,False,49
0.036081,0.4,0.0,0.2352,66.47,False,49
0.036081,0.5,0.0,0.2639,70.9,False,49
0.036081,0.7,0.0,0.2161,77.4,False,49
0.038287,0.05,0.0,0.151,53.12,False,49
0.038287,0.08,0.0,0.2014,55.98,False,49
0.038287,0.1,0.0,0.2014,56.74,False,49
0.038287,0.12,0.0,0.2014,57.56,False,49
0.038287,0.15,0.0,0.2031,58.56,False,49
0.038287,0.18,0.0,0.2405,59.63,False,49
0.038287,0.2,0.0,0.2543,60.17,False,49
0.038287,0.25,0.0,0.296,62.69,False,49
0.038287,0.3,0.0,0.3047,65.09,False,49
0.038287,0.35,0.0,0.3064,66.58,False,49
0.038287,0.4,0.0,0.316,68.74,False,49
0.038287,0.5,0.0,0.3394,73.75,False,49
0.038287,0.7,0.0,0.2891,80.34,False,49
0.04137,0.05,0.0,0.1884,54.78,False,49
0.04137,0.08,0.0,0.2448,58.12,False,49
0.04137,0.1,0.0,0.2561,59.07,False,49
0.04137,0.12,0.0,0.2613,60.04,False,49
0.04137,0.15,0.0,0.2613,61.13,False,49
0.04137,0.18,0.0,0.3003,62.27,False,49
0.04137,0.2,0.0,0.3142,63.01,False,49
0.04137,0.25,0.0,0.3793,65.74,False,49
0.04137,0.3,0.0,0.395,68.25,False,49
0.04137,0.35,0.0,0.3967,69.72,False,49
0.04137,0.4,0.0,0.3993,71.59,False,49
0.04137,0.5,0.0,0.4019,76.88,False,49
0.04137,0.7,0.0,0.3394,83.59,False,49
0.045661,0.05,0.0,0.3203,57.28,False,49
0.045661,0.08,0.0,0.3689,60.58,False,49
0.045661,0.1,0.0,0.3932,61.51,False,49
0.045661,0.12,0.0,0.4045,62.45,False,49
0.045661,0.15,0.0,0.4045,63.56,False,49
0.045661,0.18,0.0,0.4462,64.88,False,49
0.045661,0.2,0.0,0.474,65.54,False,49
0.045661,0.25,0.0,0.5269,68.22,False,49
0.045661,0.3,0.0,0.5417,70.79,False,49
0.045661,0.35,0.0,0.5434,72.57,False,49
0.045661,0.4,0.0,0.5547,74.37,False,49
0.045661,0.5,0.0,0.5425,79.89,False,49
0.045661,0.7,0.0,0.487,86.7,False,49
0.015481,0.05,0.0,0.3802,31.4,True,50
0.015481,0.08,0.0,0.3828,32.09,True,50
0.015481,0.1,0.0,0.3828,32.26,True,50
0.015481,0.12,0.0,0.3828,32.37,True,50
0.015481,0.15,0.0,0.3837,32.71,True,50
0.015481,0.18,0.0,0.388,32.99,True,50
0.015481,0.2,0.0,0.3932,33.63,True,50
0.015481,0.25,0.0,0.4097,35.12,True,50
0.015481,0.3,0.0,0.4132,35.72,True,50
0.015481,0.35,0.0,0.4149,36.04,True,50
0.015481,0.4,0.0,0.4219,36.59,True,50
0.015481,0.5,0.0,0.4219,37.39,True,50
0.015481,0.7,0.0,0.4219,39.02,True,50
0.016149,0.05,0.0,0.3802,32.63,True,50
0.016149,0.08,0.0,0.3828,33.36,True,50
0.016149,0.1,0.0,0.3828,33.55,True,50
0.016149,0.12,0.0,0.3828,33.69,True,50
0.016149,0.15,0.0,0.3837,34.02,True,50
0.016149,0.18,0.0,0.388,34.32,True,50
0.016149,0.2,0.0,0.3932,34.98,True,50
0.016149,0.25,0.0,0.4097,36.51,True,50
0.016149,0.3,0.0,0.4132,37.13,True,50
0.016149,0.35,0.0,0.4149,37.47,True,50
0.016149,0.4,0.0,0.4227,38.02,True,50
0.016149,0.5,0.0,0.4227,38.85,True,50
0.016149,0.7,0.0,0.4227,40.68,True,50
0.01688,0.05,0.0,0.3802,33.74,True,50
0.01688,0.08,0.0,0.3828,34.48,True,50
0.01688,0.1,0.0,0.3828,34.67,True,50
0.01688,0.12,0.0,0.3828,34.81,True,50
0.01688,0.15,0.0,0.3837,35.17,True,50
0.01688,0.18,0.0,0.388,35.51,True,50
0.01688,0.2,0.0,0.3932,36.2,True,50
0.01688,0.25,0.0,0.4115,37.81,True,50
0.01688,0.3,0.0,0.4149,38.46,True,50
0.01688,0.35,0.0,0.4167,38.86,True,50
0.01688,0.4,0.0,0.4245,39.4,True,50
0.01688,0.5,0.0,0.4245,40.19,True,50
0.01688,0.7,0.0,0.4245,42.16,True,50
0.017645,0.05,0.0,0.3802,34.9,True,50
0.017645,0.08,0.0,0.3837,35.72,True,50
0.017645,0.1,0.0,0.3837,35.93,True,50
0.017645,0.12,0.0,0.3837,36.08,True,50
0.017645,0.15,0.0,0.3845,36.46,True,50
0.017645,0.18,0.0,0.3915,36.81,True,50
0.017645,0.2,0.0,0.3967,37.53,True,50
0.017645,0.25,0.0,0.4149,39.17,True,50
0.017645,0.3,0.0,0.4193,39.9,True,50
0.017645,0.35,0.0,0.421,40.31,True,50
0.017645,0.4,0.0,0.4288,40.87,True,50
0.017645,0.5,0.0,0.4288,41.77,True,50
0.017645,0.7,0.0,0.4288,43.84,True,50
0.018375,0.05,0.0,0.3802,36.04,True,50
0.018375,0.08,0.0,0.3863,36.91,True,50
0.018375,0.1,0.0,0.3863,37.13,True,50
0.018375,0.12,0.0,0.3863,37.29,True,50
0.018375,0.15,0.0,0.3872,37.67,True,50
0.018375,0.18,0.0,0.3941,38.02,True,50
0.018375,0.2,0.0,0.3993,38.76,True,50
0.018375,0.25,0.0,0.4193,40.48,True,50
0.018375,0.3,0.0,0.4236,41.26,True,50
0.018375,0.35,0.0,0.4253,41.71,True,50
0.018375,0.4,0.0,0.4314,42.27,True,50
0.018375,0.5,0.0,0.4314,43.21,True,50
0.018375,0.7,0.0,0.4314,45.43,True,50
0.019198,0.05,0.0,0.3828,37.27,True,50
0.019198,0.08,0.0,0.3889,38.11,True,50
0.019198,0.1,0.0,0.3889,38.35,True,50
0.019198,0.12,0.0,0.3889,38.56,True,50
0.019198,0.15,0.0,0.3898,38.94,True,50
0.019198,0.18,0.0,0.3984,39.34,True,50
0.019198,0.2,0.0,0.4036,40.12,True,50
0.019198,0.25,0.0,0.4245,41.87,True,50
0.019198,0.3,0.0,0.4288,42.66,True,50
0.019198,0.35,0.0,0.434,43.24,True,50
0.019198,0.4,0.0,0.4375,43.8,True,50
0.019198,0.5,0.0,0.4375,44.76,True,50
0.019198,0.7,0.0,0.4375,47.14,True,50
0.019909,0.05,0.0,0.3854,38.53,True,50
0.019909,0.08,0.0,0.3906,39.34,True,50
0.019909,0.1,0.0,0.3906,39.59,True,50
0.019909,0.12,0.0,0.3906,39.79,True,50
0.019909,0.15,0.0,0.3915,40.15,True,50
0.019909,0.18,0.0,0.4002,40.6,True,50
0.019909,0.2,0.0,0.4071,41.45,True,50
0.019909,0.25,0.0,0.428,43.24,True,50
0.019909,0.3,0.0,0.4366,44.1,True,50
0.019909,0.35,0.0,0.4479,44.93,True,50
0.019909,0.4,0.0,0.4514,45.48,True,50
0.019909,0.5,0.0,0.4514,46.57,True,50
0.019909,0.7,0.0,0.4514,48.92,True,50
0.020717,0.05,0.0,0.388,39.8,True,50
0.020717,0.08,0.0,0.3958,40.67,True,50
0.020717,0.1,0.0,0.3958,40.93,True,50
0.020717,0.12,0.0,0.3958,41.15,True,50
0.020717,0.15,0.0,0.3976,41.52,True,50
0.020717,0.18,0.0,0.4045,41.96,True,50
0.020717,0.2,0.0,0.4115,42.85,True,50
0.020717,0.25,0.0,0.4323,44.68,True,50
0.020717,0.3,0.0,0.4418,45.59,True,50
0.020717,0.35,0.0,0.4531,46.41,True,50
0.020717,0.4,0.0,0.454,46.95,True,50
0.020717,0.5,0.0,0.454,48.07,True,50
0.020717,0.7,0.0,0.454,50.52,True,50
0.021613,0.05,0.0,0.3967,41.17,True,50
0.021613,0.08,0.0,0.4002,42.05,True,50
0.021613,0.1,0.0,0.4002,42.32,True,50
0.021613,0.12,0.0,0.4036,42.57,True,50
0.021613,0.15,0.0,0.4054,42.95,True,50
0.021613,0.18,0.0,0.4123,43.4,True,50
0.021613,0.2,0.0,0.4158,44.27,True,50
0.021613,0.25,0.0,0.4366,46.19,True,50
0.021613,0.3,0.0,0.4453,47.1,True,50
0.021613,0.35,0.0,0.4661,48.01,False,50
0.021613,0.4,0.0,0.467,48.56,False,50
0.021613,0.5,0.0,0.4679,49.71,False,50
0.021613,0.7,0.0,0.4679,52.32,False,50
0.022532,0.05,0.0,0.3967,42.49,True,50
0.022532,0.08,0.0,0.4002,43.37,True,50
0.022532,0.1,0.0,0.4002,43.62,True,50
0.022532,0.12,0.0,0.4036,43.88,True,50
0.022532,0.15,0.0,0.4054,44.28,True,50
0.022532,0.18,0.0,0.4123,44.77,True,50
0.022532,0.2,0.0,0.4158,45.71,True,50
0.022532,0.25,0.0,0.4462,47.81,True,50
0.022532,0.3,0.0,0.4549,48.78,True,50
0.022532,0.35,0.0,0.4757,49.67,False,50
0.022532,0.4,0.0,0.4774,50.24,False,50
0.022532,0.5,0.0,0.4818,51.4,False,50
0.022532,0.7,0.0,0.4818,54.1,False,50
0.023506,0.05,0.0,0.3967,43.72,True,50
0.023506,0.08,0.0,0.4045,44.77,True,50
0.023506,0.1,0.0,0.4045,44.97,True,50
0.023506,0.12,0.0,0.408,45.22,True,50
0.023506,0.15,0.0,0.4106,45.59,True,50
0.023506,0.18,0.0,0.4193,46.1,True,50
0.023506,0.2,0.0,0.4227,47.09,True,50
0.023506,0.25,0.0,0.454,49.2,True,50
0.023506,0.3,0.0,0.4627,50.18,False,50
0.023506,0.35,0.0,0.4861,51.24,False,50
0.023506,0.4,0.0,0.4931,51.91,False,50
0.023506,0.5,0.0,0.4983,53.11,False,50
0.023506,0.7,0.0,0.4983,55.88,False,50
0.024541,0.05,0.0,0.4019,45.01,True,50
0.024541,0.08,0.0,0.4062,46.03,True,50
0.024541,0.1,0.0,0.4062,46.23,True,50
0.024541,0.12,0.0,0.4106,46.49,True,50
0.024541,0.15,0.0,0.4115,46.83,True,50
0.024541,0.18,0.0,0.4219,47.38,True,50
0.024541,0.2,0.0,0.4253,48.42,True,50
0.024541,0.25,0.0,0.4592,50.63,False,50
0.024541,0.3,0.0,0.4679,51.84,False,50
0.024541,0.35,0.0,0.4913,52.98,False,50
0.024541,0.4,0.0,0.4983,53.67,False,50
0.024541,0.5,0.0,0.5035,54.91,False,50
0.024541,0.7,0.0,0.5035,57.89,False,50
0.025642,0.05,0.0,0.4062,46.31,True,50
0.025642,0.08,0.0,0.4115,47.42,True,50
0.025642,0.1,0.0,0.4115,47.61,True,50
0.025642,0.12,0.0,0.4288,47.97,True,50
0.025642,0.15,0.0,0.441,48.42,True,50
0.025642,0.18,0.0,0.447,48.9,True,50
0.025642,0.2,0.0,0.4479,49.95,True,50
0.025642,0.25,0.0,0.4792,52.31,False,50
0.025642,0.3,0.0,0.4878,53.58,False,50
0.025642,0.35,0.0,0.5,54.72,False,50
0.025642,0.4,0.0,0.5078,55.36,False,50
0.025642,0.5,0.0,0.513,56.65,False,50
0.025642,0.7,0.0,0.513,59.8,False,50
0.026855,0.05,0.0,0.4227,47.69,True,50
0.026855,0.08,0.0,0.4288,48.85,True,50
0.026855,0.1,0.0,0.4288,49.05,True,50
0.026855,0.12,0.0,0.4401,49.39,True,50
0.026855,0.15,0.0,0.4523,49.85,True,50
0.026855,0.18,0.0,0.4592,50.37,False,50
0.026855,0.2,0.0,0.4601,51.43,False,50
0.026855,0.25,0.0,0.4905,53.89,False,50
0.026855,0.3,0.0,0.5,55.41,False,50
0.026855,0.35,0.0,0.5182,56.58,False,50
0.026855,0.4,0.0,0.5226,57.3,False,50
0.026855,0.5,0.0,0.5278,58.77,False,50
0.026855,0.7,0.0,0.5278,62.01,False,50
0.028117,0.05,0.0,0.4271,49.04,True,50
0.028117,0.08,0.0,0.4332,50.23,True,50
0.028117,0.1,0.0,0.4332,50.39,True,50
0.028117,0.12,0.0,0.4453,50.75,True,50
0.028117,0.15,0.0,0.4575,51.24,False,50
0.028117,0.18,0.0,0.4644,51.78,False,50
0.028117,0.2,0.0,0.4731,52.92,False,50
0.028117,0.25,0.0,0.5035,55.44,False,50
0.028117,0.3,0.0,0.513,56.96,False,50
0.028117,0.35,0.0,0.5243,58.12,False,50
0.028117,0.4,0.0,0.5286,58.86,False,50
0.028117,0.5,0.0,0.5425,60.58,False,50
0.028117,0.7,0.0,0.5425,63.99,False,50
0.029455,0.05,0.0,0.441,50.4,True,50
0.029455,0.08,0.0,0.4523,51.64,True,50
0.029455,0.1,0.0,0.4523,51.8,True,50
0.029455,0.12,0.0,0.4644,52.18,False,50
0.029455,0.15,0.0,0.4766,52.68,False,50
0.029455,0.18,0.0,0.4913,53.28,False,50
0.029455,0.2,0.0,0.5,54.49,False,50
0.029455,0.25,0.0,0.5304,57.22,False,50
0.029455,0.3,0.0,0.5373,58.79,False,50
0.029455,0.35,0.0,0.546,59.92,False,50
0.029455,0.4,0.0,0.5503,60.7,False,50
0.029455,0.5,0.0,0.5642,62.46,False,50
0.029455,0.7,0.0,0.5642,66.01,False,50
0.031025,0.05,0.0,0.4523,51.7,True,50
0.031025,0.08,0.0,0.4653,53.02,False,50
0.031025,0.1,0.0,0.4653,53.19,False,50
0.031025,0.12,0.0,0.4774,53.57,False,50
0.031025,0.15,0.0,0.4913,54.24,False,50
0.031025,0.18,0.0,0.5122,54.91,False,50
0.031025,0.2,0.0,0.52,56.32,False,50
0.031025,0.25,0.0,0.5503,59.08,False,50
0.031025,0.3,0.0,0.5668,60.46,False,50
0.031025,0.35,0.0,0.5755,61.66,False,50
0.031025,0.4,0.0,0.5799,62.45,False,50
0.031025,0.5,0.0,0.5816,64.16,False,50
0.031025,0.7,0.0,0.5816,67.88,False,50
0.032516,0.05,0.0,0.474,53.23,False,50
0.032516,0.08,0.0,0.4861,54.55,False,50
0.032516,0.1,0.0,0.4861,54.75,False,50
0.032516,0.12,0.0,0.4922,55.03,False,50
0.032516,0.15,0.0,0.5069,55.74,False,50
0.032516,0.18,0.0,0.5295,56.5,False,50
0.032516,0.2,0.0,0.5373,58.01,False,50
0.032516,0.25,0.0,0.5642,60.98,False,50
0.032516,0.3,0.0,0.5877,62.46,False,50
0.032516,0.35,0.0,0.6024,63.82,False,50
0.032516,0.4,0.0,0.6068,64.62,False,50
0.032516,0.5,0.0,0.6137,66.34,False,50
0.032516,0.7,0.0,0.6137,70.1,False,50
0.034276,0.05,0.0,0.4948,54.71,False,50
0.034276,0.08,0.0,0.5069,56.08,False,50
0.034276,0.1,0.0,0.513,56.36,False,50
0.034276,0.12,0.0,0.5148,56.64,False,50
0.034276,0.15,0.0,0.533,57.26,False,50
0.034276,0.18,0.0,0.5582,58.05,False,50
0.034276,0.2,0.0,0.566,59.66,False,50
0.034276,0.25,0.0,0.5929,62.78,False,50
0.034276,0.3,0.0,0.6111,64.14,False,50
0.034276,0.35,0.0,0.6267,65.54,False,50
0.034276,0.4,0.0,0.6311,66.45,False,50
0.034276,0.5,0.0,0.6328,68.26,False,50
0.034276,0.7,0.0,0.6311,72.2,False,50
0.036539,0.05,0.0,0.5043,56.2,False,50
0.036539,0.08,0.0,0.5165,57.58,False,50
0.036539,0.1,0.0,0.5304,57.92,False,50
0.036539,0.12,0.0,0.5321,58.21,False,50
0.036539,0.15,0.0,0.5503,58.83,False,50
0.036539,0.18,0.0,0.5755,59.64,False,50
0.036539,0.2,0.0,0.5833,61.36,False,50
0.036539,0.25,0.0,0.6794,64.87,False,50
0.036539,0.3,0.0,0.6952,66.42,False,50
0.036539,0.35,0.0,0.7118,67.88,False,50
0.036539,0.4,0.0,0.7162,68.83,False,50
0.036539,0.5,0.0,0.7355,70.57,False,50
0.036539,0.7,0.0,0.7337,74.92,False,50
0.039289,0.05,0.0,0.5382,57.73,False,50
0.039289,0.08,0.0,0.5477,59.26,False,50
0.039289,0.1,0.0,0.5616,59.59,False,50
0.039289,0.12,0.0,0.5634,59.86,False,50
0.039289,0.15,0.0,0.5807,60.3,False,50
0.039289,0.18,0.0,0.6146,61.16,False,50
0.039289,0.2,0.0,0.6233,62.91,False,50
0.039289,0.25,0.0,0.7267,67.09,False,50
0.039289,0.3,0.0,0.8023,69.06,False,50
0.039289,0.35,0.0,0.8217,70.67,False,50
0.039289,0.4,0.0,0.8438,71.75,False,50
0.039289,0.5,0.0,0.9373,73.91,False,50
0.039289,0.7,0.0,0.9373,78.21,False,50
0.042236,0.05,0.0,0.5877,59.52,False,50
0.042236,0.08,0.0,0.5981,60.92,False,50
0.042236,0.1,0.0,0.612,61.32,False,50
0.042236,0.12,0.0,0.6137,61.53,False,50
0.042236,0.15,0.0,0.6753,62.31,False,50
0.042236,0.18,0.0,0.7066,63.55,False,50
0.042236,0.2,0.0,0.7222,65.58,False,50
0.042236,0.25,0.0,0.8888,70.35,False,50
0.042236,0.3,0.0,0.9694,72.5,False,50
0.042236,0.35,0.0,1.0148,74.33,False,50
0.042236,0.4,0.0,1.0397,75.36,False,50
0.042236,0.5,0.0,1.1236,77.38,False,50
0.042236,0.7,0.0,1.1236,81.68,False,50
0.046184,0.05,0.0,0.7891,62.4,False,50
0.046184,0.08,0.0,0.803,63.83,False,50
0.046184,0.1,0.0,0.8134,64.18,False,50
0.046184,0.12,0.0,0.8134,64.37,False,50
0.046184,0.15,0.0,0.8576,65.07,False,50
0.046184,0.18,0.0,0.8958,66.88,False,50
0.046184,0.2,0.0,0.9115,69.35,False,50
0.046184,0.25,0.0083,1.1724,73.35,False,50
0.046184,0.3,0.0083,1.2475,75.39,False,50
0.046184,0.35,0.0083,1.2888,77.06,False,50
0.046184,0.4,0.0083,1.3139,78.12,False,50
0.046184,0.5,0.0083,1.3995,80.22,False,50
0.046184,0.7,0.0083,1.3995,84.89,False,50
0.015316,0.05,0.0,0.0382,31.73,True,51
0.015316,0.08,0.0,0.0382,33.47,True,51
0.015316,0.1,0.0,0.0382,34.6,True,51
0.015316,0.12,0.0,0.0382,35.12,True,51
0.015316,0.15,0.0,0.0382,35.75,True,51
0.015316,0.18,0.0,0.0382,36.43,True,51
0.015316,0.2,0.0,0.0382,36.82,True,51
0.015316,0.25,0.0,0.0382,37.48,True,51
0.015316,0.3,0.0,0.0382,37.94,True,51
0.015316,0.35,0.0,0.0382,38.39,True,51
0.015316,0.4,0.0,0.0399,39.27,True,51
0.015316,0.5,0.0,0.0399,40.57,True,51
0.015316,0.7,0.0,0.0399,42.14,True,51
0.016066,0.05,0.0,0.0382,32.79,True,51
0.016066,0.08,0.0,0.0382,34.62,True,51
0.016066,0.1,0.0,0.0382,35.81,True,51
0.016066,0.12,0.0,0.0382,36.38,True,51
0.016066,0.15,0.0,0.0382,37.06,True,51
0.016066,0.18,0.0,0.0382,37.79,True,51
0.016066,0.2,0.0,0.0382,38.2,True,51
0.016066,0.25,0.0,0.0382,38.92,True,51
0.016066,0.3,0.0,0.0382,39.42,True,51
0.016066,0.35,0.0,0.0382,40.0,True,51
0.016066,0.4,0.0,0.0399,40.84,True,51
0.016066,0.5,0.0,0.0399,42.31,True,51
0.016066,0.7,0.0,0.0399,43.98,True,51
0.016863,0.05,0.0,0.0382,33.89,True,51
0.016863,0.08,0.0,0.0382,35.83,True,51
0.016863,0.1,0.0,0.0382,37.05,True,51
0.016863,0.12,0.0,0.0382,37.65,True,51
0.016863,0.15,0.0,0.0382,38.33,True,51
0.016863,0.18,0.0,0.0382,39.1,True,51
0.016863,0.2,0.0,0.0382,39.53,True,51
0.016863,0.25,0.0,0.0382,40.26,True,51
0.016863,0.3,0.0,0.0382,40.8,True,51
0.016863,0.35,0.0,0.0382,41.44,True,51
0.016863,0.4,0.0,0.0399,42.29,True,51
0.016863,0.5,0.0,0.0399,43.86,True,51
0.016863,0.7,0.0,0.0399,45.59,True,51
0.017555,0.05,0.0,0.0382,35.06,True,51
0.017555,0.08,0.0,0.0382,37.07,True,51
0.017555,0.1,0.0,0.0382,38.38,True,51
0.017555,0.12,0.0,0.0382,38.98,True,51
0.017555,0.15,0.0,0.0382,39.7,True,51
0.017555,0.18,0.0,0.0382,40.48,True,51
0.017555,0.2,0.0,0.0382,40.94,True,51
0.017555,0.25,0.0,0.0382,41.71,True,51
0.017555,0.3,0.0,0.0382,42.26,True,51
0.017555,0.35,0.0,0.0391,42.96,True,51
0.017555,0.4,0.0,0.0408,43.86,True,51
0.017555,0.5,0.0,0.0408,45.53,True,51
0.017555,0.7,0.0,0.0408,47.38,True,51
0.018251,0.05,0.0,0.0469,36.26,False,51
0.018251,0.08,0.0,0.0469,38.36,False,51
0.018251,0.1,0.0,0.0469,39.86,False,51
0.018251,0.12,0.0,0.0469,40.44,False,51
0.018251,0.15,0.0,0.0469,41.19,False,51
0.018251,0.18,0.0,0.0469,42.0,False,51
0.018251,0.2,0.0,0.0469,42.47,False,51
0.018251,0.25,0.0,0.0477,43.27,False,51
0.018251,0.3,0.0,0.0477,43.86,False,51
0.018251,0.35,0.0,0.0486,44.57,False,51
0.018251,0.4,0.0,0.0503,45.51,False,51
0.018251,0.5,0.0,0.0503,47.26,False,51
0.018251,0.7,0.0,0.0503,49.12,False,51
0.018984,0.05,0.0,0.0495,37.53,False,51
0.018984,0.08,0.0,0.0495,39.67,False,51
0.018984,0.1,0.0,0.0495,41.25,False,51
0.018984,0.12,0.0,0.0495,41.84,False,51
0.018984,0.15,0.0,0.0495,42.58,False,51
0.018984,0.18,0.0,0.0495,43.42,False,51
0.018984,0.2,0.0,0.0495,43.94,False,51
0.018984,0.25,0.0,0.0503,44.78,False,51
0.018984,0.3,0.0,0.0503,45.41,False,51
0.018984,0.35,0.0,0.0512,46.19,False,51
0.018984,0.4,0.0,0.053,47.16,False,51
0.018984,0.5,0.0,0.053,48.97,False,51
0.018984,0.7,0.0,0.053,50.89,False,51
0.019792,0.05,0.0,0.0495,38.76,False,51
0.019792,0.08,0.0,0.0495,41.0,False,51
0.019792,0.1,0.0,0.0495,42.63,False,51
0.019792,0.12,0.0,0.0495,43.24,False,51
0.019792,0.15,0.0,0.0495,44.02,False,51
0.019792,0.18,0.0,0.0495,44.87,False,51
0.019792,0.2,0.0,0.0495,45.43,False,51
0.019792,0.25,0.0,0.0503,46.32,False,51
0.019792,0.3,0.0,0.0503,47.01,False,51
0.019792,0.35,0.0,0.0512,47.8,False,51
0.019792,0.4,0.0,0.053,48.81,False,51
0.019792,0.5,0.0,0.053,50.76,False,51
0.019792,0.7,0.0,0.053,52.8,False,51
0.020639,0.05,0.0,0.0495,40.01,False,51
0.020639,0.08,0.0,0.0495,42.35,False,51
0.020639,0.1,0.0,0.0495,44.02,False,51
0.020639,0.12,0.0,0.0495,44.66,False,51
0.020639,0.15,0.0,0.0495,45.51,False,51
0.020639,0.18,0.0,0.0495,46.34,False,51
0.020639,0.2,0.0,0.0556,46.97,False,51
0.020639,0.25,0.0,0.0564,47.89,False,51
0.020639,0.3,0.0,0.0564,48.64,False,51
0.020639,0.35,0.0,0.0573,49.45,False,51
0.020639,0.4,0.0,0.059,50.55,False,51
0.020639,0.5,0.0,0.059,52.52,False,51
0.020639,0.7,0.0,0.059,54.64,False,51
0.021476,0.05,0.0,0.0495,41.31,False,51
0.021476,0.08,0.0,0.0495,43.8,False,51
0.021476,0.1,0.0,0.0495,45.53,False,51
0.021476,0.12,0.0,0.0495,46.19,False,51
0.021476,0.15,0.0,0.0495,47.02,False,51
0.021476,0.18,0.0,0.0495,47.86,False,51
0.021476,0.2,0.0,0.0564,48.51,False,51
0.021476,0.25,0.0,0.0573,49.45,False,51
0.021476,0.3,0.0,0.0573,50.31,False,51
0.021476,0.35,0.0,0.0582,51.08,False,51
0.021476,0.4,0.0,0.0625,52.21,False,51
0.021476,0.5,0.0,0.0625,54.27,False,51
0.021476,0.7,0.0,0.0625,56.5,False,51
0.022351,0.05,0.0,0.0495,42.57,False,51
0.022351,0.08,0.0,0.0495,45.29,False,51
0.022351,0.1,0.0,0.0495,47.07,False,51
0.022351,0.12,0.0,0.0495,47.76,False,51
0.022351,0.15,0.0,0.0495,48.62,False,51
0.022351,0.18,0.0,0.0495,49.56,False,51
0.022351,0.2,0.0,0.0564,50.17,False,51
0.022351,0.25,0.0,0.0573,51.14,False,51
0.022351,0.3,0.0,0.0573,52.06,False,51
0.022351,0.35,0.0,0.0582,52.84,False,51
0.022351,0.4,0.0,0.0625,53.94,False,51
0.022351,0.5,0.0,0.0651,56.07,False,51
0.022351,0.7,0.0,0.0651,58.37,False,51
0.023338,0.05,0.0,0.0495,43.93,False,51
0.023338,0.08,0.0,0.0495,46.73,False,51
0.023338,0.1,0.0,0.0495,48.63,False,51
0.023338,0.12,0.0,0.0495,49.33,False,51
0.023338,0.15,0.0,0.0495,50.21,False,51
0.023338,0.18,0.0,0.0495,51.17,False,51
0.023338,0.2,0.0,0.0564,51.76,False,51
0.023338,0.25,0.0,0.0573,52.78,False,51
0.023338,0.3,0.0,0.0573,53.72,False,51
0.023338,0.35,0.0,0.0582,54.57,False,51
0.023338,0.4,0.0,0.0625,55.87,False,51
0.023338,0.5,0.0,0.0651,57.82,False,51
0.023338,0.7,0.0,0.0651,60.2,False,51
0.024189,0.05,0.0,0.0556,45.12,False,51
0.024189,0.08,0.0,0.0564,48.14,False,51
0.024189,0.1,0.0,0.0564,50.13,False,51
0.024189,0.12,0.0,0.0564,50.84,False,51
0.024189,0.15,0.0,0.0608,51.74,False,51
0.024189,0.18,0.0,0.0608,52.72,False,51
0.024189,0.2,0.0,0.0677,53.32,False,51
0.024189,0.25,0.0,0.0686,54.35,False,51
0.024189,0.3,0.0,0.0686,55.31,False,51
0.024189,0.35,0.0,0.0694,56.18,False,51
0.024189,0.4,0.0,0.0738,57.52,False,51
0.024189,0.5,0.0,0.0764,59.42,False,51
0.024189,0.7,0.0,0.0764,62.07,False,51
0.025208,0.05,0.0,0.0556,46.43,False,51
0.025208,0.08,0.0,0.0564,49.66,False,51
0.025208,0.1,0.0,0.0564,51.6,False,51
0.025208,0.12,0.0,0.0564,52.32,False,51
0.025208,0.15,0.0,0.0608,53.34,False,51
0.025208,0.18,0.0,0.0608,54.33,False,51
0.025208,0.2,0.0,0.0686,54.99,False,51
0.025208,0.25,0.0,0.0694,56.3,False,51
0.025208,0.3,0.0,0.0686,57.28,False,51
0.025208,0.35,0.0,0.0712,58.34,False,51
0.025208,0.4,0.0,0.0755,59.74,False,51
0.025208,0.5,0.0,0.0781,61.38,False,51
0.025208,0.7,0.0,0.0781,64.14,False,51
0.026315,0.05,0.0,0.0564,47.69,False,51
0.026315,0.08,0.0,0.0582,51.06,False,51
0.026315,0.1,0.0,0.0582,53.12,False,51
0.026315,0.12,0.0,0.0582,53.87,False,51
0.026315,0.15,0.0,0.0625,54.93,False,51
0.026315,0.18,0.0,0.0651,56.1,False,51
0.026315,0.2,0.0,0.0729,56.85,False,51
0.026315,0.25,0.0,0.0738,58.17,False,51
0.026315,0.3,0.0,0.0729,59.25,False,51
0.026315,0.35,0.0,0.0755,60.32,False,51
0.026315,0.4,0.0,0.0851,61.79,False,51
0.026315,0.5,0.0,0.0851,63.45,False,51
0.026315,0.7,0.0,0.0851,66.15,False,51
0.027514,0.05,0.0,0.0564,48.86,False,51
0.027514,0.08,0.0,0.0582,52.34,False,51
0.027514,0.1,0.0,0.0582,54.44,False,51
0.027514,0.12,0.0,0.0582,55.21,False,51
0.027514,0.15,0.0,0.066,56.49,False,51
0.027514,0.18,0.0,0.0694,57.71,False,51
0.027514,0.2,0.0,0.0773,58.45,False,51
0.027514,0.25,0.0,0.0781,59.8,False,51
0.027514,0.3,0.0,0.0773,60.88,False,51
0.027514,0.35,0.0,0.0799,61.97,False,51
0.027514,0.4,0.0,0.0894,63.59,False,51
0.027514,0.5,0.0,0.092,65.42,False,51
0.027514,0.7,0.0,0.092,68.24,False,51
0.028819,0.05,0.0,0.0564,50.17,False,51
0.028819,0.08,0.0,0.0582,53.88,False,51
0.028819,0.1,0.0,0.0582,56.05,False,51
0.028819,0.12,0.0,0.0582,56.81,False,51
0.028819,0.15,0.0,0.066,58.11,False,51
0.028819,0.18,0.0,0.0703,59.25,False,51
0.028819,0.2,0.0,0.0781,60.06,False,51
0.028819,0.25,0.0,0.079,61.6,False,51
0.028819,0.3,0.0,0.0781,62.73,False,51
0.028819,0.35,0.0,0.0825,63.9,False,51
0.028819,0.4,0.0,0.0998,65.76,False,51
0.028819,0.5,0.0,0.1024,67.61,False,51
0.028819,0.7,0.0,0.1024,70.34,False,51
0.030253,0.05,0.0,0.0634,51.56,False,51
0.030253,0.08,0.0,0.0651,55.48,False,51
0.030253,0.1,0.0,0.0651,57.67,False,51
0.030253,0.12,0.0,0.0651,58.43,False,51
0.030253,0.15,0.0,0.0773,59.73,False,51
0.030253,0.18,0.0,0.0816,60.92,False,51
0.030253,0.2,0.0,0.0894,61.8,False,51
0.030253,0.25,0.0,0.092,63.43,False,51
0.030253,0.3,0.0,0.0911,64.67,False,51
0.030253,0.35,0.0,0.0964,65.89,False,51
0.030253,0.4,0.0,0.1172,67.73,False,51
0.030253,0.5,0.0,0.1198,69.74,False,51
0.030253,0.7,0.0,0.1198,72.47,False,51
0.031776,0.05,0.0,0.0634,52.9,False,51
0.031776,0.08,0.0,0.0668,57.37,False,51
0.031776,0.1,0.0,0.0668,59.74,False,51
0.031776,0.12,0.0,0.0668,60.47,False,51
0.031776,0.15,0.0,0.079,61.59,False,51
0.031776,0.18,0.0,0.0833,62.84,False,51
0.031776,0.2,0.0,0.0929,63.8,False,51
0.031776,0.25,0.0,0.0955,65.53,False,51
0.031776,0.3,0.0,0.0929,66.99,False,51
0.031776,0.35,0.0,0.1024,68.0,False,51
0.031776,0.4,0.0,0.1328,70.09,False,51
0.031776,0.5,0.0,0.1354,72.1,False,51
0.031776,0.7,0.0,0.1354,74.65,False,51
0.033654,0.05,0.0,0.066,54.33,False,51
0.033654,0.08,0.0,0.0694,58.97,False,51
0.033654,0.1,0.0,0.0764,61.44,False,51
0.033654,0.12,0.0,0.0764,62.35,False,51
0.033654,0.15,0.0,0.0885,63.72,False,51
0.033654,0.18,0.0,0.0929,65.03,False,51
0.033654,0.2,0.0,0.1024,65.98,False,51
0.033654,0.25,0.0,0.105,67.78,False,51
0.033654,0.3,0.0,0.1024,69.29,False,51
0.033654,0.35,0.0,0.112,70.33,False,51
0.033654,0.4,0.0,0.1458,72.7,False,51
0.033654,0.5,0.0,0.1484,74.6,False,51
0.033654,0.7,0.0,0.1484,77.17,False,51
0.035848,0.05,0.0,0.0807,55.77,False,51
0.035848,0.08,0.0,0.0842,60.84,False,51
0.035848,0.1,0.0,0.0911,63.26,False,51
0.035848,0.12,0.0,0.0911,64.23,False,51
0.035848,0.15,0.0,0.1033,65.6,False,51
0.035848,0.18,0.0,0.1076,67.21,False,51
0.035848,0.2,0.0,0.1267,68.22,False,51
0.035848,0.25,0.0,0.1293,70.15,False,51
0.035848,0.3,0.0,0.1241,71.95,False,51
0.035848,0.35,0.0,0.1337,72.95,False,51
0.035848,0.4,0.0,0.1736,75.61,False,51
0.035848,0.5,0.0,0.1832,77.48,False,51
0.035848,0.7,0.0,0.1832,79.89,False,51
0.038365,0.05,0.0,0.0981,57.42,False,51
0.038365,0.08,0.0,0.1207,62.98,False,51
0.038365,0.1,0.0,0.1372,65.18,False,51
0.038365,0.12,0.0,0.1372,66.17,False,51
0.038365,0.15,0.0,0.151,67.65,False,51
0.038365,0.18,0.0,0.1615,69.4,False,51
0.038365,0.2,0.0,0.1875,70.39,False,51
0.038365,0.25,0.0,0.191,72.26,False,51
0.038365,0.3,0.0,0.1858,74.13,False,51
0.038365,0.35,0.0,0.204,75.15,False,51
0.038365,0.4,0.0,0.2387,78.1,False,51
0.038365,0.5,0.0,0.2483,79.72,False,51
0.038365,0.7,0.0,0.2431,82.21,False,51
0.041585,0.05,0.0,0.1432,59.65,False,51
0.041585,0.08,0.0,0.1736,65.62,False,51
0.041585,0.1,0.0,0.1736,67.8,False,51
0.041585,0.12,0.0,0.1736,68.69,False,51
0.041585,0.15,0.0,0.178,70.05,False,51
0.041585,0.18,0.0,0.1788,71.76,False,51
0.041585,0.2,0.0,0.2049,72.96,False,51
0.041585,0.25,0.0,0.2031,74.99,False,51
0.041585,0.3,0.0,0.1979,77.16,False,51
0.041585,0.35,0.0,0.217,78.2,False,51
0.041585,0.4,0.0,0.2569,81.09,False,51
0.041585,0.5,0.0,0.2682,82.73,False,51
0.041585,0.7,0.0,0.263,85.18,False,51
0.04568,0.05,0.0,0.2352,62.13,False,51
0.04568,0.08,0.0,0.2839,68.91,False,51
0.04568,0.1,0.0,0.2839,71.33,False,51
0.04568,0.12,0.0,0.2543,72.24,False,51
0.04568,0.15,0.0,0.276,73.7,False,51
0.04568,0.18,0.0,0.2769,75.36,False,51
0.04568,0.2,0.0,0.303,76.48,False,51
0.04568,0.25,0.0,0.3108,78.79,False,51
0.04568,0.3,0.0,0.3073,81.18,False,51
0.04568,0.35,0.0,0.3273,82.17,False,51
0.04568,0.4,0.0,0.3819,84.58,False,51
0.04568,0.5,0.0,0.3819,86.2,False,51
0.04568,0.7,0.0,0.3819,88.21,False,51
0.015233,0.05,0.0,0.0208,31.91,False,52
0.015233,0.08,0.0,0.0234,32.18,False,52
0.015233,0.1,0.0,0.0234,32.24,False,52
0.015233,0.12,0.0,0.0243,33.81,False,52
0.015233,0.15,0.0,0.0243,34.13,False,52
0.015233,0.18,0.0,0.0243,34.5,False,52
0.015233,0.2,0.0,0.0252,35.65,False,52
0.015233,0.25,0.0,0.0252,36.89,False,52
0.015233,0.3,0.0,0.0269,38.52,False,52
0.015233,0.35,0.0,0.0286,39.72,False,52
0.015233,0.4,0.0,0.0347,40.44,False,52
0.015233,0.5,0.0,0.0356,41.93,False,52
0.015233,0.7,0.0,0.0356,46.15,False,52
0.015904,0.05,0.0,0.0208,33.19,False,52
0.015904,0.08,0.0,0.0234,33.46,False,52
0.015904,0.1,0.0,0.0234,33.53,False,52
0.015904,0.12,0.0,0.026,35.19,False,52
0.015904,0.15,0.0,0.0295,35.58,False,52
0.015904,0.18,0.0,0.0295,35.97,False,52
0.015904,0.2,0.0,0.0295,37.21,False,52
0.015904,0.25,0.0,0.0295,38.49,False,52
0.015904,0.3,0.0,0.0312,40.18,False,52
0.015904,0.35,0.0,0.033,41.45,False,52
0.015904,0.4,0.0,0.0356,42.18,False,52
0.015904,0.5,0.0,0.0365,43.72,False,52
0.015904,0.7,0.0,0.0365,48.01,False,52
0.016648,0.05,0.0,0.0208,34.44,False,52
0.016648,0.08,0.0,0.0234,34.7,False,52
0.016648,0.1,0.0,0.0234,34.77,False,52
0.016648,0.12,0.0,0.026,36.5,False,52
0.016648,0.15,0.0,0.0295,36.91,False,52
0.016648,0.18,0.0,0.0295,37.34,False,52
0.016648,0.2,0.0,0.0295,38.67,False,52
0.016648,0.25,0.0,0.0295,39.98,False,52
0.016648,0.3,0.0,0.0312,41.68,False,52
0.016648,0.35,0.0,0.033,43.04,False,52
0.016648,0.4,0.0,0.0356,43.8,False,52
0.016648,0.5,0.0,0.0365,45.39,False,52
0.016648,0.7,0.0,0.0365,49.84,False,52
0.017349,0.05,0.0,0.0208,35.59,False,52
0.017349,0.08,0.0,0.0243,35.86,False,52
0.017349,0.1,0.0,0.0243,35.93,False,52
0.017349,0.12,0.0,0.0269,37.79,False,52
0.017349,0.15,0.0,0.0304,38.23,False,52
0.017349,0.18,0.0,0.0304,38.71,False,52
0.017349,0.2,0.0,0.0304,40.07,False,52
0.017349,0.25,0.0,0.0304,41.46,False,52
0.017349,0.3,0.0,0.0321,43.23,False,52
0.017349,0.35,0.0,0.0339,44.74,False,52
0.017349,0.4,0.0,0.0365,45.52,False,52
0.017349,0.5,0.0,0.0373,47.12,False,52
0.017349,0.7,0.0,0.0373,51.66,False,52
0.018084,0.05,0.0,0.0208,36.71,False,52
0.018084,0.08,0.0,0.0243,37.01,False,52
0.018084,0.1,0.0,0.0243,37.09,False,52
0.018084,0.12,0.0,0.0269,39.04,False,52
0.018084,0.15,0.0,0.0304,39.49,False,52
0.018084,0.18,0.0,0.0304,39.98,False,52
0.018084,0.2,0.0,0.0304,41.43,False,52
0.018084,0.25,0.0,0.0304,42.84,False,52
0.018084,0.3,0.0,0.0321,44.66,False,52
0.018084,0.35,0.0,0.0339,46.22,False,52
0.018084,0.4,0.0,0.0365,47.07,False,52
0.018084,0.5,0.0,0.0382,48.76,False,52
0.018084,0.7,0.0,0.0382,53.45,False,52
0.01889,0.05,0.0,0.0208,37.86,False,52
0.01889,0.08,0.0,0.0243,38.17,False,52
0.01889,0.1,0.0,0.0243,38.25,False,52
0.01889,0.12,0.0,0.0269,40.29,False,52
0.01889,0.15,0.0,0.0304,40.77,False,52
0.01889,0.18,0.0,0.0304,41.3,False,52
0.01889,0.2,0.0,0.0304,42.87,False,52
0.01889,0.25,0.0,0.0304,44.31,False,52
0.01889,0.3,0.0,0.0321,46.33,False,52
0.01889,0.35,0.0,0.0347,47.82,False,52
0.01889,0.4,0.0,0.0373,48.71,False,52
0.01889,0.5,0.0,0.0391,50.44,False,52
0.01889,0.7,0.0,0.0391,55.3,False,52
0.019657,0.05,0.0,0.0208,38.91,False,52
0.019657,0.08,0.0,0.0243,39.23,False,52
0.019657,0.1,0.0,0.0243,39.32,False,52
0.019657,0.12,0.0,0.0269,41.44,False,52
0.019657,0.15,0.0,0.0304,41.98,False,52
0.019657,0.18,0.0,0.0304,42.55,False,52
0.019657,0.2,0.0,0.0304,44.2,False,52
0.019657,0.25,0.0,0.0304,45.71,False,52
0.019657,0.3,0.0,0.0339,47.81,False,52
0.019657,0.35,0.0,0.0365,49.4,False,52
0.019657,0.4,0.0,0.0408,50.29,False,52
0.019657,0.5,0.0,0.0425,52.22,False,52
0.019657,0.7,0.0,0.0425,57.2,False,52
0.020431,0.05,0.0,0.0208,40.1,False,52
0.020431,0.08,0.0,0.0243,40.48,False,52
0.020431,0.1,0.0,0.0243,40.58,False,52
0.020431,0.12,0.0,0.0295,42.82,False,52
0.020431,0.15,0.0,0.0339,43.38,False,52
0.020431,0.18,0.0,0.0339,44.0,False,52
0.020431,0.2,0.0,0.0339,45.75,False,52
0.020431,0.25,0.0,0.0339,47.26,False,52
0.020431,0.3,0.0,0.0373,49.45,False,52
0.020431,0.35,0.0,0.0399,51.08,False,52
0.020431,0.4,0.0,0.0503,52.03,False,52
0.020431,0.5,0.0,0.0521,53.97,False,52
0.020431,0.7,0.0,0.0521,59.14,False,52
0.021236,0.05,0.0,0.0226,41.3,False,52
0.021236,0.08,0.0,0.026,41.69,False,52
0.021236,0.1,0.0,0.026,41.81,False,52
0.021236,0.12,0.0,0.0312,44.18,False,52
0.021236,0.15,0.0,0.0356,44.75,False,52
0.021236,0.18,0.0,0.0365,45.48,False,52
0.021236,0.2,0.0,0.0365,47.31,False,52
0.021236,0.25,0.0,0.0365,48.85,False,52
0.021236,0.3,0.0,0.0399,51.08,False,52
0.021236,0.35,0.0,0.0417,52.68,False,52
0.021236,0.4,0.0,0.053,53.74,False,52
0.021236,0.5,0.0,0.0547,55.7,False,52
0.021236,0.7,0.0,0.0547,61.04,False,52
0.022171,0.05,0.0,0.0226,42.5,False,52
0.022171,0.08,0.0,0.026,42.9,False,52
0.022171,0.1,0.0,0.026,43.02,False,52
0.022171,0.12,0.0,0.0312,45.47,False,52
0.022171,0.15,0.0,0.0356,46.05,False,52
0.022171,0.18,0.0,0.0365,46.79,False,52
0.022171,0.2,0.0,0.0365,48.73,False,52
0.022171,0.25,0.0,0.0365,50.29,False,52
0.022171,0.3,0.0,0.046,52.76,False,52
0.022171,0.35,0.0,0.0477,54.3,False,52
0.022171,0.4,0.0,0.0608,55.48,False,52
0.022171,0.5,0.0,0.0625,57.51,False,52
0.022171,0.7,0.0,0.0625,62.99,False,52
0.023188,0.05,0.0,0.0226,43.66,False,52
0.023188,0.08,0.0,0.026,44.13,False,52
0.023188,0.1,0.0,0.026,44.26,False,52
0.023188,0.12,0.0,0.0365,46.77,False,52
0.023188,0.15,0.0,0.0425,47.4,False,52
0.023188,0.18,0.0,0.0434,48.14,False,52
0.023188,0.2,0.0,0.046,50.16,False,52
0.023188,0.25,0.0,0.0486,51.8,False,52
0.023188,0.3,0.0,0.0582,54.42,False,52
0.023188,0.35,0.0,0.059,56.08,False,52
0.023188,0.4,0.0,0.0729,57.26,False,52
0.023188,0.5,0.0,0.0747,59.33,False,52
0.023188,0.7,0.0,0.0747,65.07,False,52
0.024223,0.05,0.0,0.0226,44.82,False,52
0.024223,0.08,0.0,0.026,45.31,False,52
0.024223,0.1,0.0,0.026,45.44,False,52
0.024223,0.12,0.0,0.0399,48.09,False,52
0.024223,0.15,0.0,0.0425,48.72,False,52
0.024223,0.18,0.0,0.0434,49.47,False,52
0.024223,0.2,0.0,0.046,51.56,False,52
0.024223,0.25,0.0,0.0486,53.33,False,52
0.024223,0.3,0.0,0.0582,55.98,False,52
0.024223,0.35,0.0,0.059,57.74,False,52
0.024223,0.4,0.0,0.0738,58.97,False,52
0.024223,0.5,0.0,0.0781,61.2,False,52
0.024223,0.7,0.0,0.0747,67.1,False,52
0.025267,0.05,0.0,0.0226,46.11,False,52
0.025267,0.08,0.0,0.026,46.6,False,52
0.025267,0.1,0.0,0.026,46.74,False,52
0.025267,0.12,0.0,0.0417,49.47,False,52
0.025267,0.15,0.0,0.046,50.1,False,52
0.025267,0.18,0.0,0.0503,50.91,False,52
0.025267,0.2,0.0,0.053,53.07,False,52
0.025267,0.25,0.0,0.0556,54.95,False,52
0.025267,0.3,0.0,0.0651,57.78,False,52
0.025267,0.35,0.0,0.066,59.58,False,52
0.025267,0.4,0.0,0.0816,60.77,False,52
0.025267,0.5,0.0,0.0859,63.03,False,52
0.025267,0.7,0.0,0.0825,69.14,False,52
0.02639,0.05,0.0,0.0243,47.28,False,52
0.02639,0.08,0.0,0.0278,47.78,False,52
0.02639,0.1,0.0,0.0278,47.92,False,52
0.02639,0.12,0.0,0.0477,50.85,False,52
0.02639,0.15,0.0,0.0521,51.44,False,52
0.02639,0.18,0.0,0.0564,52.3,False,52
0.02639,0.2,0.0,0.059,54.53,False,52
0.02639,0.25,0.0,0.0616,56.48,False,52
0.02639,0.3,0.0,0.0712,59.54,False,52
0.02639,0.35,0.0,0.0738,61.32,False,52
0.02639,0.4,0.0,0.0894,62.61,False,52
0.02639,0.5,0.0,0.0938,65.06,False,52
0.02639,0.7,0.0,0.0894,71.18,False,52
0.027673,0.05,0.0,0.0252,48.47,False,52
0.027673,0.08,0.0,0.0286,48.98,False,52
0.027673,0.1,0.0,0.0286,49.12,False,52
0.027673,0.12,0.0,0.0503,52.22,False,52
0.027673,0.15,0.0,0.0547,52.77,False,52
0.027673,0.18,0.0,0.059,53.65,False,52
0.027673,0.2,0.0,0.0616,56.02,False,52
0.027673,0.25,0.0,0.0642,57.95,False,52
0.027673,0.3,0.0,0.0738,61.14,False,52
0.027673,0.35,0.0,0.0773,63.15,False,52
0.027673,0.4,0.0,0.0964,64.4,False,52
0.027673,0.5,0.0,0.1016,66.81,False,52
0.027673,0.7,0.0,0.0972,73.13,False,52
0.028914,0.05,0.0,0.0252,49.71,False,52
0.028914,0.08,0.0,0.0286,50.23,False,52
0.028914,0.1,0.0,0.0286,50.37,False,52
0.028914,0.12,0.0,0.0556,53.57,False,52
0.028914,0.15,0.0,0.0634,54.15,False,52
0.028914,0.18,0.0,0.0668,54.99,False,52
0.028914,0.2,0.0,0.0694,57.63,False,52
0.028914,0.25,0.0,0.0738,59.7,False,52
0.028914,0.3,0.0,0.0833,62.99,False,52
0.028914,0.35,0.0,0.0868,65.26,False,52
0.028914,0.4,0.0,0.1068,66.46,False,52
0.028914,0.5,0.0,0.112,68.79,False,52
0.028914,0.7,0.0,0.1076,75.26,False,52
0.03033,0.05,0.0,0.0252,50.94,False,52
0.03033,0.08,0.0,0.0286,51.47,False,52
0.03033,0.1,0.0,0.0286,51.61,False,52
0.03033,0.12,0.0,0.0582,55.03,False,52
0.03033,0.15,0.0,0.0651,55.6,False,52
0.03033,0.18,0.0,0.0686,56.44,False,52
0.03033,0.2,0.0,0.0712,59.23,False,52
0.03033,0.25,0.0,0.0755,61.25,False,52
0.03033,0.3,0.0,0.0851,64.62,False,52
0.03033,0.35,0.0,0.0885,66.92,False,52
0.03033,0.4,0.0,0.1137,68.21,False,52
0.03033,0.5,0.0,0.1233,70.77,False,52
0.03033,0.7,0.0,0.1189,77.34,False,52
0.032005,0.05,0.0,0.0252,52.15,False,52
0.032005,0.08,0.0,0.0286,52.68,False,52
0.032005,0.1,0.0,0.0286,52.86,False,52
0.032005,0.12,0.0,0.0799,56.44,False,52
0.032005,0.15,0.0,0.092,57.08,False,52
0.032005,0.18,0.0,0.0955,57.98,False,52
0.032005,0.2,0.0,0.0981,60.87,False,52
0.032005,0.25,0.0,0.0981,62.82,False,52
0.032005,0.3,0.0,0.1076,66.43,False,52
0.032005,0.35,0.0,0.1111,68.78,False,52
0.032005,0.4,0.0,0.1372,70.17,False,52
0.032005,0.5,0.0,0.1484,72.87,False,52
0.032005,0.7,0.0,0.1441,79.35,False,52
0.033677,0.05,0.0,0.0278,53.43,False,52
0.033677,0.08,0.0,0.0313,53.96,False,52
0.033677,0.1,0.0,0.0313,54.15,False,52
0.033677,0.12,0.0,0.0877,57.95,False,52
0.033677,0.15,0.0,0.1007,58.61,False,52
0.033677,0.18,0.0,0.1042,59.52,False,52
0.033677,0.2,0.0,0.1068,62.47,False,52
0.033677,0.25,0.0,0.1068,64.52,False,52
0.033677,0.3,0.0,0.1163,68.44,False,52
0.033677,0.35,0.0,0.1181,70.96,False,52
0.033677,0.4,0.0,0.1493,72.3,False,52
0.033677,0.5,0.0,0.1606,74.95,False,52
0.033677,0.7,0.0,0.1562,81.48,False,52
0.035655,0.05,0.0,0.0339,54.8,False,52
0.035655,0.08,0.0,0.0339,55.26,False,52
0.035655,0.1,0.0,0.0339,55.45,False,52
0.035655,0.12,0.0083,0.1726,59.59,False,52
0.035655,0.15,0.0083,0.1901,60.26,False,52
0.035655,0.18,0.0083,0.1998,61.29,False,52
0.035655,0.2,0.0083,0.2024,64.63,False,52
0.035655,0.25,0.0083,0.2024,66.72,False,52
0.035655,0.3,0.0083,0.2129,70.62,False,52
0.035655,0.35,0.0083,0.2155,73.28,False,52
0.035655,0.4,0.0083,0.2523,74.47,False,52
0.035655,0.5,0.0083,0.2637,77.18,False,52
0.035655,0.7,0.0083,0.2593,83.67,False,52
0.037975,0.05,0.0,0.0356,56.42,False,52
0.037975,0.08,0.0,0.0356,56.7,False,52
0.037975,0.1,0.0,0.0365,56.93,False,52
0.037975,0.12,0.0083,0.1796,61.04,False,52
0.037975,0.15,0.0083,0.2006,61.68,False,52
0.037975,0.18,0.0083,0.2103,63.0,False,52
0.037975,0.2,0.0083,0.2129,66.43,False,52
0.037975,0.25,0.0083,0.2129,68.68,False,52
0.037975,0.3,0.0083,0.2234,73.11,False,52
0.037975,0.35,0.0083,0.2278,75.83,False,52
0.037975,0.4,0.0083,0.2645,77.0,False,52
0.037975,0.5,0.0083,0.2794,79.46,False,52
0.037975,0.7,0.0083,0.275,85.81,False,52
0.041171,0.05,0.0,0.0556,57.85,False,52
0.041171,0.08,0.0,0.0703,58.39,False,52
0.041171,0.1,0.0083,0.1577,59.05,False,52
0.041171,0.12,0.0083,0.2689,63.14,False,52
0.041171,0.15,0.0083,0.2864,63.66,False,52
0.041171,0.18,0.0083,0.2864,64.96,False,52
0.041171,0.2,0.0083,0.289,68.4,False,52
0.041171,0.25,0.0083,0.2908,70.73,False,52
0.041171,0.3,0.0083,0.2978,75.25,False,52
0.041171,0.35,0.0083,0.3022,77.94,False,52
0.041171,0.4,0.0083,0.3232,79.09,False,52
0.041171,0.5,0.0083,0.3459,81.76,False,52
0.041171,0.7,0.0083,0.3416,88.06,False,52
0.045363,0.05,0.0083,0.2181,60.6,False,52
0.045363,0.08,0.0083,0.233,61.14,False,52
0.045363,0.1,0.0167,0.3212,61.81,False,52
0.045363,0.12,0.0167,0.4898,65.91,False,52
0.045363,0.15,0.0167,0.4968,66.21,False,52
0.045363,0.18,0.0167,0.4986,67.48,False,52
0.045363,0.2,0.0167,0.4986,70.73,False,52
0.045363,0.25,0.0167,0.5004,72.81,False,52
0.045363,0.3,0.0167,0.5074,77.7,False,52
0.045363,0.35,0.0167,0.5127,80.29,False,52
0.045363,0.4,0.0167,0.5339,81.32,False,52
0.045363,0.5,0.0167,0.5551,84.09,False,52
0.045363,0.7,0.0167,0.5471,90.33,False,52
0.015573,0.05,0.0,0.0035,27.79,True,53
0.015573,0.08,0.0,0.0035,27.86,True,53
0.015573,0.1,0.0,0.0043,30.67,False,53
0.015573,0.12,0.0,0.0043,31.85,False,53
0.015573,0.15,0.0,0.0069,32.79,False,53
0.015573,0.18,0.0,0.0069,33.44,False,53
0.015573,0.2,0.0,0.0069,33.71,False,53
0.015573,0.25,0.0,0.0078,34.72,False,53
0.015573,0.3,0.0,0.0087,35.44,False,53
0.015573,0.35,0.0,0.0113,36.28,False,53
0.015573,0.4,0.0,0.0113,37.33,False,53
0.015573,0.5,0.0,0.013,38.92,False,53
0.015573,0.7,0.0,0.013,41.89,False,53
0.016351,0.05,0.0,0.0035,28.95,True,53
0.016351,0.08,0.0,0.0035,29.01,True,53
0.016351,0.1,0.0,0.0043,31.93,False,53
0.016351,0.12,0.0,0.0043,33.15,False,53
0.016351,0.15,0.0,0.0069,34.06,False,53
0.016351,0.18,0.0,0.0087,34.76,False,53
0.016351,0.2,0.0,0.0087,35.02,False,53
0.016351,0.25,0.0,0.0095,36.05,False,53
0.016351,0.3,0.0,0.0104,36.81,False,53
0.016351,0.35,0.0,0.013,37.67,False,53
0.016351,0.4,0.0,0.013,38.78,False,53
0.016351,0.5,0.0,0.0148,40.44,False,53
0.016351,0.7,0.0,0.0148,43.6,False,53
0.017078,0.05,0.0,0.0035,30.1,True,53
0.017078,0.08,0.0,0.0035,30.18,True,53
0.017078,0.1,0.0,0.0043,33.19,False,53
0.017078,0.12,0.0,0.0043,34.5,False,53
0.017078,0.15,0.0,0.0069,35.48,False,53
0.017078,0.18,0.0,0.0087,36.22,False,53
0.017078,0.2,0.0,0.0087,36.49,False,53
0.017078,0.25,0.0,0.0095,37.57,False,53
0.017078,0.3,0.0,0.0113,38.39,False,53
0.017078,0.35,0.0,0.0139,39.24,False,53
0.017078,0.4,0.0,0.0139,40.44,False,53
0.017078,0.5,0.0,0.0156,42.16,False,53
0.017078,0.7,0.0,0.0156,45.38,False,53
0.017891,0.05,0.0,0.0035,31.12,True,53
0.017891,0.08,0.0,0.0035,31.2,True,53
0.017891,0.1,0.0,0.0043,34.38,False,53
0.017891,0.12,0.0,0.0043,35.77,False,53
0.017891,0.15,0.0,0.0069,36.81,False,53
0.017891,0.18,0.0,0.0087,37.59,False,53
0.017891,0.2,0.0,0.0087,37.85,False,53
0.017891,0.25,0.0,0.0095,38.99,False,53
0.017891,0.3,0.0,0.0113,39.8,False,53
0.017891,0.35,0.0,0.0139,40.67,False,53
0.017891,0.4,0.0,0.0139,41.93,False,53
0.017891,0.5,0.0,0.0156,43.7,False,53
0.017891,0.7,0.0,0.0156,47.0,False,53
0.018647,0.05,0.0,0.0035,32.14,True,53
0.018647,0.08,0.0,0.0035,32.23,True,53
0.018647,0.1,0.0,0.0043,35.58,False,53
0.018647,0.12,0.0,0.0043,37.06,False,53
0.018647,0.15,0.0,0.0069,38.1,False,53
0.018647,0.18,0.0,0.0087,38.92,False,53
0.018647,0.2,0.0,0.0087,39.18,False,53
0.018647,0.25,0.0,0.0122,40.42,False,53
0.018647,0.3,0.0,0.0139,41.27,False,53
0.018647,0.35,0.0,0.0148,42.13,False,53
0.018647,0.4,0.0,0.0148,43.43,False,53
0.018647,0.5,0.0,0.0165,45.27,False,53
0.018647,0.7,0.0,0.0165,48.7,False,53
0.019433,0.05,0.0,0.0035,33.21,True,53
0.019433,0.08,0.0,0.0035,33.3,True,53
0.019433,0.1,0.0,0.0043,36.73,False,53
0.019433,0.12,0.0,0.0043,38.25,False,53
0.019433,0.15,0.0,0.0069,39.34,False,53
0.019433,0.18,0.0,0.0104,40.2,False,53
0.019433,0.2,0.0,0.0104,40.47,False,53
0.019433,0.25,0.0,0.0148,41.77,False,53
0.019433,0.3,0.0,0.0165,42.7,False,53
0.019433,0.35,0.0,0.0208,43.6,False,53
0.019433,0.4,0.0,0.0208,45.0,False,53
0.019433,0.5,0.0,0.0226,46.96,False,53
0.019433,0.7,0.0,0.0226,50.45,False,53
0.020244,0.05,0.0,0.0035,34.3,True,53
0.020244,0.08,0.0,0.0035,34.42,True,53
0.020244,0.1,0.0,0.0043,38.01,False,53
0.020244,0.12,0.0,0.0043,39.59,False,53
0.020244,0.15,0.0,0.0069,40.69,False,53
0.020244,0.18,0.0,0.0104,41.56,False,53
0.020244,0.2,0.0,0.0104,41.84,False,53
0.020244,0.25,0.0,0.0148,43.17,False,53
0.020244,0.3,0.0,0.0165,44.15,False,53
0.020244,0.35,0.0,0.0208,45.17,False,53
0.020244,0.4,0.0,0.0208,46.56,False,53
0.020244,0.5,0.0,0.0226,48.63,False,53
0.020244,0.7,0.0,0.0226,52.28,False,53
0.021118,0.05,0.0,0.0035,35.36,True,53
0.021118,0.08,0.0,0.0035,35.48,True,53
0.021118,0.1,0.0,0.0069,39.34,False,53
0.021118,0.12,0.0,0.0069,40.97,False,53
0.021118,0.15,0.0,0.0095,42.05,False,53
0.021118,0.18,0.0,0.0104,42.92,False,53
0.021118,0.2,0.0,0.0104,43.2,False,53
0.021118,0.25,0.0,0.0148,44.6,False,53
0.021118,0.3,0.0,0.0165,45.61,False,53
0.021118,0.35,0.0,0.0208,46.71,False,53
0.021118,0.4,0.0,0.0208,48.24,False,53
0.021118,0.5,0.0,0.0226,50.36,False,53
0.021118,0.7,0.0,0.0226,54.19,False,53
0.0221,0.05,0.0,0.0035,36.45,True,53
0.0221,0.08,0.0,0.0035,36.55,True,53
0.0221,0.1,0.0,0.0095,40.65,False,53
0.0221,0.12,0.0,0.0148,42.43,False,53
0.0221,0.15,0.0,0.0148,43.41,False,53
0.0221,0.18,0.0,0.0156,44.26,False,53
0.0221,0.2,0.0,0.0156,44.56,False,53
0.0221,0.25,0.0,0.02,46.09,False,53
0.0221,0.3,0.0,0.0217,47.16,False,53
0.0221,0.35,0.0,0.0234,48.32,False,53
0.0221,0.4,0.0,0.0234,49.86,False,53
0.0221,0.5,0.0,0.0278,52.05,False,53
0.0221,0.7,0.0,0.0278,56.02,False,53
0.0231,0.05,0.0,0.0035,37.43,True,53
0.0231,0.08,0.0,0.0035,37.53,True,53
0.0231,0.1,0.0,0.0148,41.95,False,53
0.0231,0.12,0.0,0.0148,43.8,False,53
0.0231,0.15,0.0,0.0148,44.81,False,53
0.0231,0.18,0.0,0.0156,45.64,False,53
0.0231,0.2,0.0,0.0156,45.92,False,53
0.0231,0.25,0.0,0.02,47.6,False,53
0.0231,0.3,0.0,0.0217,48.69,False,53
0.0231,0.35,0.0,0.0234,49.8,False,53
0.0231,0.4,0.0,0.0234,51.44,False,53
0.0231,0.5,0.0,0.0278,53.84,False,53
0.0231,0.7,0.0,0.0278,57.99,False,53
0.024197,0.05,0.0,0.0035,38.51,True,53
0.024197,0.08,0.0,0.0035,38.55,True,53
0.024197,0.1,0.0,0.0156,43.17,False,53
0.024197,0.12,0.0,0.0156,45.17,False,53
0.024197,0.15,0.0,0.0156,46.33,False,53
0.024197,0.18,0.0,0.0165,47.2,False,53
0.024197,0.2,0.0,0.0165,47.5,False,53
0.024197,0.25,0.0,0.0208,49.12,False,53
0.024197,0.3,0.0,0.0226,50.24,False,53
0.024197,0.35,0.0,0.0243,51.44,False,53
0.024197,0.4,0.0,0.0243,53.05,False,53
0.024197,0.5,0.0,0.0295,55.57,False,53
0.024197,0.7,0.0,0.0295,59.97,False,53
0.025215,0.05,0.0,0.0035,39.4,True,53
0.025215,0.08,0.0,0.0035,39.44,True,53
0.025215,0.1,0.0,0.0156,44.31,False,53
0.025215,0.12,0.0,0.0156,46.36,False,53
0.025215,0.15,0.0,0.02,47.59,False,53
0.025215,0.18,0.0,0.0217,48.48,False,53
0.025215,0.2,0.0,0.0217,48.78,False,53
0.025215,0.25,0.0,0.026,50.59,False,53
0.025215,0.3,0.0,0.0295,51.74,False,53
0.025215,0.35,0.0,0.0321,53.0,False,53
0.025215,0.4,0.0,0.0321,54.63,False,53
0.025215,0.5,0.0,0.0373,57.2,False,53
0.025215,0.7,0.0,0.0373,61.97,False,53
0.026298,0.05,0.0,0.0035,40.56,True,53
0.026298,0.08,0.0,0.0035,40.6,True,53
0.026298,0.1,0.0,0.0191,45.7,False,53
0.026298,0.12,0.0,0.0191,47.68,False,53
0.026298,0.15,0.0,0.0252,48.97,False,53
0.026298,0.18,0.0,0.0278,49.95,False,53
0.026298,0.2,0.0,0.0278,50.19,False,53
0.026298,0.25,0.0,0.0304,52.06,False,53
0.026298,0.3,0.0,0.0339,53.23,False,53
0.026298,0.35,0.0,0.0365,54.55,False,53
0.026298,0.4,0.0,0.0365,56.28,False,53
0.026298,0.5,0.0,0.0417,59.2,False,53
0.026298,0.7,0.0,0.0417,63.99,False,53
0.027312,0.05,0.0,0.0035,41.7,True,53
0.027312,0.08,0.0,0.0035,41.73,True,53
0.027312,0.1,0.0,0.0226,47.0,False,53
0.027312,0.12,0.0,0.0226,49.05,False,53
0.027312,0.15,0.0,0.0286,50.36,False,53
0.027312,0.18,0.0,0.033,51.48,False,53
0.027312,0.2,0.0,0.033,51.84,False,53
0.027312,0.25,0.0,0.0347,53.8,False,53
0.027312,0.3,0.0,0.0382,55.35,False,53
0.027312,0.35,0.0,0.0408,56.98,False,53
0.027312,0.4,0.0,0.0408,58.68,False,53
0.027312,0.5,0.0,0.046,61.35,False,53
0.027312,0.7,0.0,0.046,66.26,False,53
0.028549,0.05,0.0,0.0052,42.9,False,53
0.028549,0.08,0.0,0.0052,42.92,False,53
0.028549,0.1,0.0,0.0269,48.44,False,53
0.028549,0.12,0.0,0.0269,50.59,False,53
0.028549,0.15,0.0,0.033,51.94,False,53
0.028549,0.18,0.0,0.0365,53.18,False,53
0.028549,0.2,0.0,0.0365,53.63,False,53
0.028549,0.25,0.0,0.0382,55.6,False,53
0.028549,0.3,0.0,0.0417,57.16,False,53
0.028549,0.35,0.0,0.0443,58.87,False,53
0.028549,0.4,0.0,0.0443,60.8,False,53
0.028549,0.5,0.0,0.0495,63.51,False,53
0.028549,0.7,0.0,0.0495,68.52,False,53
0.029889,0.05,0.0,0.0052,43.98,False,53
0.029889,0.08,0.0,0.0052,44.0,False,53
0.029889,0.1,0.0,0.0295,49.74,False,53
0.029889,0.12,0.0,0.0304,51.92,False,53
0.029889,0.15,0.0,0.0365,53.31,False,53
0.029889,0.18,0.0,0.0399,54.69,False,53
0.029889,0.2,0.0,0.0399,55.22,False,53
0.029889,0.25,0.0,0.0417,57.16,False,53
0.029889,0.3,0.0,0.0451,58.93,False,53
0.029889,0.35,0.0,0.0495,60.63,False,53
0.029889,0.4,0.0,0.0495,62.56,False,53
0.029889,0.5,0.0,0.0547,65.58,False,53
0.029889,0.7,0.0,0.0547,70.71,False,53
0.031303,0.05,0.0,0.0052,45.03,False,53
0.031303,0.08,0.0,0.0052,45.06,False,53
0.031303,0.1,0.0,0.0382,51.18,False,53
0.031303,0.12,0.0,0.0391,53.33,False,53
0.031303,0.15,0.0,0.0451,54.81,False,53
0.031303,0.18,0.0,0.0486,56.34,False,53
0.031303,0.2,0.0,0.0486,56.92,False,53
0.031303,0.25,0.0,0.0503,58.99,False,53
0.031303,0.3,0.0,0.0547,60.89,False,53
0.031303,0.35,0.0,0.059,62.69,False,53
0.031303,0.4,0.0,0.059,64.64,False,53
0.031303,0.5,0.0,0.0642,67.8,False,53
0.031303,0.7,0.0,0.0642,72.88,False,53
0.032968,0.05,0.0,0.0061,46.19,False,53
0.032968,0.08,0.0,0.0061,46.21,False,53
0.032968,0.1,0.0,0.053,52.5,False,53
0.032968,0.12,0.0,0.0651,54.88,False,53
0.032968,0.15,0.0,0.0712,56.32,False,53
0.032968,0.18,0.0,0.0747,57.98,False,53
0.032968,0.2,0.0,0.0747,58.67,False,53
0.032968,0.25,0.0,0.0764,60.8,False,53
0.032968,0.3,0.0,0.0807,62.81,False,53
0.032968,0.35,0.0,0.0885,64.69,False,53
0.032968,0.4,0.0,0.0885,66.87,False,53
0.032968,0.5,0.0,0.105,70.05,False,53
0.032968,0.7,0.0,0.105,75.17,False,53
0.035037,0.05,0.0,0.0104,47.43,False,53
0.035037,0.08,0.0,0.0104,47.48,False,53
0.035037,0.1,0.0,0.066,54.01,False,53
0.035037,0.12,0.0,0.0781,56.42,False,53
0.035037,0.15,0.0,0.0955,57.96,False,53
0.035037,0.18,0.0,0.0981,59.67,False,53
0.035037,0.2,0.0,0.0981,60.47,False,53
0.035037,0.25,0.0,0.0998,62.96,False,53
0.035037,0.3,0.0,0.1033,65.23,False,53
0.035037,0.35,0.0,0.1102,67.06,False,53
0.035037,0.4,0.0,0.1102,69.44,False,53
0.035037,0.5,0.0,0.1267,72.72,False,53
0.035037,0.7,0.0,0.1267,77.84,False,53
0.037,0.05,0.0,0.0113,48.74,False,53
0.037,0.08,0.0,0.0113,48.79,False,53
0.037,0.1,0.0,0.0877,55.69,False,53
0.037,0.12,0.0,0.0998,58.23,False,53
0.037,0.15,0.0,0.1128,59.7,False,53
0.037,0.18,0.0,0.1128,61.26,False,53
0.037,0.2,0.0,0.1128,62.13,False,53
0.037,0.25,0.0,0.1181,64.86,False,53
0.037,0.3,0.0,0.1215,67.72,False,53
0.037,0.35,0.0,0.1293,69.42,False,53
0.037,0.4,0.0,0.1293,71.98,False,53
0.037,0.5,0.0,0.1458,75.29,False,53
0.037,0.7,0.0,0.1458,80.21,False,53
0.039473,0.05,0.0,0.0139,49.85,False,53
0.039473,0.08,0.0,0.0156,49.91,False,53
0.039473,0.1,0.0,0.1311,57.52,False,53
0.039473,0.12,0.0,0.1389,59.89,False,53
0.039473,0.15,0.0,0.1536,61.61,False,53
0.039473,0.18,0.0,0.1536,63.54,False,53
0.039473,0.2,0.0,0.1536,64.36,False,53
0.039473,0.25,0.0,0.1589,67.35,False,53
0.039473,0.3,0.0,0.1658,70.37,False,53
0.039473,0.35,0.0,0.1736,72.08,False,53
0.039473,0.4,0.0,0.1736,74.69,False,53
0.039473,0.5,0.0,0.1892,78.52,False,53
0.039473,0.7,0.0,0.1892,83.29,False,53
0.04237,0.05,0.0,0.02,51.06,False,53
0.04237,0.08,0.0,0.02,51.14,False,53
0.04237,0.1,0.0,0.171,59.5,False,53
0.04237,0.12,0.0,0.178,61.99,False,53
0.04237,0.15,0.0,0.1944,63.68,False,53
0.04237,0.18,0.0,0.1944,65.54,False,53
0.04237,0.2,0.0,0.1944,66.45,False,53
0.04237,0.25,0.0,0.1962,69.81,False,53
0.04237,0.3,0.0,0.2057,73.6,False,53
0.04237,0.35,0.0,0.2075,74.93,False,53
0.04237,0.4,0.0,0.2075,77.72,False,53
0.04237,0.5,0.0,0.2101,81.7,False,53
0.04237,0.7,0.0,0.2101,86.43,False,53
0.04698,0.05,0.0,0.0842,53.1,False,53
0.04698,0.08,0.0,0.0842,53.15,False,53
0.04698,0.1,0.0,0.2543,61.64,False,53
0.04698,0.12,0.0,0.2648,64.09,False,53
0.04698,0.15,0.0,0.27,65.94,False,53
0.04698,0.18,0.0,0.2769,67.92,False,53
0.04698,0.2,0.0,0.2769,68.84,False,53
0.04698,0.25,0.0,0.2769,72.29,False,53
0.04698,0.3,0.0,0.2795,76.54,False,53
0.04698,0.35,0.0,0.2865,78.07,False,53
0.04698,0.4,0.0,0.2865,81.01,False,53
0.04698,0.5,0.0,0.3073,85.1,False,53
0.04698,0.7,0.0,0.3073,89.72,False,53
