id;recipe_id;nome;categoria;class_name;risk_episode;risk_episode_severity;regime;event_start;event_end;event_duration;progressive;detectable_start_035;onset_gap_035;persistent_tail;last6_mean_clean;mean_eye_gaze;mean_lane_offset;window;sensor_level
N01;N01;Normal: Viagem tranquila em rodovia;Normal;Normal;0.050000007078051564;0.050000007078051564;R1_NORMAL;-1;-1;0;0;-1;-1;0;0.05000000819563866;0.03322014957666397;0.10784706473350525;96;4
C03;C03;Critico: Celular sem cinto sob chuva;Critico;Critico;0.3752959698438644;0.3752959698438644;R1_NORMAL;26;41;16;0;28;2;0;0.05000000819563866;0.19047926366329193;0.1562718003988266;96;4
C02;C02;Critico: Fadiga com desvio cinematico;Critico;Critico;0.5983917266130447;0.5983917266130447;R1_NORMAL;29;50;22;0;32;3;1;0.2627362012863159;0.10028541833162308;0.15044572949409485;96;4
C07;C07;Critico progressivo: Sem cinto sob chuva;Critico;Critico;0.4189778044819832;0.4189778044819832;R2_STABLE_RISK;37;75;39;1;55;18;0;0.05000000819563866;0.39014995098114014;0.17474126815795898;96;4
N02;N02;Normal: Urbano moderado;Normal;Normal;0.050000007078051564;0.050000007078051564;R2_STABLE_RISK;-1;-1;0;0;-1;-1;0;0.05000000819563866;0.0381132997572422;0.0902358889579773;96;4
C05;C05;Critico progressivo: Celular em rodovia;Critico;Critico;0.39554048925638197;0.39554048925638197;R1_NORMAL;42;73;32;1;57;15;0;0.05000000819563866;0.32430389523506165;0.10084424167871475;96;4
C09;C09;Critico progressivo: Bebida ao volante;Critico;Critico;0.37574071139097215;0.37574071139097215;R1_NORMAL;38;73;36;1;61;23;0;0.05000000819563866;0.24042052030563354;0.12559814751148224;96;4
C02;C02;Critico: Fadiga com desvio cinematico;Critico;Critico;0.39378328174352645;0.39378328174352645;R2_STABLE_RISK;29;50;22;0;32;3;0;0.05000000819563866;0.09643504023551941;0.11102601140737534;96;4
C10;C10;Critico progressivo: Grooming em rodovia com fadiga;Critico;Critico;0.43332622647285457;0.43332622647285457;R1_NORMAL;40;81;42;1;63;23;0;0.05000000819563866;0.20283250510692596;0.1634778529405594;96;4
C07;C07;Critico progressivo: Sem cinto sob chuva;Critico;Critico;0.49954100549221037;0.49954100549221037;R3_FALSE_KIN;37;75;39;1;58;21;1;0.3106139898300171;0.3830151855945587;0.17892269790172577;96;4
C04;C04;Critico: Multiplas distracoes urbanas;Critico;Critico;0.3713889718055725;0.3713889718055725;R2_STABLE_RISK;22;45;24;0;24;2;0;0.05000000819563866;0.19947868585586548;0.12108185142278671;96;4
C02;C02;Critico: Fadiga com desvio cinematico;Critico;Critico;0.39378328174352645;0.39378328174352645;R1_NORMAL;29;50;22;0;32;3;0;0.05000000819563866;0.09647186845541;0.0828540027141571;96;4
C03;C03;Critico: Celular sem cinto sob chuva;Critico;Critico;0.3752959698438644;0.3752959698438644;R2_STABLE_RISK;26;41;16;0;28;2;0;0.05000000819563866;0.18962861597537994;0.11741556972265244;96;4
C02;C02;Critico: Fadiga com desvio cinematico;Critico;Critico;0.39378328174352645;0.39378328174352645;R1_NORMAL;29;50;22;0;32;3;0;0.05000000819563866;0.10187219828367233;0.08883088827133179;96;4
C06;C06;Critico progressivo: Fadiga noturna;Critico;Critico;0.45314034074544907;0.45314034074544907;R2_STABLE_RISK;36;81;46;1;60;24;0;0.05000000819563866;0.1554771214723587;0.14938998222351074;96;4
C06;C06;Critico progressivo: Fadiga noturna;Critico;Critico;0.44739418625831606;0.44739418625831606;R2_STABLE_RISK;36;81;46;1;64;28;0;0.05000000819563866;0.165571391582489;0.1435479372739792;96;4
N03;N03;Normal: Noite estável;Normal;Normal;0.050000007078051564;0.050000007078051564;R1_NORMAL;-1;-1;0;0;-1;-1;0;0.05000000819563866;0.025892838835716248;0.09944013506174088;96;4
C04;C04;Critico: Multiplas distracoes urbanas;Critico;Critico;0.3713889718055725;0.3713889718055725;R2_STABLE_RISK;22;45;24;0;24;2;0;0.05000000819563866;0.20099683105945587;0.09929677098989487;96;4
N03;N03;Normal: Noite estável;Normal;Normal;0.050000007078051564;0.050000007078051564;R1_NORMAL;-1;-1;0;0;-1;-1;0;0.05000000819563866;0.03330228105187416;0.09716179221868515;96;4
C06;C06;Critico progressivo: Fadiga noturna;Critico;Critico;0.41200090050697324;0.41200090050697324;R3_FALSE_KIN;36;81;46;1;60;24;0;0.05000000819563866;0.15767677128314972;0.11183705180883408;96;4
C09;C09;Critico progressivo: Bebida ao volante;Critico;Critico;0.3650994464755058;0.3650994464755058;R1_NORMAL;38;73;36;1;60;22;0;0.05000000819563866;0.24936886131763458;0.12603946030139923;96;4
C04;C04;Critico: Multiplas distracoes urbanas;Critico;Critico;0.3713889718055725;0.3713889718055725;R1_NORMAL;22;45;24;0;24;2;0;0.05000000819563866;0.1981712430715561;0.13720642030239105;96;4
C10;C10;Critico progressivo: Grooming em rodovia com fadiga;Critico;Critico;0.3868673324584961;0.3868673324584961;R2_STABLE_RISK;40;81;42;1;66;26;0;0.05000000819563866;0.19679705798625946;0.10763145238161087;96;4
N03;N03;Normal: Noite estável;Normal;Normal;0.050000007078051564;0.050000007078051564;R3_FALSE_KIN;-1;-1;0;0;-1;-1;0;0.05000000819563866;0.04014429822564125;0.0874687135219574;96;4
C06;C06;Critico progressivo: Fadiga noturna;Critico;Critico;0.42158221602439877;0.42158221602439877;R1_NORMAL;36;81;46;1;53;17;0;0.05000000819563866;0.1610979288816452;0.11966630071401596;96;4
C03;C03;Critico: Celular sem cinto sob chuva;Critico;Critico;0.3752959698438644;0.3752959698438644;R1_NORMAL;26;41;16;0;28;2;0;0.05000000819563866;0.19035542011260986;0.14830242097377777;96;4
C05;C05;Critico progressivo: Celular em rodovia;Critico;Critico;0.39444344490766525;0.39444344490766525;R2_STABLE_RISK;42;73;32;1;59;17;0;0.05000000819563866;0.3101963698863983;0.14483486115932465;96;4
C06;C06;Critico progressivo: Fadiga noturna;Critico;Critico;0.43769544363021845;0.43769544363021845;R2_STABLE_RISK;36;81;46;1;61;25;0;0.05000000819563866;0.15400804579257965;0.13092021644115448;96;4
C09;C09;Critico progressivo: Bebida ao volante;Critico;Critico;0.37085744887590405;0.37085744887590405;R2_STABLE_RISK;38;73;36;1;57;19;0;0.05000000819563866;0.25583067536354065;0.13275228440761566;96;4
C04;C04;Critico: Multiplas distracoes urbanas;Critico;Critico;0.3713889718055725;0.3713889718055725;R1_NORMAL;22;45;24;0;24;2;0;0.05000000819563866;0.20276379585266113;0.1323941946029663;96;4
C02;C02;Critico: Fadiga com desvio cinematico;Critico;Critico;0.6001091748476028;0.6001091748476028;R1_NORMAL;29;50;22;0;32;3;1;0.24662768840789795;0.09046190232038498;0.1325082778930664;96;4
C01;C01;Critico: Celular em alta velocidade;Critico;Critico;0.5322176605463027;0.5322176605463027;R2_STABLE_RISK;32;44;13;0;34;2;1;0.24697165191173553;0.1532701700925827;0.179124116897583;96;4
C06;C06;Critico progressivo: Fadiga noturna;Critico;Critico;0.4103924140334129;0.4103924140334129;R2_STABLE_RISK;36;81;46;1;59;23;0;0.05000000819563866;0.149924173951149;0.10620971769094467;96;4
C03;C03;Critico: Celular sem cinto sob chuva;Critico;Critico;0.6061384767293929;0.6061384767293929;R3_FALSE_KIN;26;41;16;0;28;2;1;0.19388310611248016;0.19290663301944733;0.18096907436847687;96;4
C06;C06;Critico progressivo: Fadiga noturna;Critico;Critico;0.4390502586960793;0.4390502586960793;R2_STABLE_RISK;36;81;46;1;63;27;0;0.05000000819563866;0.15772385895252228;0.1211494505405426;96;4
C06;C06;Critico progressivo: Fadiga noturna;Critico;Critico;0.4689583569765091;0.4689583569765091;R2_STABLE_RISK;36;81;46;1;60;24;1;0.3364087641239166;0.15986625850200653;0.1572718769311905;96;4
C07;C07;Critico progressivo: Sem cinto sob chuva;Critico;Critico;0.4138178944587707;0.4138178944587707;R3_FALSE_KIN;37;75;39;1;57;20;0;0.05000000819563866;0.3755675256252289;0.154131218791008;96;4
C01;C01;Critico: Celular em alta velocidade;Critico;Critico;0.5193967461585998;0.5193967461585998;R3_FALSE_KIN;32;44;13;0;34;2;1;0.22752802073955536;0.1546442061662674;0.19064946472644806;96;4
C03;C03;Critico: Celular sem cinto sob chuva;Critico;Critico;0.3752959698438644;0.3752959698438644;R1_NORMAL;26;41;16;0;28;2;0;0.05000000819563866;0.19192606210708618;0.1194806918501854;96;4
C03;C03;Critico: Celular sem cinto sob chuva;Critico;Critico;0.3752959698438644;0.3752959698438644;R1_NORMAL;26;41;16;0;28;2;0;0.05000000819563866;0.19471697509288788;0.12302800267934799;96;4
N03;N03;Normal: Noite estável;Normal;Normal;0.050000007078051564;0.050000007078051564;R2_STABLE_RISK;-1;-1;0;0;-1;-1;0;0.05000000819563866;0.03140935301780701;0.09060058742761612;96;4
N01;N01;Normal: Viagem tranquila em rodovia;Normal;Normal;0.050000007078051564;0.050000007078051564;R1_NORMAL;-1;-1;0;0;-1;-1;0;0.05000000819563866;0.035872600972652435;0.12341531366109848;96;4
C03;C03;Critico: Celular sem cinto sob chuva;Critico;Critico;0.3752959698438644;0.3752959698438644;R1_NORMAL;26;41;16;0;28;2;0;0.05000000819563866;0.1886262744665146;0.13602764904499054;96;4
C05;C05;Critico progressivo: Celular em rodovia;Critico;Critico;0.388967578113079;0.388967578113079;R3_FALSE_KIN;42;73;32;1;59;17;0;0.05000000819563866;0.3178112804889679;0.14930780231952667;96;4
C09;C09;Critico progressivo: Bebida ao volante;Critico;Critico;0.372771167755127;0.372771167755127;R1_NORMAL;38;73;36;1;59;21;0;0.05000000819563866;0.24864403903484344;0.1681126356124878;96;4
N03;N03;Normal: Noite estável;Normal;Normal;0.050000007078051564;0.050000007078051564;R1_NORMAL;-1;-1;0;0;-1;-1;0;0.05000000819563866;0.02884589321911335;0.07527333498001099;96;4
C07;C07;Critico progressivo: Sem cinto sob chuva;Critico;Critico;0.4831140130758285;0.4831140130758285;R1_NORMAL;37;75;39;1;55;18;1;0.2939116954803467;0.37964627146720886;0.187045618891716;96;4
C05;C05;Critico progressivo: Celular em rodovia;Critico;Critico;0.41180068403482434;0.41180068403482434;R2_STABLE_RISK;42;73;32;1;57;15;0;0.05000000819563866;0.3228828012943268;0.11468261480331421;96;4
C07;C07;Critico progressivo: Sem cinto sob chuva;Critico;Critico;0.4187878921627998;0.4187878921627998;R2_STABLE_RISK;37;75;39;1;57;20;0;0.05000000819563866;0.38181209564208984;0.15477226674556732;96;4
C08;C08;Critico progressivo: Distracao urbana multietapas;Critico;Critico;0.4550694406032562;0.4550694406032562;R2_STABLE_RISK;28;77;50;1;55;27;0;0.05000000819563866;0.3154844641685486;0.12150377035140991;96;4
C07;C07;Critico progressivo: Sem cinto sob chuva;Critico;Critico;0.4668423950672149;0.4668423950672149;R1_NORMAL;37;75;39;1;61;24;1;0.3220598101615906;0.3688577711582184;0.11889183521270752;96;4
C06;C06;Critico progressivo: Fadiga noturna;Critico;Critico;0.42358717173337934;0.42358717173337934;R3_FALSE_KIN;36;81;46;1;62;26;0;0.05000000819563866;0.15320254862308502;0.11068973690271378;96;4
N01;N01;Normal: Viagem tranquila em rodovia;Normal;Normal;0.050000007078051564;0.050000007078051564;R2_STABLE_RISK;-1;-1;0;0;-1;-1;0;0.05000000819563866;0.03473551943898201;0.12244287878274918;96;4
N03;N03;Normal: Noite estável;Normal;Normal;0.050000007078051564;0.050000007078051564;R1_NORMAL;-1;-1;0;0;-1;-1;0;0.05000000819563866;0.03070504404604435;0.10384348779916763;96;4
C01;C01;Critico: Celular em alta velocidade;Critico;Critico;0.29102678298950196;0.29102678298950196;R3_FALSE_KIN;32;44;13;0;34;2;0;0.05000000819563866;0.15050171315670013;0.13336491584777832;96;4
C08;C08;Critico progressivo: Distracao urbana multietapas;Critico;Critico;0.4572819858789444;0.4572819858789444;R3_FALSE_KIN;28;77;50;1;56;28;0;0.05000000819563866;0.3209253251552582;0.18627886474132538;96;4
C03;C03;Critico: Celular sem cinto sob chuva;Critico;Critico;0.6182107955217362;0.6182107955217362;R1_NORMAL;26;41;16;0;28;2;1;0.2367699146270752;0.18226933479309082;0.16905079782009125;96;4
N01;N01;Normal: Viagem tranquila em rodovia;Normal;Normal;0.050000007078051564;0.050000007078051564;R2_STABLE_RISK;-1;-1;0;0;-1;-1;0;0.05000000819563866;0.03155691921710968;0.0780349001288414;96;4
C04;C04;Critico: Multiplas distracoes urbanas;Critico;Critico;0.3713889718055725;0.3713889718055725;R2_STABLE_RISK;22;45;24;0;24;2;0;0.05000000819563866;0.19855540990829468;0.10363709181547165;96;4
C10;C10;Critico progressivo: Grooming em rodovia com fadiga;Critico;Critico;0.4312980756163597;0.4312980756163597;R1_NORMAL;40;81;42;1;65;25;0;0.05000000819563866;0.19742929935455322;0.09724020212888718;96;4
C07;C07;Critico progressivo: Sem cinto sob chuva;Critico;Critico;0.4963460057973862;0.4963460057973862;R2_STABLE_RISK;37;75;39;1;57;20;1;0.2622513473033905;0.37921103835105896;0.162557914853096;96;4
C06;C06;Critico progressivo: Fadiga noturna;Critico;Critico;0.4300180628895759;0.4300180628895759;R1_NORMAL;36;81;46;1;63;27;0;0.05000000819563866;0.15704526007175446;0.14230920374393463;96;4
C02;C02;Critico: Fadiga com desvio cinematico;Critico;Critico;0.6044215828180313;0.6044215828180313;R3_FALSE_KIN;29;50;22;0;32;3;1;0.2621600329875946;0.10371553897857666;0.18478746712207794;96;4
N02;N02;Normal: Urbano moderado;Normal;Normal;0.050000007078051564;0.050000007078051564;R2_STABLE_RISK;-1;-1;0;0;-1;-1;0;0.05000000819563866;0.030364839360117912;0.09152388572692871;96;4
C02;C02;Critico: Fadiga com desvio cinematico;Critico;Critico;0.39378328174352645;0.39378328174352645;R2_STABLE_RISK;29;50;22;0;32;3;0;0.05000000819563866;0.10272540897130966;0.10832482576370239;96;4
C04;C04;Critico: Multiplas distracoes urbanas;Critico;Critico;0.3713889718055725;0.3713889718055725;R2_STABLE_RISK;22;45;24;0;24;2;0;0.05000000819563866;0.20293714106082916;0.1120835542678833;96;4
C01;C01;Critico: Celular em alta velocidade;Critico;Critico;0.5199262142181396;0.5199262142181396;R1_NORMAL;32;44;13;0;34;2;1;0.22763317823410034;0.1561349481344223;0.14030048251152039;96;4
N03;N03;Normal: Noite estável;Normal;Normal;0.050000007078051564;0.050000007078051564;R1_NORMAL;-1;-1;0;0;-1;-1;0;0.05000000819563866;0.030349617823958397;0.10519643872976303;96;4
C01;C01;Critico: Celular em alta velocidade;Critico;Critico;0.29102678298950196;0.29102678298950196;R2_STABLE_RISK;32;44;13;0;34;2;0;0.05000000819563866;0.1611066609621048;0.09859409183263779;96;4
N03;N03;Normal: Noite estável;Normal;Normal;0.050000007078051564;0.050000007078051564;R1_NORMAL;-1;-1;0;0;-1;-1;0;0.05000000819563866;0.03518371656537056;0.09598707407712936;96;4
C04;C04;Critico: Multiplas distracoes urbanas;Critico;Critico;0.3713889718055725;0.3713889718055725;R1_NORMAL;22;45;24;0;24;2;0;0.05000000819563866;0.2056991457939148;0.1011008694767952;96;4
N01;N01;Normal: Viagem tranquila em rodovia;Normal;Normal;0.050000007078051564;0.050000007078051564;R3_FALSE_KIN;-1;-1;0;0;-1;-1;0;0.05000000819563866;0.03800453245639801;0.107206791639328;96;4
C08;C08;Critico progressivo: Distracao urbana multietapas;Critico;Critico;0.45433907210826874;0.45433907210826874;R1_NORMAL;28;77;50;1;51;23;0;0.05000000819563866;0.31600627303123474;0.1538236439228058;96;4
C09;C09;Critico progressivo: Bebida ao volante;Critico;Critico;0.3925102218985558;0.3925102218985558;R1_NORMAL;38;73;36;1;57;19;0;0.05000000819563866;0.2514289319515228;0.15473805367946625;96;4
C07;C07;Critico progressivo: Sem cinto sob chuva;Critico;Critico;0.40523196309804915;0.40523196309804915;R3_FALSE_KIN;37;75;39;1;59;22;0;0.05000000819563866;0.3776452839374542;0.1422312706708908;96;4
C09;C09;Critico progressivo: Bebida ao volante;Critico;Critico;0.384770630300045;0.384770630300045;R1_NORMAL;38;73;36;1;58;20;0;0.05000000819563866;0.24388150870800018;0.13868975639343262;96;4
C05;C05;Critico progressivo: Celular em rodovia;Critico;Critico;0.448219022154808;0.448219022154808;R1_NORMAL;42;73;32;1;59;17;1;0.2962075471878052;0.3211905062198639;0.13519056141376495;96;4
C06;C06;Critico progressivo: Fadiga noturna;Critico;Critico;0.41644524484872814;0.41644524484872814;R2_STABLE_RISK;36;81;46;1;61;25;0;0.05000000819563866;0.15971256792545319;0.09461133927106857;96;4
C05;C05;Critico progressivo: Celular em rodovia;Critico;Critico;0.38127905875444407;0.38127905875444407;R1_NORMAL;42;73;32;1;61;19;0;0.05000000819563866;0.30904707312583923;0.12080710381269455;96;4
N01;N01;Normal: Viagem tranquila em rodovia;Normal;Normal;0.050000007078051564;0.050000007078051564;R1_NORMAL;-1;-1;0;0;-1;-1;0;0.05000000819563866;0.03230833634734154;0.09282823652029037;96;4
C08;C08;Critico progressivo: Distracao urbana multietapas;Critico;Critico;0.5258200049400329;0.5258200049400329;R1_NORMAL;28;77;50;1;53;25;1;0.3000912070274353;0.3129930794239044;0.15498167276382446;96;4
N01;N01;Normal: Viagem tranquila em rodovia;Normal;Normal;0.050000007078051564;0.050000007078051564;R2_STABLE_RISK;-1;-1;0;0;-1;-1;0;0.05000000819563866;0.03599567338824272;0.10011675208806992;96;4
C02;C02;Critico: Fadiga com desvio cinematico;Critico;Critico;0.39378328174352645;0.39378328174352645;R1_NORMAL;29;50;22;0;32;3;0;0.05000000819563866;0.10335620492696762;0.14640343189239502;96;4
N03;N03;Normal: Noite estável;Normal;Normal;0.050000007078051564;0.050000007078051564;R1_NORMAL;-1;-1;0;0;-1;-1;0;0.05000000819563866;0.029093971475958824;0.1426025629043579;96;4
C06;C06;Critico progressivo: Fadiga noturna;Critico;Critico;0.4490497648715973;0.4490497648715973;R2_STABLE_RISK;36;81;46;1;61;25;1;0.325091153383255;0.1569472998380661;0.11951702833175659;96;4
N02;N02;Normal: Urbano moderado;Normal;Normal;0.050000007078051564;0.050000007078051564;R1_NORMAL;-1;-1;0;0;-1;-1;0;0.05000000819563866;0.028753824532032013;0.10243773460388184;96;4
C02;C02;Critico: Fadiga com desvio cinematico;Critico;Critico;0.6012548893690108;0.6012548893690108;R1_NORMAL;29;50;22;0;32;3;1;0.2549402415752411;0.10888230800628662;0.15968908369541168;96;4
C08;C08;Critico progressivo: Distracao urbana multietapas;Critico;Critico;0.466015014052391;0.466015014052391;R1_NORMAL;28;77;50;1;53;25;0;0.05000000819563866;0.3178879916667938;0.197352334856987;96;4
C01;C01;Critico: Celular em alta velocidade;Critico;Critico;0.29102678298950196;0.29102678298950196;R1_NORMAL;32;44;13;0;34;2;0;0.05000000819563866;0.15033654868602753;0.10458099097013474;96;4
C05;C05;Critico progressivo: Celular em rodovia;Critico;Critico;0.4534494459629059;0.4534494459629059;R2_STABLE_RISK;42;73;32;1;60;18;1;0.2523583769798279;0.31478151679039;0.14043860137462616;96;4
N01;N01;Normal: Viagem tranquila em rodovia;Normal;Normal;0.050000007078051564;0.050000007078051564;R3_FALSE_KIN;-1;-1;0;0;-1;-1;0;0.05000000819563866;0.03380801901221275;0.1182885691523552;96;4
C06;C06;Critico progressivo: Fadiga noturna;Critico;Critico;0.41818888783454894;0.41818888783454894;R2_STABLE_RISK;36;81;46;1;59;23;0;0.05000000819563866;0.1539868712425232;0.1586379110813141;96;4
C08;C08;Critico progressivo: Distracao urbana multietapas;Critico;Critico;0.5285484910011291;0.5285484910011291;R1_NORMAL;28;77;50;1;51;23;1;0.3333873450756073;0.3139033019542694;0.16195040941238403;96;4
C10;C10;Critico progressivo: Grooming em rodovia com fadiga;Critico;Critico;0.4348590165376663;0.4348590165376663;R2_STABLE_RISK;40;81;42;1;63;23;1;0.32273897528648376;0.20298993587493896;0.09961381554603577;96;4
C10;C10;Critico progressivo: Grooming em rodovia com fadiga;Critico;Critico;0.397805655002594;0.397805655002594;R1_NORMAL;40;81;42;1;61;21;0;0.05000000819563866;0.20221646130084991;0.11187834292650223;96;4
C09;C09;Critico progressivo: Bebida ao volante;Critico;Critico;0.47878652215003964;0.47878652215003964;R1_NORMAL;38;73;36;1;59;21;1;0.25225111842155457;0.24643494188785553;0.1455019861459732;96;4
C01;C01;Critico: Celular em alta velocidade;Critico;Critico;0.29102678298950196;0.29102678298950196;R3_FALSE_KIN;32;44;13;0;34;2;0;0.05000000819563866;0.15266650915145874;0.14111000299453735;96;4
C04;C04;Critico: Multiplas distracoes urbanas;Critico;Critico;0.3713889718055725;0.3713889718055725;R1_NORMAL;22;45;24;0;24;2;0;0.05000000819563866;0.2000790238380432;0.11514987796545029;96;4
C03;C03;Critico: Celular sem cinto sob chuva;Critico;Critico;0.3752959698438644;0.3752959698438644;R2_STABLE_RISK;26;41;16;0;28;2;0;0.05000000819563866;0.18380124866962433;0.15170389413833618;96;4
C05;C05;Critico progressivo: Celular em rodovia;Critico;Critico;0.3916734874248504;0.3916734874248504;R3_FALSE_KIN;42;73;32;1;59;17;0;0.05000000819563866;0.3153369128704071;0.11404825001955032;96;4
C02;C02;Critico: Fadiga com desvio cinematico;Critico;Critico;0.39378328174352645;0.39378328174352645;R3_FALSE_KIN;29;50;22;0;32;3;0;0.05000000819563866;0.09665903449058533;0.10187848657369614;96;4
N02;N02;Normal: Urbano moderado;Normal;Normal;0.050000007078051564;0.050000007078051564;R2_STABLE_RISK;-1;-1;0;0;-1;-1;0;0.05000000819563866;0.03246607258915901;0.12598265707492828;96;4
C02;C02;Critico: Fadiga com desvio cinematico;Critico;Critico;0.39378328174352645;0.39378328174352645;R3_FALSE_KIN;29;50;22;0;32;3;0;0.05000000819563866;0.10395634919404984;0.12789545953273773;96;4
C05;C05;Critico progressivo: Celular em rodovia;Critico;Critico;0.3957396045327186;0.3957396045327186;R2_STABLE_RISK;42;73;32;1;57;15;0;0.05000000819563866;0.31521737575531006;0.10813114792108536;96;4
C04;C04;Critico: Multiplas distracoes urbanas;Critico;Critico;0.3713889718055725;0.3713889718055725;R1_NORMAL;22;45;24;0;24;2;0;0.05000000819563866;0.19785405695438385;0.15047496557235718;96;4
C06;C06;Critico progressivo: Fadiga noturna;Critico;Critico;0.4850214213132858;0.4850214213132858;R2_STABLE_RISK;36;81;46;1;60;24;1;0.3363744020462036;0.16027303040027618;0.11993047595024109;96;4
C02;C02;Critico: Fadiga com desvio cinematico;Critico;Critico;0.6047952115535735;0.6047952115535735;R1_NORMAL;29;50;22;0;32;3;1;0.2640869617462158;0.09617996960878372;0.18202348053455353;96;4
C08;C08;Critico progressivo: Distracao urbana multietapas;Critico;Critico;0.441804315149784;0.441804315149784;R2_STABLE_RISK;28;77;50;1;59;31;0;0.05000000819563866;0.3100128173828125;0.16015605628490448;96;4
N01;N01;Normal: Viagem tranquila em rodovia;Normal;Normal;0.050000007078051564;0.050000007078051564;R1_NORMAL;-1;-1;0;0;-1;-1;0;0.05000000819563866;0.032899126410484314;0.07879942655563354;96;4
C07;C07;Critico progressivo: Sem cinto sob chuva;Critico;Critico;0.40739658921957017;0.40739658921957017;R1_NORMAL;37;75;39;1;59;22;0;0.05000000819563866;0.3729734420776367;0.13521309196949005;96;4
C06;C06;Critico progressivo: Fadiga noturna;Critico;Critico;0.4197608724236488;0.4197608724236488;R3_FALSE_KIN;36;81;46;1;55;19;0;0.05000000819563866;0.16699059307575226;0.12177827954292297;96;4
N03;N03;Normal: Noite estável;Normal;Normal;0.050000007078051564;0.050000007078051564;R3_FALSE_KIN;-1;-1;0;0;-1;-1;0;0.05000000819563866;0.032089296728372574;0.08681417256593704;96;4
C03;C03;Critico: Celular sem cinto sob chuva;Critico;Critico;0.6271220296621323;0.6271220296621323;R1_NORMAL;26;41;16;0;28;2;1;0.2822403013706207;0.1868576556444168;0.14016984403133392;96;4
C04;C04;Critico: Multiplas distracoes urbanas;Critico;Critico;0.5643841713666915;0.5643841713666915;R1_NORMAL;22;45;24;0;24;2;1;0.23744793236255646;0.20419293642044067;0.24784906208515167;96;4
N02;N02;Normal: Urbano moderado;Normal;Normal;0.050000007078051564;0.050000007078051564;R2_STABLE_RISK;-1;-1;0;0;-1;-1;0;0.05000000819563866;0.030514588579535484;0.10185986757278442;96;4
C01;C01;Critico: Celular em alta velocidade;Critico;Critico;0.29102678298950196;0.29102678298950196;R1_NORMAL;32;44;13;0;34;2;0;0.05000000819563866;0.1480027437210083;0.11259979009628296;96;4
C10;C10;Critico progressivo: Grooming em rodovia com fadiga;Critico;Critico;0.4097399234771728;0.4097399234771728;R3_FALSE_KIN;40;81;42;1;60;20;0;0.05000000819563866;0.20702147483825684;0.13938479125499725;96;4
C06;C06;Critico progressivo: Fadiga noturna;Critico;Critico;0.4147823557257652;0.4147823557257652;R1_NORMAL;36;81;46;1;56;20;0;0.05000000819563866;0.1605996936559677;0.1151372566819191;96;4
C07;C07;Critico progressivo: Sem cinto sob chuva;Critico;Critico;0.4107411965727806;0.4107411965727806;R2_STABLE_RISK;37;75;39;1;54;17;0;0.05000000819563866;0.3898088037967682;0.12798753380775452;96;4
C04;C04;Critico: Multiplas distracoes urbanas;Critico;Critico;0.3713889718055725;0.3713889718055725;R2_STABLE_RISK;22;45;24;0;24;2;0;0.05000000819563866;0.20359396934509277;0.13675938546657562;96;4
C05;C05;Critico progressivo: Celular em rodovia;Critico;Critico;0.4062780663371086;0.4062780663371086;R1_NORMAL;42;73;32;1;58;16;0;0.05000000819563866;0.3208253085613251;0.1006939634680748;96;4
N02;N02;Normal: Urbano moderado;Normal;Normal;0.050000007078051564;0.050000007078051564;R3_FALSE_KIN;-1;-1;0;0;-1;-1;0;0.05000000819563866;0.032135702669620514;0.11102323979139328;96;4
C04;C04;Critico: Multiplas distracoes urbanas;Critico;Critico;0.3713889718055725;0.3713889718055725;R1_NORMAL;22;45;24;0;24;2;0;0.05000000819563866;0.20921270549297333;0.13975904881954193;96;4
C08;C08;Critico progressivo: Distracao urbana multietapas;Critico;Critico;0.44536555707454684;0.44536555707454684;R1_NORMAL;28;77;50;1;55;27;0;0.05000000819563866;0.3149625062942505;0.15369318425655365;96;4
C05;C05;Critico progressivo: Celular em rodovia;Critico;Critico;0.3942266836762428;0.3942266836762428;R1_NORMAL;42;73;32;1;57;15;0;0.05000000819563866;0.3156266510486603;0.14903275668621063;96;4
C01;C01;Critico: Celular em alta velocidade;Critico;Critico;0.29102678298950196;0.29102678298950196;R1_NORMAL;32;44;13;0;34;2;0;0.05000000819563866;0.15180784463882446;0.10607423633337021;96;4
N03;N03;Normal: Noite estável;Normal;Normal;0.050000007078051564;0.050000007078051564;R3_FALSE_KIN;-1;-1;0;0;-1;-1;0;0.05000000819563866;0.03353051841259003;0.10417815297842026;96;4
C05;C05;Critico progressivo: Celular em rodovia;Critico;Critico;0.44348232448101044;0.44348232448101044;R3_FALSE_KIN;42;73;32;1;58;16;1;0.23719851672649384;0.31846559047698975;0.16253675520420074;96;4
C08;C08;Critico progressivo: Distracao urbana multietapas;Critico;Critico;0.48420264124870294;0.48420264124870294;R3_FALSE_KIN;28;77;50;1;54;26;1;0.33662569522857666;0.31076088547706604;0.18042467534542084;96;4
C03;C03;Critico: Celular sem cinto sob chuva;Critico;Critico;0.3752959698438644;0.3752959698438644;R2_STABLE_RISK;26;41;16;0;28;2;0;0.05000000819563866;0.18656684458255768;0.11899551004171371;96;4
C04;C04;Critico: Multiplas distracoes urbanas;Critico;Critico;0.5608685672283172;0.5608685672283172;R1_NORMAL;22;45;24;0;24;2;1;0.2402442842721939;0.20815980434417725;0.14827676117420197;96;4
C09;C09;Critico progressivo: Bebida ao volante;Critico;Critico;0.4665406227111816;0.4665406227111816;R3_FALSE_KIN;38;73;36;1;55;17;1;0.28057143092155457;0.2612764835357666;0.14052890241146088;96;4
C03;C03;Critico: Celular sem cinto sob chuva;Critico;Critico;0.3752959698438644;0.3752959698438644;R1_NORMAL;26;41;16;0;28;2;0;0.05000000819563866;0.1923893243074417;0.1141398549079895;96;4
C10;C10;Critico progressivo: Grooming em rodovia com fadiga;Critico;Critico;0.42670609503984447;0.42670609503984447;R2_STABLE_RISK;40;81;42;1;60;20;0;0.05000000819563866;0.1941094845533371;0.11409229040145874;96;4
C02;C02;Critico: Fadiga com desvio cinematico;Critico;Critico;0.39378328174352645;0.39378328174352645;R2_STABLE_RISK;29;50;22;0;32;3;0;0.05000000819563866;0.10107634216547012;0.1297297328710556;96;4
C05;C05;Critico progressivo: Celular em rodovia;Critico;Critico;0.39798730164766305;0.39798730164766305;R2_STABLE_RISK;42;73;32;1;60;18;0;0.05000000819563866;0.3123069107532501;0.1424119621515274;96;4
C06;C06;Critico progressivo: Fadiga noturna;Critico;Critico;0.5074719578027725;0.5074719578027725;R1_NORMAL;36;81;46;1;58;22;1;0.3529088795185089;0.16392873227596283;0.10099474340677261;96;4
C03;C03;Critico: Celular sem cinto sob chuva;Critico;Critico;0.6248527139425277;0.6248527139425277;R1_NORMAL;26;41;16;0;28;2;1;0.266553670167923;0.1871120184659958;0.231545090675354;96;4
C04;C04;Critico: Multiplas distracoes urbanas;Critico;Critico;0.5704857677221298;0.5704857677221298;R1_NORMAL;22;45;24;0;24;2;1;0.25183752179145813;0.20210659503936768;0.22961081564426422;96;4
C04;C04;Critico: Multiplas distracoes urbanas;Critico;Critico;0.3713889718055725;0.3713889718055725;R3_FALSE_KIN;22;45;24;0;24;2;0;0.05000000819563866;0.20294059813022614;0.12039496749639511;96;4
C10;C10;Critico progressivo: Grooming em rodovia com fadiga;Critico;Critico;0.3923034608364105;0.3923034608364105;R2_STABLE_RISK;40;81;42;1;64;24;0;0.05000000819563866;0.21075671911239624;0.13718023896217346;96;4
C06;C06;Critico progressivo: Fadiga noturna;Critico;Critico;0.4120748952031136;0.4120748952031136;R1_NORMAL;36;81;46;1;62;26;0;0.05000000819563866;0.1502837985754013;0.1419193297624588;96;4
N02;N02;Normal: Urbano moderado;Normal;Normal;0.050000007078051564;0.050000007078051564;R3_FALSE_KIN;-1;-1;0;0;-1;-1;0;0.05000000819563866;0.027638794854283333;0.10124596208333969;96;4
C09;C09;Critico progressivo: Bebida ao volante;Critico;Critico;0.4676484584808349;0.4676484584808349;R3_FALSE_KIN;38;73;36;1;56;18;1;0.2990042269229889;0.25028195977211;0.17770011723041534;96;4
C09;C09;Critico progressivo: Bebida ao volante;Critico;Critico;0.4679888546466827;0.4679888546466827;R1_NORMAL;38;73;36;1;57;19;1;0.3176456689834595;0.25194376707077026;0.1680161952972412;96;4
N02;N02;Normal: Urbano moderado;Normal;Normal;0.050000007078051564;0.050000007078051564;R2_STABLE_RISK;-1;-1;0;0;-1;-1;0;0.05000000819563866;0.02925911545753479;0.09373363107442856;96;4
N02;N02;Normal: Urbano moderado;Normal;Normal;0.050000007078051564;0.050000007078051564;R2_STABLE_RISK;-1;-1;0;0;-1;-1;0;0.05000000819563866;0.024968696758151054;0.10063955187797546;96;4
N03;N03;Normal: Noite estável;Normal;Normal;0.050000007078051564;0.050000007078051564;R1_NORMAL;-1;-1;0;0;-1;-1;0;0.05000000819563866;0.02970791608095169;0.08922659605741501;96;4
C05;C05;Critico progressivo: Celular em rodovia;Critico;Critico;0.4045575335621834;0.4045575335621834;R3_FALSE_KIN;42;73;32;1;58;16;0;0.05000000819563866;0.32321110367774963;0.12824846804141998;96;4
N02;N02;Normal: Urbano moderado;Normal;Normal;0.050000007078051564;0.050000007078051564;R1_NORMAL;-1;-1;0;0;-1;-1;0;0.05000000819563866;0.03353682532906532;0.1182776615023613;96;4
N01;N01;Normal: Viagem tranquila em rodovia;Normal;Normal;0.050000007078051564;0.050000007078051564;R2_STABLE_RISK;-1;-1;0;0;-1;-1;0;0.05000000819563866;0.02720893919467926;0.08388472348451614;96;4
C04;C04;Critico: Multiplas distracoes urbanas;Critico;Critico;0.3713889718055725;0.3713889718055725;R2_STABLE_RISK;22;45;24;0;24;2;0;0.05000000819563866;0.20669864118099213;0.0959327444434166;96;4
C05;C05;Critico progressivo: Celular em rodovia;Critico;Critico;0.3869034484028816;0.3869034484028816;R1_NORMAL;42;73;32;1;59;17;0;0.05000000819563866;0.3144395351409912;0.1299091875553131;96;4
C04;C04;Critico: Multiplas distracoes urbanas;Critico;Critico;0.3713889718055725;0.3713889718055725;R2_STABLE_RISK;22;45;24;0;24;2;0;0.05000000819563866;0.20109640061855316;0.16189496219158173;96;4
C02;C02;Critico: Fadiga com desvio cinematico;Critico;Critico;0.39378328174352645;0.39378328174352645;R2_STABLE_RISK;29;50;22;0;32;3;0;0.05000000819563866;0.09438085556030273;0.11471641063690186;96;4
C05;C05;Critico progressivo: Celular em rodovia;Critico;Critico;0.3726963818073272;0.3726963818073272;R1_NORMAL;42;73;32;1;61;19;0;0.05000000819563866;0.317680686712265;0.14152079820632935;96;4
C05;C05;Critico progressivo: Celular em rodovia;Critico;Critico;0.48438880741596224;0.48438880741596224;R2_STABLE_RISK;42;73;32;1;57;15;1;0.27842608094215393;0.3191651701927185;0.14594566822052002;96;4
C01;C01;Critico: Celular em alta velocidade;Critico;Critico;0.29102678298950196;0.29102678298950196;R2_STABLE_RISK;32;44;13;0;34;2;0;0.05000000819563866;0.15682412683963776;0.11992622166872025;96;4
N03;N03;Normal: Noite estável;Normal;Normal;0.050000007078051564;0.050000007078051564;R2_STABLE_RISK;-1;-1;0;0;-1;-1;0;0.05000000819563866;0.02781584858894348;0.11048123240470886;96;4
C09;C09;Critico progressivo: Bebida ao volante;Critico;Critico;0.3680554077029228;0.3680554077029228;R2_STABLE_RISK;38;73;36;1;58;20;0;0.05000000819563866;0.24033726751804352;0.15007461607456207;96;4
N03;N03;Normal: Noite estável;Normal;Normal;0.050000007078051564;0.050000007078051564;R1_NORMAL;-1;-1;0;0;-1;-1;0;0.05000000819563866;0.030533628538250923;0.109199158847332;96;4
C03;C03;Critico: Celular sem cinto sob chuva;Critico;Critico;0.3752959698438644;0.3752959698438644;R2_STABLE_RISK;26;41;16;0;28;2;0;0.05000000819563866;0.1870989203453064;0.11591800302267075;96;4
N02;N02;Normal: Urbano moderado;Normal;Normal;0.050000007078051564;0.050000007078051564;R2_STABLE_RISK;-1;-1;0;0;-1;-1;0;0.05000000819563866;0.03192116320133209;0.10791166871786118;96;4
N02;N02;Normal: Urbano moderado;Normal;Normal;0.050000007078051564;0.050000007078051564;R3_FALSE_KIN;-1;-1;0;0;-1;-1;0;0.05000000819563866;0.029072478413581848;0.08674295991659164;96;4
C01;C01;Critico: Celular em alta velocidade;Critico;Critico;0.29102678298950196;0.29102678298950196;R2_STABLE_RISK;32;44;13;0;34;2;0;0.05000000819563866;0.1533018946647644;0.11324536055326462;96;4
C07;C07;Critico progressivo: Sem cinto sob chuva;Critico;Critico;0.3903541147708892;0.3903541147708892;R1_NORMAL;37;75;39;1;61;24;0;0.05000000819563866;0.37383460998535156;0.11864998936653137;96;4
N03;N03;Normal: Noite estável;Normal;Normal;0.050000007078051564;0.050000007078051564;R1_NORMAL;-1;-1;0;0;-1;-1;0;0.05000000819563866;0.036026325076818466;0.12611143290996552;96;4
C05;C05;Critico progressivo: Celular em rodovia;Critico;Critico;0.3953013479709625;0.3953013479709625;R2_STABLE_RISK;42;73;32;1;60;18;0;0.05000000819563866;0.32007017731666565;0.1163102388381958;96;4
C07;C07;Critico progressivo: Sem cinto sob chuva;Critico;Critico;0.3929014921188354;0.3929014921188354;R2_STABLE_RISK;37;75;39;1;61;24;0;0.05000000819563866;0.37706127762794495;0.13940630853176117;96;4
N03;N03;Normal: Noite estável;Normal;Normal;0.050000007078051564;0.050000007078051564;R3_FALSE_KIN;-1;-1;0;0;-1;-1;0;0.05000000819563866;0.031532373279333115;0.06736661493778229;96;4
C06;C06;Critico progressivo: Fadiga noturna;Critico;Critico;0.40151327252388;0.40151327252388;R2_STABLE_RISK;36;81;46;1;62;26;0;0.05000000819563866;0.15747705101966858;0.10368505120277405;96;4
C03;C03;Critico: Celular sem cinto sob chuva;Critico;Critico;0.3752959698438644;0.3752959698438644;R1_NORMAL;26;41;16;0;28;2;0;0.05000000819563866;0.18286080658435822;0.13864408433437347;96;4
C08;C08;Critico progressivo: Distracao urbana multietapas;Critico;Critico;0.4442046970129013;0.4442046970129013;R3_FALSE_KIN;28;77;50;1;54;26;0;0.05000000819563866;0.3189598619937897;0.14032140374183655;96;4
C10;C10;Critico progressivo: Grooming em rodovia com fadiga;Critico;Critico;0.4345245212316513;0.4345245212316513;R1_NORMAL;40;81;42;1;65;25;1;0.3066183626651764;0.20420841872692108;0.12642459571361542;96;4
C05;C05;Critico progressivo: Celular em rodovia;Critico;Critico;0.45614753067493435;0.45614753067493435;R1_NORMAL;42;73;32;1;61;19;1;0.29281553626060486;0.3175857961177826;0.1176527738571167;96;4
C01;C01;Critico: Celular em alta velocidade;Critico;Critico;0.52355377972126;0.52355377972126;R1_NORMAL;32;44;13;0;34;2;1;0.23172958195209503;0.1569237858057022;0.19112294912338257;96;4
C09;C09;Critico progressivo: Bebida ao volante;Critico;Critico;0.41916490048170085;0.41916490048170085;R2_STABLE_RISK;38;73;36;1;56;18;0;0.05000000819563866;0.2577272057533264;0.09580878168344498;96;4
C06;C06;Critico progressivo: Fadiga noturna;Critico;Critico;0.4907039552927017;0.4907039552927017;R1_NORMAL;36;81;46;1;58;22;1;0.3484230935573578;0.16032344102859497;0.12419595569372177;96;4
C10;C10;Critico progressivo: Grooming em rodovia com fadiga;Critico;Critico;0.38509046435356137;0.38509046435356137;R2_STABLE_RISK;40;81;42;1;64;24;0;0.05000000819563866;0.1965845823287964;0.1330222636461258;96;4
C05;C05;Critico progressivo: Celular em rodovia;Critico;Critico;0.3831813976168632;0.3831813976168632;R2_STABLE_RISK;42;73;32;1;58;16;0;0.05000000819563866;0.31474676728248596;0.1251235455274582;96;4
N03;N03;Normal: Noite estável;Normal;Normal;0.050000007078051564;0.050000007078051564;R1_NORMAL;-1;-1;0;0;-1;-1;0;0.05000000819563866;0.026125019416213036;0.07552418857812881;96;4
C10;C10;Critico progressivo: Grooming em rodovia com fadiga;Critico;Critico;0.4349164694547653;0.4349164694547653;R1_NORMAL;40;81;42;1;65;25;1;0.3224177658557892;0.2016962766647339;0.140178382396698;96;4
C07;C07;Critico progressivo: Sem cinto sob chuva;Critico;Critico;0.41702298671007154;0.41702298671007154;R2_STABLE_RISK;37;75;39;1;57;20;0;0.05000000819563866;0.3753211498260498;0.11449995636940002;96;4
C01;C01;Critico: Celular em alta velocidade;Critico;Critico;0.525643065571785;0.525643065571785;R2_STABLE_RISK;32;44;13;0;34;2;1;0.2228853553533554;0.14931635558605194;0.20148617029190063;96;4
N02;N02;Normal: Urbano moderado;Normal;Normal;0.050000007078051564;0.050000007078051564;R1_NORMAL;-1;-1;0;0;-1;-1;0;0.05000000819563866;0.028778456151485443;0.10936790704727173;96;4
C07;C07;Critico progressivo: Sem cinto sob chuva;Critico;Critico;0.4143757581710815;0.4143757581710815;R2_STABLE_RISK;37;75;39;1;60;23;0;0.05000000819563866;0.3743399679660797;0.12143132090568542;96;4
C10;C10;Critico progressivo: Grooming em rodovia com fadiga;Critico;Critico;0.4144065782427787;0.4144065782427787;R2_STABLE_RISK;40;81;42;1;59;19;0;0.05000000819563866;0.2064027339220047;0.10082320123910904;96;4
C08;C08;Critico progressivo: Distracao urbana multietapas;Critico;Critico;0.45128543972969054;0.45128543972969054;R1_NORMAL;28;77;50;1;58;30;0;0.05000000819563866;0.31264516711235046;0.20894761383533478;96;4
C07;C07;Critico progressivo: Sem cinto sob chuva;Critico;Critico;0.3929273054003716;0.3929273054003716;R3_FALSE_KIN;37;75;39;1;61;24;0;0.05000000819563866;0.37775707244873047;0.1217925176024437;96;4
N02;N02;Normal: Urbano moderado;Normal;Normal;0.050000007078051564;0.050000007078051564;R3_FALSE_KIN;-1;-1;0;0;-1;-1;0;0.05000000819563866;0.027282392606139183;0.10475433617830276;96;4
C01;C01;Critico: Celular em alta velocidade;Critico;Critico;0.29102678298950196;0.29102678298950196;R1_NORMAL;32;44;13;0;34;2;0;0.05000000819563866;0.1563011109828949;0.1303001195192337;96;4
C04;C04;Critico: Multiplas distracoes urbanas;Critico;Critico;0.3713889718055725;0.3713889718055725;R3_FALSE_KIN;22;45;24;0;24;2;0;0.05000000819563866;0.20675885677337646;0.13609392940998077;96;4
C04;C04;Critico: Multiplas distracoes urbanas;Critico;Critico;0.3713889718055725;0.3713889718055725;R1_NORMAL;22;45;24;0;24;2;0;0.05000000819563866;0.19743192195892334;0.12219506502151489;96;4
C01;C01;Critico: Celular em alta velocidade;Critico;Critico;0.29102678298950196;0.29102678298950196;R2_STABLE_RISK;32;44;13;0;34;2;0;0.05000000819563866;0.14838454127311707;0.09925391525030136;96;4
C10;C10;Critico progressivo: Grooming em rodovia com fadiga;Critico;Critico;0.4253452762961387;0.4253452762961387;R2_STABLE_RISK;40;81;42;1;59;19;0;0.05000000819563866;0.19984404742717743;0.1315649002790451;96;4
C01;C01;Critico: Celular em alta velocidade;Critico;Critico;0.29102678298950196;0.29102678298950196;R3_FALSE_KIN;32;44;13;0;34;2;0;0.05000000819563866;0.15785901248455048;0.11161279678344727;96;4
C10;C10;Critico progressivo: Grooming em rodovia com fadiga;Critico;Critico;0.4609796017408371;0.4609796017408371;R3_FALSE_KIN;40;81;42;1;62;22;1;0.30767449736595154;0.19150429964065552;0.13193470239639282;96;4
C10;C10;Critico progressivo: Grooming em rodovia com fadiga;Critico;Critico;0.44249135851860044;0.44249135851860044;R1_NORMAL;40;81;42;1;63;23;1;0.2833074629306793;0.19520170986652374;0.15967907011508942;96;4
N03;N03;Normal: Noite estável;Normal;Normal;0.050000007078051564;0.050000007078051564;R3_FALSE_KIN;-1;-1;0;0;-1;-1;0;0.05000000819563866;0.03207625821232796;0.10139346122741699;96;4
C04;C04;Critico: Multiplas distracoes urbanas;Critico;Critico;0.5664331704378127;0.5664331704378127;R2_STABLE_RISK;22;45;24;0;24;2;1;0.23868297040462494;0.20420706272125244;0.1966204047203064;96;4
N01;N01;Normal: Viagem tranquila em rodovia;Normal;Normal;0.050000007078051564;0.050000007078051564;R2_STABLE_RISK;-1;-1;0;0;-1;-1;0;0.05000000819563866;0.034904126077890396;0.12259870767593384;96;4
C09;C09;Critico progressivo: Bebida ao volante;Critico;Critico;0.4523123532533645;0.4523123532533645;R1_NORMAL;38;73;36;1;58;20;1;0.2685222923755646;0.2483075112104416;0.196177139878273;96;4
N03;N03;Normal: Noite estável;Normal;Normal;0.050000007078051564;0.050000007078051564;R2_STABLE_RISK;-1;-1;0;0;-1;-1;0;0.05000000819563866;0.03309551998972893;0.11493442207574844;96;4
N02;N02;Normal: Urbano moderado;Normal;Normal;0.050000007078051564;0.050000007078051564;R1_NORMAL;-1;-1;0;0;-1;-1;0;0.05000000819563866;0.030913710594177246;0.10032831877470016;96;4
N02;N02;Normal: Urbano moderado;Normal;Normal;0.050000007078051564;0.050000007078051564;R2_STABLE_RISK;-1;-1;0;0;-1;-1;0;0.05000000819563866;0.032197676599025726;0.09693022817373276;96;4
N03;N03;Normal: Noite estável;Normal;Normal;0.050000007078051564;0.050000007078051564;R1_NORMAL;-1;-1;0;0;-1;-1;0;0.05000000819563866;0.029865777119994164;0.14783857762813568;96;4
C07;C07;Critico progressivo: Sem cinto sob chuva;Critico;Critico;0.4607032269239425;0.4607032269239425;R3_FALSE_KIN;37;75;39;1;59;22;1;0.2868274748325348;0.37984779477119446;0.16874372959136963;96;4
C02;C02;Critico: Fadiga com desvio cinematico;Critico;Critico;0.6023771315813065;0.6023771315813065;R2_STABLE_RISK;29;50;22;0;32;3;1;0.2601861357688904;0.10589426010847092;0.15558435022830963;96;4
C06;C06;Critico progressivo: Fadiga noturna;Critico;Critico;0.4445672050118446;0.4445672050118446;R2_STABLE_RISK;36;81;46;1;60;24;0;0.05000000819563866;0.15562358498573303;0.1370285153388977;96;4
C03;C03;Critico: Celular sem cinto sob chuva;Critico;Critico;0.6038568198680878;0.6038568198680878;R1_NORMAL;26;41;16;0;28;2;1;0.18131917715072632;0.1827060431241989;0.16993401944637299;96;4
C08;C08;Critico progressivo: Distracao urbana multietapas;Critico;Critico;0.528738448023796;0.528738448023796;R2_STABLE_RISK;28;77;50;1;54;26;1;0.3086020350456238;0.3242904841899872;0.17977897822856903;96;4
C04;C04;Critico: Multiplas distracoes urbanas;Critico;Critico;0.3713889718055725;0.3713889718055725;R1_NORMAL;22;45;24;0;24;2;0;0.05000000819563866;0.2060750275850296;0.12456951290369034;96;4
C08;C08;Critico progressivo: Distracao urbana multietapas;Critico;Critico;0.47596195042133327;0.47596195042133327;R3_FALSE_KIN;28;77;50;1;52;24;0;0.05000000819563866;0.3244701325893402;0.16544793546199799;96;4
C07;C07;Critico progressivo: Sem cinto sob chuva;Critico;Critico;0.4837453335523605;0.4837453335523605;R3_FALSE_KIN;37;75;39;1;60;23;1;0.2888067960739136;0.36971721053123474;0.17472434043884277;96;4
C05;C05;Critico progressivo: Celular em rodovia;Critico;Critico;0.3708864644169807;0.3708864644169807;R3_FALSE_KIN;42;73;32;1;59;17;0;0.05000000819563866;0.3121429979801178;0.13993887603282928;96;4
N03;N03;Normal: Noite estável;Normal;Normal;0.050000007078051564;0.050000007078051564;R1_NORMAL;-1;-1;0;0;-1;-1;0;0.05000000819563866;0.03141215816140175;0.11997264623641968;96;4
C06;C06;Critico progressivo: Fadiga noturna;Critico;Critico;0.41935669779777524;0.41935669779777524;R2_STABLE_RISK;36;81;46;1;59;23;0;0.05000000819563866;0.1541377604007721;0.08628199249505997;96;4
C10;C10;Critico progressivo: Grooming em rodovia com fadiga;Critico;Critico;0.4475195467472076;0.4475195467472076;R3_FALSE_KIN;40;81;42;1;59;19;1;0.33739718794822693;0.20142920315265656;0.12141885608434677;96;4
C03;C03;Critico: Celular sem cinto sob chuva;Critico;Critico;0.3752959698438644;0.3752959698438644;R1_NORMAL;26;41;16;0;28;2;0;0.05000000819563866;0.1876567155122757;0.117986761033535;96;4
N01;N01;Normal: Viagem tranquila em rodovia;Normal;Normal;0.050000007078051564;0.050000007078051564;R2_STABLE_RISK;-1;-1;0;0;-1;-1;0;0.05000000819563866;0.02888370119035244;0.09593868255615234;96;4
C10;C10;Critico progressivo: Grooming em rodovia com fadiga;Critico;Critico;0.4603019535541534;0.4603019535541534;R1_NORMAL;40;81;42;1;62;22;1;0.33434346318244934;0.20459751784801483;0.09634905308485031;96;4
C08;C08;Critico progressivo: Distracao urbana multietapas;Critico;Critico;0.5179373443126678;0.5179373443126678;R1_NORMAL;28;77;50;1;53;25;1;0.283479779958725;0.3179081678390503;0.1551218330860138;96;4
C10;C10;Critico progressivo: Grooming em rodovia com fadiga;Critico;Critico;0.4008605286478996;0.4008605286478996;R1_NORMAL;40;81;42;1;64;24;0;0.05000000819563866;0.19537687301635742;0.08187485486268997;96;4
C10;C10;Critico progressivo: Grooming em rodovia com fadiga;Critico;Critico;0.42486642450094225;0.42486642450094225;R3_FALSE_KIN;40;81;42;1;61;21;0;0.05000000819563866;0.20302633941173553;0.13255275785923004;96;4
C10;C10;Critico progressivo: Grooming em rodovia com fadiga;Critico;Critico;0.47400052249431607;0.47400052249431607;R2_STABLE_RISK;40;81;42;1;65;25;1;0.3106531798839569;0.19888484477996826;0.17915983498096466;96;4
C02;C02;Critico: Fadiga com desvio cinematico;Critico;Critico;0.39378328174352645;0.39378328174352645;R3_FALSE_KIN;29;50;22;0;32;3;0;0.05000000819563866;0.09793531894683838;0.11043374985456467;96;4
C03;C03;Critico: Celular sem cinto sob chuva;Critico;Critico;0.3752959698438644;0.3752959698438644;R2_STABLE_RISK;26;41;16;0;28;2;0;0.05000000819563866;0.1808193176984787;0.14527972042560577;96;4
C10;C10;Critico progressivo: Grooming em rodovia com fadiga;Critico;Critico;0.38080154210329054;0.38080154210329054;R2_STABLE_RISK;40;81;42;1;67;27;0;0.05000000819563866;0.19269175827503204;0.1140662431716919;96;4
C01;C01;Critico: Celular em alta velocidade;Critico;Critico;0.29102678298950196;0.29102678298950196;R3_FALSE_KIN;32;44;13;0;34;2;0;0.05000000819563866;0.15616728365421295;0.12863123416900635;96;4
C04;C04;Critico: Multiplas distracoes urbanas;Critico;Critico;0.3713889718055725;0.3713889718055725;R2_STABLE_RISK;22;45;24;0;24;2;0;0.05000000819563866;0.2026568055152893;0.15499131381511688;96;4
C04;C04;Critico: Multiplas distracoes urbanas;Critico;Critico;0.3713889718055725;0.3713889718055725;R3_FALSE_KIN;22;45;24;0;24;2;0;0.05000000819563866;0.20115505158901215;0.11610067635774612;96;4
C06;C06;Critico progressivo: Fadiga noturna;Critico;Critico;0.44481076747179027;0.44481076747179027;R2_STABLE_RISK;36;81;46;1;61;25;0;0.05000000819563866;0.1549510955810547;0.1273469477891922;96;4
C05;C05;Critico progressivo: Celular em rodovia;Critico;Critico;0.3901809260249138;0.3901809260249138;R1_NORMAL;42;73;32;1;59;17;0;0.05000000819563866;0.3193340599536896;0.10893061757087708;96;4
C02;C02;Critico: Fadiga com desvio cinematico;Critico;Critico;0.6014995276927948;0.6014995276927948;R1_NORMAL;29;50;22;0;32;3;1;0.24708884954452515;0.09926555305719376;0.1553332507610321;96;4
C02;C02;Critico: Fadiga com desvio cinematico;Critico;Critico;0.39378328174352645;0.39378328174352645;R1_NORMAL;29;50;22;0;32;3;0;0.05000000819563866;0.09217564016580582;0.12125351279973984;96;4
N01;N01;Normal: Viagem tranquila em rodovia;Normal;Normal;0.050000007078051564;0.050000007078051564;R1_NORMAL;-1;-1;0;0;-1;-1;0;0.05000000819563866;0.03579128906130791;0.07224900275468826;96;4
C07;C07;Critico progressivo: Sem cinto sob chuva;Critico;Critico;0.42978145033121107;0.42978145033121107;R2_STABLE_RISK;37;75;39;1;53;16;0;0.05000000819563866;0.38459572196006775;0.1395324021577835;96;4
N02;N02;Normal: Urbano moderado;Normal;Normal;0.050000007078051564;0.050000007078051564;R1_NORMAL;-1;-1;0;0;-1;-1;0;0.05000000819563866;0.027250468730926514;0.09263835102319717;96;4
C04;C04;Critico: Multiplas distracoes urbanas;Critico;Critico;0.3713889718055725;0.3713889718055725;R3_FALSE_KIN;22;45;24;0;24;2;0;0.05000000819563866;0.20458917319774628;0.11359896510839462;96;4
C01;C01;Critico: Celular em alta velocidade;Critico;Critico;0.5217872679233551;0.5217872679233551;R1_NORMAL;32;44;13;0;34;2;1;0.2136564403772354;0.16089163720607758;0.20776493847370148;96;4
C07;C07;Critico progressivo: Sem cinto sob chuva;Critico;Critico;0.3907600581645966;0.3907600581645966;R1_NORMAL;37;75;39;1;61;24;0;0.05000000819563866;0.3789726793766022;0.15931634604930878;96;4
C08;C08;Critico progressivo: Distracao urbana multietapas;Critico;Critico;0.5125953435897826;0.5125953435897826;R1_NORMAL;28;77;50;1;54;26;1;0.30990102887153625;0.3209051489830017;0.1687598079442978;96;4
C09;C09;Critico progressivo: Bebida ao volante;Critico;Critico;0.39393312484025955;0.39393312484025955;R2_STABLE_RISK;38;73;36;1;56;18;0;0.05000000819563866;0.25707051157951355;0.14233386516571045;96;4
C03;C03;Critico: Celular sem cinto sob chuva;Critico;Critico;0.3752959698438644;0.3752959698438644;R3_FALSE_KIN;26;41;16;0;28;2;0;0.05000000819563866;0.1868712455034256;0.17588739097118378;96;4
N02;N02;Normal: Urbano moderado;Normal;Normal;0.050000007078051564;0.050000007078051564;R2_STABLE_RISK;-1;-1;0;0;-1;-1;0;0.05000000819563866;0.03210482373833656;0.08951210975646973;96;4
C05;C05;Critico progressivo: Celular em rodovia;Critico;Critico;0.4673891752958298;0.4673891752958298;R3_FALSE_KIN;42;73;32;1;59;17;1;0.2819403111934662;0.31867867708206177;0.1673949956893921;96;4
C01;C01;Critico: Celular em alta velocidade;Critico;Critico;0.5312841266393662;0.5312841266393662;R2_STABLE_RISK;32;44;13;0;34;2;1;0.25973737239837646;0.155583918094635;0.20914249122142792;96;4
C02;C02;Critico: Fadiga com desvio cinematico;Critico;Critico;0.39378328174352645;0.39378328174352645;R2_STABLE_RISK;29;50;22;0;32;3;0;0.05000000819563866;0.09461166709661484;0.10212709754705429;96;4
C03;C03;Critico: Celular sem cinto sob chuva;Critico;Critico;0.3752959698438644;0.3752959698438644;R1_NORMAL;26;41;16;0;28;2;0;0.05000000819563866;0.18448211252689362;0.17828522622585297;96;4
C10;C10;Critico progressivo: Grooming em rodovia com fadiga;Critico;Critico;0.4231558486819267;0.4231558486819267;R2_STABLE_RISK;40;81;42;1;63;23;0;0.05000000819563866;0.19442780315876007;0.14596082270145416;96;4
C02;C02;Critico: Fadiga com desvio cinematico;Critico;Critico;0.39378328174352645;0.39378328174352645;R2_STABLE_RISK;29;50;22;0;32;3;0;0.05000000819563866;0.10269453376531601;0.14299733936786652;96;4
N01;N01;Normal: Viagem tranquila em rodovia;Normal;Normal;0.050000007078051564;0.050000007078051564;R1_NORMAL;-1;-1;0;0;-1;-1;0;0.05000000819563866;0.034400422126054764;0.10283777862787247;96;4
C02;C02;Critico: Fadiga com desvio cinematico;Critico;Critico;0.39378328174352645;0.39378328174352645;R1_NORMAL;29;50;22;0;32;3;0;0.05000000819563866;0.09770133346319199;0.13653652369976044;96;4
C06;C06;Critico progressivo: Fadiga noturna;Critico;Critico;0.4507830321788787;0.4507830321788787;R3_FALSE_KIN;36;81;46;1;64;28;1;0.329582542181015;0.15870516002178192;0.11851418018341064;96;4
C09;C09;Critico progressivo: Bebida ao volante;Critico;Critico;0.4486897826194763;0.4486897826194763;R1_NORMAL;38;73;36;1;59;21;1;0.3014355003833771;0.25171637535095215;0.13492190837860107;96;4
C05;C05;Critico progressivo: Celular em rodovia;Critico;Critico;0.3864677295088768;0.3864677295088768;R3_FALSE_KIN;42;73;32;1;61;19;0;0.05000000819563866;0.3114757537841797;0.11762437969446182;96;4
C08;C08;Critico progressivo: Distracao urbana multietapas;Critico;Critico;0.42400912344455716;0.42400912344455716;R2_STABLE_RISK;28;77;50;1;53;25;0;0.05000000819563866;0.31483784317970276;0.1685713529586792;96;4
C09;C09;Critico progressivo: Bebida ao volante;Critico;Critico;0.38448158502578733;0.38448158502578733;R1_NORMAL;38;73;36;1;56;18;0;0.05000000819563866;0.25545361638069153;0.13055376708507538;96;4
C01;C01;Critico: Celular em alta velocidade;Critico;Critico;0.29102678298950196;0.29102678298950196;R1_NORMAL;32;44;13;0;34;2;0;0.05000000819563866;0.1477847695350647;0.11857958883047104;96;4
C05;C05;Critico progressivo: Celular em rodovia;Critico;Critico;0.37188531011343;0.37188531011343;R2_STABLE_RISK;42;73;32;1;58;16;0;0.05000000819563866;0.31476926803588867;0.11221960932016373;96;4
C04;C04;Critico: Multiplas distracoes urbanas;Critico;Critico;0.3713889718055725;0.3713889718055725;R1_NORMAL;22;45;24;0;24;2;0;0.05000000819563866;0.20372851192951202;0.0990622267127037;96;4
C07;C07;Critico progressivo: Sem cinto sob chuva;Critico;Critico;0.4246460914611816;0.4246460914611816;R2_STABLE_RISK;37;75;39;1;56;19;0;0.05000000819563866;0.3814219534397125;0.12535269558429718;96;4
N02;N02;Normal: Urbano moderado;Normal;Normal;0.050000007078051564;0.050000007078051564;R2_STABLE_RISK;-1;-1;0;0;-1;-1;0;0.05000000819563866;0.037825360894203186;0.08150103688240051;96;4
C02;C02;Critico: Fadiga com desvio cinematico;Critico;Critico;0.39378328174352645;0.39378328174352645;R3_FALSE_KIN;29;50;22;0;32;3;0;0.05000000819563866;0.09790625423192978;0.14525623619556427;96;4
C02;C02;Critico: Fadiga com desvio cinematico;Critico;Critico;0.39378328174352645;0.39378328174352645;R3_FALSE_KIN;29;50;22;0;32;3;0;0.05000000819563866;0.09929864853620529;0.08296625316143036;96;4
C06;C06;Critico progressivo: Fadiga noturna;Critico;Critico;0.48687931299209597;0.48687931299209597;R3_FALSE_KIN;36;81;46;1;59;23;1;0.3573186695575714;0.1540205478668213;0.09912381321191788;96;4
C10;C10;Critico progressivo: Grooming em rodovia com fadiga;Critico;Critico;0.41985426396131514;0.41985426396131514;R1_NORMAL;40;81;42;1;64;24;0;0.05000000819563866;0.19549500942230225;0.08605515211820602;96;4
C04;C04;Critico: Multiplas distracoes urbanas;Critico;Critico;0.3713889718055725;0.3713889718055725;R3_FALSE_KIN;22;45;24;0;24;2;0;0.05000000819563866;0.19891802966594696;0.11923673003911972;96;4
C09;C09;Critico progressivo: Bebida ao volante;Critico;Critico;0.4815269231796264;0.4815269231796264;R1_NORMAL;38;73;36;1;58;20;1;0.2876252830028534;0.25516271591186523;0.17476868629455566;96;4
N01;N01;Normal: Viagem tranquila em rodovia;Normal;Normal;0.050000007078051564;0.050000007078051564;R3_FALSE_KIN;-1;-1;0;0;-1;-1;0;0.05000000819563866;0.03512087091803551;0.08761119842529297;96;4
C05;C05;Critico progressivo: Celular em rodovia;Critico;Critico;0.36092796474695205;0.36092796474695205;R1_NORMAL;42;73;32;1;58;16;0;0.05000000819563866;0.3223614990711212;0.17970816791057587;96;4
N01;N01;Normal: Viagem tranquila em rodovia;Normal;Normal;0.050000007078051564;0.050000007078051564;R1_NORMAL;-1;-1;0;0;-1;-1;0;0.05000000819563866;0.02371164597570896;0.10065639019012451;96;4
C05;C05;Critico progressivo: Celular em rodovia;Critico;Critico;0.45236115753650663;0.45236115753650663;R1_NORMAL;42;73;32;1;58;16;1;0.25140181183815;0.3177439272403717;0.15703335404396057;96;4
C09;C09;Critico progressivo: Bebida ao volante;Critico;Critico;0.39718457907438276;0.39718457907438276;R3_FALSE_KIN;38;73;36;1;57;19;0;0.05000000819563866;0.2483629733324051;0.1371275931596756;96;4
C05;C05;Critico progressivo: Celular em rodovia;Critico;Critico;0.38778407573699947;0.38778407573699947;R2_STABLE_RISK;42;73;32;1;58;16;0;0.05000000819563866;0.3225651681423187;0.14130623638629913;96;4
N02;N02;Normal: Urbano moderado;Normal;Normal;0.050000007078051564;0.050000007078051564;R1_NORMAL;-1;-1;0;0;-1;-1;0;0.05000000819563866;0.033616114407777786;0.09846926480531693;96;4
C06;C06;Critico progressivo: Fadiga noturna;Critico;Critico;0.41912097334861753;0.41912097334861753;R1_NORMAL;36;81;46;1;62;26;0;0.05000000819563866;0.15730808675289154;0.0835079774260521;96;4
C07;C07;Critico progressivo: Sem cinto sob chuva;Critico;Critico;0.4660203099250793;0.4660203099250793;R2_STABLE_RISK;37;75;39;1;58;21;1;0.2780316174030304;0.375829815864563;0.12867580354213715;96;4
C08;C08;Critico progressivo: Distracao urbana multietapas;Critico;Critico;0.44206601232290266;0.44206601232290266;R1_NORMAL;28;77;50;1;53;25;0;0.05000000819563866;0.3174791634082794;0.12358788400888443;96;4
N01;N01;Normal: Viagem tranquila em rodovia;Normal;Normal;0.050000007078051564;0.050000007078051564;R3_FALSE_KIN;-1;-1;0;0;-1;-1;0;0.05000000819563866;0.0340622253715992;0.07707887887954712;96;4
C04;C04;Critico: Multiplas distracoes urbanas;Critico;Critico;0.3713889718055725;0.3713889718055725;R1_NORMAL;22;45;24;0;24;2;0;0.05000000819563866;0.19944103062152863;0.15436187386512756;96;4
C02;C02;Critico: Fadiga com desvio cinematico;Critico;Critico;0.39378328174352645;0.39378328174352645;R2_STABLE_RISK;29;50;22;0;32;3;0;0.05000000819563866;0.08715488761663437;0.11723944544792175;96;4
N03;N03;Normal: Noite estável;Normal;Normal;0.050000007078051564;0.050000007078051564;R1_NORMAL;-1;-1;0;0;-1;-1;0;0.05000000819563866;0.03741612657904625;0.09250783175230026;96;4
C06;C06;Critico progressivo: Fadiga noturna;Critico;Critico;0.4762826740741729;0.4762826740741729;R2_STABLE_RISK;36;81;46;1;59;23;1;0.2819459140300751;0.1526673287153244;0.10386189073324203;96;4
C03;C03;Critico: Celular sem cinto sob chuva;Critico;Critico;0.3752959698438644;0.3752959698438644;R1_NORMAL;26;41;16;0;28;2;0;0.05000000819563866;0.18344084918498993;0.11534029245376587;96;4
C10;C10;Critico progressivo: Grooming em rodovia com fadiga;Critico;Critico;0.40604011416435243;0.40604011416435243;R1_NORMAL;40;81;42;1;66;26;0;0.05000000819563866;0.1943940967321396;0.09954266995191574;96;4
C01;C01;Critico: Celular em alta velocidade;Critico;Critico;0.521740698814392;0.521740698814392;R2_STABLE_RISK;32;44;13;0;34;2;1;0.26407983899116516;0.15524572134017944;0.15464343130588531;96;4
C08;C08;Critico progressivo: Distracao urbana multietapas;Critico;Critico;0.4277277603745461;0.4277277603745461;R2_STABLE_RISK;28;77;50;1;58;30;0;0.05000000819563866;0.3173363208770752;0.13539640605449677;96;4
C09;C09;Critico progressivo: Bebida ao volante;Critico;Critico;0.3713986352086067;0.3713986352086067;R2_STABLE_RISK;38;73;36;1;57;19;0;0.05000000819563866;0.2581426203250885;0.14807362854480743;96;4
C01;C01;Critico: Celular em alta velocidade;Critico;Critico;0.5256836295127869;0.5256836295127869;R3_FALSE_KIN;32;44;13;0;34;2;1;0.22165308892726898;0.15759146213531494;0.20822687447071075;96;4
C03;C03;Critico: Celular sem cinto sob chuva;Critico;Critico;0.3752959698438644;0.3752959698438644;R1_NORMAL;26;41;16;0;28;2;0;0.05000000819563866;0.1832243949174881;0.1272551566362381;96;4
C06;C06;Critico progressivo: Fadiga noturna;Critico;Critico;0.4361574470996856;0.4361574470996856;R1_NORMAL;36;81;46;1;62;26;0;0.05000000819563866;0.16603776812553406;0.1100902333855629;96;4
N02;N02;Normal: Urbano moderado;Normal;Normal;0.050000007078051564;0.050000007078051564;R2_STABLE_RISK;-1;-1;0;0;-1;-1;0;0.05000000819563866;0.02778010629117489;0.11785563081502914;96;4
C07;C07;Critico progressivo: Sem cinto sob chuva;Critico;Critico;0.4723676413297653;0.4723676413297653;R1_NORMAL;37;75;39;1;57;20;1;0.2903778553009033;0.3758060038089752;0.12692312896251678;96;4
C05;C05;Critico progressivo: Celular em rodovia;Critico;Critico;0.39656680822372437;0.39656680822372437;R2_STABLE_RISK;42;73;32;1;60;18;0;0.05000000819563866;0.31508228182792664;0.14817656576633453;96;4
C07;C07;Critico progressivo: Sem cinto sob chuva;Critico;Critico;0.4359191969037056;0.4359191969037056;R1_NORMAL;37;75;39;1;53;16;0;0.05000000819563866;0.3856087028980255;0.1270706206560135;96;4
C10;C10;Critico progressivo: Grooming em rodovia com fadiga;Critico;Critico;0.3836343482136726;0.3836343482136726;R1_NORMAL;40;81;42;1;65;25;0;0.05000000819563866;0.204340860247612;0.09374984353780746;96;4
N02;N02;Normal: Urbano moderado;Normal;Normal;0.050000007078051564;0.050000007078051564;R1_NORMAL;-1;-1;0;0;-1;-1;0;0.05000000819563866;0.029047930613160133;0.09587643295526505;96;4
N03;N03;Normal: Noite estável;Normal;Normal;0.050000007078051564;0.050000007078051564;R1_NORMAL;-1;-1;0;0;-1;-1;0;0.05000000819563866;0.035152044147253036;0.11525384336709976;96;4
C02;C02;Critico: Fadiga com desvio cinematico;Critico;Critico;0.6030030131340027;0.6030030131340027;R1_NORMAL;29;50;22;0;32;3;1;0.2548433840274811;0.10042828321456909;0.2598642110824585;96;4
C09;C09;Critico progressivo: Bebida ao volante;Critico;Critico;0.381392665207386;0.381392665207386;R1_NORMAL;38;73;36;1;57;19;0;0.05000000819563866;0.24807243049144745;0.15197937190532684;96;4
C10;C10;Critico progressivo: Grooming em rodovia com fadiga;Critico;Critico;0.3918988451361656;0.3918988451361656;R2_STABLE_RISK;40;81;42;1;62;22;0;0.05000000819563866;0.20393110811710358;0.15582774579524994;96;4
N01;N01;Normal: Viagem tranquila em rodovia;Normal;Normal;0.050000007078051564;0.050000007078051564;R2_STABLE_RISK;-1;-1;0;0;-1;-1;0;0.05000000819563866;0.032797861844301224;0.09958738088607788;96;4
C10;C10;Critico progressivo: Grooming em rodovia com fadiga;Critico;Critico;0.3892278179526329;0.3892278179526329;R2_STABLE_RISK;40;81;42;1;66;26;0;0.05000000819563866;0.1967337727546692;0.11461257934570312;96;4
N01;N01;Normal: Viagem tranquila em rodovia;Normal;Normal;0.050000007078051564;0.050000007078051564;R1_NORMAL;-1;-1;0;0;-1;-1;0;0.05000000819563866;0.03472276031970978;0.10016753524541855;96;4
C09;C09;Critico progressivo: Bebida ao volante;Critico;Critico;0.4162966653704643;0.4162966653704643;R1_NORMAL;38;73;36;1;55;17;0;0.05000000819563866;0.254826158285141;0.1720617562532425;96;4
C03;C03;Critico: Celular sem cinto sob chuva;Critico;Critico;0.3752959698438644;0.3752959698438644;R2_STABLE_RISK;26;41;16;0;28;2;0;0.05000000819563866;0.1893845945596695;0.1300957053899765;96;4
C03;C03;Critico: Celular sem cinto sob chuva;Critico;Critico;0.3752959698438644;0.3752959698438644;R3_FALSE_KIN;26;41;16;0;28;2;0;0.05000000819563866;0.18004803359508514;0.11286822706460953;96;4
C01;C01;Critico: Celular em alta velocidade;Critico;Critico;0.29102678298950196;0.29102678298950196;R2_STABLE_RISK;32;44;13;0;34;2;0;0.05000000819563866;0.16036486625671387;0.11023170500993729;96;4
C06;C06;Critico progressivo: Fadiga noturna;Critico;Critico;0.45478623509407046;0.45478623509407046;R2_STABLE_RISK;36;81;46;1;54;18;0;0.05000000819563866;0.1668061763048172;0.09719812870025635;96;4
N03;N03;Normal: Noite estável;Normal;Normal;0.050000007078051564;0.050000007078051564;R2_STABLE_RISK;-1;-1;0;0;-1;-1;0;0.05000000819563866;0.03563747927546501;0.08567986637353897;96;4
C03;C03;Critico: Celular sem cinto sob chuva;Critico;Critico;0.3752959698438644;0.3752959698438644;R1_NORMAL;26;41;16;0;28;2;0;0.05000000819563866;0.1876605749130249;0.1258242130279541;96;4
N03;N03;Normal: Noite estável;Normal;Normal;0.050000007078051564;0.050000007078051564;R2_STABLE_RISK;-1;-1;0;0;-1;-1;0;0.05000000819563866;0.03401385620236397;0.08506285399198532;96;4
N01;N01;Normal: Viagem tranquila em rodovia;Normal;Normal;0.050000007078051564;0.050000007078051564;R3_FALSE_KIN;-1;-1;0;0;-1;-1;0;0.05000000819563866;0.03245009854435921;0.09588632732629776;96;4
C02;C02;Critico: Fadiga com desvio cinematico;Critico;Critico;0.39378328174352645;0.39378328174352645;R1_NORMAL;29;50;22;0;32;3;0;0.05000000819563866;0.09817143529653549;0.10713531821966171;96;4
C08;C08;Critico progressivo: Distracao urbana multietapas;Critico;Critico;0.47097302973270416;0.47097302973270416;R1_NORMAL;28;77;50;1;51;23;0;0.05000000819563866;0.3216628134250641;0.14948445558547974;96;4
C09;C09;Critico progressivo: Bebida ao volante;Critico;Critico;0.3796455919742584;0.3796455919742584;R3_FALSE_KIN;38;73;36;1;58;20;0;0.05000000819563866;0.24571792781352997;0.113603375852108;96;4
N02;N02;Normal: Urbano moderado;Normal;Normal;0.050000007078051564;0.050000007078051564;R1_NORMAL;-1;-1;0;0;-1;-1;0;0.05000000819563866;0.031414423137903214;0.10206270962953568;96;4
C07;C07;Critico progressivo: Sem cinto sob chuva;Critico;Critico;0.4751409351825714;0.4751409351825714;R2_STABLE_RISK;37;75;39;1;60;23;1;0.3051680624485016;0.3729332983493805;0.1658557802438736;96;4
C09;C09;Critico progressivo: Bebida ao volante;Critico;Critico;0.4694649904966354;0.4694649904966354;R2_STABLE_RISK;38;73;36;1;57;19;1;0.2898752987384796;0.25393152236938477;0.1415439397096634;96;4
N02;N02;Normal: Urbano moderado;Normal;Normal;0.050000007078051564;0.050000007078051564;R2_STABLE_RISK;-1;-1;0;0;-1;-1;0;0.05000000819563866;0.03474597632884979;0.10797081142663956;96;4
C04;C04;Critico: Multiplas distracoes urbanas;Critico;Critico;0.3713889718055725;0.3713889718055725;R1_NORMAL;22;45;24;0;24;2;0;0.05000000819563866;0.19801491498947144;0.13247905671596527;96;4
N01;N01;Normal: Viagem tranquila em rodovia;Normal;Normal;0.050000007078051564;0.050000007078051564;R3_FALSE_KIN;-1;-1;0;0;-1;-1;0;0.05000000819563866;0.022446030750870705;0.07971212267875671;96;4
N01;N01;Normal: Viagem tranquila em rodovia;Normal;Normal;0.050000007078051564;0.050000007078051564;R1_NORMAL;-1;-1;0;0;-1;-1;0;0.05000000819563866;0.03222193568944931;0.09064964205026627;96;4
N02;N02;Normal: Urbano moderado;Normal;Normal;0.050000007078051564;0.050000007078051564;R3_FALSE_KIN;-1;-1;0;0;-1;-1;0;0.05000000819563866;0.03357623890042305;0.08474095910787582;96;4
N02;N02;Normal: Urbano moderado;Normal;Normal;0.050000007078051564;0.050000007078051564;R1_NORMAL;-1;-1;0;0;-1;-1;0;0.05000000819563866;0.036355793476104736;0.11553118377923965;96;4
C06;C06;Critico progressivo: Fadiga noturna;Critico;Critico;0.4930885702371597;0.4930885702371597;R1_NORMAL;36;81;46;1;54;18;1;0.3138435184955597;0.1649782508611679;0.1307365745306015;96;4
N02;N02;Normal: Urbano moderado;Normal;Normal;0.050000007078051564;0.050000007078051564;R2_STABLE_RISK;-1;-1;0;0;-1;-1;0;0.05000000819563866;0.02791055478155613;0.08757736533880234;96;4
C02;C02;Critico: Fadiga com desvio cinematico;Critico;Critico;0.39378328174352645;0.39378328174352645;R3_FALSE_KIN;29;50;22;0;32;3;0;0.05000000819563866;0.09578043222427368;0.14488252997398376;96;4
C08;C08;Critico progressivo: Distracao urbana multietapas;Critico;Critico;0.4972345262765884;0.4972345262765884;R1_NORMAL;28;77;50;1;51;23;1;0.3166194260120392;0.317512184381485;0.1566893309354782;96;4
C02;C02;Critico: Fadiga com desvio cinematico;Critico;Critico;0.5904190510511398;0.5904190510511398;R2_STABLE_RISK;29;50;22;0;32;3;1;0.19652175903320312;0.09880241006612778;0.1733647584915161;96;4
C05;C05;Critico progressivo: Celular em rodovia;Critico;Critico;0.45377127826213837;0.45377127826213837;R2_STABLE_RISK;42;73;32;1;60;18;1;0.26743003726005554;0.3181937038898468;0.13472242653369904;96;4
C08;C08;Critico progressivo: Distracao urbana multietapas;Critico;Critico;0.45704705417156216;0.45704705417156216;R2_STABLE_RISK;28;77;50;1;51;23;0;0.05000000819563866;0.321930468082428;0.13720671832561493;96;4
C04;C04;Critico: Multiplas distracoes urbanas;Critico;Critico;0.3713889718055725;0.3713889718055725;R1_NORMAL;22;45;24;0;24;2;0;0.05000000819563866;0.20387430489063263;0.1345292031764984;96;4
N03;N03;Normal: Noite estável;Normal;Normal;0.050000007078051564;0.050000007078051564;R1_NORMAL;-1;-1;0;0;-1;-1;0;0.05000000819563866;0.024643966928124428;0.12990707159042358;96;4
C02;C02;Critico: Fadiga com desvio cinematico;Critico;Critico;0.39378328174352645;0.39378328174352645;R2_STABLE_RISK;29;50;22;0;32;3;0;0.05000000819563866;0.09464476257562637;0.09613915532827377;96;4
C10;C10;Critico progressivo: Grooming em rodovia com fadiga;Critico;Critico;0.40636321306228634;0.40636321306228634;R1_NORMAL;40;81;42;1;60;20;0;0.05000000819563866;0.2007431983947754;0.09895142167806625;96;4
N01;N01;Normal: Viagem tranquila em rodovia;Normal;Normal;0.050000007078051564;0.050000007078051564;R1_NORMAL;-1;-1;0;0;-1;-1;0;0.05000000819563866;0.027177274227142334;0.12958423793315887;96;4
C05;C05;Critico progressivo: Celular em rodovia;Critico;Critico;0.4545652061700821;0.4545652061700821;R1_NORMAL;42;73;32;1;59;17;1;0.3080582618713379;0.3214834928512573;0.13353407382965088;96;4
N01;N01;Normal: Viagem tranquila em rodovia;Normal;Normal;0.050000007078051564;0.050000007078051564;R2_STABLE_RISK;-1;-1;0;0;-1;-1;0;0.05000000819563866;0.03701883926987648;0.15088076889514923;96;4
C03;C03;Critico: Celular sem cinto sob chuva;Critico;Critico;0.3752959698438644;0.3752959698438644;R2_STABLE_RISK;26;41;16;0;28;2;0;0.05000000819563866;0.18779683113098145;0.14361755549907684;96;4
C06;C06;Critico progressivo: Fadiga noturna;Critico;Critico;0.5016560107469559;0.5016560107469559;R2_STABLE_RISK;36;81;46;1;61;25;1;0.3427301347255707;0.1526014357805252;0.0878772959113121;96;4
C05;C05;Critico progressivo: Celular em rodovia;Critico;Critico;0.37779896855354306;0.37779896855354306;R1_NORMAL;42;73;32;1;59;17;0;0.05000000819563866;0.31172284483909607;0.12334567308425903;96;4
N01;N01;Normal: Viagem tranquila em rodovia;Normal;Normal;0.050000007078051564;0.050000007078051564;R3_FALSE_KIN;-1;-1;0;0;-1;-1;0;0.05000000819563866;0.03087521158158779;0.11595041304826736;96;4
C03;C03;Critico: Celular sem cinto sob chuva;Critico;Critico;0.3752959698438644;0.3752959698438644;R2_STABLE_RISK;26;41;16;0;28;2;0;0.05000000819563866;0.18794411420822144;0.09783770889043808;96;4
C07;C07;Critico progressivo: Sem cinto sob chuva;Critico;Critico;0.4090727850794792;0.4090727850794792;R1_NORMAL;37;75;39;1;56;19;0;0.05000000819563866;0.3797319829463959;0.12382062524557114;96;4
C09;C09;Critico progressivo: Bebida ao volante;Critico;Critico;0.415986567735672;0.415986567735672;R2_STABLE_RISK;38;73;36;1;56;18;0;0.05000000819563866;0.24743324518203735;0.15376771986484528;96;4
N02;N02;Normal: Urbano moderado;Normal;Normal;0.050000007078051564;0.050000007078051564;R1_NORMAL;-1;-1;0;0;-1;-1;0;0.05000000819563866;0.032779473811388016;0.0746907889842987;96;4
N01;N01;Normal: Viagem tranquila em rodovia;Normal;Normal;0.050000007078051564;0.050000007078051564;R2_STABLE_RISK;-1;-1;0;0;-1;-1;0;0.05000000819563866;0.03356967493891716;0.10509813576936722;96;4
N01;N01;Normal: Viagem tranquila em rodovia;Normal;Normal;0.050000007078051564;0.050000007078051564;R3_FALSE_KIN;-1;-1;0;0;-1;-1;0;0.05000000819563866;0.031925350427627563;0.15714703500270844;96;4
C02;C02;Critico: Fadiga com desvio cinematico;Critico;Critico;0.39378328174352645;0.39378328174352645;R3_FALSE_KIN;29;50;22;0;32;3;0;0.05000000819563866;0.09689029306173325;0.1602977067232132;96;4
N02;N02;Normal: Urbano moderado;Normal;Normal;0.050000007078051564;0.050000007078051564;R1_NORMAL;-1;-1;0;0;-1;-1;0;0.05000000819563866;0.035195644944906235;0.08546637743711472;96;4
C02;C02;Critico: Fadiga com desvio cinematico;Critico;Critico;0.39378328174352645;0.39378328174352645;R1_NORMAL;29;50;22;0;32;3;0;0.05000000819563866;0.10031628608703613;0.15379340946674347;96;4
C05;C05;Critico progressivo: Celular em rodovia;Critico;Critico;0.4610495686531067;0.4610495686531067;R1_NORMAL;42;73;32;1;62;20;1;0.3059495687484741;0.31394439935684204;0.16090907156467438;96;4
C09;C09;Critico progressivo: Bebida ao volante;Critico;Critico;0.4026634812355041;0.4026634812355041;R3_FALSE_KIN;38;73;36;1;59;21;0;0.05000000819563866;0.24453788995742798;0.12668831646442413;96;4
N03;N03;Normal: Noite estável;Normal;Normal;0.050000007078051564;0.050000007078051564;R2_STABLE_RISK;-1;-1;0;0;-1;-1;0;0.05000000819563866;0.027135029435157776;0.09548113495111465;96;4
N01;N01;Normal: Viagem tranquila em rodovia;Normal;Normal;0.050000007078051564;0.050000007078051564;R2_STABLE_RISK;-1;-1;0;0;-1;-1;0;0.05000000819563866;0.0353548526763916;0.09967520833015442;96;4
C04;C04;Critico: Multiplas distracoes urbanas;Critico;Critico;0.3713889718055725;0.3713889718055725;R1_NORMAL;22;45;24;0;24;2;0;0.05000000819563866;0.19537027180194855;0.12348472326993942;96;4
C03;C03;Critico: Celular sem cinto sob chuva;Critico;Critico;0.3752959698438644;0.3752959698438644;R2_STABLE_RISK;26;41;16;0;28;2;0;0.05000000819563866;0.18648235499858856;0.12144017964601517;96;4
C09;C09;Critico progressivo: Bebida ao volante;Critico;Critico;0.4074975252151489;0.4074975252151489;R2_STABLE_RISK;38;73;36;1;54;16;0;0.05000000819563866;0.24488675594329834;0.12621234357357025;96;4
C07;C07;Critico progressivo: Sem cinto sob chuva;Critico;Critico;0.42283195108175275;0.42283195108175275;R1_NORMAL;37;75;39;1;56;19;0;0.05000000819563866;0.3787466585636139;0.12373670935630798;96;4
C10;C10;Critico progressivo: Grooming em rodovia com fadiga;Critico;Critico;0.402558059990406;0.402558059990406;R2_STABLE_RISK;40;81;42;1;64;24;0;0.05000000819563866;0.20011615753173828;0.12249364703893661;96;4
C03;C03;Critico: Celular sem cinto sob chuva;Critico;Critico;0.6073706120252609;0.6073706120252609;R1_NORMAL;26;41;16;0;28;2;1;0.2685769498348236;0.19050566852092743;0.1299288123846054;96;4
C04;C04;Critico: Multiplas distracoes urbanas;Critico;Critico;0.3713889718055725;0.3713889718055725;R2_STABLE_RISK;22;45;24;0;24;2;0;0.05000000819563866;0.19616134464740753;0.15766356885433197;96;4
C08;C08;Critico progressivo: Distracao urbana multietapas;Critico;Critico;0.4374120160937309;0.4374120160937309;R3_FALSE_KIN;28;77;50;1;55;27;0;0.05000000819563866;0.3194934129714966;0.13982312381267548;96;4
C08;C08;Critico progressivo: Distracao urbana multietapas;Critico;Critico;0.5139773577451705;0.5139773577451705;R1_NORMAL;28;77;50;1;55;27;1;0.29434138536453247;0.3182937204837799;0.19329941272735596;96;4
C03;C03;Critico: Celular sem cinto sob chuva;Critico;Critico;0.6199651598930358;0.6199651598930358;R2_STABLE_RISK;26;41;16;0;28;2;1;0.2537434697151184;0.18640373647212982;0.18227790296077728;96;4
C03;C03;Critico: Celular sem cinto sob chuva;Critico;Critico;0.3752959698438644;0.3752959698438644;R3_FALSE_KIN;26;41;16;0;28;2;0;0.05000000819563866;0.18292640149593353;0.14751313626766205;96;4
C05;C05;Critico progressivo: Celular em rodovia;Critico;Critico;0.4539464622735977;0.4539464622735977;R1_NORMAL;42;73;32;1;59;17;1;0.27044209837913513;0.3126397728919983;0.12352895736694336;96;4
C08;C08;Critico progressivo: Distracao urbana multietapas;Critico;Critico;0.45297629088163377;0.45297629088163377;R3_FALSE_KIN;28;77;50;1;55;27;0;0.05000000819563866;0.31759241223335266;0.14729787409305573;96;4
C06;C06;Critico progressivo: Fadiga noturna;Critico;Critico;0.48060248196125027;0.48060248196125027;R2_STABLE_RISK;36;81;46;1;60;24;1;0.35619935393333435;0.1572987586259842;0.0925615057349205;96;4
C08;C08;Critico progressivo: Distracao urbana multietapas;Critico;Critico;0.4197426959872246;0.4197426959872246;R1_NORMAL;28;77;50;1;60;32;0;0.05000000819563866;0.3121601641178131;0.14465083181858063;96;4
C04;C04;Critico: Multiplas distracoes urbanas;Critico;Critico;0.56953746676445;0.56953746676445;R1_NORMAL;22;45;24;0;24;2;1;0.23036931455135345;0.20306771993637085;0.1879897117614746;96;4
C01;C01;Critico: Celular em alta velocidade;Critico;Critico;0.29102678298950196;0.29102678298950196;R2_STABLE_RISK;32;44;13;0;34;2;0;0.05000000819563866;0.15454339981079102;0.1113572046160698;96;4
C09;C09;Critico progressivo: Bebida ao volante;Critico;Critico;0.41513564586639407;0.41513564586639407;R2_STABLE_RISK;38;73;36;1;56;18;0;0.05000000819563866;0.2548147439956665;0.15851692855358124;96;4
C02;C02;Critico: Fadiga com desvio cinematico;Critico;Critico;0.589561054110527;0.589561054110527;R3_FALSE_KIN;29;50;22;0;32;3;1;0.2183118611574173;0.09735646098852158;0.17155034840106964;96;4
N03;N03;Normal: Noite estável;Normal;Normal;0.050000007078051564;0.050000007078051564;R1_NORMAL;-1;-1;0;0;-1;-1;0;0.05000000819563866;0.03024786151945591;0.11586132645606995;96;4
C05;C05;Critico progressivo: Celular em rodovia;Critico;Critico;0.37375766485929485;0.37375766485929485;R1_NORMAL;42;73;32;1;58;16;0;0.05000000819563866;0.3185247480869293;0.1592206507921219;96;4
C01;C01;Critico: Celular em alta velocidade;Critico;Critico;0.29102678298950196;0.29102678298950196;R1_NORMAL;32;44;13;0;34;2;0;0.05000000819563866;0.15735526382923126;0.1550300121307373;96;4
N01;N01;Normal: Viagem tranquila em rodovia;Normal;Normal;0.050000007078051564;0.050000007078051564;R1_NORMAL;-1;-1;0;0;-1;-1;0;0.05000000819563866;0.03187958523631096;0.13115668296813965;96;4
C01;C01;Critico: Celular em alta velocidade;Critico;Critico;0.5162144273519516;0.5162144273519516;R1_NORMAL;32;44;13;0;34;2;1;0.20428220927715302;0.15224763751029968;0.18095086514949799;96;4
N02;N02;Normal: Urbano moderado;Normal;Normal;0.050000007078051564;0.050000007078051564;R2_STABLE_RISK;-1;-1;0;0;-1;-1;0;0.05000000819563866;0.02950935624539852;0.10866888612508774;96;4
C09;C09;Critico progressivo: Bebida ao volante;Critico;Critico;0.3891670867800713;0.3891670867800713;R2_STABLE_RISK;38;73;36;1;57;19;0;0.05000000819563866;0.2473597377538681;0.12879687547683716;96;4
C05;C05;Critico progressivo: Celular em rodovia;Critico;Critico;0.3669868767261505;0.3669868767261505;R2_STABLE_RISK;42;73;32;1;59;17;0;0.05000000819563866;0.31625667214393616;0.13814829289913177;96;4
C08;C08;Critico progressivo: Distracao urbana multietapas;Critico;Critico;0.45382760763168334;0.45382760763168334;R2_STABLE_RISK;28;77;50;1;55;27;0;0.05000000819563866;0.3218245804309845;0.10751967877149582;96;4
C02;C02;Critico: Fadiga com desvio cinematico;Critico;Critico;0.39378328174352645;0.39378328174352645;R1_NORMAL;29;50;22;0;32;3;0;0.05000000819563866;0.0964043140411377;0.12049580365419388;96;4
C03;C03;Critico: Celular sem cinto sob chuva;Critico;Critico;0.3752959698438644;0.3752959698438644;R3_FALSE_KIN;26;41;16;0;28;2;0;0.05000000819563866;0.18838684260845184;0.10707179456949234;96;4
N01;N01;Normal: Viagem tranquila em rodovia;Normal;Normal;0.050000007078051564;0.050000007078051564;R3_FALSE_KIN;-1;-1;0;0;-1;-1;0;0.05000000819563866;0.03134677931666374;0.09849420189857483;96;4
C06;C06;Critico progressivo: Fadiga noturna;Critico;Critico;0.43584865927696226;0.43584865927696226;R1_NORMAL;36;81;46;1;59;23;0;0.05000000819563866;0.15707515180110931;0.11295781284570694;96;4
N01;N01;Normal: Viagem tranquila em rodovia;Normal;Normal;0.050000007078051564;0.050000007078051564;R3_FALSE_KIN;-1;-1;0;0;-1;-1;0;0.05000000819563866;0.02480408549308777;0.10304373502731323;96;4
C09;C09;Critico progressivo: Bebida ao volante;Critico;Critico;0.3856593176722526;0.3856593176722526;R1_NORMAL;38;73;36;1;58;20;0;0.05000000819563866;0.25847509503364563;0.11945652961730957;96;4
C02;C02;Critico: Fadiga com desvio cinematico;Critico;Critico;0.39378328174352645;0.39378328174352645;R1_NORMAL;29;50;22;0;32;3;0;0.05000000819563866;0.10050690919160843;0.1145327016711235;96;4
C01;C01;Critico: Celular em alta velocidade;Critico;Critico;0.29102678298950196;0.29102678298950196;R1_NORMAL;32;44;13;0;34;2;0;0.05000000819563866;0.15206854045391083;0.11815182119607925;96;4
C06;C06;Critico progressivo: Fadiga noturna;Critico;Critico;0.4500108271837234;0.4500108271837234;R3_FALSE_KIN;36;81;46;1;55;19;0;0.05000000819563866;0.162776380777359;0.15703782439231873;96;4
C07;C07;Critico progressivo: Sem cinto sob chuva;Critico;Critico;0.4660528481006622;0.4660528481006622;R3_FALSE_KIN;37;75;39;1;60;23;1;0.3095822036266327;0.3755141794681549;0.16132387518882751;96;4
C09;C09;Critico progressivo: Bebida ao volante;Critico;Critico;0.49125816524028776;0.49125816524028776;R3_FALSE_KIN;38;73;36;1;56;18;1;0.2879122495651245;0.25204217433929443;0.12430250644683838;96;4
C01;C01;Critico: Celular em alta velocidade;Critico;Critico;0.5336996436119079;0.5336996436119079;R1_NORMAL;32;44;13;0;34;2;1;0.27525970339775085;0.15742658078670502;0.13803474605083466;96;4
C06;C06;Critico progressivo: Fadiga noturna;Critico;Critico;0.46804263889789577;0.46804263889789577;R1_NORMAL;36;81;46;1;60;24;1;0.3479834496974945;0.1601613610982895;0.1163809522986412;96;4
C02;C02;Critico: Fadiga com desvio cinematico;Critico;Critico;0.6051842480897903;0.6051842480897903;R1_NORMAL;29;50;22;0;32;3;1;0.26609355211257935;0.09761359542608261;0.13670189678668976;96;4
C01;C01;Critico: Celular em alta velocidade;Critico;Critico;0.29102678298950196;0.29102678298950196;R2_STABLE_RISK;32;44;13;0;34;2;0;0.05000000819563866;0.1543719619512558;0.1195966973900795;96;4
C01;C01;Critico: Celular em alta velocidade;Critico;Critico;0.29102678298950196;0.29102678298950196;R1_NORMAL;32;44;13;0;34;2;0;0.05000000819563866;0.14807866513729095;0.13008856773376465;96;4
C10;C10;Critico progressivo: Grooming em rodovia com fadiga;Critico;Critico;0.3926247760653495;0.3926247760653495;R1_NORMAL;40;81;42;1;61;21;0;0.05000000819563866;0.20322982966899872;0.1006668210029602;96;4
C04;C04;Critico: Multiplas distracoes urbanas;Critico;Critico;0.3713889718055725;0.3713889718055725;R3_FALSE_KIN;22;45;24;0;24;2;0;0.05000000819563866;0.20549356937408447;0.15931592881679535;96;4
C02;C02;Critico: Fadiga com desvio cinematico;Critico;Critico;0.6061056286096573;0.6061056286096573;R1_NORMAL;29;50;22;0;32;3;1;0.2708457112312317;0.09764740616083145;0.17550833523273468;96;4
N01;N01;Normal: Viagem tranquila em rodovia;Normal;Normal;0.050000007078051564;0.050000007078051564;R2_STABLE_RISK;-1;-1;0;0;-1;-1;0;0.05000000819563866;0.03811931237578392;0.07964940369129181;96;4
N02;N02;Normal: Urbano moderado;Normal;Normal;0.050000007078051564;0.050000007078051564;R1_NORMAL;-1;-1;0;0;-1;-1;0;0.05000000819563866;0.032231178134679794;0.10287807136774063;96;4
N02;N02;Normal: Urbano moderado;Normal;Normal;0.050000007078051564;0.050000007078051564;R3_FALSE_KIN;-1;-1;0;0;-1;-1;0;0.05000000819563866;0.030912885442376137;0.11839479207992554;96;4
C09;C09;Critico progressivo: Bebida ao volante;Critico;Critico;0.4929130285978317;0.4929130285978317;R1_NORMAL;38;73;36;1;56;18;1;0.32565656304359436;0.25439369678497314;0.17280590534210205;96;4
C07;C07;Critico progressivo: Sem cinto sob chuva;Critico;Critico;0.4578352868556976;0.4578352868556976;R2_STABLE_RISK;37;75;39;1;60;23;1;0.27575981616973877;0.37401413917541504;0.16914081573486328;96;4
C07;C07;Critico progressivo: Sem cinto sob chuva;Critico;Critico;0.4869717329740524;0.4869717329740524;R1_NORMAL;37;75;39;1;55;18;1;0.30211296677589417;0.3842882215976715;0.12310806661844254;96;4
C05;C05;Critico progressivo: Celular em rodovia;Critico;Critico;0.45661468505859376;0.45661468505859376;R1_NORMAL;42;73;32;1;61;19;1;0.2760637700557709;0.31782615184783936;0.1798008233308792;96;4
C10;C10;Critico progressivo: Grooming em rodovia com fadiga;Critico;Critico;0.3844538629055023;0.3844538629055023;R2_STABLE_RISK;40;81;42;1;62;22;0;0.05000000819563866;0.20118296146392822;0.08337035030126572;96;4
C04;C04;Critico: Multiplas distracoes urbanas;Critico;Critico;0.5769833356142045;0.5769833356142045;R2_STABLE_RISK;22;45;24;0;24;2;1;0.2598687708377838;0.20725469291210175;0.24611537158489227;96;4
C09;C09;Critico progressivo: Bebida ao volante;Critico;Critico;0.3690149590373039;0.3690149590373039;R3_FALSE_KIN;38;73;36;1;58;20;0;0.05000000819563866;0.251371294260025;0.12356273084878922;96;4
C08;C08;Critico progressivo: Distracao urbana multietapas;Critico;Critico;0.5310346692800522;0.5310346692800522;R3_FALSE_KIN;28;77;50;1;57;29;1;0.31469079852104187;0.3226715624332428;0.20798486471176147;96;4
C07;C07;Critico progressivo: Sem cinto sob chuva;Critico;Critico;0.4093383505940437;0.4093383505940437;R3_FALSE_KIN;37;75;39;1;56;19;0;0.05000000819563866;0.38714799284935;0.14272218942642212;96;4
C03;C03;Critico: Celular sem cinto sob chuva;Critico;Critico;0.3752959698438644;0.3752959698438644;R2_STABLE_RISK;26;41;16;0;28;2;0;0.05000000819563866;0.18689368665218353;0.12340166419744492;96;4
C02;C02;Critico: Fadiga com desvio cinematico;Critico;Critico;0.39378328174352645;0.39378328174352645;R2_STABLE_RISK;29;50;22;0;32;3;0;0.05000000819563866;0.09472659230232239;0.12052968144416809;96;4
C10;C10;Critico progressivo: Grooming em rodovia com fadiga;Critico;Critico;0.5020529508590698;0.5020529508590698;R1_NORMAL;40;81;42;1;57;17;1;0.32933875918388367;0.20863120257854462;0.10964033752679825;96;4
C07;C07;Critico progressivo: Sem cinto sob chuva;Critico;Critico;0.40291245579719537;0.40291245579719537;R1_NORMAL;37;75;39;1;60;23;0;0.05000000819563866;0.37437891960144043;0.13973522186279297;96;4
C02;C02;Critico: Fadiga com desvio cinematico;Critico;Critico;0.39378328174352645;0.39378328174352645;R3_FALSE_KIN;29;50;22;0;32;3;0;0.05000000819563866;0.0904320701956749;0.11123768240213394;96;4
C02;C02;Critico: Fadiga com desvio cinematico;Critico;Critico;0.39378328174352645;0.39378328174352645;R1_NORMAL;29;50;22;0;32;3;0;0.05000000819563866;0.09364184737205505;0.15076348185539246;96;4
C03;C03;Critico: Celular sem cinto sob chuva;Critico;Critico;0.3752959698438644;0.3752959698438644;R2_STABLE_RISK;26;41;16;0;28;2;0;0.05000000819563866;0.1874351054430008;0.11788162589073181;96;4
C04;C04;Critico: Multiplas distracoes urbanas;Critico;Critico;0.5748059540987014;0.5748059540987014;R3_FALSE_KIN;22;45;24;0;24;2;1;0.24981434643268585;0.2037685364484787;0.2287052869796753;96;4
N01;N01;Normal: Viagem tranquila em rodovia;Normal;Normal;0.050000007078051564;0.050000007078051564;R2_STABLE_RISK;-1;-1;0;0;-1;-1;0;0.05000000819563866;0.03301483020186424;0.07410820573568344;96;4
C09;C09;Critico progressivo: Bebida ao volante;Critico;Critico;0.4124945402145386;0.4124945402145386;R2_STABLE_RISK;38;73;36;1;56;18;0;0.05000000819563866;0.25812622904777527;0.12809817492961884;96;4
C07;C07;Critico progressivo: Sem cinto sob chuva;Critico;Critico;0.4121987715363502;0.4121987715363502;R2_STABLE_RISK;37;75;39;1;60;23;0;0.05000000819563866;0.38286909461021423;0.11893323808908463;96;4
C09;C09;Critico progressivo: Bebida ao volante;Critico;Critico;0.40497567057609557;0.40497567057609557;R3_FALSE_KIN;38;73;36;1;56;18;0;0.05000000819563866;0.247438445687294;0.14095568656921387;96;4
N01;N01;Normal: Viagem tranquila em rodovia;Normal;Normal;0.050000007078051564;0.050000007078051564;R3_FALSE_KIN;-1;-1;0;0;-1;-1;0;0.05000000819563866;0.028292516246438026;0.09179750829935074;96;4
C10;C10;Critico progressivo: Grooming em rodovia com fadiga;Critico;Critico;0.38439719825983043;0.38439719825983043;R1_NORMAL;40;81;42;1;66;26;0;0.05000000819563866;0.1919763833284378;0.0632866770029068;96;4
C10;C10;Critico progressivo: Grooming em rodovia com fadiga;Critico;Critico;0.4171163916587829;0.4171163916587829;R1_NORMAL;40;81;42;1;65;25;0;0.05000000819563866;0.2008976936340332;0.1355695128440857;96;4
N03;N03;Normal: Noite estável;Normal;Normal;0.050000007078051564;0.050000007078051564;R3_FALSE_KIN;-1;-1;0;0;-1;-1;0;0.05000000819563866;0.03424670919775963;0.11901208013296127;96;4
C01;C01;Critico: Celular em alta velocidade;Critico;Critico;0.29102678298950196;0.29102678298950196;R1_NORMAL;32;44;13;0;34;2;0;0.05000000819563866;0.15132655203342438;0.13984228670597076;96;4
C08;C08;Critico progressivo: Distracao urbana multietapas;Critico;Critico;0.45720254480838773;0.45720254480838773;R1_NORMAL;28;77;50;1;52;24;0;0.05000000819563866;0.31835123896598816;0.1596819907426834;96;4
N03;N03;Normal: Noite estável;Normal;Normal;0.050000007078051564;0.050000007078051564;R2_STABLE_RISK;-1;-1;0;0;-1;-1;0;0.05000000819563866;0.03122277557849884;0.09623026847839355;96;4
N03;N03;Normal: Noite estável;Normal;Normal;0.050000007078051564;0.050000007078051564;R3_FALSE_KIN;-1;-1;0;0;-1;-1;0;0.05000000819563866;0.04083864763379097;0.09430871158838272;96;4
C03;C03;Critico: Celular sem cinto sob chuva;Critico;Critico;0.3752959698438644;0.3752959698438644;R3_FALSE_KIN;26;41;16;0;28;2;0;0.05000000819563866;0.186549112200737;0.13815678656101227;96;4
C08;C08;Critico progressivo: Distracao urbana multietapas;Critico;Critico;0.44795675277709956;0.44795675277709956;R3_FALSE_KIN;28;77;50;1;56;28;0;0.05000000819563866;0.31713810563087463;0.12595252692699432;96;4
C07;C07;Critico progressivo: Sem cinto sob chuva;Critico;Critico;0.388818322122097;0.388818322122097;R1_NORMAL;37;75;39;1;57;20;0;0.05000000819563866;0.3800186216831207;0.15659822523593903;96;4
C07;C07;Critico progressivo: Sem cinto sob chuva;Critico;Critico;0.483378204703331;0.483378204703331;R2_STABLE_RISK;37;75;39;1;59;22;1;0.28890785574913025;0.38323989510536194;0.16471679508686066;96;4
C07;C07;Critico progressivo: Sem cinto sob chuva;Critico;Critico;0.40767635703086846;0.40767635703086846;R1_NORMAL;37;75;39;1;57;20;0;0.05000000819563866;0.37419673800468445;0.12938107550144196;96;4
C04;C04;Critico: Multiplas distracoes urbanas;Critico;Critico;0.5679636508226394;0.5679636508226394;R2_STABLE_RISK;22;45;24;0;24;2;1;0.22467954456806183;0.20349238812923431;0.14244180917739868;96;4
C04;C04;Critico: Multiplas distracoes urbanas;Critico;Critico;0.3713889718055725;0.3713889718055725;R2_STABLE_RISK;22;45;24;0;24;2;0;0.05000000819563866;0.20254945755004883;0.10291828960180283;96;4
C09;C09;Critico progressivo: Bebida ao volante;Critico;Critico;0.4692405015230179;0.4692405015230179;R1_NORMAL;38;73;36;1;56;18;1;0.2791985273361206;0.25690943002700806;0.1431889533996582;96;4
N02;N02;Normal: Urbano moderado;Normal;Normal;0.050000007078051564;0.050000007078051564;R1_NORMAL;-1;-1;0;0;-1;-1;0;0.05000000819563866;0.03173574432730675;0.12146657705307007;96;4
N01;N01;Normal: Viagem tranquila em rodovia;Normal;Normal;0.050000007078051564;0.050000007078051564;R1_NORMAL;-1;-1;0;0;-1;-1;0;0.05000000819563866;0.02964077703654766;0.08023954927921295;96;4
C03;C03;Critico: Celular sem cinto sob chuva;Critico;Critico;0.6175497442483902;0.6175497442483902;R3_FALSE_KIN;26;41;16;0;28;2;1;0.23483438789844513;0.18830044567584991;0.2232675552368164;96;4
C04;C04;Critico: Multiplas distracoes urbanas;Critico;Critico;0.3713889718055725;0.3713889718055725;R2_STABLE_RISK;22;45;24;0;24;2;0;0.05000000819563866;0.2027461975812912;0.10331495851278305;96;4
C03;C03;Critico: Celular sem cinto sob chuva;Critico;Critico;0.3752959698438644;0.3752959698438644;R2_STABLE_RISK;26;41;16;0;28;2;0;0.05000000819563866;0.1878329962491989;0.11169829964637756;96;4
C08;C08;Critico progressivo: Distracao urbana multietapas;Critico;Critico;0.4850653350353241;0.4850653350353241;R3_FALSE_KIN;28;77;50;1;54;26;1;0.277275025844574;0.310148149728775;0.1342279464006424;96;4
C02;C02;Critico: Fadiga com desvio cinematico;Critico;Critico;0.39378328174352645;0.39378328174352645;R2_STABLE_RISK;29;50;22;0;32;3;0;0.05000000819563866;0.09499838203191757;0.14967592060565948;96;4
C07;C07;Critico progressivo: Sem cinto sob chuva;Critico;Critico;0.41236408501863475;0.41236408501863475;R1_NORMAL;37;75;39;1;60;23;0;0.05000000819563866;0.3839912414550781;0.1559057980775833;96;4
C05;C05;Critico progressivo: Celular em rodovia;Critico;Critico;0.3878303900361061;0.3878303900361061;R1_NORMAL;42;73;32;1;58;16;0;0.05000000819563866;0.3215152323246002;0.10947050899267197;96;4
N01;N01;Normal: Viagem tranquila em rodovia;Normal;Normal;0.050000007078051564;0.050000007078051564;R1_NORMAL;-1;-1;0;0;-1;-1;0;0.05000000819563866;0.03237709403038025;0.12082431465387344;96;4
N02;N02;Normal: Urbano moderado;Normal;Normal;0.050000007078051564;0.050000007078051564;R1_NORMAL;-1;-1;0;0;-1;-1;0;0.05000000819563866;0.03336257487535477;0.06502831727266312;96;4
C07;C07;Critico progressivo: Sem cinto sob chuva;Critico;Critico;0.4682205766439438;0.4682205766439438;R1_NORMAL;37;75;39;1;61;24;1;0.2778845727443695;0.3725801408290863;0.17906959354877472;96;4
C07;C07;Critico progressivo: Sem cinto sob chuva;Critico;Critico;0.49800834357738494;0.49800834357738494;R2_STABLE_RISK;37;75;39;1;59;22;1;0.26669830083847046;0.37556347250938416;0.17420519888401031;96;4
C07;C07;Critico progressivo: Sem cinto sob chuva;Critico;Critico;0.4048284664750099;0.4048284664750099;R3_FALSE_KIN;37;75;39;1;60;23;0;0.05000000819563866;0.38204631209373474;0.1281704157590866;96;4
C02;C02;Critico: Fadiga com desvio cinematico;Critico;Critico;0.39378328174352645;0.39378328174352645;R1_NORMAL;29;50;22;0;32;3;0;0.05000000819563866;0.10592547059059143;0.1394137144088745;96;4
N01;N01;Normal: Viagem tranquila em rodovia;Normal;Normal;0.050000007078051564;0.050000007078051564;R3_FALSE_KIN;-1;-1;0;0;-1;-1;0;0.05000000819563866;0.02920876443386078;0.08332367986440659;96;4
N02;N02;Normal: Urbano moderado;Normal;Normal;0.050000007078051564;0.050000007078051564;R1_NORMAL;-1;-1;0;0;-1;-1;0;0.05000000819563866;0.03671814873814583;0.09502235054969788;96;4
C04;C04;Critico: Multiplas distracoes urbanas;Critico;Critico;0.3713889718055725;0.3713889718055725;R2_STABLE_RISK;22;45;24;0;24;2;0;0.05000000819563866;0.20200316607952118;0.12681587040424347;96;4
N01;N01;Normal: Viagem tranquila em rodovia;Normal;Normal;0.050000007078051564;0.050000007078051564;R1_NORMAL;-1;-1;0;0;-1;-1;0;0.05000000819563866;0.03250506892800331;0.09282845258712769;96;4
C05;C05;Critico progressivo: Celular em rodovia;Critico;Critico;0.38888102024793625;0.38888102024793625;R3_FALSE_KIN;42;73;32;1;60;18;0;0.05000000819563866;0.31802308559417725;0.10790803283452988;96;4
C05;C05;Critico progressivo: Celular em rodovia;Critico;Critico;0.47300437390804284;0.47300437390804284;R1_NORMAL;42;73;32;1;56;14;1;0.2952326238155365;0.31649160385131836;0.1546972692012787;96;4
N01;N01;Normal: Viagem tranquila em rodovia;Normal;Normal;0.050000007078051564;0.050000007078051564;R2_STABLE_RISK;-1;-1;0;0;-1;-1;0;0.05000000819563866;0.03245307132601738;0.09651371091604233;96;4
N03;N03;Normal: Noite estável;Normal;Normal;0.050000007078051564;0.050000007078051564;R1_NORMAL;-1;-1;0;0;-1;-1;0;0.05000000819563866;0.0346670038998127;0.0764315202832222;96;4
C08;C08;Critico progressivo: Distracao urbana multietapas;Critico;Critico;0.4318464934825897;0.4318464934825897;R2_STABLE_RISK;28;77;50;1;57;29;0;0.05000000819563866;0.316310316324234;0.12612028419971466;96;4
N03;N03;Normal: Noite estável;Normal;Normal;0.050000007078051564;0.050000007078051564;R2_STABLE_RISK;-1;-1;0;0;-1;-1;0;0.05000000819563866;0.02463475801050663;0.11009838432073593;96;4
N02;N02;Normal: Urbano moderado;Normal;Normal;0.050000007078051564;0.050000007078051564;R1_NORMAL;-1;-1;0;0;-1;-1;0;0.05000000819563866;0.034869398921728134;0.08486358076334;96;4
C04;C04;Critico: Multiplas distracoes urbanas;Critico;Critico;0.3713889718055725;0.3713889718055725;R1_NORMAL;22;45;24;0;24;2;0;0.05000000819563866;0.19899433851242065;0.14278818666934967;96;4
C04;C04;Critico: Multiplas distracoes urbanas;Critico;Critico;0.5786649227142333;0.5786649227142333;R1_NORMAL;22;45;24;0;24;2;1;0.270860493183136;0.2030646950006485;0.23047514259815216;96;4
C06;C06;Critico progressivo: Fadiga noturna;Critico;Critico;0.4879344254732132;0.4879344254732132;R2_STABLE_RISK;36;81;46;1;64;28;1;0.36601316928863525;0.1575305014848709;0.13696973025798798;96;4
N03;N03;Normal: Noite estável;Normal;Normal;0.050000007078051564;0.050000007078051564;R3_FALSE_KIN;-1;-1;0;0;-1;-1;0;0.05000000819563866;0.03143865987658501;0.07155326753854752;96;4
C04;C04;Critico: Multiplas distracoes urbanas;Critico;Critico;0.3713889718055725;0.3713889718055725;R3_FALSE_KIN;22;45;24;0;24;2;0;0.05000000819563866;0.2057720422744751;0.12074756622314453;96;4
C07;C07;Critico progressivo: Sem cinto sob chuva;Critico;Critico;0.3991647496819496;0.3991647496819496;R3_FALSE_KIN;37;75;39;1;59;22;0;0.05000000819563866;0.37736693024635315;0.14352236688137054;96;4
C07;C07;Critico progressivo: Sem cinto sob chuva;Critico;Critico;0.40705580860376356;0.40705580860376356;R3_FALSE_KIN;37;75;39;1;58;21;0;0.05000000819563866;0.37812289595603943;0.16339097917079926;96;4
N02;N02;Normal: Urbano moderado;Normal;Normal;0.050000007078051564;0.050000007078051564;R1_NORMAL;-1;-1;0;0;-1;-1;0;0.05000000819563866;0.032720521092414856;0.09608054161071777;96;4
C07;C07;Critico progressivo: Sem cinto sob chuva;Critico;Critico;0.4203616440296173;0.4203616440296173;R3_FALSE_KIN;37;75;39;1;58;21;0;0.05000000819563866;0.36584019660949707;0.11998849362134933;96;4
C08;C08;Critico progressivo: Distracao urbana multietapas;Critico;Critico;0.4890130043029785;0.4890130043029785;R3_FALSE_KIN;28;77;50;1;58;30;1;0.2922775149345398;0.31945714354515076;0.17677871882915497;96;4
C10;C10;Critico progressivo: Grooming em rodovia com fadiga;Critico;Critico;0.41229597926139827;0.41229597926139827;R1_NORMAL;40;81;42;1;66;26;0;0.05000000819563866;0.1956142783164978;0.08768216520547867;96;4
C06;C06;Critico progressivo: Fadiga noturna;Critico;Critico;0.4951927125453949;0.4951927125453949;R1_NORMAL;36;81;46;1;57;21;1;0.29234957695007324;0.16365846991539001;0.13477613031864166;96;4
C09;C09;Critico progressivo: Bebida ao volante;Critico;Critico;0.40693286061286926;0.40693286061286926;R2_STABLE_RISK;38;73;36;1;59;21;0;0.05000000819563866;0.25359538197517395;0.15169604122638702;96;4
N03;N03;Normal: Noite estável;Normal;Normal;0.050000007078051564;0.050000007078051564;R2_STABLE_RISK;-1;-1;0;0;-1;-1;0;0.05000000819563866;0.03106636367738247;0.10852105170488358;96;4
N03;N03;Normal: Noite estável;Normal;Normal;0.050000007078051564;0.050000007078051564;R2_STABLE_RISK;-1;-1;0;0;-1;-1;0;0.05000000819563866;0.033295392990112305;0.1176007017493248;96;4
C02;C02;Critico: Fadiga com desvio cinematico;Critico;Critico;0.39378328174352645;0.39378328174352645;R2_STABLE_RISK;29;50;22;0;32;3;0;0.05000000819563866;0.09922053664922714;0.10268911719322205;96;4
C06;C06;Critico progressivo: Fadiga noturna;Critico;Critico;0.4548282876610756;0.4548282876610756;R2_STABLE_RISK;36;81;46;1;59;23;0;0.05000000819563866;0.1554047167301178;0.13994993269443512;96;4
C03;C03;Critico: Celular sem cinto sob chuva;Critico;Critico;0.6217158436775208;0.6217158436775208;R1_NORMAL;26;41;16;0;28;2;1;0.2746361494064331;0.1855849027633667;0.21836353838443756;96;4
C04;C04;Critico: Multiplas distracoes urbanas;Critico;Critico;0.3713889718055725;0.3713889718055725;R1_NORMAL;22;45;24;0;24;2;0;0.05000000819563866;0.20357577502727509;0.12497202306985855;96;4
C01;C01;Critico: Celular em alta velocidade;Critico;Critico;0.5337344169616699;0.5337344169616699;R3_FALSE_KIN;32;44;13;0;34;2;1;0.2540877163410187;0.16150963306427002;0.1449550837278366;96;4
C01;C01;Critico: Celular em alta velocidade;Critico;Critico;0.29102678298950196;0.29102678298950196;R3_FALSE_KIN;32;44;13;0;34;2;0;0.05000000819563866;0.16240021586418152;0.11516543477773666;96;4
N03;N03;Normal: Noite estável;Normal;Normal;0.050000007078051564;0.050000007078051564;R2_STABLE_RISK;-1;-1;0;0;-1;-1;0;0.05000000819563866;0.030756117776036263;0.10390888899564743;96;4
C02;C02;Critico: Fadiga com desvio cinematico;Critico;Critico;0.39378328174352645;0.39378328174352645;R1_NORMAL;29;50;22;0;32;3;0;0.05000000819563866;0.09709373861551285;0.13233555853366852;96;4
C10;C10;Critico progressivo: Grooming em rodovia com fadiga;Critico;Critico;0.45416721999645226;0.45416721999645226;R2_STABLE_RISK;40;81;42;1;66;26;1;0.33772146701812744;0.19239576160907745;0.1279328614473343;96;4
C08;C08;Critico progressivo: Distracao urbana multietapas;Critico;Critico;0.5301669239997864;0.5301669239997864;R2_STABLE_RISK;28;77;50;1;53;25;1;0.3141435384750366;0.31602761149406433;0.16421104967594147;96;4
C08;C08;Critico progressivo: Distracao urbana multietapas;Critico;Critico;0.5343354612588882;0.5343354612588882;R2_STABLE_RISK;28;77;50;1;53;25;1;0.31239500641822815;0.32138633728027344;0.16044290363788605;96;4
C01;C01;Critico: Celular em alta velocidade;Critico;Critico;0.5285843104124068;0.5285843104124068;R1_NORMAL;32;44;13;0;34;2;1;0.2343452125787735;0.15599729120731354;0.1763579100370407;96;4
N02;N02;Normal: Urbano moderado;Normal;Normal;0.050000007078051564;0.050000007078051564;R1_NORMAL;-1;-1;0;0;-1;-1;0;0.05000000819563866;0.03543533757328987;0.10767737776041031;96;4
C07;C07;Critico progressivo: Sem cinto sob chuva;Critico;Critico;0.4173188731074333;0.4173188731074333;R3_FALSE_KIN;37;75;39;1;58;21;0;0.05000000819563866;0.3830989897251129;0.09501587599515915;96;4
N03;N03;Normal: Noite estável;Normal;Normal;0.050000007078051564;0.050000007078051564;R3_FALSE_KIN;-1;-1;0;0;-1;-1;0;0.05000000819563866;0.02926771342754364;0.0928388461470604;96;4
C06;C06;Critico progressivo: Fadiga noturna;Critico;Critico;0.39949640482664106;0.39949640482664106;R1_NORMAL;36;81;46;1;59;23;0;0.05000000819563866;0.15249042212963104;0.13402900099754333;96;4
C02;C02;Critico: Fadiga com desvio cinematico;Critico;Critico;0.5952167689800263;0.5952167689800263;R1_NORMAL;29;50;22;0;32;3;1;0.2644752264022827;0.09856098890304565;0.13480758666992188;96;4
C07;C07;Critico progressivo: Sem cinto sob chuva;Critico;Critico;0.42316917777061464;0.42316917777061464;R3_FALSE_KIN;37;75;39;1;58;21;0;0.05000000819563866;0.38664671778678894;0.19678588211536407;96;4
C09;C09;Critico progressivo: Bebida ao volante;Critico;Critico;0.4119988992810249;0.4119988992810249;R3_FALSE_KIN;38;73;36;1;59;21;0;0.05000000819563866;0.2517310380935669;0.11264312267303467;96;4
C05;C05;Critico progressivo: Celular em rodovia;Critico;Critico;0.49362964332103726;0.49362964332103726;R1_NORMAL;42;73;32;1;58;16;1;0.3055404722690582;0.3219113051891327;0.19266878068447113;96;4
C05;C05;Critico progressivo: Celular em rodovia;Critico;Critico;0.3738394558429718;0.3738394558429718;R2_STABLE_RISK;42;73;32;1;59;17;0;0.05000000819563866;0.31354042887687683;0.09449079632759094;96;4
N01;N01;Normal: Viagem tranquila em rodovia;Normal;Normal;0.050000007078051564;0.050000007078051564;R1_NORMAL;-1;-1;0;0;-1;-1;0;0.05000000819563866;0.030188515782356262;0.12531070411205292;96;4
C08;C08;Critico progressivo: Distracao urbana multietapas;Critico;Critico;0.4201495125889778;0.4201495125889778;R3_FALSE_KIN;28;77;50;1;57;29;0;0.05000000819563866;0.32334253191947937;0.12120550870895386;96;4
C08;C08;Critico progressivo: Distracao urbana multietapas;Critico;Critico;0.5204595297574997;0.5204595297574997;R3_FALSE_KIN;28;77;50;1;57;29;1;0.31770220398902893;0.31383490562438965;0.1292012482881546;96;4
C05;C05;Critico progressivo: Celular em rodovia;Critico;Critico;0.3697604343295097;0.3697604343295097;R2_STABLE_RISK;42;73;32;1;58;16;0;0.05000000819563866;0.3177052438259125;0.13881704211235046;96;4
C09;C09;Critico progressivo: Bebida ao volante;Critico;Critico;0.39937597662210467;0.39937597662210467;R3_FALSE_KIN;38;73;36;1;60;22;0;0.05000000819563866;0.25430795550346375;0.12175309658050537;96;4
C04;C04;Critico: Multiplas distracoes urbanas;Critico;Critico;0.3713889718055725;0.3713889718055725;R1_NORMAL;22;45;24;0;24;2;0;0.05000000819563866;0.2109365016222;0.1123921275138855;96;4
C04;C04;Critico: Multiplas distracoes urbanas;Critico;Critico;0.566070207953453;0.566070207953453;R2_STABLE_RISK;22;45;24;0;24;2;1;0.22145777940750122;0.2032819390296936;0.22452199459075928;96;4
C02;C02;Critico: Fadiga com desvio cinematico;Critico;Critico;0.6006205648183822;0.6006205648183822;R1_NORMAL;29;50;22;0;32;3;1;0.26288744807243347;0.09546142816543579;0.14540942013263702;96;4
C02;C02;Critico: Fadiga com desvio cinematico;Critico;Critico;0.39378328174352645;0.39378328174352645;R2_STABLE_RISK;29;50;22;0;32;3;0;0.05000000819563866;0.09601149708032608;0.12344909459352493;96;4
C01;C01;Critico: Celular em alta velocidade;Critico;Critico;0.29102678298950196;0.29102678298950196;R2_STABLE_RISK;32;44;13;0;34;2;0;0.05000000819563866;0.15432488918304443;0.12654276192188263;96;4
C10;C10;Critico progressivo: Grooming em rodovia com fadiga;Critico;Critico;0.4027948513627052;0.4027948513627052;R3_FALSE_KIN;40;81;42;1;67;27;0;0.05000000819563866;0.20043744146823883;0.12474934011697769;96;4
C06;C06;Critico progressivo: Fadiga noturna;Critico;Critico;0.4278416410088539;0.4278416410088539;R2_STABLE_RISK;36;81;46;1;61;25;0;0.05000000819563866;0.1637597531080246;0.09500379115343094;96;4
C01;C01;Critico: Celular em alta velocidade;Critico;Critico;0.5274053186178207;0.5274053186178207;R3_FALSE_KIN;32;44;13;0;34;2;1;0.22478337585926056;0.1554456651210785;0.1523824781179428;96;4
C08;C08;Critico progressivo: Distracao urbana multietapas;Critico;Critico;0.4627179086208343;0.4627179086208343;R1_NORMAL;28;77;50;1;48;20;0;0.05000000819563866;0.32107973098754883;0.156691312789917;96;4
N02;N02;Normal: Urbano moderado;Normal;Normal;0.050000007078051564;0.050000007078051564;R1_NORMAL;-1;-1;0;0;-1;-1;0;0.05000000819563866;0.036704134196043015;0.106573186814785;96;4
C04;C04;Critico: Multiplas distracoes urbanas;Critico;Critico;0.3713889718055725;0.3713889718055725;R1_NORMAL;22;45;24;0;24;2;0;0.05000000819563866;0.20414407551288605;0.16212765872478485;96;4
C09;C09;Critico progressivo: Bebida ao volante;Critico;Critico;0.41494559496641154;0.41494559496641154;R1_NORMAL;38;73;36;1;56;18;0;0.05000000819563866;0.257005900144577;0.17597639560699463;96;4
C05;C05;Critico progressivo: Celular em rodovia;Critico;Critico;0.4044094920158386;0.4044094920158386;R1_NORMAL;42;73;32;1;58;16;0;0.05000000819563866;0.3208829462528229;0.1144183874130249;96;4
C02;C02;Critico: Fadiga com desvio cinematico;Critico;Critico;0.5937293916940689;0.5937293916940689;R2_STABLE_RISK;29;50;22;0;32;3;1;0.21427936851978302;0.10127709060907364;0.12715372443199158;96;4
C03;C03;Critico: Celular sem cinto sob chuva;Critico;Critico;0.3752959698438644;0.3752959698438644;R2_STABLE_RISK;26;41;16;0;28;2;0;0.05000000819563866;0.18443019688129425;0.096531443297863;96;4
C03;C03;Critico: Celular sem cinto sob chuva;Critico;Critico;0.3752959698438644;0.3752959698438644;R1_NORMAL;26;41;16;0;28;2;0;0.05000000819563866;0.18784712255001068;0.11605092883110046;96;4
N01;N01;Normal: Viagem tranquila em rodovia;Normal;Normal;0.050000007078051564;0.050000007078051564;R1_NORMAL;-1;-1;0;0;-1;-1;0;0.05000000819563866;0.02526821754872799;0.07248978316783905;96;4
C06;C06;Critico progressivo: Fadiga noturna;Critico;Critico;0.419221556186676;0.419221556186676;R1_NORMAL;36;81;46;1;58;22;0;0.05000000819563866;0.16524933278560638;0.11971990019083023;96;4
C02;C02;Critico: Fadiga com desvio cinematico;Critico;Critico;0.39378328174352645;0.39378328174352645;R1_NORMAL;29;50;22;0;32;3;0;0.05000000819563866;0.09255561232566833;0.1002981886267662;96;4
C01;C01;Critico: Celular em alta velocidade;Critico;Critico;0.29102678298950196;0.29102678298950196;R2_STABLE_RISK;32;44;13;0;34;2;0;0.05000000819563866;0.15369664132595062;0.1510147750377655;96;4
C04;C04;Critico: Multiplas distracoes urbanas;Critico;Critico;0.3713889718055725;0.3713889718055725;R1_NORMAL;22;45;24;0;24;2;0;0.05000000819563866;0.19450680911540985;0.13300642371177673;96;4
C07;C07;Critico progressivo: Sem cinto sob chuva;Critico;Critico;0.3996809765696525;0.3996809765696525;R1_NORMAL;37;75;39;1;56;19;0;0.05000000819563866;0.3772217333316803;0.15481968224048615;96;4
C05;C05;Critico progressivo: Celular em rodovia;Critico;Critico;0.39512163400650024;0.39512163400650024;R1_NORMAL;42;73;32;1;58;16;0;0.05000000819563866;0.31643998622894287;0.16022005677223206;96;4
N02;N02;Normal: Urbano moderado;Normal;Normal;0.050000007078051564;0.050000007078051564;R2_STABLE_RISK;-1;-1;0;0;-1;-1;0;0.05000000819563866;0.03416925296187401;0.0996406078338623;96;4
C04;C04;Critico: Multiplas distracoes urbanas;Critico;Critico;0.5593224465847015;0.5593224465847015;R1_NORMAL;22;45;24;0;24;2;1;0.20855748653411865;0.21025295555591583;0.18406330049037933;96;4
C03;C03;Critico: Celular sem cinto sob chuva;Critico;Critico;0.3752959698438644;0.3752959698438644;R2_STABLE_RISK;26;41;16;0;28;2;0;0.05000000819563866;0.18358594179153442;0.13368678092956543;96;4
C05;C05;Critico progressivo: Celular em rodovia;Critico;Critico;0.3836955949664116;0.3836955949664116;R2_STABLE_RISK;42;73;32;1;59;17;0;0.05000000819563866;0.31704023480415344;0.13073332607746124;96;4
N02;N02;Normal: Urbano moderado;Normal;Normal;0.050000007078051564;0.050000007078051564;R1_NORMAL;-1;-1;0;0;-1;-1;0;0.05000000819563866;0.037449076771736145;0.09983251243829727;96;4
C06;C06;Critico progressivo: Fadiga noturna;Critico;Critico;0.4502516627311707;0.4502516627311707;R1_NORMAL;36;81;46;1;62;26;0;0.05000000819563866;0.15946711599826813;0.1251019388437271;96;4
C10;C10;Critico progressivo: Grooming em rodovia com fadiga;Critico;Critico;0.4540732502937317;0.4540732502937317;R1_NORMAL;40;81;42;1;61;21;1;0.3572428226470947;0.20328514277935028;0.15493939816951752;96;4
C01;C01;Critico: Celular em alta velocidade;Critico;Critico;0.29102678298950196;0.29102678298950196;R2_STABLE_RISK;32;44;13;0;34;2;0;0.05000000819563866;0.15573953092098236;0.14242017269134521;96;4
C06;C06;Critico progressivo: Fadiga noturna;Critico;Critico;0.4268586471676826;0.4268586471676826;R1_NORMAL;36;81;46;1;62;26;0;0.05000000819563866;0.14852504432201385;0.16832567751407623;96;4
N03;N03;Normal: Noite estável;Normal;Normal;0.050000007078051564;0.050000007078051564;R3_FALSE_KIN;-1;-1;0;0;-1;-1;0;0.05000000819563866;0.029524540528655052;0.0926993265748024;96;4
C02;C02;Critico: Fadiga com desvio cinematico;Critico;Critico;0.602987116575241;0.602987116575241;R3_FALSE_KIN;29;50;22;0;32;3;1;0.25476139783859253;0.09546583145856857;0.22698545455932617;96;4
C09;C09;Critico progressivo: Bebida ao volante;Critico;Critico;0.38820776492357256;0.38820776492357256;R2_STABLE_RISK;38;73;36;1;58;20;0;0.05000000819563866;0.24245436489582062;0.12799054384231567;96;4
C05;C05;Critico progressivo: Celular em rodovia;Critico;Critico;0.3953330233693123;0.3953330233693123;R2_STABLE_RISK;42;73;32;1;58;16;0;0.05000000819563866;0.3198044002056122;0.12692952156066895;96;4
C05;C05;Critico progressivo: Celular em rodovia;Critico;Critico;0.356840868294239;0.356840868294239;R3_FALSE_KIN;42;73;32;1;59;17;0;0.05000000819563866;0.31172680854797363;0.11536989361047745;96;4
N03;N03;Normal: Noite estável;Normal;Normal;0.050000007078051564;0.050000007078051564;R1_NORMAL;-1;-1;0;0;-1;-1;0;0.05000000819563866;0.03387734293937683;0.11013621091842651;96;4
C09;C09;Critico progressivo: Bebida ao volante;Critico;Critico;0.4044863939285278;0.4044863939285278;R2_STABLE_RISK;38;73;36;1;54;16;0;0.05000000819563866;0.2497997134923935;0.10584674030542374;96;4
C10;C10;Critico progressivo: Grooming em rodovia com fadiga;Critico;Critico;0.3882319569587707;0.3882319569587707;R1_NORMAL;40;81;42;1;64;24;0;0.05000000819563866;0.1974766105413437;0.14043603837490082;96;4
C10;C10;Critico progressivo: Grooming em rodovia com fadiga;Critico;Critico;0.42766103297471997;0.42766103297471997;R1_NORMAL;40;81;42;1;59;19;0;0.05000000819563866;0.20192444324493408;0.11207890510559082;96;4
N02;N02;Normal: Urbano moderado;Normal;Normal;0.050000007078051564;0.050000007078051564;R2_STABLE_RISK;-1;-1;0;0;-1;-1;0;0.05000000819563866;0.03137112036347389;0.09547697752714157;96;4
C01;C01;Critico: Celular em alta velocidade;Critico;Critico;0.29102678298950196;0.29102678298950196;R2_STABLE_RISK;32;44;13;0;34;2;0;0.05000000819563866;0.15383023023605347;0.13597971200942993;96;4
C10;C10;Critico progressivo: Grooming em rodovia com fadiga;Critico;Critico;0.3831524088978767;0.3831524088978767;R1_NORMAL;40;81;42;1;63;23;0;0.05000000819563866;0.19148367643356323;0.09739053249359131;96;4
C07;C07;Critico progressivo: Sem cinto sob chuva;Critico;Critico;0.41269538998603816;0.41269538998603816;R3_FALSE_KIN;37;75;39;1;56;19;0;0.05000000819563866;0.39047613739967346;0.11718560010194778;96;4
N01;N01;Normal: Viagem tranquila em rodovia;Normal;Normal;0.050000007078051564;0.050000007078051564;R3_FALSE_KIN;-1;-1;0;0;-1;-1;0;0.05000000819563866;0.0305714700371027;0.10981184989213943;96;4
C03;C03;Critico: Celular sem cinto sob chuva;Critico;Critico;0.3752959698438644;0.3752959698438644;R2_STABLE_RISK;26;41;16;0;28;2;0;0.05000000819563866;0.18801675736904144;0.1262984722852707;96;4
N03;N03;Normal: Noite estável;Normal;Normal;0.050000007078051564;0.050000007078051564;R2_STABLE_RISK;-1;-1;0;0;-1;-1;0;0.05000000819563866;0.037641167640686035;0.10892260819673538;96;4
C10;C10;Critico progressivo: Grooming em rodovia com fadiga;Critico;Critico;0.38426838964223864;0.38426838964223864;R1_NORMAL;40;81;42;1;65;25;0;0.05000000819563866;0.19990174472332;0.10082733631134033;96;4
C03;C03;Critico: Celular sem cinto sob chuva;Critico;Critico;0.3752959698438644;0.3752959698438644;R1_NORMAL;26;41;16;0;28;2;0;0.05000000819563866;0.18501557409763336;0.10856614261865616;96;4
C04;C04;Critico: Multiplas distracoes urbanas;Critico;Critico;0.3713889718055725;0.3713889718055725;R1_NORMAL;22;45;24;0;24;2;0;0.05000000819563866;0.21987469494342804;0.11594762653112411;96;4
N01;N01;Normal: Viagem tranquila em rodovia;Normal;Normal;0.050000007078051564;0.050000007078051564;R3_FALSE_KIN;-1;-1;0;0;-1;-1;0;0.05000000819563866;0.03223733231425285;0.1056804284453392;96;4
C06;C06;Critico progressivo: Fadiga noturna;Critico;Critico;0.43510899543762205;0.43510899543762205;R1_NORMAL;36;81;46;1;58;22;0;0.05000000819563866;0.15830369293689728;0.11749953031539917;96;4
C05;C05;Critico progressivo: Celular em rodovia;Critico;Critico;0.36912563294172285;0.36912563294172285;R1_NORMAL;42;73;32;1;59;17;0;0.05000000819563866;0.3206782639026642;0.1010209396481514;96;4
C03;C03;Critico: Celular sem cinto sob chuva;Critico;Critico;0.3752959698438644;0.3752959698438644;R3_FALSE_KIN;26;41;16;0;28;2;0;0.05000000819563866;0.18673019111156464;0.13578574359416962;96;4
C09;C09;Critico progressivo: Bebida ao volante;Critico;Critico;0.5076651066541672;0.5076651066541672;R1_NORMAL;38;73;36;1;57;19;1;0.31729748845100403;0.2509796917438507;0.15007205307483673;96;4
C03;C03;Critico: Celular sem cinto sob chuva;Critico;Critico;0.3752959698438644;0.3752959698438644;R1_NORMAL;26;41;16;0;28;2;0;0.05000000819563866;0.18922848999500275;0.1661466807126999;96;4
C07;C07;Critico progressivo: Sem cinto sob chuva;Critico;Critico;0.39569346755743023;0.39569346755743023;R2_STABLE_RISK;37;75;39;1;60;23;0;0.05000000819563866;0.38880348205566406;0.11941239982843399;96;4
C10;C10;Critico progressivo: Grooming em rodovia com fadiga;Critico;Critico;0.4064654842019081;0.4064654842019081;R1_NORMAL;40;81;42;1;62;22;0;0.05000000819563866;0.20419146120548248;0.11618924885988235;96;4
C09;C09;Critico progressivo: Bebida ao volante;Critico;Critico;0.40107359141111376;0.40107359141111376;R2_STABLE_RISK;38;73;36;1;58;20;0;0.05000000819563866;0.24374933540821075;0.17154334485530853;96;4
C04;C04;Critico: Multiplas distracoes urbanas;Critico;Critico;0.3713889718055725;0.3713889718055725;R2_STABLE_RISK;22;45;24;0;24;2;0;0.05000000819563866;0.20447929203510284;0.1257091909646988;96;4
C01;C01;Critico: Celular em alta velocidade;Critico;Critico;0.29102678298950196;0.29102678298950196;R3_FALSE_KIN;32;44;13;0;34;2;0;0.05000000819563866;0.1563943773508072;0.13290327787399292;96;4
C08;C08;Critico progressivo: Distracao urbana multietapas;Critico;Critico;0.4547949880361557;0.4547949880361557;R2_STABLE_RISK;28;77;50;1;53;25;0;0.05000000819563866;0.31819483637809753;0.14762979745864868;96;4
C04;C04;Critico: Multiplas distracoes urbanas;Critico;Critico;0.3713889718055725;0.3713889718055725;R1_NORMAL;22;45;24;0;24;2;0;0.05000000819563866;0.20252829790115356;0.11512360721826553;96;4
N02;N02;Normal: Urbano moderado;Normal;Normal;0.050000007078051564;0.050000007078051564;R3_FALSE_KIN;-1;-1;0;0;-1;-1;0;0.05000000819563866;0.033148039132356644;0.07958003878593445;96;4
C08;C08;Critico progressivo: Distracao urbana multietapas;Critico;Critico;0.4968438893556595;0.4968438893556595;R2_STABLE_RISK;28;77;50;1;55;27;1;0.29492104053497314;0.31310543417930603;0.13161726295948029;96;4
C06;C06;Critico progressivo: Fadiga noturna;Critico;Critico;0.4876898348331451;0.4876898348331451;R1_NORMAL;36;81;46;1;64;28;1;0.347154825925827;0.16116708517074585;0.14279432594776154;96;4
C06;C06;Critico progressivo: Fadiga noturna;Critico;Critico;0.4071350499987602;0.4071350499987602;R1_NORMAL;36;81;46;1;58;22;0;0.05000000819563866;0.15524190664291382;0.12554346024990082;96;4
C06;C06;Critico progressivo: Fadiga noturna;Critico;Critico;0.4424114227294922;0.4424114227294922;R2_STABLE_RISK;36;81;46;1;58;22;0;0.05000000819563866;0.15588228404521942;0.09348436444997787;96;4
C08;C08;Critico progressivo: Distracao urbana multietapas;Critico;Critico;0.5109015792608261;0.5109015792608261;R2_STABLE_RISK;28;77;50;1;54;26;1;0.2936927080154419;0.30981162190437317;0.1565975546836853;96;4
C02;C02;Critico: Fadiga com desvio cinematico;Critico;Critico;0.5934977322816848;0.5934977322816848;R2_STABLE_RISK;29;50;22;0;32;3;1;0.2062705010175705;0.09838992357254028;0.15283508598804474;96;4
C09;C09;Critico progressivo: Bebida ao volante;Critico;Critico;0.4057551622390747;0.4057551622390747;R3_FALSE_KIN;38;73;36;1;55;17;0;0.05000000819563866;0.25498974323272705;0.13536463677883148;96;4
C01;C01;Critico: Celular em alta velocidade;Critico;Critico;0.29102678298950196;0.29102678298950196;R3_FALSE_KIN;32;44;13;0;34;2;0;0.05000000819563866;0.15326373279094696;0.10615631192922592;96;4
N03;N03;Normal: Noite estável;Normal;Normal;0.050000007078051564;0.050000007078051564;R3_FALSE_KIN;-1;-1;0;0;-1;-1;0;0.05000000819563866;0.031425584107637405;0.14920102059841156;96;4
C10;C10;Critico progressivo: Grooming em rodovia com fadiga;Critico;Critico;0.4211578443646431;0.4211578443646431;R1_NORMAL;40;81;42;1;64;24;0;0.05000000819563866;0.19802427291870117;0.1148410215973854;96;4
C07;C07;Critico progressivo: Sem cinto sob chuva;Critico;Critico;0.4095488533377647;0.4095488533377647;R1_NORMAL;37;75;39;1;56;19;0;0.05000000819563866;0.3824245035648346;0.12966497242450714;96;4
C05;C05;Critico progressivo: Celular em rodovia;Critico;Critico;0.4673015087842941;0.4673015087842941;R2_STABLE_RISK;42;73;32;1;59;17;1;0.2678159475326538;0.3169723451137543;0.14448080956935883;96;4
C06;C06;Critico progressivo: Fadiga noturna;Critico;Critico;0.4708417564630508;0.4708417564630508;R1_NORMAL;36;81;46;1;59;23;1;0.36235901713371277;0.16027595102787018;0.11490073055028915;96;4
C06;C06;Critico progressivo: Fadiga noturna;Critico;Critico;0.4450688764452934;0.4450688764452934;R3_FALSE_KIN;36;81;46;1;62;26;0;0.05000000819563866;0.16344736516475677;0.12835510075092316;96;4
C03;C03;Critico: Celular sem cinto sob chuva;Critico;Critico;0.3752959698438644;0.3752959698438644;R2_STABLE_RISK;26;41;16;0;28;2;0;0.05000000819563866;0.18761645257472992;0.12246181815862656;96;4
N03;N03;Normal: Noite estável;Normal;Normal;0.050000007078051564;0.050000007078051564;R3_FALSE_KIN;-1;-1;0;0;-1;-1;0;0.05000000819563866;0.025477416813373566;0.10465528815984726;96;4
C04;C04;Critico: Multiplas distracoes urbanas;Critico;Critico;0.3713889718055725;0.3713889718055725;R3_FALSE_KIN;22;45;24;0;24;2;0;0.05000000819563866;0.1965479850769043;0.11168462038040161;96;4
C04;C04;Critico: Multiplas distracoes urbanas;Critico;Critico;0.5681007206439972;0.5681007206439972;R1_NORMAL;22;45;24;0;24;2;1;0.24089966714382172;0.20343805849552155;0.25082650780677795;96;4
C07;C07;Critico progressivo: Sem cinto sob chuva;Critico;Critico;0.4171636030077934;0.4171636030077934;R1_NORMAL;37;75;39;1;61;24;0;0.05000000819563866;0.3800181448459625;0.19667495787143707;96;4
C07;C07;Critico progressivo: Sem cinto sob chuva;Critico;Critico;0.478677561879158;0.478677561879158;R2_STABLE_RISK;37;75;39;1;60;23;1;0.2820252776145935;0.3766799867153168;0.17691385746002197;96;4
C03;C03;Critico: Celular sem cinto sob chuva;Critico;Critico;0.6252349436283111;0.6252349436283111;R3_FALSE_KIN;26;41;16;0;28;2;1;0.273220956325531;0.1927684098482132;0.22046785056591034;96;4
C01;C01;Critico: Celular em alta velocidade;Critico;Critico;0.29102678298950196;0.29102678298950196;R2_STABLE_RISK;32;44;13;0;34;2;0;0.05000000819563866;0.15773804485797882;0.1596595197916031;96;4
N02;N02;Normal: Urbano moderado;Normal;Normal;0.050000007078051564;0.050000007078051564;R1_NORMAL;-1;-1;0;0;-1;-1;0;0.05000000819563866;0.03036675415933132;0.09234487265348434;96;4
N02;N02;Normal: Urbano moderado;Normal;Normal;0.050000007078051564;0.050000007078051564;R1_NORMAL;-1;-1;0;0;-1;-1;0;0.05000000819563866;0.027018776163458824;0.08919811248779297;96;4
C08;C08;Critico progressivo: Distracao urbana multietapas;Critico;Critico;0.4237799003720283;0.4237799003720283;R2_STABLE_RISK;28;77;50;1;53;25;0;0.05000000819563866;0.308424174785614;0.11292716860771179;96;4
C09;C09;Critico progressivo: Bebida ao volante;Critico;Critico;0.46685281991958616;0.46685281991958616;R3_FALSE_KIN;38;73;36;1;59;21;1;0.26577189564704895;0.2591259479522705;0.16667540371418;96;4
C09;C09;Critico progressivo: Bebida ao volante;Critico;Critico;0.4693787783384323;0.4693787783384323;R1_NORMAL;38;73;36;1;60;22;1;0.3063853979110718;0.24711239337921143;0.1665468066930771;96;4
N01;N01;Normal: Viagem tranquila em rodovia;Normal;Normal;0.050000007078051564;0.050000007078051564;R3_FALSE_KIN;-1;-1;0;0;-1;-1;0;0.05000000819563866;0.03237077221274376;0.07949104905128479;96;4
C06;C06;Critico progressivo: Fadiga noturna;Critico;Critico;0.4513382032513618;0.4513382032513618;R1_NORMAL;36;81;46;1;59;23;0;0.05000000819563866;0.15613895654678345;0.11999823898077011;96;4
C08;C08;Critico progressivo: Distracao urbana multietapas;Critico;Critico;0.4406046524643898;0.4406046524643898;R2_STABLE_RISK;28;77;50;1;59;31;0;0.05000000819563866;0.3123266100883484;0.16529782116413116;96;4
C08;C08;Critico progressivo: Distracao urbana multietapas;Critico;Critico;0.4241064295172691;0.4241064295172691;R2_STABLE_RISK;28;77;50;1;55;27;0;0.05000000819563866;0.3181418478488922;0.14351963996887207;96;4
N02;N02;Normal: Urbano moderado;Normal;Normal;0.050000007078051564;0.050000007078051564;R3_FALSE_KIN;-1;-1;0;0;-1;-1;0;0.05000000819563866;0.030324995517730713;0.08912795782089233;96;4
C08;C08;Critico progressivo: Distracao urbana multietapas;Critico;Critico;0.4520109087228775;0.4520109087228775;R2_STABLE_RISK;28;77;50;1;51;23;0;0.05000000819563866;0.3108583986759186;0.19120876491069794;96;4
C03;C03;Critico: Celular sem cinto sob chuva;Critico;Critico;0.3752959698438644;0.3752959698438644;R2_STABLE_RISK;26;41;16;0;28;2;0;0.05000000819563866;0.18344460427761078;0.11658639460802078;96;4
N03;N03;Normal: Noite estável;Normal;Normal;0.050000007078051564;0.050000007078051564;R2_STABLE_RISK;-1;-1;0;0;-1;-1;0;0.05000000819563866;0.032993610948324203;0.09567984193563461;96;4
C04;C04;Critico: Multiplas distracoes urbanas;Critico;Critico;0.3713889718055725;0.3713889718055725;R3_FALSE_KIN;22;45;24;0;24;2;0;0.05000000819563866;0.20319612324237823;0.13941068947315216;96;4
C06;C06;Critico progressivo: Fadiga noturna;Critico;Critico;0.42399294376373287;0.42399294376373287;R3_FALSE_KIN;36;81;46;1;58;22;0;0.05000000819563866;0.15816454589366913;0.13703285157680511;96;4
N01;N01;Normal: Viagem tranquila em rodovia;Normal;Normal;0.050000007078051564;0.050000007078051564;R1_NORMAL;-1;-1;0;0;-1;-1;0;0.05000000819563866;0.029885148629546165;0.1453380137681961;96;4
C01;C01;Critico: Celular em alta velocidade;Critico;Critico;0.5215967833995818;0.5215967833995818;R2_STABLE_RISK;32;44;13;0;34;2;1;0.22373561561107635;0.1625841110944748;0.21397502720355988;96;4
N01;N01;Normal: Viagem tranquila em rodovia;Normal;Normal;0.050000007078051564;0.050000007078051564;R3_FALSE_KIN;-1;-1;0;0;-1;-1;0;0.05000000819563866;0.026197785511612892;0.10195664316415787;96;4
C01;C01;Critico: Celular em alta velocidade;Critico;Critico;0.29102678298950196;0.29102678298950196;R2_STABLE_RISK;32;44;13;0;34;2;0;0.05000000819563866;0.15897177159786224;0.15872769057750702;96;4
N03;N03;Normal: Noite estável;Normal;Normal;0.050000007078051564;0.050000007078051564;R1_NORMAL;-1;-1;0;0;-1;-1;0;0.05000000819563866;0.029795102775096893;0.08558440953493118;96;4
C07;C07;Critico progressivo: Sem cinto sob chuva;Critico;Critico;0.4087168917059898;0.4087168917059898;R1_NORMAL;37;75;39;1;58;21;0;0.05000000819563866;0.37575268745422363;0.13385996222496033;96;4
C05;C05;Critico progressivo: Celular em rodovia;Critico;Critico;0.4579476624727249;0.4579476624727249;R2_STABLE_RISK;42;73;32;1;59;17;1;0.2992730438709259;0.3147118091583252;0.14709709584712982;96;4
C04;C04;Critico: Multiplas distracoes urbanas;Critico;Critico;0.3713889718055725;0.3713889718055725;R1_NORMAL;22;45;24;0;24;2;0;0.05000000819563866;0.20219431817531586;0.13550366461277008;96;4
C03;C03;Critico: Celular sem cinto sob chuva;Critico;Critico;0.6081606209278106;0.6081606209278106;R2_STABLE_RISK;26;41;16;0;28;2;1;0.19788463413715363;0.18970699608325958;0.20931203663349152;96;4
N01;N01;Normal: Viagem tranquila em rodovia;Normal;Normal;0.050000007078051564;0.050000007078051564;R1_NORMAL;-1;-1;0;0;-1;-1;0;0.05000000819563866;0.026862168684601784;0.1059088408946991;96;4
N02;N02;Normal: Urbano moderado;Normal;Normal;0.050000007078051564;0.050000007078051564;R2_STABLE_RISK;-1;-1;0;0;-1;-1;0;0.05000000819563866;0.03393736854195595;0.11065417528152466;96;4
N01;N01;Normal: Viagem tranquila em rodovia;Normal;Normal;0.050000007078051564;0.050000007078051564;R1_NORMAL;-1;-1;0;0;-1;-1;0;0.05000000819563866;0.038409605622291565;0.09570334106683731;96;4
N02;N02;Normal: Urbano moderado;Normal;Normal;0.050000007078051564;0.050000007078051564;R2_STABLE_RISK;-1;-1;0;0;-1;-1;0;0.05000000819563866;0.033483464270830154;0.1133359894156456;96;4
C08;C08;Critico progressivo: Distracao urbana multietapas;Critico;Critico;0.4512663498520851;0.4512663498520851;R1_NORMAL;28;77;50;1;54;26;0;0.05000000819563866;0.32218554615974426;0.1522865891456604;96;4
C05;C05;Critico progressivo: Celular em rodovia;Critico;Critico;0.4561403781175613;0.4561403781175613;R1_NORMAL;42;73;32;1;58;16;1;0.29278531670570374;0.3141340911388397;0.1742498278617859;96;4
C03;C03;Critico: Celular sem cinto sob chuva;Critico;Critico;0.6145075470209121;0.6145075470209121;R2_STABLE_RISK;26;41;16;0;28;2;1;0.22119230031967163;0.18587560951709747;0.18329794704914093;96;4
C05;C05;Critico progressivo: Celular em rodovia;Critico;Critico;0.4719164997339248;0.4719164997339248;R1_NORMAL;42;73;32;1;60;18;1;0.2972044050693512;0.31657281517982483;0.14701353013515472;96;4
N02;N02;Normal: Urbano moderado;Normal;Normal;0.050000007078051564;0.050000007078051564;R1_NORMAL;-1;-1;0;0;-1;-1;0;0.05000000819563866;0.027579227462410927;0.0907052755355835;96;4
N02;N02;Normal: Urbano moderado;Normal;Normal;0.050000007078051564;0.050000007078051564;R3_FALSE_KIN;-1;-1;0;0;-1;-1;0;0.05000000819563866;0.034985218197107315;0.10558978468179703;96;4
C01;C01;Critico: Celular em alta velocidade;Critico;Critico;0.29102678298950196;0.29102678298950196;R3_FALSE_KIN;32;44;13;0;34;2;0;0.05000000819563866;0.14871786534786224;0.1205688938498497;96;4
C01;C01;Critico: Celular em alta velocidade;Critico;Critico;0.29102678298950196;0.29102678298950196;R1_NORMAL;32;44;13;0;34;2;0;0.05000000819563866;0.15926136076450348;0.11392182111740112;96;4
C01;C01;Critico: Celular em alta velocidade;Critico;Critico;0.5271448701620102;0.5271448701620102;R1_NORMAL;32;44;13;0;34;2;1;0.24596430361270905;0.14600221812725067;0.168024942278862;96;4
C01;C01;Critico: Celular em alta velocidade;Critico;Critico;0.29102678298950196;0.29102678298950196;R1_NORMAL;32;44;13;0;34;2;0;0.05000000819563866;0.14884677529335022;0.10615821927785873;96;4
C10;C10;Critico progressivo: Grooming em rodovia com fadiga;Critico;Critico;0.4105457946658134;0.4105457946658134;R1_NORMAL;40;81;42;1;61;21;0;0.05000000819563866;0.20036523044109344;0.14293000102043152;96;4
C09;C09;Critico progressivo: Bebida ao volante;Critico;Critico;0.37549061328172684;0.37549061328172684;R2_STABLE_RISK;38;73;36;1;57;19;0;0.05000000819563866;0.251299649477005;0.1338978260755539;96;4
C06;C06;Critico progressivo: Fadiga noturna;Critico;Critico;0.48417509794235225;0.48417509794235225;R1_NORMAL;36;81;46;1;61;25;1;0.3343641757965088;0.16157221794128418;0.10030397027730942;96;4
C09;C09;Critico progressivo: Bebida ao volante;Critico;Critico;0.416412104666233;0.416412104666233;R1_NORMAL;38;73;36;1;56;18;0;0.05000000819563866;0.24999850988388062;0.10273458808660507;96;4
C02;C02;Critico: Fadiga com desvio cinematico;Critico;Critico;0.608743017911911;0.608743017911911;R2_STABLE_RISK;29;50;22;0;32;3;1;0.2888007164001465;0.1010076031088829;0.17783969640731812;96;4
C05;C05;Critico progressivo: Celular em rodovia;Critico;Critico;0.35667911320924756;0.35667911320924756;R1_NORMAL;42;73;32;1;62;20;0;0.05000000819563866;0.31911519169807434;0.1376137137413025;96;4
C08;C08;Critico progressivo: Distracao urbana multietapas;Critico;Critico;0.49615726172924035;0.49615726172924035;R2_STABLE_RISK;28;77;50;1;59;31;1;0.2586696445941925;0.30357226729393005;0.1518884301185608;96;4
N03;N03;Normal: Noite estável;Normal;Normal;0.050000007078051564;0.050000007078051564;R2_STABLE_RISK;-1;-1;0;0;-1;-1;0;0.05000000819563866;0.025256840512156487;0.14585883915424347;96;4
C07;C07;Critico progressivo: Sem cinto sob chuva;Critico;Critico;0.4189259216189384;0.4189259216189384;R1_NORMAL;37;75;39;1;58;21;0;0.05000000819563866;0.377025842666626;0.11532261222600937;96;4
N03;N03;Normal: Noite estável;Normal;Normal;0.050000007078051564;0.050000007078051564;R3_FALSE_KIN;-1;-1;0;0;-1;-1;0;0.05000000819563866;0.03070208430290222;0.11309709399938583;96;4
N03;N03;Normal: Noite estável;Normal;Normal;0.050000007078051564;0.050000007078051564;R2_STABLE_RISK;-1;-1;0;0;-1;-1;0;0.05000000819563866;0.03194171562790871;0.07279757410287857;96;4
C04;C04;Critico: Multiplas distracoes urbanas;Critico;Critico;0.3713889718055725;0.3713889718055725;R2_STABLE_RISK;22;45;24;0;24;2;0;0.05000000819563866;0.20427902042865753;0.1513264924287796;96;4
C06;C06;Critico progressivo: Fadiga noturna;Critico;Critico;0.500921669602394;0.500921669602394;R1_NORMAL;36;81;46;1;59;23;1;0.34530529379844666;0.1698930710554123;0.14938117563724518;96;4
N02;N02;Normal: Urbano moderado;Normal;Normal;0.050000007078051564;0.050000007078051564;R1_NORMAL;-1;-1;0;0;-1;-1;0;0.05000000819563866;0.034462109208106995;0.11785423755645752;96;4
C01;C01;Critico: Celular em alta velocidade;Critico;Critico;0.29102678298950196;0.29102678298950196;R3_FALSE_KIN;32;44;13;0;34;2;0;0.05000000819563866;0.15480037033557892;0.12404986470937729;96;4
C06;C06;Critico progressivo: Fadiga noturna;Critico;Critico;0.3896803855895996;0.3896803855895996;R1_NORMAL;36;81;46;1;62;26;0;0.05000000819563866;0.1554233282804489;0.08603453636169434;96;4
N03;N03;Normal: Noite estável;Normal;Normal;0.050000007078051564;0.050000007078051564;R2_STABLE_RISK;-1;-1;0;0;-1;-1;0;0.05000000819563866;0.028859645128250122;0.1084018275141716;96;4
C09;C09;Critico progressivo: Bebida ao volante;Critico;Critico;0.3709264397621155;0.3709264397621155;R1_NORMAL;38;73;36;1;58;20;0;0.05000000819563866;0.24997834861278534;0.11800166219472885;96;4
C10;C10;Critico progressivo: Grooming em rodovia com fadiga;Critico;Critico;0.37543765753507613;0.37543765753507613;R2_STABLE_RISK;40;81;42;1;64;24;0;0.05000000819563866;0.20214807987213135;0.13633893430233002;96;4
N03;N03;Normal: Noite estável;Normal;Normal;0.050000007078051564;0.050000007078051564;R2_STABLE_RISK;-1;-1;0;0;-1;-1;0;0.05000000819563866;0.03340698778629303;0.09511658549308777;96;4
C09;C09;Critico progressivo: Bebida ao volante;Critico;Critico;0.3904446378350258;0.3904446378350258;R2_STABLE_RISK;38;73;36;1;57;19;0;0.05000000819563866;0.25058791041374207;0.163189098238945;96;4
C04;C04;Critico: Multiplas distracoes urbanas;Critico;Critico;0.3713889718055725;0.3713889718055725;R1_NORMAL;22;45;24;0;24;2;0;0.05000000819563866;0.1952604502439499;0.1836564540863037;96;4
C01;C01;Critico: Celular em alta velocidade;Critico;Critico;0.29102678298950196;0.29102678298950196;R2_STABLE_RISK;32;44;13;0;34;2;0;0.05000000819563866;0.15231859683990479;0.15090858936309814;96;4
C05;C05;Critico progressivo: Celular em rodovia;Critico;Critico;0.4564941555261612;0.4564941555261612;R2_STABLE_RISK;42;73;32;1;60;18;1;0.27848562598228455;0.31461238861083984;0.1319648027420044;96;4
C06;C06;Critico progressivo: Fadiga noturna;Critico;Critico;0.42708275169134136;0.42708275169134136;R1_NORMAL;36;81;46;1;61;25;0;0.05000000819563866;0.1571887582540512;0.11201599985361099;96;4
C10;C10;Critico progressivo: Grooming em rodovia com fadiga;Critico;Critico;0.3995932519435882;0.3995932519435882;R2_STABLE_RISK;40;81;42;1;66;26;0;0.05000000819563866;0.20011590421199799;0.10388145595788956;96;4
C09;C09;Critico progressivo: Bebida ao volante;Critico;Critico;0.417181758582592;0.417181758582592;R1_NORMAL;38;73;36;1;58;20;0;0.05000000819563866;0.2469334602355957;0.1342824250459671;96;4
C05;C05;Critico progressivo: Celular em rodovia;Critico;Critico;0.40154940932989125;0.40154940932989125;R3_FALSE_KIN;42;73;32;1;57;15;0;0.05000000819563866;0.3193923532962799;0.15035295486450195;96;4
C04;C04;Critico: Multiplas distracoes urbanas;Critico;Critico;0.3713889718055725;0.3713889718055725;R3_FALSE_KIN;22;45;24;0;24;2;0;0.05000000819563866;0.199968621134758;0.14527581632137299;96;4
C10;C10;Critico progressivo: Grooming em rodovia com fadiga;Critico;Critico;0.41367726922035214;0.41367726922035214;R1_NORMAL;40;81;42;1;60;20;0;0.05000000819563866;0.1992824822664261;0.15314733982086182;96;4
C01;C01;Critico: Celular em alta velocidade;Critico;Critico;0.29102678298950196;0.29102678298950196;R1_NORMAL;32;44;13;0;34;2;0;0.05000000819563866;0.15771377086639404;0.12974970042705536;96;4
C08;C08;Critico progressivo: Distracao urbana multietapas;Critico;Critico;0.49864513576030733;0.49864513576030733;R1_NORMAL;28;77;50;1;53;25;1;0.27039632201194763;0.3194539248943329;0.15840865671634674;96;4
N01;N01;Normal: Viagem tranquila em rodovia;Normal;Normal;0.050000007078051564;0.050000007078051564;R1_NORMAL;-1;-1;0;0;-1;-1;0;0.05000000819563866;0.03676730766892433;0.0851137638092041;96;4
C04;C04;Critico: Multiplas distracoes urbanas;Critico;Critico;0.5713925659656525;0.5713925659656525;R2_STABLE_RISK;22;45;24;0;24;2;1;0.23238706588745117;0.2046971321105957;0.18579725921154022;96;4
C08;C08;Critico progressivo: Distracao urbana multietapas;Critico;Critico;0.444658812880516;0.444658812880516;R1_NORMAL;28;77;50;1;55;27;0;0.05000000819563866;0.3107863664627075;0.16538701951503754;96;4
C05;C05;Critico progressivo: Celular em rodovia;Critico;Critico;0.37586311548948287;0.37586311548948287;R3_FALSE_KIN;42;73;32;1;61;19;0;0.05000000819563866;0.31220537424087524;0.16945140063762665;96;4
C08;C08;Critico progressivo: Distracao urbana multietapas;Critico;Critico;0.4441569536924362;0.4441569536924362;R2_STABLE_RISK;28;77;50;1;56;28;0;0.05000000819563866;0.3209827244281769;0.1776907593011856;96;4
N01;N01;Normal: Viagem tranquila em rodovia;Normal;Normal;0.050000007078051564;0.050000007078051564;R1_NORMAL;-1;-1;0;0;-1;-1;0;0.05000000819563866;0.032053809612989426;0.1535261869430542;96;4
C10;C10;Critico progressivo: Grooming em rodovia com fadiga;Critico;Critico;0.3847935020923614;0.3847935020923614;R1_NORMAL;40;81;42;1;66;26;0;0.05000000819563866;0.19920288026332855;0.1119072213768959;96;4
C01;C01;Critico: Celular em alta velocidade;Critico;Critico;0.5323128312826156;0.5323128312826156;R1_NORMAL;32;44;13;0;34;2;1;0.24741822481155396;0.15385836362838745;0.28265681862831116;96;4
C05;C05;Critico progressivo: Celular em rodovia;Critico;Critico;0.36632289737463;0.36632289737463;R2_STABLE_RISK;42;73;32;1;58;16;0;0.05000000819563866;0.3103563189506531;0.15387998521327972;96;4
N03;N03;Normal: Noite estável;Normal;Normal;0.050000007078051564;0.050000007078051564;R1_NORMAL;-1;-1;0;0;-1;-1;0;0.05000000819563866;0.03550072759389877;0.08735031634569168;96;4
C08;C08;Critico progressivo: Distracao urbana multietapas;Critico;Critico;0.4332157880067825;0.4332157880067825;R2_STABLE_RISK;28;77;50;1;56;28;0;0.05000000819563866;0.3183762729167938;0.16192834079265594;96;4
C06;C06;Critico progressivo: Fadiga noturna;Critico;Critico;0.47586126327514644;0.47586126327514644;R2_STABLE_RISK;36;81;46;1;58;22;1;0.31056126952171326;0.1520380824804306;0.09140881150960922;96;4
C06;C06;Critico progressivo: Fadiga noturna;Critico;Critico;0.47790068984031675;0.47790068984031675;R2_STABLE_RISK;36;81;46;1;60;24;1;0.35508882999420166;0.15058360993862152;0.11188223212957382;96;4
C10;C10;Critico progressivo: Grooming em rodovia com fadiga;Critico;Critico;0.44966562688350675;0.44966562688350675;R1_NORMAL;40;81;42;1;67;27;1;0.3156205415725708;0.20487236976623535;0.10663855075836182;96;4
C09;C09;Critico progressivo: Bebida ao volante;Critico;Critico;0.42257090210914605;0.42257090210914605;R1_NORMAL;38;73;36;1;55;17;0;0.05000000819563866;0.2551294267177582;0.1383029967546463;96;4
C04;C04;Critico: Multiplas distracoes urbanas;Critico;Critico;0.5672344595193862;0.5672344595193862;R3_FALSE_KIN;22;45;24;0;24;2;1;0.23016220331192017;0.20082342624664307;0.1693812608718872;96;4
C03;C03;Critico: Celular sem cinto sob chuva;Critico;Critico;0.3752959698438644;0.3752959698438644;R1_NORMAL;26;41;16;0;28;2;0;0.05000000819563866;0.18842436373233795;0.12316447496414185;96;4
C02;C02;Critico: Fadiga com desvio cinematico;Critico;Critico;0.39378328174352645;0.39378328174352645;R2_STABLE_RISK;29;50;22;0;32;3;0;0.05000000819563866;0.10313776880502701;0.0970468521118164;96;4
C03;C03;Critico: Celular sem cinto sob chuva;Critico;Critico;0.3752959698438644;0.3752959698438644;R2_STABLE_RISK;26;41;16;0;28;2;0;0.05000000819563866;0.18713150918483734;0.10995716601610184;96;4
C05;C05;Critico progressivo: Celular em rodovia;Critico;Critico;0.4805529713630676;0.4805529713630676;R1_NORMAL;42;73;32;1;59;17;1;0.30849921703338623;0.3154881000518799;0.13837210834026337;96;4
C10;C10;Critico progressivo: Grooming em rodovia com fadiga;Critico;Critico;0.42742847204208373;0.42742847204208373;R3_FALSE_KIN;40;81;42;1;67;27;0;0.05000000819563866;0.20360951125621796;0.10360899567604065;96;4
C06;C06;Critico progressivo: Fadiga noturna;Critico;Critico;0.49907695353031156;0.49907695353031156;R1_NORMAL;36;81;46;1;59;23;1;0.3369472920894623;0.17005686461925507;0.1251946985721588;96;4
N03;N03;Normal: Noite estável;Normal;Normal;0.050000007078051564;0.050000007078051564;R1_NORMAL;-1;-1;0;0;-1;-1;0;0.05000000819563866;0.034183040261268616;0.09110283851623535;96;4
C02;C02;Critico: Fadiga com desvio cinematico;Critico;Critico;0.39378328174352645;0.39378328174352645;R3_FALSE_KIN;29;50;22;0;32;3;0;0.05000000819563866;0.09811615943908691;0.12205526977777481;96;4
C02;C02;Critico: Fadiga com desvio cinematico;Critico;Critico;0.600613585114479;0.600613585114479;R3_FALSE_KIN;29;50;22;0;32;3;1;0.24806533753871918;0.09985717386007309;0.18394868075847626;96;4
C10;C10;Critico progressivo: Grooming em rodovia com fadiga;Critico;Critico;0.38451290130615234;0.38451290130615234;R1_NORMAL;40;81;42;1;61;21;0;0.05000000819563866;0.19772188365459442;0.16171808540821075;96;4
C06;C06;Critico progressivo: Fadiga noturna;Critico;Critico;0.4243764579296112;0.4243764579296112;R2_STABLE_RISK;36;81;46;1;64;28;0;0.05000000819563866;0.15473884344100952;0.11395315080881119;96;4
N03;N03;Normal: Noite estável;Normal;Normal;0.050000007078051564;0.050000007078051564;R3_FALSE_KIN;-1;-1;0;0;-1;-1;0;0.05000000819563866;0.03165493160486221;0.12533468008041382;96;4
C08;C08;Critico progressivo: Distracao urbana multietapas;Critico;Critico;0.4441905096173286;0.4441905096173286;R2_STABLE_RISK;28;77;50;1;54;26;0;0.05000000819563866;0.32313522696495056;0.1318657249212265;96;4
C07;C07;Critico progressivo: Sem cinto sob chuva;Critico;Critico;0.46523655652999873;0.46523655652999873;R1_NORMAL;37;75;39;1;60;23;1;0.2811613976955414;0.37012815475463867;0.15571701526641846;96;4
N02;N02;Normal: Urbano moderado;Normal;Normal;0.050000007078051564;0.050000007078051564;R1_NORMAL;-1;-1;0;0;-1;-1;0;0.05000000819563866;0.029233017936348915;0.11389312893152237;96;4
N01;N01;Normal: Viagem tranquila em rodovia;Normal;Normal;0.050000007078051564;0.050000007078051564;R3_FALSE_KIN;-1;-1;0;0;-1;-1;0;0.05000000819563866;0.0319272018969059;0.0780562311410904;96;4
C07;C07;Critico progressivo: Sem cinto sob chuva;Critico;Critico;0.3924254164099693;0.3924254164099693;R3_FALSE_KIN;37;75;39;1;58;21;0;0.05000000819563866;0.37830615043640137;0.15924493968486786;96;4
C05;C05;Critico progressivo: Celular em rodovia;Critico;Critico;0.38832119703292844;0.38832119703292844;R3_FALSE_KIN;42;73;32;1;57;15;0;0.05000000819563866;0.32283270359039307;0.11023219674825668;96;4
C02;C02;Critico: Fadiga com desvio cinematico;Critico;Critico;0.39378328174352645;0.39378328174352645;R3_FALSE_KIN;29;50;22;0;32;3;0;0.05000000819563866;0.09578514099121094;0.117386095225811;96;4
C06;C06;Critico progressivo: Fadiga noturna;Critico;Critico;0.39670354276895525;0.39670354276895525;R1_NORMAL;36;81;46;1;62;26;0;0.05000000819563866;0.1531517505645752;0.11463677883148193;96;4
N01;N01;Normal: Viagem tranquila em rodovia;Normal;Normal;0.050000007078051564;0.050000007078051564;R2_STABLE_RISK;-1;-1;0;0;-1;-1;0;0.05000000819563866;0.035496365278959274;0.10799505561590195;96;4
N01;N01;Normal: Viagem tranquila em rodovia;Normal;Normal;0.050000007078051564;0.050000007078051564;R1_NORMAL;-1;-1;0;0;-1;-1;0;0.05000000819563866;0.030113423243165016;0.08670049160718918;96;4
C03;C03;Critico: Celular sem cinto sob chuva;Critico;Critico;0.6151119977235793;0.6151119977235793;R1_NORMAL;26;41;16;0;28;2;1;0.22669905424118042;0.1846512407064438;0.22610755264759064;96;4
C10;C10;Critico progressivo: Grooming em rodovia com fadiga;Critico;Critico;0.39789153188467025;0.39789153188467025;R1_NORMAL;40;81;42;1;64;24;0;0.05000000819563866;0.19186051189899445;0.11364533752202988;96;4
N03;N03;Normal: Noite estável;Normal;Normal;0.050000007078051564;0.050000007078051564;R3_FALSE_KIN;-1;-1;0;0;-1;-1;0;0.05000000819563866;0.025537744164466858;0.11042318493127823;96;4
C03;C03;Critico: Celular sem cinto sob chuva;Critico;Critico;0.3752959698438644;0.3752959698438644;R1_NORMAL;26;41;16;0;28;2;0;0.05000000819563866;0.18902093172073364;0.16657203435897827;96;4
C01;C01;Critico: Celular em alta velocidade;Critico;Critico;0.29102678298950196;0.29102678298950196;R3_FALSE_KIN;32;44;13;0;34;2;0;0.05000000819563866;0.15064775943756104;0.1292201727628708;96;4
C09;C09;Critico progressivo: Bebida ao volante;Critico;Critico;0.38271729201078414;0.38271729201078414;R2_STABLE_RISK;38;73;36;1;57;19;0;0.05000000819563866;0.2540757656097412;0.14545872807502747;96;4
C04;C04;Critico: Multiplas distracoes urbanas;Critico;Critico;0.5735518008470535;0.5735518008470535;R1_NORMAL;22;45;24;0;24;2;1;0.26477599143981934;0.20760680735111237;0.20223890244960785;96;4
C05;C05;Critico progressivo: Celular em rodovia;Critico;Critico;0.37659263163805007;0.37659263163805007;R1_NORMAL;42;73;32;1;61;19;0;0.05000000819563866;0.3162086009979248;0.11263635754585266;96;4
C06;C06;Critico progressivo: Fadiga noturna;Critico;Critico;0.402343575656414;0.402343575656414;R3_FALSE_KIN;36;81;46;1;61;25;0;0.05000000819563866;0.15331260859966278;0.10352645069360733;96;4
N03;N03;Normal: Noite estável;Normal;Normal;0.050000007078051564;0.050000007078051564;R3_FALSE_KIN;-1;-1;0;0;-1;-1;0;0.05000000819563866;0.026192909106612206;0.10198809951543808;96;4
N02;N02;Normal: Urbano moderado;Normal;Normal;0.050000007078051564;0.050000007078051564;R1_NORMAL;-1;-1;0;0;-1;-1;0;0.05000000819563866;0.035820040851831436;0.14339150488376617;96;4
C08;C08;Critico progressivo: Distracao urbana multietapas;Critico;Critico;0.4227632865309715;0.4227632865309715;R3_FALSE_KIN;28;77;50;1;55;27;0;0.05000000819563866;0.3167654573917389;0.15184392035007477;96;4
C05;C05;Critico progressivo: Celular em rodovia;Critico;Critico;0.3861690297722816;0.3861690297722816;R1_NORMAL;42;73;32;1;61;19;0;0.05000000819563866;0.3186873197555542;0.112659752368927;96;4
C09;C09;Critico progressivo: Bebida ao volante;Critico;Critico;0.38628832548856734;0.38628832548856734;R1_NORMAL;38;73;36;1;58;20;0;0.05000000819563866;0.24735623598098755;0.1643436700105667;96;4
C01;C01;Critico: Celular em alta velocidade;Critico;Critico;0.29102678298950196;0.29102678298950196;R1_NORMAL;32;44;13;0;34;2;0;0.05000000819563866;0.14993859827518463;0.11146987229585648;96;4
C10;C10;Critico progressivo: Grooming em rodovia com fadiga;Critico;Critico;0.4017014384269714;0.4017014384269714;R1_NORMAL;40;81;42;1;61;21;0;0.05000000819563866;0.19757072627544403;0.10065498948097229;96;4
C10;C10;Critico progressivo: Grooming em rodovia com fadiga;Critico;Critico;0.4583089530467987;0.4583089530467987;R2_STABLE_RISK;40;81;42;1;64;24;1;0.33511266112327576;0.19595329463481903;0.10835065692663193;96;4
C10;C10;Critico progressivo: Grooming em rodovia com fadiga;Critico;Critico;0.44175051450729363;0.44175051450729363;R2_STABLE_RISK;40;81;42;1;60;20;1;0.2907632887363434;0.1960446685552597;0.17346064746379852;96;4
C02;C02;Critico: Fadiga com desvio cinematico;Critico;Critico;0.39378328174352645;0.39378328174352645;R1_NORMAL;29;50;22;0;32;3;0;0.05000000819563866;0.0921255573630333;0.1164972186088562;96;4
C02;C02;Critico: Fadiga com desvio cinematico;Critico;Critico;0.596276244521141;0.596276244521141;R2_STABLE_RISK;29;50;22;0;32;3;1;0.2534591555595398;0.10203138738870621;0.18595953285694122;96;4
N02;N02;Normal: Urbano moderado;Normal;Normal;0.050000007078051564;0.050000007078051564;R1_NORMAL;-1;-1;0;0;-1;-1;0;0.05000000819563866;0.03293713554739952;0.0896809920668602;96;4
C08;C08;Critico progressivo: Distracao urbana multietapas;Critico;Critico;0.4548853933811188;0.4548853933811188;R1_NORMAL;28;77;50;1;56;28;0;0.05000000819563866;0.3198777735233307;0.11705780029296875;96;4
N01;N01;Normal: Viagem tranquila em rodovia;Normal;Normal;0.050000007078051564;0.050000007078051564;R2_STABLE_RISK;-1;-1;0;0;-1;-1;0;0.05000000819563866;0.02677515707910061;0.11438071727752686;96;4
C10;C10;Critico progressivo: Grooming em rodovia com fadiga;Critico;Critico;0.40484188050031655;0.40484188050031655;R2_STABLE_RISK;40;81;42;1;58;18;0;0.05000000819563866;0.20971401035785675;0.11557933688163757;96;4
C07;C07;Critico progressivo: Sem cinto sob chuva;Critico;Critico;0.4055799067020416;0.4055799067020416;R3_FALSE_KIN;37;75;39;1;57;20;0;0.05000000819563866;0.3843526840209961;0.10495450347661972;96;4
C06;C06;Critico progressivo: Fadiga noturna;Critico;Critico;0.47026462852954865;0.47026462852954865;R1_NORMAL;36;81;46;1;61;25;1;0.3564644157886505;0.1663588434457779;0.1335943043231964;96;4
N03;N03;Normal: Noite estável;Normal;Normal;0.050000007078051564;0.050000007078051564;R1_NORMAL;-1;-1;0;0;-1;-1;0;0.05000000819563866;0.037448082119226456;0.09259197860956192;96;4
C04;C04;Critico: Multiplas distracoes urbanas;Critico;Critico;0.5617398589849472;0.5617398589849472;R2_STABLE_RISK;22;45;24;0;24;2;1;0.18933631479740143;0.20382456481456757;0.15548498928546906;96;4
C05;C05;Critico progressivo: Celular em rodovia;Critico;Critico;0.48805731832981103;0.48805731832981103;R1_NORMAL;42;73;32;1;58;16;1;0.25402575731277466;0.32057082653045654;0.17837530374526978;96;4
C02;C02;Critico: Fadiga com desvio cinematico;Critico;Critico;0.5951095968484879;0.5951095968484879;R3_FALSE_KIN;29;50;22;0;32;3;1;0.21877169609069824;0.09566619992256165;0.12982141971588135;96;4
N03;N03;Normal: Noite estável;Normal;Normal;0.050000007078051564;0.050000007078051564;R1_NORMAL;-1;-1;0;0;-1;-1;0;0.05000000819563866;0.034390587359666824;0.08757432550191879;96;4
C08;C08;Critico progressivo: Distracao urbana multietapas;Critico;Critico;0.43477354198694224;0.43477354198694224;R1_NORMAL;28;77;50;1;56;28;0;0.05000000819563866;0.3110456168651581;0.14549757540225983;96;4
C04;C04;Critico: Multiplas distracoes urbanas;Critico;Critico;0.3713889718055725;0.3713889718055725;R3_FALSE_KIN;22;45;24;0;24;2;0;0.05000000819563866;0.19906200468540192;0.15744435787200928;96;4
C02;C02;Critico: Fadiga com desvio cinematico;Critico;Critico;0.5994747817516326;0.5994747817516326;R2_STABLE_RISK;29;50;22;0;32;3;1;0.26424524188041687;0.0960182175040245;0.1527361124753952;96;4
C07;C07;Critico progressivo: Sem cinto sob chuva;Critico;Critico;0.42580281943082804;0.42580281943082804;R1_NORMAL;37;75;39;1;59;22;0;0.05000000819563866;0.38032785058021545;0.1564284712076187;96;4
N02;N02;Normal: Urbano moderado;Normal;Normal;0.050000007078051564;0.050000007078051564;R3_FALSE_KIN;-1;-1;0;0;-1;-1;0;0.05000000819563866;0.022919192910194397;0.0908999815583229;96;4
C09;C09;Critico progressivo: Bebida ao volante;Critico;Critico;0.37254001051187513;0.37254001051187513;R1_NORMAL;38;73;36;1;56;18;0;0.05000000819563866;0.2513537108898163;0.11419075727462769;96;4
N01;N01;Normal: Viagem tranquila em rodovia;Normal;Normal;0.050000007078051564;0.050000007078051564;R2_STABLE_RISK;-1;-1;0;0;-1;-1;0;0.05000000819563866;0.035221852362155914;0.08996906876564026;96;4
N01;N01;Normal: Viagem tranquila em rodovia;Normal;Normal;0.050000007078051564;0.050000007078051564;R1_NORMAL;-1;-1;0;0;-1;-1;0;0.05000000819563866;0.036780327558517456;0.097227543592453;96;4
C03;C03;Critico: Celular sem cinto sob chuva;Critico;Critico;0.3752959698438644;0.3752959698438644;R2_STABLE_RISK;26;41;16;0;28;2;0;0.05000000819563866;0.18733108043670654;0.10931593924760818;96;4
C06;C06;Critico progressivo: Fadiga noturna;Critico;Critico;0.5062651395797729;0.5062651395797729;R1_NORMAL;36;81;46;1;57;21;1;0.31403395533561707;0.1593099683523178;0.16351599991321564;96;4
N01;N01;Normal: Viagem tranquila em rodovia;Normal;Normal;0.050000007078051564;0.050000007078051564;R2_STABLE_RISK;-1;-1;0;0;-1;-1;0;0.05000000819563866;0.033583831042051315;0.14956796169281006;96;4
N01;N01;Normal: Viagem tranquila em rodovia;Normal;Normal;0.050000007078051564;0.050000007078051564;R2_STABLE_RISK;-1;-1;0;0;-1;-1;0;0.05000000819563866;0.03321128711104393;0.11292201280593872;96;4
C01;C01;Critico: Celular em alta velocidade;Critico;Critico;0.29102678298950196;0.29102678298950196;R1_NORMAL;32;44;13;0;34;2;0;0.05000000819563866;0.15757755935192108;0.11282483488321304;96;4
C05;C05;Critico progressivo: Celular em rodovia;Critico;Critico;0.37880857437849047;0.37880857437849047;R1_NORMAL;42;73;32;1;59;17;0;0.05000000819563866;0.3072371184825897;0.11906889826059341;96;4
C01;C01;Critico: Celular em alta velocidade;Critico;Critico;0.29102678298950196;0.29102678298950196;R2_STABLE_RISK;32;44;13;0;34;2;0;0.05000000819563866;0.1595596969127655;0.13729076087474823;96;4
C03;C03;Critico: Celular sem cinto sob chuva;Critico;Critico;0.6051223814487456;0.6051223814487456;R1_NORMAL;26;41;16;0;28;2;1;0.22871863842010498;0.1848418265581131;0.21035504341125488;96;4
C08;C08;Critico progressivo: Distracao urbana multietapas;Critico;Critico;0.4224133983254433;0.4224133983254433;R3_FALSE_KIN;28;77;50;1;57;29;0;0.05000000819563866;0.3160427510738373;0.1361681967973709;96;4
C03;C03;Critico: Celular sem cinto sob chuva;Critico;Critico;0.6250066399574279;0.6250066399574279;R2_STABLE_RISK;26;41;16;0;28;2;1;0.2821735441684723;0.19556458294391632;0.22316212952136993;96;4
N02;N02;Normal: Urbano moderado;Normal;Normal;0.050000007078051564;0.050000007078051564;R3_FALSE_KIN;-1;-1;0;0;-1;-1;0;0.05000000819563866;0.029878899455070496;0.09424340724945068;96;4
N03;N03;Normal: Noite estável;Normal;Normal;0.050000007078051564;0.050000007078051564;R2_STABLE_RISK;-1;-1;0;0;-1;-1;0;0.05000000819563866;0.031383052468299866;0.10818958282470703;96;4
C10;C10;Critico progressivo: Grooming em rodovia com fadiga;Critico;Critico;0.3741013243794441;0.3741013243794441;R1_NORMAL;40;81;42;1;66;26;0;0.05000000819563866;0.197840616106987;0.13535931706428528;96;4
C04;C04;Critico: Multiplas distracoes urbanas;Critico;Critico;0.577407693862915;0.577407693862915;R1_NORMAL;22;45;24;0;24;2;1;0.2815672755241394;0.20336097478866577;0.23054896295070648;96;4
N02;N02;Normal: Urbano moderado;Normal;Normal;0.050000007078051564;0.050000007078051564;R1_NORMAL;-1;-1;0;0;-1;-1;0;0.05000000819563866;0.028718940913677216;0.09585585445165634;96;4
C10;C10;Critico progressivo: Grooming em rodovia com fadiga;Critico;Critico;0.41673335582017895;0.41673335582017895;R2_STABLE_RISK;40;81;42;1;63;23;0;0.05000000819563866;0.20346897840499878;0.11644639819860458;96;4
C09;C09;Critico progressivo: Bebida ao volante;Critico;Critico;0.4752612203359603;0.4752612203359603;R1_NORMAL;38;73;36;1;54;16;1;0.3086593449115753;0.2598682940006256;0.1365433633327484;96;4
N02;N02;Normal: Urbano moderado;Normal;Normal;0.050000007078051564;0.050000007078051564;R1_NORMAL;-1;-1;0;0;-1;-1;0;0.05000000819563866;0.026034275069832802;0.09382302314043045;96;4
N03;N03;Normal: Noite estável;Normal;Normal;0.050000007078051564;0.050000007078051564;R1_NORMAL;-1;-1;0;0;-1;-1;0;0.05000000819563866;0.02924644947052002;0.12121361494064331;96;4
C01;C01;Critico: Celular em alta velocidade;Critico;Critico;0.52634297311306;0.52634297311306;R3_FALSE_KIN;32;44;13;0;34;2;1;0.21940942108631134;0.15898995101451874;0.16378681361675262;96;4
C03;C03;Critico: Celular sem cinto sob chuva;Critico;Critico;0.3752959698438644;0.3752959698438644;R1_NORMAL;26;41;16;0;28;2;0;0.05000000819563866;0.18857574462890625;0.1459641307592392;96;4
C01;C01;Critico: Celular em alta velocidade;Critico;Critico;0.5152575522661209;0.5152575522661209;R1_NORMAL;32;44;13;0;34;2;1;0.18988020718097687;0.15584753453731537;0.18983860313892365;96;4
C08;C08;Critico progressivo: Distracao urbana multietapas;Critico;Critico;0.5023836016654968;0.5023836016654968;R2_STABLE_RISK;28;77;50;1;49;21;1;0.296476811170578;0.31998541951179504;0.16274487972259521;96;4
C10;C10;Critico progressivo: Grooming em rodovia com fadiga;Critico;Critico;0.4789936631917953;0.4789936631917953;R3_FALSE_KIN;40;81;42;1;59;19;1;0.3292921781539917;0.20746053755283356;0.16489624977111816;96;4
C08;C08;Critico progressivo: Distracao urbana multietapas;Critico;Critico;0.5297609716653824;0.5297609716653824;R3_FALSE_KIN;28;77;50;1;52;24;1;0.28992852568626404;0.3201497495174408;0.1685550957918167;96;4
C09;C09;Critico progressivo: Bebida ao volante;Critico;Critico;0.3827041149139404;0.3827041149139404;R2_STABLE_RISK;38;73;36;1;57;19;0;0.05000000819563866;0.25695767998695374;0.1450876146554947;96;4
C04;C04;Critico: Multiplas distracoes urbanas;Critico;Critico;0.3713889718055725;0.3713889718055725;R1_NORMAL;22;45;24;0;24;2;0;0.05000000819563866;0.2068347930908203;0.1622747927904129;96;4
C07;C07;Critico progressivo: Sem cinto sob chuva;Critico;Critico;0.4027304291725159;0.4027304291725159;R3_FALSE_KIN;37;75;39;1;57;20;0;0.05000000819563866;0.3856433928012848;0.13422702252864838;96;4
C10;C10;Critico progressivo: Grooming em rodovia com fadiga;Critico;Critico;0.44848765134811397;0.44848765134811397;R2_STABLE_RISK;40;81;42;1;65;25;1;0.33739498257637024;0.2015848159790039;0.09673122316598892;96;4
C03;C03;Critico: Celular sem cinto sob chuva;Critico;Critico;0.3752959698438644;0.3752959698438644;R3_FALSE_KIN;26;41;16;0;28;2;0;0.05000000819563866;0.1797153204679489;0.1516738384962082;96;4
N01;N01;Normal: Viagem tranquila em rodovia;Normal;Normal;0.050000007078051564;0.050000007078051564;R1_NORMAL;-1;-1;0;0;-1;-1;0;0.05000000819563866;0.03403676673769951;0.09850350767374039;96;4
C01;C01;Critico: Celular em alta velocidade;Critico;Critico;0.29102678298950196;0.29102678298950196;R2_STABLE_RISK;32;44;13;0;34;2;0;0.05000000819563866;0.15366707742214203;0.15821188688278198;96;4
C02;C02;Critico: Fadiga com desvio cinematico;Critico;Critico;0.39378328174352645;0.39378328174352645;R2_STABLE_RISK;29;50;22;0;32;3;0;0.05000000819563866;0.0966792181134224;0.15416152775287628;96;4
C09;C09;Critico progressivo: Bebida ao volante;Critico;Critico;0.38583932667970655;0.38583932667970655;R1_NORMAL;38;73;36;1;60;22;0;0.05000000819563866;0.25164374709129333;0.13396914303302765;96;4
C04;C04;Critico: Multiplas distracoes urbanas;Critico;Critico;0.3713889718055725;0.3713889718055725;R3_FALSE_KIN;22;45;24;0;24;2;0;0.05000000819563866;0.20194858312606812;0.09431743621826172;96;4
N03;N03;Normal: Noite estável;Normal;Normal;0.050000007078051564;0.050000007078051564;R2_STABLE_RISK;-1;-1;0;0;-1;-1;0;0.05000000819563866;0.036572545766830444;0.10081744194030762;96;4
N03;N03;Normal: Noite estável;Normal;Normal;0.050000007078051564;0.050000007078051564;R1_NORMAL;-1;-1;0;0;-1;-1;0;0.05000000819563866;0.04135734215378761;0.12397575378417969;96;4
C07;C07;Critico progressivo: Sem cinto sob chuva;Critico;Critico;0.38876074105501174;0.38876074105501174;R3_FALSE_KIN;37;75;39;1;61;24;0;0.05000000819563866;0.37543192505836487;0.12020203471183777;96;4
C06;C06;Critico progressivo: Fadiga noturna;Critico;Critico;0.40482002347707746;0.40482002347707746;R1_NORMAL;36;81;46;1;61;25;0;0.05000000819563866;0.16375502943992615;0.1198229268193245;96;4
N02;N02;Normal: Urbano moderado;Normal;Normal;0.050000007078051564;0.050000007078051564;R2_STABLE_RISK;-1;-1;0;0;-1;-1;0;0.05000000819563866;0.029798327013850212;0.07908927649259567;96;4
C07;C07;Critico progressivo: Sem cinto sob chuva;Critico;Critico;0.41892679929733273;0.41892679929733273;R1_NORMAL;37;75;39;1;57;20;0;0.05000000819563866;0.37733742594718933;0.12217553704977036;96;4
C06;C06;Critico progressivo: Fadiga noturna;Critico;Critico;0.4064785048365593;0.4064785048365593;R1_NORMAL;36;81;46;1;61;25;0;0.05000000819563866;0.15671266615390778;0.12201415747404099;96;4
N01;N01;Normal: Viagem tranquila em rodovia;Normal;Normal;0.050000007078051564;0.050000007078051564;R1_NORMAL;-1;-1;0;0;-1;-1;0;0.05000000819563866;0.03262970596551895;0.11877309530973434;96;4
C03;C03;Critico: Celular sem cinto sob chuva;Critico;Critico;0.3752959698438644;0.3752959698438644;R3_FALSE_KIN;26;41;16;0;28;2;0;0.05000000819563866;0.18376284837722778;0.1525200754404068;96;4
C01;C01;Critico: Celular em alta velocidade;Critico;Critico;0.29102678298950196;0.29102678298950196;R3_FALSE_KIN;32;44;13;0;34;2;0;0.05000000819563866;0.15741212666034698;0.14388976991176605;96;4
C02;C02;Critico: Fadiga com desvio cinematico;Critico;Critico;0.39378328174352645;0.39378328174352645;R1_NORMAL;29;50;22;0;32;3;0;0.05000000819563866;0.09214069694280624;0.14626507461071014;96;4
C03;C03;Critico: Celular sem cinto sob chuva;Critico;Critico;0.3752959698438644;0.3752959698438644;R1_NORMAL;26;41;16;0;28;2;0;0.05000000819563866;0.18516860902309418;0.10292365401983261;96;4
N01;N01;Normal: Viagem tranquila em rodovia;Normal;Normal;0.050000007078051564;0.050000007078051564;R2_STABLE_RISK;-1;-1;0;0;-1;-1;0;0.05000000819563866;0.0340578593313694;0.06949981302022934;96;4
N03;N03;Normal: Noite estável;Normal;Normal;0.050000007078051564;0.050000007078051564;R2_STABLE_RISK;-1;-1;0;0;-1;-1;0;0.05000000819563866;0.028681814670562744;0.09663242101669312;96;4
C09;C09;Critico progressivo: Bebida ao volante;Critico;Critico;0.3894485458731651;0.3894485458731651;R2_STABLE_RISK;38;73;36;1;56;18;0;0.05000000819563866;0.25745925307273865;0.14591366052627563;96;4
C05;C05;Critico progressivo: Celular em rodovia;Critico;Critico;0.46896457076072695;0.46896457076072695;R2_STABLE_RISK;42;73;32;1;56;14;1;0.25720834732055664;0.32104551792144775;0.15214335918426514;96;4
C05;C05;Critico progressivo: Celular em rodovia;Critico;Critico;0.382241952419281;0.382241952419281;R2_STABLE_RISK;42;73;32;1;58;16;0;0.05000000819563866;0.3183964490890503;0.12536455690860748;96;4
C07;C07;Critico progressivo: Sem cinto sob chuva;Critico;Critico;0.4716404795646667;0.4716404795646667;R1_NORMAL;37;75;39;1;59;22;1;0.30279162526130676;0.38357505202293396;0.12078537791967392;96;4
C07;C07;Critico progressivo: Sem cinto sob chuva;Critico;Critico;0.5087537080049515;0.5087537080049515;R2_STABLE_RISK;37;75;39;1;57;20;1;0.28174373507499695;0.3858882486820221;0.20712590217590332;96;4
C07;C07;Critico progressivo: Sem cinto sob chuva;Critico;Critico;0.4828215360641479;0.4828215360641479;R2_STABLE_RISK;37;75;39;1;61;24;1;0.26058781147003174;0.37236952781677246;0.1634754091501236;96;4
C06;C06;Critico progressivo: Fadiga noturna;Critico;Critico;0.4309789314866066;0.4309789314866066;R1_NORMAL;36;81;46;1;59;23;0;0.05000000819563866;0.16381622850894928;0.14379267394542694;96;4
N02;N02;Normal: Urbano moderado;Normal;Normal;0.050000007078051564;0.050000007078051564;R3_FALSE_KIN;-1;-1;0;0;-1;-1;0;0.05000000819563866;0.026469165459275246;0.09036281704902649;96;4
C06;C06;Critico progressivo: Fadiga noturna;Critico;Critico;0.4332428082823753;0.4332428082823753;R1_NORMAL;36;81;46;1;56;20;0;0.05000000819563866;0.16292017698287964;0.14485293626785278;96;4
C05;C05;Critico progressivo: Celular em rodovia;Critico;Critico;0.3926290392875671;0.3926290392875671;R3_FALSE_KIN;42;73;32;1;58;16;0;0.05000000819563866;0.32085490226745605;0.0995720624923706;96;4
C01;C01;Critico: Celular em alta velocidade;Critico;Critico;0.5276972711086273;0.5276972711086273;R2_STABLE_RISK;32;44;13;0;34;2;1;0.2713812589645386;0.15426330268383026;0.1683892458677292;96;4
C04;C04;Critico: Multiplas distracoes urbanas;Critico;Critico;0.3713889718055725;0.3713889718055725;R2_STABLE_RISK;22;45;24;0;24;2;0;0.05000000819563866;0.20441055297851562;0.12074372172355652;96;4
N02;N02;Normal: Urbano moderado;Normal;Normal;0.050000007078051564;0.050000007078051564;R2_STABLE_RISK;-1;-1;0;0;-1;-1;0;0.05000000819563866;0.024320900440216064;0.07065343111753464;96;4
N02;N02;Normal: Urbano moderado;Normal;Normal;0.050000007078051564;0.050000007078051564;R2_STABLE_RISK;-1;-1;0;0;-1;-1;0;0.05000000819563866;0.03591422364115715;0.08687182515859604;96;4
C07;C07;Critico progressivo: Sem cinto sob chuva;Critico;Critico;0.39299731254577636;0.39299731254577636;R1_NORMAL;37;75;39;1;61;24;0;0.05000000819563866;0.3789638578891754;0.14302179217338562;96;4
N03;N03;Normal: Noite estável;Normal;Normal;0.050000007078051564;0.050000007078051564;R1_NORMAL;-1;-1;0;0;-1;-1;0;0.05000000819563866;0.030129706487059593;0.08163028210401535;96;4
C10;C10;Critico progressivo: Grooming em rodovia com fadiga;Critico;Critico;0.40554994791746135;0.40554994791746135;R1_NORMAL;40;81;42;1;66;26;0;0.05000000819563866;0.20184917747974396;0.09115343540906906;96;4
C07;C07;Critico progressivo: Sem cinto sob chuva;Critico;Critico;0.40151320695877074;0.40151320695877074;R1_NORMAL;37;75;39;1;58;21;0;0.05000000819563866;0.3721180260181427;0.1322796791791916;96;4
C02;C02;Critico: Fadiga com desvio cinematico;Critico;Critico;0.39378328174352645;0.39378328174352645;R2_STABLE_RISK;29;50;22;0;32;3;0;0.05000000819563866;0.09655457735061646;0.1389199048280716;96;4
N02;N02;Normal: Urbano moderado;Normal;Normal;0.050000007078051564;0.050000007078051564;R2_STABLE_RISK;-1;-1;0;0;-1;-1;0;0.05000000819563866;0.03252895548939705;0.08778905868530273;96;4
C03;C03;Critico: Celular sem cinto sob chuva;Critico;Critico;0.3752959698438644;0.3752959698438644;R1_NORMAL;26;41;16;0;28;2;0;0.05000000819563866;0.18629343807697296;0.14859454333782196;96;4
C01;C01;Critico: Celular em alta velocidade;Critico;Critico;0.5316564917564391;0.5316564917564391;R1_NORMAL;32;44;13;0;34;2;1;0.24886299669742584;0.15500211715698242;0.1787470579147339;96;4
C07;C07;Critico progressivo: Sem cinto sob chuva;Critico;Critico;0.46689706742763515;0.46689706742763515;R1_NORMAL;37;75;39;1;61;24;1;0.2906940281391144;0.3784754276275635;0.14159613847732544;96;4
C03;C03;Critico: Celular sem cinto sob chuva;Critico;Critico;0.3752959698438644;0.3752959698438644;R1_NORMAL;26;41;16;0;28;2;0;0.05000000819563866;0.18370914459228516;0.19115392863750458;96;4
C09;C09;Critico progressivo: Bebida ao volante;Critico;Critico;0.4001370072364807;0.4001370072364807;R2_STABLE_RISK;38;73;36;1;61;23;0;0.05000000819563866;0.2552500069141388;0.13245916366577148;96;4
C07;C07;Critico progressivo: Sem cinto sob chuva;Critico;Critico;0.4073862984776497;0.4073862984776497;R1_NORMAL;37;75;39;1;58;21;0;0.05000000819563866;0.3796164095401764;0.17517755925655365;96;4
N03;N03;Normal: Noite estável;Normal;Normal;0.050000007078051564;0.050000007078051564;R1_NORMAL;-1;-1;0;0;-1;-1;0;0.05000000819563866;0.0325150191783905;0.0957123339176178;96;4
C10;C10;Critico progressivo: Grooming em rodovia com fadiga;Critico;Critico;0.44106047600507736;0.44106047600507736;R2_STABLE_RISK;40;81;42;1;58;18;0;0.05000000819563866;0.20434463024139404;0.12083812803030014;96;4
C02;C02;Critico: Fadiga com desvio cinematico;Critico;Critico;0.6054711401462555;0.6054711401462555;R1_NORMAL;29;50;22;0;32;3;1;0.271251916885376;0.10645968466997147;0.15534448623657227;96;4
C05;C05;Critico progressivo: Celular em rodovia;Critico;Critico;0.3762118637561798;0.3762118637561798;R2_STABLE_RISK;42;73;32;1;59;17;0;0.05000000819563866;0.31625649333000183;0.12912458181381226;96;4
C01;C01;Critico: Celular em alta velocidade;Critico;Critico;0.29102678298950196;0.29102678298950196;R2_STABLE_RISK;32;44;13;0;34;2;0;0.05000000819563866;0.15544605255126953;0.1553553342819214;96;4
C04;C04;Critico: Multiplas distracoes urbanas;Critico;Critico;0.5696616858243941;0.5696616858243941;R2_STABLE_RISK;22;45;24;0;24;2;1;0.22387884557247162;0.19729618728160858;0.24137358367443085;96;4
C07;C07;Critico progressivo: Sem cinto sob chuva;Critico;Critico;0.43118102997541424;0.43118102997541424;R1_NORMAL;37;75;39;1;57;20;0;0.05000000819563866;0.3729909360408783;0.17420947551727295;96;4
N02;N02;Normal: Urbano moderado;Normal;Normal;0.050000007078051564;0.050000007078051564;R1_NORMAL;-1;-1;0;0;-1;-1;0;0.05000000819563866;0.02969161979854107;0.11748149245977402;96;4
N01;N01;Normal: Viagem tranquila em rodovia;Normal;Normal;0.050000007078051564;0.050000007078051564;R1_NORMAL;-1;-1;0;0;-1;-1;0;0.05000000819563866;0.03371185436844826;0.11971667408943176;96;4
C04;C04;Critico: Multiplas distracoes urbanas;Critico;Critico;0.3713889718055725;0.3713889718055725;R1_NORMAL;22;45;24;0;24;2;0;0.05000000819563866;0.19808578491210938;0.16899996995925903;96;4
N03;N03;Normal: Noite estável;Normal;Normal;0.050000007078051564;0.050000007078051564;R1_NORMAL;-1;-1;0;0;-1;-1;0;0.05000000819563866;0.03125375881791115;0.09846236556768417;96;4
C01;C01;Critico: Celular em alta velocidade;Critico;Critico;0.29102678298950196;0.29102678298950196;R3_FALSE_KIN;32;44;13;0;34;2;0;0.05000000819563866;0.15108932554721832;0.14408957958221436;96;4
C03;C03;Critico: Celular sem cinto sob chuva;Critico;Critico;0.6025793999433517;0.6025793999433517;R1_NORMAL;26;41;16;0;28;2;1;0.18261468410491943;0.18932181596755981;0.22761045396327972;96;4
N01;N01;Normal: Viagem tranquila em rodovia;Normal;Normal;0.050000007078051564;0.050000007078051564;R2_STABLE_RISK;-1;-1;0;0;-1;-1;0;0.05000000819563866;0.03349654749035835;0.10386759042739868;96;4
C03;C03;Critico: Celular sem cinto sob chuva;Critico;Critico;0.3752959698438644;0.3752959698438644;R2_STABLE_RISK;26;41;16;0;28;2;0;0.05000000819563866;0.18577170372009277;0.15078391134738922;96;4
C04;C04;Critico: Multiplas distracoes urbanas;Critico;Critico;0.3713889718055725;0.3713889718055725;R1_NORMAL;22;45;24;0;24;2;0;0.05000000819563866;0.19735877215862274;0.1557135134935379;96;4
N01;N01;Normal: Viagem tranquila em rodovia;Normal;Normal;0.050000007078051564;0.050000007078051564;R3_FALSE_KIN;-1;-1;0;0;-1;-1;0;0.05000000819563866;0.03262174502015114;0.0748078003525734;96;4
N03;N03;Normal: Noite estável;Normal;Normal;0.050000007078051564;0.050000007078051564;R1_NORMAL;-1;-1;0;0;-1;-1;0;0.05000000819563866;0.0314054898917675;0.12206346541643143;96;4
C01;C01;Critico: Celular em alta velocidade;Critico;Critico;0.29102678298950196;0.29102678298950196;R3_FALSE_KIN;32;44;13;0;34;2;0;0.05000000819563866;0.1494341343641281;0.1009267196059227;96;4
C02;C02;Critico: Fadiga com desvio cinematico;Critico;Critico;0.6000127583742141;0.6000127583742141;R1_NORMAL;29;50;22;0;32;3;1;0.2394203394651413;0.10284886509180069;0.19713173806667328;96;4
C01;C01;Critico: Celular em alta velocidade;Critico;Critico;0.518474018573761;0.518474018573761;R1_NORMAL;32;44;13;0;34;2;1;0.19486834108829498;0.16086655855178833;0.18037445843219757;96;4
C01;C01;Critico: Celular em alta velocidade;Critico;Critico;0.29102678298950196;0.29102678298950196;R3_FALSE_KIN;32;44;13;0;34;2;0;0.05000000819563866;0.15501360595226288;0.16344080865383148;96;4
C10;C10;Critico progressivo: Grooming em rodovia com fadiga;Critico;Critico;0.44930762946605685;0.44930762946605685;R1_NORMAL;40;81;42;1;63;23;1;0.31056928634643555;0.191542848944664;0.13094083964824677;96;4
C02;C02;Critico: Fadiga com desvio cinematico;Critico;Critico;0.39378328174352645;0.39378328174352645;R2_STABLE_RISK;29;50;22;0;32;3;0;0.05000000819563866;0.10366112738847733;0.15442849695682526;96;4
C03;C03;Critico: Celular sem cinto sob chuva;Critico;Critico;0.3752959698438644;0.3752959698438644;R2_STABLE_RISK;26;41;16;0;28;2;0;0.05000000819563866;0.18866930902004242;0.14890916645526886;96;4
C08;C08;Critico progressivo: Distracao urbana multietapas;Critico;Critico;0.43085340857505794;0.43085340857505794;R3_FALSE_KIN;28;77;50;1;53;25;0;0.05000000819563866;0.3196007311344147;0.11940467357635498;96;4
N02;N02;Normal: Urbano moderado;Normal;Normal;0.050000007078051564;0.050000007078051564;R3_FALSE_KIN;-1;-1;0;0;-1;-1;0;0.05000000819563866;0.02883376181125641;0.1059611439704895;96;4
C06;C06;Critico progressivo: Fadiga noturna;Critico;Critico;0.42692387849092484;0.42692387849092484;R3_FALSE_KIN;36;81;46;1;54;18;0;0.05000000819563866;0.1649390161037445;0.11353389173746109;96;4
N01;N01;Normal: Viagem tranquila em rodovia;Normal;Normal;0.050000007078051564;0.050000007078051564;R3_FALSE_KIN;-1;-1;0;0;-1;-1;0;0.05000000819563866;0.03677528724074364;0.08854207396507263;96;4
N01;N01;Normal: Viagem tranquila em rodovia;Normal;Normal;0.050000007078051564;0.050000007078051564;R3_FALSE_KIN;-1;-1;0;0;-1;-1;0;0.05000000819563866;0.031121188774704933;0.07188953459262848;96;4
C04;C04;Critico: Multiplas distracoes urbanas;Critico;Critico;0.3713889718055725;0.3713889718055725;R3_FALSE_KIN;22;45;24;0;24;2;0;0.05000000819563866;0.2068977802991867;0.13458295166492462;96;4
C02;C02;Critico: Fadiga com desvio cinematico;Critico;Critico;0.39378328174352645;0.39378328174352645;R3_FALSE_KIN;29;50;22;0;32;3;0;0.05000000819563866;0.10021571069955826;0.10566073656082153;96;4
C01;C01;Critico: Celular em alta velocidade;Critico;Critico;0.5258339047431946;0.5258339047431946;R3_FALSE_KIN;32;44;13;0;34;2;1;0.2299811840057373;0.15858148038387299;0.16587527096271515;96;4
N01;N01;Normal: Viagem tranquila em rodovia;Normal;Normal;0.050000007078051564;0.050000007078051564;R1_NORMAL;-1;-1;0;0;-1;-1;0;0.05000000819563866;0.036594320088624954;0.09042718261480331;96;4
C06;C06;Critico progressivo: Fadiga noturna;Critico;Critico;0.4211119472980499;0.4211119472980499;R3_FALSE_KIN;36;81;46;1;58;22;0;0.05000000819563866;0.1553492397069931;0.12513655424118042;96;4
C10;C10;Critico progressivo: Grooming em rodovia com fadiga;Critico;Critico;0.40121866017580027;0.40121866017580027;R1_NORMAL;40;81;42;1;63;23;0;0.05000000819563866;0.20585142076015472;0.13153421878814697;96;4
C05;C05;Critico progressivo: Celular em rodovia;Critico;Critico;0.47124447524547575;0.47124447524547575;R2_STABLE_RISK;42;73;32;1;61;19;1;0.2647380530834198;0.31840014457702637;0.13388457894325256;96;4
C06;C06;Critico progressivo: Fadiga noturna;Critico;Critico;0.4613198965787887;0.4613198965787887;R2_STABLE_RISK;36;81;46;1;58;22;1;0.3309895694255829;0.14881838858127594;0.13213546574115753;96;4
C09;C09;Critico progressivo: Bebida ao volante;Critico;Critico;0.47193029820919036;0.47193029820919036;R1_NORMAL;38;73;36;1;60;22;1;0.3152100145816803;0.2459331750869751;0.17035551369190216;96;4
N02;N02;Normal: Urbano moderado;Normal;Normal;0.050000007078051564;0.050000007078051564;R2_STABLE_RISK;-1;-1;0;0;-1;-1;0;0.05000000819563866;0.03590856119990349;0.12327162176370621;96;4
C08;C08;Critico progressivo: Distracao urbana multietapas;Critico;Critico;0.44761051088571546;0.44761051088571546;R1_NORMAL;28;77;50;1;60;32;0;0.05000000819563866;0.31528744101524353;0.13842666149139404;96;4
C02;C02;Critico: Fadiga com desvio cinematico;Critico;Critico;0.6044141799211502;0.6044141799211502;R2_STABLE_RISK;29;50;22;0;32;3;1;0.2698371112346649;0.10203977674245834;0.15371288359165192;96;4
C07;C07;Critico progressivo: Sem cinto sob chuva;Critico;Critico;0.39643765836954115;0.39643765836954115;R1_NORMAL;37;75;39;1;62;25;0;0.05000000819563866;0.3715951442718506;0.13232789933681488;96;4
C08;C08;Critico progressivo: Distracao urbana multietapas;Critico;Critico;0.43802349418401715;0.43802349418401715;R3_FALSE_KIN;28;77;50;1;56;28;0;0.05000000819563866;0.31558772921562195;0.13578124344348907;96;4
C10;C10;Critico progressivo: Grooming em rodovia com fadiga;Critico;Critico;0.421209804713726;0.421209804713726;R1_NORMAL;40;81;42;1;64;24;0;0.05000000819563866;0.19909751415252686;0.11696690320968628;96;4
C07;C07;Critico progressivo: Sem cinto sob chuva;Critico;Critico;0.40778696984052654;0.40778696984052654;R1_NORMAL;37;75;39;1;59;22;0;0.05000000819563866;0.3806077539920807;0.13594691455364227;96;4
C09;C09;Critico progressivo: Bebida ao volante;Critico;Critico;0.39907240867614746;0.39907240867614746;R1_NORMAL;38;73;36;1;57;19;0;0.05000000819563866;0.2572788894176483;0.11842149496078491;96;4
C09;C09;Critico progressivo: Bebida ao volante;Critico;Critico;0.39735857844352723;0.39735857844352723;R2_STABLE_RISK;38;73;36;1;58;20;0;0.05000000819563866;0.25183364748954773;0.1106022298336029;96;4
C02;C02;Critico: Fadiga com desvio cinematico;Critico;Critico;0.5895980507135391;0.5895980507135391;R2_STABLE_RISK;29;50;22;0;32;3;1;0.1995474100112915;0.10459395498037338;0.09958475828170776;96;4
C08;C08;Critico progressivo: Distracao urbana multietapas;Critico;Critico;0.43459307253360746;0.43459307253360746;R1_NORMAL;28;77;50;1;48;20;0;0.05000000819563866;0.31669744849205017;0.15493912994861603;96;4
C04;C04;Critico: Multiplas distracoes urbanas;Critico;Critico;0.3713889718055725;0.3713889718055725;R1_NORMAL;22;45;24;0;24;2;0;0.05000000819563866;0.20493479073047638;0.15632261335849762;96;4
C10;C10;Critico progressivo: Grooming em rodovia com fadiga;Critico;Critico;0.4563575655221939;0.4563575655221939;R1_NORMAL;40;81;42;1;62;22;1;0.34332534670829773;0.20652954280376434;0.11376466602087021;96;4
C08;C08;Critico progressivo: Distracao urbana multietapas;Critico;Critico;0.44115811288356777;0.44115811288356777;R3_FALSE_KIN;28;77;50;1;50;22;0;0.05000000819563866;0.32284805178642273;0.1454210728406906;96;4
C09;C09;Critico progressivo: Bebida ao volante;Critico;Critico;0.40178925246000285;0.40178925246000285;R1_NORMAL;38;73;36;1;58;20;0;0.05000000819563866;0.2486157864332199;0.12880158424377441;96;4
N01;N01;Normal: Viagem tranquila em rodovia;Normal;Normal;0.050000007078051564;0.050000007078051564;R2_STABLE_RISK;-1;-1;0;0;-1;-1;0;0.05000000819563866;0.03301827982068062;0.13671042025089264;96;4
C07;C07;Critico progressivo: Sem cinto sob chuva;Critico;Critico;0.3946393370628357;0.3946393370628357;R2_STABLE_RISK;37;75;39;1;57;20;0;0.05000000819563866;0.3752032220363617;0.11886777728796005;96;4
C09;C09;Critico progressivo: Bebida ao volante;Critico;Critico;0.48480126559734343;0.48480126559734343;R1_NORMAL;38;73;36;1;58;20;1;0.2598606050014496;0.2517430782318115;0.20842476189136505;96;4
N02;N02;Normal: Urbano moderado;Normal;Normal;0.050000007078051564;0.050000007078051564;R2_STABLE_RISK;-1;-1;0;0;-1;-1;0;0.05000000819563866;0.03768552467226982;0.12898458540439606;96;4
C07;C07;Critico progressivo: Sem cinto sob chuva;Critico;Critico;0.39701269865036004;0.39701269865036004;R1_NORMAL;37;75;39;1;57;20;0;0.05000000819563866;0.3734942376613617;0.13400360941886902;96;4
C03;C03;Critico: Celular sem cinto sob chuva;Critico;Critico;0.3752959698438644;0.3752959698438644;R1_NORMAL;26;41;16;0;28;2;0;0.05000000819563866;0.1892925500869751;0.12453816086053848;96;4
C10;C10;Critico progressivo: Grooming em rodovia com fadiga;Critico;Critico;0.47943886816501613;0.47943886816501613;R2_STABLE_RISK;40;81;42;1;62;22;1;0.3698699474334717;0.19439251720905304;0.12084761261940002;96;4
C03;C03;Critico: Celular sem cinto sob chuva;Critico;Critico;0.3752959698438644;0.3752959698438644;R1_NORMAL;26;41;16;0;28;2;0;0.05000000819563866;0.1849014163017273;0.14086025953292847;96;4
C08;C08;Critico progressivo: Distracao urbana multietapas;Critico;Critico;0.4322433665394783;0.4322433665394783;R1_NORMAL;28;77;50;1;53;25;0;0.05000000819563866;0.32293301820755005;0.16109836101531982;96;4
C08;C08;Critico progressivo: Distracao urbana multietapas;Critico;Critico;0.4327538132667541;0.4327538132667541;R3_FALSE_KIN;28;77;50;1;53;25;0;0.05000000819563866;0.3133348226547241;0.14852023124694824;96;4
C08;C08;Critico progressivo: Distracao urbana multietapas;Critico;Critico;0.43417006880044934;0.43417006880044934;R2_STABLE_RISK;28;77;50;1;55;27;0;0.05000000819563866;0.31929823756217957;0.12450576573610306;96;4
C07;C07;Critico progressivo: Sem cinto sob chuva;Critico;Critico;0.3974915221333504;0.3974915221333504;R2_STABLE_RISK;37;75;39;1;61;24;0;0.05000000819563866;0.37470197677612305;0.130158469080925;96;4
C07;C07;Critico progressivo: Sem cinto sob chuva;Critico;Critico;0.41827536225318906;0.41827536225318906;R2_STABLE_RISK;37;75;39;1;56;19;0;0.05000000819563866;0.3826911449432373;0.1563534140586853;96;4
N03;N03;Normal: Noite estável;Normal;Normal;0.050000007078051564;0.050000007078051564;R1_NORMAL;-1;-1;0;0;-1;-1;0;0.05000000819563866;0.03058442659676075;0.07056170701980591;96;4
C05;C05;Critico progressivo: Celular em rodovia;Critico;Critico;0.3947457954287529;0.3947457954287529;R1_NORMAL;42;73;32;1;62;20;0;0.05000000819563866;0.3165417015552521;0.11032291501760483;96;4
C09;C09;Critico progressivo: Bebida ao volante;Critico;Critico;0.3968285962939262;0.3968285962939262;R1_NORMAL;38;73;36;1;60;22;0;0.05000000819563866;0.2519688904285431;0.19697575271129608;96;4
C08;C08;Critico progressivo: Distracao urbana multietapas;Critico;Critico;0.4393633052706718;0.4393633052706718;R1_NORMAL;28;77;50;1;55;27;0;0.05000000819563866;0.31689557433128357;0.12604932487010956;96;4
C03;C03;Critico: Celular sem cinto sob chuva;Critico;Critico;0.3752959698438644;0.3752959698438644;R1_NORMAL;26;41;16;0;28;2;0;0.05000000819563866;0.1838437169790268;0.13196806609630585;96;4
N01;N01;Normal: Viagem tranquila em rodovia;Normal;Normal;0.050000007078051564;0.050000007078051564;R3_FALSE_KIN;-1;-1;0;0;-1;-1;0;0.05000000819563866;0.0315839983522892;0.09165149927139282;96;4
C10;C10;Critico progressivo: Grooming em rodovia com fadiga;Critico;Critico;0.48184303045272825;0.48184303045272825;R1_NORMAL;40;81;42;1;60;20;1;0.3054857850074768;0.21008753776550293;0.08589335530996323;96;4
C09;C09;Critico progressivo: Bebida ao volante;Critico;Critico;0.41326103210449217;0.41326103210449217;R2_STABLE_RISK;38;73;36;1;56;18;0;0.05000000819563866;0.2537747621536255;0.1267600804567337;96;4
N02;N02;Normal: Urbano moderado;Normal;Normal;0.050000007078051564;0.050000007078051564;R2_STABLE_RISK;-1;-1;0;0;-1;-1;0;0.05000000819563866;0.035160768777132034;0.09366824477910995;96;4
C03;C03;Critico: Celular sem cinto sob chuva;Critico;Critico;0.3752959698438644;0.3752959698438644;R3_FALSE_KIN;26;41;16;0;28;2;0;0.05000000819563866;0.19425459206104279;0.10391759872436523;96;4
C03;C03;Critico: Celular sem cinto sob chuva;Critico;Critico;0.6087978988885879;0.6087978988885879;R2_STABLE_RISK;26;41;16;0;28;2;1;0.19703273475170135;0.18719124794006348;0.19182056188583374;96;4
C10;C10;Critico progressivo: Grooming em rodovia com fadiga;Critico;Critico;0.42241832464933393;0.42241832464933393;R1_NORMAL;40;81;42;1;61;21;0;0.05000000819563866;0.20547528564929962;0.11200803518295288;96;4
C06;C06;Critico progressivo: Fadiga noturna;Critico;Critico;0.39288492798805236;0.39288492798805236;R1_NORMAL;36;81;46;1;59;23;0;0.05000000819563866;0.16138188540935516;0.13484960794448853;96;4
C01;C01;Critico: Celular em alta velocidade;Critico;Critico;0.29102678298950196;0.29102678298950196;R1_NORMAL;32;44;13;0;34;2;0;0.05000000819563866;0.1525166630744934;0.11992901563644409;96;4
N01;N01;Normal: Viagem tranquila em rodovia;Normal;Normal;0.050000007078051564;0.050000007078051564;R2_STABLE_RISK;-1;-1;0;0;-1;-1;0;0.05000000819563866;0.028731614351272583;0.12615282833576202;96;4
N03;N03;Normal: Noite estável;Normal;Normal;0.050000007078051564;0.050000007078051564;R1_NORMAL;-1;-1;0;0;-1;-1;0;0.05000000819563866;0.027593940496444702;0.11342388391494751;96;4
C02;C02;Critico: Fadiga com desvio cinematico;Critico;Critico;0.39378328174352645;0.39378328174352645;R3_FALSE_KIN;29;50;22;0;32;3;0;0.05000000819563866;0.09507414698600769;0.11693986505270004;96;4
C08;C08;Critico progressivo: Distracao urbana multietapas;Critico;Critico;0.463828319311142;0.463828319311142;R1_NORMAL;28;77;50;1;52;24;0;0.05000000819563866;0.31187811493873596;0.1290460079908371;96;4
N03;N03;Normal: Noite estável;Normal;Normal;0.050000007078051564;0.050000007078051564;R2_STABLE_RISK;-1;-1;0;0;-1;-1;0;0.05000000819563866;0.02718587964773178;0.11348539590835571;96;4
C01;C01;Critico: Celular em alta velocidade;Critico;Critico;0.29102678298950196;0.29102678298950196;R2_STABLE_RISK;32;44;13;0;34;2;0;0.05000000819563866;0.15127862989902496;0.15425656735897064;96;4
C05;C05;Critico progressivo: Celular em rodovia;Critico;Critico;0.3794031500816345;0.3794031500816345;R2_STABLE_RISK;42;73;32;1;56;14;0;0.05000000819563866;0.31545016169548035;0.12948058545589447;96;4
C10;C10;Critico progressivo: Grooming em rodovia com fadiga;Critico;Critico;0.48414960503578186;0.48414960503578186;R1_NORMAL;40;81;42;1;65;25;1;0.3663986623287201;0.20067135989665985;0.14970745146274567;96;4
C09;C09;Critico progressivo: Bebida ao volante;Critico;Critico;0.3821095108985901;0.3821095108985901;R1_NORMAL;38;73;36;1;61;23;0;0.05000000819563866;0.2470036894083023;0.11824158579111099;96;4
C04;C04;Critico: Multiplas distracoes urbanas;Critico;Critico;0.3713889718055725;0.3713889718055725;R3_FALSE_KIN;22;45;24;0;24;2;0;0.05000000819563866;0.20345084369182587;0.1422252207994461;96;4
C10;C10;Critico progressivo: Grooming em rodovia com fadiga;Critico;Critico;0.40179090648889537;0.40179090648889537;R1_NORMAL;40;81;42;1;60;20;0;0.05000000819563866;0.1981787234544754;0.11772679537534714;96;4
C06;C06;Critico progressivo: Fadiga noturna;Critico;Critico;0.45539272427558897;0.45539272427558897;R2_STABLE_RISK;36;81;46;1;58;22;0;0.05000000819563866;0.15998892486095428;0.11982070654630661;96;4
C05;C05;Critico progressivo: Celular em rodovia;Critico;Critico;0.3953306183218956;0.3953306183218956;R1_NORMAL;42;73;32;1;58;16;0;0.05000000819563866;0.31433871388435364;0.12602217495441437;96;4
C09;C09;Critico progressivo: Bebida ao volante;Critico;Critico;0.3967266798019409;0.3967266798019409;R3_FALSE_KIN;38;73;36;1;55;17;0;0.05000000819563866;0.2516634464263916;0.12603743374347687;96;4
C07;C07;Critico progressivo: Sem cinto sob chuva;Critico;Critico;0.4203799441456795;0.4203799441456795;R2_STABLE_RISK;37;75;39;1;55;18;0;0.05000000819563866;0.3797563314437866;0.13556893169879913;96;4
C07;C07;Critico progressivo: Sem cinto sob chuva;Critico;Critico;0.5050949037075043;0.5050949037075043;R2_STABLE_RISK;37;75;39;1;53;16;1;0.2731894552707672;0.38872480392456055;0.17567215859889984;96;4
C10;C10;Critico progressivo: Grooming em rodovia com fadiga;Critico;Critico;0.4416319698095322;0.4416319698095322;R2_STABLE_RISK;40;81;42;1;64;24;1;0.3608957827091217;0.19342581927776337;0.10127528756856918;96;4
N02;N02;Normal: Urbano moderado;Normal;Normal;0.050000007078051564;0.050000007078051564;R2_STABLE_RISK;-1;-1;0;0;-1;-1;0;0.05000000819563866;0.029684027656912804;0.12885388731956482;96;4
C05;C05;Critico progressivo: Celular em rodovia;Critico;Critico;0.37949195355176923;0.37949195355176923;R3_FALSE_KIN;42;73;32;1;57;15;0;0.05000000819563866;0.3187790811061859;0.13097678124904633;96;4
N01;N01;Normal: Viagem tranquila em rodovia;Normal;Normal;0.050000007078051564;0.050000007078051564;R1_NORMAL;-1;-1;0;0;-1;-1;0;0.05000000819563866;0.03105507791042328;0.1493663787841797;96;4
C02;C02;Critico: Fadiga com desvio cinematico;Critico;Critico;0.5918064981698989;0.5918064981698989;R1_NORMAL;29;50;22;0;32;3;1;0.24713730812072754;0.11198210716247559;0.1558237373828888;96;4
C10;C10;Critico progressivo: Grooming em rodovia com fadiga;Critico;Critico;0.45260517597198485;0.45260517597198485;R3_FALSE_KIN;40;81;42;1;66;26;1;0.31456372141838074;0.2027062326669693;0.10744485259056091;96;4
N01;N01;Normal: Viagem tranquila em rodovia;Normal;Normal;0.050000007078051564;0.050000007078051564;R1_NORMAL;-1;-1;0;0;-1;-1;0;0.05000000819563866;0.041501741856336594;0.0960291400551796;96;4
C04;C04;Critico: Multiplas distracoes urbanas;Critico;Critico;0.3713889718055725;0.3713889718055725;R2_STABLE_RISK;22;45;24;0;24;2;0;0.05000000819563866;0.2002955675125122;0.15593789517879486;96;4
N03;N03;Normal: Noite estável;Normal;Normal;0.050000007078051564;0.050000007078051564;R3_FALSE_KIN;-1;-1;0;0;-1;-1;0;0.05000000819563866;0.035956475883722305;0.08020643144845963;96;4
N01;N01;Normal: Viagem tranquila em rodovia;Normal;Normal;0.050000007078051564;0.050000007078051564;R1_NORMAL;-1;-1;0;0;-1;-1;0;0.05000000819563866;0.026382530108094215;0.0832996666431427;96;4
C06;C06;Critico progressivo: Fadiga noturna;Critico;Critico;0.4253474876284599;0.4253474876284599;R1_NORMAL;36;81;46;1;60;24;0;0.05000000819563866;0.1545272022485733;0.0938870906829834;96;4
C06;C06;Critico progressivo: Fadiga noturna;Critico;Critico;0.45294544398784636;0.45294544398784636;R1_NORMAL;36;81;46;1;60;24;1;0.317606657743454;0.16210056841373444;0.15882433950901031;96;4
N02;N02;Normal: Urbano moderado;Normal;Normal;0.050000007078051564;0.050000007078051564;R3_FALSE_KIN;-1;-1;0;0;-1;-1;0;0.05000000819563866;0.03342362865805626;0.09410551190376282;96;4
N03;N03;Normal: Noite estável;Normal;Normal;0.050000007078051564;0.050000007078051564;R2_STABLE_RISK;-1;-1;0;0;-1;-1;0;0.05000000819563866;0.03005882538855076;0.11332534998655319;96;4
C01;C01;Critico: Celular em alta velocidade;Critico;Critico;0.29102678298950196;0.29102678298950196;R1_NORMAL;32;44;13;0;34;2;0;0.05000000819563866;0.16150109469890594;0.14811579883098602;96;4
C04;C04;Critico: Multiplas distracoes urbanas;Critico;Critico;0.5605692535638809;0.5605692535638809;R2_STABLE_RISK;22;45;24;0;24;2;1;0.22288572788238525;0.20597629249095917;0.18891943991184235;96;4
C09;C09;Critico progressivo: Bebida ao volante;Critico;Critico;0.46840313374996184;0.46840313374996184;R1_NORMAL;38;73;36;1;57;19;1;0.2603667676448822;0.2588101327419281;0.10821875929832458;96;4
N02;N02;Normal: Urbano moderado;Normal;Normal;0.050000007078051564;0.050000007078051564;R1_NORMAL;-1;-1;0;0;-1;-1;0;0.05000000819563866;0.030114268884062767;0.12163790315389633;96;4
C01;C01;Critico: Celular em alta velocidade;Critico;Critico;0.29102678298950196;0.29102678298950196;R3_FALSE_KIN;32;44;13;0;34;2;0;0.05000000819563866;0.16036300361156464;0.12144926935434341;96;4
N02;N02;Normal: Urbano moderado;Normal;Normal;0.050000007078051564;0.050000007078051564;R2_STABLE_RISK;-1;-1;0;0;-1;-1;0;0.05000000819563866;0.03323790058493614;0.10914933681488037;96;4
C05;C05;Critico progressivo: Celular em rodovia;Critico;Critico;0.36805490106344224;0.36805490106344224;R3_FALSE_KIN;42;73;32;1;58;16;0;0.05000000819563866;0.31754425168037415;0.18110795319080353;96;4
C10;C10;Critico progressivo: Grooming em rodovia com fadiga;Critico;Critico;0.4377789199352264;0.4377789199352264;R2_STABLE_RISK;40;81;42;1;63;23;0;0.05000000819563866;0.20394732058048248;0.10042321681976318;96;4
N02;N02;Normal: Urbano moderado;Normal;Normal;0.050000007078051564;0.050000007078051564;R1_NORMAL;-1;-1;0;0;-1;-1;0;0.05000000819563866;0.03713391721248627;0.10823526233434677;96;4
C08;C08;Critico progressivo: Distracao urbana multietapas;Critico;Critico;0.5118054181337356;0.5118054181337356;R2_STABLE_RISK;28;77;50;1;50;22;1;0.2838147282600403;0.32477203011512756;0.1466786414384842;96;4
C02;C02;Critico: Fadiga com desvio cinematico;Critico;Critico;0.39378328174352645;0.39378328174352645;R2_STABLE_RISK;29;50;22;0;32;3;0;0.05000000819563866;0.09599950164556503;0.1281818151473999;96;4
C04;C04;Critico: Multiplas distracoes urbanas;Critico;Critico;0.3713889718055725;0.3713889718055725;R2_STABLE_RISK;22;45;24;0;24;2;0;0.05000000819563866;0.20037078857421875;0.1325058788061142;96;4
C08;C08;Critico progressivo: Distracao urbana multietapas;Critico;Critico;0.44835332185029986;0.44835332185029986;R3_FALSE_KIN;28;77;50;1;54;26;0;0.05000000819563866;0.31511223316192627;0.13535507023334503;96;4
C06;C06;Critico progressivo: Fadiga noturna;Critico;Critico;0.4239168897271156;0.4239168897271156;R2_STABLE_RISK;36;81;46;1;59;23;0;0.05000000819563866;0.15530429780483246;0.10052783042192459;96;4
N03;N03;Normal: Noite estável;Normal;Normal;0.050000007078051564;0.050000007078051564;R1_NORMAL;-1;-1;0;0;-1;-1;0;0.05000000819563866;0.027555769309401512;0.10030820965766907;96;4
C03;C03;Critico: Celular sem cinto sob chuva;Critico;Critico;0.6088334023952484;0.6088334023952484;R3_FALSE_KIN;26;41;16;0;28;2;1;0.225625142455101;0.1835586279630661;0.20731788873672485;96;4
N03;N03;Normal: Noite estável;Normal;Normal;0.050000007078051564;0.050000007078051564;R3_FALSE_KIN;-1;-1;0;0;-1;-1;0;0.05000000819563866;0.03575370833277702;0.13138745725154877;96;4
N02;N02;Normal: Urbano moderado;Normal;Normal;0.050000007078051564;0.050000007078051564;R1_NORMAL;-1;-1;0;0;-1;-1;0;0.05000000819563866;0.02753634937107563;0.10145562887191772;96;4
C09;C09;Critico progressivo: Bebida ao volante;Critico;Critico;0.3796580895781517;0.3796580895781517;R2_STABLE_RISK;38;73;36;1;54;16;0;0.05000000819563866;0.25081896781921387;0.1803247481584549;96;4
C09;C09;Critico progressivo: Bebida ao volante;Critico;Critico;0.3652359783649444;0.3652359783649444;R3_FALSE_KIN;38;73;36;1;59;21;0;0.05000000819563866;0.25112077593803406;0.1095321774482727;96;4
C09;C09;Critico progressivo: Bebida ao volante;Critico;Critico;0.3761132761836052;0.3761132761836052;R1_NORMAL;38;73;36;1;60;22;0;0.05000000819563866;0.24548129737377167;0.1574348509311676;96;4
N02;N02;Normal: Urbano moderado;Normal;Normal;0.050000007078051564;0.050000007078051564;R2_STABLE_RISK;-1;-1;0;0;-1;-1;0;0.05000000819563866;0.03497237339615822;0.09737227112054825;96;4
C04;C04;Critico: Multiplas distracoes urbanas;Critico;Critico;0.3713889718055725;0.3713889718055725;R1_NORMAL;22;45;24;0;24;2;0;0.05000000819563866;0.20657487213611603;0.11900315433740616;96;4
C10;C10;Critico progressivo: Grooming em rodovia com fadiga;Critico;Critico;0.408382599055767;0.408382599055767;R2_STABLE_RISK;40;81;42;1;63;23;0;0.05000000819563866;0.20513643324375153;0.10866192728281021;96;4
C02;C02;Critico: Fadiga com desvio cinematico;Critico;Critico;0.39378328174352645;0.39378328174352645;R1_NORMAL;29;50;22;0;32;3;0;0.05000000819563866;0.10350105166435242;0.1441197544336319;96;4
C08;C08;Critico progressivo: Distracao urbana multietapas;Critico;Critico;0.5366233199834823;0.5366233199834823;R2_STABLE_RISK;28;77;50;1;52;24;1;0.32806357741355896;0.315200537443161;0.19413070380687714;96;4
C08;C08;Critico progressivo: Distracao urbana multietapas;Critico;Critico;0.525962233543396;0.525962233543396;R2_STABLE_RISK;28;77;50;1;48;20;1;0.33229464292526245;0.31656935811042786;0.17714844644069672;96;4
C04;C04;Critico: Multiplas distracoes urbanas;Critico;Critico;0.3713889718055725;0.3713889718055725;R2_STABLE_RISK;22;45;24;0;24;2;0;0.05000000819563866;0.21079395711421967;0.16296012699604034;96;4
N01;N01;Normal: Viagem tranquila em rodovia;Normal;Normal;0.050000007078051564;0.050000007078051564;R2_STABLE_RISK;-1;-1;0;0;-1;-1;0;0.05000000819563866;0.0334373377263546;0.07507812231779099;96;4
C05;C05;Critico progressivo: Celular em rodovia;Critico;Critico;0.3930397137999534;0.3930397137999534;R1_NORMAL;42;73;32;1;57;15;0;0.05000000819563866;0.31083962321281433;0.1182447150349617;96;4
C06;C06;Critico progressivo: Fadiga noturna;Critico;Critico;0.41190822869539256;0.41190822869539256;R2_STABLE_RISK;36;81;46;1;62;26;0;0.05000000819563866;0.15557824075222015;0.10120811313390732;96;4
C08;C08;Critico progressivo: Distracao urbana multietapas;Critico;Critico;0.44972155392169955;0.44972155392169955;R3_FALSE_KIN;28;77;50;1;52;24;0;0.05000000819563866;0.32385870814323425;0.09415007382631302;96;4
C03;C03;Critico: Celular sem cinto sob chuva;Critico;Critico;0.3752959698438644;0.3752959698438644;R1_NORMAL;26;41;16;0;28;2;0;0.05000000819563866;0.19095779955387115;0.0987752303481102;96;4
C10;C10;Critico progressivo: Grooming em rodovia com fadiga;Critico;Critico;0.4222444429993629;0.4222444429993629;R1_NORMAL;40;81;42;1;64;24;0;0.05000000819563866;0.2048877477645874;0.09730943292379379;96;4
N02;N02;Normal: Urbano moderado;Normal;Normal;0.050000007078051564;0.050000007078051564;R3_FALSE_KIN;-1;-1;0;0;-1;-1;0;0.05000000819563866;0.034632906317710876;0.09234195947647095;96;4
C02;C02;Critico: Fadiga com desvio cinematico;Critico;Critico;0.39378328174352645;0.39378328174352645;R1_NORMAL;29;50;22;0;32;3;0;0.05000000819563866;0.0963512733578682;0.087687648832798;96;4
C04;C04;Critico: Multiplas distracoes urbanas;Critico;Critico;0.5599504441022873;0.5599504441022873;R3_FALSE_KIN;22;45;24;0;24;2;1;0.18831665813922882;0.20381872355937958;0.20891617238521576;96;4
C01;C01;Critico: Celular em alta velocidade;Critico;Critico;0.5264097273349762;0.5264097273349762;R3_FALSE_KIN;32;44;13;0;34;2;1;0.22296404838562012;0.15550346672534943;0.13976424932479858;96;4
C01;C01;Critico: Celular em alta velocidade;Critico;Critico;0.29102678298950196;0.29102678298950196;R1_NORMAL;32;44;13;0;34;2;0;0.05000000819563866;0.15879017114639282;0.12045935541391373;96;4
C02;C02;Critico: Fadiga com desvio cinematico;Critico;Critico;0.39378328174352645;0.39378328174352645;R3_FALSE_KIN;29;50;22;0;32;3;0;0.05000000819563866;0.09902030229568481;0.10845585912466049;96;4
N03;N03;Normal: Noite estável;Normal;Normal;0.050000007078051564;0.050000007078051564;R1_NORMAL;-1;-1;0;0;-1;-1;0;0.05000000819563866;0.03433120623230934;0.10712751001119614;96;4
C08;C08;Critico progressivo: Distracao urbana multietapas;Critico;Critico;0.42800840139389035;0.42800840139389035;R2_STABLE_RISK;28;77;50;1;52;24;0;0.05000000819563866;0.31315502524375916;0.12722380459308624;96;4
C02;C02;Critico: Fadiga com desvio cinematico;Critico;Critico;0.594176858663559;0.594176858663559;R2_STABLE_RISK;29;50;22;0;32;3;1;0.23205232620239258;0.09845742583274841;0.12894587218761444;96;4
C02;C02;Critico: Fadiga com desvio cinematico;Critico;Critico;0.598537990450859;0.598537990450859;R3_FALSE_KIN;29;50;22;0;32;3;1;0.23181401193141937;0.09380640834569931;0.17085061967372894;96;4
N01;N01;Normal: Viagem tranquila em rodovia;Normal;Normal;0.050000007078051564;0.050000007078051564;R2_STABLE_RISK;-1;-1;0;0;-1;-1;0;0.05000000819563866;0.03210459649562836;0.09841593354940414;96;4
C03;C03;Critico: Celular sem cinto sob chuva;Critico;Critico;0.6247624844312667;0.6247624844312667;R2_STABLE_RISK;26;41;16;0;28;2;1;0.26614895462989807;0.18901289999485016;0.13305699825286865;96;4
C05;C05;Critico progressivo: Celular em rodovia;Critico;Critico;0.3663456931710243;0.3663456931710243;R2_STABLE_RISK;42;73;32;1;60;18;0;0.05000000819563866;0.3172827661037445;0.1411122828722;96;4
N02;N02;Normal: Urbano moderado;Normal;Normal;0.050000007078051564;0.050000007078051564;R1_NORMAL;-1;-1;0;0;-1;-1;0;0.05000000819563866;0.030760811641812325;0.12345030158758163;96;4
C07;C07;Critico progressivo: Sem cinto sob chuva;Critico;Critico;0.49361186623573305;0.49361186623573305;R2_STABLE_RISK;37;75;39;1;58;21;1;0.2628331184387207;0.3780886232852936;0.1755034476518631;96;4
C07;C07;Critico progressivo: Sem cinto sob chuva;Critico;Critico;0.43081170469522473;0.43081170469522473;R2_STABLE_RISK;37;75;39;1;53;16;0;0.05000000819563866;0.3889123499393463;0.16767734289169312;96;4
C01;C01;Critico: Celular em alta velocidade;Critico;Critico;0.29102678298950196;0.29102678298950196;R2_STABLE_RISK;32;44;13;0;34;2;0;0.05000000819563866;0.1547042280435562;0.11674833297729492;96;4
N03;N03;Normal: Noite estável;Normal;Normal;0.050000007078051564;0.050000007078051564;R2_STABLE_RISK;-1;-1;0;0;-1;-1;0;0.05000000819563866;0.03703119978308678;0.08208812773227692;96;4
C01;C01;Critico: Celular em alta velocidade;Critico;Critico;0.5324276596307754;0.5324276596307754;R3_FALSE_KIN;32;44;13;0;34;2;1;0.24795693159103394;0.15184973180294037;0.1811181753873825;96;4
C08;C08;Critico progressivo: Distracao urbana multietapas;Critico;Critico;0.4560658603906631;0.4560658603906631;R3_FALSE_KIN;28;77;50;1;51;23;0;0.05000000819563866;0.32455745339393616;0.1476016789674759;96;4
C09;C09;Critico progressivo: Bebida ao volante;Critico;Critico;0.3987319707870483;0.3987319707870483;R3_FALSE_KIN;38;73;36;1;57;19;0;0.05000000819563866;0.24976372718811035;0.1200093999505043;96;4
C02;C02;Critico: Fadiga com desvio cinematico;Critico;Critico;0.39378328174352645;0.39378328174352645;R1_NORMAL;29;50;22;0;32;3;0;0.05000000819563866;0.0867014154791832;0.14252687990665436;96;4
N02;N02;Normal: Urbano moderado;Normal;Normal;0.050000007078051564;0.050000007078051564;R3_FALSE_KIN;-1;-1;0;0;-1;-1;0;0.05000000819563866;0.024367233738303185;0.09978103637695312;96;4
N03;N03;Normal: Noite estável;Normal;Normal;0.050000007078051564;0.050000007078051564;R1_NORMAL;-1;-1;0;0;-1;-1;0;0.05000000819563866;0.030435265973210335;0.11553218215703964;96;4
C08;C08;Critico progressivo: Distracao urbana multietapas;Critico;Critico;0.45068676620721815;0.45068676620721815;R1_NORMAL;28;77;50;1;55;27;0;0.05000000819563866;0.31445643305778503;0.12683555483818054;96;4
C07;C07;Critico progressivo: Sem cinto sob chuva;Critico;Critico;0.4112329542636871;0.4112329542636871;R2_STABLE_RISK;37;75;39;1;59;22;0;0.05000000819563866;0.37878262996673584;0.1283343881368637;96;4
N03;N03;Normal: Noite estável;Normal;Normal;0.050000007078051564;0.050000007078051564;R1_NORMAL;-1;-1;0;0;-1;-1;0;0.05000000819563866;0.03639916703104973;0.10111872106790543;96;4
N01;N01;Normal: Viagem tranquila em rodovia;Normal;Normal;0.050000007078051564;0.050000007078051564;R1_NORMAL;-1;-1;0;0;-1;-1;0;0.05000000819563866;0.029404228553175926;0.11584726721048355;96;4
C09;C09;Critico progressivo: Bebida ao volante;Critico;Critico;0.3910637155175209;0.3910637155175209;R1_NORMAL;38;73;36;1;60;22;0;0.05000000819563866;0.2420703023672104;0.1475270539522171;96;4
N01;N01;Normal: Viagem tranquila em rodovia;Normal;Normal;0.050000007078051564;0.050000007078051564;R1_NORMAL;-1;-1;0;0;-1;-1;0;0.05000000819563866;0.026944192126393318;0.08035261183977127;96;4
C10;C10;Critico progressivo: Grooming em rodovia com fadiga;Critico;Critico;0.37776636034250255;0.37776636034250255;R3_FALSE_KIN;40;81;42;1;64;24;0;0.05000000819563866;0.1890154629945755;0.1377497911453247;96;4
N01;N01;Normal: Viagem tranquila em rodovia;Normal;Normal;0.050000007078051564;0.050000007078051564;R1_NORMAL;-1;-1;0;0;-1;-1;0;0.05000000819563866;0.03700481355190277;0.07611781358718872;96;4
C05;C05;Critico progressivo: Celular em rodovia;Critico;Critico;0.47803427278995514;0.47803427278995514;R1_NORMAL;42;73;32;1;57;15;1;0.27964916825294495;0.3219507932662964;0.14643540978431702;96;4
C08;C08;Critico progressivo: Distracao urbana multietapas;Critico;Critico;0.44574722498655317;0.44574722498655317;R1_NORMAL;28;77;50;1;53;25;0;0.05000000819563866;0.31504300236701965;0.10429879277944565;96;4
C01;C01;Critico: Celular em alta velocidade;Critico;Critico;0.29102678298950196;0.29102678298950196;R2_STABLE_RISK;32;44;13;0;34;2;0;0.05000000819563866;0.15790605545043945;0.1184435561299324;96;4
C03;C03;Critico: Celular sem cinto sob chuva;Critico;Critico;0.3752959698438644;0.3752959698438644;R1_NORMAL;26;41;16;0;28;2;0;0.05000000819563866;0.1861584633588791;0.1202780231833458;96;4
C07;C07;Critico progressivo: Sem cinto sob chuva;Critico;Critico;0.46812348663806913;0.46812348663806913;R1_NORMAL;37;75;39;1;57;20;1;0.23954683542251587;0.38456299901008606;0.13671256601810455;96;4
C06;C06;Critico progressivo: Fadiga noturna;Critico;Critico;0.43485019803047176;0.43485019803047176;R2_STABLE_RISK;36;81;46;1;59;23;0;0.05000000819563866;0.1614200323820114;0.15853993594646454;96;4
C09;C09;Critico progressivo: Bebida ao volante;Critico;Critico;0.4749370187520981;0.4749370187520981;R3_FALSE_KIN;38;73;36;1;54;16;1;0.2583734393119812;0.2558960020542145;0.1986439973115921;96;4
C08;C08;Critico progressivo: Distracao urbana multietapas;Critico;Critico;0.4371815577149391;0.4371815577149391;R1_NORMAL;28;77;50;1;56;28;0;0.05000000819563866;0.3079657256603241;0.12875546514987946;96;4
N03;N03;Normal: Noite estável;Normal;Normal;0.050000007078051564;0.050000007078051564;R2_STABLE_RISK;-1;-1;0;0;-1;-1;0;0.05000000819563866;0.03357108309864998;0.08627551794052124;96;4
C09;C09;Critico progressivo: Bebida ao volante;Critico;Critico;0.3660415396094322;0.3660415396094322;R2_STABLE_RISK;38;73;36;1;60;22;0;0.05000000819563866;0.24874277412891388;0.14668548107147217;96;4
C08;C08;Critico progressivo: Distracao urbana multietapas;Critico;Critico;0.5145664006471633;0.5145664006471633;R2_STABLE_RISK;28;77;50;1;48;20;1;0.31377771496772766;0.32661008834838867;0.1433449536561966;96;4
N01;N01;Normal: Viagem tranquila em rodovia;Normal;Normal;0.050000007078051564;0.050000007078051564;R1_NORMAL;-1;-1;0;0;-1;-1;0;0.05000000819563866;0.028740370646119118;0.09113522619009018;96;4
C02;C02;Critico: Fadiga com desvio cinematico;Critico;Critico;0.39378328174352645;0.39378328174352645;R1_NORMAL;29;50;22;0;32;3;0;0.05000000819563866;0.10436934232711792;0.17941515147686005;96;4
C03;C03;Critico: Celular sem cinto sob chuva;Critico;Critico;0.3752959698438644;0.3752959698438644;R2_STABLE_RISK;26;41;16;0;28;2;0;0.05000000819563866;0.191295325756073;0.13252171874046326;96;4
C07;C07;Critico progressivo: Sem cinto sob chuva;Critico;Critico;0.48793295323848723;0.48793295323848723;R2_STABLE_RISK;37;75;39;1;58;21;1;0.25700125098228455;0.37008264660835266;0.12556838989257812;96;4
C06;C06;Critico progressivo: Fadiga noturna;Critico;Critico;0.4491849362850189;0.4491849362850189;R3_FALSE_KIN;36;81;46;1;58;22;0;0.05000000819563866;0.16053737699985504;0.11697652190923691;96;4
C01;C01;Critico: Celular em alta velocidade;Critico;Critico;0.29102678298950196;0.29102678298950196;R2_STABLE_RISK;32;44;13;0;34;2;0;0.05000000819563866;0.15189360082149506;0.12750889360904694;96;4
C08;C08;Critico progressivo: Distracao urbana multietapas;Critico;Critico;0.5123383074998855;0.5123383074998855;R1_NORMAL;28;77;50;1;56;28;1;0.30952057242393494;0.31562554836273193;0.18233942985534668;96;4
C10;C10;Critico progressivo: Grooming em rodovia com fadiga;Critico;Critico;0.4248982325196266;0.4248982325196266;R2_STABLE_RISK;40;81;42;1;59;19;0;0.05000000819563866;0.20324552059173584;0.1231544017791748;96;4
N03;N03;Normal: Noite estável;Normal;Normal;0.050000007078051564;0.050000007078051564;R1_NORMAL;-1;-1;0;0;-1;-1;0;0.05000000819563866;0.030998647212982178;0.0949680507183075;96;4
C10;C10;Critico progressivo: Grooming em rodovia com fadiga;Critico;Critico;0.40886516124010086;0.40886516124010086;R1_NORMAL;40;81;42;1;63;23;0;0.05000000819563866;0.20518626272678375;0.1272190660238266;96;4
C04;C04;Critico: Multiplas distracoes urbanas;Critico;Critico;0.5693327516317368;0.5693327516317368;R2_STABLE_RISK;22;45;24;0;24;2;1;0.2506214678287506;0.20012684166431427;0.17437712848186493;96;4
C09;C09;Critico progressivo: Bebida ao volante;Critico;Critico;0.39434828907251357;0.39434828907251357;R1_NORMAL;38;73;36;1;55;17;0;0.05000000819563866;0.25956133008003235;0.12032196670770645;96;4
C02;C02;Critico: Fadiga com desvio cinematico;Critico;Critico;0.39378328174352645;0.39378328174352645;R2_STABLE_RISK;29;50;22;0;32;3;0;0.05000000819563866;0.10177186876535416;0.14402467012405396;96;4
C05;C05;Critico progressivo: Celular em rodovia;Critico;Critico;0.47290675938129423;0.47290675938129423;R3_FALSE_KIN;42;73;32;1;58;16;1;0.267352819442749;0.31929317116737366;0.15993498265743256;96;4
C02;C02;Critico: Fadiga com desvio cinematico;Critico;Critico;0.39378328174352645;0.39378328174352645;R3_FALSE_KIN;29;50;22;0;32;3;0;0.05000000819563866;0.10111217945814133;0.1045822724699974;96;4
C09;C09;Critico progressivo: Bebida ao volante;Critico;Critico;0.39837012439966196;0.39837012439966196;R3_FALSE_KIN;38;73;36;1;59;21;0;0.05000000819563866;0.24679876863956451;0.14557254314422607;96;4
C03;C03;Critico: Celular sem cinto sob chuva;Critico;Critico;0.6189091235399246;0.6189091235399246;R1_NORMAL;26;41;16;0;28;2;1;0.23990152776241302;0.1802079677581787;0.20338332653045654;96;4
C06;C06;Critico progressivo: Fadiga noturna;Critico;Critico;0.48982058763504027;0.48982058763504027;R1_NORMAL;36;81;46;1;57;21;1;0.29455772042274475;0.16910140216350555;0.14447422325611115;96;4
C03;C03;Critico: Celular sem cinto sob chuva;Critico;Critico;0.6137316793203353;0.6137316793203353;R2_STABLE_RISK;26;41;16;0;28;2;1;0.2454245239496231;0.19246931374073029;0.18531958758831024;96;4
C01;C01;Critico: Celular em alta velocidade;Critico;Critico;0.29102678298950196;0.29102678298950196;R1_NORMAL;32;44;13;0;34;2;0;0.05000000819563866;0.15126901865005493;0.10536237806081772;96;4
N03;N03;Normal: Noite estável;Normal;Normal;0.050000007078051564;0.050000007078051564;R3_FALSE_KIN;-1;-1;0;0;-1;-1;0;0.05000000819563866;0.029657291248440742;0.10159939527511597;96;4
C03;C03;Critico: Celular sem cinto sob chuva;Critico;Critico;0.6091943114995957;0.6091943114995957;R1_NORMAL;26;41;16;0;28;2;1;0.24713927507400513;0.18673628568649292;0.1854250431060791;96;4
C08;C08;Critico progressivo: Distracao urbana multietapas;Critico;Critico;0.45991360545158383;0.45991360545158383;R1_NORMAL;28;77;50;1;57;29;0;0.05000000819563866;0.32321897149086;0.1740044802427292;96;4
C09;C09;Critico progressivo: Bebida ao volante;Critico;Critico;0.4730811953544617;0.4730811953544617;R1_NORMAL;38;73;36;1;57;19;1;0.319852352142334;0.25350356101989746;0.138388529419899;96;4
N01;N01;Normal: Viagem tranquila em rodovia;Normal;Normal;0.050000007078051564;0.050000007078051564;R3_FALSE_KIN;-1;-1;0;0;-1;-1;0;0.05000000819563866;0.0344482846558094;0.09202539175748825;96;4
N02;N02;Normal: Urbano moderado;Normal;Normal;0.050000007078051564;0.050000007078051564;R1_NORMAL;-1;-1;0;0;-1;-1;0;0.05000000819563866;0.030873030424118042;0.11242371797561646;96;4
C05;C05;Critico progressivo: Celular em rodovia;Critico;Critico;0.37805266231298446;0.37805266231298446;R1_NORMAL;42;73;32;1;60;18;0;0.05000000819563866;0.31700554490089417;0.10509542375802994;96;4
C06;C06;Critico progressivo: Fadiga noturna;Critico;Critico;0.4363770559430122;0.4363770559430122;R1_NORMAL;36;81;46;1;61;25;0;0.05000000819563866;0.15563994646072388;0.10060284286737442;96;4
C03;C03;Critico: Celular sem cinto sob chuva;Critico;Critico;0.6244101166725158;0.6244101166725158;R1_NORMAL;26;41;16;0;28;2;1;0.26456883549690247;0.18991470336914062;0.17990845441818237;96;4
C05;C05;Critico progressivo: Celular em rodovia;Critico;Critico;0.4573819160461426;0.4573819160461426;R2_STABLE_RISK;42;73;32;1;59;17;1;0.3023621439933777;0.315984308719635;0.11777987331151962;96;4
C01;C01;Critico: Celular em alta velocidade;Critico;Critico;0.527386051416397;0.527386051416397;R1_NORMAL;32;44;13;0;34;2;1;0.22430314123630524;0.1480197161436081;0.17491376399993896;96;4
N02;N02;Normal: Urbano moderado;Normal;Normal;0.050000007078051564;0.050000007078051564;R1_NORMAL;-1;-1;0;0;-1;-1;0;0.05000000819563866;0.031775686889886856;0.08130038529634476;96;4
