id;recipe_id;nome;categoria;class_name;risk_episode;risk_episode_severity;regime;event_start;event_end;event_duration;progressive;detectable_start_035;onset_gap_035;persistent_tail;last6_mean_clean;mean_eye_gaze;mean_lane_offset;window;sensor_level
C05;C05;Critico progressivo: Celular em rodovia;Critico;Critico;0.38148777633905406;0.38148777633905406;R3_FALSE_KIN;42;73;32;1;60;18;0;0.05000000819563866;0.31491777300834656;0.13468293845653534;96;4
C05;C05;Critico progressivo: Celular em rodovia;Critico;Critico;0.4532697886228561;0.4532697886228561;R2_STABLE_RISK;42;73;32;1;59;17;1;0.23927517235279083;0.3175777494907379;0.164321169257164;96;4
C05;C05;Critico progressivo: Celular em rodovia;Critico;Critico;0.3857490882277489;0.3857490882277489;R1_NORMAL;42;73;32;1;59;17;0;0.05000000819563866;0.32609954476356506;0.11110597848892212;96;4
C09;C09;Critico progressivo: Bebida ao volante;Critico;Critico;0.38475195318460464;0.38475195318460464;R2_STABLE_RISK;38;73;36;1;54;16;0;0.05000000819563866;0.2551130950450897;0.12249626964330673;96;4
N03;N03;Normal: Noite estável;Normal;Normal;0.050000007078051564;0.050000007078051564;R2_STABLE_RISK;-1;-1;0;0;-1;-1;0;0.05000000819563866;0.03335975110530853;0.1073160395026207;96;4
N03;N03;Normal: Noite estável;Normal;Normal;0.050000007078051564;0.050000007078051564;R3_FALSE_KIN;-1;-1;0;0;-1;-1;0;0.05000000819563866;0.03181848302483559;0.09966406971216202;96;4
N01;N01;Normal: Viagem tranquila em rodovia;Normal;Normal;0.050000007078051564;0.050000007078051564;R2_STABLE_RISK;-1;-1;0;0;-1;-1;0;0.05000000819563866;0.031133214011788368;0.0742936059832573;96;4
C10;C10;Critico progressivo: Grooming em rodovia com fadiga;Critico;Critico;0.39661367535591124;0.39661367535591124;R3_FALSE_KIN;40;81;42;1;62;22;0;0.05000000819563866;0.19596292078495026;0.10732394456863403;96;4
N02;N02;Normal: Urbano moderado;Normal;Normal;0.050000007078051564;0.050000007078051564;R1_NORMAL;-1;-1;0;0;-1;-1;0;0.05000000819563866;0.035887181758880615;0.07819124311208725;96;4
C02;C02;Critico: Fadiga com desvio cinematico;Critico;Critico;0.5939610153436661;0.5939610153436661;R3_FALSE_KIN;29;50;22;0;32;3;1;0.25550761818885803;0.0963929072022438;0.1686944216489792;96;4
C03;C03;Critico: Celular sem cinto sob chuva;Critico;Critico;0.3752959698438644;0.3752959698438644;R2_STABLE_RISK;26;41;16;0;28;2;0;0.05000000819563866;0.17982782423496246;0.13316406309604645;96;4
C02;C02;Critico: Fadiga com desvio cinematico;Critico;Critico;0.39378328174352645;0.39378328174352645;R1_NORMAL;29;50;22;0;32;3;0;0.05000000819563866;0.09741976112127304;0.11670064926147461;96;4
N02;N02;Normal: Urbano moderado;Normal;Normal;0.050000007078051564;0.050000007078051564;R2_STABLE_RISK;-1;-1;0;0;-1;-1;0;0.05000000819563866;0.03643741458654404;0.09142706543207169;96;4
N03;N03;Normal: Noite estável;Normal;Normal;0.050000007078051564;0.050000007078051564;R1_NORMAL;-1;-1;0;0;-1;-1;0;0.05000000819563866;0.02763277105987072;0.09542439132928848;96;4
C09;C09;Critico progressivo: Bebida ao volante;Critico;Critico;0.39394064992666245;0.39394064992666245;R3_FALSE_KIN;38;73;36;1;60;22;0;0.05000000819563866;0.25557637214660645;0.12870217859745026;96;4
N02;N02;Normal: Urbano moderado;Normal;Normal;0.050000007078051564;0.050000007078051564;R1_NORMAL;-1;-1;0;0;-1;-1;0;0.05000000819563866;0.0296571496874094;0.08451338857412338;96;4
C06;C06;Critico progressivo: Fadiga noturna;Critico;Critico;0.4031225547194481;0.4031225547194481;R1_NORMAL;36;81;46;1;64;28;0;0.05000000819563866;0.1476697474718094;0.10992375761270523;96;4
N01;N01;Normal: Viagem tranquila em rodovia;Normal;Normal;0.050000007078051564;0.050000007078051564;R3_FALSE_KIN;-1;-1;0;0;-1;-1;0;0.05000000819563866;0.039328671991825104;0.09979623556137085;96;4
C06;C06;Critico progressivo: Fadiga noturna;Critico;Critico;0.4289093911647796;0.4289093911647796;R1_NORMAL;36;81;46;1;60;24;0;0.05000000819563866;0.15522664785385132;0.17151440680027008;96;4
C03;C03;Critico: Celular sem cinto sob chuva;Critico;Critico;0.6139443188905715;0.6139443188905715;R1_NORMAL;26;41;16;0;28;2;1;0.2491275519132614;0.19174258410930634;0.22183775901794434;96;4
C06;C06;Critico progressivo: Fadiga noturna;Critico;Critico;0.42471901923418043;0.42471901923418043;R2_STABLE_RISK;36;81;46;1;60;24;0;0.05000000819563866;0.16318772733211517;0.1228865459561348;96;4
C03;C03;Critico: Celular sem cinto sob chuva;Critico;Critico;0.3752959698438644;0.3752959698438644;R1_NORMAL;26;41;16;0;28;2;0;0.05000000819563866;0.18450526893138885;0.1166549101471901;96;4
C09;C09;Critico progressivo: Bebida ao volante;Critico;Critico;0.3924979493021965;0.3924979493021965;R1_NORMAL;38;73;36;1;54;16;0;0.05000000819563866;0.2555176019668579;0.13581697642803192;96;4
N02;N02;Normal: Urbano moderado;Normal;Normal;0.050000007078051564;0.050000007078051564;R2_STABLE_RISK;-1;-1;0;0;-1;-1;0;0.05000000819563866;0.04087531939148903;0.0710991844534874;96;4
C03;C03;Critico: Celular sem cinto sob chuva;Critico;Critico;0.3752959698438644;0.3752959698438644;R1_NORMAL;26;41;16;0;28;2;0;0.05000000819563866;0.18263070285320282;0.1300811916589737;96;4
C07;C07;Critico progressivo: Sem cinto sob chuva;Critico;Critico;0.4043643534183502;0.4043643534183502;R2_STABLE_RISK;37;75;39;1;58;21;0;0.05000000819563866;0.3748685121536255;0.11774963140487671;96;4
C01;C01;Critico: Celular em alta velocidade;Critico;Critico;0.5242454558610916;0.5242454558610916;R1_NORMAL;32;44;13;0;34;2;1;0.2596639394760132;0.15331047773361206;0.17095398902893066;96;4
C04;C04;Critico: Multiplas distracoes urbanas;Critico;Critico;0.3713889718055725;0.3713889718055725;R2_STABLE_RISK;22;45;24;0;24;2;0;0.05000000819563866;0.2082679271697998;0.14016377925872803;96;4
C04;C04;Critico: Multiplas distracoes urbanas;Critico;Critico;0.5647142022848128;0.5647142022848128;R2_STABLE_RISK;22;45;24;0;24;2;1;0.23930740356445312;0.21164239943027496;0.19829875230789185;96;4
N03;N03;Normal: Noite estável;Normal;Normal;0.050000007078051564;0.050000007078051564;R1_NORMAL;-1;-1;0;0;-1;-1;0;0.05000000819563866;0.03268754854798317;0.11534953117370605;96;4
C06;C06;Critico progressivo: Fadiga noturna;Critico;Critico;0.42878166437149046;0.42878166437149046;R1_NORMAL;36;81;46;1;58;22;0;0.05000000819563866;0.16326197981834412;0.10932908207178116;96;4
C08;C08;Critico progressivo: Distracao urbana multietapas;Critico;Critico;0.4472441345453262;0.4472441345453262;R2_STABLE_RISK;28;77;50;1;52;24;0;0.05000000819563866;0.3224118649959564;0.18988977372646332;96;4
C09;C09;Critico progressivo: Bebida ao volante;Critico;Critico;0.39340026229619973;0.39340026229619973;R1_NORMAL;38;73;36;1;58;20;0;0.05000000819563866;0.25162944197654724;0.13494566082954407;96;4
C02;C02;Critico: Fadiga com desvio cinematico;Critico;Critico;0.39378328174352645;0.39378328174352645;R1_NORMAL;29;50;22;0;32;3;0;0.05000000819563866;0.0958344116806984;0.10777018219232559;96;4
N02;N02;Normal: Urbano moderado;Normal;Normal;0.050000007078051564;0.050000007078051564;R2_STABLE_RISK;-1;-1;0;0;-1;-1;0;0.05000000819563866;0.028374051675200462;0.09544584900140762;96;4
N03;N03;Normal: Noite estável;Normal;Normal;0.050000007078051564;0.050000007078051564;R1_NORMAL;-1;-1;0;0;-1;-1;0;0.05000000819563866;0.02871399186551571;0.09752551466226578;96;4
C10;C10;Critico progressivo: Grooming em rodovia com fadiga;Critico;Critico;0.43571949750185013;0.43571949750185013;R2_STABLE_RISK;40;81;42;1;59;19;0;0.05000000819563866;0.2004755288362503;0.11875633150339127;96;4
C04;C04;Critico: Multiplas distracoes urbanas;Critico;Critico;0.5693751096725463;0.5693751096725463;R2_STABLE_RISK;22;45;24;0;24;2;1;0.2230352908372879;0.20399923622608185;0.19019298255443573;96;4
N03;N03;Normal: Noite estável;Normal;Normal;0.050000007078051564;0.050000007078051564;R3_FALSE_KIN;-1;-1;0;0;-1;-1;0;0.05000000819563866;0.03317224606871605;0.09178666025400162;96;4
C06;C06;Critico progressivo: Fadiga noturna;Critico;Critico;0.3910861566662788;0.3910861566662788;R1_NORMAL;36;81;46;1;64;28;0;0.05000000819563866;0.14751730859279633;0.09188995510339737;96;4
C05;C05;Critico progressivo: Celular em rodovia;Critico;Critico;0.37845554947853083;0.37845554947853083;R2_STABLE_RISK;42;73;32;1;60;18;0;0.05000000819563866;0.3183240592479706;0.11846823245286942;96;4
C07;C07;Critico progressivo: Sem cinto sob chuva;Critico;Critico;0.42556624859571457;0.42556624859571457;R1_NORMAL;37;75;39;1;57;20;0;0.05000000819563866;0.3780701458454132;0.11445516347885132;96;4
C01;C01;Critico: Celular em alta velocidade;Critico;Critico;0.29102678298950196;0.29102678298950196;R3_FALSE_KIN;32;44;13;0;34;2;0;0.05000000819563866;0.1540631204843521;0.1779157519340515;96;4
C10;C10;Critico progressivo: Grooming em rodovia com fadiga;Critico;Critico;0.40922234505414956;0.40922234505414956;R1_NORMAL;40;81;42;1;61;21;0;0.05000000819563866;0.1917499154806137;0.11605960130691528;96;4
C01;C01;Critico: Celular em alta velocidade;Critico;Critico;0.29102678298950196;0.29102678298950196;R3_FALSE_KIN;32;44;13;0;34;2;0;0.05000000819563866;0.15545016527175903;0.08626053482294083;96;4
N02;N02;Normal: Urbano moderado;Normal;Normal;0.050000007078051564;0.050000007078051564;R3_FALSE_KIN;-1;-1;0;0;-1;-1;0;0.05000000819563866;0.03869698941707611;0.08515327423810959;96;4
N01;N01;Normal: Viagem tranquila em rodovia;Normal;Normal;0.050000007078051564;0.050000007078051564;R3_FALSE_KIN;-1;-1;0;0;-1;-1;0;0.05000000819563866;0.030355483293533325;0.09623493999242783;96;4
C04;C04;Critico: Multiplas distracoes urbanas;Critico;Critico;0.561998701095581;0.561998701095581;R1_NORMAL;22;45;24;0;24;2;1;0.20741356909275055;0.2035994976758957;0.17493821680545807;96;4
N01;N01;Normal: Viagem tranquila em rodovia;Normal;Normal;0.050000007078051564;0.050000007078051564;R1_NORMAL;-1;-1;0;0;-1;-1;0;0.05000000819563866;0.03528312221169472;0.07520889490842819;96;4
N01;N01;Normal: Viagem tranquila em rodovia;Normal;Normal;0.050000007078051564;0.050000007078051564;R1_NORMAL;-1;-1;0;0;-1;-1;0;0.05000000819563866;0.02869497239589691;0.09281126409769058;96;4
C06;C06;Critico progressivo: Fadiga noturna;Critico;Critico;0.49177261292934416;0.49177261292934416;R1_NORMAL;36;81;46;1;63;27;1;0.3589085638523102;0.15895579755306244;0.11909562349319458;96;4
C09;C09;Critico progressivo: Bebida ao volante;Critico;Critico;0.5016246616840363;0.5016246616840363;R1_NORMAL;38;73;36;1;59;21;1;0.30833402276039124;0.2510140836238861;0.13828973472118378;96;4
C04;C04;Critico: Multiplas distracoes urbanas;Critico;Critico;0.3713889718055725;0.3713889718055725;R3_FALSE_KIN;22;45;24;0;24;2;0;0.05000000819563866;0.20500409603118896;0.1279742270708084;96;4
C06;C06;Critico progressivo: Fadiga noturna;Critico;Critico;0.44793812930583954;0.44793812930583954;R2_STABLE_RISK;36;81;46;1;62;26;1;0.3566916286945343;0.15612398087978363;0.11237072944641113;96;4
C09;C09;Critico progressivo: Bebida ao volante;Critico;Critico;0.3735793009400368;0.3735793009400368;R1_NORMAL;38;73;36;1;61;23;0;0.05000000819563866;0.25260093808174133;0.13294291496276855;96;4
C05;C05;Critico progressivo: Celular em rodovia;Critico;Critico;0.3792574629187584;0.3792574629187584;R1_NORMAL;42;73;32;1;57;15;0;0.05000000819563866;0.31604868173599243;0.10863467305898666;96;4
C04;C04;Critico: Multiplas distracoes urbanas;Critico;Critico;0.3713889718055725;0.3713889718055725;R2_STABLE_RISK;22;45;24;0;24;2;0;0.05000000819563866;0.20107118785381317;0.128265842795372;96;4
C03;C03;Critico: Celular sem cinto sob chuva;Critico;Critico;0.6163064628839492;0.6163064628839492;R2_STABLE_RISK;26;41;16;0;28;2;1;0.2541113793849945;0.1934109926223755;0.2106751650571823;96;4
C01;C01;Critico: Celular em alta velocidade;Critico;Critico;0.519574961066246;0.519574961066246;R2_STABLE_RISK;32;44;13;0;34;2;1;0.26128897070884705;0.15864335000514984;0.15932227671146393;96;4
C08;C08;Critico progressivo: Distracao urbana multietapas;Critico;Critico;0.4180432081222534;0.4180432081222534;R1_NORMAL;28;77;50;1;51;23;0;0.05000000819563866;0.3187783658504486;0.14351017773151398;96;4
C02;C02;Critico: Fadiga com desvio cinematico;Critico;Critico;0.39378328174352645;0.39378328174352645;R2_STABLE_RISK;29;50;22;0;32;3;0;0.05000000819563866;0.09924525022506714;0.14924299716949463;96;4
C01;C01;Critico: Celular em alta velocidade;Critico;Critico;0.5325738131999969;0.5325738131999969;R3_FALSE_KIN;32;44;13;0;34;2;1;0.24864263832569122;0.15819300711154938;0.17502230405807495;96;4
C09;C09;Critico progressivo: Bebida ao volante;Critico;Critico;0.462799260020256;0.462799260020256;R2_STABLE_RISK;38;73;36;1;55;17;1;0.235605850815773;0.2500115633010864;0.16864794492721558;96;4
C08;C08;Critico progressivo: Distracao urbana multietapas;Critico;Critico;0.4286263421177864;0.4286263421177864;R1_NORMAL;28;77;50;1;60;32;0;0.05000000819563866;0.311686247587204;0.12595941126346588;96;4
C03;C03;Critico: Celular sem cinto sob chuva;Critico;Critico;0.3752959698438644;0.3752959698438644;R1_NORMAL;26;41;16;0;28;2;0;0.05000000819563866;0.18393439054489136;0.10904554277658463;96;4
C10;C10;Critico progressivo: Grooming em rodovia com fadiga;Critico;Critico;0.4751649111509323;0.4751649111509323;R2_STABLE_RISK;40;81;42;1;64;24;1;0.3613991439342499;0.19685231149196625;0.1007942259311676;96;4
C02;C02;Critico: Fadiga com desvio cinematico;Critico;Critico;0.39378328174352645;0.39378328174352645;R2_STABLE_RISK;29;50;22;0;32;3;0;0.05000000819563866;0.09416094422340393;0.10235520452260971;96;4
C10;C10;Critico progressivo: Grooming em rodovia com fadiga;Critico;Critico;0.4629270583391189;0.4629270583391189;R1_NORMAL;40;81;42;1;64;24;1;0.3078533411026001;0.19957031309604645;0.11916077136993408;96;4
C02;C02;Critico: Fadiga com desvio cinematico;Critico;Critico;0.39378328174352645;0.39378328174352645;R1_NORMAL;29;50;22;0;32;3;0;0.05000000819563866;0.09297481924295425;0.12305334955453873;96;4
C02;C02;Critico: Fadiga com desvio cinematico;Critico;Critico;0.39378328174352645;0.39378328174352645;R2_STABLE_RISK;29;50;22;0;32;3;0;0.05000000819563866;0.10033337026834488;0.13470494747161865;96;4
N02;N02;Normal: Urbano moderado;Normal;Normal;0.050000007078051564;0.050000007078051564;R1_NORMAL;-1;-1;0;0;-1;-1;0;0.05000000819563866;0.02942153811454773;0.12917280197143555;96;4
C06;C06;Critico progressivo: Fadiga noturna;Critico;Critico;0.4970675408840179;0.4970675408840179;R1_NORMAL;36;81;46;1;57;21;1;0.3342783451080322;0.1680992990732193;0.1176481544971466;96;4
C04;C04;Critico: Multiplas distracoes urbanas;Critico;Critico;0.3713889718055725;0.3713889718055725;R2_STABLE_RISK;22;45;24;0;24;2;0;0.05000000819563866;0.2049977034330368;0.14450545608997345;96;4
C02;C02;Critico: Fadiga com desvio cinematico;Critico;Critico;0.39378328174352645;0.39378328174352645;R2_STABLE_RISK;29;50;22;0;32;3;0;0.05000000819563866;0.09936541318893433;0.13163422048091888;96;4
C10;C10;Critico progressivo: Grooming em rodovia com fadiga;Critico;Critico;0.45195669829845425;0.45195669829845425;R1_NORMAL;40;81;42;1;61;21;1;0.367316335439682;0.1987081915140152;0.12588998675346375;96;4
C10;C10;Critico progressivo: Grooming em rodovia com fadiga;Critico;Critico;0.4155366703867912;0.4155366703867912;R1_NORMAL;40;81;42;1;58;18;0;0.05000000819563866;0.2042217254638672;0.14847035706043243;96;4
C04;C04;Critico: Multiplas distracoes urbanas;Critico;Critico;0.578655406832695;0.578655406832695;R2_STABLE_RISK;22;45;24;0;24;2;1;0.26808807253837585;0.20463097095489502;0.20271162688732147;96;4
N01;N01;Normal: Viagem tranquila em rodovia;Normal;Normal;0.050000007078051564;0.050000007078051564;R2_STABLE_RISK;-1;-1;0;0;-1;-1;0;0.05000000819563866;0.03779386356472969;0.09013357013463974;96;4
N03;N03;Normal: Noite estável;Normal;Normal;0.050000007078051564;0.050000007078051564;R1_NORMAL;-1;-1;0;0;-1;-1;0;0.05000000819563866;0.03608144819736481;0.09518778324127197;96;4
C10;C10;Critico progressivo: Grooming em rodovia com fadiga;Critico;Critico;0.44228972941637035;0.44228972941637035;R2_STABLE_RISK;40;81;42;1;58;18;0;0.05000000819563866;0.2079092264175415;0.11925502866506577;96;4
N03;N03;Normal: Noite estável;Normal;Normal;0.050000007078051564;0.050000007078051564;R2_STABLE_RISK;-1;-1;0;0;-1;-1;0;0.05000000819563866;0.030137067660689354;0.08633574843406677;96;4
C02;C02;Critico: Fadiga com desvio cinematico;Critico;Critico;0.5968386381864548;0.5968386381864548;R3_FALSE_KIN;29;50;22;0;32;3;1;0.22930915653705597;0.10355927795171738;0.19849495589733124;96;4
C08;C08;Critico progressivo: Distracao urbana multietapas;Critico;Critico;0.45292102992534633;0.45292102992534633;R2_STABLE_RISK;28;77;50;1;54;26;0;0.05000000819563866;0.31789925694465637;0.10504269599914551;96;4
N01;N01;Normal: Viagem tranquila em rodovia;Normal;Normal;0.050000007078051564;0.050000007078051564;R2_STABLE_RISK;-1;-1;0;0;-1;-1;0;0.05000000819563866;0.0266041811555624;0.09353038668632507;96;4
C08;C08;Critico progressivo: Distracao urbana multietapas;Critico;Critico;0.43243939429521555;0.43243939429521555;R1_NORMAL;28;77;50;1;57;29;0;0.05000000819563866;0.3157977759838104;0.12377268075942993;96;4
C06;C06;Critico progressivo: Fadiga noturna;Critico;Critico;0.423001517355442;0.423001517355442;R1_NORMAL;36;81;46;1;60;24;0;0.05000000819563866;0.1548314243555069;0.12660843133926392;96;4
N02;N02;Normal: Urbano moderado;Normal;Normal;0.050000007078051564;0.050000007078051564;R2_STABLE_RISK;-1;-1;0;0;-1;-1;0;0.05000000819563866;0.02755187451839447;0.10811325162649155;96;4
C08;C08;Critico progressivo: Distracao urbana multietapas;Critico;Critico;0.5028992503881454;0.5028992503881454;R3_FALSE_KIN;28;77;50;1;50;22;1;0.3032326400279999;0.31998035311698914;0.19465310871601105;96;4
C08;C08;Critico progressivo: Distracao urbana multietapas;Critico;Critico;0.506342402100563;0.506342402100563;R1_NORMAL;28;77;50;1;52;24;1;0.2738903760910034;0.31629645824432373;0.14749497175216675;96;4
C10;C10;Critico progressivo: Grooming em rodovia com fadiga;Critico;Critico;0.4257032588124275;0.4257032588124275;R1_NORMAL;40;81;42;1;63;23;0;0.05000000819563866;0.19936881959438324;0.1321669965982437;96;4
C03;C03;Critico: Celular sem cinto sob chuva;Critico;Critico;0.3752959698438644;0.3752959698438644;R3_FALSE_KIN;26;41;16;0;28;2;0;0.05000000819563866;0.18552249670028687;0.17853184044361115;96;4
C07;C07;Critico progressivo: Sem cinto sob chuva;Critico;Critico;0.4010827705264091;0.4010827705264091;R1_NORMAL;37;75;39;1;55;18;0;0.05000000819563866;0.38143786787986755;0.12225475162267685;96;4
C09;C09;Critico progressivo: Bebida ao volante;Critico;Critico;0.39835487604141234;0.39835487604141234;R2_STABLE_RISK;38;73;36;1;58;20;0;0.05000000819563866;0.2497885674238205;0.13007435202598572;96;4
C01;C01;Critico: Celular em alta velocidade;Critico;Critico;0.29102678298950196;0.29102678298950196;R2_STABLE_RISK;32;44;13;0;34;2;0;0.05000000819563866;0.1588525027036667;0.11794811487197876;96;4
C06;C06;Critico progressivo: Fadiga noturna;Critico;Critico;0.5033884435892105;0.5033884435892105;R1_NORMAL;36;81;46;1;61;25;1;0.3324790894985199;0.15936239063739777;0.13623471558094025;96;4
C02;C02;Critico: Fadiga com desvio cinematico;Critico;Critico;0.39378328174352645;0.39378328174352645;R3_FALSE_KIN;29;50;22;0;32;3;0;0.05000000819563866;0.09861988574266434;0.09911856800317764;96;4
C07;C07;Critico progressivo: Sem cinto sob chuva;Critico;Critico;0.40179798007011414;0.40179798007011414;R3_FALSE_KIN;37;75;39;1;57;20;0;0.05000000819563866;0.37287279963493347;0.12039916962385178;96;4
C03;C03;Critico: Celular sem cinto sob chuva;Critico;Critico;0.6161141216754913;0.6161141216754913;R1_NORMAL;26;41;16;0;28;2;1;0.24080754816532135;0.19613374769687653;0.22814317047595978;96;4
C09;C09;Critico progressivo: Bebida ao volante;Critico;Critico;0.4872540980577469;0.4872540980577469;R1_NORMAL;38;73;36;1;58;20;1;0.25288674235343933;0.24606414139270782;0.14272631704807281;96;4
N02;N02;Normal: Urbano moderado;Normal;Normal;0.050000007078051564;0.050000007078051564;R1_NORMAL;-1;-1;0;0;-1;-1;0;0.05000000819563866;0.03343724086880684;0.0927785262465477;96;4
C03;C03;Critico: Celular sem cinto sob chuva;Critico;Critico;0.3752959698438644;0.3752959698438644;R3_FALSE_KIN;26;41;16;0;28;2;0;0.05000000819563866;0.18721692264080048;0.1346876472234726;96;4
C01;C01;Critico: Celular em alta velocidade;Critico;Critico;0.5328650772571564;0.5328650772571564;R1_NORMAL;32;44;13;0;34;2;1;0.2524472773075104;0.16065318882465363;0.20694613456726074;96;4
C07;C07;Critico progressivo: Sem cinto sob chuva;Critico;Critico;0.42155207395553584;0.42155207395553584;R1_NORMAL;37;75;39;1;57;20;0;0.05000000819563866;0.3801625669002533;0.13106392323970795;96;4
C07;C07;Critico progressivo: Sem cinto sob chuva;Critico;Critico;0.42063873410224917;0.42063873410224917;R1_NORMAL;37;75;39;1;58;21;0;0.05000000819563866;0.3771945536136627;0.1237933337688446;96;4
C10;C10;Critico progressivo: Grooming em rodovia com fadiga;Critico;Critico;0.4437573671340942;0.4437573671340942;R1_NORMAL;40;81;42;1;62;22;1;0.3011690676212311;0.1994972825050354;0.1718052476644516;96;4
C05;C05;Critico progressivo: Celular em rodovia;Critico;Critico;0.36399259567260744;0.36399259567260744;R2_STABLE_RISK;42;73;32;1;58;16;0;0.05000000819563866;0.31668201088905334;0.12241940945386887;96;4
C04;C04;Critico: Multiplas distracoes urbanas;Critico;Critico;0.3713889718055725;0.3713889718055725;R1_NORMAL;22;45;24;0;24;2;0;0.05000000819563866;0.20193614065647125;0.13937605917453766;96;4
C09;C09;Critico progressivo: Bebida ao volante;Critico;Critico;0.38430978506803515;0.38430978506803515;R3_FALSE_KIN;38;73;36;1;60;22;0;0.05000000819563866;0.24648861587047577;0.15542705357074738;96;4
C06;C06;Critico progressivo: Fadiga noturna;Critico;Critico;0.5129346281290054;0.5129346281290054;R1_NORMAL;36;81;46;1;55;19;1;0.332575261592865;0.16139653325080872;0.13712912797927856;96;4
N01;N01;Normal: Viagem tranquila em rodovia;Normal;Normal;0.050000007078051564;0.050000007078051564;R2_STABLE_RISK;-1;-1;0;0;-1;-1;0;0.05000000819563866;0.0369529128074646;0.13061721622943878;96;4
C04;C04;Critico: Multiplas distracoes urbanas;Critico;Critico;0.3713889718055725;0.3713889718055725;R2_STABLE_RISK;22;45;24;0;24;2;0;0.05000000819563866;0.20880234241485596;0.12172707170248032;96;4
N02;N02;Normal: Urbano moderado;Normal;Normal;0.050000007078051564;0.050000007078051564;R3_FALSE_KIN;-1;-1;0;0;-1;-1;0;0.05000000819563866;0.0380881130695343;0.13119204342365265;96;4
C07;C07;Critico progressivo: Sem cinto sob chuva;Critico;Critico;0.4101529002189636;0.4101529002189636;R1_NORMAL;37;75;39;1;53;16;0;0.05000000819563866;0.3897267282009125;0.11244680732488632;96;4
C01;C01;Critico: Celular em alta velocidade;Critico;Critico;0.29102678298950196;0.29102678298950196;R2_STABLE_RISK;32;44;13;0;34;2;0;0.05000000819563866;0.1532716155052185;0.10558649152517319;96;4
C02;C02;Critico: Fadiga com desvio cinematico;Critico;Critico;0.39378328174352645;0.39378328174352645;R1_NORMAL;29;50;22;0;32;3;0;0.05000000819563866;0.09512118250131607;0.14197123050689697;96;4
N02;N02;Normal: Urbano moderado;Normal;Normal;0.050000007078051564;0.050000007078051564;R1_NORMAL;-1;-1;0;0;-1;-1;0;0.05000000819563866;0.030436629429459572;0.09508195519447327;96;4
C04;C04;Critico: Multiplas distracoes urbanas;Critico;Critico;0.3713889718055725;0.3713889718055725;R2_STABLE_RISK;22;45;24;0;24;2;0;0.05000000819563866;0.19789843261241913;0.12094049900770187;96;4
C04;C04;Critico: Multiplas distracoes urbanas;Critico;Critico;0.3713889718055725;0.3713889718055725;R3_FALSE_KIN;22;45;24;0;24;2;0;0.05000000819563866;0.20172648131847382;0.16163994371891022;96;4
C02;C02;Critico: Fadiga com desvio cinematico;Critico;Critico;0.5925228267908096;0.5925228267908096;R1_NORMAL;29;50;22;0;32;3;1;0.20492301881313324;0.10029543191194534;0.16437070071697235;96;4
C02;C02;Critico: Fadiga com desvio cinematico;Critico;Critico;0.5963276296854019;0.5963276296854019;R2_STABLE_RISK;29;50;22;0;32;3;1;0.2268294095993042;0.09710504859685898;0.15356488525867462;96;4
N03;N03;Normal: Noite estável;Normal;Normal;0.050000007078051564;0.050000007078051564;R3_FALSE_KIN;-1;-1;0;0;-1;-1;0;0.05000000819563866;0.03608981892466545;0.13179826736450195;96;4
C03;C03;Critico: Celular sem cinto sob chuva;Critico;Critico;0.3752959698438644;0.3752959698438644;R1_NORMAL;26;41;16;0;28;2;0;0.05000000819563866;0.18904973566532135;0.12393110990524292;96;4
C02;C02;Critico: Fadiga com desvio cinematico;Critico;Critico;0.39378328174352645;0.39378328174352645;R3_FALSE_KIN;29;50;22;0;32;3;0;0.05000000819563866;0.09674147516489029;0.12224161624908447;96;4
C09;C09;Critico progressivo: Bebida ao volante;Critico;Critico;0.38054633587598796;0.38054633587598796;R3_FALSE_KIN;38;73;36;1;58;20;0;0.05000000819563866;0.2516402304172516;0.16582000255584717;96;4
C01;C01;Critico: Celular em alta velocidade;Critico;Critico;0.29102678298950196;0.29102678298950196;R1_NORMAL;32;44;13;0;34;2;0;0.05000000819563866;0.1511286348104477;0.10253264755010605;96;4
C02;C02;Critico: Fadiga com desvio cinematico;Critico;Critico;0.6067700028419494;0.6067700028419494;R1_NORMAL;29;50;22;0;32;3;1;0.27427244186401367;0.09861067682504654;0.12545332312583923;96;4
C04;C04;Critico: Multiplas distracoes urbanas;Critico;Critico;0.3713889718055725;0.3713889718055725;R1_NORMAL;22;45;24;0;24;2;0;0.05000000819563866;0.19865326583385468;0.15173478424549103;96;4
C08;C08;Critico progressivo: Distracao urbana multietapas;Critico;Critico;0.41580111831426614;0.41580111831426614;R1_NORMAL;28;77;50;1;55;27;0;0.05000000819563866;0.31247296929359436;0.15206560492515564;96;4
N03;N03;Normal: Noite estável;Normal;Normal;0.050000007078051564;0.050000007078051564;R1_NORMAL;-1;-1;0;0;-1;-1;0;0.05000000819563866;0.0350937582552433;0.09225019067525864;96;4
C10;C10;Critico progressivo: Grooming em rodovia com fadiga;Critico;Critico;0.4567919850349426;0.4567919850349426;R2_STABLE_RISK;40;81;42;1;67;27;1;0.30761367082595825;0.19995397329330444;0.10358022898435593;96;4
C10;C10;Critico progressivo: Grooming em rodovia com fadiga;Critico;Critico;0.43134318590164183;0.43134318590164183;R3_FALSE_KIN;40;81;42;1;61;21;0;0.05000000819563866;0.20062513649463654;0.0838266983628273;96;4
C01;C01;Critico: Celular em alta velocidade;Critico;Critico;0.29102678298950196;0.29102678298950196;R1_NORMAL;32;44;13;0;34;2;0;0.05000000819563866;0.15122978389263153;0.15429921448230743;96;4
N03;N03;Normal: Noite estável;Normal;Normal;0.050000007078051564;0.050000007078051564;R2_STABLE_RISK;-1;-1;0;0;-1;-1;0;0.05000000819563866;0.03499044105410576;0.09281953424215317;96;4
C07;C07;Critico progressivo: Sem cinto sob chuva;Critico;Critico;0.5025619596242905;0.5025619596242905;R3_FALSE_KIN;37;75;39;1;60;23;1;0.32668131589889526;0.3708132803440094;0.17375631630420685;96;4
C03;C03;Critico: Celular sem cinto sob chuva;Critico;Critico;0.3752959698438644;0.3752959698438644;R1_NORMAL;26;41;16;0;28;2;0;0.05000000819563866;0.18155519664287567;0.151516392827034;96;4
C03;C03;Critico: Celular sem cinto sob chuva;Critico;Critico;0.3752959698438644;0.3752959698438644;R1_NORMAL;26;41;16;0;28;2;0;0.05000000819563866;0.18849574029445648;0.12103962898254395;96;4
C02;C02;Critico: Fadiga com desvio cinematico;Critico;Critico;0.6083601474761963;0.6083601474761963;R1_NORMAL;29;50;22;0;32;3;1;0.28247401118278503;0.09975448995828629;0.11040845513343811;96;4
C04;C04;Critico: Multiplas distracoes urbanas;Critico;Critico;0.5743826001882553;0.5743826001882553;R2_STABLE_RISK;22;45;24;0;24;2;1;0.2635479271411896;0.20774485170841217;0.1661255806684494;96;4
C04;C04;Critico: Multiplas distracoes urbanas;Critico;Critico;0.5765233427286147;0.5765233427286147;R3_FALSE_KIN;22;45;24;0;24;2;1;0.2603304088115692;0.20820952951908112;0.21598969399929047;96;4
C09;C09;Critico progressivo: Bebida ao volante;Critico;Critico;0.46035002171993256;0.46035002171993256;R1_NORMAL;38;73;36;1;57;19;1;0.2958356440067291;0.24697138369083405;0.15199096500873566;96;4
C07;C07;Critico progressivo: Sem cinto sob chuva;Critico;Critico;0.42471293210983274;0.42471293210983274;R2_STABLE_RISK;37;75;39;1;59;22;0;0.05000000819563866;0.38298848271369934;0.1440601348876953;96;4
C01;C01;Critico: Celular em alta velocidade;Critico;Critico;0.29102678298950196;0.29102678298950196;R3_FALSE_KIN;32;44;13;0;34;2;0;0.05000000819563866;0.15377558767795563;0.12780755758285522;96;4
C01;C01;Critico: Celular em alta velocidade;Critico;Critico;0.29102678298950196;0.29102678298950196;R3_FALSE_KIN;32;44;13;0;34;2;0;0.05000000819563866;0.15455429255962372;0.14219065010547638;96;4
C08;C08;Critico progressivo: Distracao urbana multietapas;Critico;Critico;0.4777680248022079;0.4777680248022079;R1_NORMAL;28;77;50;1;57;29;1;0.26667436957359314;0.31245508790016174;0.18438325822353363;96;4
C07;C07;Critico progressivo: Sem cinto sob chuva;Critico;Critico;0.49791504442691803;0.49791504442691803;R2_STABLE_RISK;37;75;39;1;58;21;1;0.26319757103919983;0.3792325556278229;0.2007913440465927;96;4
N02;N02;Normal: Urbano moderado;Normal;Normal;0.050000007078051564;0.050000007078051564;R1_NORMAL;-1;-1;0;0;-1;-1;0;0.05000000819563866;0.032483454793691635;0.09713611751794815;96;4
C10;C10;Critico progressivo: Grooming em rodovia com fadiga;Critico;Critico;0.39630004912614825;0.39630004912614825;R1_NORMAL;40;81;42;1;65;25;0;0.05000000819563866;0.20221613347530365;0.15214689075946808;96;4
C09;C09;Critico progressivo: Bebida ao volante;Critico;Critico;0.40029617697000497;0.40029617697000497;R1_NORMAL;38;73;36;1;60;22;0;0.05000000819563866;0.24544762074947357;0.13870306313037872;96;4
C10;C10;Critico progressivo: Grooming em rodovia com fadiga;Critico;Critico;0.4644568264484405;0.4644568264484405;R3_FALSE_KIN;40;81;42;1;62;22;1;0.3389080762863159;0.20327766239643097;0.13598276674747467;96;4
C10;C10;Critico progressivo: Grooming em rodovia com fadiga;Critico;Critico;0.44032922983169553;0.44032922983169553;R1_NORMAL;40;81;42;1;59;19;0;0.05000000819563866;0.19543321430683136;0.11469846218824387;96;4
C03;C03;Critico: Celular sem cinto sob chuva;Critico;Critico;0.3752959698438644;0.3752959698438644;R3_FALSE_KIN;26;41;16;0;28;2;0;0.05000000819563866;0.18344269692897797;0.1540602147579193;96;4
C10;C10;Critico progressivo: Grooming em rodovia com fadiga;Critico;Critico;0.4677809447050094;0.4677809447050094;R2_STABLE_RISK;40;81;42;1;63;23;1;0.3334871828556061;0.199499249458313;0.14263533055782318;96;4
N01;N01;Normal: Viagem tranquila em rodovia;Normal;Normal;0.050000007078051564;0.050000007078051564;R1_NORMAL;-1;-1;0;0;-1;-1;0;0.05000000819563866;0.03157762810587883;0.1027848944067955;96;4
C04;C04;Critico: Multiplas distracoes urbanas;Critico;Critico;0.3713889718055725;0.3713889718055725;R1_NORMAL;22;45;24;0;24;2;0;0.05000000819563866;0.20581679046154022;0.13772067427635193;96;4
C06;C06;Critico progressivo: Fadiga noturna;Critico;Critico;0.4458392038941383;0.4458392038941383;R1_NORMAL;36;81;46;1;61;25;0;0.05000000819563866;0.1565602719783783;0.1306186020374298;96;4
C10;C10;Critico progressivo: Grooming em rodovia com fadiga;Critico;Critico;0.4320205554366111;0.4320205554366111;R3_FALSE_KIN;40;81;42;1;61;21;0;0.05000000819563866;0.203816220164299;0.08365223556756973;96;4
C01;C01;Critico: Celular em alta velocidade;Critico;Critico;0.29102678298950196;0.29102678298950196;R2_STABLE_RISK;32;44;13;0;34;2;0;0.05000000819563866;0.1494942158460617;0.10138646513223648;96;4
C02;C02;Critico: Fadiga com desvio cinematico;Critico;Critico;0.6044957756996154;0.6044957756996154;R3_FALSE_KIN;29;50;22;0;32;3;1;0.28047847747802734;0.10392576456069946;0.13893765211105347;96;4
N03;N03;Normal: Noite estável;Normal;Normal;0.050000007078051564;0.050000007078051564;R1_NORMAL;-1;-1;0;0;-1;-1;0;0.05000000819563866;0.029838448390364647;0.09952881932258606;96;4
C01;C01;Critico: Celular em alta velocidade;Critico;Critico;0.5228526473045348;0.5228526473045348;R2_STABLE_RISK;32;44;13;0;34;2;1;0.2247806340456009;0.15365742146968842;0.19150018692016602;96;4
N01;N01;Normal: Viagem tranquila em rodovia;Normal;Normal;0.050000007078051564;0.050000007078051564;R2_STABLE_RISK;-1;-1;0;0;-1;-1;0;0.05000000819563866;0.025688663125038147;0.10852829366922379;96;4
C07;C07;Critico progressivo: Sem cinto sob chuva;Critico;Critico;0.3979421570897102;0.3979421570897102;R1_NORMAL;37;75;39;1;60;23;0;0.05000000819563866;0.3746729791164398;0.14088554680347443;96;4
C04;C04;Critico: Multiplas distracoes urbanas;Critico;Critico;0.5748025864362716;0.5748025864362716;R3_FALSE_KIN;22;45;24;0;24;2;1;0.24914909899234772;0.20188401639461517;0.1849319189786911;96;4
C02;C02;Critico: Fadiga com desvio cinematico;Critico;Critico;0.39378328174352645;0.39378328174352645;R2_STABLE_RISK;29;50;22;0;32;3;0;0.05000000819563866;0.0976281687617302;0.17528001964092255;96;4
C01;C01;Critico: Celular em alta velocidade;Critico;Critico;0.29102678298950196;0.29102678298950196;R3_FALSE_KIN;32;44;13;0;34;2;0;0.05000000819563866;0.15323509275913239;0.12401125580072403;96;4
C09;C09;Critico progressivo: Bebida ao volante;Critico;Critico;0.3785891339182853;0.3785891339182853;R3_FALSE_KIN;38;73;36;1;56;18;0;0.05000000819563866;0.2505633533000946;0.15598422288894653;96;4
C07;C07;Critico progressivo: Sem cinto sob chuva;Critico;Critico;0.4516879886388778;0.4516879886388778;R1_NORMAL;37;75;39;1;62;25;1;0.26335349678993225;0.3754216432571411;0.17155206203460693;96;4
N02;N02;Normal: Urbano moderado;Normal;Normal;0.050000007078051564;0.050000007078051564;R1_NORMAL;-1;-1;0;0;-1;-1;0;0.05000000819563866;0.03179498389363289;0.07318872958421707;96;4
N01;N01;Normal: Viagem tranquila em rodovia;Normal;Normal;0.050000007078051564;0.050000007078051564;R3_FALSE_KIN;-1;-1;0;0;-1;-1;0;0.05000000819563866;0.0299230944365263;0.10756037384271622;96;4
C08;C08;Critico progressivo: Distracao urbana multietapas;Critico;Critico;0.49787454307079315;0.49787454307079315;R2_STABLE_RISK;28;77;50;1;53;25;1;0.28057992458343506;0.31206175684928894;0.2077019363641739;96;4
C09;C09;Critico progressivo: Bebida ao volante;Critico;Critico;0.48574855029582975;0.48574855029582975;R1_NORMAL;38;73;36;1;54;16;1;0.28223586082458496;0.25835320353507996;0.1568746119737625;96;4
N03;N03;Normal: Noite estável;Normal;Normal;0.050000007078051564;0.050000007078051564;R2_STABLE_RISK;-1;-1;0;0;-1;-1;0;0.05000000819563866;0.03423997387290001;0.08015862107276917;96;4
N01;N01;Normal: Viagem tranquila em rodovia;Normal;Normal;0.050000007078051564;0.050000007078051564;R1_NORMAL;-1;-1;0;0;-1;-1;0;0.05000000819563866;0.028040438890457153;0.1254146844148636;96;4
C01;C01;Critico: Celular em alta velocidade;Critico;Critico;0.5252803534269332;0.5252803534269332;R2_STABLE_RISK;32;44;13;0;34;2;1;0.26698172092437744;0.1583917886018753;0.19643503427505493;96;4
C10;C10;Critico progressivo: Grooming em rodovia com fadiga;Critico;Critico;0.42681529372930527;0.42681529372930527;R1_NORMAL;40;81;42;1;66;26;0;0.05000000819563866;0.1970677524805069;0.10814867168664932;96;4
C03;C03;Critico: Celular sem cinto sob chuva;Critico;Critico;0.3752959698438644;0.3752959698438644;R3_FALSE_KIN;26;41;16;0;28;2;0;0.05000000819563866;0.18889616429805756;0.1353573054075241;96;4
C06;C06;Critico progressivo: Fadiga noturna;Critico;Critico;0.41731729358434677;0.41731729358434677;R1_NORMAL;36;81;46;1;61;25;0;0.05000000819563866;0.16286055743694305;0.1334221363067627;96;4
C05;C05;Critico progressivo: Celular em rodovia;Critico;Critico;0.3709883347153663;0.3709883347153663;R1_NORMAL;42;73;32;1;59;17;0;0.05000000819563866;0.32344940304756165;0.1055123433470726;96;4
C06;C06;Critico progressivo: Fadiga noturna;Critico;Critico;0.3956619217991829;0.3956619217991829;R2_STABLE_RISK;36;81;46;1;61;25;0;0.05000000819563866;0.15429215133190155;0.13942579925060272;96;4
C03;C03;Critico: Celular sem cinto sob chuva;Critico;Critico;0.3752959698438644;0.3752959698438644;R3_FALSE_KIN;26;41;16;0;28;2;0;0.05000000819563866;0.18669907748699188;0.11358308047056198;96;4
N01;N01;Normal: Viagem tranquila em rodovia;Normal;Normal;0.050000007078051564;0.050000007078051564;R1_NORMAL;-1;-1;0;0;-1;-1;0;0.05000000819563866;0.03414209187030792;0.1018272414803505;96;4
N02;N02;Normal: Urbano moderado;Normal;Normal;0.050000007078051564;0.050000007078051564;R2_STABLE_RISK;-1;-1;0;0;-1;-1;0;0.05000000819563866;0.030389659106731415;0.12202735990285873;96;4
C06;C06;Critico progressivo: Fadiga noturna;Critico;Critico;0.47872761487960813;0.47872761487960813;R2_STABLE_RISK;36;81;46;1;56;20;1;0.31788769364356995;0.15096864104270935;0.0845121443271637;96;4
C05;C05;Critico progressivo: Celular em rodovia;Critico;Critico;0.38607004731893535;0.38607004731893535;R2_STABLE_RISK;42;73;32;1;58;16;0;0.05000000819563866;0.31402119994163513;0.14984484016895294;96;4
N01;N01;Normal: Viagem tranquila em rodovia;Normal;Normal;0.050000007078051564;0.050000007078051564;R1_NORMAL;-1;-1;0;0;-1;-1;0;0.05000000819563866;0.030291058123111725;0.10730398446321487;96;4
C10;C10;Critico progressivo: Grooming em rodovia com fadiga;Critico;Critico;0.4016297101974487;0.4016297101974487;R1_NORMAL;40;81;42;1;65;25;0;0.05000000819563866;0.19979089498519897;0.09541449695825577;96;4
C03;C03;Critico: Celular sem cinto sob chuva;Critico;Critico;0.3752959698438644;0.3752959698438644;R1_NORMAL;26;41;16;0;28;2;0;0.05000000819563866;0.18491172790527344;0.13704872131347656;96;4
C10;C10;Critico progressivo: Grooming em rodovia com fadiga;Critico;Critico;0.45398086607456206;0.45398086607456206;R1_NORMAL;40;81;42;1;63;23;1;0.3258775770664215;0.20175260305404663;0.14525018632411957;96;4
C01;C01;Critico: Celular em alta velocidade;Critico;Critico;0.5281498789787292;0.5281498789787292;R2_STABLE_RISK;32;44;13;0;34;2;1;0.22788703441619873;0.15061825513839722;0.17532390356063843;96;4
C03;C03;Critico: Celular sem cinto sob chuva;Critico;Critico;0.3752959698438644;0.3752959698438644;R2_STABLE_RISK;26;41;16;0;28;2;0;0.05000000819563866;0.18731097877025604;0.14243507385253906;96;4
C03;C03;Critico: Celular sem cinto sob chuva;Critico;Critico;0.612086832523346;0.612086832523346;R2_STABLE_RISK;26;41;16;0;28;2;1;0.2247690111398697;0.1877092868089676;0.1362178474664688;96;4
C06;C06;Critico progressivo: Fadiga noturna;Critico;Critico;0.4130545392632484;0.4130545392632484;R3_FALSE_KIN;36;81;46;1;62;26;0;0.05000000819563866;0.16176871955394745;0.10922476649284363;96;4
C04;C04;Critico: Multiplas distracoes urbanas;Critico;Critico;0.5678571581840515;0.5678571581840515;R1_NORMAL;22;45;24;0;24;2;1;0.2174457311630249;0.20602567493915558;0.1783508062362671;96;4
C08;C08;Critico progressivo: Distracao urbana multietapas;Critico;Critico;0.49551925361156457;0.49551925361156457;R2_STABLE_RISK;28;77;50;1;58;30;1;0.2968493103981018;0.3137770891189575;0.1920640468597412;96;4
C07;C07;Critico progressivo: Sem cinto sob chuva;Critico;Critico;0.4143863394856453;0.4143863394856453;R2_STABLE_RISK;37;75;39;1;60;23;0;0.05000000819563866;0.37840500473976135;0.11656266450881958;96;4
C05;C05;Critico progressivo: Celular em rodovia;Critico;Critico;0.3762899652123451;0.3762899652123451;R1_NORMAL;42;73;32;1;61;19;0;0.05000000819563866;0.31626951694488525;0.15059898793697357;96;4
C02;C02;Critico: Fadiga com desvio cinematico;Critico;Critico;0.39378328174352645;0.39378328174352645;R1_NORMAL;29;50;22;0;32;3;0;0.05000000819563866;0.09385788440704346;0.11706938594579697;96;4
C04;C04;Critico: Multiplas distracoes urbanas;Critico;Critico;0.564832392334938;0.564832392334938;R2_STABLE_RISK;22;45;24;0;24;2;1;0.240292489528656;0.2037794142961502;0.2044019252061844;96;4
C04;C04;Critico: Multiplas distracoes urbanas;Critico;Critico;0.3713889718055725;0.3713889718055725;R1_NORMAL;22;45;24;0;24;2;0;0.05000000819563866;0.20074577629566193;0.15901781618595123;96;4
N01;N01;Normal: Viagem tranquila em rodovia;Normal;Normal;0.050000007078051564;0.050000007078051564;R3_FALSE_KIN;-1;-1;0;0;-1;-1;0;0.05000000819563866;0.026230493560433388;0.07986682653427124;96;4
C05;C05;Critico progressivo: Celular em rodovia;Critico;Critico;0.3872882381081581;0.3872882381081581;R1_NORMAL;42;73;32;1;61;19;0;0.05000000819563866;0.30755317211151123;0.10887537151575089;96;4
C08;C08;Critico progressivo: Distracao urbana multietapas;Critico;Critico;0.4525024473667144;0.4525024473667144;R3_FALSE_KIN;28;77;50;1;49;21;0;0.05000000819563866;0.32781270146369934;0.14991146326065063;96;4
C03;C03;Critico: Celular sem cinto sob chuva;Critico;Critico;0.3752959698438644;0.3752959698438644;R1_NORMAL;26;41;16;0;28;2;0;0.05000000819563866;0.1874552220106125;0.16234970092773438;96;4
C01;C01;Critico: Celular em alta velocidade;Critico;Critico;0.5212477445602417;0.5212477445602417;R3_FALSE_KIN;32;44;13;0;34;2;1;0.21664667129516602;0.1536489576101303;0.16252703964710236;96;4
C01;C01;Critico: Celular em alta velocidade;Critico;Critico;0.29102678298950196;0.29102678298950196;R2_STABLE_RISK;32;44;13;0;34;2;0;0.05000000819563866;0.1579589694738388;0.1540401577949524;96;4
C05;C05;Critico progressivo: Celular em rodovia;Critico;Critico;0.38984720706939696;0.38984720706939696;R2_STABLE_RISK;42;73;32;1;58;16;0;0.05000000819563866;0.31441959738731384;0.10972408205270767;96;4
N02;N02;Normal: Urbano moderado;Normal;Normal;0.050000007078051564;0.050000007078051564;R3_FALSE_KIN;-1;-1;0;0;-1;-1;0;0.05000000819563866;0.030344724655151367;0.12413107603788376;96;4
C04;C04;Critico: Multiplas distracoes urbanas;Critico;Critico;0.3713889718055725;0.3713889718055725;R1_NORMAL;22;45;24;0;24;2;0;0.05000000819563866;0.20576798915863037;0.14786668121814728;96;4
C01;C01;Critico: Celular em alta velocidade;Critico;Critico;0.29102678298950196;0.29102678298950196;R1_NORMAL;32;44;13;0;34;2;0;0.05000000819563866;0.15164554119110107;0.11089833825826645;96;4
N01;N01;Normal: Viagem tranquila em rodovia;Normal;Normal;0.050000007078051564;0.050000007078051564;R2_STABLE_RISK;-1;-1;0;0;-1;-1;0;0.05000000819563866;0.028390010818839073;0.11172737926244736;96;4
C07;C07;Critico progressivo: Sem cinto sob chuva;Critico;Critico;0.41404441148042676;0.41404441148042676;R2_STABLE_RISK;37;75;39;1;60;23;0;0.05000000819563866;0.37799906730651855;0.13797740638256073;96;4
N02;N02;Normal: Urbano moderado;Normal;Normal;0.050000007078051564;0.050000007078051564;R1_NORMAL;-1;-1;0;0;-1;-1;0;0.05000000819563866;0.03951086476445198;0.08443043380975723;96;4
C01;C01;Critico: Celular em alta velocidade;Critico;Critico;0.29102678298950196;0.29102678298950196;R1_NORMAL;32;44;13;0;34;2;0;0.05000000819563866;0.15321402251720428;0.11326532810926437;96;4
C05;C05;Critico progressivo: Celular em rodovia;Critico;Critico;0.37989510148763656;0.37989510148763656;R1_NORMAL;42;73;32;1;58;16;0;0.05000000819563866;0.3100999891757965;0.14512388408184052;96;4
C05;C05;Critico progressivo: Celular em rodovia;Critico;Critico;0.3680638000369072;0.3680638000369072;R1_NORMAL;42;73;32;1;60;18;0;0.05000000819563866;0.31891322135925293;0.12693293392658234;96;4
C07;C07;Critico progressivo: Sem cinto sob chuva;Critico;Critico;0.42145103663206096;0.42145103663206096;R3_FALSE_KIN;37;75;39;1;61;24;0;0.05000000819563866;0.376870721578598;0.1565004140138626;96;4
C05;C05;Critico progressivo: Celular em rodovia;Critico;Critico;0.3883908554911613;0.3883908554911613;R1_NORMAL;42;73;32;1;62;20;0;0.05000000819563866;0.3098486363887787;0.1440449208021164;96;4
N02;N02;Normal: Urbano moderado;Normal;Normal;0.050000007078051564;0.050000007078051564;R1_NORMAL;-1;-1;0;0;-1;-1;0;0.05000000819563866;0.030982350930571556;0.07748964428901672;96;4
C03;C03;Critico: Celular sem cinto sob chuva;Critico;Critico;0.3752959698438644;0.3752959698438644;R1_NORMAL;26;41;16;0;28;2;0;0.05000000819563866;0.19011831283569336;0.11115022748708725;96;4
N01;N01;Normal: Viagem tranquila em rodovia;Normal;Normal;0.050000007078051564;0.050000007078051564;R1_NORMAL;-1;-1;0;0;-1;-1;0;0.05000000819563866;0.03396937623620033;0.09070035070180893;96;4
C09;C09;Critico progressivo: Bebida ao volante;Critico;Critico;0.45472945272922516;0.45472945272922516;R3_FALSE_KIN;38;73;36;1;60;22;1;0.24848198890686035;0.2545316517353058;0.14670242369174957;96;4
C06;C06;Critico progressivo: Fadiga noturna;Critico;Critico;0.4097486898303032;0.4097486898303032;R2_STABLE_RISK;36;81;46;1;59;23;0;0.05000000819563866;0.15996994078159332;0.11884661763906479;96;4
C06;C06;Critico progressivo: Fadiga noturna;Critico;Critico;0.4884946495294571;0.4884946495294571;R1_NORMAL;36;81;46;1;64;28;1;0.3547215759754181;0.15278662741184235;0.16393433511257172;96;4
N02;N02;Normal: Urbano moderado;Normal;Normal;0.050000007078051564;0.050000007078051564;R3_FALSE_KIN;-1;-1;0;0;-1;-1;0;0.05000000819563866;0.03441859409213066;0.08859405666589737;96;4
C03;C03;Critico: Celular sem cinto sob chuva;Critico;Critico;0.3752959698438644;0.3752959698438644;R3_FALSE_KIN;26;41;16;0;28;2;0;0.05000000819563866;0.18201959133148193;0.09986596554517746;96;4
C05;C05;Critico progressivo: Celular em rodovia;Critico;Critico;0.46875158846378323;0.46875158846378323;R1_NORMAL;42;73;32;1;62;20;1;0.2919899523258209;0.3179257810115814;0.17651879787445068;96;4
N02;N02;Normal: Urbano moderado;Normal;Normal;0.050000007078051564;0.050000007078051564;R3_FALSE_KIN;-1;-1;0;0;-1;-1;0;0.05000000819563866;0.024295704439282417;0.10929515212774277;96;4
C05;C05;Critico progressivo: Celular em rodovia;Critico;Critico;0.3789556190371513;0.3789556190371513;R3_FALSE_KIN;42;73;32;1;58;16;0;0.05000000819563866;0.32457587122917175;0.13299156725406647;96;4
C05;C05;Critico progressivo: Celular em rodovia;Critico;Critico;0.47377511262893673;0.47377511262893673;R1_NORMAL;42;73;32;1;61;19;1;0.29933229088783264;0.31560367345809937;0.13411645591259003;96;4
C08;C08;Critico progressivo: Distracao urbana multietapas;Critico;Critico;0.48743353188037875;0.48743353188037875;R1_NORMAL;28;77;50;1;54;26;1;0.2729208469390869;0.31103217601776123;0.1393100917339325;96;4
N03;N03;Normal: Noite estável;Normal;Normal;0.050000007078051564;0.050000007078051564;R1_NORMAL;-1;-1;0;0;-1;-1;0;0.05000000819563866;0.031225234270095825;0.0888567566871643;96;4
N01;N01;Normal: Viagem tranquila em rodovia;Normal;Normal;0.050000007078051564;0.050000007078051564;R1_NORMAL;-1;-1;0;0;-1;-1;0;0.05000000819563866;0.030938684940338135;0.10203584283590317;96;4
N02;N02;Normal: Urbano moderado;Normal;Normal;0.050000007078051564;0.050000007078051564;R1_NORMAL;-1;-1;0;0;-1;-1;0;0.05000000819563866;0.03608568012714386;0.12889645993709564;96;4
C04;C04;Critico: Multiplas distracoes urbanas;Critico;Critico;0.3713889718055725;0.3713889718055725;R1_NORMAL;22;45;24;0;24;2;0;0.05000000819563866;0.20238037407398224;0.17327584326267242;96;4
C08;C08;Critico progressivo: Distracao urbana multietapas;Critico;Critico;0.41133115738630294;0.41133115738630294;R1_NORMAL;28;77;50;1;55;27;0;0.05000000819563866;0.3163979947566986;0.12781387567520142;96;4
C05;C05;Critico progressivo: Celular em rodovia;Critico;Critico;0.4550671249628067;0.4550671249628067;R2_STABLE_RISK;42;73;32;1;59;17;1;0.2506323754787445;0.30986055731773376;0.13482755422592163;96;4
C10;C10;Critico progressivo: Grooming em rodovia com fadiga;Critico;Critico;0.400793282687664;0.400793282687664;R1_NORMAL;40;81;42;1;61;21;0;0.05000000819563866;0.1994614154100418;0.09284713119268417;96;4
C04;C04;Critico: Multiplas distracoes urbanas;Critico;Critico;0.3713889718055725;0.3713889718055725;R1_NORMAL;22;45;24;0;24;2;0;0.05000000819563866;0.20215058326721191;0.17599107325077057;96;4
C09;C09;Critico progressivo: Bebida ao volante;Critico;Critico;0.3879321858286857;0.3879321858286857;R1_NORMAL;38;73;36;1;55;17;0;0.05000000819563866;0.24919891357421875;0.11447527259588242;96;4
C10;C10;Critico progressivo: Grooming em rodovia com fadiga;Critico;Critico;0.5002164781093598;0.5002164781093598;R3_FALSE_KIN;40;81;42;1;60;20;1;0.33650723099708557;0.19804662466049194;0.12498867511749268;96;4
C04;C04;Critico: Multiplas distracoes urbanas;Critico;Critico;0.5599744349718093;0.5599744349718093;R2_STABLE_RISK;22;45;24;0;24;2;1;0.23407071828842163;0.20387990772724152;0.25190016627311707;96;4
N02;N02;Normal: Urbano moderado;Normal;Normal;0.050000007078051564;0.050000007078051564;R2_STABLE_RISK;-1;-1;0;0;-1;-1;0;0.05000000819563866;0.026473084464669228;0.09295621514320374;96;4
C02;C02;Critico: Fadiga com desvio cinematico;Critico;Critico;0.39378328174352645;0.39378328174352645;R2_STABLE_RISK;29;50;22;0;32;3;0;0.05000000819563866;0.09835106134414673;0.12270355224609375;96;4
C10;C10;Critico progressivo: Grooming em rodovia com fadiga;Critico;Critico;0.4323965921998024;0.4323965921998024;R1_NORMAL;40;81;42;1;58;18;0;0.05000000819563866;0.19447247684001923;0.11853590607643127;96;4
C01;C01;Critico: Celular em alta velocidade;Critico;Critico;0.5377103060483932;0.5377103060483932;R3_FALSE_KIN;32;44;13;0;34;2;1;0.2824048697948456;0.15419207513332367;0.23654140532016754;96;4
C05;C05;Critico progressivo: Celular em rodovia;Critico;Critico;0.3982733890414238;0.3982733890414238;R2_STABLE_RISK;42;73;32;1;61;19;0;0.05000000819563866;0.3114393651485443;0.14669983088970184;96;4
C04;C04;Critico: Multiplas distracoes urbanas;Critico;Critico;0.3713889718055725;0.3713889718055725;R3_FALSE_KIN;22;45;24;0;24;2;0;0.05000000819563866;0.2053850293159485;0.1018490120768547;96;4
N01;N01;Normal: Viagem tranquila em rodovia;Normal;Normal;0.050000007078051564;0.050000007078051564;R2_STABLE_RISK;-1;-1;0;0;-1;-1;0;0.05000000819563866;0.039038557559251785;0.0836358591914177;96;4
C04;C04;Critico: Multiplas distracoes urbanas;Critico;Critico;0.3713889718055725;0.3713889718055725;R1_NORMAL;22;45;24;0;24;2;0;0.05000000819563866;0.20263755321502686;0.11079281568527222;96;4
C05;C05;Critico progressivo: Celular em rodovia;Critico;Critico;0.3933753028512001;0.3933753028512001;R2_STABLE_RISK;42;73;32;1;59;17;0;0.05000000819563866;0.31013360619544983;0.13145379722118378;96;4
C08;C08;Critico progressivo: Distracao urbana multietapas;Critico;Critico;0.4322136029601097;0.4322136029601097;R2_STABLE_RISK;28;77;50;1;54;26;0;0.05000000819563866;0.32110410928726196;0.12921904027462006;96;4
C03;C03;Critico: Celular sem cinto sob chuva;Critico;Critico;0.3752959698438644;0.3752959698438644;R3_FALSE_KIN;26;41;16;0;28;2;0;0.05000000819563866;0.19212548434734344;0.1036699041724205;96;4
N01;N01;Normal: Viagem tranquila em rodovia;Normal;Normal;0.050000007078051564;0.050000007078051564;R1_NORMAL;-1;-1;0;0;-1;-1;0;0.05000000819563866;0.03345957025885582;0.0853944644331932;96;4
N03;N03;Normal: Noite estável;Normal;Normal;0.050000007078051564;0.050000007078051564;R1_NORMAL;-1;-1;0;0;-1;-1;0;0.05000000819563866;0.025497235357761383;0.11003965139389038;96;4
C01;C01;Critico: Celular em alta velocidade;Critico;Critico;0.29102678298950196;0.29102678298950196;R2_STABLE_RISK;32;44;13;0;34;2;0;0.05000000819563866;0.15082870423793793;0.10587292909622192;96;4
C09;C09;Critico progressivo: Bebida ao volante;Critico;Critico;0.41841244548559187;0.41841244548559187;R2_STABLE_RISK;38;73;36;1;54;16;0;0.05000000819563866;0.25304126739501953;0.10525845736265182;96;4
N03;N03;Normal: Noite estável;Normal;Normal;0.050000007078051564;0.050000007078051564;R2_STABLE_RISK;-1;-1;0;0;-1;-1;0;0.05000000819563866;0.026744157075881958;0.1151236891746521;96;4
C07;C07;Critico progressivo: Sem cinto sob chuva;Critico;Critico;0.40447885990142823;0.40447885990142823;R2_STABLE_RISK;37;75;39;1;62;25;0;0.05000000819563866;0.3792824447154999;0.15566717088222504;96;4
C07;C07;Critico progressivo: Sem cinto sob chuva;Critico;Critico;0.4302297830581665;0.4302297830581665;R1_NORMAL;37;75;39;1;53;16;0;0.05000000819563866;0.3838254511356354;0.11771023273468018;96;4
C02;C02;Critico: Fadiga com desvio cinematico;Critico;Critico;0.39378328174352645;0.39378328174352645;R2_STABLE_RISK;29;50;22;0;32;3;0;0.05000000819563866;0.10347055643796921;0.1079711839556694;96;4
C03;C03;Critico: Celular sem cinto sob chuva;Critico;Critico;0.3752959698438644;0.3752959698438644;R2_STABLE_RISK;26;41;16;0;28;2;0;0.05000000819563866;0.18316583335399628;0.11920958757400513;96;4
C05;C05;Critico progressivo: Celular em rodovia;Critico;Critico;0.37970435470342634;0.37970435470342634;R1_NORMAL;42;73;32;1;59;17;0;0.05000000819563866;0.32014915347099304;0.17536748945713043;96;4
C04;C04;Critico: Multiplas distracoes urbanas;Critico;Critico;0.3713889718055725;0.3713889718055725;R3_FALSE_KIN;22;45;24;0;24;2;0;0.05000000819563866;0.2004155069589615;0.17087356746196747;96;4
C06;C06;Critico progressivo: Fadiga noturna;Critico;Critico;0.423672704398632;0.423672704398632;R1_NORMAL;36;81;46;1;62;26;0;0.05000000819563866;0.1566852480173111;0.14707431197166443;96;4
N01;N01;Normal: Viagem tranquila em rodovia;Normal;Normal;0.050000007078051564;0.050000007078051564;R1_NORMAL;-1;-1;0;0;-1;-1;0;0.05000000819563866;0.029529569670557976;0.09712245315313339;96;4
C05;C05;Critico progressivo: Celular em rodovia;Critico;Critico;0.37286751419305797;0.37286751419305797;R1_NORMAL;42;73;32;1;61;19;0;0.05000000819563866;0.3146522045135498;0.0966116413474083;96;4
C03;C03;Critico: Celular sem cinto sob chuva;Critico;Critico;0.3752959698438644;0.3752959698438644;R2_STABLE_RISK;26;41;16;0;28;2;0;0.05000000819563866;0.18818533420562744;0.09757397323846817;96;4
C08;C08;Critico progressivo: Distracao urbana multietapas;Critico;Critico;0.4359391137957573;0.4359391137957573;R2_STABLE_RISK;28;77;50;1;55;27;0;0.05000000819563866;0.31142425537109375;0.10863801091909409;96;4
C09;C09;Critico progressivo: Bebida ao volante;Critico;Critico;0.3611513867974281;0.3611513867974281;R1_NORMAL;38;73;36;1;60;22;0;0.05000000819563866;0.24728049337863922;0.11566311120986938;96;4
C08;C08;Critico progressivo: Distracao urbana multietapas;Critico;Critico;0.45535798370838165;0.45535798370838165;R2_STABLE_RISK;28;77;50;1;54;26;0;0.05000000819563866;0.3182965815067291;0.18910956382751465;96;4
C02;C02;Critico: Fadiga com desvio cinematico;Critico;Critico;0.6077833145856857;0.6077833145856857;R2_STABLE_RISK;29;50;22;0;32;3;1;0.2794989049434662;0.10064872354269028;0.16293437778949738;96;4
C06;C06;Critico progressivo: Fadiga noturna;Critico;Critico;0.4317261442542076;0.4317261442542076;R3_FALSE_KIN;36;81;46;1;63;27;0;0.05000000819563866;0.16398228704929352;0.13561153411865234;96;4
C07;C07;Critico progressivo: Sem cinto sob chuva;Critico;Critico;0.39873214215040204;0.39873214215040204;R1_NORMAL;37;75;39;1;55;18;0;0.05000000819563866;0.38101235032081604;0.10456103831529617;96;4
C06;C06;Critico progressivo: Fadiga noturna;Critico;Critico;0.4117316961288452;0.4117316961288452;R1_NORMAL;36;81;46;1;57;21;0;0.05000000819563866;0.16027028858661652;0.09045052528381348;96;4
N02;N02;Normal: Urbano moderado;Normal;Normal;0.050000007078051564;0.050000007078051564;R1_NORMAL;-1;-1;0;0;-1;-1;0;0.05000000819563866;0.035445258021354675;0.10629329830408096;96;4
N01;N01;Normal: Viagem tranquila em rodovia;Normal;Normal;0.050000007078051564;0.050000007078051564;R2_STABLE_RISK;-1;-1;0;0;-1;-1;0;0.05000000819563866;0.030193647369742393;0.09936085343360901;96;4
N02;N02;Normal: Urbano moderado;Normal;Normal;0.050000007078051564;0.050000007078051564;R1_NORMAL;-1;-1;0;0;-1;-1;0;0.05000000819563866;0.024759436026215553;0.07833705097436905;96;4
C07;C07;Critico progressivo: Sem cinto sob chuva;Critico;Critico;0.4736934125423431;0.4736934125423431;R2_STABLE_RISK;37;75;39;1;56;19;1;0.2925361394882202;0.378522664308548;0.16301681101322174;96;4
C06;C06;Critico progressivo: Fadiga noturna;Critico;Critico;0.4217912971973419;0.4217912971973419;R1_NORMAL;36;81;46;1;59;23;0;0.05000000819563866;0.1598062664270401;0.13830353319644928;96;4
C03;C03;Critico: Celular sem cinto sob chuva;Critico;Critico;0.3752959698438644;0.3752959698438644;R1_NORMAL;26;41;16;0;28;2;0;0.05000000819563866;0.18801115453243256;0.13065886497497559;96;4
C09;C09;Critico progressivo: Bebida ao volante;Critico;Critico;0.3758354589343071;0.3758354589343071;R2_STABLE_RISK;38;73;36;1;59;21;0;0.05000000819563866;0.24940825998783112;0.10300851613283157;96;4
N03;N03;Normal: Noite estável;Normal;Normal;0.050000007078051564;0.050000007078051564;R2_STABLE_RISK;-1;-1;0;0;-1;-1;0;0.05000000819563866;0.035702820867300034;0.08442354202270508;96;4
N02;N02;Normal: Urbano moderado;Normal;Normal;0.050000007078051564;0.050000007078051564;R3_FALSE_KIN;-1;-1;0;0;-1;-1;0;0.05000000819563866;0.03462964668869972;0.09490811824798584;96;4
C05;C05;Critico progressivo: Celular em rodovia;Critico;Critico;0.3516174152493477;0.3516174152493477;R1_NORMAL;42;73;32;1;62;20;0;0.05000000819563866;0.32697293162345886;0.1170608326792717;96;4
C06;C06;Critico progressivo: Fadiga noturna;Critico;Critico;0.5094119668006897;0.5094119668006897;R2_STABLE_RISK;36;81;46;1;57;21;1;0.3753063976764679;0.1584462672472;0.17640376091003418;96;4
C08;C08;Critico progressivo: Distracao urbana multietapas;Critico;Critico;0.5110190957784653;0.5110190957784653;R2_STABLE_RISK;28;77;50;1;60;32;1;0.3181374967098236;0.31580662727355957;0.1483943909406662;96;4
C04;C04;Critico: Multiplas distracoes urbanas;Critico;Critico;0.3713889718055725;0.3713889718055725;R1_NORMAL;22;45;24;0;24;2;0;0.05000000819563866;0.20515990257263184;0.12722395360469818;96;4
C06;C06;Critico progressivo: Fadiga noturna;Critico;Critico;0.4140060663223266;0.4140060663223266;R1_NORMAL;36;81;46;1;62;26;0;0.05000000819563866;0.15632285177707672;0.10836569219827652;96;4
N02;N02;Normal: Urbano moderado;Normal;Normal;0.050000007078051564;0.050000007078051564;R1_NORMAL;-1;-1;0;0;-1;-1;0;0.05000000819563866;0.032576270401477814;0.13048170506954193;96;4
N03;N03;Normal: Noite estável;Normal;Normal;0.050000007078051564;0.050000007078051564;R2_STABLE_RISK;-1;-1;0;0;-1;-1;0;0.05000000819563866;0.029239745810627937;0.10720061510801315;96;4
C07;C07;Critico progressivo: Sem cinto sob chuva;Critico;Critico;0.4243880584836006;0.4243880584836006;R3_FALSE_KIN;37;75;39;1;56;19;0;0.05000000819563866;0.38923749327659607;0.143571674823761;96;4
C05;C05;Critico progressivo: Celular em rodovia;Critico;Critico;0.46767125129699705;0.46767125129699705;R2_STABLE_RISK;42;73;32;1;59;17;1;0.28268107771873474;0.3195900619029999;0.17539851367473602;96;4
C01;C01;Critico: Celular em alta velocidade;Critico;Critico;0.29102678298950196;0.29102678298950196;R1_NORMAL;32;44;13;0;34;2;0;0.05000000819563866;0.1493687629699707;0.132895365357399;96;4
C10;C10;Critico progressivo: Grooming em rodovia com fadiga;Critico;Critico;0.40126097202301025;0.40126097202301025;R1_NORMAL;40;81;42;1;64;24;0;0.05000000819563866;0.20528565347194672;0.13134513795375824;96;4
C04;C04;Critico: Multiplas distracoes urbanas;Critico;Critico;0.3713889718055725;0.3713889718055725;R2_STABLE_RISK;22;45;24;0;24;2;0;0.05000000819563866;0.20534832775592804;0.14241105318069458;96;4
C05;C05;Critico progressivo: Celular em rodovia;Critico;Critico;0.3680173501372337;0.3680173501372337;R3_FALSE_KIN;42;73;32;1;57;15;0;0.05000000819563866;0.31372782588005066;0.11740592867136002;96;4
C06;C06;Critico progressivo: Fadiga noturna;Critico;Critico;0.46851030290126794;0.46851030290126794;R1_NORMAL;36;81;46;1;59;23;1;0.29883939027786255;0.1593502312898636;0.1308748871088028;96;4
N02;N02;Normal: Urbano moderado;Normal;Normal;0.050000007078051564;0.050000007078051564;R1_NORMAL;-1;-1;0;0;-1;-1;0;0.05000000819563866;0.028818877413868904;0.10058014839887619;96;4
C02;C02;Critico: Fadiga com desvio cinematico;Critico;Critico;0.6045267432928085;0.6045267432928085;R3_FALSE_KIN;29;50;22;0;32;3;1;0.2680830657482147;0.09458202123641968;0.17991352081298828;96;4
C10;C10;Critico progressivo: Grooming em rodovia com fadiga;Critico;Critico;0.38169059008359907;0.38169059008359907;R2_STABLE_RISK;40;81;42;1;66;26;0;0.05000000819563866;0.19425852596759796;0.08634636551141739;96;4
N03;N03;Normal: Noite estável;Normal;Normal;0.050000007078051564;0.050000007078051564;R2_STABLE_RISK;-1;-1;0;0;-1;-1;0;0.05000000819563866;0.02955768071115017;0.09489383548498154;96;4
N01;N01;Normal: Viagem tranquila em rodovia;Normal;Normal;0.050000007078051564;0.050000007078051564;R1_NORMAL;-1;-1;0;0;-1;-1;0;0.05000000819563866;0.031730715185403824;0.10283800214529037;96;4
C01;C01;Critico: Celular em alta velocidade;Critico;Critico;0.29102678298950196;0.29102678298950196;R2_STABLE_RISK;32;44;13;0;34;2;0;0.05000000819563866;0.15466484427452087;0.15418767929077148;96;4
C05;C05;Critico progressivo: Celular em rodovia;Critico;Critico;0.3935870543122292;0.3935870543122292;R1_NORMAL;42;73;32;1;59;17;0;0.05000000819563866;0.3091248571872711;0.1389881819486618;96;4
C09;C09;Critico progressivo: Bebida ao volante;Critico;Critico;0.412407237291336;0.412407237291336;R2_STABLE_RISK;38;73;36;1;60;22;0;0.05000000819563866;0.25845932960510254;0.1488478183746338;96;4
C09;C09;Critico progressivo: Bebida ao volante;Critico;Critico;0.3926839828491211;0.3926839828491211;R1_NORMAL;38;73;36;1;59;21;0;0.05000000819563866;0.24721254408359528;0.11269745975732803;96;4
C08;C08;Critico progressivo: Distracao urbana multietapas;Critico;Critico;0.4426188230514526;0.4426188230514526;R2_STABLE_RISK;28;77;50;1;56;28;0;0.05000000819563866;0.31216153502464294;0.12271825224161148;96;4
N01;N01;Normal: Viagem tranquila em rodovia;Normal;Normal;0.050000007078051564;0.050000007078051564;R1_NORMAL;-1;-1;0;0;-1;-1;0;0.05000000819563866;0.030215008184313774;0.07792336493730545;96;4
N01;N01;Normal: Viagem tranquila em rodovia;Normal;Normal;0.050000007078051564;0.050000007078051564;R1_NORMAL;-1;-1;0;0;-1;-1;0;0.05000000819563866;0.03466089442372322;0.11600739508867264;96;4
N03;N03;Normal: Noite estável;Normal;Normal;0.050000007078051564;0.050000007078051564;R3_FALSE_KIN;-1;-1;0;0;-1;-1;0;0.05000000819563866;0.03523128107190132;0.08645695447921753;96;4
C01;C01;Critico: Celular em alta velocidade;Critico;Critico;0.5181028306484222;0.5181028306484222;R3_FALSE_KIN;32;44;13;0;34;2;1;0.25240805745124817;0.15279190242290497;0.17543387413024902;96;4
C07;C07;Critico progressivo: Sem cinto sob chuva;Critico;Critico;0.43359566330909727;0.43359566330909727;R2_STABLE_RISK;37;75;39;1;55;18;0;0.05000000819563866;0.38479292392730713;0.1386074274778366;96;4
C06;C06;Critico progressivo: Fadiga noturna;Critico;Critico;0.46464671194553375;0.46464671194553375;R1_NORMAL;36;81;46;1;59;23;1;0.3197316825389862;0.1572156846523285;0.18339456617832184;96;4
C05;C05;Critico progressivo: Celular em rodovia;Critico;Critico;0.3846644416451454;0.3846644416451454;R1_NORMAL;42;73;32;1;59;17;0;0.05000000819563866;0.32364073395729065;0.10843652486801147;96;4
N02;N02;Normal: Urbano moderado;Normal;Normal;0.050000007078051564;0.050000007078051564;R1_NORMAL;-1;-1;0;0;-1;-1;0;0.05000000819563866;0.03567847982048988;0.10368051379919052;96;4
C08;C08;Critico progressivo: Distracao urbana multietapas;Critico;Critico;0.41751479357481003;0.41751479357481003;R3_FALSE_KIN;28;77;50;1;58;30;0;0.05000000819563866;0.31870463490486145;0.13770467042922974;96;4
C08;C08;Critico progressivo: Distracao urbana multietapas;Critico;Critico;0.42092772126197814;0.42092772126197814;R3_FALSE_KIN;28;77;50;1;58;30;0;0.05000000819563866;0.3124936521053314;0.20740298926830292;96;4
C04;C04;Critico: Multiplas distracoes urbanas;Critico;Critico;0.3713889718055725;0.3713889718055725;R2_STABLE_RISK;22;45;24;0;24;2;0;0.05000000819563866;0.20354445278644562;0.13883240520954132;96;4
C05;C05;Critico progressivo: Celular em rodovia;Critico;Critico;0.3681471601128578;0.3681471601128578;R1_NORMAL;42;73;32;1;57;15;0;0.05000000819563866;0.3164556324481964;0.1822577267885208;96;4
N01;N01;Normal: Viagem tranquila em rodovia;Normal;Normal;0.050000007078051564;0.050000007078051564;R1_NORMAL;-1;-1;0;0;-1;-1;0;0.05000000819563866;0.0351770855486393;0.09362436085939407;96;4
C01;C01;Critico: Celular em alta velocidade;Critico;Critico;0.29102678298950196;0.29102678298950196;R2_STABLE_RISK;32;44;13;0;34;2;0;0.05000000819563866;0.1599007099866867;0.10401150584220886;96;4
C07;C07;Critico progressivo: Sem cinto sob chuva;Critico;Critico;0.3960399627685547;0.3960399627685547;R1_NORMAL;37;75;39;1;61;24;0;0.05000000819563866;0.3744368553161621;0.14314144849777222;96;4
C10;C10;Critico progressivo: Grooming em rodovia com fadiga;Critico;Critico;0.4064171731472015;0.4064171731472015;R2_STABLE_RISK;40;81;42;1;63;23;0;0.05000000819563866;0.20579123497009277;0.16117797791957855;96;4
C06;C06;Critico progressivo: Fadiga noturna;Critico;Critico;0.4385232627391815;0.4385232627391815;R3_FALSE_KIN;36;81;46;1;59;23;0;0.05000000819563866;0.16478322446346283;0.10486137121915817;96;4
N03;N03;Normal: Noite estável;Normal;Normal;0.050000007078051564;0.050000007078051564;R2_STABLE_RISK;-1;-1;0;0;-1;-1;0;0.05000000819563866;0.03597177937626839;0.10934591293334961;96;4
C06;C06;Critico progressivo: Fadiga noturna;Critico;Critico;0.4629686027765274;0.4629686027765274;R1_NORMAL;36;81;46;1;56;20;0;0.05000000819563866;0.15842090547084808;0.12287157773971558;96;4
C06;C06;Critico progressivo: Fadiga noturna;Critico;Critico;0.42610002756118776;0.42610002756118776;R2_STABLE_RISK;36;81;46;1;62;26;0;0.05000000819563866;0.15973763167858124;0.14878146350383759;96;4
C10;C10;Critico progressivo: Grooming em rodovia com fadiga;Critico;Critico;0.44342288225889204;0.44342288225889204;R1_NORMAL;40;81;42;1;58;18;0;0.05000000819563866;0.2078814059495926;0.10601399093866348;96;4
N02;N02;Normal: Urbano moderado;Normal;Normal;0.050000007078051564;0.050000007078051564;R1_NORMAL;-1;-1;0;0;-1;-1;0;0.05000000819563866;0.03409816697239876;0.15088804066181183;96;4
N02;N02;Normal: Urbano moderado;Normal;Normal;0.050000007078051564;0.050000007078051564;R2_STABLE_RISK;-1;-1;0;0;-1;-1;0;0.05000000819563866;0.03467434644699097;0.11345966905355453;96;4
N02;N02;Normal: Urbano moderado;Normal;Normal;0.050000007078051564;0.050000007078051564;R1_NORMAL;-1;-1;0;0;-1;-1;0;0.05000000819563866;0.03576097637414932;0.07844226062297821;96;4
N03;N03;Normal: Noite estável;Normal;Normal;0.050000007078051564;0.050000007078051564;R2_STABLE_RISK;-1;-1;0;0;-1;-1;0;0.05000000819563866;0.03833305463194847;0.0920146182179451;96;4
C01;C01;Critico: Celular em alta velocidade;Critico;Critico;0.29102678298950196;0.29102678298950196;R3_FALSE_KIN;32;44;13;0;34;2;0;0.05000000819563866;0.15576981008052826;0.14756552875041962;96;4
C10;C10;Critico progressivo: Grooming em rodovia com fadiga;Critico;Critico;0.41868402212858197;0.41868402212858197;R1_NORMAL;40;81;42;1;60;20;0;0.05000000819563866;0.20389054715633392;0.10363825410604477;96;4
C04;C04;Critico: Multiplas distracoes urbanas;Critico;Critico;0.3713889718055725;0.3713889718055725;R2_STABLE_RISK;22;45;24;0;24;2;0;0.05000000819563866;0.20253585278987885;0.16691909730434418;96;4
C09;C09;Critico progressivo: Bebida ao volante;Critico;Critico;0.48398973941802975;0.48398973941802975;R1_NORMAL;38;73;36;1;60;22;1;0.3068161606788635;0.25033363699913025;0.13214249908924103;96;4
C01;C01;Critico: Celular em alta velocidade;Critico;Critico;0.29102678298950196;0.29102678298950196;R2_STABLE_RISK;32;44;13;0;34;2;0;0.05000000819563866;0.1523807793855667;0.14742636680603027;96;4
C08;C08;Critico progressivo: Distracao urbana multietapas;Critico;Critico;0.46397316157817836;0.46397316157817836;R1_NORMAL;28;77;50;1;52;24;0;0.05000000819563866;0.3192892372608185;0.16101084649562836;96;4
C02;C02;Critico: Fadiga com desvio cinematico;Critico;Critico;0.6032305240631103;0.6032305240631103;R2_STABLE_RISK;29;50;22;0;32;3;1;0.2560168206691742;0.09392990916967392;0.16486233472824097;96;4
C05;C05;Critico progressivo: Celular em rodovia;Critico;Critico;0.472522485256195;0.472522485256195;R2_STABLE_RISK;42;73;32;1;61;19;1;0.2984764277935028;0.31328168511390686;0.18973761796951294;96;4
C06;C06;Critico progressivo: Fadiga noturna;Critico;Critico;0.4624963283538818;0.4624963283538818;R3_FALSE_KIN;36;81;46;1;61;25;1;0.3302440643310547;0.1574639081954956;0.15132035315036774;96;4
C02;C02;Critico: Fadiga com desvio cinematico;Critico;Critico;0.39378328174352645;0.39378328174352645;R2_STABLE_RISK;29;50;22;0;32;3;0;0.05000000819563866;0.09619349241256714;0.14927713572978973;96;4
C08;C08;Critico progressivo: Distracao urbana multietapas;Critico;Critico;0.45578106641769406;0.45578106641769406;R1_NORMAL;28;77;50;1;51;23;0;0.05000000819563866;0.3199301064014435;0.1663953810930252;96;4
C07;C07;Critico progressivo: Sem cinto sob chuva;Critico;Critico;0.4579859644174576;0.4579859644174576;R1_NORMAL;37;75;39;1;61;24;1;0.2555932402610779;0.3783376216888428;0.17326723039150238;96;4
N02;N02;Normal: Urbano moderado;Normal;Normal;0.050000007078051564;0.050000007078051564;R1_NORMAL;-1;-1;0;0;-1;-1;0;0.05000000819563866;0.028230177238583565;0.08220169693231583;96;4
C05;C05;Critico progressivo: Celular em rodovia;Critico;Critico;0.48392083942890163;0.48392083942890163;R2_STABLE_RISK;42;73;32;1;60;18;1;0.2605736255645752;0.310819536447525;0.14517807960510254;96;4
C02;C02;Critico: Fadiga com desvio cinematico;Critico;Critico;0.39378328174352645;0.39378328174352645;R2_STABLE_RISK;29;50;22;0;32;3;0;0.05000000819563866;0.0976741686463356;0.11145535111427307;96;4
C07;C07;Critico progressivo: Sem cinto sob chuva;Critico;Critico;0.4173263743519783;0.4173263743519783;R2_STABLE_RISK;37;75;39;1;57;20;0;0.05000000819563866;0.37412819266319275;0.1687028408050537;96;4
C03;C03;Critico: Celular sem cinto sob chuva;Critico;Critico;0.3752959698438644;0.3752959698438644;R2_STABLE_RISK;26;41;16;0;28;2;0;0.05000000819563866;0.18050526082515717;0.1138131394982338;96;4
C10;C10;Critico progressivo: Grooming em rodovia com fadiga;Critico;Critico;0.41273519992828367;0.41273519992828367;R1_NORMAL;40;81;42;1;61;21;0;0.05000000819563866;0.20309978723526;0.10691870003938675;96;4
N01;N01;Normal: Viagem tranquila em rodovia;Normal;Normal;0.050000007078051564;0.050000007078051564;R1_NORMAL;-1;-1;0;0;-1;-1;0;0.05000000819563866;0.025638863444328308;0.0973641499876976;96;4
C02;C02;Critico: Fadiga com desvio cinematico;Critico;Critico;0.39378328174352645;0.39378328174352645;R1_NORMAL;29;50;22;0;32;3;0;0.05000000819563866;0.10496505349874496;0.17000602185726166;96;4
N02;N02;Normal: Urbano moderado;Normal;Normal;0.050000007078051564;0.050000007078051564;R2_STABLE_RISK;-1;-1;0;0;-1;-1;0;0.05000000819563866;0.033132534474134445;0.09756966680288315;96;4
C09;C09;Critico progressivo: Bebida ao volante;Critico;Critico;0.4417951017618179;0.4417951017618179;R1_NORMAL;38;73;36;1;60;22;1;0.25742456316947937;0.25132644176483154;0.14588019251823425;96;4
C02;C02;Critico: Fadiga com desvio cinematico;Critico;Critico;0.39378328174352645;0.39378328174352645;R2_STABLE_RISK;29;50;22;0;32;3;0;0.05000000819563866;0.09751057624816895;0.13888467848300934;96;4
C07;C07;Critico progressivo: Sem cinto sob chuva;Critico;Critico;0.39823151081800456;0.39823151081800456;R1_NORMAL;37;75;39;1;59;22;0;0.05000000819563866;0.37518104910850525;0.17013637721538544;96;4
C10;C10;Critico progressivo: Grooming em rodovia com fadiga;Critico;Critico;0.42731698304414745;0.42731698304414745;R1_NORMAL;40;81;42;1;61;21;0;0.05000000819563866;0.20044219493865967;0.11149492114782333;96;4
C01;C01;Critico: Celular em alta velocidade;Critico;Critico;0.29102678298950196;0.29102678298950196;R1_NORMAL;32;44;13;0;34;2;0;0.05000000819563866;0.15248841047286987;0.10706319659948349;96;4
C02;C02;Critico: Fadiga com desvio cinematico;Critico;Critico;0.39378328174352645;0.39378328174352645;R1_NORMAL;29;50;22;0;32;3;0;0.05000000819563866;0.10248125344514847;0.12498495727777481;96;4
C03;C03;Critico: Celular sem cinto sob chuva;Critico;Critico;0.6254744678735733;0.6254744678735733;R1_NORMAL;26;41;16;0;28;2;1;0.28446057438850403;0.1849825233221054;0.16860170662403107;96;4
C03;C03;Critico: Celular sem cinto sob chuva;Critico;Critico;0.6223850607872009;0.6223850607872009;R1_NORMAL;26;41;16;0;28;2;1;0.2554880976676941;0.19028227031230927;0.18154652416706085;96;4
C04;C04;Critico: Multiplas distracoes urbanas;Critico;Critico;0.3713889718055725;0.3713889718055725;R1_NORMAL;22;45;24;0;24;2;0;0.05000000819563866;0.2048249989748001;0.12129088491201401;96;4
C05;C05;Critico progressivo: Celular em rodovia;Critico;Critico;0.4568124860525131;0.4568124860525131;R2_STABLE_RISK;42;73;32;1;59;17;1;0.2734931707382202;0.3161039352416992;0.15487006306648254;96;4
C07;C07;Critico progressivo: Sem cinto sob chuva;Critico;Critico;0.39827082008123393;0.39827082008123393;R1_NORMAL;37;75;39;1;57;20;0;0.05000000819563866;0.3759039342403412;0.14775745570659637;96;4
N03;N03;Normal: Noite estável;Normal;Normal;0.050000007078051564;0.050000007078051564;R2_STABLE_RISK;-1;-1;0;0;-1;-1;0;0.05000000819563866;0.029937833547592163;0.12612563371658325;96;4
C01;C01;Critico: Celular em alta velocidade;Critico;Critico;0.29102678298950196;0.29102678298950196;R1_NORMAL;32;44;13;0;34;2;0;0.05000000819563866;0.15163016319274902;0.13512678444385529;96;4
C09;C09;Critico progressivo: Bebida ao volante;Critico;Critico;0.41893891245126724;0.41893891245126724;R1_NORMAL;38;73;36;1;59;21;0;0.05000000819563866;0.25299614667892456;0.1321549266576767;96;4
N02;N02;Normal: Urbano moderado;Normal;Normal;0.050000007078051564;0.050000007078051564;R2_STABLE_RISK;-1;-1;0;0;-1;-1;0;0.05000000819563866;0.026001563295722008;0.10231274366378784;96;4
C09;C09;Critico progressivo: Bebida ao volante;Critico;Critico;0.4757020533084869;0.4757020533084869;R2_STABLE_RISK;38;73;36;1;59;21;1;0.2684747278690338;0.249484121799469;0.1557682752609253;96;4
C02;C02;Critico: Fadiga com desvio cinematico;Critico;Critico;0.6011586934328079;0.6011586934328079;R2_STABLE_RISK;29;50;22;0;32;3;1;0.27166858315467834;0.1008484736084938;0.19367583096027374;96;4
N01;N01;Normal: Viagem tranquila em rodovia;Normal;Normal;0.050000007078051564;0.050000007078051564;R2_STABLE_RISK;-1;-1;0;0;-1;-1;0;0.05000000819563866;0.031393613666296005;0.1002478376030922;96;4
C09;C09;Critico progressivo: Bebida ao volante;Critico;Critico;0.499730384349823;0.499730384349823;R2_STABLE_RISK;38;73;36;1;59;21;1;0.2687424123287201;0.25739341974258423;0.13446642458438873;96;4
N03;N03;Normal: Noite estável;Normal;Normal;0.050000007078051564;0.050000007078051564;R1_NORMAL;-1;-1;0;0;-1;-1;0;0.05000000819563866;0.033477023243904114;0.09330642223358154;96;4
C10;C10;Critico progressivo: Grooming em rodovia com fadiga;Critico;Critico;0.40899242162704463;0.40899242162704463;R1_NORMAL;40;81;42;1;62;22;0;0.05000000819563866;0.20223607122898102;0.1021578311920166;96;4
N01;N01;Normal: Viagem tranquila em rodovia;Normal;Normal;0.050000007078051564;0.050000007078051564;R3_FALSE_KIN;-1;-1;0;0;-1;-1;0;0.05000000819563866;0.031904611736536026;0.08572236448526382;96;4
C10;C10;Critico progressivo: Grooming em rodovia com fadiga;Critico;Critico;0.39134838134050365;0.39134838134050365;R2_STABLE_RISK;40;81;42;1;67;27;0;0.05000000819563866;0.20056454837322235;0.16899321973323822;96;4
C08;C08;Critico progressivo: Distracao urbana multietapas;Critico;Critico;0.4583964914083481;0.4583964914083481;R1_NORMAL;28;77;50;1;54;26;0;0.05000000819563866;0.3107353746891022;0.1516278088092804;96;4
N03;N03;Normal: Noite estável;Normal;Normal;0.050000007078051564;0.050000007078051564;R1_NORMAL;-1;-1;0;0;-1;-1;0;0.05000000819563866;0.03355031833052635;0.08671790361404419;96;4
C07;C07;Critico progressivo: Sem cinto sob chuva;Critico;Critico;0.4067864760756492;0.4067864760756492;R3_FALSE_KIN;37;75;39;1;56;19;0;0.05000000819563866;0.3817819058895111;0.1336967498064041;96;4
N03;N03;Normal: Noite estável;Normal;Normal;0.050000007078051564;0.050000007078051564;R2_STABLE_RISK;-1;-1;0;0;-1;-1;0;0.05000000819563866;0.024525165557861328;0.06504900753498077;96;4
C06;C06;Critico progressivo: Fadiga noturna;Critico;Critico;0.5147252738475799;0.5147252738475799;R2_STABLE_RISK;36;81;46;1;58;22;1;0.3391638696193695;0.15761780738830566;0.14286808669567108;96;4
N02;N02;Normal: Urbano moderado;Normal;Normal;0.050000007078051564;0.050000007078051564;R2_STABLE_RISK;-1;-1;0;0;-1;-1;0;0.05000000819563866;0.03252308443188667;0.10430722683668137;96;4
N01;N01;Normal: Viagem tranquila em rodovia;Normal;Normal;0.050000007078051564;0.050000007078051564;R2_STABLE_RISK;-1;-1;0;0;-1;-1;0;0.05000000819563866;0.030480677261948586;0.10305467993021011;96;4
C03;C03;Critico: Celular sem cinto sob chuva;Critico;Critico;0.3752959698438644;0.3752959698438644;R3_FALSE_KIN;26;41;16;0;28;2;0;0.05000000819563866;0.18403486907482147;0.13427142798900604;96;4
C02;C02;Critico: Fadiga com desvio cinematico;Critico;Critico;0.39378328174352645;0.39378328174352645;R1_NORMAL;29;50;22;0;32;3;0;0.05000000819563866;0.09383618831634521;0.1373128443956375;96;4
C09;C09;Critico progressivo: Bebida ao volante;Critico;Critico;0.39834273010492327;0.39834273010492327;R2_STABLE_RISK;38;73;36;1;60;22;0;0.05000000819563866;0.2474365234375;0.1516001671552658;96;4
C01;C01;Critico: Celular em alta velocidade;Critico;Critico;0.29102678298950196;0.29102678298950196;R2_STABLE_RISK;32;44;13;0;34;2;0;0.05000000819563866;0.14533261954784393;0.12714384496212006;96;4
C09;C09;Critico progressivo: Bebida ao volante;Critico;Critico;0.3838296771049499;0.3838296771049499;R3_FALSE_KIN;38;73;36;1;60;22;0;0.05000000819563866;0.24955421686172485;0.14648891985416412;96;4
N02;N02;Normal: Urbano moderado;Normal;Normal;0.050000007078051564;0.050000007078051564;R1_NORMAL;-1;-1;0;0;-1;-1;0;0.05000000819563866;0.0335627943277359;0.11739461869001389;96;4
C03;C03;Critico: Celular sem cinto sob chuva;Critico;Critico;0.3752959698438644;0.3752959698438644;R2_STABLE_RISK;26;41;16;0;28;2;0;0.05000000819563866;0.191414937376976;0.13287894427776337;96;4
C05;C05;Critico progressivo: Celular em rodovia;Critico;Critico;0.3811868071556091;0.3811868071556091;R3_FALSE_KIN;42;73;32;1;58;16;0;0.05000000819563866;0.32131361961364746;0.17733347415924072;96;4
C08;C08;Critico progressivo: Distracao urbana multietapas;Critico;Critico;0.5210750699043274;0.5210750699043274;R1_NORMAL;28;77;50;1;50;22;1;0.3008982241153717;0.3206826150417328;0.2169603556394577;96;4
C07;C07;Critico progressivo: Sem cinto sob chuva;Critico;Critico;0.40441599935293193;0.40441599935293193;R1_NORMAL;37;75;39;1;60;23;0;0.05000000819563866;0.3827534019947052;0.13888555765151978;96;4
C10;C10;Critico progressivo: Grooming em rodovia com fadiga;Critico;Critico;0.40675261020660397;0.40675261020660397;R2_STABLE_RISK;40;81;42;1;64;24;0;0.05000000819563866;0.2020808458328247;0.07726139575242996;96;4
C05;C05;Critico progressivo: Celular em rodovia;Critico;Critico;0.38558530807495117;0.38558530807495117;R3_FALSE_KIN;42;73;32;1;57;15;0;0.05000000819563866;0.32228565216064453;0.13485153019428253;96;4
C07;C07;Critico progressivo: Sem cinto sob chuva;Critico;Critico;0.4646682024002075;0.4646682024002075;R1_NORMAL;37;75;39;1;58;21;1;0.30617958307266235;0.37047824263572693;0.1517515480518341;96;4
N01;N01;Normal: Viagem tranquila em rodovia;Normal;Normal;0.050000007078051564;0.050000007078051564;R2_STABLE_RISK;-1;-1;0;0;-1;-1;0;0.05000000819563866;0.026911424472928047;0.0890168845653534;96;4
C01;C01;Critico: Celular em alta velocidade;Critico;Critico;0.29102678298950196;0.29102678298950196;R1_NORMAL;32;44;13;0;34;2;0;0.05000000819563866;0.15139473974704742;0.14921240508556366;96;4
C05;C05;Critico progressivo: Celular em rodovia;Critico;Critico;0.4003535851836204;0.4003535851836204;R2_STABLE_RISK;42;73;32;1;57;15;0;0.05000000819563866;0.3170044422149658;0.1270616501569748;96;4
C10;C10;Critico progressivo: Grooming em rodovia com fadiga;Critico;Critico;0.4426844671368599;0.4426844671368599;R2_STABLE_RISK;40;81;42;1;64;24;0;0.05000000819563866;0.19817756116390228;0.12064317613840103;96;4
N03;N03;Normal: Noite estável;Normal;Normal;0.050000007078051564;0.050000007078051564;R1_NORMAL;-1;-1;0;0;-1;-1;0;0.05000000819563866;0.031496062874794006;0.0944354310631752;96;4
C03;C03;Critico: Celular sem cinto sob chuva;Critico;Critico;0.3752959698438644;0.3752959698438644;R2_STABLE_RISK;26;41;16;0;28;2;0;0.05000000819563866;0.18818597495555878;0.1275869458913803;96;4
C07;C07;Critico progressivo: Sem cinto sob chuva;Critico;Critico;0.405393286049366;0.405393286049366;R3_FALSE_KIN;37;75;39;1;56;19;0;0.05000000819563866;0.38344764709472656;0.18414728343486786;96;4
N02;N02;Normal: Urbano moderado;Normal;Normal;0.050000007078051564;0.050000007078051564;R3_FALSE_KIN;-1;-1;0;0;-1;-1;0;0.05000000819563866;0.03130250424146652;0.12821632623672485;96;4
C07;C07;Critico progressivo: Sem cinto sob chuva;Critico;Critico;0.39928919821977615;0.39928919821977615;R2_STABLE_RISK;37;75;39;1;59;22;0;0.05000000819563866;0.37781259417533875;0.17043085396289825;96;4
C09;C09;Critico progressivo: Bebida ao volante;Critico;Critico;0.41565992385149;0.41565992385149;R3_FALSE_KIN;38;73;36;1;59;21;0;0.05000000819563866;0.25442764163017273;0.13896502554416656;96;4
C01;C01;Critico: Celular em alta velocidade;Critico;Critico;0.29102678298950196;0.29102678298950196;R1_NORMAL;32;44;13;0;34;2;0;0.05000000819563866;0.15577705204486847;0.0876893699169159;96;4
C01;C01;Critico: Celular em alta velocidade;Critico;Critico;0.29102678298950196;0.29102678298950196;R2_STABLE_RISK;32;44;13;0;34;2;0;0.05000000819563866;0.14997103810310364;0.11051405221223831;96;4
C07;C07;Critico progressivo: Sem cinto sob chuva;Critico;Critico;0.40511239171028135;0.40511239171028135;R1_NORMAL;37;75;39;1;58;21;0;0.05000000819563866;0.3811909258365631;0.12944889068603516;96;4
C05;C05;Critico progressivo: Celular em rodovia;Critico;Critico;0.3866545498371124;0.3866545498371124;R2_STABLE_RISK;42;73;32;1;57;15;0;0.05000000819563866;0.32223328948020935;0.10411494970321655;96;4
N01;N01;Normal: Viagem tranquila em rodovia;Normal;Normal;0.050000007078051564;0.050000007078051564;R3_FALSE_KIN;-1;-1;0;0;-1;-1;0;0.05000000819563866;0.030582716688513756;0.10584300011396408;96;4
C09;C09;Critico progressivo: Bebida ao volante;Critico;Critico;0.3740696832537651;0.3740696832537651;R3_FALSE_KIN;38;73;36;1;60;22;0;0.05000000819563866;0.24835650622844696;0.14694873988628387;96;4
C07;C07;Critico progressivo: Sem cinto sob chuva;Critico;Critico;0.4137910559773445;0.4137910559773445;R2_STABLE_RISK;37;75;39;1;58;21;0;0.05000000819563866;0.37153205275535583;0.16662976145744324;96;4
C08;C08;Critico progressivo: Distracao urbana multietapas;Critico;Critico;0.4329911276698112;0.4329911276698112;R1_NORMAL;28;77;50;1;55;27;0;0.05000000819563866;0.3047790229320526;0.1346840113401413;96;4
N01;N01;Normal: Viagem tranquila em rodovia;Normal;Normal;0.050000007078051564;0.050000007078051564;R1_NORMAL;-1;-1;0;0;-1;-1;0;0.05000000819563866;0.030714884400367737;0.10539806634187698;96;4
C05;C05;Critico progressivo: Celular em rodovia;Critico;Critico;0.4526644080877304;0.4526644080877304;R2_STABLE_RISK;42;73;32;1;61;19;1;0.2563963234424591;0.3113875985145569;0.14558282494544983;96;4
C08;C08;Critico progressivo: Distracao urbana multietapas;Critico;Critico;0.44657747745513915;0.44657747745513915;R1_NORMAL;28;77;50;1;52;24;0;0.05000000819563866;0.31825125217437744;0.1310902088880539;96;4
C01;C01;Critico: Celular em alta velocidade;Critico;Critico;0.5194839388132095;0.5194839388132095;R1_NORMAL;32;44;13;0;34;2;1;0.23778873682022095;0.1531151682138443;0.18630008399486542;96;4
N03;N03;Normal: Noite estável;Normal;Normal;0.050000007078051564;0.050000007078051564;R1_NORMAL;-1;-1;0;0;-1;-1;0;0.05000000819563866;0.03552115708589554;0.11298467963933945;96;4
C07;C07;Critico progressivo: Sem cinto sob chuva;Critico;Critico;0.4207767009735107;0.4207767009735107;R1_NORMAL;37;75;39;1;56;19;0;0.05000000819563866;0.37938761711120605;0.1819847822189331;96;4
C06;C06;Critico progressivo: Fadiga noturna;Critico;Critico;0.45986596047878264;0.45986596047878264;R1_NORMAL;36;81;46;1;62;26;1;0.33524975180625916;0.1679610162973404;0.14574891328811646;96;4
N02;N02;Normal: Urbano moderado;Normal;Normal;0.050000007078051564;0.050000007078051564;R2_STABLE_RISK;-1;-1;0;0;-1;-1;0;0.05000000819563866;0.03756241127848625;0.10546263307332993;96;4
C04;C04;Critico: Multiplas distracoes urbanas;Critico;Critico;0.3713889718055725;0.3713889718055725;R1_NORMAL;22;45;24;0;24;2;0;0.05000000819563866;0.20028002560138702;0.12360187619924545;96;4
C07;C07;Critico progressivo: Sem cinto sob chuva;Critico;Critico;0.48917177021503444;0.48917177021503444;R3_FALSE_KIN;37;75;39;1;56;19;1;0.29131314158439636;0.38323163986206055;0.15360106527805328;96;4
N02;N02;Normal: Urbano moderado;Normal;Normal;0.050000007078051564;0.050000007078051564;R3_FALSE_KIN;-1;-1;0;0;-1;-1;0;0.05000000819563866;0.03247050940990448;0.11265207082033157;96;4
C08;C08;Critico progressivo: Distracao urbana multietapas;Critico;Critico;0.4477120995521545;0.4477120995521545;R3_FALSE_KIN;28;77;50;1;56;28;0;0.05000000819563866;0.3093073070049286;0.1930377036333084;96;4
C05;C05;Critico progressivo: Celular em rodovia;Critico;Critico;0.3887323796749115;0.3887323796749115;R1_NORMAL;42;73;32;1;60;18;0;0.05000000819563866;0.31699955463409424;0.14104503393173218;96;4
N02;N02;Normal: Urbano moderado;Normal;Normal;0.050000007078051564;0.050000007078051564;R2_STABLE_RISK;-1;-1;0;0;-1;-1;0;0.05000000819563866;0.029575159773230553;0.08836773782968521;96;4
C02;C02;Critico: Fadiga com desvio cinematico;Critico;Critico;0.39378328174352645;0.39378328174352645;R1_NORMAL;29;50;22;0;32;3;0;0.05000000819563866;0.0981157049536705;0.12768448889255524;96;4
N02;N02;Normal: Urbano moderado;Normal;Normal;0.050000007078051564;0.050000007078051564;R2_STABLE_RISK;-1;-1;0;0;-1;-1;0;0.05000000819563866;0.031762391328811646;0.0878843143582344;96;4
N02;N02;Normal: Urbano moderado;Normal;Normal;0.050000007078051564;0.050000007078051564;R1_NORMAL;-1;-1;0;0;-1;-1;0;0.05000000819563866;0.03676936402916908;0.10191654413938522;96;4
C07;C07;Critico progressivo: Sem cinto sob chuva;Critico;Critico;0.414945113658905;0.414945113658905;R3_FALSE_KIN;37;75;39;1;57;20;0;0.05000000819563866;0.3805781900882721;0.12259585410356522;96;4
N02;N02;Normal: Urbano moderado;Normal;Normal;0.050000007078051564;0.050000007078051564;R2_STABLE_RISK;-1;-1;0;0;-1;-1;0;0.05000000819563866;0.03989621624350548;0.10681888461112976;96;4
N03;N03;Normal: Noite estável;Normal;Normal;0.050000007078051564;0.050000007078051564;R2_STABLE_RISK;-1;-1;0;0;-1;-1;0;0.05000000819563866;0.030848102644085884;0.09634328633546829;96;4
C05;C05;Critico progressivo: Celular em rodovia;Critico;Critico;0.40922079682350154;0.40922079682350154;R1_NORMAL;42;73;32;1;58;16;0;0.05000000819563866;0.31890401244163513;0.14995740354061127;96;4
C09;C09;Critico progressivo: Bebida ao volante;Critico;Critico;0.3986282244324684;0.3986282244324684;R2_STABLE_RISK;38;73;36;1;53;15;0;0.05000000819563866;0.25706973671913147;0.14962954819202423;96;4
C09;C09;Critico progressivo: Bebida ao volante;Critico;Critico;0.39825213700532913;0.39825213700532913;R1_NORMAL;38;73;36;1;58;20;0;0.05000000819563866;0.24537567794322968;0.16688911616802216;96;4
C08;C08;Critico progressivo: Distracao urbana multietapas;Critico;Critico;0.4740724891424179;0.4740724891424179;R2_STABLE_RISK;28;77;50;1;49;21;0;0.05000000819563866;0.32336223125457764;0.14838099479675293;96;4
C03;C03;Critico: Celular sem cinto sob chuva;Critico;Critico;0.3752959698438644;0.3752959698438644;R2_STABLE_RISK;26;41;16;0;28;2;0;0.05000000819563866;0.18575410544872284;0.13648824393749237;96;4
C05;C05;Critico progressivo: Celular em rodovia;Critico;Critico;0.4559500783681869;0.4559500783681869;R3_FALSE_KIN;42;73;32;1;59;17;1;0.2668193280696869;0.3233160078525543;0.1504388004541397;96;4
C09;C09;Critico progressivo: Bebida ao volante;Critico;Critico;0.48047080338001247;0.48047080338001247;R2_STABLE_RISK;38;73;36;1;57;19;1;0.2949550449848175;0.2517107129096985;0.13425369560718536;96;4
C09;C09;Critico progressivo: Bebida ao volante;Critico;Critico;0.40860251635313033;0.40860251635313033;R1_NORMAL;38;73;36;1;60;22;0;0.05000000819563866;0.2539995014667511;0.15069161355495453;96;4
N03;N03;Normal: Noite estável;Normal;Normal;0.050000007078051564;0.050000007078051564;R1_NORMAL;-1;-1;0;0;-1;-1;0;0.05000000819563866;0.03284740075469017;0.09774506837129593;96;4
C01;C01;Critico: Celular em alta velocidade;Critico;Critico;0.29102678298950196;0.29102678298950196;R1_NORMAL;32;44;13;0;34;2;0;0.05000000819563866;0.16118159890174866;0.12187660485506058;96;4
C10;C10;Critico progressivo: Grooming em rodovia com fadiga;Critico;Critico;0.4427982658147812;0.4427982658147812;R3_FALSE_KIN;40;81;42;1;60;20;1;0.32264572381973267;0.20555531978607178;0.14586912095546722;96;4
C03;C03;Critico: Celular sem cinto sob chuva;Critico;Critico;0.3752959698438644;0.3752959698438644;R3_FALSE_KIN;26;41;16;0;28;2;0;0.05000000819563866;0.18355268239974976;0.14980512857437134;96;4
C07;C07;Critico progressivo: Sem cinto sob chuva;Critico;Critico;0.41357392519712444;0.41357392519712444;R3_FALSE_KIN;37;75;39;1;58;21;0;0.05000000819563866;0.37880492210388184;0.15962111949920654;96;4
C07;C07;Critico progressivo: Sem cinto sob chuva;Critico;Critico;0.3976206079125404;0.3976206079125404;R3_FALSE_KIN;37;75;39;1;58;21;0;0.05000000819563866;0.37698397040367126;0.16637027263641357;96;4
C10;C10;Critico progressivo: Grooming em rodovia com fadiga;Critico;Critico;0.44674916565418243;0.44674916565418243;R1_NORMAL;40;81;42;1;60;20;1;0.3188372552394867;0.2014838010072708;0.09082869440317154;96;4
C10;C10;Critico progressivo: Grooming em rodovia com fadiga;Critico;Critico;0.43816908150911327;0.43816908150911327;R1_NORMAL;40;81;42;1;60;20;0;0.05000000819563866;0.20531825721263885;0.14127518236637115;96;4
C01;C01;Critico: Celular em alta velocidade;Critico;Critico;0.29102678298950196;0.29102678298950196;R2_STABLE_RISK;32;44;13;0;34;2;0;0.05000000819563866;0.14743679761886597;0.10641936212778091;96;4
C01;C01;Critico: Celular em alta velocidade;Critico;Critico;0.29102678298950196;0.29102678298950196;R1_NORMAL;32;44;13;0;34;2;0;0.05000000819563866;0.1575848013162613;0.16380907595157623;96;4
C02;C02;Critico: Fadiga com desvio cinematico;Critico;Critico;0.5930576384067535;0.5930576384067535;R1_NORMAL;29;50;22;0;32;3;1;0.20591802895069122;0.1032068207859993;0.1695951223373413;96;4
C03;C03;Critico: Celular sem cinto sob chuva;Critico;Critico;0.3752959698438644;0.3752959698438644;R3_FALSE_KIN;26;41;16;0;28;2;0;0.05000000819563866;0.1884603053331375;0.10626831650733948;96;4
C08;C08;Critico progressivo: Distracao urbana multietapas;Critico;Critico;0.50095534324646;0.50095534324646;R2_STABLE_RISK;28;77;50;1;51;23;1;0.2608950734138489;0.3135031461715698;0.16422171890735626;96;4
C08;C08;Critico progressivo: Distracao urbana multietapas;Critico;Critico;0.4624502778053283;0.4624502778053283;R2_STABLE_RISK;28;77;50;1;54;26;0;0.05000000819563866;0.3272152245044708;0.15311817824840546;96;4
C10;C10;Critico progressivo: Grooming em rodovia com fadiga;Critico;Critico;0.4030828535556793;0.4030828535556793;R1_NORMAL;40;81;42;1;62;22;0;0.05000000819563866;0.19953133165836334;0.08636245131492615;96;4
C08;C08;Critico progressivo: Distracao urbana multietapas;Critico;Critico;0.4513883173465728;0.4513883173465728;R1_NORMAL;28;77;50;1;55;27;0;0.05000000819563866;0.31526678800582886;0.10712795704603195;96;4
N02;N02;Normal: Urbano moderado;Normal;Normal;0.050000007078051564;0.050000007078051564;R1_NORMAL;-1;-1;0;0;-1;-1;0;0.05000000819563866;0.03259607031941414;0.0980064868927002;96;4
C06;C06;Critico progressivo: Fadiga noturna;Critico;Critico;0.44404881596565243;0.44404881596565243;R1_NORMAL;36;81;46;1;61;25;0;0.05000000819563866;0.16730548441410065;0.08401724696159363;96;4
C01;C01;Critico: Celular em alta velocidade;Critico;Critico;0.29102678298950196;0.29102678298950196;R1_NORMAL;32;44;13;0;34;2;0;0.05000000819563866;0.15160897374153137;0.12750564515590668;96;4
C05;C05;Critico progressivo: Celular em rodovia;Critico;Critico;0.3920199990272522;0.3920199990272522;R3_FALSE_KIN;42;73;32;1;59;17;0;0.05000000819563866;0.312245637178421;0.14238415658473969;96;4
N02;N02;Normal: Urbano moderado;Normal;Normal;0.050000007078051564;0.050000007078051564;R1_NORMAL;-1;-1;0;0;-1;-1;0;0.05000000819563866;0.026837797835469246;0.07863696664571762;96;4
N01;N01;Normal: Viagem tranquila em rodovia;Normal;Normal;0.050000007078051564;0.050000007078051564;R2_STABLE_RISK;-1;-1;0;0;-1;-1;0;0.05000000819563866;0.03212602436542511;0.09734761714935303;96;4
C10;C10;Critico progressivo: Grooming em rodovia com fadiga;Critico;Critico;0.39903843998908994;0.39903843998908994;R3_FALSE_KIN;40;81;42;1;66;26;0;0.05000000819563866;0.1994960904121399;0.126092791557312;96;4
N03;N03;Normal: Noite estável;Normal;Normal;0.050000007078051564;0.050000007078051564;R1_NORMAL;-1;-1;0;0;-1;-1;0;0.05000000819563866;0.03700245916843414;0.09606611728668213;96;4
N03;N03;Normal: Noite estável;Normal;Normal;0.050000007078051564;0.050000007078051564;R1_NORMAL;-1;-1;0;0;-1;-1;0;0.05000000819563866;0.0363774411380291;0.08958330005407333;96;4
C09;C09;Critico progressivo: Bebida ao volante;Critico;Critico;0.3754859045147896;0.3754859045147896;R2_STABLE_RISK;38;73;36;1;59;21;0;0.05000000819563866;0.25261977314949036;0.141709566116333;96;4
C04;C04;Critico: Multiplas distracoes urbanas;Critico;Critico;0.5776038438081741;0.5776038438081741;R2_STABLE_RISK;22;45;24;0;24;2;1;0.26291900873184204;0.20661254227161407;0.17375421524047852;96;4
N01;N01;Normal: Viagem tranquila em rodovia;Normal;Normal;0.050000007078051564;0.050000007078051564;R2_STABLE_RISK;-1;-1;0;0;-1;-1;0;0.05000000819563866;0.03650207817554474;0.10117950290441513;96;4
C01;C01;Critico: Celular em alta velocidade;Critico;Critico;0.29102678298950196;0.29102678298950196;R2_STABLE_RISK;32;44;13;0;34;2;0;0.05000000819563866;0.1484166532754898;0.09704393148422241;96;4
C05;C05;Critico progressivo: Celular em rodovia;Critico;Critico;0.45979517996311187;0.45979517996311187;R3_FALSE_KIN;42;73;32;1;60;18;1;0.2892875373363495;0.32588228583335876;0.1278885453939438;96;4
N03;N03;Normal: Noite estável;Normal;Normal;0.050000007078051564;0.050000007078051564;R2_STABLE_RISK;-1;-1;0;0;-1;-1;0;0.05000000819563866;0.030544081702828407;0.13019394874572754;96;4
N02;N02;Normal: Urbano moderado;Normal;Normal;0.050000007078051564;0.050000007078051564;R1_NORMAL;-1;-1;0;0;-1;-1;0;0.05000000819563866;0.028829574584960938;0.11027071624994278;96;4
C09;C09;Critico progressivo: Bebida ao volante;Critico;Critico;0.37703937292099;0.37703937292099;R1_NORMAL;38;73;36;1;57;19;0;0.05000000819563866;0.2521982192993164;0.12381096929311752;96;4
C05;C05;Critico progressivo: Celular em rodovia;Critico;Critico;0.3638579249382019;0.3638579249382019;R2_STABLE_RISK;42;73;32;1;61;19;0;0.05000000819563866;0.31163251399993896;0.12633179128170013;96;4
C03;C03;Critico: Celular sem cinto sob chuva;Critico;Critico;0.6204583555459976;0.6204583555459976;R3_FALSE_KIN;26;41;16;0;28;2;1;0.2804625928401947;0.18604975938796997;0.18236784636974335;96;4
C10;C10;Critico progressivo: Grooming em rodovia com fadiga;Critico;Critico;0.3852213606238365;0.3852213606238365;R2_STABLE_RISK;40;81;42;1;61;21;0;0.05000000819563866;0.2038583755493164;0.11102787405252457;96;4
N01;N01;Normal: Viagem tranquila em rodovia;Normal;Normal;0.050000007078051564;0.050000007078051564;R1_NORMAL;-1;-1;0;0;-1;-1;0;0.05000000819563866;0.029581649228930473;0.07047338038682938;96;4
C09;C09;Critico progressivo: Bebida ao volante;Critico;Critico;0.41019276231527324;0.41019276231527324;R1_NORMAL;38;73;36;1;56;18;0;0.05000000819563866;0.24774794280529022;0.12190639227628708;96;4
C10;C10;Critico progressivo: Grooming em rodovia com fadiga;Critico;Critico;0.41641526818275454;0.41641526818275454;R3_FALSE_KIN;40;81;42;1;63;23;0;0.05000000819563866;0.20250444114208221;0.09416814893484116;96;4
C06;C06;Critico progressivo: Fadiga noturna;Critico;Critico;0.5003313481807709;0.5003313481807709;R2_STABLE_RISK;36;81;46;1;60;24;1;0.3194115161895752;0.15147753059864044;0.1397407352924347;96;4
N02;N02;Normal: Urbano moderado;Normal;Normal;0.050000007078051564;0.050000007078051564;R3_FALSE_KIN;-1;-1;0;0;-1;-1;0;0.05000000819563866;0.03036213479936123;0.09460591524839401;96;4
N01;N01;Normal: Viagem tranquila em rodovia;Normal;Normal;0.050000007078051564;0.050000007078051564;R1_NORMAL;-1;-1;0;0;-1;-1;0;0.05000000819563866;0.030406644567847252;0.10218659043312073;96;4
C10;C10;Critico progressivo: Grooming em rodovia com fadiga;Critico;Critico;0.40610322803258897;0.40610322803258897;R1_NORMAL;40;81;42;1;64;24;0;0.05000000819563866;0.19555972516536713;0.1337602138519287;96;4
C04;C04;Critico: Multiplas distracoes urbanas;Critico;Critico;0.3713889718055725;0.3713889718055725;R3_FALSE_KIN;22;45;24;0;24;2;0;0.05000000819563866;0.2106541395187378;0.12273961305618286;96;4
N03;N03;Normal: Noite estável;Normal;Normal;0.050000007078051564;0.050000007078051564;R1_NORMAL;-1;-1;0;0;-1;-1;0;0.05000000819563866;0.027332564815878868;0.07243272662162781;96;4
C01;C01;Critico: Celular em alta velocidade;Critico;Critico;0.5294232696294785;0.5294232696294785;R3_FALSE_KIN;32;44;13;0;34;2;1;0.2338612675666809;0.15585622191429138;0.20269577205181122;96;4
C06;C06;Critico progressivo: Fadiga noturna;Critico;Critico;0.437445954978466;0.437445954978466;R1_NORMAL;36;81;46;1;62;26;0;0.05000000819563866;0.15641675889492035;0.10469111055135727;96;4
C09;C09;Critico progressivo: Bebida ao volante;Critico;Critico;0.37842078953981395;0.37842078953981395;R2_STABLE_RISK;38;73;36;1;57;19;0;0.05000000819563866;0.25287070870399475;0.13573361933231354;96;4
C08;C08;Critico progressivo: Distracao urbana multietapas;Critico;Critico;0.455817186832428;0.455817186832428;R1_NORMAL;28;77;50;1;60;32;0;0.05000000819563866;0.3145798146724701;0.12557609379291534;96;4
C07;C07;Critico progressivo: Sem cinto sob chuva;Critico;Critico;0.4830091744661331;0.4830091744661331;R1_NORMAL;37;75;39;1;55;18;1;0.32572421431541443;0.3850688934326172;0.21342726051807404;96;4
C03;C03;Critico: Celular sem cinto sob chuva;Critico;Critico;0.3752959698438644;0.3752959698438644;R1_NORMAL;26;41;16;0;28;2;0;0.05000000819563866;0.1884479522705078;0.1262846440076828;96;4
C08;C08;Critico progressivo: Distracao urbana multietapas;Critico;Critico;0.45416047573089596;0.45416047573089596;R3_FALSE_KIN;28;77;50;1;58;30;0;0.05000000819563866;0.3188847601413727;0.12754562497138977;96;4
C07;C07;Critico progressivo: Sem cinto sob chuva;Critico;Critico;0.46636331379413604;0.46636331379413604;R3_FALSE_KIN;37;75;39;1;61;24;1;0.3184482753276825;0.3700498640537262;0.14132995903491974;96;4
C06;C06;Critico progressivo: Fadiga noturna;Critico;Critico;0.4516242608428001;0.4516242608428001;R2_STABLE_RISK;36;81;46;1;62;26;0;0.05000000819563866;0.14800749719142914;0.11767105013132095;96;4
C05;C05;Critico progressivo: Celular em rodovia;Critico;Critico;0.37399296164512635;0.37399296164512635;R1_NORMAL;42;73;32;1;58;16;0;0.05000000819563866;0.32018545269966125;0.16960279643535614;96;4
C09;C09;Critico progressivo: Bebida ao volante;Critico;Critico;0.3732408702373504;0.3732408702373504;R2_STABLE_RISK;38;73;36;1;58;20;0;0.05000000819563866;0.24726730585098267;0.10276570171117783;96;4
C08;C08;Critico progressivo: Distracao urbana multietapas;Critico;Critico;0.44089720249176023;0.44089720249176023;R3_FALSE_KIN;28;77;50;1;54;26;0;0.05000000819563866;0.31588026881217957;0.1581842303276062;96;4
C04;C04;Critico: Multiplas distracoes urbanas;Critico;Critico;0.3713889718055725;0.3713889718055725;R3_FALSE_KIN;22;45;24;0;24;2;0;0.05000000819563866;0.19632355868816376;0.13524074852466583;96;4
C06;C06;Critico progressivo: Fadiga noturna;Critico;Critico;0.4380598068237304;0.4380598068237304;R3_FALSE_KIN;36;81;46;1;58;22;0;0.05000000819563866;0.16257353127002716;0.11448279768228531;96;4
C09;C09;Critico progressivo: Bebida ao volante;Critico;Critico;0.3938043639063835;0.3938043639063835;R1_NORMAL;38;73;36;1;60;22;0;0.05000000819563866;0.2461976259946823;0.11164162307977676;96;4
C02;C02;Critico: Fadiga com desvio cinematico;Critico;Critico;0.5963019698858261;0.5963019698858261;R2_STABLE_RISK;29;50;22;0;32;3;1;0.2620396018028259;0.10157362371683121;0.16412736475467682;96;4
C03;C03;Critico: Celular sem cinto sob chuva;Critico;Critico;0.3752959698438644;0.3752959698438644;R1_NORMAL;26;41;16;0;28;2;0;0.05000000819563866;0.19256983697414398;0.11636319011449814;96;4
C03;C03;Critico: Celular sem cinto sob chuva;Critico;Critico;0.3752959698438644;0.3752959698438644;R3_FALSE_KIN;26;41;16;0;28;2;0;0.05000000819563866;0.18465135991573334;0.10059329122304916;96;4
C02;C02;Critico: Fadiga com desvio cinematico;Critico;Critico;0.5964363902807235;0.5964363902807235;R1_NORMAL;29;50;22;0;32;3;1;0.25406429171562195;0.09762120246887207;0.1488582342863083;96;4
C03;C03;Critico: Celular sem cinto sob chuva;Critico;Critico;0.3752959698438644;0.3752959698438644;R3_FALSE_KIN;26;41;16;0;28;2;0;0.05000000819563866;0.18429166078567505;0.11535084247589111;96;4
C04;C04;Critico: Multiplas distracoes urbanas;Critico;Critico;0.3713889718055725;0.3713889718055725;R1_NORMAL;22;45;24;0;24;2;0;0.05000000819563866;0.20316927134990692;0.1566869169473648;96;4
C06;C06;Critico progressivo: Fadiga noturna;Critico;Critico;0.4186260417103767;0.4186260417103767;R3_FALSE_KIN;36;81;46;1;61;25;0;0.05000000819563866;0.15502430498600006;0.1302327811717987;96;4
C07;C07;Critico progressivo: Sem cinto sob chuva;Critico;Critico;0.40399087220430374;0.40399087220430374;R2_STABLE_RISK;37;75;39;1;61;24;0;0.05000000819563866;0.3733713924884796;0.10015363246202469;96;4
C04;C04;Critico: Multiplas distracoes urbanas;Critico;Critico;0.3713889718055725;0.3713889718055725;R1_NORMAL;22;45;24;0;24;2;0;0.05000000819563866;0.21071314811706543;0.1095450296998024;96;4
C10;C10;Critico progressivo: Grooming em rodovia com fadiga;Critico;Critico;0.4734647989273071;0.4734647989273071;R3_FALSE_KIN;40;81;42;1;64;24;1;0.35797998309135437;0.2005550116300583;0.09524115920066833;96;4
N03;N03;Normal: Noite estável;Normal;Normal;0.050000007078051564;0.050000007078051564;R2_STABLE_RISK;-1;-1;0;0;-1;-1;0;0.05000000819563866;0.028986364603042603;0.10629180073738098;96;4
C06;C06;Critico progressivo: Fadiga noturna;Critico;Critico;0.42068419307470317;0.42068419307470317;R1_NORMAL;36;81;46;1;61;25;0;0.05000000819563866;0.16189859807491302;0.10713121294975281;96;4
C03;C03;Critico: Celular sem cinto sob chuva;Critico;Critico;0.3752959698438644;0.3752959698438644;R2_STABLE_RISK;26;41;16;0;28;2;0;0.05000000819563866;0.18462829291820526;0.1261080503463745;96;4
C04;C04;Critico: Multiplas distracoes urbanas;Critico;Critico;0.3713889718055725;0.3713889718055725;R3_FALSE_KIN;22;45;24;0;24;2;0;0.05000000819563866;0.20179249346256256;0.10165271162986755;96;4
C10;C10;Critico progressivo: Grooming em rodovia com fadiga;Critico;Critico;0.4358326286077499;0.4358326286077499;R2_STABLE_RISK;40;81;42;1;65;25;1;0.31032297015190125;0.19964706897735596;0.1587945818901062;96;4
N01;N01;Normal: Viagem tranquila em rodovia;Normal;Normal;0.050000007078051564;0.050000007078051564;R1_NORMAL;-1;-1;0;0;-1;-1;0;0.05000000819563866;0.03518904373049736;0.10881918668746948;96;4
C05;C05;Critico progressivo: Celular em rodovia;Critico;Critico;0.46969044506549834;0.46969044506549834;R2_STABLE_RISK;42;73;32;1;57;15;1;0.28331780433654785;0.32316651940345764;0.1292770951986313;96;4
C08;C08;Critico progressivo: Distracao urbana multietapas;Critico;Critico;0.49894120991230007;0.49894120991230007;R1_NORMAL;28;77;50;1;49;21;1;0.28850477933883667;0.3196389973163605;0.18209831416606903;96;4
C02;C02;Critico: Fadiga com desvio cinematico;Critico;Critico;0.39378328174352645;0.39378328174352645;R2_STABLE_RISK;29;50;22;0;32;3;0;0.05000000819563866;0.10292190313339233;0.13699257373809814;96;4
C01;C01;Critico: Celular em alta velocidade;Critico;Critico;0.29102678298950196;0.29102678298950196;R1_NORMAL;32;44;13;0;34;2;0;0.05000000819563866;0.15800882875919342;0.13774549961090088;96;4
N01;N01;Normal: Viagem tranquila em rodovia;Normal;Normal;0.050000007078051564;0.050000007078051564;R1_NORMAL;-1;-1;0;0;-1;-1;0;0.05000000819563866;0.03993534296751022;0.08805998414754868;96;4
C07;C07;Critico progressivo: Sem cinto sob chuva;Critico;Critico;0.4221352696418762;0.4221352696418762;R2_STABLE_RISK;37;75;39;1;57;20;0;0.05000000819563866;0.3768061697483063;0.14079304039478302;96;4
N03;N03;Normal: Noite estável;Normal;Normal;0.050000007078051564;0.050000007078051564;R1_NORMAL;-1;-1;0;0;-1;-1;0;0.05000000819563866;0.026635661721229553;0.11492111533880234;96;4
C09;C09;Critico progressivo: Bebida ao volante;Critico;Critico;0.36908675432205196;0.36908675432205196;R2_STABLE_RISK;38;73;36;1;59;21;0;0.05000000819563866;0.2475057691335678;0.12507930397987366;96;4
C05;C05;Critico progressivo: Celular em rodovia;Critico;Critico;0.37212235182523723;0.37212235182523723;R1_NORMAL;42;73;32;1;58;16;0;0.05000000819563866;0.3209797739982605;0.11525765061378479;96;4
C06;C06;Critico progressivo: Fadiga noturna;Critico;Critico;0.4889223039150238;0.4889223039150238;R2_STABLE_RISK;36;81;46;1;60;24;1;0.3252202272415161;0.1544453203678131;0.09684232622385025;96;4
C09;C09;Critico progressivo: Bebida ao volante;Critico;Critico;0.39046153575181963;0.39046153575181963;R1_NORMAL;38;73;36;1;61;23;0;0.05000000819563866;0.2506432831287384;0.09840372949838638;96;4
C05;C05;Critico progressivo: Celular em rodovia;Critico;Critico;0.3672474086284637;0.3672474086284637;R1_NORMAL;42;73;32;1;59;17;0;0.05000000819563866;0.316212922334671;0.15591667592525482;96;4
C06;C06;Critico progressivo: Fadiga noturna;Critico;Critico;0.4564067512750626;0.4564067512750626;R2_STABLE_RISK;36;81;46;1;59;23;0;0.05000000819563866;0.16645307838916779;0.1383194774389267;96;4
N01;N01;Normal: Viagem tranquila em rodovia;Normal;Normal;0.050000007078051564;0.050000007078051564;R2_STABLE_RISK;-1;-1;0;0;-1;-1;0;0.05000000819563866;0.0301684383302927;0.10301047563552856;96;4
C01;C01;Critico: Celular em alta velocidade;Critico;Critico;0.29102678298950196;0.29102678298950196;R1_NORMAL;32;44;13;0;34;2;0;0.05000000819563866;0.15357540547847748;0.16140411794185638;96;4
C06;C06;Critico progressivo: Fadiga noturna;Critico;Critico;0.4876925021409988;0.4876925021409988;R2_STABLE_RISK;36;81;46;1;53;17;1;0.36486831307411194;0.16588041186332703;0.17238391935825348;96;4
C03;C03;Critico: Celular sem cinto sob chuva;Critico;Critico;0.6265970200300216;0.6265970200300216;R3_FALSE_KIN;26;41;16;0;28;2;1;0.27964961528778076;0.18598349392414093;0.1650114804506302;96;4
C04;C04;Critico: Multiplas distracoes urbanas;Critico;Critico;0.3713889718055725;0.3713889718055725;R1_NORMAL;22;45;24;0;24;2;0;0.05000000819563866;0.20387905836105347;0.11464301496744156;96;4
C03;C03;Critico: Celular sem cinto sob chuva;Critico;Critico;0.3752959698438644;0.3752959698438644;R1_NORMAL;26;41;16;0;28;2;0;0.05000000819563866;0.19160409271717072;0.13607554137706757;96;4
C08;C08;Critico progressivo: Distracao urbana multietapas;Critico;Critico;0.48875804245471954;0.48875804245471954;R1_NORMAL;28;77;50;1;58;30;1;0.28392261266708374;0.31776031851768494;0.1478835940361023;96;4
C02;C02;Critico: Fadiga com desvio cinematico;Critico;Critico;0.5943717807531357;0.5943717807531357;R3_FALSE_KIN;29;50;22;0;32;3;1;0.2167310118675232;0.08833818882703781;0.15985190868377686;96;4
C08;C08;Critico progressivo: Distracao urbana multietapas;Critico;Critico;0.45593456029891966;0.45593456029891966;R2_STABLE_RISK;28;77;50;1;53;25;0;0.05000000819563866;0.32017675042152405;0.16275160014629364;96;4
C03;C03;Critico: Celular sem cinto sob chuva;Critico;Critico;0.3752959698438644;0.3752959698438644;R1_NORMAL;26;41;16;0;28;2;0;0.05000000819563866;0.19391489028930664;0.11309943348169327;96;4
C02;C02;Critico: Fadiga com desvio cinematico;Critico;Critico;0.5935002893209458;0.5935002893209458;R1_NORMAL;29;50;22;0;32;3;1;0.2756197154521942;0.09495335072278976;0.10823383182287216;96;4
C10;C10;Critico progressivo: Grooming em rodovia com fadiga;Critico;Critico;0.4072232902050018;0.4072232902050018;R2_STABLE_RISK;40;81;42;1;55;15;0;0.05000000819563866;0.2090335339307785;0.11310609430074692;96;4
C05;C05;Critico progressivo: Celular em rodovia;Critico;Critico;0.48560456931591034;0.48560456931591034;R1_NORMAL;42;73;32;1;59;17;1;0.27734073996543884;0.3254811763763428;0.19195975363254547;96;4
C08;C08;Critico progressivo: Distracao urbana multietapas;Critico;Critico;0.4527807891368866;0.4527807891368866;R1_NORMAL;28;77;50;1;53;25;0;0.05000000819563866;0.3222467005252838;0.1537070870399475;96;4
C08;C08;Critico progressivo: Distracao urbana multietapas;Critico;Critico;0.472921022772789;0.472921022772789;R2_STABLE_RISK;28;77;50;1;54;26;0;0.05000000819563866;0.32571089267730713;0.14023111760616302;96;4
N01;N01;Normal: Viagem tranquila em rodovia;Normal;Normal;0.050000007078051564;0.050000007078051564;R3_FALSE_KIN;-1;-1;0;0;-1;-1;0;0.05000000819563866;0.030707718804478645;0.10326477140188217;96;4
C10;C10;Critico progressivo: Grooming em rodovia com fadiga;Critico;Critico;0.38985815495252607;0.38985815495252607;R1_NORMAL;40;81;42;1;65;25;0;0.05000000819563866;0.20445819199085236;0.11255159229040146;96;4
N03;N03;Normal: Noite estável;Normal;Normal;0.050000007078051564;0.050000007078051564;R3_FALSE_KIN;-1;-1;0;0;-1;-1;0;0.05000000819563866;0.03254352882504463;0.10528934746980667;96;4
C09;C09;Critico progressivo: Bebida ao volante;Critico;Critico;0.48750208914279936;0.48750208914279936;R1_NORMAL;38;73;36;1;60;22;1;0.27699601650238037;0.24712605774402618;0.14697684347629547;96;4
N01;N01;Normal: Viagem tranquila em rodovia;Normal;Normal;0.050000007078051564;0.050000007078051564;R1_NORMAL;-1;-1;0;0;-1;-1;0;0.05000000819563866;0.032580554485321045;0.11470943689346313;96;4
N01;N01;Normal: Viagem tranquila em rodovia;Normal;Normal;0.050000007078051564;0.050000007078051564;R1_NORMAL;-1;-1;0;0;-1;-1;0;0.05000000819563866;0.037171587347984314;0.07357010245323181;96;4
C04;C04;Critico: Multiplas distracoes urbanas;Critico;Critico;0.3713889718055725;0.3713889718055725;R1_NORMAL;22;45;24;0;24;2;0;0.05000000819563866;0.1972610205411911;0.14494968950748444;96;4
N02;N02;Normal: Urbano moderado;Normal;Normal;0.050000007078051564;0.050000007078051564;R1_NORMAL;-1;-1;0;0;-1;-1;0;0.05000000819563866;0.030844226479530334;0.11197095364332199;96;4
C01;C01;Critico: Celular em alta velocidade;Critico;Critico;0.29102678298950196;0.29102678298950196;R2_STABLE_RISK;32;44;13;0;34;2;0;0.05000000819563866;0.16048526763916016;0.11452531814575195;96;4
C07;C07;Critico progressivo: Sem cinto sob chuva;Critico;Critico;0.4829305917024612;0.4829305917024612;R1_NORMAL;37;75;39;1;60;23;1;0.304655522108078;0.3779512345790863;0.1465928703546524;96;4
C06;C06;Critico progressivo: Fadiga noturna;Critico;Critico;0.42398536503314965;0.42398536503314965;R2_STABLE_RISK;36;81;46;1;54;18;0;0.05000000819563866;0.17304889857769012;0.13631261885166168;96;4
C02;C02;Critico: Fadiga com desvio cinematico;Critico;Critico;0.39378328174352645;0.39378328174352645;R1_NORMAL;29;50;22;0;32;3;0;0.05000000819563866;0.09719245880842209;0.11276131868362427;96;4
C05;C05;Critico progressivo: Celular em rodovia;Critico;Critico;0.37264377921819686;0.37264377921819686;R2_STABLE_RISK;42;73;32;1;60;18;0;0.05000000819563866;0.32156333327293396;0.15778732299804688;96;4
N03;N03;Normal: Noite estável;Normal;Normal;0.050000007078051564;0.050000007078051564;R1_NORMAL;-1;-1;0;0;-1;-1;0;0.05000000819563866;0.03426540270447731;0.09823409467935562;96;4
N01;N01;Normal: Viagem tranquila em rodovia;Normal;Normal;0.050000007078051564;0.050000007078051564;R3_FALSE_KIN;-1;-1;0;0;-1;-1;0;0.05000000819563866;0.03400986269116402;0.12463875859975815;96;4
C08;C08;Critico progressivo: Distracao urbana multietapas;Critico;Critico;0.48300468921661377;0.48300468921661377;R3_FALSE_KIN;28;77;50;1;52;24;1;0.2633221447467804;0.32626065611839294;0.19250722229480743;96;4
C02;C02;Critico: Fadiga com desvio cinematico;Critico;Critico;0.39378328174352645;0.39378328174352645;R1_NORMAL;29;50;22;0;32;3;0;0.05000000819563866;0.09833963960409164;0.1482088714838028;96;4
C07;C07;Critico progressivo: Sem cinto sob chuva;Critico;Critico;0.40807459950447084;0.40807459950447084;R1_NORMAL;37;75;39;1;55;18;0;0.05000000819563866;0.38621005415916443;0.12097110599279404;96;4
N02;N02;Normal: Urbano moderado;Normal;Normal;0.050000007078051564;0.050000007078051564;R1_NORMAL;-1;-1;0;0;-1;-1;0;0.05000000819563866;0.03534037619829178;0.12508736550807953;96;4
C08;C08;Critico progressivo: Distracao urbana multietapas;Critico;Critico;0.45299510359764095;0.45299510359764095;R1_NORMAL;28;77;50;1;57;29;0;0.05000000819563866;0.32199856638908386;0.20721037685871124;96;4
N03;N03;Normal: Noite estável;Normal;Normal;0.050000007078051564;0.050000007078051564;R3_FALSE_KIN;-1;-1;0;0;-1;-1;0;0.05000000819563866;0.028183726593852043;0.0985121801495552;96;4
C04;C04;Critico: Multiplas distracoes urbanas;Critico;Critico;0.5602123588323593;0.5602123588323593;R1_NORMAL;22;45;24;0;24;2;1;0.20437078177928925;0.21016190946102142;0.2943502366542816;96;4
N03;N03;Normal: Noite estável;Normal;Normal;0.050000007078051564;0.050000007078051564;R1_NORMAL;-1;-1;0;0;-1;-1;0;0.05000000819563866;0.0367790125310421;0.08288606256246567;96;4
N02;N02;Normal: Urbano moderado;Normal;Normal;0.050000007078051564;0.050000007078051564;R2_STABLE_RISK;-1;-1;0;0;-1;-1;0;0.05000000819563866;0.03631948307156563;0.12573328614234924;96;4
C04;C04;Critico: Multiplas distracoes urbanas;Critico;Critico;0.3713889718055725;0.3713889718055725;R1_NORMAL;22;45;24;0;24;2;0;0.05000000819563866;0.1953224092721939;0.12275123596191406;96;4
C04;C04;Critico: Multiplas distracoes urbanas;Critico;Critico;0.3713889718055725;0.3713889718055725;R2_STABLE_RISK;22;45;24;0;24;2;0;0.05000000819563866;0.1961047649383545;0.11696723848581314;96;4
N02;N02;Normal: Urbano moderado;Normal;Normal;0.050000007078051564;0.050000007078051564;R2_STABLE_RISK;-1;-1;0;0;-1;-1;0;0.05000000819563866;0.030483007431030273;0.13033193349838257;96;4
C03;C03;Critico: Celular sem cinto sob chuva;Critico;Critico;0.6158603578805923;0.6158603578805923;R1_NORMAL;26;41;16;0;28;2;1;0.23613472282886505;0.18773460388183594;0.15272480249404907;96;4
C03;C03;Critico: Celular sem cinto sob chuva;Critico;Critico;0.3752959698438644;0.3752959698438644;R3_FALSE_KIN;26;41;16;0;28;2;0;0.05000000819563866;0.1863514631986618;0.12473306059837341;96;4
C06;C06;Critico progressivo: Fadiga noturna;Critico;Critico;0.4342018499970436;0.4342018499970436;R3_FALSE_KIN;36;81;46;1;61;25;0;0.05000000819563866;0.16629506647586823;0.1023884043097496;96;4
N01;N01;Normal: Viagem tranquila em rodovia;Normal;Normal;0.050000007078051564;0.050000007078051564;R2_STABLE_RISK;-1;-1;0;0;-1;-1;0;0.05000000819563866;0.029790276661515236;0.08635646104812622;96;4
N03;N03;Normal: Noite estável;Normal;Normal;0.050000007078051564;0.050000007078051564;R2_STABLE_RISK;-1;-1;0;0;-1;-1;0;0.05000000819563866;0.0287132877856493;0.13723082840442657;96;4
C10;C10;Critico progressivo: Grooming em rodovia com fadiga;Critico;Critico;0.4717055797576904;0.4717055797576904;R1_NORMAL;40;81;42;1;59;19;1;0.290989488363266;0.2089865654706955;0.13998280465602875;96;4
N01;N01;Normal: Viagem tranquila em rodovia;Normal;Normal;0.050000007078051564;0.050000007078051564;R2_STABLE_RISK;-1;-1;0;0;-1;-1;0;0.05000000819563866;0.031063446775078773;0.09640280157327652;96;4
C06;C06;Critico progressivo: Fadiga noturna;Critico;Critico;0.438684968650341;0.438684968650341;R2_STABLE_RISK;36;81;46;1;62;26;0;0.05000000819563866;0.15311460196971893;0.10372698307037354;96;4
C02;C02;Critico: Fadiga com desvio cinematico;Critico;Critico;0.39378328174352645;0.39378328174352645;R1_NORMAL;29;50;22;0;32;3;0;0.05000000819563866;0.09276533126831055;0.13487114012241364;96;4
N01;N01;Normal: Viagem tranquila em rodovia;Normal;Normal;0.050000007078051564;0.050000007078051564;R2_STABLE_RISK;-1;-1;0;0;-1;-1;0;0.05000000819563866;0.0326395221054554;0.10223878175020218;96;4
C10;C10;Critico progressivo: Grooming em rodovia com fadiga;Critico;Critico;0.4690272152423859;0.4690272152423859;R1_NORMAL;40;81;42;1;59;19;1;0.3300703763961792;0.21067297458648682;0.14672543108463287;96;4
N03;N03;Normal: Noite estável;Normal;Normal;0.050000007078051564;0.050000007078051564;R2_STABLE_RISK;-1;-1;0;0;-1;-1;0;0.05000000819563866;0.0352303571999073;0.07773209363222122;96;4
C03;C03;Critico: Celular sem cinto sob chuva;Critico;Critico;0.3752959698438644;0.3752959698438644;R2_STABLE_RISK;26;41;16;0;28;2;0;0.05000000819563866;0.18856553733348846;0.12180670350790024;96;4
N01;N01;Normal: Viagem tranquila em rodovia;Normal;Normal;0.050000007078051564;0.050000007078051564;R2_STABLE_RISK;-1;-1;0;0;-1;-1;0;0.05000000819563866;0.03581917658448219;0.11980215460062027;96;4
C01;C01;Critico: Celular em alta velocidade;Critico;Critico;0.29102678298950196;0.29102678298950196;R2_STABLE_RISK;32;44;13;0;34;2;0;0.05000000819563866;0.15011675655841827;0.16163839399814606;96;4
N03;N03;Normal: Noite estável;Normal;Normal;0.050000007078051564;0.050000007078051564;R1_NORMAL;-1;-1;0;0;-1;-1;0;0.05000000819563866;0.032081443816423416;0.10020271688699722;96;4
C04;C04;Critico: Multiplas distracoes urbanas;Critico;Critico;0.3713889718055725;0.3713889718055725;R1_NORMAL;22;45;24;0;24;2;0;0.05000000819563866;0.2019890993833542;0.13710804283618927;96;4
C06;C06;Critico progressivo: Fadiga noturna;Critico;Critico;0.4166566714644432;0.4166566714644432;R1_NORMAL;36;81;46;1;52;16;0;0.05000000819563866;0.1620449274778366;0.16658549010753632;96;4
N03;N03;Normal: Noite estável;Normal;Normal;0.050000007078051564;0.050000007078051564;R2_STABLE_RISK;-1;-1;0;0;-1;-1;0;0.05000000819563866;0.0313129760324955;0.07884353399276733;96;4
N03;N03;Normal: Noite estável;Normal;Normal;0.050000007078051564;0.050000007078051564;R1_NORMAL;-1;-1;0;0;-1;-1;0;0.05000000819563866;0.03294235095381737;0.0862044021487236;96;4
N02;N02;Normal: Urbano moderado;Normal;Normal;0.050000007078051564;0.050000007078051564;R2_STABLE_RISK;-1;-1;0;0;-1;-1;0;0.05000000819563866;0.03558608889579773;0.08415698260068893;96;4
C07;C07;Critico progressivo: Sem cinto sob chuva;Critico;Critico;0.3910868301987648;0.3910868301987648;R1_NORMAL;37;75;39;1;61;24;0;0.05000000819563866;0.3764965236186981;0.126206174492836;96;4
C05;C05;Critico progressivo: Celular em rodovia;Critico;Critico;0.3765844717621803;0.3765844717621803;R2_STABLE_RISK;42;73;32;1;60;18;0;0.05000000819563866;0.3152880370616913;0.10877808183431625;96;4
C04;C04;Critico: Multiplas distracoes urbanas;Critico;Critico;0.3713889718055725;0.3713889718055725;R2_STABLE_RISK;22;45;24;0;24;2;0;0.05000000819563866;0.21354572474956512;0.09999406337738037;96;4
C09;C09;Critico progressivo: Bebida ao volante;Critico;Critico;0.3806245818734169;0.3806245818734169;R2_STABLE_RISK;38;73;36;1;58;20;0;0.05000000819563866;0.2465076446533203;0.14429576694965363;96;4
C04;C04;Critico: Multiplas distracoes urbanas;Critico;Critico;0.3713889718055725;0.3713889718055725;R3_FALSE_KIN;22;45;24;0;24;2;0;0.05000000819563866;0.20378635823726654;0.13352960348129272;96;4
C01;C01;Critico: Celular em alta velocidade;Critico;Critico;0.29102678298950196;0.29102678298950196;R1_NORMAL;32;44;13;0;34;2;0;0.05000000819563866;0.15514318645000458;0.12680624425411224;96;4
C02;C02;Critico: Fadiga com desvio cinematico;Critico;Critico;0.39378328174352645;0.39378328174352645;R3_FALSE_KIN;29;50;22;0;32;3;0;0.05000000819563866;0.09275168180465698;0.14910149574279785;96;4
N01;N01;Normal: Viagem tranquila em rodovia;Normal;Normal;0.050000007078051564;0.050000007078051564;R2_STABLE_RISK;-1;-1;0;0;-1;-1;0;0.05000000819563866;0.036258939653635025;0.09855612367391586;96;4
C02;C02;Critico: Fadiga com desvio cinematico;Critico;Critico;0.39378328174352645;0.39378328174352645;R3_FALSE_KIN;29;50;22;0;32;3;0;0.05000000819563866;0.10579035431146622;0.09762012958526611;96;4
N01;N01;Normal: Viagem tranquila em rodovia;Normal;Normal;0.050000007078051564;0.050000007078051564;R1_NORMAL;-1;-1;0;0;-1;-1;0;0.05000000819563866;0.02957165800035;0.10069476813077927;96;4
C08;C08;Critico progressivo: Distracao urbana multietapas;Critico;Critico;0.5236732214689255;0.5236732214689255;R1_NORMAL;28;77;50;1;58;30;1;0.3340094983577728;0.318131685256958;0.1770956665277481;96;4
C01;C01;Critico: Celular em alta velocidade;Critico;Critico;0.5236227750778197;0.5236227750778197;R1_NORMAL;32;44;13;0;34;2;1;0.22206823527812958;0.15434251725673676;0.19387660920619965;96;4
C08;C08;Critico progressivo: Distracao urbana multietapas;Critico;Critico;0.4083344981074333;0.4083344981074333;R3_FALSE_KIN;28;77;50;1;56;28;0;0.05000000819563866;0.3054678440093994;0.13410045206546783;96;4
C03;C03;Critico: Celular sem cinto sob chuva;Critico;Critico;0.3752959698438644;0.3752959698438644;R3_FALSE_KIN;26;41;16;0;28;2;0;0.05000000819563866;0.18459999561309814;0.1680283099412918;96;4
C07;C07;Critico progressivo: Sem cinto sob chuva;Critico;Critico;0.4100545525550842;0.4100545525550842;R1_NORMAL;37;75;39;1;58;21;0;0.05000000819563866;0.3771858513355255;0.16361206769943237;96;4
N02;N02;Normal: Urbano moderado;Normal;Normal;0.050000007078051564;0.050000007078051564;R1_NORMAL;-1;-1;0;0;-1;-1;0;0.05000000819563866;0.03036782704293728;0.08035602420568466;96;4
C09;C09;Critico progressivo: Bebida ao volante;Critico;Critico;0.3865285620093346;0.3865285620093346;R2_STABLE_RISK;38;73;36;1;57;19;0;0.05000000819563866;0.2508786618709564;0.14767783880233765;96;4
C07;C07;Critico progressivo: Sem cinto sob chuva;Critico;Critico;0.4049014672636986;0.4049014672636986;R2_STABLE_RISK;37;75;39;1;56;19;0;0.05000000819563866;0.37592387199401855;0.12041317671537399;96;4
C03;C03;Critico: Celular sem cinto sob chuva;Critico;Critico;0.6137100785970688;0.6137100785970688;R2_STABLE_RISK;26;41;16;0;28;2;1;0.2680790424346924;0.1861819475889206;0.19696258008480072;96;4
N03;N03;Normal: Noite estável;Normal;Normal;0.050000007078051564;0.050000007078051564;R1_NORMAL;-1;-1;0;0;-1;-1;0;0.05000000819563866;0.035440701991319656;0.07994689792394638;96;4
N01;N01;Normal: Viagem tranquila em rodovia;Normal;Normal;0.050000007078051564;0.050000007078051564;R1_NORMAL;-1;-1;0;0;-1;-1;0;0.05000000819563866;0.03062816895544529;0.08859416097402573;96;4
C05;C05;Critico progressivo: Celular em rodovia;Critico;Critico;0.37302729636430737;0.37302729636430737;R2_STABLE_RISK;42;73;32;1;58;16;0;0.05000000819563866;0.31512489914894104;0.13651925325393677;96;4
N01;N01;Normal: Viagem tranquila em rodovia;Normal;Normal;0.050000007078051564;0.050000007078051564;R1_NORMAL;-1;-1;0;0;-1;-1;0;0.05000000819563866;0.03423723950982094;0.09858858585357666;96;4
C04;C04;Critico: Multiplas distracoes urbanas;Critico;Critico;0.3713889718055725;0.3713889718055725;R2_STABLE_RISK;22;45;24;0;24;2;0;0.05000000819563866;0.2038060426712036;0.11442112922668457;96;4
C06;C06;Critico progressivo: Fadiga noturna;Critico;Critico;0.4443778932094574;0.4443778932094574;R2_STABLE_RISK;36;81;46;1;59;23;0;0.05000000819563866;0.1572403609752655;0.10821855068206787;96;4
N03;N03;Normal: Noite estável;Normal;Normal;0.050000007078051564;0.050000007078051564;R2_STABLE_RISK;-1;-1;0;0;-1;-1;0;0.05000000819563866;0.03580206260085106;0.11257854849100113;96;4
C03;C03;Critico: Celular sem cinto sob chuva;Critico;Critico;0.3752959698438644;0.3752959698438644;R2_STABLE_RISK;26;41;16;0;28;2;0;0.05000000819563866;0.185160830616951;0.10541526228189468;96;4
C06;C06;Critico progressivo: Fadiga noturna;Critico;Critico;0.43017890900373457;0.43017890900373457;R3_FALSE_KIN;36;81;46;1;62;26;0;0.05000000819563866;0.1535087674856186;0.11424091458320618;96;4
N01;N01;Normal: Viagem tranquila em rodovia;Normal;Normal;0.050000007078051564;0.050000007078051564;R2_STABLE_RISK;-1;-1;0;0;-1;-1;0;0.05000000819563866;0.03533701226115227;0.0975891575217247;96;4
C07;C07;Critico progressivo: Sem cinto sob chuva;Critico;Critico;0.40669094771146774;0.40669094771146774;R2_STABLE_RISK;37;75;39;1;61;24;0;0.05000000819563866;0.37480223178863525;0.11072427034378052;96;4
C05;C05;Critico progressivo: Celular em rodovia;Critico;Critico;0.4691213816404342;0.4691213816404342;R1_NORMAL;42;73;32;1;59;17;1;0.3122994601726532;0.3125309646129608;0.12369129806756973;96;4
C01;C01;Critico: Celular em alta velocidade;Critico;Critico;0.29102678298950196;0.29102678298950196;R1_NORMAL;32;44;13;0;34;2;0;0.05000000819563866;0.1520054191350937;0.11088553816080093;96;4
N01;N01;Normal: Viagem tranquila em rodovia;Normal;Normal;0.050000007078051564;0.050000007078051564;R2_STABLE_RISK;-1;-1;0;0;-1;-1;0;0.05000000819563866;0.03090069629251957;0.08706527948379517;96;4
C04;C04;Critico: Multiplas distracoes urbanas;Critico;Critico;0.5687546551227569;0.5687546551227569;R1_NORMAL;22;45;24;0;24;2;1;0.2673555314540863;0.1983032375574112;0.16851799190044403;96;4
N01;N01;Normal: Viagem tranquila em rodovia;Normal;Normal;0.050000007078051564;0.050000007078051564;R2_STABLE_RISK;-1;-1;0;0;-1;-1;0;0.05000000819563866;0.030124783515930176;0.07040578126907349;96;4
N02;N02;Normal: Urbano moderado;Normal;Normal;0.050000007078051564;0.050000007078051564;R3_FALSE_KIN;-1;-1;0;0;-1;-1;0;0.05000000819563866;0.03328477218747139;0.08122996985912323;96;4
C04;C04;Critico: Multiplas distracoes urbanas;Critico;Critico;0.3713889718055725;0.3713889718055725;R1_NORMAL;22;45;24;0;24;2;0;0.05000000819563866;0.207174614071846;0.1271219104528427;96;4
C05;C05;Critico progressivo: Celular em rodovia;Critico;Critico;0.3708970665931701;0.3708970665931701;R2_STABLE_RISK;42;73;32;1;58;16;0;0.05000000819563866;0.3202560842037201;0.11224208027124405;96;4
N01;N01;Normal: Viagem tranquila em rodovia;Normal;Normal;0.050000007078051564;0.050000007078051564;R1_NORMAL;-1;-1;0;0;-1;-1;0;0.05000000819563866;0.031064463779330254;0.08993643522262573;96;4
C06;C06;Critico progressivo: Fadiga noturna;Critico;Critico;0.4670139759778976;0.4670139759778976;R1_NORMAL;36;81;46;1;55;19;0;0.05000000819563866;0.16180729866027832;0.13857389986515045;96;4
C06;C06;Critico progressivo: Fadiga noturna;Critico;Critico;0.4674458414316177;0.4674458414316177;R1_NORMAL;36;81;46;1;56;20;1;0.3505493700504303;0.1611858457326889;0.12989486753940582;96;4
N03;N03;Normal: Noite estável;Normal;Normal;0.050000007078051564;0.050000007078051564;R2_STABLE_RISK;-1;-1;0;0;-1;-1;0;0.05000000819563866;0.0345216803252697;0.09337084740400314;96;4
C06;C06;Critico progressivo: Fadiga noturna;Critico;Critico;0.44167598336935043;0.44167598336935043;R2_STABLE_RISK;36;81;46;1;62;26;0;0.05000000819563866;0.1540021300315857;0.12351900339126587;96;4
C10;C10;Critico progressivo: Grooming em rodovia com fadiga;Critico;Critico;0.4300978675484657;0.4300978675484657;R1_NORMAL;40;81;42;1;63;23;0;0.05000000819563866;0.20394723117351532;0.13496321439743042;96;4
C08;C08;Critico progressivo: Distracao urbana multietapas;Critico;Critico;0.4262333631515503;0.4262333631515503;R1_NORMAL;28;77;50;1;58;30;0;0.05000000819563866;0.3128221035003662;0.13522455096244812;96;4
N02;N02;Normal: Urbano moderado;Normal;Normal;0.050000007078051564;0.050000007078051564;R2_STABLE_RISK;-1;-1;0;0;-1;-1;0;0.05000000819563866;0.03571775183081627;0.13567660748958588;96;4
C06;C06;Critico progressivo: Fadiga noturna;Critico;Critico;0.5010667920112609;0.5010667920112609;R1_NORMAL;36;81;46;1;60;24;1;0.340239554643631;0.1551772505044937;0.1202794685959816;96;4
C04;C04;Critico: Multiplas distracoes urbanas;Critico;Critico;0.3713889718055725;0.3713889718055725;R2_STABLE_RISK;22;45;24;0;24;2;0;0.05000000819563866;0.20329777896404266;0.15781943500041962;96;4
C02;C02;Critico: Fadiga com desvio cinematico;Critico;Critico;0.6080146819353103;0.6080146819353103;R3_FALSE_KIN;29;50;22;0;32;3;1;0.28439024090766907;0.10198774188756943;0.14969436824321747;96;4
C02;C02;Critico: Fadiga com desvio cinematico;Critico;Critico;0.39378328174352645;0.39378328174352645;R3_FALSE_KIN;29;50;22;0;32;3;0;0.05000000819563866;0.09500173479318619;0.1416890174150467;96;4
N02;N02;Normal: Urbano moderado;Normal;Normal;0.050000007078051564;0.050000007078051564;R1_NORMAL;-1;-1;0;0;-1;-1;0;0.05000000819563866;0.029020914807915688;0.13029152154922485;96;4
C02;C02;Critico: Fadiga com desvio cinematico;Critico;Critico;0.39378328174352645;0.39378328174352645;R2_STABLE_RISK;29;50;22;0;32;3;0;0.05000000819563866;0.09162495285272598;0.10729069262742996;96;4
C01;C01;Critico: Celular em alta velocidade;Critico;Critico;0.29102678298950196;0.29102678298950196;R3_FALSE_KIN;32;44;13;0;34;2;0;0.05000000819563866;0.14649347960948944;0.11596441268920898;96;4
C09;C09;Critico progressivo: Bebida ao volante;Critico;Critico;0.48386580944061275;0.48386580944061275;R1_NORMAL;38;73;36;1;56;18;1;0.25790610909461975;0.24870245158672333;0.17603044211864471;96;4
N02;N02;Normal: Urbano moderado;Normal;Normal;0.050000007078051564;0.050000007078051564;R2_STABLE_RISK;-1;-1;0;0;-1;-1;0;0.05000000819563866;0.030599715188145638;0.1184946820139885;96;4
C10;C10;Critico progressivo: Grooming em rodovia com fadiga;Critico;Critico;0.3823990985751152;0.3823990985751152;R1_NORMAL;40;81;42;1;63;23;0;0.05000000819563866;0.19584763050079346;0.10088721662759781;96;4
C07;C07;Critico progressivo: Sem cinto sob chuva;Critico;Critico;0.49065299630165093;0.49065299630165093;R1_NORMAL;37;75;39;1;57;20;1;0.29828566312789917;0.3845101296901703;0.14038987457752228;96;4
C04;C04;Critico: Multiplas distracoes urbanas;Critico;Critico;0.3713889718055725;0.3713889718055725;R1_NORMAL;22;45;24;0;24;2;0;0.05000000819563866;0.20110656321048737;0.12615767121315002;96;4
C06;C06;Critico progressivo: Fadiga noturna;Critico;Critico;0.47809931039810183;0.47809931039810183;R2_STABLE_RISK;36;81;46;1;62;26;1;0.36864086985588074;0.15831239521503448;0.16566042602062225;96;4
C07;C07;Critico progressivo: Sem cinto sob chuva;Critico;Critico;0.483729475736618;0.483729475736618;R1_NORMAL;37;75;39;1;58;21;1;0.29136303067207336;0.38436928391456604;0.15589869022369385;96;4
C03;C03;Critico: Celular sem cinto sob chuva;Critico;Critico;0.6147773504257201;0.6147773504257201;R1_NORMAL;26;41;16;0;28;2;1;0.22302895784378052;0.18929265439510345;0.1819167286157608;96;4
N01;N01;Normal: Viagem tranquila em rodovia;Normal;Normal;0.050000007078051564;0.050000007078051564;R1_NORMAL;-1;-1;0;0;-1;-1;0;0.05000000819563866;0.029877305030822754;0.10685035586357117;96;4
C03;C03;Critico: Celular sem cinto sob chuva;Critico;Critico;0.3752959698438644;0.3752959698438644;R1_NORMAL;26;41;16;0;28;2;0;0.05000000819563866;0.18494592607021332;0.12530820071697235;96;4
C02;C02;Critico: Fadiga com desvio cinematico;Critico;Critico;0.5949008166790009;0.5949008166790009;R2_STABLE_RISK;29;50;22;0;32;3;1;0.23185217380523682;0.0938597097992897;0.19304680824279785;96;4
C01;C01;Critico: Celular em alta velocidade;Critico;Critico;0.5360545516014099;0.5360545516014099;R1_NORMAL;32;44;13;0;34;2;1;0.264972984790802;0.1540151834487915;0.18817996978759766;96;4
C07;C07;Critico progressivo: Sem cinto sob chuva;Critico;Critico;0.47003259956836696;0.47003259956836696;R2_STABLE_RISK;37;75;39;1;58;21;1;0.2975476384162903;0.37911495566368103;0.1603858321905136;96;4
N01;N01;Normal: Viagem tranquila em rodovia;Normal;Normal;0.050000007078051564;0.050000007078051564;R2_STABLE_RISK;-1;-1;0;0;-1;-1;0;0.05000000819563866;0.03186025470495224;0.10037463903427124;96;4
C07;C07;Critico progressivo: Sem cinto sob chuva;Critico;Critico;0.4868247419595718;0.4868247419595718;R1_NORMAL;37;75;39;1;58;21;1;0.26228776574134827;0.38304510712623596;0.1607065498828888;96;4
C06;C06;Critico progressivo: Fadiga noturna;Critico;Critico;0.4259102031588554;0.4259102031588554;R1_NORMAL;36;81;46;1;61;25;0;0.05000000819563866;0.14613479375839233;0.10707499831914902;96;4
C01;C01;Critico: Celular em alta velocidade;Critico;Critico;0.29102678298950196;0.29102678298950196;R1_NORMAL;32;44;13;0;34;2;0;0.05000000819563866;0.1499265432357788;0.1424228698015213;96;4
C04;C04;Critico: Multiplas distracoes urbanas;Critico;Critico;0.3713889718055725;0.3713889718055725;R1_NORMAL;22;45;24;0;24;2;0;0.05000000819563866;0.2011372447013855;0.10690698772668839;96;4
C09;C09;Critico progressivo: Bebida ao volante;Critico;Critico;0.37769297808408736;0.37769297808408736;R1_NORMAL;38;73;36;1;56;18;0;0.05000000819563866;0.2495029717683792;0.12284919619560242;96;4
C07;C07;Critico progressivo: Sem cinto sob chuva;Critico;Critico;0.4063267305493355;0.4063267305493355;R1_NORMAL;37;75;39;1;61;24;0;0.05000000819563866;0.3754918575286865;0.13773633539676666;96;4
C08;C08;Critico progressivo: Distracao urbana multietapas;Critico;Critico;0.47846581339836114;0.47846581339836114;R2_STABLE_RISK;28;77;50;1;57;29;1;0.3017784357070923;0.3151344954967499;0.14066733419895172;96;4
C02;C02;Critico: Fadiga com desvio cinematico;Critico;Critico;0.39378328174352645;0.39378328174352645;R1_NORMAL;29;50;22;0;32;3;0;0.05000000819563866;0.10123640298843384;0.17292146384716034;96;4
N03;N03;Normal: Noite estável;Normal;Normal;0.050000007078051564;0.050000007078051564;R1_NORMAL;-1;-1;0;0;-1;-1;0;0.05000000819563866;0.03306972607970238;0.09248322248458862;96;4
C01;C01;Critico: Celular em alta velocidade;Critico;Critico;0.29102678298950196;0.29102678298950196;R1_NORMAL;32;44;13;0;34;2;0;0.05000000819563866;0.15108714997768402;0.13622136414051056;96;4
C09;C09;Critico progressivo: Bebida ao volante;Critico;Critico;0.4131994530558586;0.4131994530558586;R1_NORMAL;38;73;36;1;58;20;0;0.05000000819563866;0.24878640472888947;0.12915033102035522;96;4
C04;C04;Critico: Multiplas distracoes urbanas;Critico;Critico;0.3713889718055725;0.3713889718055725;R1_NORMAL;22;45;24;0;24;2;0;0.05000000819563866;0.2032995969057083;0.13448601961135864;96;4
N03;N03;Normal: Noite estável;Normal;Normal;0.050000007078051564;0.050000007078051564;R2_STABLE_RISK;-1;-1;0;0;-1;-1;0;0.05000000819563866;0.03462548181414604;0.10659591108560562;96;4
C09;C09;Critico progressivo: Bebida ao volante;Critico;Critico;0.37780306339263914;0.37780306339263914;R1_NORMAL;38;73;36;1;57;19;0;0.05000000819563866;0.2459472417831421;0.12484902143478394;96;4
C08;C08;Critico progressivo: Distracao urbana multietapas;Critico;Critico;0.4249563694000244;0.4249563694000244;R3_FALSE_KIN;28;77;50;1;56;28;0;0.05000000819563866;0.32027068734169006;0.12250108271837234;96;4
C06;C06;Critico progressivo: Fadiga noturna;Critico;Critico;0.4248464867472649;0.4248464867472649;R2_STABLE_RISK;36;81;46;1;62;26;0;0.05000000819563866;0.15242062509059906;0.11135784536600113;96;4
C05;C05;Critico progressivo: Celular em rodovia;Critico;Critico;0.36729680746793747;0.36729680746793747;R3_FALSE_KIN;42;73;32;1;61;19;0;0.05000000819563866;0.3115408420562744;0.13898026943206787;96;4
C07;C07;Critico progressivo: Sem cinto sob chuva;Critico;Critico;0.3958017602562904;0.3958017602562904;R1_NORMAL;37;75;39;1;56;19;0;0.05000000819563866;0.3750856816768646;0.15704385936260223;96;4
C01;C01;Critico: Celular em alta velocidade;Critico;Critico;0.29102678298950196;0.29102678298950196;R1_NORMAL;32;44;13;0;34;2;0;0.05000000819563866;0.16092941164970398;0.10998335480690002;96;4
C05;C05;Critico progressivo: Celular em rodovia;Critico;Critico;0.4032174423336983;0.4032174423336983;R3_FALSE_KIN;42;73;32;1;60;18;0;0.05000000819563866;0.32005825638771057;0.19555820524692535;96;4
C08;C08;Critico progressivo: Distracao urbana multietapas;Critico;Critico;0.42178718894720074;0.42178718894720074;R2_STABLE_RISK;28;77;50;1;58;30;0;0.05000000819563866;0.30534830689430237;0.15040156245231628;96;4
C01;C01;Critico: Celular em alta velocidade;Critico;Critico;0.29102678298950196;0.29102678298950196;R1_NORMAL;32;44;13;0;34;2;0;0.05000000819563866;0.15938320755958557;0.0988067165017128;96;4
C05;C05;Critico progressivo: Celular em rodovia;Critico;Critico;0.3745386019349098;0.3745386019349098;R2_STABLE_RISK;42;73;32;1;58;16;0;0.05000000819563866;0.32236436009407043;0.1321786642074585;96;4
C07;C07;Critico progressivo: Sem cinto sob chuva;Critico;Critico;0.45899834036827086;0.45899834036827086;R1_NORMAL;37;75;39;1;61;24;1;0.25563523173332214;0.3765064775943756;0.162838876247406;96;4
C01;C01;Critico: Celular em alta velocidade;Critico;Critico;0.29102678298950196;0.29102678298950196;R1_NORMAL;32;44;13;0;34;2;0;0.05000000819563866;0.15879832208156586;0.12852096557617188;96;4
C04;C04;Critico: Multiplas distracoes urbanas;Critico;Critico;0.5770044177770615;0.5770044177770615;R2_STABLE_RISK;22;45;24;0;24;2;1;0.2599724233150482;0.20268692076206207;0.19389654695987701;96;4
N03;N03;Normal: Noite estável;Normal;Normal;0.050000007078051564;0.050000007078051564;R2_STABLE_RISK;-1;-1;0;0;-1;-1;0;0.05000000819563866;0.03909766674041748;0.09919830411672592;96;4
C01;C01;Critico: Celular em alta velocidade;Critico;Critico;0.5240951180458069;0.5240951180458069;R1_NORMAL;32;44;13;0;34;2;1;0.25159966945648193;0.15300655364990234;0.1628129780292511;96;4
C09;C09;Critico progressivo: Bebida ao volante;Critico;Critico;0.3732048273086548;0.3732048273086548;R2_STABLE_RISK;38;73;36;1;59;21;0;0.05000000819563866;0.24378623068332672;0.13382796943187714;96;4
C04;C04;Critico: Multiplas distracoes urbanas;Critico;Critico;0.3713889718055725;0.3713889718055725;R3_FALSE_KIN;22;45;24;0;24;2;0;0.05000000819563866;0.1969074159860611;0.1054907739162445;96;4
C04;C04;Critico: Multiplas distracoes urbanas;Critico;Critico;0.3713889718055725;0.3713889718055725;R1_NORMAL;22;45;24;0;24;2;0;0.05000000819563866;0.20084549486637115;0.1202876940369606;96;4
C09;C09;Critico progressivo: Bebida ao volante;Critico;Critico;0.4754500925540924;0.4754500925540924;R1_NORMAL;38;73;36;1;57;19;1;0.2814863920211792;0.2525582015514374;0.14310897886753082;96;4
C03;C03;Critico: Celular sem cinto sob chuva;Critico;Critico;0.3752959698438644;0.3752959698438644;R2_STABLE_RISK;26;41;16;0;28;2;0;0.05000000819563866;0.18402892351150513;0.1692562699317932;96;4
C06;C06;Critico progressivo: Fadiga noturna;Critico;Critico;0.44230149239301675;0.44230149239301675;R2_STABLE_RISK;36;81;46;1;59;23;0;0.05000000819563866;0.16025860607624054;0.1242348775267601;96;4
N03;N03;Normal: Noite estável;Normal;Normal;0.050000007078051564;0.050000007078051564;R3_FALSE_KIN;-1;-1;0;0;-1;-1;0;0.05000000819563866;0.026314958930015564;0.10885512828826904;96;4
N02;N02;Normal: Urbano moderado;Normal;Normal;0.050000007078051564;0.050000007078051564;R2_STABLE_RISK;-1;-1;0;0;-1;-1;0;0.05000000819563866;0.02646348811686039;0.0888059139251709;96;4
C09;C09;Critico progressivo: Bebida ao volante;Critico;Critico;0.39660707116127014;0.39660707116127014;R1_NORMAL;38;73;36;1;60;22;0;0.05000000819563866;0.24435587227344513;0.15268923342227936;96;4
C04;C04;Critico: Multiplas distracoes urbanas;Critico;Critico;0.3713889718055725;0.3713889718055725;R1_NORMAL;22;45;24;0;24;2;0;0.05000000819563866;0.2041163295507431;0.11978503316640854;96;4
C07;C07;Critico progressivo: Sem cinto sob chuva;Critico;Critico;0.46634877324104307;0.46634877324104307;R1_NORMAL;37;75;39;1;59;22;1;0.2679595649242401;0.37648263573646545;0.1495686173439026;96;4
C03;C03;Critico: Celular sem cinto sob chuva;Critico;Critico;0.6178257375955581;0.6178257375955581;R2_STABLE_RISK;26;41;16;0;28;2;1;0.23504327237606049;0.18577595055103302;0.16049207746982574;96;4
C04;C04;Critico: Multiplas distracoes urbanas;Critico;Critico;0.3713889718055725;0.3713889718055725;R1_NORMAL;22;45;24;0;24;2;0;0.05000000819563866;0.20014916360378265;0.1430199295282364;96;4
C03;C03;Critico: Celular sem cinto sob chuva;Critico;Critico;0.3752959698438644;0.3752959698438644;R2_STABLE_RISK;26;41;16;0;28;2;0;0.05000000819563866;0.18657100200653076;0.10779676586389542;96;4
C08;C08;Critico progressivo: Distracao urbana multietapas;Critico;Critico;0.44722996056079867;0.44722996056079867;R1_NORMAL;28;77;50;1;55;27;0;0.05000000819563866;0.3190825283527374;0.14780372381210327;96;4
C09;C09;Critico progressivo: Bebida ao volante;Critico;Critico;0.3847271576523781;0.3847271576523781;R1_NORMAL;38;73;36;1;58;20;0;0.05000000819563866;0.24949462711811066;0.14029164612293243;96;4
C03;C03;Critico: Celular sem cinto sob chuva;Critico;Critico;0.3752959698438644;0.3752959698438644;R2_STABLE_RISK;26;41;16;0;28;2;0;0.05000000819563866;0.17929917573928833;0.12833593785762787;96;4
C05;C05;Critico progressivo: Celular em rodovia;Critico;Critico;0.37023010998964306;0.37023010998964306;R1_NORMAL;42;73;32;1;61;19;0;0.05000000819563866;0.31309911608695984;0.1325378566980362;96;4
C02;C02;Critico: Fadiga com desvio cinematico;Critico;Critico;0.39378328174352645;0.39378328174352645;R1_NORMAL;29;50;22;0;32;3;0;0.05000000819563866;0.09238251298666;0.15955761075019836;96;4
C01;C01;Critico: Celular em alta velocidade;Critico;Critico;0.29102678298950196;0.29102678298950196;R1_NORMAL;32;44;13;0;34;2;0;0.05000000819563866;0.1522665172815323;0.1346636563539505;96;4
N02;N02;Normal: Urbano moderado;Normal;Normal;0.050000007078051564;0.050000007078051564;R2_STABLE_RISK;-1;-1;0;0;-1;-1;0;0.05000000819563866;0.031671371310949326;0.07581926137208939;96;4
C02;C02;Critico: Fadiga com desvio cinematico;Critico;Critico;0.39378328174352645;0.39378328174352645;R2_STABLE_RISK;29;50;22;0;32;3;0;0.05000000819563866;0.09716462343931198;0.12392167001962662;96;4
C08;C08;Critico progressivo: Distracao urbana multietapas;Critico;Critico;0.46625167429447173;0.46625167429447173;R1_NORMAL;28;77;50;1;52;24;0;0.05000000819563866;0.3217977285385132;0.16848696768283844;96;4
C05;C05;Critico progressivo: Celular em rodovia;Critico;Critico;0.4462582498788833;0.4462582498788833;R3_FALSE_KIN;42;73;32;1;59;17;1;0.2967335879802704;0.31377679109573364;0.1519833356142044;96;4
C10;C10;Critico progressivo: Grooming em rodovia com fadiga;Critico;Critico;0.40356279462575906;0.40356279462575906;R2_STABLE_RISK;40;81;42;1;59;19;0;0.05000000819563866;0.19848424196243286;0.14368830621242523;96;4
C06;C06;Critico progressivo: Fadiga noturna;Critico;Critico;0.42977095395326614;0.42977095395326614;R3_FALSE_KIN;36;81;46;1;59;23;0;0.05000000819563866;0.16253671050071716;0.08104679733514786;96;4
C06;C06;Critico progressivo: Fadiga noturna;Critico;Critico;0.4630215853452682;0.4630215853452682;R2_STABLE_RISK;36;81;46;1;62;26;1;0.30914387106895447;0.16004639863967896;0.1548233926296234;96;4
C10;C10;Critico progressivo: Grooming em rodovia com fadiga;Critico;Critico;0.42983152717351913;0.42983152717351913;R1_NORMAL;40;81;42;1;62;22;0;0.05000000819563866;0.19993503391742706;0.07102654129266739;96;4
C05;C05;Critico progressivo: Celular em rodovia;Critico;Critico;0.37672176957130427;0.37672176957130427;R3_FALSE_KIN;42;73;32;1;60;18;0;0.05000000819563866;0.3140750229358673;0.16189344227313995;96;4
C10;C10;Critico progressivo: Grooming em rodovia com fadiga;Critico;Critico;0.43129163533449166;0.43129163533449166;R2_STABLE_RISK;40;81;42;1;60;20;0;0.05000000819563866;0.20309799909591675;0.13409750163555145;96;4
C10;C10;Critico progressivo: Grooming em rodovia com fadiga;Critico;Critico;0.4239907056093216;0.4239907056093216;R2_STABLE_RISK;40;81;42;1;66;26;1;0.30163440108299255;0.19060146808624268;0.09766346961259842;96;4
N03;N03;Normal: Noite estável;Normal;Normal;0.050000007078051564;0.050000007078051564;R2_STABLE_RISK;-1;-1;0;0;-1;-1;0;0.05000000819563866;0.03428342565894127;0.0831078365445137;96;4
C08;C08;Critico progressivo: Distracao urbana multietapas;Critico;Critico;0.45839081108570096;0.45839081108570096;R1_NORMAL;28;77;50;1;53;25;0;0.05000000819563866;0.3204089105129242;0.20236986875534058;96;4
C08;C08;Critico progressivo: Distracao urbana multietapas;Critico;Critico;0.4376760572195053;0.4376760572195053;R1_NORMAL;28;77;50;1;54;26;0;0.05000000819563866;0.3187027871608734;0.1781652420759201;96;4
C02;C02;Critico: Fadiga com desvio cinematico;Critico;Critico;0.39378328174352645;0.39378328174352645;R1_NORMAL;29;50;22;0;32;3;0;0.05000000819563866;0.09752046316862106;0.11084870249032974;96;4
C03;C03;Critico: Celular sem cinto sob chuva;Critico;Critico;0.3752959698438644;0.3752959698438644;R2_STABLE_RISK;26;41;16;0;28;2;0;0.05000000819563866;0.19845332205295563;0.11526086181402206;96;4
C05;C05;Critico progressivo: Celular em rodovia;Critico;Critico;0.45454824566841123;0.45454824566841123;R1_NORMAL;42;73;32;1;57;15;1;0.23052217066287994;0.3242974281311035;0.19190700352191925;96;4
C08;C08;Critico progressivo: Distracao urbana multietapas;Critico;Critico;0.4098937854170799;0.4098937854170799;R2_STABLE_RISK;28;77;50;1;59;31;0;0.05000000819563866;0.307254433631897;0.17479650676250458;96;4
C10;C10;Critico progressivo: Grooming em rodovia com fadiga;Critico;Critico;0.44304152578115463;0.44304152578115463;R2_STABLE_RISK;40;81;42;1;61;21;0;0.05000000819563866;0.20560352504253387;0.1157132163643837;96;4
N03;N03;Normal: Noite estável;Normal;Normal;0.050000007078051564;0.050000007078051564;R2_STABLE_RISK;-1;-1;0;0;-1;-1;0;0.05000000819563866;0.02891293354332447;0.11640480160713196;96;4
N03;N03;Normal: Noite estável;Normal;Normal;0.050000007078051564;0.050000007078051564;R2_STABLE_RISK;-1;-1;0;0;-1;-1;0;0.05000000819563866;0.04043138399720192;0.09666279703378677;96;4
N02;N02;Normal: Urbano moderado;Normal;Normal;0.050000007078051564;0.050000007078051564;R1_NORMAL;-1;-1;0;0;-1;-1;0;0.05000000819563866;0.03128938004374504;0.08508525043725967;96;4
C06;C06;Critico progressivo: Fadiga noturna;Critico;Critico;0.42095131725072854;0.42095131725072854;R2_STABLE_RISK;36;81;46;1;61;25;0;0.05000000819563866;0.15737561881542206;0.10796302556991577;96;4
C05;C05;Critico progressivo: Celular em rodovia;Critico;Critico;0.4758578926324844;0.4758578926324844;R1_NORMAL;42;73;32;1;60;18;1;0.2620171308517456;0.31726744771003723;0.15315371751785278;96;4
N03;N03;Normal: Noite estável;Normal;Normal;0.050000007078051564;0.050000007078051564;R2_STABLE_RISK;-1;-1;0;0;-1;-1;0;0.05000000819563866;0.032026153057813644;0.0987476333975792;96;4
C07;C07;Critico progressivo: Sem cinto sob chuva;Critico;Critico;0.41295389980077746;0.41295389980077746;R2_STABLE_RISK;37;75;39;1;59;22;0;0.05000000819563866;0.380624920129776;0.15151812136173248;96;4
C04;C04;Critico: Multiplas distracoes urbanas;Critico;Critico;0.3713889718055725;0.3713889718055725;R1_NORMAL;22;45;24;0;24;2;0;0.05000000819563866;0.20173054933547974;0.10498911142349243;96;4
C01;C01;Critico: Celular em alta velocidade;Critico;Critico;0.29102678298950196;0.29102678298950196;R1_NORMAL;32;44;13;0;34;2;0;0.05000000819563866;0.14733615517616272;0.14739596843719482;96;4
N03;N03;Normal: Noite estável;Normal;Normal;0.050000007078051564;0.050000007078051564;R3_FALSE_KIN;-1;-1;0;0;-1;-1;0;0.05000000819563866;0.03320777043700218;0.12610720098018646;96;4
C06;C06;Critico progressivo: Fadiga noturna;Critico;Critico;0.4863280147314072;0.4863280147314072;R1_NORMAL;36;81;46;1;58;22;1;0.32461389899253845;0.16222400963306427;0.11322566866874695;96;4
C01;C01;Critico: Celular em alta velocidade;Critico;Critico;0.29102678298950196;0.29102678298950196;R1_NORMAL;32;44;13;0;34;2;0;0.05000000819563866;0.15243934094905853;0.13214249908924103;96;4
N01;N01;Normal: Viagem tranquila em rodovia;Normal;Normal;0.050000007078051564;0.050000007078051564;R1_NORMAL;-1;-1;0;0;-1;-1;0;0.05000000819563866;0.0344281829893589;0.10393747687339783;96;4
C05;C05;Critico progressivo: Celular em rodovia;Critico;Critico;0.44800484776496885;0.44800484776496885;R1_NORMAL;42;73;32;1;61;19;1;0.22933758795261383;0.3085555136203766;0.18195879459381104;96;4
C03;C03;Critico: Celular sem cinto sob chuva;Critico;Critico;0.3752959698438644;0.3752959698438644;R2_STABLE_RISK;26;41;16;0;28;2;0;0.05000000819563866;0.19108033180236816;0.10302218049764633;96;4
C04;C04;Critico: Multiplas distracoes urbanas;Critico;Critico;0.3713889718055725;0.3713889718055725;R1_NORMAL;22;45;24;0;24;2;0;0.05000000819563866;0.19824297726154327;0.13958851993083954;96;4
C09;C09;Critico progressivo: Bebida ao volante;Critico;Critico;0.373425181210041;0.373425181210041;R2_STABLE_RISK;38;73;36;1;61;23;0;0.05000000819563866;0.24830113351345062;0.10918992757797241;96;4
C08;C08;Critico progressivo: Distracao urbana multietapas;Critico;Critico;0.44063242524862284;0.44063242524862284;R2_STABLE_RISK;28;77;50;1;59;31;0;0.05000000819563866;0.3107880651950836;0.15200753509998322;96;4
C08;C08;Critico progressivo: Distracao urbana multietapas;Critico;Critico;0.532116064429283;0.532116064429283;R1_NORMAL;28;77;50;1;49;21;1;0.31449654698371887;0.317282497882843;0.14194491505622864;96;4
C07;C07;Critico progressivo: Sem cinto sob chuva;Critico;Critico;0.4202183529734611;0.4202183529734611;R1_NORMAL;37;75;39;1;58;21;0;0.05000000819563866;0.37560996413230896;0.15059669315814972;96;4
N02;N02;Normal: Urbano moderado;Normal;Normal;0.050000007078051564;0.050000007078051564;R3_FALSE_KIN;-1;-1;0;0;-1;-1;0;0.05000000819563866;0.032767634838819504;0.11637214571237564;96;4
C08;C08;Critico progressivo: Distracao urbana multietapas;Critico;Critico;0.4086255505681038;0.4086255505681038;R2_STABLE_RISK;28;77;50;1;59;31;0;0.05000000819563866;0.30711257457733154;0.11680158972740173;96;4
C05;C05;Critico progressivo: Celular em rodovia;Critico;Critico;0.4499313324689865;0.4499313324689865;R3_FALSE_KIN;42;73;32;1;57;15;1;0.27090346813201904;0.3191530704498291;0.13562460243701935;96;4
N01;N01;Normal: Viagem tranquila em rodovia;Normal;Normal;0.050000007078051564;0.050000007078051564;R2_STABLE_RISK;-1;-1;0;0;-1;-1;0;0.05000000819563866;0.04237901046872139;0.07901830226182938;96;4
C02;C02;Critico: Fadiga com desvio cinematico;Critico;Critico;0.39378328174352645;0.39378328174352645;R3_FALSE_KIN;29;50;22;0;32;3;0;0.05000000819563866;0.10890704393386841;0.11572897434234619;96;4
C06;C06;Critico progressivo: Fadiga noturna;Critico;Critico;0.48119129836559293;0.48119129836559293;R2_STABLE_RISK;36;81;46;1;65;29;1;0.30785518884658813;0.15161751210689545;0.10659515112638474;96;4
C10;C10;Critico progressivo: Grooming em rodovia com fadiga;Critico;Critico;0.4087266907095909;0.4087266907095909;R1_NORMAL;40;81;42;1;62;22;0;0.05000000819563866;0.19293445348739624;0.08514837175607681;96;4
N01;N01;Normal: Viagem tranquila em rodovia;Normal;Normal;0.050000007078051564;0.050000007078051564;R2_STABLE_RISK;-1;-1;0;0;-1;-1;0;0.05000000819563866;0.03163304552435875;0.11561626940965652;96;4
C10;C10;Critico progressivo: Grooming em rodovia com fadiga;Critico;Critico;0.4183975756168365;0.4183975756168365;R1_NORMAL;40;81;42;1;60;20;0;0.05000000819563866;0.20529596507549286;0.12236044555902481;96;4
C09;C09;Critico progressivo: Bebida ao volante;Critico;Critico;0.3925899550318718;0.3925899550318718;R2_STABLE_RISK;38;73;36;1;58;20;0;0.05000000819563866;0.25243470072746277;0.12013926357030869;96;4
C09;C09;Critico progressivo: Bebida ao volante;Critico;Critico;0.4780181795358658;0.4780181795358658;R1_NORMAL;38;73;36;1;56;18;1;0.29686519503593445;0.2535405158996582;0.17895354330539703;96;4
C08;C08;Critico progressivo: Distracao urbana multietapas;Critico;Critico;0.42374668419361117;0.42374668419361117;R1_NORMAL;28;77;50;1;50;22;0;0.05000000819563866;0.3215812146663666;0.14506421983242035;96;4
C04;C04;Critico: Multiplas distracoes urbanas;Critico;Critico;0.571265172958374;0.571265172958374;R2_STABLE_RISK;22;45;24;0;24;2;1;0.23176074028015137;0.20494358241558075;0.1441686600446701;96;4
N03;N03;Normal: Noite estável;Normal;Normal;0.050000007078051564;0.050000007078051564;R2_STABLE_RISK;-1;-1;0;0;-1;-1;0;0.05000000819563866;0.03752007707953453;0.10561347007751465;96;4
N03;N03;Normal: Noite estável;Normal;Normal;0.050000007078051564;0.050000007078051564;R1_NORMAL;-1;-1;0;0;-1;-1;0;0.05000000819563866;0.033070530742406845;0.09241501241922379;96;4
N03;N03;Normal: Noite estável;Normal;Normal;0.050000007078051564;0.050000007078051564;R1_NORMAL;-1;-1;0;0;-1;-1;0;0.05000000819563866;0.03133680671453476;0.14665035903453827;96;4
C03;C03;Critico: Celular sem cinto sob chuva;Critico;Critico;0.3752959698438644;0.3752959698438644;R1_NORMAL;26;41;16;0;28;2;0;0.05000000819563866;0.18430955708026886;0.12189561128616333;96;4
C09;C09;Critico progressivo: Bebida ao volante;Critico;Critico;0.4829740673303604;0.4829740673303604;R1_NORMAL;38;73;36;1;59;21;1;0.31461480259895325;0.2562841475009918;0.14055834710597992;96;4
C10;C10;Critico progressivo: Grooming em rodovia com fadiga;Critico;Critico;0.38787177205085754;0.38787177205085754;R1_NORMAL;40;81;42;1;66;26;0;0.05000000819563866;0.2017919272184372;0.09069264680147171;96;4
C05;C05;Critico progressivo: Celular em rodovia;Critico;Critico;0.3720123752951622;0.3720123752951622;R1_NORMAL;42;73;32;1;59;17;0;0.05000000819563866;0.3128259479999542;0.1322556734085083;96;4
C02;C02;Critico: Fadiga com desvio cinematico;Critico;Critico;0.5887855559587478;0.5887855559587478;R2_STABLE_RISK;29;50;22;0;32;3;1;0.18845818936824799;0.10105004906654358;0.17423255741596222;96;4
C02;C02;Critico: Fadiga com desvio cinematico;Critico;Critico;0.39378328174352645;0.39378328174352645;R1_NORMAL;29;50;22;0;32;3;0;0.05000000819563866;0.09873887151479721;0.14365975558757782;96;4
C05;C05;Critico progressivo: Celular em rodovia;Critico;Critico;0.4874028831720352;0.4874028831720352;R1_NORMAL;42;73;32;1;61;19;1;0.2700307071208954;0.3212389051914215;0.12252195924520493;96;4
C03;C03;Critico: Celular sem cinto sob chuva;Critico;Critico;0.6099477976560592;0.6099477976560592;R1_NORMAL;26;41;16;0;28;2;1;0.27662885189056396;0.1912173628807068;0.22515344619750977;96;4
C08;C08;Critico progressivo: Distracao urbana multietapas;Critico;Critico;0.44547454118728635;0.44547454118728635;R2_STABLE_RISK;28;77;50;1;57;29;0;0.05000000819563866;0.3088884949684143;0.159242644906044;96;4
N02;N02;Normal: Urbano moderado;Normal;Normal;0.050000007078051564;0.050000007078051564;R1_NORMAL;-1;-1;0;0;-1;-1;0;0.05000000819563866;0.03188299760222435;0.11171843856573105;96;4
N01;N01;Normal: Viagem tranquila em rodovia;Normal;Normal;0.050000007078051564;0.050000007078051564;R2_STABLE_RISK;-1;-1;0;0;-1;-1;0;0.05000000819563866;0.0327579565346241;0.11374349147081375;96;4
C10;C10;Critico progressivo: Grooming em rodovia com fadiga;Critico;Critico;0.43132586032152176;0.43132586032152176;R3_FALSE_KIN;40;81;42;1;62;22;0;0.05000000819563866;0.20000354945659637;0.1061955988407135;96;4
C01;C01;Critico: Celular em alta velocidade;Critico;Critico;0.29102678298950196;0.29102678298950196;R3_FALSE_KIN;32;44;13;0;34;2;0;0.05000000819563866;0.15102820098400116;0.10884783416986465;96;4
C05;C05;Critico progressivo: Celular em rodovia;Critico;Critico;0.3802398160099983;0.3802398160099983;R2_STABLE_RISK;42;73;32;1;58;16;0;0.05000000819563866;0.31922805309295654;0.1272079348564148;96;4
C08;C08;Critico progressivo: Distracao urbana multietapas;Critico;Critico;0.48954719603061675;0.48954719603061675;R1_NORMAL;28;77;50;1;55;27;1;0.2832854986190796;0.3137205243110657;0.17709942162036896;96;4
C03;C03;Critico: Celular sem cinto sob chuva;Critico;Critico;0.3752959698438644;0.3752959698438644;R1_NORMAL;26;41;16;0;28;2;0;0.05000000819563866;0.191514253616333;0.1301804780960083;96;4
C08;C08;Critico progressivo: Distracao urbana multietapas;Critico;Critico;0.4840865433216095;0.4840865433216095;R2_STABLE_RISK;28;77;50;1;48;20;0;0.05000000819563866;0.32155609130859375;0.15958330035209656;96;4
C10;C10;Critico progressivo: Grooming em rodovia com fadiga;Critico;Critico;0.4292998135089874;0.4292998135089874;R1_NORMAL;40;81;42;1;66;26;1;0.29813000559806824;0.20029012858867645;0.151728093624115;96;4
C01;C01;Critico: Celular em alta velocidade;Critico;Critico;0.29102678298950196;0.29102678298950196;R1_NORMAL;32;44;13;0;34;2;0;0.05000000819563866;0.15613000094890594;0.11525795608758926;96;4
C02;C02;Critico: Fadiga com desvio cinematico;Critico;Critico;0.5949378490447998;0.5949378490447998;R3_FALSE_KIN;29;50;22;0;32;3;1;0.24523313343524933;0.0945117250084877;0.23324887454509735;96;4
N03;N03;Normal: Noite estável;Normal;Normal;0.050000007078051564;0.050000007078051564;R2_STABLE_RISK;-1;-1;0;0;-1;-1;0;0.05000000819563866;0.026070857420563698;0.09956574440002441;96;4
C10;C10;Critico progressivo: Grooming em rodovia com fadiga;Critico;Critico;0.5030231803655625;0.5030231803655625;R1_NORMAL;40;81;42;1;59;19;1;0.3695405423641205;0.2096443623304367;0.13140858709812164;96;4
C07;C07;Critico progressivo: Sem cinto sob chuva;Critico;Critico;0.4873266488313675;0.4873266488313675;R1_NORMAL;37;75;39;1;60;23;1;0.3147786259651184;0.37990936636924744;0.14446592330932617;96;4
C09;C09;Critico progressivo: Bebida ao volante;Critico;Critico;0.39574752300977706;0.39574752300977706;R3_FALSE_KIN;38;73;36;1;58;20;0;0.05000000819563866;0.24676106870174408;0.12187979370355606;96;4
N03;N03;Normal: Noite estável;Normal;Normal;0.050000007078051564;0.050000007078051564;R1_NORMAL;-1;-1;0;0;-1;-1;0;0.05000000819563866;0.03221207484602928;0.07585418969392776;96;4
N03;N03;Normal: Noite estável;Normal;Normal;0.050000007078051564;0.050000007078051564;R1_NORMAL;-1;-1;0;0;-1;-1;0;0.05000000819563866;0.03447898104786873;0.11112409085035324;96;4
C03;C03;Critico: Celular sem cinto sob chuva;Critico;Critico;0.3752959698438644;0.3752959698438644;R3_FALSE_KIN;26;41;16;0;28;2;0;0.05000000819563866;0.18544451892375946;0.15774588286876678;96;4
C07;C07;Critico progressivo: Sem cinto sob chuva;Critico;Critico;0.39481445401906967;0.39481445401906967;R2_STABLE_RISK;37;75;39;1;55;18;0;0.05000000819563866;0.38094210624694824;0.12681899964809418;96;4
C02;C02;Critico: Fadiga com desvio cinematico;Critico;Critico;0.6038551896810531;0.6038551896810531;R1_NORMAL;29;50;22;0;32;3;1;0.26155081391334534;0.09838954359292984;0.13065768778324127;96;4
N01;N01;Normal: Viagem tranquila em rodovia;Normal;Normal;0.050000007078051564;0.050000007078051564;R1_NORMAL;-1;-1;0;0;-1;-1;0;0.05000000819563866;0.038739752024412155;0.11281957477331161;96;4
N01;N01;Normal: Viagem tranquila em rodovia;Normal;Normal;0.050000007078051564;0.050000007078051564;R3_FALSE_KIN;-1;-1;0;0;-1;-1;0;0.05000000819563866;0.0331248976290226;0.09089066833257675;96;4
C02;C02;Critico: Fadiga com desvio cinematico;Critico;Critico;0.39378328174352645;0.39378328174352645;R2_STABLE_RISK;29;50;22;0;32;3;0;0.05000000819563866;0.09993457049131393;0.14324064552783966;96;4
C07;C07;Critico progressivo: Sem cinto sob chuva;Critico;Critico;0.4705077677965164;0.4705077677965164;R1_NORMAL;37;75;39;1;55;18;1;0.24231982231140137;0.37681129574775696;0.13716454803943634;96;4
C07;C07;Critico progressivo: Sem cinto sob chuva;Critico;Critico;0.42242679595947263;0.42242679595947263;R2_STABLE_RISK;37;75;39;1;57;20;0;0.05000000819563866;0.3783278167247772;0.16539327800273895;96;4
C02;C02;Critico: Fadiga com desvio cinematico;Critico;Critico;0.39378328174352645;0.39378328174352645;R3_FALSE_KIN;29;50;22;0;32;3;0;0.05000000819563866;0.09505238384008408;0.13438867032527924;96;4
C10;C10;Critico progressivo: Grooming em rodovia com fadiga;Critico;Critico;0.4726275533437729;0.4726275533437729;R2_STABLE_RISK;40;81;42;1;61;21;1;0.3397173583507538;0.20117723941802979;0.1703963726758957;96;4
N03;N03;Normal: Noite estável;Normal;Normal;0.050000007078051564;0.050000007078051564;R1_NORMAL;-1;-1;0;0;-1;-1;0;0.05000000819563866;0.027701517567038536;0.09205231070518494;96;4
C07;C07;Critico progressivo: Sem cinto sob chuva;Critico;Critico;0.4215695604681968;0.4215695604681968;R2_STABLE_RISK;37;75;39;1;61;24;0;0.05000000819563866;0.38445624709129333;0.12020925432443619;96;4
C07;C07;Critico progressivo: Sem cinto sob chuva;Critico;Critico;0.4101939558982849;0.4101939558982849;R1_NORMAL;37;75;39;1;60;23;0;0.05000000819563866;0.3822373151779175;0.12694470584392548;96;4
C02;C02;Critico: Fadiga com desvio cinematico;Critico;Critico;0.5924953669309616;0.5924953669309616;R1_NORMAL;29;50;22;0;32;3;1;0.22144782543182373;0.09960689395666122;0.10551366209983826;96;4
C06;C06;Critico progressivo: Fadiga noturna;Critico;Critico;0.47852707505226133;0.47852707505226133;R3_FALSE_KIN;36;81;46;1;61;25;1;0.34730151295661926;0.16162894666194916;0.13334158062934875;96;4
C07;C07;Critico progressivo: Sem cinto sob chuva;Critico;Critico;0.41028346419334405;0.41028346419334405;R1_NORMAL;37;75;39;1;56;19;0;0.05000000819563866;0.3822917938232422;0.14092765748500824;96;4
C02;C02;Critico: Fadiga com desvio cinematico;Critico;Critico;0.39378328174352645;0.39378328174352645;R2_STABLE_RISK;29;50;22;0;32;3;0;0.05000000819563866;0.10350360721349716;0.09318121522665024;96;4
C01;C01;Critico: Celular em alta velocidade;Critico;Critico;0.29102678298950196;0.29102678298950196;R1_NORMAL;32;44;13;0;34;2;0;0.05000000819563866;0.1529218703508377;0.11080387979745865;96;4
C02;C02;Critico: Fadiga com desvio cinematico;Critico;Critico;0.6019194334745407;0.6019194334745407;R2_STABLE_RISK;29;50;22;0;32;3;1;0.24925470352172852;0.1009930893778801;0.19010621309280396;96;4
N03;N03;Normal: Noite estável;Normal;Normal;0.050000007078051564;0.050000007078051564;R1_NORMAL;-1;-1;0;0;-1;-1;0;0.05000000819563866;0.03162430599331856;0.08924144506454468;96;4
C06;C06;Critico progressivo: Fadiga noturna;Critico;Critico;0.5105440020561218;0.5105440020561218;R2_STABLE_RISK;36;81;46;1;59;23;1;0.32601162791252136;0.15754930675029755;0.1217799261212349;96;4
C09;C09;Critico progressivo: Bebida ao volante;Critico;Critico;0.4109545767307281;0.4109545767307281;R1_NORMAL;38;73;36;1;57;19;0;0.05000000819563866;0.2507738769054413;0.08881848305463791;96;4
C08;C08;Critico progressivo: Distracao urbana multietapas;Critico;Critico;0.4443173617124557;0.4443173617124557;R2_STABLE_RISK;28;77;50;1;52;24;0;0.05000000819563866;0.318975567817688;0.13711237907409668;96;4
C08;C08;Critico progressivo: Distracao urbana multietapas;Critico;Critico;0.5304262369871139;0.5304262369871139;R2_STABLE_RISK;28;77;50;1;55;27;1;0.30309632420539856;0.31540048122406006;0.12513121962547302;96;4
C05;C05;Critico progressivo: Celular em rodovia;Critico;Critico;0.37347257882356644;0.37347257882356644;R3_FALSE_KIN;42;73;32;1;58;16;0;0.05000000819563866;0.3135446608066559;0.130803644657135;96;4
N02;N02;Normal: Urbano moderado;Normal;Normal;0.050000007078051564;0.050000007078051564;R1_NORMAL;-1;-1;0;0;-1;-1;0;0.05000000819563866;0.027215605601668358;0.10404425859451294;96;4
C10;C10;Critico progressivo: Grooming em rodovia com fadiga;Critico;Critico;0.41600229144096373;0.41600229144096373;R1_NORMAL;40;81;42;1;66;26;0;0.05000000819563866;0.19850020110607147;0.10885512083768845;96;4
C01;C01;Critico: Celular em alta velocidade;Critico;Critico;0.29102678298950196;0.29102678298950196;R2_STABLE_RISK;32;44;13;0;34;2;0;0.05000000819563866;0.15744610130786896;0.154134139418602;96;4
N02;N02;Normal: Urbano moderado;Normal;Normal;0.050000007078051564;0.050000007078051564;R1_NORMAL;-1;-1;0;0;-1;-1;0;0.05000000819563866;0.03433749079704285;0.08939041942358017;96;4
C09;C09;Critico progressivo: Bebida ao volante;Critico;Critico;0.4107729986310005;0.4107729986310005;R2_STABLE_RISK;38;73;36;1;55;17;0;0.05000000819563866;0.2570631802082062;0.12756790220737457;96;4
C07;C07;Critico progressivo: Sem cinto sob chuva;Critico;Critico;0.4211870953440666;0.4211870953440666;R2_STABLE_RISK;37;75;39;1;57;20;0;0.05000000819563866;0.38080859184265137;0.14929921925067902;96;4
C08;C08;Critico progressivo: Distracao urbana multietapas;Critico;Critico;0.5026483416557311;0.5026483416557311;R1_NORMAL;28;77;50;1;59;31;1;0.3212248384952545;0.31294265389442444;0.15467210114002228;96;4
C06;C06;Critico progressivo: Fadiga noturna;Critico;Critico;0.42244059294462205;0.42244059294462205;R2_STABLE_RISK;36;81;46;1;63;27;0;0.05000000819563866;0.15405699610710144;0.08793740719556808;96;4
C05;C05;Critico progressivo: Celular em rodovia;Critico;Critico;0.3976644828915596;0.3976644828915596;R1_NORMAL;42;73;32;1;58;16;0;0.05000000819563866;0.3074875771999359;0.13915826380252838;96;4
N03;N03;Normal: Noite estável;Normal;Normal;0.050000007078051564;0.050000007078051564;R1_NORMAL;-1;-1;0;0;-1;-1;0;0.05000000819563866;0.026035508140921593;0.11287897825241089;96;4
C04;C04;Critico: Multiplas distracoes urbanas;Critico;Critico;0.3713889718055725;0.3713889718055725;R1_NORMAL;22;45;24;0;24;2;0;0.05000000819563866;0.206014946103096;0.1626628041267395;96;4
C02;C02;Critico: Fadiga com desvio cinematico;Critico;Critico;0.39378328174352645;0.39378328174352645;R3_FALSE_KIN;29;50;22;0;32;3;0;0.05000000819563866;0.0954025387763977;0.13553600013256073;96;4
C03;C03;Critico: Celular sem cinto sob chuva;Critico;Critico;0.3752959698438644;0.3752959698438644;R3_FALSE_KIN;26;41;16;0;28;2;0;0.05000000819563866;0.18934094905853271;0.10270879417657852;96;4
C07;C07;Critico progressivo: Sem cinto sob chuva;Critico;Critico;0.40450283139944077;0.40450283139944077;R1_NORMAL;37;75;39;1;55;18;0;0.05000000819563866;0.38093462586402893;0.14799712598323822;96;4
N02;N02;Normal: Urbano moderado;Normal;Normal;0.050000007078051564;0.050000007078051564;R3_FALSE_KIN;-1;-1;0;0;-1;-1;0;0.05000000819563866;0.034624937921762466;0.1534508317708969;96;4
C04;C04;Critico: Multiplas distracoes urbanas;Critico;Critico;0.5752669662237166;0.5752669662237166;R2_STABLE_RISK;22;45;24;0;24;2;1;0.25143182277679443;0.20503322780132294;0.19158263504505157;96;4
C06;C06;Critico progressivo: Fadiga noturna;Critico;Critico;0.41836924999952313;0.41836924999952313;R1_NORMAL;36;81;46;1;60;24;0;0.05000000819563866;0.15427039563655853;0.16982538998126984;96;4
C04;C04;Critico: Multiplas distracoes urbanas;Critico;Critico;0.5778294593095779;0.5778294593095779;R1_NORMAL;22;45;24;0;24;2;1;0.267425537109375;0.20724649727344513;0.21698534488677979;96;4
C06;C06;Critico progressivo: Fadiga noturna;Critico;Critico;0.4757714033126831;0.4757714033126831;R2_STABLE_RISK;36;81;46;1;59;23;1;0.34211719036102295;0.15697801113128662;0.13158947229385376;96;4
C02;C02;Critico: Fadiga com desvio cinematico;Critico;Critico;0.39378328174352645;0.39378328174352645;R2_STABLE_RISK;29;50;22;0;32;3;0;0.05000000819563866;0.09767988324165344;0.12336480617523193;96;4
C10;C10;Critico progressivo: Grooming em rodovia com fadiga;Critico;Critico;0.402144406735897;0.402144406735897;R1_NORMAL;40;81;42;1;66;26;0;0.05000000819563866;0.19977720081806183;0.1377808153629303;96;4
C08;C08;Critico progressivo: Distracao urbana multietapas;Critico;Critico;0.4363612323999405;0.4363612323999405;R2_STABLE_RISK;28;77;50;1;51;23;0;0.05000000819563866;0.3178495466709137;0.16431093215942383;96;4
C10;C10;Critico progressivo: Grooming em rodovia com fadiga;Critico;Critico;0.37934097051620486;0.37934097051620486;R1_NORMAL;40;81;42;1;62;22;0;0.05000000819563866;0.20208735764026642;0.1418345719575882;96;4
C09;C09;Critico progressivo: Bebida ao volante;Critico;Critico;0.46399975121021264;0.46399975121021264;R1_NORMAL;38;73;36;1;55;17;1;0.2711699903011322;0.2549801170825958;0.1356307566165924;96;4
N01;N01;Normal: Viagem tranquila em rodovia;Normal;Normal;0.050000007078051564;0.050000007078051564;R1_NORMAL;-1;-1;0;0;-1;-1;0;0.05000000819563866;0.03783777728676796;0.08394790440797806;96;4
N01;N01;Normal: Viagem tranquila em rodovia;Normal;Normal;0.050000007078051564;0.050000007078051564;R3_FALSE_KIN;-1;-1;0;0;-1;-1;0;0.05000000819563866;0.030677909031510353;0.10244543105363846;96;4
C01;C01;Critico: Celular em alta velocidade;Critico;Critico;0.29102678298950196;0.29102678298950196;R3_FALSE_KIN;32;44;13;0;34;2;0;0.05000000819563866;0.15373019874095917;0.11546508222818375;96;4
C03;C03;Critico: Celular sem cinto sob chuva;Critico;Critico;0.3752959698438644;0.3752959698438644;R3_FALSE_KIN;26;41;16;0;28;2;0;0.05000000819563866;0.18825972080230713;0.1473924070596695;96;4
C07;C07;Critico progressivo: Sem cinto sob chuva;Critico;Critico;0.4146832302212715;0.4146832302212715;R1_NORMAL;37;75;39;1;56;19;0;0.05000000819563866;0.3816697299480438;0.1442069113254547;96;4
N02;N02;Normal: Urbano moderado;Normal;Normal;0.050000007078051564;0.050000007078051564;R2_STABLE_RISK;-1;-1;0;0;-1;-1;0;0.05000000819563866;0.028100596740841866;0.09684473276138306;96;4
N01;N01;Normal: Viagem tranquila em rodovia;Normal;Normal;0.050000007078051564;0.050000007078051564;R2_STABLE_RISK;-1;-1;0;0;-1;-1;0;0.05000000819563866;0.034088920801877975;0.10616114735603333;96;4
C03;C03;Critico: Celular sem cinto sob chuva;Critico;Critico;0.3752959698438644;0.3752959698438644;R3_FALSE_KIN;26;41;16;0;28;2;0;0.05000000819563866;0.18205899000167847;0.18084122240543365;96;4
N03;N03;Normal: Noite estável;Normal;Normal;0.050000007078051564;0.050000007078051564;R1_NORMAL;-1;-1;0;0;-1;-1;0;0.05000000819563866;0.028163470327854156;0.10969070345163345;96;4
C10;C10;Critico progressivo: Grooming em rodovia com fadiga;Critico;Critico;0.40970811694860454;0.40970811694860454;R1_NORMAL;40;81;42;1;57;17;0;0.05000000819563866;0.21030206978321075;0.13477244973182678;96;4
C03;C03;Critico: Celular sem cinto sob chuva;Critico;Critico;0.3752959698438644;0.3752959698438644;R1_NORMAL;26;41;16;0;28;2;0;0.05000000819563866;0.1891687661409378;0.1355796456336975;96;4
C05;C05;Critico progressivo: Celular em rodovia;Critico;Critico;0.453308168053627;0.453308168053627;R2_STABLE_RISK;42;73;32;1;61;19;1;0.31694966554641724;0.32043352723121643;0.15137366950511932;96;4
C06;C06;Critico progressivo: Fadiga noturna;Critico;Critico;0.45492397248744965;0.45492397248744965;R2_STABLE_RISK;36;81;46;1;65;29;1;0.30482450127601624;0.15767709910869598;0.0994502604007721;96;4
C10;C10;Critico progressivo: Grooming em rodovia com fadiga;Critico;Critico;0.4499271497130394;0.4499271497130394;R2_STABLE_RISK;40;81;42;1;58;18;0;0.05000000819563866;0.20310170948505402;0.11993976682424545;96;4
C03;C03;Critico: Celular sem cinto sob chuva;Critico;Critico;0.3752959698438644;0.3752959698438644;R1_NORMAL;26;41;16;0;28;2;0;0.05000000819563866;0.19026757776737213;0.13359801471233368;96;4
C04;C04;Critico: Multiplas distracoes urbanas;Critico;Critico;0.5686284542083739;0.5686284542083739;R1_NORMAL;22;45;24;0;24;2;1;0.21879978477954865;0.20960934460163116;0.17853359878063202;96;4
C10;C10;Critico progressivo: Grooming em rodovia com fadiga;Critico;Critico;0.46533727347850795;0.46533727347850795;R1_NORMAL;40;81;42;1;58;18;1;0.29815539717674255;0.20797042548656464;0.1107586994767189;96;4
C03;C03;Critico: Celular sem cinto sob chuva;Critico;Critico;0.3752959698438644;0.3752959698438644;R2_STABLE_RISK;26;41;16;0;28;2;0;0.05000000819563866;0.18670378625392914;0.12373453378677368;96;4
C03;C03;Critico: Celular sem cinto sob chuva;Critico;Critico;0.3752959698438644;0.3752959698438644;R1_NORMAL;26;41;16;0;28;2;0;0.05000000819563866;0.18985702097415924;0.1664823442697525;96;4
C06;C06;Critico progressivo: Fadiga noturna;Critico;Critico;0.4153059735894203;0.4153059735894203;R2_STABLE_RISK;36;81;46;1;57;21;0;0.05000000819563866;0.16920065879821777;0.08840396255254745;96;4
C10;C10;Critico progressivo: Grooming em rodovia com fadiga;Critico;Critico;0.39882209748029707;0.39882209748029707;R2_STABLE_RISK;40;81;42;1;64;24;0;0.05000000819563866;0.19851048290729523;0.10078539699316025;96;4
N03;N03;Normal: Noite estável;Normal;Normal;0.050000007078051564;0.050000007078051564;R2_STABLE_RISK;-1;-1;0;0;-1;-1;0;0.05000000819563866;0.027007244527339935;0.08402202278375626;96;4
C04;C04;Critico: Multiplas distracoes urbanas;Critico;Critico;0.3713889718055725;0.3713889718055725;R1_NORMAL;22;45;24;0;24;2;0;0.05000000819563866;0.20311935245990753;0.16784287989139557;96;4
N01;N01;Normal: Viagem tranquila em rodovia;Normal;Normal;0.050000007078051564;0.050000007078051564;R3_FALSE_KIN;-1;-1;0;0;-1;-1;0;0.05000000819563866;0.03334740921854973;0.08375626802444458;96;4
C09;C09;Critico progressivo: Bebida ao volante;Critico;Critico;0.49966402947902677;0.49966402947902677;R1_NORMAL;38;73;36;1;57;19;1;0.2766137421131134;0.2524394690990448;0.14125126600265503;96;4
C06;C06;Critico progressivo: Fadiga noturna;Critico;Critico;0.41551090925931927;0.41551090925931927;R2_STABLE_RISK;36;81;46;1;63;27;0;0.05000000819563866;0.15896070003509521;0.13611732423305511;96;4
N01;N01;Normal: Viagem tranquila em rodovia;Normal;Normal;0.050000007078051564;0.050000007078051564;R1_NORMAL;-1;-1;0;0;-1;-1;0;0.05000000819563866;0.0313602089881897;0.12482095509767532;96;4
C10;C10;Critico progressivo: Grooming em rodovia com fadiga;Critico;Critico;0.46489204466342926;0.46489204466342926;R2_STABLE_RISK;40;81;42;1;66;26;1;0.3536377251148224;0.20334994792938232;0.15563450753688812;96;4
C09;C09;Critico progressivo: Bebida ao volante;Critico;Critico;0.4822084248065948;0.4822084248065948;R1_NORMAL;38;73;36;1;57;19;1;0.2943175435066223;0.2454320192337036;0.12398719042539597;96;4
C05;C05;Critico progressivo: Celular em rodovia;Critico;Critico;0.3679824277758598;0.3679824277758598;R3_FALSE_KIN;42;73;32;1;60;18;0;0.05000000819563866;0.31926944851875305;0.1248830035328865;96;4
C02;C02;Critico: Fadiga com desvio cinematico;Critico;Critico;0.39378328174352645;0.39378328174352645;R1_NORMAL;29;50;22;0;32;3;0;0.05000000819563866;0.09691933542490005;0.12398991733789444;96;4
N02;N02;Normal: Urbano moderado;Normal;Normal;0.050000007078051564;0.050000007078051564;R3_FALSE_KIN;-1;-1;0;0;-1;-1;0;0.05000000819563866;0.03198843076825142;0.11306464672088623;96;4
N03;N03;Normal: Noite estável;Normal;Normal;0.050000007078051564;0.050000007078051564;R3_FALSE_KIN;-1;-1;0;0;-1;-1;0;0.05000000819563866;0.03399437665939331;0.11124817281961441;96;4
C07;C07;Critico progressivo: Sem cinto sob chuva;Critico;Critico;0.3823192238807678;0.3823192238807678;R3_FALSE_KIN;37;75;39;1;61;24;0;0.05000000819563866;0.36653605103492737;0.12235826253890991;96;4
C02;C02;Critico: Fadiga com desvio cinematico;Critico;Critico;0.39378328174352645;0.39378328174352645;R3_FALSE_KIN;29;50;22;0;32;3;0;0.05000000819563866;0.09222716838121414;0.13870681822299957;96;4
C05;C05;Critico progressivo: Celular em rodovia;Critico;Critico;0.39462667852640154;0.39462667852640154;R2_STABLE_RISK;42;73;32;1;59;17;0;0.05000000819563866;0.31947627663612366;0.1230645552277565;96;4
C10;C10;Critico progressivo: Grooming em rodovia com fadiga;Critico;Critico;0.495855787396431;0.495855787396431;R3_FALSE_KIN;40;81;42;1;63;23;1;0.3661419153213501;0.20663179457187653;0.10954087227582932;96;4
C09;C09;Critico progressivo: Bebida ao volante;Critico;Critico;0.3847463443875313;0.3847463443875313;R1_NORMAL;38;73;36;1;58;20;0;0.05000000819563866;0.2508850395679474;0.13266736268997192;96;4
N01;N01;Normal: Viagem tranquila em rodovia;Normal;Normal;0.050000007078051564;0.050000007078051564;R3_FALSE_KIN;-1;-1;0;0;-1;-1;0;0.05000000819563866;0.026029199361801147;0.1079019084572792;96;4
C02;C02;Critico: Fadiga com desvio cinematico;Critico;Critico;0.39378328174352645;0.39378328174352645;R1_NORMAL;29;50;22;0;32;3;0;0.05000000819563866;0.09826890379190445;0.14132481813430786;96;4
N01;N01;Normal: Viagem tranquila em rodovia;Normal;Normal;0.050000007078051564;0.050000007078051564;R2_STABLE_RISK;-1;-1;0;0;-1;-1;0;0.05000000819563866;0.03326882794499397;0.13140968978405;96;4
C02;C02;Critico: Fadiga com desvio cinematico;Critico;Critico;0.39378328174352645;0.39378328174352645;R2_STABLE_RISK;29;50;22;0;32;3;0;0.05000000819563866;0.10135389119386673;0.08103921264410019;96;4
C05;C05;Critico progressivo: Celular em rodovia;Critico;Critico;0.38081244379282;0.38081244379282;R1_NORMAL;42;73;32;1;57;15;0;0.05000000819563866;0.32445064187049866;0.13973572850227356;96;4
N02;N02;Normal: Urbano moderado;Normal;Normal;0.050000007078051564;0.050000007078051564;R1_NORMAL;-1;-1;0;0;-1;-1;0;0.05000000819563866;0.03397459164261818;0.09214254468679428;96;4
C02;C02;Critico: Fadiga com desvio cinematico;Critico;Critico;0.39378328174352645;0.39378328174352645;R1_NORMAL;29;50;22;0;32;3;0;0.05000000819563866;0.09398665279150009;0.13230155408382416;96;4
C08;C08;Critico progressivo: Distracao urbana multietapas;Critico;Critico;0.44954282641410825;0.44954282641410825;R1_NORMAL;28;77;50;1;57;29;0;0.05000000819563866;0.30638226866722107;0.17043890058994293;96;4
C10;C10;Critico progressivo: Grooming em rodovia com fadiga;Critico;Critico;0.4102395728230476;0.4102395728230476;R1_NORMAL;40;81;42;1;61;21;0;0.05000000819563866;0.20403854548931122;0.0925360694527626;96;4
N03;N03;Normal: Noite estável;Normal;Normal;0.050000007078051564;0.050000007078051564;R2_STABLE_RISK;-1;-1;0;0;-1;-1;0;0.05000000819563866;0.024325698614120483;0.08880418539047241;96;4
C02;C02;Critico: Fadiga com desvio cinematico;Critico;Critico;0.606791090965271;0.606791090965271;R1_NORMAL;29;50;22;0;32;3;1;0.27438145875930786;0.0947561264038086;0.13504426181316376;96;4
C06;C06;Critico progressivo: Fadiga noturna;Critico;Critico;0.43084166049957273;0.43084166049957273;R1_NORMAL;36;81;46;1;60;24;0;0.05000000819563866;0.16000144183635712;0.14445187151432037;96;4
C09;C09;Critico progressivo: Bebida ao volante;Critico;Critico;0.3976983249187469;0.3976983249187469;R1_NORMAL;38;73;36;1;57;19;0;0.05000000819563866;0.24963663518428802;0.1358797699213028;96;4
C09;C09;Critico progressivo: Bebida ao volante;Critico;Critico;0.4678297311067581;0.4678297311067581;R2_STABLE_RISK;38;73;36;1;57;19;1;0.2549349367618561;0.2440449446439743;0.15868617594242096;96;4
C04;C04;Critico: Multiplas distracoes urbanas;Critico;Critico;0.3713889718055725;0.3713889718055725;R2_STABLE_RISK;22;45;24;0;24;2;0;0.05000000819563866;0.19879744946956635;0.09968587011098862;96;4
C08;C08;Critico progressivo: Distracao urbana multietapas;Critico;Critico;0.5043167233467102;0.5043167233467102;R1_NORMAL;28;77;50;1;56;28;1;0.305350661277771;0.3159794509410858;0.1379901021718979;96;4
C08;C08;Critico progressivo: Distracao urbana multietapas;Critico;Critico;0.42656237483024595;0.42656237483024595;R2_STABLE_RISK;28;77;50;1;54;26;0;0.05000000819563866;0.31748953461647034;0.17867259681224823;96;4
C04;C04;Critico: Multiplas distracoes urbanas;Critico;Critico;0.3713889718055725;0.3713889718055725;R3_FALSE_KIN;22;45;24;0;24;2;0;0.05000000819563866;0.19744503498077393;0.13406002521514893;96;4
C01;C01;Critico: Celular em alta velocidade;Critico;Critico;0.5197675347328186;0.5197675347328186;R1_NORMAL;32;44;13;0;34;2;1;0.20966410636901855;0.15263156592845917;0.16737163066864014;96;4
C07;C07;Critico progressivo: Sem cinto sob chuva;Critico;Critico;0.4144696101546287;0.4144696101546287;R3_FALSE_KIN;37;75;39;1;60;23;0;0.05000000819563866;0.38198089599609375;0.12556399405002594;96;4
C01;C01;Critico: Celular em alta velocidade;Critico;Critico;0.5217275500297547;0.5217275500297547;R3_FALSE_KIN;32;44;13;0;34;2;1;0.2097969502210617;0.15780913829803467;0.18021762371063232;96;4
C04;C04;Critico: Multiplas distracoes urbanas;Critico;Critico;0.3713889718055725;0.3713889718055725;R1_NORMAL;22;45;24;0;24;2;0;0.05000000819563866;0.20462119579315186;0.1247231587767601;96;4
C10;C10;Critico progressivo: Grooming em rodovia com fadiga;Critico;Critico;0.458197471499443;0.458197471499443;R1_NORMAL;40;81;42;1;63;23;1;0.3347827196121216;0.1992693394422531;0.1588883399963379;96;4
N02;N02;Normal: Urbano moderado;Normal;Normal;0.050000007078051564;0.050000007078051564;R3_FALSE_KIN;-1;-1;0;0;-1;-1;0;0.05000000819563866;0.0371631495654583;0.11040530353784561;96;4
C06;C06;Critico progressivo: Fadiga noturna;Critico;Critico;0.4945320159196853;0.4945320159196853;R1_NORMAL;36;81;46;1;61;25;1;0.31351709365844727;0.1518869698047638;0.15596571564674377;96;4
C08;C08;Critico progressivo: Distracao urbana multietapas;Critico;Critico;0.5307870537042618;0.5307870537042618;R3_FALSE_KIN;28;77;50;1;50;22;1;0.29678061604499817;0.3249804973602295;0.20485520362854004;96;4
N02;N02;Normal: Urbano moderado;Normal;Normal;0.050000007078051564;0.050000007078051564;R2_STABLE_RISK;-1;-1;0;0;-1;-1;0;0.05000000819563866;0.03185247257351875;0.10226362943649292;96;4
C05;C05;Critico progressivo: Celular em rodovia;Critico;Critico;0.40125227719545364;0.40125227719545364;R2_STABLE_RISK;42;73;32;1;57;15;0;0.05000000819563866;0.31643640995025635;0.15933650732040405;96;4
C02;C02;Critico: Fadiga com desvio cinematico;Critico;Critico;0.39378328174352645;0.39378328174352645;R1_NORMAL;29;50;22;0;32;3;0;0.05000000819563866;0.09555619955062866;0.11722740530967712;96;4
C05;C05;Critico progressivo: Celular em rodovia;Critico;Critico;0.3950161024928093;0.3950161024928093;R2_STABLE_RISK;42;73;32;1;60;18;0;0.05000000819563866;0.3182758390903473;0.13004189729690552;96;4
C09;C09;Critico progressivo: Bebida ao volante;Critico;Critico;0.4896106570959091;0.4896106570959091;R3_FALSE_KIN;38;73;36;1;55;17;1;0.24864046275615692;0.25152650475502014;0.175428569316864;96;4
C03;C03;Critico: Celular sem cinto sob chuva;Critico;Critico;0.6219538927078248;0.6219538927078248;R2_STABLE_RISK;26;41;16;0;28;2;1;0.25869324803352356;0.17861680686473846;0.1560862958431244;96;4
C08;C08;Critico progressivo: Distracao urbana multietapas;Critico;Critico;0.45959912836551664;0.45959912836551664;R1_NORMAL;28;77;50;1;54;26;0;0.05000000819563866;0.3242747485637665;0.16781513392925262;96;4
C06;C06;Critico progressivo: Fadiga noturna;Critico;Critico;0.4611411273479461;0.4611411273479461;R1_NORMAL;36;81;46;1;64;28;1;0.35756567120552063;0.15974365174770355;0.12426954507827759;96;4
C09;C09;Critico progressivo: Bebida ao volante;Critico;Critico;0.46603359282016754;0.46603359282016754;R1_NORMAL;38;73;36;1;57;19;1;0.2528487741947174;0.2562699019908905;0.1429804414510727;96;4
C09;C09;Critico progressivo: Bebida ao volante;Critico;Critico;0.4052184522151947;0.4052184522151947;R3_FALSE_KIN;38;73;36;1;54;16;0;0.05000000819563866;0.25667259097099304;0.1719733029603958;96;4
C08;C08;Critico progressivo: Distracao urbana multietapas;Critico;Critico;0.4376980423927307;0.4376980423927307;R3_FALSE_KIN;28;77;50;1;54;26;0;0.05000000819563866;0.31357038021087646;0.1282564252614975;96;4
C07;C07;Critico progressivo: Sem cinto sob chuva;Critico;Critico;0.4057925418019295;0.4057925418019295;R3_FALSE_KIN;37;75;39;1;62;25;0;0.05000000819563866;0.37621164321899414;0.13027803599834442;96;4
C03;C03;Critico: Celular sem cinto sob chuva;Critico;Critico;0.3752959698438644;0.3752959698438644;R3_FALSE_KIN;26;41;16;0;28;2;0;0.05000000819563866;0.18782158195972443;0.16879303753376007;96;4
C07;C07;Critico progressivo: Sem cinto sob chuva;Critico;Critico;0.39504262953996655;0.39504262953996655;R3_FALSE_KIN;37;75;39;1;61;24;0;0.05000000819563866;0.3775533437728882;0.1468423753976822;96;4
N01;N01;Normal: Viagem tranquila em rodovia;Normal;Normal;0.050000007078051564;0.050000007078051564;R1_NORMAL;-1;-1;0;0;-1;-1;0;0.05000000819563866;0.03851848468184471;0.10753754526376724;96;4
C02;C02;Critico: Fadiga com desvio cinematico;Critico;Critico;0.39378328174352645;0.39378328174352645;R2_STABLE_RISK;29;50;22;0;32;3;0;0.05000000819563866;0.09936446696519852;0.17276406288146973;96;4
C07;C07;Critico progressivo: Sem cinto sob chuva;Critico;Critico;0.4907906919717788;0.4907906919717788;R3_FALSE_KIN;37;75;39;1;58;21;1;0.2815852463245392;0.38702496886253357;0.16061057150363922;96;4
C01;C01;Critico: Celular em alta velocidade;Critico;Critico;0.29102678298950196;0.29102678298950196;R2_STABLE_RISK;32;44;13;0;34;2;0;0.05000000819563866;0.15522311627864838;0.10664235800504684;96;4
N01;N01;Normal: Viagem tranquila em rodovia;Normal;Normal;0.050000007078051564;0.050000007078051564;R1_NORMAL;-1;-1;0;0;-1;-1;0;0.05000000819563866;0.032873399555683136;0.10745147615671158;96;4
N02;N02;Normal: Urbano moderado;Normal;Normal;0.050000007078051564;0.050000007078051564;R2_STABLE_RISK;-1;-1;0;0;-1;-1;0;0.05000000819563866;0.02827225811779499;0.08302740752696991;96;4
C09;C09;Critico progressivo: Bebida ao volante;Critico;Critico;0.3998508766293526;0.3998508766293526;R2_STABLE_RISK;38;73;36;1;54;16;0;0.05000000819563866;0.2533571720123291;0.14132684469223022;96;4
C03;C03;Critico: Celular sem cinto sob chuva;Critico;Critico;0.3752959698438644;0.3752959698438644;R2_STABLE_RISK;26;41;16;0;28;2;0;0.05000000819563866;0.19204159080982208;0.1262119561433792;96;4
C09;C09;Critico progressivo: Bebida ao volante;Critico;Critico;0.4570436626672745;0.4570436626672745;R1_NORMAL;38;73;36;1;59;21;1;0.2921007573604584;0.24789834022521973;0.14166957139968872;96;4
C04;C04;Critico: Multiplas distracoes urbanas;Critico;Critico;0.3713889718055725;0.3713889718055725;R2_STABLE_RISK;22;45;24;0;24;2;0;0.05000000819563866;0.19928617775440216;0.13071121275424957;96;4
C04;C04;Critico: Multiplas distracoes urbanas;Critico;Critico;0.3713889718055725;0.3713889718055725;R2_STABLE_RISK;22;45;24;0;24;2;0;0.05000000819563866;0.1956268548965454;0.16120004653930664;96;4
C09;C09;Critico progressivo: Bebida ao volante;Critico;Critico;0.42092378884553905;0.42092378884553905;R1_NORMAL;38;73;36;1;56;18;0;0.05000000819563866;0.25741448998451233;0.09489569813013077;96;4
C09;C09;Critico progressivo: Bebida ao volante;Critico;Critico;0.3888244554400444;0.3888244554400444;R2_STABLE_RISK;38;73;36;1;58;20;0;0.05000000819563866;0.24950404465198517;0.14485155045986176;96;4
C04;C04;Critico: Multiplas distracoes urbanas;Critico;Critico;0.3713889718055725;0.3713889718055725;R2_STABLE_RISK;22;45;24;0;24;2;0;0.05000000819563866;0.19771689176559448;0.09702271223068237;96;4
N03;N03;Normal: Noite estável;Normal;Normal;0.050000007078051564;0.050000007078051564;R2_STABLE_RISK;-1;-1;0;0;-1;-1;0;0.05000000819563866;0.02844485640525818;0.13358652591705322;96;4
C01;C01;Critico: Celular em alta velocidade;Critico;Critico;0.524655532836914;0.524655532836914;R1_NORMAL;32;44;13;0;34;2;1;0.21546179056167603;0.14898227155208588;0.16227082908153534;96;4
C01;C01;Critico: Celular em alta velocidade;Critico;Critico;0.29102678298950196;0.29102678298950196;R2_STABLE_RISK;32;44;13;0;34;2;0;0.05000000819563866;0.1561129093170166;0.115787573158741;96;4
C01;C01;Critico: Celular em alta velocidade;Critico;Critico;0.29102678298950196;0.29102678298950196;R3_FALSE_KIN;32;44;13;0;34;2;0;0.05000000819563866;0.15222324430942535;0.12036486715078354;96;4
C04;C04;Critico: Multiplas distracoes urbanas;Critico;Critico;0.3713889718055725;0.3713889718055725;R2_STABLE_RISK;22;45;24;0;24;2;0;0.05000000819563866;0.20794962346553802;0.12668126821517944;96;4
C01;C01;Critico: Celular em alta velocidade;Critico;Critico;0.29102678298950196;0.29102678298950196;R1_NORMAL;32;44;13;0;34;2;0;0.05000000819563866;0.15222208201885223;0.15954230725765228;96;4
C03;C03;Critico: Celular sem cinto sob chuva;Critico;Critico;0.6023371577262877;0.6023371577262877;R1_NORMAL;26;41;16;0;28;2;1;0.1783749908208847;0.18576234579086304;0.2381294220685959;96;4
C07;C07;Critico progressivo: Sem cinto sob chuva;Critico;Critico;0.39553778320550914;0.39553778320550914;R2_STABLE_RISK;37;75;39;1;61;24;0;0.05000000819563866;0.3805445730686188;0.14903853833675385;96;4
C05;C05;Critico progressivo: Celular em rodovia;Critico;Critico;0.3631533220410347;0.3631533220410347;R3_FALSE_KIN;42;73;32;1;59;17;0;0.05000000819563866;0.3172638714313507;0.09131328016519547;96;4
C03;C03;Critico: Celular sem cinto sob chuva;Critico;Critico;0.6204494386911392;0.6204494386911392;R1_NORMAL;26;41;16;0;28;2;1;0.2639929950237274;0.19124482572078705;0.21176917850971222;96;4
N02;N02;Normal: Urbano moderado;Normal;Normal;0.050000007078051564;0.050000007078051564;R1_NORMAL;-1;-1;0;0;-1;-1;0;0.05000000819563866;0.029523247852921486;0.10415171831846237;96;4
C05;C05;Critico progressivo: Celular em rodovia;Critico;Critico;0.38296802192926405;0.38296802192926405;R1_NORMAL;42;73;32;1;59;17;0;0.05000000819563866;0.31527411937713623;0.15677803754806519;96;4
C08;C08;Critico progressivo: Distracao urbana multietapas;Critico;Critico;0.42276718169450755;0.42276718169450755;R1_NORMAL;28;77;50;1;58;30;0;0.05000000819563866;0.30472150444984436;0.18142960965633392;96;4
C07;C07;Critico progressivo: Sem cinto sob chuva;Critico;Critico;0.41081888824701307;0.41081888824701307;R1_NORMAL;37;75;39;1;58;21;0;0.05000000819563866;0.38107535243034363;0.13540203869342804;96;4
C02;C02;Critico: Fadiga com desvio cinematico;Critico;Critico;0.39378328174352645;0.39378328174352645;R2_STABLE_RISK;29;50;22;0;32;3;0;0.05000000819563866;0.09165536612272263;0.18220770359039307;96;4
C02;C02;Critico: Fadiga com desvio cinematico;Critico;Critico;0.39378328174352645;0.39378328174352645;R1_NORMAL;29;50;22;0;32;3;0;0.05000000819563866;0.0921434760093689;0.1148085817694664;96;4
N02;N02;Normal: Urbano moderado;Normal;Normal;0.050000007078051564;0.050000007078051564;R1_NORMAL;-1;-1;0;0;-1;-1;0;0.05000000819563866;0.03435104712843895;0.0788288488984108;96;4
N01;N01;Normal: Viagem tranquila em rodovia;Normal;Normal;0.050000007078051564;0.050000007078051564;R1_NORMAL;-1;-1;0;0;-1;-1;0;0.05000000819563866;0.028874581679701805;0.08910978585481644;96;4
N02;N02;Normal: Urbano moderado;Normal;Normal;0.050000007078051564;0.050000007078051564;R1_NORMAL;-1;-1;0;0;-1;-1;0;0.05000000819563866;0.03363483026623726;0.09812798351049423;96;4
C08;C08;Critico progressivo: Distracao urbana multietapas;Critico;Critico;0.43967211544513696;0.43967211544513696;R1_NORMAL;28;77;50;1;53;25;0;0.05000000819563866;0.31308650970458984;0.11276265978813171;96;4
C06;C06;Critico progressivo: Fadiga noturna;Critico;Critico;0.4975214868783951;0.4975214868783951;R2_STABLE_RISK;36;81;46;1;63;27;1;0.36390766501426697;0.1609775573015213;0.10928883403539658;96;4
C03;C03;Critico: Celular sem cinto sob chuva;Critico;Critico;0.3752959698438644;0.3752959698438644;R1_NORMAL;26;41;16;0;28;2;0;0.05000000819563866;0.18516254425048828;0.1274215430021286;96;4
C01;C01;Critico: Celular em alta velocidade;Critico;Critico;0.29102678298950196;0.29102678298950196;R1_NORMAL;32;44;13;0;34;2;0;0.05000000819563866;0.15553653240203857;0.10841687768697739;96;4
C08;C08;Critico progressivo: Distracao urbana multietapas;Critico;Critico;0.508935934305191;0.508935934305191;R2_STABLE_RISK;28;77;50;1;53;25;1;0.31355103850364685;0.3216710090637207;0.17163605988025665;96;4
C04;C04;Critico: Multiplas distracoes urbanas;Critico;Critico;0.3713889718055725;0.3713889718055725;R1_NORMAL;22;45;24;0;24;2;0;0.05000000819563866;0.20158420503139496;0.12301903963088989;96;4
C01;C01;Critico: Celular em alta velocidade;Critico;Critico;0.5251783341169356;0.5251783341169356;R2_STABLE_RISK;32;44;13;0;34;2;1;0.21818327903747559;0.1488945335149765;0.1595328003168106;96;4
C01;C01;Critico: Celular em alta velocidade;Critico;Critico;0.29102678298950196;0.29102678298950196;R2_STABLE_RISK;32;44;13;0;34;2;0;0.05000000819563866;0.14889849722385406;0.10607725381851196;96;4
C07;C07;Critico progressivo: Sem cinto sob chuva;Critico;Critico;0.4063498273491859;0.4063498273491859;R2_STABLE_RISK;37;75;39;1;58;21;0;0.05000000819563866;0.37267306447029114;0.16965006291866302;96;4
N03;N03;Normal: Noite estável;Normal;Normal;0.050000007078051564;0.050000007078051564;R3_FALSE_KIN;-1;-1;0;0;-1;-1;0;0.05000000819563866;0.029609575867652893;0.11068756133317947;96;4
N03;N03;Normal: Noite estável;Normal;Normal;0.050000007078051564;0.050000007078051564;R1_NORMAL;-1;-1;0;0;-1;-1;0;0.05000000819563866;0.027522824704647064;0.10611061006784439;96;4
C03;C03;Critico: Celular sem cinto sob chuva;Critico;Critico;0.3752959698438644;0.3752959698438644;R1_NORMAL;26;41;16;0;28;2;0;0.05000000819563866;0.1898190826177597;0.12529759109020233;96;4
N02;N02;Normal: Urbano moderado;Normal;Normal;0.050000007078051564;0.050000007078051564;R1_NORMAL;-1;-1;0;0;-1;-1;0;0.05000000819563866;0.03522520139813423;0.09177693724632263;96;4
C07;C07;Critico progressivo: Sem cinto sob chuva;Critico;Critico;0.3959591671824455;0.3959591671824455;R2_STABLE_RISK;37;75;39;1;58;21;0;0.05000000819563866;0.3761381208896637;0.1121690645813942;96;4
N03;N03;Normal: Noite estável;Normal;Normal;0.050000007078051564;0.050000007078051564;R2_STABLE_RISK;-1;-1;0;0;-1;-1;0;0.05000000819563866;0.02883632481098175;0.12953133881092072;96;4
N03;N03;Normal: Noite estável;Normal;Normal;0.050000007078051564;0.050000007078051564;R1_NORMAL;-1;-1;0;0;-1;-1;0;0.05000000819563866;0.028469188138842583;0.08949530124664307;96;4
C10;C10;Critico progressivo: Grooming em rodovia com fadiga;Critico;Critico;0.45842700600624087;0.45842700600624087;R3_FALSE_KIN;40;81;42;1;62;22;1;0.33757615089416504;0.20032280683517456;0.10674318671226501;96;4
C04;C04;Critico: Multiplas distracoes urbanas;Critico;Critico;0.3713889718055725;0.3713889718055725;R2_STABLE_RISK;22;45;24;0;24;2;0;0.05000000819563866;0.2086658626794815;0.15397518873214722;96;4
C05;C05;Critico progressivo: Celular em rodovia;Critico;Critico;0.3910797074437141;0.3910797074437141;R1_NORMAL;42;73;32;1;58;16;0;0.05000000819563866;0.32009419798851013;0.12335851043462753;96;4
N01;N01;Normal: Viagem tranquila em rodovia;Normal;Normal;0.050000007078051564;0.050000007078051564;R3_FALSE_KIN;-1;-1;0;0;-1;-1;0;0.05000000819563866;0.030811140313744545;0.09547501802444458;96;4
C04;C04;Critico: Multiplas distracoes urbanas;Critico;Critico;0.5657801479101181;0.5657801479101181;R2_STABLE_RISK;22;45;24;0;24;2;1;0.26509973406791687;0.2049729973077774;0.22425657510757446;96;4
N03;N03;Normal: Noite estável;Normal;Normal;0.050000007078051564;0.050000007078051564;R3_FALSE_KIN;-1;-1;0;0;-1;-1;0;0.05000000819563866;0.027959069237113;0.07815419137477875;96;4
N02;N02;Normal: Urbano moderado;Normal;Normal;0.050000007078051564;0.050000007078051564;R1_NORMAL;-1;-1;0;0;-1;-1;0;0.05000000819563866;0.034410491585731506;0.10042104870080948;96;4
C10;C10;Critico progressivo: Grooming em rodovia com fadiga;Critico;Critico;0.4219674870371818;0.4219674870371818;R1_NORMAL;40;81;42;1;67;27;0;0.05000000819563866;0.19136746227741241;0.07701347023248672;96;4
C06;C06;Critico progressivo: Fadiga noturna;Critico;Critico;0.47655539512634276;0.47655539512634276;R2_STABLE_RISK;36;81;46;1;61;25;1;0.3099006414413452;0.1594894379377365;0.11301771551370621;96;4
C08;C08;Critico progressivo: Distracao urbana multietapas;Critico;Critico;0.4566783159971237;0.4566783159971237;R3_FALSE_KIN;28;77;50;1;55;27;0;0.05000000819563866;0.3229144811630249;0.14415192604064941;96;4
N02;N02;Normal: Urbano moderado;Normal;Normal;0.050000007078051564;0.050000007078051564;R1_NORMAL;-1;-1;0;0;-1;-1;0;0.05000000819563866;0.035494040697813034;0.09757254272699356;96;4
C05;C05;Critico progressivo: Celular em rodovia;Critico;Critico;0.4695296376943588;0.4695296376943588;R3_FALSE_KIN;42;73;32;1;59;17;1;0.31099358201026917;0.3162868618965149;0.15516476333141327;96;4
C09;C09;Critico progressivo: Bebida ao volante;Critico;Critico;0.4212565079331398;0.4212565079331398;R2_STABLE_RISK;38;73;36;1;57;19;0;0.05000000819563866;0.2502383887767792;0.11983297020196915;96;4
C03;C03;Critico: Celular sem cinto sob chuva;Critico;Critico;0.3752959698438644;0.3752959698438644;R1_NORMAL;26;41;16;0;28;2;0;0.05000000819563866;0.18565408885478973;0.12017292529344559;96;4
C10;C10;Critico progressivo: Grooming em rodovia com fadiga;Critico;Critico;0.4134898349642754;0.4134898349642754;R1_NORMAL;40;81;42;1;56;16;0;0.05000000819563866;0.20537225902080536;0.11212947219610214;96;4
C06;C06;Critico progressivo: Fadiga noturna;Critico;Critico;0.4820683628320694;0.4820683628320694;R1_NORMAL;36;81;46;1;62;26;1;0.35543832182884216;0.15732960402965546;0.15299175679683685;96;4
C02;C02;Critico: Fadiga com desvio cinematico;Critico;Critico;0.39378328174352645;0.39378328174352645;R1_NORMAL;29;50;22;0;32;3;0;0.05000000819563866;0.0973152294754982;0.10634413361549377;96;4
C10;C10;Critico progressivo: Grooming em rodovia com fadiga;Critico;Critico;0.39413456171751016;0.39413456171751016;R2_STABLE_RISK;40;81;42;1;63;23;0;0.05000000819563866;0.19654452800750732;0.12153581529855728;96;4
C07;C07;Critico progressivo: Sem cinto sob chuva;Critico;Critico;0.4750840753316879;0.4750840753316879;R2_STABLE_RISK;37;75;39;1;58;21;1;0.25989577174186707;0.38305696845054626;0.19977128505706787;96;4
C03;C03;Critico: Celular sem cinto sob chuva;Critico;Critico;0.6203725069761277;0.6203725069761277;R1_NORMAL;26;41;16;0;28;2;1;0.26496800780296326;0.18439078330993652;0.16117630898952484;96;4
C07;C07;Critico progressivo: Sem cinto sob chuva;Critico;Critico;0.4054572984576225;0.4054572984576225;R2_STABLE_RISK;37;75;39;1;57;20;0;0.05000000819563866;0.3809541165828705;0.14690081775188446;96;4
C01;C01;Critico: Celular em alta velocidade;Critico;Critico;0.29102678298950196;0.29102678298950196;R1_NORMAL;32;44;13;0;34;2;0;0.05000000819563866;0.15600405633449554;0.08840698003768921;96;4
C04;C04;Critico: Multiplas distracoes urbanas;Critico;Critico;0.5602383464574814;0.5602383464574814;R2_STABLE_RISK;22;45;24;0;24;2;1;0.2283896654844284;0.2006416916847229;0.17154967784881592;96;4
C02;C02;Critico: Fadiga com desvio cinematico;Critico;Critico;0.6051420152187348;0.6051420152187348;R1_NORMAL;29;50;22;0;32;3;1;0.26587578654289246;0.09943270683288574;0.20944340527057648;96;4
N02;N02;Normal: Urbano moderado;Normal;Normal;0.050000007078051564;0.050000007078051564;R2_STABLE_RISK;-1;-1;0;0;-1;-1;0;0.05000000819563866;0.03223535791039467;0.09777712821960449;96;4
C08;C08;Critico progressivo: Distracao urbana multietapas;Critico;Critico;0.459045347571373;0.459045347571373;R1_NORMAL;28;77;50;1;53;25;0;0.05000000819563866;0.3189956843852997;0.11585130542516708;96;4
C02;C02;Critico: Fadiga com desvio cinematico;Critico;Critico;0.39378328174352645;0.39378328174352645;R3_FALSE_KIN;29;50;22;0;32;3;0;0.05000000819563866;0.10246302932500839;0.09490859508514404;96;4
C02;C02;Critico: Fadiga com desvio cinematico;Critico;Critico;0.39378328174352645;0.39378328174352645;R3_FALSE_KIN;29;50;22;0;32;3;0;0.05000000819563866;0.09392943978309631;0.1400020718574524;96;4
C05;C05;Critico progressivo: Celular em rodovia;Critico;Critico;0.4638149142265319;0.4638149142265319;R2_STABLE_RISK;42;73;32;1;58;16;1;0.26973143219947815;0.3242044448852539;0.17684854567050934;96;4
C08;C08;Critico progressivo: Distracao urbana multietapas;Critico;Critico;0.510221055150032;0.510221055150032;R1_NORMAL;28;77;50;1;55;27;1;0.29411426186561584;0.3094453811645508;0.19343291223049164;96;4
C05;C05;Critico progressivo: Celular em rodovia;Critico;Critico;0.3811211302876472;0.3811211302876472;R1_NORMAL;42;73;32;1;59;17;0;0.05000000819563866;0.31649911403656006;0.13407576084136963;96;4
C02;C02;Critico: Fadiga com desvio cinematico;Critico;Critico;0.39378328174352645;0.39378328174352645;R2_STABLE_RISK;29;50;22;0;32;3;0;0.05000000819563866;0.09774591773748398;0.129607155919075;96;4
N02;N02;Normal: Urbano moderado;Normal;Normal;0.050000007078051564;0.050000007078051564;R1_NORMAL;-1;-1;0;0;-1;-1;0;0.05000000819563866;0.029466746374964714;0.08464016765356064;96;4
C01;C01;Critico: Celular em alta velocidade;Critico;Critico;0.5270702838897705;0.5270702838897705;R3_FALSE_KIN;32;44;13;0;34;2;1;0.2786933183670044;0.15633024275302887;0.15173868834972382;96;4
N03;N03;Normal: Noite estável;Normal;Normal;0.050000007078051564;0.050000007078051564;R2_STABLE_RISK;-1;-1;0;0;-1;-1;0;0.05000000819563866;0.0250468198210001;0.09044915437698364;96;4
N01;N01;Normal: Viagem tranquila em rodovia;Normal;Normal;0.050000007078051564;0.050000007078051564;R3_FALSE_KIN;-1;-1;0;0;-1;-1;0;0.05000000819563866;0.03274771198630333;0.13846991956233978;96;4
N03;N03;Normal: Noite estável;Normal;Normal;0.050000007078051564;0.050000007078051564;R2_STABLE_RISK;-1;-1;0;0;-1;-1;0;0.05000000819563866;0.033704280853271484;0.12590642273426056;96;4
N02;N02;Normal: Urbano moderado;Normal;Normal;0.050000007078051564;0.050000007078051564;R3_FALSE_KIN;-1;-1;0;0;-1;-1;0;0.05000000819563866;0.024542691186070442;0.08293161541223526;96;4
C06;C06;Critico progressivo: Fadiga noturna;Critico;Critico;0.4309382662177086;0.4309382662177086;R3_FALSE_KIN;36;81;46;1;59;23;0;0.05000000819563866;0.1619957536458969;0.1293988823890686;96;4
C06;C06;Critico progressivo: Fadiga noturna;Critico;Critico;0.4613791853189468;0.4613791853189468;R3_FALSE_KIN;36;81;46;1;63;27;1;0.3655392825603485;0.15195418894290924;0.11167553067207336;96;4
N01;N01;Normal: Viagem tranquila em rodovia;Normal;Normal;0.050000007078051564;0.050000007078051564;R1_NORMAL;-1;-1;0;0;-1;-1;0;0.05000000819563866;0.036746371537446976;0.07171205431222916;96;4
N01;N01;Normal: Viagem tranquila em rodovia;Normal;Normal;0.050000007078051564;0.050000007078051564;R2_STABLE_RISK;-1;-1;0;0;-1;-1;0;0.05000000819563866;0.03132137283682823;0.08798820525407791;96;4
C01;C01;Critico: Celular em alta velocidade;Critico;Critico;0.29102678298950196;0.29102678298950196;R2_STABLE_RISK;32;44;13;0;34;2;0;0.05000000819563866;0.15600773692131042;0.11087006330490112;96;4
N01;N01;Normal: Viagem tranquila em rodovia;Normal;Normal;0.050000007078051564;0.050000007078051564;R2_STABLE_RISK;-1;-1;0;0;-1;-1;0;0.05000000819563866;0.031579386442899704;0.08568469434976578;96;4
C03;C03;Critico: Celular sem cinto sob chuva;Critico;Critico;0.3752959698438644;0.3752959698438644;R1_NORMAL;26;41;16;0;28;2;0;0.05000000819563866;0.1895015835762024;0.14089320600032806;96;4
C10;C10;Critico progressivo: Grooming em rodovia com fadiga;Critico;Critico;0.38923962265253065;0.38923962265253065;R1_NORMAL;40;81;42;1;64;24;0;0.05000000819563866;0.19472987949848175;0.10411127656698227;96;4
C06;C06;Critico progressivo: Fadiga noturna;Critico;Critico;0.4357642993330955;0.4357642993330955;R2_STABLE_RISK;36;81;46;1;62;26;0;0.05000000819563866;0.1493990570306778;0.07505615055561066;96;4
C08;C08;Critico progressivo: Distracao urbana multietapas;Critico;Critico;0.4337513849139213;0.4337513849139213;R2_STABLE_RISK;28;77;50;1;57;29;0;0.05000000819563866;0.3129775822162628;0.14690178632736206;96;4
C07;C07;Critico progressivo: Sem cinto sob chuva;Critico;Critico;0.4217505097389221;0.4217505097389221;R2_STABLE_RISK;37;75;39;1;53;16;0;0.05000000819563866;0.38384994864463806;0.16419881582260132;96;4
C09;C09;Critico progressivo: Bebida ao volante;Critico;Critico;0.48381389677524567;0.48381389677524567;R2_STABLE_RISK;38;73;36;1;55;17;1;0.2728813886642456;0.25917139649391174;0.16890086233615875;96;4
C09;C09;Critico progressivo: Bebida ao volante;Critico;Critico;0.39768915176391595;0.39768915176391595;R2_STABLE_RISK;38;73;36;1;59;21;0;0.05000000819563866;0.2444947212934494;0.08347523212432861;96;4
C01;C01;Critico: Celular em alta velocidade;Critico;Critico;0.29102678298950196;0.29102678298950196;R3_FALSE_KIN;32;44;13;0;34;2;0;0.05000000819563866;0.15557493269443512;0.10701920837163925;96;4
C10;C10;Critico progressivo: Grooming em rodovia com fadiga;Critico;Critico;0.47659808695316314;0.47659808695316314;R3_FALSE_KIN;40;81;42;1;61;21;1;0.32353445887565613;0.20766396820545197;0.08070975542068481;96;4
C04;C04;Critico: Multiplas distracoes urbanas;Critico;Critico;0.5702217131853103;0.5702217131853103;R2_STABLE_RISK;22;45;24;0;24;2;1;0.22943539917469025;0.20632487535476685;0.18410229682922363;96;4
C09;C09;Critico progressivo: Bebida ao volante;Critico;Critico;0.37244830727577205;0.37244830727577205;R1_NORMAL;38;73;36;1;59;21;0;0.05000000819563866;0.24861906468868256;0.13954050838947296;96;4
C02;C02;Critico: Fadiga com desvio cinematico;Critico;Critico;0.39378328174352645;0.39378328174352645;R2_STABLE_RISK;29;50;22;0;32;3;0;0.05000000819563866;0.09914207458496094;0.10268489271402359;96;4
N01;N01;Normal: Viagem tranquila em rodovia;Normal;Normal;0.050000007078051564;0.050000007078051564;R1_NORMAL;-1;-1;0;0;-1;-1;0;0.05000000819563866;0.028645843267440796;0.08179197460412979;96;4
C09;C09;Critico progressivo: Bebida ao volante;Critico;Critico;0.4033811613917351;0.4033811613917351;R2_STABLE_RISK;38;73;36;1;60;22;0;0.05000000819563866;0.25246378779411316;0.13702474534511566;96;4
N03;N03;Normal: Noite estável;Normal;Normal;0.050000007078051564;0.050000007078051564;R1_NORMAL;-1;-1;0;0;-1;-1;0;0.05000000819563866;0.027020275592803955;0.13157512247562408;96;4
C05;C05;Critico progressivo: Celular em rodovia;Critico;Critico;0.48381978571414946;0.48381978571414946;R1_NORMAL;42;73;32;1;58;16;1;0.3075011670589447;0.31664666533470154;0.1435614824295044;96;4
N03;N03;Normal: Noite estável;Normal;Normal;0.050000007078051564;0.050000007078051564;R1_NORMAL;-1;-1;0;0;-1;-1;0;0.05000000819563866;0.03743962571024895;0.13526052236557007;96;4
C08;C08;Critico progressivo: Distracao urbana multietapas;Critico;Critico;0.46507911384105677;0.46507911384105677;R2_STABLE_RISK;28;77;50;1;52;24;0;0.05000000819563866;0.3228338062763214;0.13072358071804047;96;4
C03;C03;Critico: Celular sem cinto sob chuva;Critico;Critico;0.3752959698438644;0.3752959698438644;R3_FALSE_KIN;26;41;16;0;28;2;0;0.05000000819563866;0.18930812180042267;0.1363886445760727;96;4
C01;C01;Critico: Celular em alta velocidade;Critico;Critico;0.29102678298950196;0.29102678298950196;R2_STABLE_RISK;32;44;13;0;34;2;0;0.05000000819563866;0.14842265844345093;0.14657187461853027;96;4
C10;C10;Critico progressivo: Grooming em rodovia com fadiga;Critico;Critico;0.43638600558042523;0.43638600558042523;R3_FALSE_KIN;40;81;42;1;63;23;0;0.05000000819563866;0.20315855741500854;0.12098405510187149;96;4
C08;C08;Critico progressivo: Distracao urbana multietapas;Critico;Critico;0.4180014625191688;0.4180014625191688;R3_FALSE_KIN;28;77;50;1;60;32;0;0.05000000819563866;0.3133251965045929;0.12052226066589355;96;4
C09;C09;Critico progressivo: Bebida ao volante;Critico;Critico;0.36997915953397753;0.36997915953397753;R1_NORMAL;38;73;36;1;59;21;0;0.05000000819563866;0.25511273741722107;0.14595794677734375;96;4
N02;N02;Normal: Urbano moderado;Normal;Normal;0.050000007078051564;0.050000007078051564;R2_STABLE_RISK;-1;-1;0;0;-1;-1;0;0.05000000819563866;0.029477274045348167;0.1516946405172348;96;4
C04;C04;Critico: Multiplas distracoes urbanas;Critico;Critico;0.3713889718055725;0.3713889718055725;R1_NORMAL;22;45;24;0;24;2;0;0.05000000819563866;0.19553770124912262;0.15827561914920807;96;4
C03;C03;Critico: Celular sem cinto sob chuva;Critico;Critico;0.6242957711219788;0.6242957711219788;R3_FALSE_KIN;26;41;16;0;28;2;1;0.26405611634254456;0.18729306757450104;0.16806478798389435;96;4
C02;C02;Critico: Fadiga com desvio cinematico;Critico;Critico;0.39378328174352645;0.39378328174352645;R1_NORMAL;29;50;22;0;32;3;0;0.05000000819563866;0.09797779470682144;0.10734885931015015;96;4
C06;C06;Critico progressivo: Fadiga noturna;Critico;Critico;0.47478283345699307;0.47478283345699307;R1_NORMAL;36;81;46;1;61;25;1;0.36127769947052;0.15671946108341217;0.131158247590065;96;4
C06;C06;Critico progressivo: Fadiga noturna;Critico;Critico;0.4387224122881889;0.4387224122881889;R3_FALSE_KIN;36;81;46;1;58;22;0;0.05000000819563866;0.16290844976902008;0.15482033789157867;96;4
C08;C08;Critico progressivo: Distracao urbana multietapas;Critico;Critico;0.4525454431772232;0.4525454431772232;R1_NORMAL;28;77;50;1;56;28;0;0.05000000819563866;0.3160592019557953;0.1718226671218872;96;4
