id;recipe_id;nome;categoria;class_name;risk_episode;risk_episode_severity;regime;event_start;event_end;event_duration;progressive;detectable_start_035;onset_gap_035;persistent_tail;last6_mean_clean;mean_eye_gaze;mean_lane_offset;window;sensor_level
C07;C07;Critico progressivo: Sem cinto sob chuva;Critico;Critico;0.39033476710319515;0.39033476710319515;R2_STABLE_RISK;37;75;39;1;60;23;0;0.05000000819563866;0.37855613231658936;0.1520366668701172;96;4
N02;N02;Normal: Urbano moderado;Normal;Normal;0.050000007078051564;0.050000007078051564;R1_NORMAL;-1;-1;0;0;-1;-1;0;0.05000000819563866;0.033529698848724365;0.12144868820905685;96;4
C06;C06;Critico progressivo: Fadiga noturna;Critico;Critico;0.4461031839251518;0.4461031839251518;R2_STABLE_RISK;36;81;46;1;57;21;0;0.05000000819563866;0.158497616648674;0.10558734089136124;96;4
C09;C09;Critico progressivo: Bebida ao volante;Critico;Critico;0.38889783024787905;0.38889783024787905;R1_NORMAL;38;73;36;1;60;22;0;0.05000000819563866;0.25215137004852295;0.1434895545244217;96;4
C08;C08;Critico progressivo: Distracao urbana multietapas;Critico;Critico;0.42899490594863887;0.42899490594863887;R2_STABLE_RISK;28;77;50;1;58;30;0;0.05000000819563866;0.3111485540866852;0.18280227482318878;96;4
C07;C07;Critico progressivo: Sem cinto sob chuva;Critico;Critico;0.46457973718643186;0.46457973718643186;R2_STABLE_RISK;37;75;39;1;61;24;1;0.31883126497268677;0.3670925199985504;0.1492508053779602;96;4
N02;N02;Normal: Urbano moderado;Normal;Normal;0.050000007078051564;0.050000007078051564;R2_STABLE_RISK;-1;-1;0;0;-1;-1;0;0.05000000819563866;0.02776729129254818;0.1093776598572731;96;4
C09;C09;Critico progressivo: Bebida ao volante;Critico;Critico;0.4893745273351669;0.4893745273351669;R1_NORMAL;38;73;36;1;56;18;1;0.3174560070037842;0.2567985951900482;0.16244010627269745;96;4
C07;C07;Critico progressivo: Sem cinto sob chuva;Critico;Critico;0.473613628745079;0.473613628745079;R2_STABLE_RISK;37;75;39;1;61;24;1;0.2621198296546936;0.3750428259372711;0.15846006572246552;96;4
C01;C01;Critico: Celular em alta velocidade;Critico;Critico;0.29102678298950196;0.29102678298950196;R1_NORMAL;32;44;13;0;34;2;0;0.05000000819563866;0.15669560432434082;0.1267467588186264;96;4
C04;C04;Critico: Multiplas distracoes urbanas;Critico;Critico;0.5611483216285705;0.5611483216285705;R1_NORMAL;22;45;24;0;24;2;1;0.20663511753082275;0.20282118022441864;0.1874539852142334;96;4
C09;C09;Critico progressivo: Bebida ao volante;Critico;Critico;0.46766582131385803;0.46766582131385803;R1_NORMAL;38;73;36;1;57;19;1;0.28845828771591187;0.24372641742229462;0.16098563373088837;96;4
N01;N01;Normal: Viagem tranquila em rodovia;Normal;Normal;0.050000007078051564;0.050000007078051564;R3_FALSE_KIN;-1;-1;0;0;-1;-1;0;0.05000000819563866;0.03346063569188118;0.15779142081737518;96;4
C04;C04;Critico: Multiplas distracoes urbanas;Critico;Critico;0.568321269750595;0.568321269750595;R1_NORMAL;22;45;24;0;24;2;1;0.21728986501693726;0.20458157360553741;0.15833483636379242;96;4
C10;C10;Critico progressivo: Grooming em rodovia com fadiga;Critico;Critico;0.42930735349655147;0.42930735349655147;R2_STABLE_RISK;40;81;42;1;64;24;0;0.05000000819563866;0.20319412648677826;0.10111504793167114;96;4
C07;C07;Critico progressivo: Sem cinto sob chuva;Critico;Critico;0.48517962396144865;0.48517962396144865;R1_NORMAL;37;75;39;1;61;24;1;0.29642876982688904;0.3730867803096771;0.1643923670053482;96;4
C04;C04;Critico: Multiplas distracoes urbanas;Critico;Critico;0.5672279685735702;0.5672279685735702;R2_STABLE_RISK;22;45;24;0;24;2;1;0.21191562712192535;0.2057729959487915;0.18619100749492645;96;4
C08;C08;Critico progressivo: Distracao urbana multietapas;Critico;Critico;0.4454643815755844;0.4454643815755844;R1_NORMAL;28;77;50;1;55;27;0;0.05000000819563866;0.3158082664012909;0.15745903551578522;96;4
C09;C09;Critico progressivo: Bebida ao volante;Critico;Critico;0.5050634235143661;0.5050634235143661;R3_FALSE_KIN;38;73;36;1;56;18;1;0.30121278762817383;0.248300239443779;0.1837240606546402;96;4
C03;C03;Critico: Celular sem cinto sob chuva;Critico;Critico;0.3752959698438644;0.3752959698438644;R1_NORMAL;26;41;16;0;28;2;0;0.05000000819563866;0.1843058317899704;0.12228865176439285;96;4
C08;C08;Critico progressivo: Distracao urbana multietapas;Critico;Critico;0.5382457345724105;0.5382457345724105;R1_NORMAL;28;77;50;1;54;26;1;0.3209592401981354;0.31137847900390625;0.1410559117794037;96;4
C08;C08;Critico progressivo: Distracao urbana multietapas;Critico;Critico;0.4518062651157379;0.4518062651157379;R2_STABLE_RISK;28;77;50;1;52;24;0;0.05000000819563866;0.3197387158870697;0.17284458875656128;96;4
N03;N03;Normal: Noite estável;Normal;Normal;0.050000007078051564;0.050000007078051564;R1_NORMAL;-1;-1;0;0;-1;-1;0;0.05000000819563866;0.026992155238986015;0.09520506113767624;96;4
C01;C01;Critico: Celular em alta velocidade;Critico;Critico;0.29102678298950196;0.29102678298950196;R2_STABLE_RISK;32;44;13;0;34;2;0;0.05000000819563866;0.15027467906475067;0.09905308485031128;96;4
C05;C05;Critico progressivo: Celular em rodovia;Critico;Critico;0.3893711015582085;0.3893711015582085;R3_FALSE_KIN;42;73;32;1;59;17;0;0.05000000819563866;0.3125374913215637;0.12227732688188553;96;4
C08;C08;Critico progressivo: Distracao urbana multietapas;Critico;Critico;0.4215111970901489;0.4215111970901489;R3_FALSE_KIN;28;77;50;1;54;26;0;0.05000000819563866;0.31855061650276184;0.1555098444223404;96;4
C05;C05;Critico progressivo: Celular em rodovia;Critico;Critico;0.4042612433433533;0.4042612433433533;R3_FALSE_KIN;42;73;32;1;57;15;0;0.05000000819563866;0.3163582682609558;0.10897600650787354;96;4
C03;C03;Critico: Celular sem cinto sob chuva;Critico;Critico;0.6252157151699066;0.6252157151699066;R3_FALSE_KIN;26;41;16;0;28;2;1;0.27360963821411133;0.19384507834911346;0.212881401181221;96;4
N03;N03;Normal: Noite estável;Normal;Normal;0.050000007078051564;0.050000007078051564;R2_STABLE_RISK;-1;-1;0;0;-1;-1;0;0.05000000819563866;0.02797740139067173;0.11635742336511612;96;4
C02;C02;Critico: Fadiga com desvio cinematico;Critico;Critico;0.6042017936706543;0.6042017936706543;R1_NORMAL;29;50;22;0;32;3;1;0.2666289508342743;0.09939878433942795;0.1583273857831955;96;4
C08;C08;Critico progressivo: Distracao urbana multietapas;Critico;Critico;0.4616274565458297;0.4616274565458297;R1_NORMAL;28;77;50;1;50;22;0;0.05000000819563866;0.32435324788093567;0.12221299856901169;96;4
C10;C10;Critico progressivo: Grooming em rodovia com fadiga;Critico;Critico;0.40213356763124464;0.40213356763124464;R1_NORMAL;40;81;42;1;59;19;0;0.05000000819563866;0.20456869900226593;0.15630187094211578;96;4
N02;N02;Normal: Urbano moderado;Normal;Normal;0.050000007078051564;0.050000007078051564;R2_STABLE_RISK;-1;-1;0;0;-1;-1;0;0.05000000819563866;0.02583582140505314;0.09830522537231445;96;4
N02;N02;Normal: Urbano moderado;Normal;Normal;0.050000007078051564;0.050000007078051564;R2_STABLE_RISK;-1;-1;0;0;-1;-1;0;0.05000000819563866;0.030688012018799782;0.11865385621786118;96;4
C02;C02;Critico: Fadiga com desvio cinematico;Critico;Critico;0.39378328174352645;0.39378328174352645;R1_NORMAL;29;50;22;0;32;3;0;0.05000000819563866;0.09175267070531845;0.11068129539489746;96;4
N03;N03;Normal: Noite estável;Normal;Normal;0.050000007078051564;0.050000007078051564;R2_STABLE_RISK;-1;-1;0;0;-1;-1;0;0.05000000819563866;0.03351876139640808;0.12077102810144424;96;4
N02;N02;Normal: Urbano moderado;Normal;Normal;0.050000007078051564;0.050000007078051564;R1_NORMAL;-1;-1;0;0;-1;-1;0;0.05000000819563866;0.03230805695056915;0.10896942764520645;96;4
C08;C08;Critico progressivo: Distracao urbana multietapas;Critico;Critico;0.43903852850198744;0.43903852850198744;R2_STABLE_RISK;28;77;50;1;57;29;0;0.05000000819563866;0.3097666800022125;0.13125301897525787;96;4
C05;C05;Critico progressivo: Celular em rodovia;Critico;Critico;0.37545981705188747;0.37545981705188747;R3_FALSE_KIN;42;73;32;1;61;19;0;0.05000000819563866;0.31141671538352966;0.14532066881656647;96;4
C06;C06;Critico progressivo: Fadiga noturna;Critico;Critico;0.5008971184492111;0.5008971184492111;R3_FALSE_KIN;36;81;46;1;59;23;1;0.355172723531723;0.16348005831241608;0.10803374648094177;96;4
C04;C04;Critico: Multiplas distracoes urbanas;Critico;Critico;0.3713889718055725;0.3713889718055725;R1_NORMAL;22;45;24;0;24;2;0;0.05000000819563866;0.20370590686798096;0.09478486329317093;96;4
C02;C02;Critico: Fadiga com desvio cinematico;Critico;Critico;0.39378328174352645;0.39378328174352645;R2_STABLE_RISK;29;50;22;0;32;3;0;0.05000000819563866;0.09796905517578125;0.10113737732172012;96;4
C06;C06;Critico progressivo: Fadiga noturna;Critico;Critico;0.49337264001369474;0.49337264001369474;R1_NORMAL;36;81;46;1;64;28;1;0.3227067291736603;0.15928173065185547;0.1379404067993164;96;4
C06;C06;Critico progressivo: Fadiga noturna;Critico;Critico;0.4133054137229919;0.4133054137229919;R3_FALSE_KIN;36;81;46;1;63;27;0;0.05000000819563866;0.15543323755264282;0.09899067133665085;96;4
N02;N02;Normal: Urbano moderado;Normal;Normal;0.050000007078051564;0.050000007078051564;R2_STABLE_RISK;-1;-1;0;0;-1;-1;0;0.05000000819563866;0.034322191029787064;0.09100472927093506;96;4
C10;C10;Critico progressivo: Grooming em rodovia com fadiga;Critico;Critico;0.4996263653039932;0.4996263653039932;R2_STABLE_RISK;40;81;42;1;59;19;1;0.3601667582988739;0.20142044126987457;0.10981764644384384;96;4
C05;C05;Critico progressivo: Celular em rodovia;Critico;Critico;0.4766244441270828;0.4766244441270828;R3_FALSE_KIN;42;73;32;1;59;17;1;0.27002719044685364;0.3209730386734009;0.1588011533021927;96;4
C04;C04;Critico: Multiplas distracoes urbanas;Critico;Critico;0.5771245151758193;0.5771245151758193;R2_STABLE_RISK;22;45;24;0;24;2;1;0.2605626583099365;0.20674192905426025;0.22882027924060822;96;4
C05;C05;Critico progressivo: Celular em rodovia;Critico;Critico;0.3621645703911781;0.3621645703911781;R1_NORMAL;42;73;32;1;61;19;0;0.05000000819563866;0.3133237063884735;0.13180473446846008;96;4
C05;C05;Critico progressivo: Celular em rodovia;Critico;Critico;0.37792277485132214;0.37792277485132214;R1_NORMAL;42;73;32;1;61;19;0;0.05000000819563866;0.3116077482700348;0.1606314331293106;96;4
C01;C01;Critico: Celular em alta velocidade;Critico;Critico;0.29102678298950196;0.29102678298950196;R3_FALSE_KIN;32;44;13;0;34;2;0;0.05000000819563866;0.15789759159088135;0.12365472316741943;96;4
C07;C07;Critico progressivo: Sem cinto sob chuva;Critico;Critico;0.4108811184763908;0.4108811184763908;R1_NORMAL;37;75;39;1;59;22;0;0.05000000819563866;0.37721559405326843;0.14526033401489258;96;4
C04;C04;Critico: Multiplas distracoes urbanas;Critico;Critico;0.5616394758224487;0.5616394758224487;R3_FALSE_KIN;22;45;24;0;24;2;1;0.26826784014701843;0.20847050845623016;0.1868920773267746;96;4
C03;C03;Critico: Celular sem cinto sob chuva;Critico;Critico;0.3752959698438644;0.3752959698438644;R3_FALSE_KIN;26;41;16;0;28;2;0;0.05000000819563866;0.19635768234729767;0.13368232548236847;96;4
C05;C05;Critico progressivo: Celular em rodovia;Critico;Critico;0.3722361013293266;0.3722361013293266;R2_STABLE_RISK;42;73;32;1;61;19;0;0.05000000819563866;0.3145763576030731;0.13413472473621368;96;4
N02;N02;Normal: Urbano moderado;Normal;Normal;0.050000007078051564;0.050000007078051564;R1_NORMAL;-1;-1;0;0;-1;-1;0;0.05000000819563866;0.03186177834868431;0.10827932506799698;96;4
C09;C09;Critico progressivo: Bebida ao volante;Critico;Critico;0.42473871260881424;0.42473871260881424;R2_STABLE_RISK;38;73;36;1;54;16;0;0.05000000819563866;0.25704649090766907;0.12028440088033676;96;4
C02;C02;Critico: Fadiga com desvio cinematico;Critico;Critico;0.5907286614179611;0.5907286614179611;R2_STABLE_RISK;29;50;22;0;32;3;1;0.24235914647579193;0.09866542369127274;0.15591047704219818;96;4
C05;C05;Critico progressivo: Celular em rodovia;Critico;Critico;0.48703093230724337;0.48703093230724337;R3_FALSE_KIN;42;73;32;1;58;16;1;0.2566937208175659;0.32050588726997375;0.11321372538805008;96;4
C05;C05;Critico progressivo: Celular em rodovia;Critico;Critico;0.35955105572938917;0.35955105572938917;R2_STABLE_RISK;42;73;32;1;59;17;0;0.05000000819563866;0.3191179037094116;0.14889216423034668;96;4
C08;C08;Critico progressivo: Distracao urbana multietapas;Critico;Critico;0.4244182839989662;0.4244182839989662;R3_FALSE_KIN;28;77;50;1;53;25;0;0.05000000819563866;0.3118981719017029;0.14972023665905;96;4
C07;C07;Critico progressivo: Sem cinto sob chuva;Critico;Critico;0.42273980230093;0.42273980230093;R1_NORMAL;37;75;39;1;58;21;0;0.05000000819563866;0.38198840618133545;0.11737629026174545;96;4
C09;C09;Critico progressivo: Bebida ao volante;Critico;Critico;0.40769841670989987;0.40769841670989987;R1_NORMAL;38;73;36;1;58;20;0;0.05000000819563866;0.24943697452545166;0.13335798680782318;96;4
N01;N01;Normal: Viagem tranquila em rodovia;Normal;Normal;0.050000007078051564;0.050000007078051564;R2_STABLE_RISK;-1;-1;0;0;-1;-1;0;0.05000000819563866;0.030434606596827507;0.0978008434176445;96;4
N02;N02;Normal: Urbano moderado;Normal;Normal;0.050000007078051564;0.050000007078051564;R2_STABLE_RISK;-1;-1;0;0;-1;-1;0;0.05000000819563866;0.029338577762246132;0.10215308517217636;96;4
C05;C05;Critico progressivo: Celular em rodovia;Critico;Critico;0.36815351396799084;0.36815351396799084;R3_FALSE_KIN;42;73;32;1;58;16;0;0.05000000819563866;0.31523263454437256;0.14358358085155487;96;4
C03;C03;Critico: Celular sem cinto sob chuva;Critico;Critico;0.3752959698438644;0.3752959698438644;R1_NORMAL;26;41;16;0;28;2;0;0.05000000819563866;0.1868358850479126;0.0965363159775734;96;4
C04;C04;Critico: Multiplas distracoes urbanas;Critico;Critico;0.5672389596700669;0.5672389596700669;R3_FALSE_KIN;22;45;24;0;24;2;1;0.2484956979751587;0.20741938054561615;0.17226141691207886;96;4
N01;N01;Normal: Viagem tranquila em rodovia;Normal;Normal;0.050000007078051564;0.050000007078051564;R2_STABLE_RISK;-1;-1;0;0;-1;-1;0;0.05000000819563866;0.03177798166871071;0.09726545214653015;96;4
C01;C01;Critico: Celular em alta velocidade;Critico;Critico;0.29102678298950196;0.29102678298950196;R1_NORMAL;32;44;13;0;34;2;0;0.05000000819563866;0.14863978326320648;0.14347471296787262;96;4
C01;C01;Critico: Celular em alta velocidade;Critico;Critico;0.53504478931427;0.53504478931427;R1_NORMAL;32;44;13;0;34;2;1;0.26452311873435974;0.16611100733280182;0.21782664954662323;96;4
C01;C01;Critico: Celular em alta velocidade;Critico;Critico;0.5240468978881836;0.5240468978881836;R3_FALSE_KIN;32;44;13;0;34;2;1;0.2537987530231476;0.1578371375799179;0.16050660610198975;96;4
C09;C09;Critico progressivo: Bebida ao volante;Critico;Critico;0.38079336434602734;0.38079336434602734;R2_STABLE_RISK;38;73;36;1;59;21;0;0.05000000819563866;0.24513006210327148;0.11406902223825455;96;4
C02;C02;Critico: Fadiga com desvio cinematico;Critico;Critico;0.39378328174352645;0.39378328174352645;R3_FALSE_KIN;29;50;22;0;32;3;0;0.05000000819563866;0.09968394041061401;0.15108689665794373;96;4
C02;C02;Critico: Fadiga com desvio cinematico;Critico;Critico;0.39378328174352645;0.39378328174352645;R1_NORMAL;29;50;22;0;32;3;0;0.05000000819563866;0.09058690071105957;0.14324013888835907;96;4
N01;N01;Normal: Viagem tranquila em rodovia;Normal;Normal;0.050000007078051564;0.050000007078051564;R2_STABLE_RISK;-1;-1;0;0;-1;-1;0;0.05000000819563866;0.034465063363313675;0.11213309317827225;96;4
C05;C05;Critico progressivo: Celular em rodovia;Critico;Critico;0.40018639415502544;0.40018639415502544;R1_NORMAL;42;73;32;1;58;16;0;0.05000000819563866;0.31731173396110535;0.17112396657466888;96;4
C05;C05;Critico progressivo: Celular em rodovia;Critico;Critico;0.4560261160135269;0.4560261160135269;R2_STABLE_RISK;42;73;32;1;58;16;1;0.23419027030467987;0.31593045592308044;0.12611716985702515;96;4
C07;C07;Critico progressivo: Sem cinto sob chuva;Critico;Critico;0.42115126252174373;0.42115126252174373;R3_FALSE_KIN;37;75;39;1;58;21;0;0.05000000819563866;0.3728221654891968;0.13630686700344086;96;4
N02;N02;Normal: Urbano moderado;Normal;Normal;0.050000007078051564;0.050000007078051564;R1_NORMAL;-1;-1;0;0;-1;-1;0;0.05000000819563866;0.030877085402607918;0.1362021118402481;96;4
C03;C03;Critico: Celular sem cinto sob chuva;Critico;Critico;0.3752959698438644;0.3752959698438644;R1_NORMAL;26;41;16;0;28;2;0;0.05000000819563866;0.19259493052959442;0.1369001716375351;96;4
C02;C02;Critico: Fadiga com desvio cinematico;Critico;Critico;0.6006473034620285;0.6006473034620285;R1_NORMAL;29;50;22;0;32;3;1;0.27924272418022156;0.10308348387479782;0.2082127183675766;96;4
C06;C06;Critico progressivo: Fadiga noturna;Critico;Critico;0.41887981891632076;0.41887981891632076;R1_NORMAL;36;81;46;1;60;24;0;0.05000000819563866;0.1551525741815567;0.09421465545892715;96;4
N02;N02;Normal: Urbano moderado;Normal;Normal;0.050000007078051564;0.050000007078051564;R2_STABLE_RISK;-1;-1;0;0;-1;-1;0;0.05000000819563866;0.02425140142440796;0.1174856498837471;96;4
C10;C10;Critico progressivo: Grooming em rodovia com fadiga;Critico;Critico;0.4088606417179107;0.4088606417179107;R2_STABLE_RISK;40;81;42;1;59;19;0;0.05000000819563866;0.19297076761722565;0.09382376074790955;96;4
C07;C07;Critico progressivo: Sem cinto sob chuva;Critico;Critico;0.4695747345685959;0.4695747345685959;R1_NORMAL;37;75;39;1;60;23;1;0.3049122989177704;0.3715240955352783;0.1333244889974594;96;4
C01;C01;Critico: Celular em alta velocidade;Critico;Critico;0.29102678298950196;0.29102678298950196;R3_FALSE_KIN;32;44;13;0;34;2;0;0.05000000819563866;0.15399618446826935;0.1138208881020546;96;4
C03;C03;Critico: Celular sem cinto sob chuva;Critico;Critico;0.3752959698438644;0.3752959698438644;R2_STABLE_RISK;26;41;16;0;28;2;0;0.05000000819563866;0.19065944850444794;0.1417234092950821;96;4
C04;C04;Critico: Multiplas distracoes urbanas;Critico;Critico;0.3713889718055725;0.3713889718055725;R3_FALSE_KIN;22;45;24;0;24;2;0;0.05000000819563866;0.20499654114246368;0.12934738397598267;96;4
N02;N02;Normal: Urbano moderado;Normal;Normal;0.050000007078051564;0.050000007078051564;R1_NORMAL;-1;-1;0;0;-1;-1;0;0.05000000819563866;0.03056970424950123;0.0874427929520607;96;4
C06;C06;Critico progressivo: Fadiga noturna;Critico;Critico;0.44585044831037524;0.44585044831037524;R1_NORMAL;36;81;46;1;58;22;0;0.05000000819563866;0.1561592072248459;0.1437212973833084;96;4
C05;C05;Critico progressivo: Celular em rodovia;Critico;Critico;0.46284759044647217;0.46284759044647217;R2_STABLE_RISK;42;73;32;1;57;15;1;0.2626805007457733;0.325724720954895;0.13988132774829865;96;4
N01;N01;Normal: Viagem tranquila em rodovia;Normal;Normal;0.050000007078051564;0.050000007078051564;R1_NORMAL;-1;-1;0;0;-1;-1;0;0.05000000819563866;0.034677814692258835;0.12336587905883789;96;4
N03;N03;Normal: Noite estável;Normal;Normal;0.050000007078051564;0.050000007078051564;R3_FALSE_KIN;-1;-1;0;0;-1;-1;0;0.05000000819563866;0.03286096081137657;0.07669932395219803;96;4
N02;N02;Normal: Urbano moderado;Normal;Normal;0.050000007078051564;0.050000007078051564;R2_STABLE_RISK;-1;-1;0;0;-1;-1;0;0.05000000819563866;0.03508714586496353;0.08009930700063705;96;4
C10;C10;Critico progressivo: Grooming em rodovia com fadiga;Critico;Critico;0.4289455890655517;0.4289455890655517;R2_STABLE_RISK;40;81;42;1;63;23;0;0.05000000819563866;0.21221411228179932;0.12005424499511719;96;4
N03;N03;Normal: Noite estável;Normal;Normal;0.050000007078051564;0.050000007078051564;R2_STABLE_RISK;-1;-1;0;0;-1;-1;0;0.05000000819563866;0.03253895416855812;0.09621081501245499;96;4
C06;C06;Critico progressivo: Fadiga noturna;Critico;Critico;0.4486328050494194;0.4486328050494194;R1_NORMAL;36;81;46;1;58;22;0;0.05000000819563866;0.16563273966312408;0.08661151677370071;96;4
C07;C07;Critico progressivo: Sem cinto sob chuva;Critico;Critico;0.4350871309638023;0.4350871309638023;R3_FALSE_KIN;37;75;39;1;57;20;0;0.05000000819563866;0.38539788126945496;0.10893464088439941;96;4
C08;C08;Critico progressivo: Distracao urbana multietapas;Critico;Critico;0.42923368513584137;0.42923368513584137;R3_FALSE_KIN;28;77;50;1;52;24;0;0.05000000819563866;0.3191507160663605;0.13751912117004395;96;4
C04;C04;Critico: Multiplas distracoes urbanas;Critico;Critico;0.3713889718055725;0.3713889718055725;R2_STABLE_RISK;22;45;24;0;24;2;0;0.05000000819563866;0.20191538333892822;0.1422169953584671;96;4
C07;C07;Critico progressivo: Sem cinto sob chuva;Critico;Critico;0.39917503148317335;0.39917503148317335;R3_FALSE_KIN;37;75;39;1;58;21;0;0.05000000819563866;0.3818247318267822;0.1441337615251541;96;4
C07;C07;Critico progressivo: Sem cinto sob chuva;Critico;Critico;0.3840420946478843;0.3840420946478843;R1_NORMAL;37;75;39;1;62;25;0;0.05000000819563866;0.3756631910800934;0.14802183210849762;96;4
N01;N01;Normal: Viagem tranquila em rodovia;Normal;Normal;0.050000007078051564;0.050000007078051564;R2_STABLE_RISK;-1;-1;0;0;-1;-1;0;0.05000000819563866;0.03776196017861366;0.07105115801095963;96;4
C08;C08;Critico progressivo: Distracao urbana multietapas;Critico;Critico;0.45038040578365324;0.45038040578365324;R2_STABLE_RISK;28;77;50;1;52;24;0;0.05000000819563866;0.3138197660446167;0.13105745613574982;96;4
C09;C09;Critico progressivo: Bebida ao volante;Critico;Critico;0.4454555720090866;0.4454555720090866;R2_STABLE_RISK;38;73;36;1;56;18;1;0.2535681128501892;0.24992643296718597;0.2042304426431656;96;4
C02;C02;Critico: Fadiga com desvio cinematico;Critico;Critico;0.39378328174352645;0.39378328174352645;R2_STABLE_RISK;29;50;22;0;32;3;0;0.05000000819563866;0.09719862788915634;0.14223623275756836;96;4
C04;C04;Critico: Multiplas distracoes urbanas;Critico;Critico;0.3713889718055725;0.3713889718055725;R1_NORMAL;22;45;24;0;24;2;0;0.05000000819563866;0.19871115684509277;0.16408923268318176;96;4
N01;N01;Normal: Viagem tranquila em rodovia;Normal;Normal;0.050000007078051564;0.050000007078051564;R1_NORMAL;-1;-1;0;0;-1;-1;0;0.05000000819563866;0.02931278944015503;0.12733061611652374;96;4
C06;C06;Critico progressivo: Fadiga noturna;Critico;Critico;0.40191316008567807;0.40191316008567807;R1_NORMAL;36;81;46;1;64;28;0;0.05000000819563866;0.15152980387210846;0.11371549963951111;96;4
N01;N01;Normal: Viagem tranquila em rodovia;Normal;Normal;0.050000007078051564;0.050000007078051564;R1_NORMAL;-1;-1;0;0;-1;-1;0;0.05000000819563866;0.027777737006545067;0.0747496485710144;96;4
C06;C06;Critico progressivo: Fadiga noturna;Critico;Critico;0.48066773414611813;0.48066773414611813;R2_STABLE_RISK;36;81;46;1;61;25;1;0.3359341621398926;0.16483734548091888;0.13277988135814667;96;4
C07;C07;Critico progressivo: Sem cinto sob chuva;Critico;Critico;0.41237182170152664;0.41237182170152664;R1_NORMAL;37;75;39;1;58;21;0;0.05000000819563866;0.37101614475250244;0.12394081801176071;96;4
C07;C07;Critico progressivo: Sem cinto sob chuva;Critico;Critico;0.4904903799295425;0.4904903799295425;R1_NORMAL;37;75;39;1;59;22;1;0.3068709075450897;0.3916725218296051;0.1756402999162674;96;4
C06;C06;Critico progressivo: Fadiga noturna;Critico;Critico;0.40475539416074746;0.40475539416074746;R2_STABLE_RISK;36;81;46;1;62;26;0;0.05000000819563866;0.16353517770767212;0.12767016887664795;96;4
N03;N03;Normal: Noite estável;Normal;Normal;0.050000007078051564;0.050000007078051564;R1_NORMAL;-1;-1;0;0;-1;-1;0;0.05000000819563866;0.029969504103064537;0.09013650566339493;96;4
N03;N03;Normal: Noite estável;Normal;Normal;0.050000007078051564;0.050000007078051564;R1_NORMAL;-1;-1;0;0;-1;-1;0;0.05000000819563866;0.03593463450670242;0.1127462089061737;96;4
C08;C08;Critico progressivo: Distracao urbana multietapas;Critico;Critico;0.5304510027170181;0.5304510027170181;R2_STABLE_RISK;28;77;50;1;53;25;1;0.31583350896835327;0.31754299998283386;0.1494612842798233;96;4
C07;C07;Critico progressivo: Sem cinto sob chuva;Critico;Critico;0.4193904593586922;0.4193904593586922;R2_STABLE_RISK;37;75;39;1;60;23;0;0.05000000819563866;0.3876878321170807;0.1239563524723053;96;4
C01;C01;Critico: Celular em alta velocidade;Critico;Critico;0.29102678298950196;0.29102678298950196;R1_NORMAL;32;44;13;0;34;2;0;0.05000000819563866;0.15140880644321442;0.1299881488084793;96;4
N02;N02;Normal: Urbano moderado;Normal;Normal;0.050000007078051564;0.050000007078051564;R2_STABLE_RISK;-1;-1;0;0;-1;-1;0;0.05000000819563866;0.031023720279335976;0.10572097450494766;96;4
C06;C06;Critico progressivo: Fadiga noturna;Critico;Critico;0.4194589421153069;0.4194589421153069;R1_NORMAL;36;81;46;1;54;18;0;0.05000000819563866;0.15912148356437683;0.10699167847633362;96;4
C06;C06;Critico progressivo: Fadiga noturna;Critico;Critico;0.46778047680854795;0.46778047680854795;R2_STABLE_RISK;36;81;46;1;58;22;0;0.05000000819563866;0.16812105476856232;0.12957768142223358;96;4
C01;C01;Critico: Celular em alta velocidade;Critico;Critico;0.29102678298950196;0.29102678298950196;R1_NORMAL;32;44;13;0;34;2;0;0.05000000819563866;0.15351465344429016;0.1712222844362259;96;4
N01;N01;Normal: Viagem tranquila em rodovia;Normal;Normal;0.050000007078051564;0.050000007078051564;R1_NORMAL;-1;-1;0;0;-1;-1;0;0.05000000819563866;0.028754524886608124;0.07587726414203644;96;4
C02;C02;Critico: Fadiga com desvio cinematico;Critico;Critico;0.39378328174352645;0.39378328174352645;R2_STABLE_RISK;29;50;22;0;32;3;0;0.05000000819563866;0.09885988384485245;0.17228440940380096;96;4
C03;C03;Critico: Celular sem cinto sob chuva;Critico;Critico;0.6069378167390823;0.6069378167390823;R1_NORMAL;26;41;16;0;28;2;1;0.21844004094600677;0.18426798284053802;0.20340383052825928;96;4
C08;C08;Critico progressivo: Distracao urbana multietapas;Critico;Critico;0.4318350315093994;0.4318350315093994;R1_NORMAL;28;77;50;1;56;28;0;0.05000000819563866;0.31227993965148926;0.12431764602661133;96;4
N01;N01;Normal: Viagem tranquila em rodovia;Normal;Normal;0.050000007078051564;0.050000007078051564;R1_NORMAL;-1;-1;0;0;-1;-1;0;0.05000000819563866;0.029662616550922394;0.07917464524507523;96;4
C08;C08;Critico progressivo: Distracao urbana multietapas;Critico;Critico;0.5275171369314193;0.5275171369314193;R2_STABLE_RISK;28;77;50;1;47;19;1;0.3348939120769501;0.3268497884273529;0.178571417927742;96;4
C02;C02;Critico: Fadiga com desvio cinematico;Critico;Critico;0.5982568532228469;0.5982568532228469;R2_STABLE_RISK;29;50;22;0;32;3;1;0.26593732833862305;0.10430905967950821;0.1767762452363968;96;4
C09;C09;Critico progressivo: Bebida ao volante;Critico;Critico;0.40107584595680235;0.40107584595680235;R1_NORMAL;38;73;36;1;60;22;0;0.05000000819563866;0.24111229181289673;0.15344978868961334;96;4
C09;C09;Critico progressivo: Bebida ao volante;Critico;Critico;0.48378070294857023;0.48378070294857023;R1_NORMAL;38;73;36;1;56;18;1;0.3141627311706543;0.2528489828109741;0.1255693882703781;96;4
C06;C06;Critico progressivo: Fadiga noturna;Critico;Critico;0.402594518661499;0.402594518661499;R1_NORMAL;36;81;46;1;63;27;0;0.05000000819563866;0.15447025001049042;0.09435691684484482;96;4
C06;C06;Critico progressivo: Fadiga noturna;Critico;Critico;0.45479561090469356;0.45479561090469356;R2_STABLE_RISK;36;81;46;1;59;23;1;0.3138200044631958;0.15645617246627808;0.11530151218175888;96;4
C04;C04;Critico: Multiplas distracoes urbanas;Critico;Critico;0.3713889718055725;0.3713889718055725;R3_FALSE_KIN;22;45;24;0;24;2;0;0.05000000819563866;0.20261768996715546;0.15879303216934204;96;4
C03;C03;Critico: Celular sem cinto sob chuva;Critico;Critico;0.3752959698438644;0.3752959698438644;R1_NORMAL;26;41;16;0;28;2;0;0.05000000819563866;0.18686319887638092;0.12793761491775513;96;4
C04;C04;Critico: Multiplas distracoes urbanas;Critico;Critico;0.3713889718055725;0.3713889718055725;R2_STABLE_RISK;22;45;24;0;24;2;0;0.05000000819563866;0.19742895662784576;0.14437545835971832;96;4
N01;N01;Normal: Viagem tranquila em rodovia;Normal;Normal;0.050000007078051564;0.050000007078051564;R2_STABLE_RISK;-1;-1;0;0;-1;-1;0;0.05000000819563866;0.02925536036491394;0.10699985176324844;96;4
C05;C05;Critico progressivo: Celular em rodovia;Critico;Critico;0.38310526013374324;0.38310526013374324;R2_STABLE_RISK;42;73;32;1;57;15;0;0.05000000819563866;0.3082042932510376;0.10455623269081116;96;4
C06;C06;Critico progressivo: Fadiga noturna;Critico;Critico;0.4507326871156693;0.4507326871156693;R3_FALSE_KIN;36;81;46;1;57;21;0;0.05000000819563866;0.1590002328157425;0.10908936709165573;96;4
C10;C10;Critico progressivo: Grooming em rodovia com fadiga;Critico;Critico;0.42305021882057187;0.42305021882057187;R1_NORMAL;40;81;42;1;63;23;0;0.05000000819563866;0.19930970668792725;0.1358693391084671;96;4
C05;C05;Critico progressivo: Celular em rodovia;Critico;Critico;0.4847488284111023;0.4847488284111023;R1_NORMAL;42;73;32;1;62;20;1;0.2576562166213989;0.3120085895061493;0.14966712892055511;96;4
N03;N03;Normal: Noite estável;Normal;Normal;0.050000007078051564;0.050000007078051564;R1_NORMAL;-1;-1;0;0;-1;-1;0;0.05000000819563866;0.03352351859211922;0.0722527876496315;96;4
C03;C03;Critico: Celular sem cinto sob chuva;Critico;Critico;0.3752959698438644;0.3752959698438644;R1_NORMAL;26;41;16;0;28;2;0;0.05000000819563866;0.18419134616851807;0.14265644550323486;96;4
C08;C08;Critico progressivo: Distracao urbana multietapas;Critico;Critico;0.44371190816164013;0.44371190816164013;R1_NORMAL;28;77;50;1;59;31;0;0.05000000819563866;0.3143032193183899;0.16132478415966034;96;4
C01;C01;Critico: Celular em alta velocidade;Critico;Critico;0.29102678298950196;0.29102678298950196;R2_STABLE_RISK;32;44;13;0;34;2;0;0.05000000819563866;0.15440817177295685;0.1239432692527771;96;4
N03;N03;Normal: Noite estável;Normal;Normal;0.050000007078051564;0.050000007078051564;R2_STABLE_RISK;-1;-1;0;0;-1;-1;0;0.05000000819563866;0.03473518788814545;0.07734348624944687;96;4
N02;N02;Normal: Urbano moderado;Normal;Normal;0.050000007078051564;0.050000007078051564;R2_STABLE_RISK;-1;-1;0;0;-1;-1;0;0.05000000819563866;0.03633849322795868;0.10570601373910904;96;4
C03;C03;Critico: Celular sem cinto sob chuva;Critico;Critico;0.6222795397043228;0.6222795397043228;R1_NORMAL;26;41;16;0;28;2;1;0.2653473913669586;0.19274623692035675;0.17109571397304535;96;4
N03;N03;Normal: Noite estável;Normal;Normal;0.050000007078051564;0.050000007078051564;R2_STABLE_RISK;-1;-1;0;0;-1;-1;0;0.05000000819563866;0.03689756616950035;0.14599798619747162;96;4
C05;C05;Critico progressivo: Celular em rodovia;Critico;Critico;0.37632406204938884;0.37632406204938884;R3_FALSE_KIN;42;73;32;1;61;19;0;0.05000000819563866;0.3131040632724762;0.1373605877161026;96;4
C07;C07;Critico progressivo: Sem cinto sob chuva;Critico;Critico;0.4070302605628967;0.4070302605628967;R2_STABLE_RISK;37;75;39;1;58;21;0;0.05000000819563866;0.37841281294822693;0.1033589318394661;96;4
C07;C07;Critico progressivo: Sem cinto sob chuva;Critico;Critico;0.4018734470009804;0.4018734470009804;R3_FALSE_KIN;37;75;39;1;57;20;0;0.05000000819563866;0.3768526017665863;0.12327030301094055;96;4
N03;N03;Normal: Noite estável;Normal;Normal;0.050000007078051564;0.050000007078051564;R1_NORMAL;-1;-1;0;0;-1;-1;0;0.05000000819563866;0.030528897419571877;0.1042448878288269;96;4
N01;N01;Normal: Viagem tranquila em rodovia;Normal;Normal;0.050000007078051564;0.050000007078051564;R2_STABLE_RISK;-1;-1;0;0;-1;-1;0;0.05000000819563866;0.029249003157019615;0.12288288027048111;96;4
N03;N03;Normal: Noite estável;Normal;Normal;0.050000007078051564;0.050000007078051564;R3_FALSE_KIN;-1;-1;0;0;-1;-1;0;0.05000000819563866;0.034211400896310806;0.10066062211990356;96;4
C10;C10;Critico progressivo: Grooming em rodovia com fadiga;Critico;Critico;0.4483139544725418;0.4483139544725418;R1_NORMAL;40;81;42;1;62;22;1;0.31567659974098206;0.19631175696849823;0.12171540409326553;96;4
C01;C01;Critico: Celular em alta velocidade;Critico;Critico;0.29102678298950196;0.29102678298950196;R3_FALSE_KIN;32;44;13;0;34;2;0;0.05000000819563866;0.15232843160629272;0.08603841066360474;96;4
C01;C01;Critico: Celular em alta velocidade;Critico;Critico;0.29102678298950196;0.29102678298950196;R1_NORMAL;32;44;13;0;34;2;0;0.05000000819563866;0.15359348058700562;0.09516962617635727;96;4
C10;C10;Critico progressivo: Grooming em rodovia com fadiga;Critico;Critico;0.4196992382407188;0.4196992382407188;R3_FALSE_KIN;40;81;42;1;63;23;0;0.05000000819563866;0.20136414468288422;0.1208595335483551;96;4
C09;C09;Critico progressivo: Bebida ao volante;Critico;Critico;0.4177629932761192;0.4177629932761192;R1_NORMAL;38;73;36;1;56;18;0;0.05000000819563866;0.24815170466899872;0.10200154781341553;96;4
C07;C07;Critico progressivo: Sem cinto sob chuva;Critico;Critico;0.4258308097720146;0.4258308097720146;R1_NORMAL;37;75;39;1;57;20;0;0.05000000819563866;0.37673547863960266;0.1583138108253479;96;4
C09;C09;Critico progressivo: Bebida ao volante;Critico;Critico;0.41683209389448167;0.41683209389448167;R2_STABLE_RISK;38;73;36;1;57;19;0;0.05000000819563866;0.250428706407547;0.1422308087348938;96;4
C03;C03;Critico: Celular sem cinto sob chuva;Critico;Critico;0.3752959698438644;0.3752959698438644;R3_FALSE_KIN;26;41;16;0;28;2;0;0.05000000819563866;0.1834605485200882;0.1243656650185585;96;4
C05;C05;Critico progressivo: Celular em rodovia;Critico;Critico;0.485377362370491;0.485377362370491;R1_NORMAL;42;73;32;1;58;16;1;0.3062938153743744;0.318075031042099;0.14832165837287903;96;4
C08;C08;Critico progressivo: Distracao urbana multietapas;Critico;Critico;0.4416647598147392;0.4416647598147392;R1_NORMAL;28;77;50;1;54;26;0;0.05000000819563866;0.31857234239578247;0.14765559136867523;96;4
C10;C10;Critico progressivo: Grooming em rodovia com fadiga;Critico;Critico;0.41640022248029707;0.41640022248029707;R2_STABLE_RISK;40;81;42;1;60;20;0;0.05000000819563866;0.20636940002441406;0.08668298274278641;96;4
C05;C05;Critico progressivo: Celular em rodovia;Critico;Critico;0.47517971098423;0.47517971098423;R1_NORMAL;42;73;32;1;61;19;1;0.25000783801078796;0.31735584139823914;0.15595519542694092;96;4
N01;N01;Normal: Viagem tranquila em rodovia;Normal;Normal;0.050000007078051564;0.050000007078051564;R1_NORMAL;-1;-1;0;0;-1;-1;0;0.05000000819563866;0.028975164517760277;0.1276242733001709;96;4
C06;C06;Critico progressivo: Fadiga noturna;Critico;Critico;0.4789854258298874;0.4789854258298874;R1_NORMAL;36;81;46;1;64;28;1;0.329583078622818;0.15633328258991241;0.11085474491119385;96;4
N02;N02;Normal: Urbano moderado;Normal;Normal;0.050000007078051564;0.050000007078051564;R2_STABLE_RISK;-1;-1;0;0;-1;-1;0;0.05000000819563866;0.028273941949009895;0.10016819834709167;96;4
C05;C05;Critico progressivo: Celular em rodovia;Critico;Critico;0.4040324851870537;0.4040324851870537;R1_NORMAL;42;73;32;1;58;16;0;0.05000000819563866;0.32000136375427246;0.1669359803199768;96;4
C05;C05;Critico progressivo: Celular em rodovia;Critico;Critico;0.39254143089056015;0.39254143089056015;R1_NORMAL;42;73;32;1;59;17;0;0.05000000819563866;0.3156496584415436;0.10178783535957336;96;4
N01;N01;Normal: Viagem tranquila em rodovia;Normal;Normal;0.050000007078051564;0.050000007078051564;R1_NORMAL;-1;-1;0;0;-1;-1;0;0.05000000819563866;0.029180653393268585;0.0923972949385643;96;4
C01;C01;Critico: Celular em alta velocidade;Critico;Critico;0.29102678298950196;0.29102678298950196;R1_NORMAL;32;44;13;0;34;2;0;0.05000000819563866;0.1576012223958969;0.1542324721813202;96;4
C01;C01;Critico: Celular em alta velocidade;Critico;Critico;0.29102678298950196;0.29102678298950196;R1_NORMAL;32;44;13;0;34;2;0;0.05000000819563866;0.15323565900325775;0.14840735495090485;96;4
C06;C06;Critico progressivo: Fadiga noturna;Critico;Critico;0.4457863748073577;0.4457863748073577;R2_STABLE_RISK;36;81;46;1;60;24;0;0.05000000819563866;0.15481813251972198;0.12126288563013077;96;4
N02;N02;Normal: Urbano moderado;Normal;Normal;0.050000007078051564;0.050000007078051564;R2_STABLE_RISK;-1;-1;0;0;-1;-1;0;0.05000000819563866;0.03309766575694084;0.09926587343215942;96;4
N02;N02;Normal: Urbano moderado;Normal;Normal;0.050000007078051564;0.050000007078051564;R1_NORMAL;-1;-1;0;0;-1;-1;0;0.05000000819563866;0.04045818746089935;0.11286018043756485;96;4
N03;N03;Normal: Noite estável;Normal;Normal;0.050000007078051564;0.050000007078051564;R2_STABLE_RISK;-1;-1;0;0;-1;-1;0;0.05000000819563866;0.03436000645160675;0.09858747571706772;96;4
N01;N01;Normal: Viagem tranquila em rodovia;Normal;Normal;0.050000007078051564;0.050000007078051564;R1_NORMAL;-1;-1;0;0;-1;-1;0;0.05000000819563866;0.03093782626092434;0.14757640659809113;96;4
C09;C09;Critico progressivo: Bebida ao volante;Critico;Critico;0.4940938919782638;0.4940938919782638;R1_NORMAL;38;73;36;1;57;19;1;0.28888610005378723;0.25443026423454285;0.16246455907821655;96;4
C05;C05;Critico progressivo: Celular em rodovia;Critico;Critico;0.48333182930946345;0.48333182930946345;R1_NORMAL;42;73;32;1;61;19;1;0.3097943365573883;0.3157618045806885;0.14339299499988556;96;4
C01;C01;Critico: Celular em alta velocidade;Critico;Critico;0.29102678298950196;0.29102678298950196;R1_NORMAL;32;44;13;0;34;2;0;0.05000000819563866;0.15498089790344238;0.13743285834789276;96;4
N01;N01;Normal: Viagem tranquila em rodovia;Normal;Normal;0.050000007078051564;0.050000007078051564;R3_FALSE_KIN;-1;-1;0;0;-1;-1;0;0.05000000819563866;0.025764063000679016;0.09905896335840225;96;4
C10;C10;Critico progressivo: Grooming em rodovia com fadiga;Critico;Critico;0.4504170626401901;0.4504170626401901;R1_NORMAL;40;81;42;1;56;16;0;0.05000000819563866;0.20231188833713531;0.12052160501480103;96;4
N03;N03;Normal: Noite estável;Normal;Normal;0.050000007078051564;0.050000007078051564;R1_NORMAL;-1;-1;0;0;-1;-1;0;0.05000000819563866;0.03901481255888939;0.10497182607650757;96;4
N03;N03;Normal: Noite estável;Normal;Normal;0.050000007078051564;0.050000007078051564;R1_NORMAL;-1;-1;0;0;-1;-1;0;0.05000000819563866;0.025736287236213684;0.13306663930416107;96;4
C09;C09;Critico progressivo: Bebida ao volante;Critico;Critico;0.48150119185447693;0.48150119185447693;R3_FALSE_KIN;38;73;36;1;55;17;1;0.2753448784351349;0.24115800857543945;0.1708613634109497;96;4
C06;C06;Critico progressivo: Fadiga noturna;Critico;Critico;0.43734593540430067;0.43734593540430067;R1_NORMAL;36;81;46;1;60;24;0;0.05000000819563866;0.15827108919620514;0.07502148300409317;96;4
C05;C05;Critico progressivo: Celular em rodovia;Critico;Critico;0.4899654299020767;0.4899654299020767;R2_STABLE_RISK;42;73;32;1;58;16;1;0.24637694656848907;0.3243994116783142;0.1397808939218521;96;4
C06;C06;Critico progressivo: Fadiga noturna;Critico;Critico;0.4505678832530975;0.4505678832530975;R1_NORMAL;36;81;46;1;59;23;0;0.05000000819563866;0.1573241949081421;0.13054054975509644;96;4
N03;N03;Normal: Noite estável;Normal;Normal;0.050000007078051564;0.050000007078051564;R1_NORMAL;-1;-1;0;0;-1;-1;0;0.05000000819563866;0.03821299970149994;0.07857292145490646;96;4
C10;C10;Critico progressivo: Grooming em rodovia com fadiga;Critico;Critico;0.42310537546873095;0.42310537546873095;R2_STABLE_RISK;40;81;42;1;64;24;0;0.05000000819563866;0.2025420218706131;0.14610588550567627;96;4
C09;C09;Critico progressivo: Bebida ao volante;Critico;Critico;0.3946374714374542;0.3946374714374542;R1_NORMAL;38;73;36;1;60;22;0;0.05000000819563866;0.247280552983284;0.15016630291938782;96;4
N01;N01;Normal: Viagem tranquila em rodovia;Normal;Normal;0.050000007078051564;0.050000007078051564;R1_NORMAL;-1;-1;0;0;-1;-1;0;0.05000000819563866;0.03088085912168026;0.09572947770357132;96;4
C03;C03;Critico: Celular sem cinto sob chuva;Critico;Critico;0.6260374277830123;0.6260374277830123;R1_NORMAL;26;41;16;0;28;2;1;0.2725053131580353;0.18878252804279327;0.1973763257265091;96;4
C07;C07;Critico progressivo: Sem cinto sob chuva;Critico;Critico;0.5059051990509033;0.5059051990509033;R2_STABLE_RISK;37;75;39;1;61;24;1;0.33525657653808594;0.3806239664554596;0.16095596551895142;96;4
C10;C10;Critico progressivo: Grooming em rodovia com fadiga;Critico;Critico;0.4100159898400306;0.4100159898400306;R2_STABLE_RISK;40;81;42;1;61;21;0;0.05000000819563866;0.1963568478822708;0.09365189075469971;96;4
N02;N02;Normal: Urbano moderado;Normal;Normal;0.050000007078051564;0.050000007078051564;R3_FALSE_KIN;-1;-1;0;0;-1;-1;0;0.05000000819563866;0.028717195615172386;0.10037042945623398;96;4
C06;C06;Critico progressivo: Fadiga noturna;Critico;Critico;0.43270362168550486;0.43270362168550486;R1_NORMAL;36;81;46;1;64;28;0;0.05000000819563866;0.1554093211889267;0.16495686769485474;96;4
C01;C01;Critico: Celular em alta velocidade;Critico;Critico;0.29102678298950196;0.29102678298950196;R2_STABLE_RISK;32;44;13;0;34;2;0;0.05000000819563866;0.1584031730890274;0.15165197849273682;96;4
N01;N01;Normal: Viagem tranquila em rodovia;Normal;Normal;0.050000007078051564;0.050000007078051564;R3_FALSE_KIN;-1;-1;0;0;-1;-1;0;0.05000000819563866;0.03386642038822174;0.11698853224515915;96;4
C03;C03;Critico: Celular sem cinto sob chuva;Critico;Critico;0.3752959698438644;0.3752959698438644;R1_NORMAL;26;41;16;0;28;2;0;0.05000000819563866;0.1873966008424759;0.15430207550525665;96;4
C02;C02;Critico: Fadiga com desvio cinematico;Critico;Critico;0.39378328174352645;0.39378328174352645;R1_NORMAL;29;50;22;0;32;3;0;0.05000000819563866;0.10015252977609634;0.16317369043827057;96;4
C05;C05;Critico progressivo: Celular em rodovia;Critico;Critico;0.40737331509590147;0.40737331509590147;R2_STABLE_RISK;42;73;32;1;59;17;0;0.05000000819563866;0.32263535261154175;0.13284023106098175;96;4
N02;N02;Normal: Urbano moderado;Normal;Normal;0.050000007078051564;0.050000007078051564;R3_FALSE_KIN;-1;-1;0;0;-1;-1;0;0.05000000819563866;0.028777912259101868;0.10840579867362976;96;4
C08;C08;Critico progressivo: Distracao urbana multietapas;Critico;Critico;0.4701555252075195;0.4701555252075195;R2_STABLE_RISK;28;77;50;1;47;19;0;0.05000000819563866;0.3271772563457489;0.13552314043045044;96;4
C02;C02;Critico: Fadiga com desvio cinematico;Critico;Critico;0.6077994614839553;0.6077994614839553;R2_STABLE_RISK;29;50;22;0;32;3;1;0.2797155976295471;0.09553656727075577;0.19858218729496002;96;4
N03;N03;Normal: Noite estável;Normal;Normal;0.050000007078051564;0.050000007078051564;R1_NORMAL;-1;-1;0;0;-1;-1;0;0.05000000819563866;0.035886671394109726;0.10391554981470108;96;4
N02;N02;Normal: Urbano moderado;Normal;Normal;0.050000007078051564;0.050000007078051564;R3_FALSE_KIN;-1;-1;0;0;-1;-1;0;0.05000000819563866;0.02621310018002987;0.09754329174757004;96;4
C09;C09;Critico progressivo: Bebida ao volante;Critico;Critico;0.458516588807106;0.458516588807106;R3_FALSE_KIN;38;73;36;1;58;20;1;0.2641260325908661;0.262589693069458;0.11577556282281876;96;4
C06;C06;Critico progressivo: Fadiga noturna;Critico;Critico;0.4703882813453674;0.4703882813453674;R3_FALSE_KIN;36;81;46;1;62;26;1;0.30507174134254456;0.15672726929187775;0.1437065303325653;96;4
C09;C09;Critico progressivo: Bebida ao volante;Critico;Critico;0.39527548998594286;0.39527548998594286;R3_FALSE_KIN;38;73;36;1;57;19;0;0.05000000819563866;0.24828357994556427;0.12957997620105743;96;4
N02;N02;Normal: Urbano moderado;Normal;Normal;0.050000007078051564;0.050000007078051564;R3_FALSE_KIN;-1;-1;0;0;-1;-1;0;0.05000000819563866;0.02639043889939785;0.14592768251895905;96;4
C09;C09;Critico progressivo: Bebida ao volante;Critico;Critico;0.4760671973228454;0.4760671973228454;R2_STABLE_RISK;38;73;36;1;57;19;1;0.30317577719688416;0.25056466460227966;0.1101594790816307;96;4
C10;C10;Critico progressivo: Grooming em rodovia com fadiga;Critico;Critico;0.4353483289480209;0.4353483289480209;R1_NORMAL;40;81;42;1;64;24;1;0.3273727595806122;0.202273890376091;0.11033602803945541;96;4
C06;C06;Critico progressivo: Fadiga noturna;Critico;Critico;0.41767678856849666;0.41767678856849666;R1_NORMAL;36;81;46;1;57;21;0;0.05000000819563866;0.15636992454528809;0.1355828195810318;96;4
C02;C02;Critico: Fadiga com desvio cinematico;Critico;Critico;0.39378328174352645;0.39378328174352645;R2_STABLE_RISK;29;50;22;0;32;3;0;0.05000000819563866;0.09386470168828964;0.1607738584280014;96;4
C10;C10;Critico progressivo: Grooming em rodovia com fadiga;Critico;Critico;0.3914615273475647;0.3914615273475647;R1_NORMAL;40;81;42;1;66;26;0;0.05000000819563866;0.20048069953918457;0.1138562336564064;96;4
C05;C05;Critico progressivo: Celular em rodovia;Critico;Critico;0.36294204741716385;0.36294204741716385;R2_STABLE_RISK;42;73;32;1;59;17;0;0.05000000819563866;0.31593355536460876;0.16076841950416565;96;4
C10;C10;Critico progressivo: Grooming em rodovia com fadiga;Critico;Critico;0.3872244283556938;0.3872244283556938;R3_FALSE_KIN;40;81;42;1;65;25;0;0.05000000819563866;0.1951470822095871;0.13969536125659943;96;4
C06;C06;Critico progressivo: Fadiga noturna;Critico;Critico;0.41788747161626816;0.41788747161626816;R1_NORMAL;36;81;46;1;61;25;0;0.05000000819563866;0.1493922770023346;0.1458141952753067;96;4
C07;C07;Critico progressivo: Sem cinto sob chuva;Critico;Critico;0.41287502497434614;0.41287502497434614;R2_STABLE_RISK;37;75;39;1;58;21;0;0.05000000819563866;0.37892481684684753;0.13987933099269867;96;4
C10;C10;Critico progressivo: Grooming em rodovia com fadiga;Critico;Critico;0.46959997117519375;0.46959997117519375;R3_FALSE_KIN;40;81;42;1;66;26;1;0.2926158010959625;0.20019842684268951;0.08889707177877426;96;4
N03;N03;Normal: Noite estável;Normal;Normal;0.050000007078051564;0.050000007078051564;R2_STABLE_RISK;-1;-1;0;0;-1;-1;0;0.05000000819563866;0.027238884940743446;0.12030011415481567;96;4
N03;N03;Normal: Noite estável;Normal;Normal;0.050000007078051564;0.050000007078051564;R1_NORMAL;-1;-1;0;0;-1;-1;0;0.05000000819563866;0.024767374619841576;0.12306980043649673;96;4
C04;C04;Critico: Multiplas distracoes urbanas;Critico;Critico;0.3713889718055725;0.3713889718055725;R3_FALSE_KIN;22;45;24;0;24;2;0;0.05000000819563866;0.20485930144786835;0.13573186099529266;96;4
C05;C05;Critico progressivo: Celular em rodovia;Critico;Critico;0.4813337862491608;0.4813337862491608;R2_STABLE_RISK;42;73;32;1;57;15;1;0.277446448802948;0.32266464829444885;0.1458067148923874;96;4
C02;C02;Critico: Fadiga com desvio cinematico;Critico;Critico;0.39378328174352645;0.39378328174352645;R2_STABLE_RISK;29;50;22;0;32;3;0;0.05000000819563866;0.09815766662359238;0.1118149384856224;96;4
N02;N02;Normal: Urbano moderado;Normal;Normal;0.050000007078051564;0.050000007078051564;R3_FALSE_KIN;-1;-1;0;0;-1;-1;0;0.05000000819563866;0.031065965071320534;0.12696720659732819;96;4
C02;C02;Critico: Fadiga com desvio cinematico;Critico;Critico;0.39378328174352645;0.39378328174352645;R3_FALSE_KIN;29;50;22;0;32;3;0;0.05000000819563866;0.09828775376081467;0.0949222519993782;96;4
C05;C05;Critico progressivo: Celular em rodovia;Critico;Critico;0.3777653738856316;0.3777653738856316;R1_NORMAL;42;73;32;1;57;15;0;0.05000000819563866;0.3174828290939331;0.11128845065832138;96;4
C07;C07;Critico progressivo: Sem cinto sob chuva;Critico;Critico;0.3968478932976722;0.3968478932976722;R1_NORMAL;37;75;39;1;56;19;0;0.05000000819563866;0.3838207721710205;0.16318807005882263;96;4
C02;C02;Critico: Fadiga com desvio cinematico;Critico;Critico;0.5945199519395827;0.5945199519395827;R1_NORMAL;29;50;22;0;32;3;1;0.23397846519947052;0.09722781926393509;0.20601476728916168;96;4
C09;C09;Critico progressivo: Bebida ao volante;Critico;Critico;0.47265913188457487;0.47265913188457487;R1_NORMAL;38;73;36;1;57;19;1;0.24304848909378052;0.2543693482875824;0.13760478794574738;96;4
N03;N03;Normal: Noite estável;Normal;Normal;0.050000007078051564;0.050000007078051564;R2_STABLE_RISK;-1;-1;0;0;-1;-1;0;0.05000000819563866;0.03098503313958645;0.09687016159296036;96;4
C10;C10;Critico progressivo: Grooming em rodovia com fadiga;Critico;Critico;0.4982504576444625;0.4982504576444625;R1_NORMAL;40;81;42;1;60;20;1;0.3140805959701538;0.20519745349884033;0.092745341360569;96;4
C02;C02;Critico: Fadiga com desvio cinematico;Critico;Critico;0.39378328174352645;0.39378328174352645;R1_NORMAL;29;50;22;0;32;3;0;0.05000000819563866;0.10063496232032776;0.16485825181007385;96;4
N01;N01;Normal: Viagem tranquila em rodovia;Normal;Normal;0.050000007078051564;0.050000007078051564;R3_FALSE_KIN;-1;-1;0;0;-1;-1;0;0.05000000819563866;0.0308315958827734;0.09537682682275772;96;4
C03;C03;Critico: Celular sem cinto sob chuva;Critico;Critico;0.3752959698438644;0.3752959698438644;R3_FALSE_KIN;26;41;16;0;28;2;0;0.05000000819563866;0.19047372043132782;0.1337108165025711;96;4
C01;C01;Critico: Celular em alta velocidade;Critico;Critico;0.29102678298950196;0.29102678298950196;R2_STABLE_RISK;32;44;13;0;34;2;0;0.05000000819563866;0.15896770358085632;0.1468181163072586;96;4
C01;C01;Critico: Celular em alta velocidade;Critico;Critico;0.5369352221488952;0.5369352221488952;R3_FALSE_KIN;32;44;13;0;34;2;1;0.2691049873828888;0.15892475843429565;0.1625358611345291;96;4
C07;C07;Critico progressivo: Sem cinto sob chuva;Critico;Critico;0.499202236533165;0.499202236533165;R2_STABLE_RISK;37;75;39;1;54;17;1;0.25895097851753235;0.3863583505153656;0.13058729469776154;96;4
C08;C08;Critico progressivo: Distracao urbana multietapas;Critico;Critico;0.4575367167592048;0.4575367167592048;R3_FALSE_KIN;28;77;50;1;59;31;0;0.05000000819563866;0.3112984597682953;0.15022142231464386;96;4
C01;C01;Critico: Celular em alta velocidade;Critico;Critico;0.29102678298950196;0.29102678298950196;R2_STABLE_RISK;32;44;13;0;34;2;0;0.05000000819563866;0.1555062234401703;0.09909286350011826;96;4
N03;N03;Normal: Noite estável;Normal;Normal;0.050000007078051564;0.050000007078051564;R2_STABLE_RISK;-1;-1;0;0;-1;-1;0;0.05000000819563866;0.03500090911984444;0.08778006583452225;96;4
N02;N02;Normal: Urbano moderado;Normal;Normal;0.050000007078051564;0.050000007078051564;R2_STABLE_RISK;-1;-1;0;0;-1;-1;0;0.05000000819563866;0.03036012314260006;0.15835875272750854;96;4
N02;N02;Normal: Urbano moderado;Normal;Normal;0.050000007078051564;0.050000007078051564;R2_STABLE_RISK;-1;-1;0;0;-1;-1;0;0.05000000819563866;0.03058643452823162;0.11503052711486816;96;4
C02;C02;Critico: Fadiga com desvio cinematico;Critico;Critico;0.39378328174352645;0.39378328174352645;R2_STABLE_RISK;29;50;22;0;32;3;0;0.05000000819563866;0.0980348214507103;0.1332223266363144;96;4
C01;C01;Critico: Celular em alta velocidade;Critico;Critico;0.29102678298950196;0.29102678298950196;R2_STABLE_RISK;32;44;13;0;34;2;0;0.05000000819563866;0.14751861989498138;0.13162192702293396;96;4
C02;C02;Critico: Fadiga com desvio cinematico;Critico;Critico;0.39378328174352645;0.39378328174352645;R1_NORMAL;29;50;22;0;32;3;0;0.05000000819563866;0.09567934274673462;0.15702515840530396;96;4
C09;C09;Critico progressivo: Bebida ao volante;Critico;Critico;0.4706223040819168;0.4706223040819168;R2_STABLE_RISK;38;73;36;1;59;21;1;0.3023870289325714;0.2506648600101471;0.1248338595032692;96;4
N01;N01;Normal: Viagem tranquila em rodovia;Normal;Normal;0.050000007078051564;0.050000007078051564;R2_STABLE_RISK;-1;-1;0;0;-1;-1;0;0.05000000819563866;0.028875069692730904;0.07718514651060104;96;4
C10;C10;Critico progressivo: Grooming em rodovia com fadiga;Critico;Critico;0.4888940900564194;0.4888940900564194;R3_FALSE_KIN;40;81;42;1;64;24;1;0.34071338176727295;0.20647533237934113;0.14584435522556305;96;4
C06;C06;Critico progressivo: Fadiga noturna;Critico;Critico;0.44154543876647945;0.44154543876647945;R3_FALSE_KIN;36;81;46;1;61;25;0;0.05000000819563866;0.15653395652770996;0.12088743597269058;96;4
C05;C05;Critico progressivo: Celular em rodovia;Critico;Critico;0.3900783583521843;0.3900783583521843;R1_NORMAL;42;73;32;1;59;17;0;0.05000000819563866;0.320523738861084;0.12419315427541733;96;4
C02;C02;Critico: Fadiga com desvio cinematico;Critico;Critico;0.39378328174352645;0.39378328174352645;R1_NORMAL;29;50;22;0;32;3;0;0.05000000819563866;0.09845298528671265;0.10380744934082031;96;4
C10;C10;Critico progressivo: Grooming em rodovia com fadiga;Critico;Critico;0.4115137621760368;0.4115137621760368;R3_FALSE_KIN;40;81;42;1;60;20;0;0.05000000819563866;0.20810870826244354;0.0775226429104805;96;4
C08;C08;Critico progressivo: Distracao urbana multietapas;Critico;Critico;0.4237183809280395;0.4237183809280395;R1_NORMAL;28;77;50;1;54;26;0;0.05000000819563866;0.31563273072242737;0.18966412544250488;96;4
C05;C05;Critico progressivo: Celular em rodovia;Critico;Critico;0.3775421395897865;0.3775421395897865;R2_STABLE_RISK;42;73;32;1;61;19;0;0.05000000819563866;0.3134559392929077;0.11296429485082626;96;4
N03;N03;Normal: Noite estável;Normal;Normal;0.050000007078051564;0.050000007078051564;R1_NORMAL;-1;-1;0;0;-1;-1;0;0.05000000819563866;0.031086603179574013;0.10500814765691757;96;4
C04;C04;Critico: Multiplas distracoes urbanas;Critico;Critico;0.5604515701532364;0.5604515701532364;R2_STABLE_RISK;22;45;24;0;24;2;1;0.19728122651576996;0.20421409606933594;0.16443008184432983;96;4
C08;C08;Critico progressivo: Distracao urbana multietapas;Critico;Critico;0.42773382067680354;0.42773382067680354;R1_NORMAL;28;77;50;1;55;27;0;0.05000000819563866;0.31103166937828064;0.10507244616746902;96;4
N02;N02;Normal: Urbano moderado;Normal;Normal;0.050000007078051564;0.050000007078051564;R3_FALSE_KIN;-1;-1;0;0;-1;-1;0;0.05000000819563866;0.030744796618819237;0.12316951900720596;96;4
C03;C03;Critico: Celular sem cinto sob chuva;Critico;Critico;0.6147007495164871;0.6147007495164871;R2_STABLE_RISK;26;41;16;0;28;2;1;0.22483135759830475;0.1873733252286911;0.18316666781902313;96;4
C07;C07;Critico progressivo: Sem cinto sob chuva;Critico;Critico;0.4073265179991722;0.4073265179991722;R1_NORMAL;37;75;39;1;59;22;0;0.05000000819563866;0.38222137093544006;0.11605221778154373;96;4
C03;C03;Critico: Celular sem cinto sob chuva;Critico;Critico;0.3752959698438644;0.3752959698438644;R1_NORMAL;26;41;16;0;28;2;0;0.05000000819563866;0.19128356873989105;0.17210763692855835;96;4
C06;C06;Critico progressivo: Fadiga noturna;Critico;Critico;0.40694058537483213;0.40694058537483213;R2_STABLE_RISK;36;81;46;1;64;28;0;0.05000000819563866;0.15444310009479523;0.13101591169834137;96;4
C06;C06;Critico progressivo: Fadiga noturna;Critico;Critico;0.46449826359748836;0.46449826359748836;R2_STABLE_RISK;36;81;46;1;65;29;1;0.3550955355167389;0.1502096801996231;0.17263007164001465;96;4
C02;C02;Critico: Fadiga com desvio cinematico;Critico;Critico;0.39378328174352645;0.39378328174352645;R1_NORMAL;29;50;22;0;32;3;0;0.05000000819563866;0.10127931833267212;0.1363983154296875;96;4
C01;C01;Critico: Celular em alta velocidade;Critico;Critico;0.5306377798318862;0.5306377798318862;R2_STABLE_RISK;32;44;13;0;34;2;1;0.2754068970680237;0.15442700684070587;0.151974156498909;96;4
C09;C09;Critico progressivo: Bebida ao volante;Critico;Critico;0.3728068515658378;0.3728068515658378;R1_NORMAL;38;73;36;1;60;22;0;0.05000000819563866;0.24826477468013763;0.14754748344421387;96;4
C03;C03;Critico: Celular sem cinto sob chuva;Critico;Critico;0.3752959698438644;0.3752959698438644;R1_NORMAL;26;41;16;0;28;2;0;0.05000000819563866;0.184686541557312;0.12644122540950775;96;4
C06;C06;Critico progressivo: Fadiga noturna;Critico;Critico;0.40516503602266307;0.40516503602266307;R2_STABLE_RISK;36;81;46;1;61;25;0;0.05000000819563866;0.15827453136444092;0.14527611434459686;96;4
N01;N01;Normal: Viagem tranquila em rodovia;Normal;Normal;0.050000007078051564;0.050000007078051564;R2_STABLE_RISK;-1;-1;0;0;-1;-1;0;0.05000000819563866;0.030199190601706505;0.12341127544641495;96;4
C03;C03;Critico: Celular sem cinto sob chuva;Critico;Critico;0.6153773486614227;0.6153773486614227;R1_NORMAL;26;41;16;0;28;2;1;0.24075555801391602;0.1933722347021103;0.2009861022233963;96;4
C02;C02;Critico: Fadiga com desvio cinematico;Critico;Critico;0.39378328174352645;0.39378328174352645;R2_STABLE_RISK;29;50;22;0;32;3;0;0.05000000819563866;0.09807294607162476;0.13222022354602814;96;4
C02;C02;Critico: Fadiga com desvio cinematico;Critico;Critico;0.39378328174352645;0.39378328174352645;R1_NORMAL;29;50;22;0;32;3;0;0.05000000819563866;0.09822589159011841;0.10325757414102554;96;4
N02;N02;Normal: Urbano moderado;Normal;Normal;0.050000007078051564;0.050000007078051564;R1_NORMAL;-1;-1;0;0;-1;-1;0;0.05000000819563866;0.03485142067074776;0.08793982863426208;96;4
N01;N01;Normal: Viagem tranquila em rodovia;Normal;Normal;0.050000007078051564;0.050000007078051564;R1_NORMAL;-1;-1;0;0;-1;-1;0;0.05000000819563866;0.026465527713298798;0.11338222771883011;96;4
C07;C07;Critico progressivo: Sem cinto sob chuva;Critico;Critico;0.48584691584110257;0.48584691584110257;R1_NORMAL;37;75;39;1;55;18;1;0.2972438335418701;0.3746420443058014;0.1455889791250229;96;4
N01;N01;Normal: Viagem tranquila em rodovia;Normal;Normal;0.050000007078051564;0.050000007078051564;R2_STABLE_RISK;-1;-1;0;0;-1;-1;0;0.05000000819563866;0.03557736054062843;0.08050920069217682;96;4
C04;C04;Critico: Multiplas distracoes urbanas;Critico;Critico;0.5743850439786911;0.5743850439786911;R2_STABLE_RISK;22;45;24;0;24;2;1;0.2683863937854767;0.20570409297943115;0.17529940605163574;96;4
N03;N03;Normal: Noite estável;Normal;Normal;0.050000007078051564;0.050000007078051564;R2_STABLE_RISK;-1;-1;0;0;-1;-1;0;0.05000000819563866;0.029045909643173218;0.09129884093999863;96;4
C09;C09;Critico progressivo: Bebida ao volante;Critico;Critico;0.3915031865239143;0.3915031865239143;R3_FALSE_KIN;38;73;36;1;57;19;0;0.05000000819563866;0.2513160705566406;0.13870513439178467;96;4
C02;C02;Critico: Fadiga com desvio cinematico;Critico;Critico;0.39378328174352645;0.39378328174352645;R2_STABLE_RISK;29;50;22;0;32;3;0;0.05000000819563866;0.09883645176887512;0.11575762182474136;96;4
N02;N02;Normal: Urbano moderado;Normal;Normal;0.050000007078051564;0.050000007078051564;R3_FALSE_KIN;-1;-1;0;0;-1;-1;0;0.05000000819563866;0.031379856169223785;0.09700957685709;96;4
C03;C03;Critico: Celular sem cinto sob chuva;Critico;Critico;0.3752959698438644;0.3752959698438644;R2_STABLE_RISK;26;41;16;0;28;2;0;0.05000000819563866;0.1843903511762619;0.16389377415180206;96;4
C04;C04;Critico: Multiplas distracoes urbanas;Critico;Critico;0.3713889718055725;0.3713889718055725;R1_NORMAL;22;45;24;0;24;2;0;0.05000000819563866;0.1976843625307083;0.16496242582798004;96;4
C04;C04;Critico: Multiplas distracoes urbanas;Critico;Critico;0.3713889718055725;0.3713889718055725;R1_NORMAL;22;45;24;0;24;2;0;0.05000000819563866;0.2033015489578247;0.13073240220546722;96;4
C10;C10;Critico progressivo: Grooming em rodovia com fadiga;Critico;Critico;0.3970640659332275;0.3970640659332275;R3_FALSE_KIN;40;81;42;1;61;21;0;0.05000000819563866;0.2067849487066269;0.12731008231639862;96;4
C05;C05;Critico progressivo: Celular em rodovia;Critico;Critico;0.386264280974865;0.386264280974865;R2_STABLE_RISK;42;73;32;1;58;16;0;0.05000000819563866;0.31680360436439514;0.14541248977184296;96;4
N02;N02;Normal: Urbano moderado;Normal;Normal;0.050000007078051564;0.050000007078051564;R3_FALSE_KIN;-1;-1;0;0;-1;-1;0;0.05000000819563866;0.029259582981467247;0.10512246936559677;96;4
N02;N02;Normal: Urbano moderado;Normal;Normal;0.050000007078051564;0.050000007078051564;R1_NORMAL;-1;-1;0;0;-1;-1;0;0.05000000819563866;0.028224313631653786;0.10242780297994614;96;4
N03;N03;Normal: Noite estável;Normal;Normal;0.050000007078051564;0.050000007078051564;R3_FALSE_KIN;-1;-1;0;0;-1;-1;0;0.05000000819563866;0.03252287581562996;0.09930630773305893;96;4
C08;C08;Critico progressivo: Distracao urbana multietapas;Critico;Critico;0.505127403140068;0.505127403140068;R1_NORMAL;28;77;50;1;57;29;1;0.3173331916332245;0.31124821305274963;0.14834146201610565;96;4
C10;C10;Critico progressivo: Grooming em rodovia com fadiga;Critico;Critico;0.4293204680085182;0.4293204680085182;R1_NORMAL;40;81;42;1;64;24;0;0.05000000819563866;0.19857466220855713;0.14161142706871033;96;4
N01;N01;Normal: Viagem tranquila em rodovia;Normal;Normal;0.050000007078051564;0.050000007078051564;R3_FALSE_KIN;-1;-1;0;0;-1;-1;0;0.05000000819563866;0.03399346396327019;0.08629325777292252;96;4
N03;N03;Normal: Noite estável;Normal;Normal;0.050000007078051564;0.050000007078051564;R1_NORMAL;-1;-1;0;0;-1;-1;0;0.05000000819563866;0.029811924323439598;0.14043743908405304;96;4
C08;C08;Critico progressivo: Distracao urbana multietapas;Critico;Critico;0.5246218532323838;0.5246218532323838;R1_NORMAL;28;77;50;1;56;28;1;0.2684018909931183;0.31790241599082947;0.13973219692707062;96;4
C05;C05;Critico progressivo: Celular em rodovia;Critico;Critico;0.3806950032711029;0.3806950032711029;R2_STABLE_RISK;42;73;32;1;61;19;0;0.05000000819563866;0.31303223967552185;0.14786361157894135;96;4
C07;C07;Critico progressivo: Sem cinto sob chuva;Critico;Critico;0.41374590396881106;0.41374590396881106;R2_STABLE_RISK;37;75;39;1;56;19;0;0.05000000819563866;0.3826390206813812;0.0955190435051918;96;4
N01;N01;Normal: Viagem tranquila em rodovia;Normal;Normal;0.050000007078051564;0.050000007078051564;R2_STABLE_RISK;-1;-1;0;0;-1;-1;0;0.05000000819563866;0.03052864968776703;0.12584654986858368;96;4
C08;C08;Critico progressivo: Distracao urbana multietapas;Critico;Critico;0.4889744311571121;0.4889744311571121;R3_FALSE_KIN;28;77;50;1;53;25;1;0.32484257221221924;0.3147623836994171;0.14272069931030273;96;4
C03;C03;Critico: Celular sem cinto sob chuva;Critico;Critico;0.6084165304899215;0.6084165304899215;R1_NORMAL;26;41;16;0;28;2;1;0.20665550231933594;0.1888529509305954;0.16040094196796417;96;4
C05;C05;Critico progressivo: Celular em rodovia;Critico;Critico;0.3919691920280457;0.3919691920280457;R1_NORMAL;42;73;32;1;57;15;0;0.05000000819563866;0.31517624855041504;0.13414312899112701;96;4
C04;C04;Critico: Multiplas distracoes urbanas;Critico;Critico;0.5771380484104156;0.5771380484104156;R3_FALSE_KIN;22;45;24;0;24;2;1;0.2816997170448303;0.20143751800060272;0.17484669387340546;96;4
C02;C02;Critico: Fadiga com desvio cinematico;Critico;Critico;0.39378328174352645;0.39378328174352645;R3_FALSE_KIN;29;50;22;0;32;3;0;0.05000000819563866;0.09887805581092834;0.09928598254919052;96;4
C08;C08;Critico progressivo: Distracao urbana multietapas;Critico;Critico;0.4250123545527458;0.4250123545527458;R3_FALSE_KIN;28;77;50;1;56;28;0;0.05000000819563866;0.3173430263996124;0.17762154340744019;96;4
C09;C09;Critico progressivo: Bebida ao volante;Critico;Critico;0.47461351454257966;0.47461351454257966;R2_STABLE_RISK;38;73;36;1;56;18;1;0.26995792984962463;0.25600680708885193;0.18945841491222382;96;4
C03;C03;Critico: Celular sem cinto sob chuva;Critico;Critico;0.3752959698438644;0.3752959698438644;R3_FALSE_KIN;26;41;16;0;28;2;0;0.05000000819563866;0.1806381493806839;0.15583214163780212;96;4
N01;N01;Normal: Viagem tranquila em rodovia;Normal;Normal;0.050000007078051564;0.050000007078051564;R1_NORMAL;-1;-1;0;0;-1;-1;0;0.05000000819563866;0.03059220314025879;0.10037124156951904;96;4
N03;N03;Normal: Noite estável;Normal;Normal;0.050000007078051564;0.050000007078051564;R2_STABLE_RISK;-1;-1;0;0;-1;-1;0;0.05000000819563866;0.03181891143321991;0.09501073509454727;96;4
C07;C07;Critico progressivo: Sem cinto sob chuva;Critico;Critico;0.41632653325796126;0.41632653325796126;R1_NORMAL;37;75;39;1;56;19;0;0.05000000819563866;0.38271364569664;0.1242646872997284;96;4
C10;C10;Critico progressivo: Grooming em rodovia com fadiga;Critico;Critico;0.3908153250813484;0.3908153250813484;R2_STABLE_RISK;40;81;42;1;62;22;0;0.05000000819563866;0.20276205241680145;0.10614528506994247;96;4
C01;C01;Critico: Celular em alta velocidade;Critico;Critico;0.29102678298950196;0.29102678298950196;R1_NORMAL;32;44;13;0;34;2;0;0.05000000819563866;0.15527461469173431;0.13732193410396576;96;4
C02;C02;Critico: Fadiga com desvio cinematico;Critico;Critico;0.39378328174352645;0.39378328174352645;R3_FALSE_KIN;29;50;22;0;32;3;0;0.05000000819563866;0.09878724813461304;0.10507426410913467;96;4
C01;C01;Critico: Celular em alta velocidade;Critico;Critico;0.29102678298950196;0.29102678298950196;R1_NORMAL;32;44;13;0;34;2;0;0.05000000819563866;0.15275506675243378;0.10237634181976318;96;4
C01;C01;Critico: Celular em alta velocidade;Critico;Critico;0.29102678298950196;0.29102678298950196;R2_STABLE_RISK;32;44;13;0;34;2;0;0.05000000819563866;0.15151500701904297;0.1372898817062378;96;4
C09;C09;Critico progressivo: Bebida ao volante;Critico;Critico;0.40448063164949416;0.40448063164949416;R1_NORMAL;38;73;36;1;58;20;0;0.05000000819563866;0.2541108727455139;0.18467183411121368;96;4
C02;C02;Critico: Fadiga com desvio cinematico;Critico;Critico;0.39378328174352645;0.39378328174352645;R3_FALSE_KIN;29;50;22;0;32;3;0;0.05000000819563866;0.10212445259094238;0.11260286718606949;96;4
C04;C04;Critico: Multiplas distracoes urbanas;Critico;Critico;0.3713889718055725;0.3713889718055725;R3_FALSE_KIN;22;45;24;0;24;2;0;0.05000000819563866;0.20608727633953094;0.1305602639913559;96;4
C10;C10;Critico progressivo: Grooming em rodovia com fadiga;Critico;Critico;0.4431986689567565;0.4431986689567565;R2_STABLE_RISK;40;81;42;1;65;25;1;0.33627304434776306;0.2025376409292221;0.14463667571544647;96;4
C01;C01;Critico: Celular em alta velocidade;Critico;Critico;0.29102678298950196;0.29102678298950196;R3_FALSE_KIN;32;44;13;0;34;2;0;0.05000000819563866;0.15176767110824585;0.12070097774267197;96;4
C05;C05;Critico progressivo: Celular em rodovia;Critico;Critico;0.36970160007476804;0.36970160007476804;R1_NORMAL;42;73;32;1;59;17;0;0.05000000819563866;0.31716495752334595;0.10668125003576279;96;4
C07;C07;Critico progressivo: Sem cinto sob chuva;Critico;Critico;0.3982601091265678;0.3982601091265678;R2_STABLE_RISK;37;75;39;1;59;22;0;0.05000000819563866;0.3789992034435272;0.1816055327653885;96;4
C04;C04;Critico: Multiplas distracoes urbanas;Critico;Critico;0.3713889718055725;0.3713889718055725;R3_FALSE_KIN;22;45;24;0;24;2;0;0.05000000819563866;0.2041764259338379;0.11408605426549911;96;4
C02;C02;Critico: Fadiga com desvio cinematico;Critico;Critico;0.39378328174352645;0.39378328174352645;R1_NORMAL;29;50;22;0;32;3;0;0.05000000819563866;0.09095414727926254;0.1325427144765854;96;4
N03;N03;Normal: Noite estável;Normal;Normal;0.050000007078051564;0.050000007078051564;R2_STABLE_RISK;-1;-1;0;0;-1;-1;0;0.05000000819563866;0.02578851580619812;0.11161383986473083;96;4
C05;C05;Critico progressivo: Celular em rodovia;Critico;Critico;0.46902278661727903;0.46902278661727903;R2_STABLE_RISK;42;73;32;1;58;16;1;0.26303043961524963;0.3110450804233551;0.13192684948444366;96;4
C04;C04;Critico: Multiplas distracoes urbanas;Critico;Critico;0.3713889718055725;0.3713889718055725;R1_NORMAL;22;45;24;0;24;2;0;0.05000000819563866;0.21204090118408203;0.12536199390888214;96;4
C03;C03;Critico: Celular sem cinto sob chuva;Critico;Critico;0.3752959698438644;0.3752959698438644;R2_STABLE_RISK;26;41;16;0;28;2;0;0.05000000819563866;0.1872432976961136;0.11940085887908936;96;4
C01;C01;Critico: Celular em alta velocidade;Critico;Critico;0.29102678298950196;0.29102678298950196;R2_STABLE_RISK;32;44;13;0;34;2;0;0.05000000819563866;0.14545878767967224;0.15372325479984283;96;4
C02;C02;Critico: Fadiga com desvio cinematico;Critico;Critico;0.39378328174352645;0.39378328174352645;R1_NORMAL;29;50;22;0;32;3;0;0.05000000819563866;0.10364430397748947;0.10260497778654099;96;4
C10;C10;Critico progressivo: Grooming em rodovia com fadiga;Critico;Critico;0.44644806981086727;0.44644806981086727;R3_FALSE_KIN;40;81;42;1;66;26;1;0.3445073068141937;0.2072209268808365;0.1800641566514969;96;4
C10;C10;Critico progressivo: Grooming em rodovia com fadiga;Critico;Critico;0.47456572353839876;0.47456572353839876;R1_NORMAL;40;81;42;1;60;20;1;0.3536987602710724;0.19959402084350586;0.11625517159700394;96;4
C08;C08;Critico progressivo: Distracao urbana multietapas;Critico;Critico;0.4549134701490402;0.4549134701490402;R3_FALSE_KIN;28;77;50;1;52;24;0;0.05000000819563866;0.31876131892204285;0.1702583283185959;96;4
C03;C03;Critico: Celular sem cinto sob chuva;Critico;Critico;0.3752959698438644;0.3752959698438644;R1_NORMAL;26;41;16;0;28;2;0;0.05000000819563866;0.18933992087841034;0.1484023928642273;96;4
C09;C09;Critico progressivo: Bebida ao volante;Critico;Critico;0.41195875257253645;0.41195875257253645;R2_STABLE_RISK;38;73;36;1;57;19;0;0.05000000819563866;0.25161251425743103;0.10769651085138321;96;4
C08;C08;Critico progressivo: Distracao urbana multietapas;Critico;Critico;0.45024350881576536;0.45024350881576536;R2_STABLE_RISK;28;77;50;1;51;23;0;0.05000000819563866;0.31542131304740906;0.1439998596906662;96;4
C02;C02;Critico: Fadiga com desvio cinematico;Critico;Critico;0.5949315190315246;0.5949315190315246;R1_NORMAL;29;50;22;0;32;3;1;0.24238115549087524;0.10759203881025314;0.11559700965881348;96;4
N01;N01;Normal: Viagem tranquila em rodovia;Normal;Normal;0.050000007078051564;0.050000007078051564;R1_NORMAL;-1;-1;0;0;-1;-1;0;0.05000000819563866;0.03165936470031738;0.12807033956050873;96;4
C03;C03;Critico: Celular sem cinto sob chuva;Critico;Critico;0.3752959698438644;0.3752959698438644;R1_NORMAL;26;41;16;0;28;2;0;0.05000000819563866;0.18674226105213165;0.12318134307861328;96;4
N03;N03;Normal: Noite estável;Normal;Normal;0.050000007078051564;0.050000007078051564;R1_NORMAL;-1;-1;0;0;-1;-1;0;0.05000000819563866;0.03290815278887749;0.08943925052881241;96;4
C10;C10;Critico progressivo: Grooming em rodovia com fadiga;Critico;Critico;0.4211720287799835;0.4211720287799835;R1_NORMAL;40;81;42;1;59;19;0;0.05000000819563866;0.20247848331928253;0.08481169492006302;96;4
N03;N03;Normal: Noite estável;Normal;Normal;0.050000007078051564;0.050000007078051564;R1_NORMAL;-1;-1;0;0;-1;-1;0;0.05000000819563866;0.029484475031495094;0.09477631002664566;96;4
C02;C02;Critico: Fadiga com desvio cinematico;Critico;Critico;0.39378328174352645;0.39378328174352645;R1_NORMAL;29;50;22;0;32;3;0;0.05000000819563866;0.10135958343744278;0.13386733829975128;96;4
C10;C10;Critico progressivo: Grooming em rodovia com fadiga;Critico;Critico;0.40167568325996394;0.40167568325996394;R2_STABLE_RISK;40;81;42;1;59;19;0;0.05000000819563866;0.1995597630739212;0.11961457133293152;96;4
N03;N03;Normal: Noite estável;Normal;Normal;0.050000007078051564;0.050000007078051564;R1_NORMAL;-1;-1;0;0;-1;-1;0;0.05000000819563866;0.031865522265434265;0.09168580919504166;96;4
N03;N03;Normal: Noite estável;Normal;Normal;0.050000007078051564;0.050000007078051564;R1_NORMAL;-1;-1;0;0;-1;-1;0;0.05000000819563866;0.02852148748934269;0.09071391820907593;96;4
C01;C01;Critico: Celular em alta velocidade;Critico;Critico;0.29102678298950196;0.29102678298950196;R1_NORMAL;32;44;13;0;34;2;0;0.05000000819563866;0.15340834856033325;0.09364140778779984;96;4
N02;N02;Normal: Urbano moderado;Normal;Normal;0.050000007078051564;0.050000007078051564;R1_NORMAL;-1;-1;0;0;-1;-1;0;0.05000000819563866;0.029144296422600746;0.08007506281137466;96;4
C07;C07;Critico progressivo: Sem cinto sob chuva;Critico;Critico;0.3992651626467705;0.3992651626467705;R1_NORMAL;37;75;39;1;57;20;0;0.05000000819563866;0.384484201669693;0.14106445014476776;96;4
N02;N02;Normal: Urbano moderado;Normal;Normal;0.050000007078051564;0.050000007078051564;R3_FALSE_KIN;-1;-1;0;0;-1;-1;0;0.05000000819563866;0.026609966531395912;0.10856308788061142;96;4
C06;C06;Critico progressivo: Fadiga noturna;Critico;Critico;0.4035459980368614;0.4035459980368614;R2_STABLE_RISK;36;81;46;1;56;20;0;0.05000000819563866;0.15276433527469635;0.10883459448814392;96;4
C06;C06;Critico progressivo: Fadiga noturna;Critico;Critico;0.4109866991639137;0.4109866991639137;R1_NORMAL;36;81;46;1;59;23;0;0.05000000819563866;0.17058639228343964;0.11084207147359848;96;4
N02;N02;Normal: Urbano moderado;Normal;Normal;0.050000007078051564;0.050000007078051564;R1_NORMAL;-1;-1;0;0;-1;-1;0;0.05000000819563866;0.028264211490750313;0.09860505908727646;96;4
C02;C02;Critico: Fadiga com desvio cinematico;Critico;Critico;0.39378328174352645;0.39378328174352645;R1_NORMAL;29;50;22;0;32;3;0;0.05000000819563866;0.09771490097045898;0.104920394718647;96;4
C09;C09;Critico progressivo: Bebida ao volante;Critico;Critico;0.4120865881443023;0.4120865881443023;R1_NORMAL;38;73;36;1;55;17;0;0.05000000819563866;0.2609560489654541;0.11675786972045898;96;4
C06;C06;Critico progressivo: Fadiga noturna;Critico;Critico;0.4888587027788162;0.4888587027788162;R2_STABLE_RISK;36;81;46;1;62;26;1;0.35828474164009094;0.15772272646427155;0.1302259862422943;96;4
C07;C07;Critico progressivo: Sem cinto sob chuva;Critico;Critico;0.41949221044778817;0.41949221044778817;R3_FALSE_KIN;37;75;39;1;56;19;0;0.05000000819563866;0.37750744819641113;0.15262825787067413;96;4
C02;C02;Critico: Fadiga com desvio cinematico;Critico;Critico;0.39378328174352645;0.39378328174352645;R1_NORMAL;29;50;22;0;32;3;0;0.05000000819563866;0.09558656811714172;0.13025295734405518;96;4
C10;C10;Critico progressivo: Grooming em rodovia com fadiga;Critico;Critico;0.42012406438589095;0.42012406438589095;R1_NORMAL;40;81;42;1;59;19;0;0.05000000819563866;0.20894598960876465;0.11763717979192734;96;4
C02;C02;Critico: Fadiga com desvio cinematico;Critico;Critico;0.39378328174352645;0.39378328174352645;R3_FALSE_KIN;29;50;22;0;32;3;0;0.05000000819563866;0.10013721138238907;0.16002923250198364;96;4
C09;C09;Critico progressivo: Bebida ao volante;Critico;Critico;0.3730685845017433;0.3730685845017433;R1_NORMAL;38;73;36;1;59;21;0;0.05000000819563866;0.24801857769489288;0.19081981480121613;96;4
C09;C09;Critico progressivo: Bebida ao volante;Critico;Critico;0.47746950089931484;0.47746950089931484;R1_NORMAL;38;73;36;1;58;20;1;0.28331711888313293;0.25421395897865295;0.13046692311763763;96;4
N01;N01;Normal: Viagem tranquila em rodovia;Normal;Normal;0.050000007078051564;0.050000007078051564;R2_STABLE_RISK;-1;-1;0;0;-1;-1;0;0.05000000819563866;0.03258698061108589;0.11733194440603256;96;4
C06;C06;Critico progressivo: Fadiga noturna;Critico;Critico;0.4322492316365242;0.4322492316365242;R1_NORMAL;36;81;46;1;59;23;0;0.05000000819563866;0.16205960512161255;0.13439178466796875;96;4
C03;C03;Critico: Celular sem cinto sob chuva;Critico;Critico;0.3752959698438644;0.3752959698438644;R1_NORMAL;26;41;16;0;28;2;0;0.05000000819563866;0.1839270144701004;0.1239798292517662;96;4
C07;C07;Critico progressivo: Sem cinto sob chuva;Critico;Critico;0.3959215626120567;0.3959215626120567;R3_FALSE_KIN;37;75;39;1;58;21;0;0.05000000819563866;0.373676061630249;0.12899823486804962;96;4
C08;C08;Critico progressivo: Distracao urbana multietapas;Critico;Critico;0.45944387614727017;0.45944387614727017;R1_NORMAL;28;77;50;1;56;28;0;0.05000000819563866;0.31853899359703064;0.1807805746793747;96;4
C10;C10;Critico progressivo: Grooming em rodovia com fadiga;Critico;Critico;0.4740061491727829;0.4740061491727829;R2_STABLE_RISK;40;81;42;1;65;25;1;0.3176098167896271;0.2004384547472;0.11888106912374496;96;4
N02;N02;Normal: Urbano moderado;Normal;Normal;0.050000007078051564;0.050000007078051564;R1_NORMAL;-1;-1;0;0;-1;-1;0;0.05000000819563866;0.026774272322654724;0.12615497410297394;96;4
C04;C04;Critico: Multiplas distracoes urbanas;Critico;Critico;0.5758321374654769;0.5758321374654769;R2_STABLE_RISK;22;45;24;0;24;2;1;0.254209965467453;0.20569920539855957;0.2123846560716629;96;4
C06;C06;Critico progressivo: Fadiga noturna;Critico;Critico;0.4045543923974037;0.4045543923974037;R2_STABLE_RISK;36;81;46;1;64;28;0;0.05000000819563866;0.1545904278755188;0.11427312344312668;96;4
C10;C10;Critico progressivo: Grooming em rodovia com fadiga;Critico;Critico;0.46691268384456636;0.46691268384456636;R2_STABLE_RISK;40;81;42;1;66;26;1;0.335944265127182;0.20515310764312744;0.09547045826911926;96;4
C03;C03;Critico: Celular sem cinto sob chuva;Critico;Critico;0.3752959698438644;0.3752959698438644;R2_STABLE_RISK;26;41;16;0;28;2;0;0.05000000819563866;0.19169855117797852;0.10807407647371292;96;4
C05;C05;Critico progressivo: Celular em rodovia;Critico;Critico;0.40330206304788585;0.40330206304788585;R3_FALSE_KIN;42;73;32;1;57;15;0;0.05000000819563866;0.3182355761528015;0.10278388112783432;96;4
C08;C08;Critico progressivo: Distracao urbana multietapas;Critico;Critico;0.4183230325579643;0.4183230325579643;R3_FALSE_KIN;28;77;50;1;58;30;0;0.05000000819563866;0.3154253661632538;0.10505834221839905;96;4
N01;N01;Normal: Viagem tranquila em rodovia;Normal;Normal;0.050000007078051564;0.050000007078051564;R1_NORMAL;-1;-1;0;0;-1;-1;0;0.05000000819563866;0.03278552368283272;0.09129643440246582;96;4
C09;C09;Critico progressivo: Bebida ao volante;Critico;Critico;0.5105678468942642;0.5105678468942642;R3_FALSE_KIN;38;73;36;1;54;16;1;0.26297131180763245;0.25616511702537537;0.17106489837169647;96;4
C07;C07;Critico progressivo: Sem cinto sob chuva;Critico;Critico;0.40950810462236403;0.40950810462236403;R2_STABLE_RISK;37;75;39;1;60;23;0;0.05000000819563866;0.37152060866355896;0.12255498766899109;96;4
C01;C01;Critico: Celular em alta velocidade;Critico;Critico;0.5351144194602966;0.5351144194602966;R1_NORMAL;32;44;13;0;34;2;1;0.276935875415802;0.15189288556575775;0.17547325789928436;96;4
C06;C06;Critico progressivo: Fadiga noturna;Critico;Critico;0.4376249030232429;0.4376249030232429;R1_NORMAL;36;81;46;1;61;25;0;0.05000000819563866;0.16778840124607086;0.1247427761554718;96;4
C10;C10;Critico progressivo: Grooming em rodovia com fadiga;Critico;Critico;0.43460258692502973;0.43460258692502973;R1_NORMAL;40;81;42;1;61;21;0;0.05000000819563866;0.2002129703760147;0.11406555026769638;96;4
N02;N02;Normal: Urbano moderado;Normal;Normal;0.050000007078051564;0.050000007078051564;R1_NORMAL;-1;-1;0;0;-1;-1;0;0.05000000819563866;0.026396723464131355;0.10088261216878891;96;4
C03;C03;Critico: Celular sem cinto sob chuva;Critico;Critico;0.3752959698438644;0.3752959698438644;R1_NORMAL;26;41;16;0;28;2;0;0.05000000819563866;0.18410880863666534;0.11983370780944824;96;4
N03;N03;Normal: Noite estável;Normal;Normal;0.050000007078051564;0.050000007078051564;R1_NORMAL;-1;-1;0;0;-1;-1;0;0.05000000819563866;0.029378512874245644;0.06883373856544495;96;4
N03;N03;Normal: Noite estável;Normal;Normal;0.050000007078051564;0.050000007078051564;R2_STABLE_RISK;-1;-1;0;0;-1;-1;0;0.05000000819563866;0.027718788012862206;0.09255629777908325;96;4
N02;N02;Normal: Urbano moderado;Normal;Normal;0.050000007078051564;0.050000007078051564;R1_NORMAL;-1;-1;0;0;-1;-1;0;0.05000000819563866;0.035093147307634354;0.097160704433918;96;4
C03;C03;Critico: Celular sem cinto sob chuva;Critico;Critico;0.3752959698438644;0.3752959698438644;R3_FALSE_KIN;26;41;16;0;28;2;0;0.05000000819563866;0.18412353098392487;0.12803055346012115;96;4
C02;C02;Critico: Fadiga com desvio cinematico;Critico;Critico;0.39378328174352645;0.39378328174352645;R1_NORMAL;29;50;22;0;32;3;0;0.05000000819563866;0.09583724290132523;0.15919806063175201;96;4
C02;C02;Critico: Fadiga com desvio cinematico;Critico;Critico;0.39378328174352645;0.39378328174352645;R1_NORMAL;29;50;22;0;32;3;0;0.05000000819563866;0.0994114875793457;0.1022571548819542;96;4
N03;N03;Normal: Noite estável;Normal;Normal;0.050000007078051564;0.050000007078051564;R1_NORMAL;-1;-1;0;0;-1;-1;0;0.05000000819563866;0.036213841289281845;0.15608954429626465;96;4
C01;C01;Critico: Celular em alta velocidade;Critico;Critico;0.5369454920291901;0.5369454920291901;R3_FALSE_KIN;32;44;13;0;34;2;1;0.2691531479358673;0.15371085703372955;0.16233815252780914;96;4
C03;C03;Critico: Celular sem cinto sob chuva;Critico;Critico;0.3752959698438644;0.3752959698438644;R2_STABLE_RISK;26;41;16;0;28;2;0;0.05000000819563866;0.18617205321788788;0.12474215030670166;96;4
C09;C09;Critico progressivo: Bebida ao volante;Critico;Critico;0.47144034206867214;0.47144034206867214;R1_NORMAL;38;73;36;1;56;18;1;0.27427953481674194;0.25568687915802;0.1604195386171341;96;4
C04;C04;Critico: Multiplas distracoes urbanas;Critico;Critico;0.3713889718055725;0.3713889718055725;R3_FALSE_KIN;22;45;24;0;24;2;0;0.05000000819563866;0.19647447764873505;0.18661360442638397;96;4
C01;C01;Critico: Celular em alta velocidade;Critico;Critico;0.29102678298950196;0.29102678298950196;R2_STABLE_RISK;32;44;13;0;34;2;0;0.05000000819563866;0.14995484054088593;0.1103287860751152;96;4
C06;C06;Critico progressivo: Fadiga noturna;Critico;Critico;0.47955816388130185;0.47955816388130185;R1_NORMAL;36;81;46;1;59;23;1;0.3332678973674774;0.1517258882522583;0.1306946873664856;96;4
C06;C06;Critico progressivo: Fadiga noturna;Critico;Critico;0.4418758615851402;0.4418758615851402;R3_FALSE_KIN;36;81;46;1;62;26;0;0.05000000819563866;0.15225087106227875;0.10198352485895157;96;4
C02;C02;Critico: Fadiga com desvio cinematico;Critico;Critico;0.39378328174352645;0.39378328174352645;R3_FALSE_KIN;29;50;22;0;32;3;0;0.05000000819563866;0.10355222225189209;0.1290210336446762;96;4
C10;C10;Critico progressivo: Grooming em rodovia com fadiga;Critico;Critico;0.4217156484723091;0.4217156484723091;R3_FALSE_KIN;40;81;42;1;63;23;0;0.05000000819563866;0.19335298240184784;0.12256117910146713;96;4
N02;N02;Normal: Urbano moderado;Normal;Normal;0.050000007078051564;0.050000007078051564;R1_NORMAL;-1;-1;0;0;-1;-1;0;0.05000000819563866;0.031074129045009613;0.10771218687295914;96;4
C09;C09;Critico progressivo: Bebida ao volante;Critico;Critico;0.48744049370288844;0.48744049370288844;R1_NORMAL;38;73;36;1;59;21;1;0.2530943751335144;0.2495555281639099;0.177610382437706;96;4
N01;N01;Normal: Viagem tranquila em rodovia;Normal;Normal;0.050000007078051564;0.050000007078051564;R1_NORMAL;-1;-1;0;0;-1;-1;0;0.05000000819563866;0.027420133352279663;0.14043182134628296;96;4
C06;C06;Critico progressivo: Fadiga noturna;Critico;Critico;0.4388054370880127;0.4388054370880127;R2_STABLE_RISK;36;81;46;1;56;20;0;0.05000000819563866;0.1598893702030182;0.12413516640663147;96;4
C03;C03;Critico: Celular sem cinto sob chuva;Critico;Critico;0.3752959698438644;0.3752959698438644;R1_NORMAL;26;41;16;0;28;2;0;0.05000000819563866;0.17975831031799316;0.11621391028165817;96;4
C02;C02;Critico: Fadiga com desvio cinematico;Critico;Critico;0.39378328174352645;0.39378328174352645;R2_STABLE_RISK;29;50;22;0;32;3;0;0.05000000819563866;0.09607398509979248;0.09537146240472794;96;4
C10;C10;Critico progressivo: Grooming em rodovia com fadiga;Critico;Critico;0.3954078495502472;0.3954078495502472;R1_NORMAL;40;81;42;1;58;18;0;0.05000000819563866;0.19769541919231415;0.14241065084934235;96;4
C08;C08;Critico progressivo: Distracao urbana multietapas;Critico;Critico;0.5092670947313308;0.5092670947313308;R1_NORMAL;28;77;50;1;54;26;1;0.3406403362751007;0.31656965613365173;0.1704694628715515;96;4
C05;C05;Critico progressivo: Celular em rodovia;Critico;Critico;0.36127068251371386;0.36127068251371386;R2_STABLE_RISK;42;73;32;1;60;18;0;0.05000000819563866;0.31233033537864685;0.11795979738235474;96;4
N01;N01;Normal: Viagem tranquila em rodovia;Normal;Normal;0.050000007078051564;0.050000007078051564;R2_STABLE_RISK;-1;-1;0;0;-1;-1;0;0.05000000819563866;0.03033084236085415;0.0970902070403099;96;4
C03;C03;Critico: Celular sem cinto sob chuva;Critico;Critico;0.3752959698438644;0.3752959698438644;R1_NORMAL;26;41;16;0;28;2;0;0.05000000819563866;0.18743211030960083;0.13243933022022247;96;4
N03;N03;Normal: Noite estável;Normal;Normal;0.050000007078051564;0.050000007078051564;R2_STABLE_RISK;-1;-1;0;0;-1;-1;0;0.05000000819563866;0.03148329257965088;0.10184073448181152;96;4
N01;N01;Normal: Viagem tranquila em rodovia;Normal;Normal;0.050000007078051564;0.050000007078051564;R2_STABLE_RISK;-1;-1;0;0;-1;-1;0;0.05000000819563866;0.029829440638422966;0.06233246624469757;96;4
N01;N01;Normal: Viagem tranquila em rodovia;Normal;Normal;0.050000007078051564;0.050000007078051564;R1_NORMAL;-1;-1;0;0;-1;-1;0;0.05000000819563866;0.043595004826784134;0.13833589851856232;96;4
C01;C01;Critico: Celular em alta velocidade;Critico;Critico;0.5184601634740829;0.5184601634740829;R2_STABLE_RISK;32;44;13;0;34;2;1;0.2080531120300293;0.15938638150691986;0.1596350222826004;96;4
N01;N01;Normal: Viagem tranquila em rodovia;Normal;Normal;0.050000007078051564;0.050000007078051564;R1_NORMAL;-1;-1;0;0;-1;-1;0;0.05000000819563866;0.03205482289195061;0.1198962926864624;96;4
C05;C05;Critico progressivo: Celular em rodovia;Critico;Critico;0.370953269302845;0.370953269302845;R2_STABLE_RISK;42;73;32;1;58;16;0;0.05000000819563866;0.32243409752845764;0.12551413476467133;96;4
C02;C02;Critico: Fadiga com desvio cinematico;Critico;Critico;0.39378328174352645;0.39378328174352645;R3_FALSE_KIN;29;50;22;0;32;3;0;0.05000000819563866;0.0954669937491417;0.10317713022232056;96;4
C08;C08;Critico progressivo: Distracao urbana multietapas;Critico;Critico;0.4460920691490173;0.4460920691490173;R1_NORMAL;28;77;50;1;50;22;0;0.05000000819563866;0.31364279985427856;0.14229416847229004;96;4
C10;C10;Critico progressivo: Grooming em rodovia com fadiga;Critico;Critico;0.4015289232134819;0.4015289232134819;R1_NORMAL;40;81;42;1;63;23;0;0.05000000819563866;0.19497089087963104;0.09666860848665237;96;4
C06;C06;Critico progressivo: Fadiga noturna;Critico;Critico;0.5014790266752243;0.5014790266752243;R1_NORMAL;36;81;46;1;61;25;1;0.35662734508514404;0.15981630980968475;0.09003911167383194;96;4
C03;C03;Critico: Celular sem cinto sob chuva;Critico;Critico;0.3752959698438644;0.3752959698438644;R3_FALSE_KIN;26;41;16;0;28;2;0;0.05000000819563866;0.1876721829175949;0.11585602909326553;96;4
C05;C05;Critico progressivo: Celular em rodovia;Critico;Critico;0.4519526094198226;0.4519526094198226;R1_NORMAL;42;73;32;1;60;18;1;0.24574393033981323;0.320417582988739;0.13756392896175385;96;4
C06;C06;Critico progressivo: Fadiga noturna;Critico;Critico;0.4456456005573272;0.4456456005573272;R3_FALSE_KIN;36;81;46;1;60;24;0;0.05000000819563866;0.1618185043334961;0.12407103925943375;96;4
C01;C01;Critico: Celular em alta velocidade;Critico;Critico;0.29102678298950196;0.29102678298950196;R2_STABLE_RISK;32;44;13;0;34;2;0;0.05000000819563866;0.15195178985595703;0.11046978086233139;96;4
C07;C07;Critico progressivo: Sem cinto sob chuva;Critico;Critico;0.4024257466197013;0.4024257466197013;R2_STABLE_RISK;37;75;39;1;57;20;0;0.05000000819563866;0.37316930294036865;0.12777234613895416;96;4
N03;N03;Normal: Noite estável;Normal;Normal;0.050000007078051564;0.050000007078051564;R1_NORMAL;-1;-1;0;0;-1;-1;0;0.05000000819563866;0.035506896674633026;0.08776646852493286;96;4
C04;C04;Critico: Multiplas distracoes urbanas;Critico;Critico;0.3713889718055725;0.3713889718055725;R2_STABLE_RISK;22;45;24;0;24;2;0;0.05000000819563866;0.19787748157978058;0.16437214612960815;96;4
C07;C07;Critico progressivo: Sem cinto sob chuva;Critico;Critico;0.3971020579338074;0.3971020579338074;R3_FALSE_KIN;37;75;39;1;61;24;0;0.05000000819563866;0.371189683675766;0.17269285023212433;96;4
C09;C09;Critico progressivo: Bebida ao volante;Critico;Critico;0.4760653585195541;0.4760653585195541;R3_FALSE_KIN;38;73;36;1;57;19;1;0.23315121233463287;0.2490783929824829;0.16102512180805206;96;4
C03;C03;Critico: Celular sem cinto sob chuva;Critico;Critico;0.3752959698438644;0.3752959698438644;R3_FALSE_KIN;26;41;16;0;28;2;0;0.05000000819563866;0.18119710683822632;0.13065119087696075;96;4
N02;N02;Normal: Urbano moderado;Normal;Normal;0.050000007078051564;0.050000007078051564;R2_STABLE_RISK;-1;-1;0;0;-1;-1;0;0.05000000819563866;0.03606637194752693;0.11535173654556274;96;4
C08;C08;Critico progressivo: Distracao urbana multietapas;Critico;Critico;0.41573243886232375;0.41573243886232375;R1_NORMAL;28;77;50;1;57;29;0;0.05000000819563866;0.3171028792858124;0.1769479513168335;96;4
C04;C04;Critico: Multiplas distracoes urbanas;Critico;Critico;0.5640105247497558;0.5640105247497558;R3_FALSE_KIN;22;45;24;0;24;2;1;0.2687191665172577;0.19771073758602142;0.17061124742031097;96;4
C05;C05;Critico progressivo: Celular em rodovia;Critico;Critico;0.46516787409782406;0.46516787409782406;R1_NORMAL;42;73;32;1;61;19;1;0.2997698485851288;0.3085196018218994;0.14323319494724274;96;4
C03;C03;Critico: Celular sem cinto sob chuva;Critico;Critico;0.3752959698438644;0.3752959698438644;R3_FALSE_KIN;26;41;16;0;28;2;0;0.05000000819563866;0.1814747452735901;0.11719509214162827;96;4
C03;C03;Critico: Celular sem cinto sob chuva;Critico;Critico;0.3752959698438644;0.3752959698438644;R2_STABLE_RISK;26;41;16;0;28;2;0;0.05000000819563866;0.1873834729194641;0.10190419107675552;96;4
C10;C10;Critico progressivo: Grooming em rodovia com fadiga;Critico;Critico;0.4258105620741844;0.4258105620741844;R2_STABLE_RISK;40;81;42;1;57;17;0;0.05000000819563866;0.20035071671009064;0.12212637811899185;96;4
C07;C07;Critico progressivo: Sem cinto sob chuva;Critico;Critico;0.5038199514150619;0.5038199514150619;R3_FALSE_KIN;37;75;39;1;55;18;1;0.30714741349220276;0.38356801867485046;0.15802045166492462;96;4
N01;N01;Normal: Viagem tranquila em rodovia;Normal;Normal;0.050000007078051564;0.050000007078051564;R1_NORMAL;-1;-1;0;0;-1;-1;0;0.05000000819563866;0.02670249342918396;0.07192797213792801;96;4
C08;C08;Critico progressivo: Distracao urbana multietapas;Critico;Critico;0.4508966088294983;0.4508966088294983;R3_FALSE_KIN;28;77;50;1;55;27;0;0.05000000819563866;0.3159477412700653;0.1615607887506485;96;4
N01;N01;Normal: Viagem tranquila em rodovia;Normal;Normal;0.050000007078051564;0.050000007078051564;R3_FALSE_KIN;-1;-1;0;0;-1;-1;0;0.05000000819563866;0.022040046751499176;0.12210265547037125;96;4
C08;C08;Critico progressivo: Distracao urbana multietapas;Critico;Critico;0.42656349390745163;0.42656349390745163;R2_STABLE_RISK;28;77;50;1;60;32;0;0.05000000819563866;0.3142920434474945;0.15971793234348297;96;4
C08;C08;Critico progressivo: Distracao urbana multietapas;Critico;Critico;0.4302292004227638;0.4302292004227638;R1_NORMAL;28;77;50;1;59;31;0;0.05000000819563866;0.3177361786365509;0.12340536713600159;96;4
C04;C04;Critico: Multiplas distracoes urbanas;Critico;Critico;0.3713889718055725;0.3713889718055725;R2_STABLE_RISK;22;45;24;0;24;2;0;0.05000000819563866;0.19900226593017578;0.15313459932804108;96;4
C05;C05;Critico progressivo: Celular em rodovia;Critico;Critico;0.3807309702038765;0.3807309702038765;R1_NORMAL;42;73;32;1;61;19;0;0.05000000819563866;0.3147178888320923;0.132772758603096;96;4
C02;C02;Critico: Fadiga com desvio cinematico;Critico;Critico;0.39378328174352645;0.39378328174352645;R1_NORMAL;29;50;22;0;32;3;0;0.05000000819563866;0.09577250480651855;0.128437802195549;96;4
N01;N01;Normal: Viagem tranquila em rodovia;Normal;Normal;0.050000007078051564;0.050000007078051564;R2_STABLE_RISK;-1;-1;0;0;-1;-1;0;0.05000000819563866;0.03245321288704872;0.12807679176330566;96;4
C05;C05;Critico progressivo: Celular em rodovia;Critico;Critico;0.4602866262197494;0.4602866262197494;R2_STABLE_RISK;42;73;32;1;61;19;1;0.3073066174983978;0.3114697337150574;0.15585839748382568;96;4
C09;C09;Critico progressivo: Bebida ao volante;Critico;Critico;0.4463779777288437;0.4463779777288437;R1_NORMAL;38;73;36;1;58;20;1;0.24948547780513763;0.24562497437000275;0.1098867654800415;96;4
C02;C02;Critico: Fadiga com desvio cinematico;Critico;Critico;0.39378328174352645;0.39378328174352645;R3_FALSE_KIN;29;50;22;0;32;3;0;0.05000000819563866;0.10149237513542175;0.19365310668945312;96;4
N01;N01;Normal: Viagem tranquila em rodovia;Normal;Normal;0.050000007078051564;0.050000007078051564;R1_NORMAL;-1;-1;0;0;-1;-1;0;0.05000000819563866;0.03521513566374779;0.07828738540410995;96;4
N02;N02;Normal: Urbano moderado;Normal;Normal;0.050000007078051564;0.050000007078051564;R3_FALSE_KIN;-1;-1;0;0;-1;-1;0;0.05000000819563866;0.028163587674498558;0.10788675397634506;96;4
C08;C08;Critico progressivo: Distracao urbana multietapas;Critico;Critico;0.47504854798316953;0.47504854798316953;R2_STABLE_RISK;28;77;50;1;49;21;0;0.05000000819563866;0.3234695792198181;0.1210428848862648;96;4
C04;C04;Critico: Multiplas distracoes urbanas;Critico;Critico;0.5575681775808334;0.5575681775808334;R2_STABLE_RISK;22;45;24;0;24;2;1;0.17648647725582123;0.20292049646377563;0.19416767358779907;96;4
C08;C08;Critico progressivo: Distracao urbana multietapas;Critico;Critico;0.4851671904325485;0.4851671904325485;R1_NORMAL;28;77;50;1;56;28;1;0.31186148524284363;0.30341094732284546;0.21089191734790802;96;4
C06;C06;Critico progressivo: Fadiga noturna;Critico;Critico;0.4071794986724853;0.4071794986724853;R1_NORMAL;36;81;46;1;64;28;0;0.05000000819563866;0.15549196302890778;0.1511707305908203;96;4
C08;C08;Critico progressivo: Distracao urbana multietapas;Critico;Critico;0.4390215396881103;0.4390215396881103;R1_NORMAL;28;77;50;1;56;28;0;0.05000000819563866;0.3116409480571747;0.17559079825878143;96;4
C07;C07;Critico progressivo: Sem cinto sob chuva;Critico;Critico;0.4621575683355331;0.4621575683355331;R1_NORMAL;37;75;39;1;58;21;1;0.2495860457420349;0.3720334470272064;0.14948563277721405;96;4
C03;C03;Critico: Celular sem cinto sob chuva;Critico;Critico;0.3752959698438644;0.3752959698438644;R1_NORMAL;26;41;16;0;28;2;0;0.05000000819563866;0.18399043381214142;0.17928224802017212;96;4
C06;C06;Critico progressivo: Fadiga noturna;Critico;Critico;0.449683403968811;0.449683403968811;R3_FALSE_KIN;36;81;46;1;61;25;1;0.3570192754268646;0.15209119021892548;0.10021553188562393;96;4
C06;C06;Critico progressivo: Fadiga noturna;Critico;Critico;0.41853367239236827;0.41853367239236827;R2_STABLE_RISK;36;81;46;1;63;27;0;0.05000000819563866;0.16264532506465912;0.12508367002010345;96;4
C02;C02;Critico: Fadiga com desvio cinematico;Critico;Critico;0.39378328174352645;0.39378328174352645;R3_FALSE_KIN;29;50;22;0;32;3;0;0.05000000819563866;0.10058329254388809;0.10997200012207031;96;4
C10;C10;Critico progressivo: Grooming em rodovia com fadiga;Critico;Critico;0.40673005133867257;0.40673005133867257;R3_FALSE_KIN;40;81;42;1;63;23;0;0.05000000819563866;0.19699056446552277;0.1315794438123703;96;4
C07;C07;Critico progressivo: Sem cinto sob chuva;Critico;Critico;0.4314420565962791;0.4314420565962791;R1_NORMAL;37;75;39;1;53;16;0;0.05000000819563866;0.38725796341896057;0.12018817663192749;96;4
C08;C08;Critico progressivo: Distracao urbana multietapas;Critico;Critico;0.44784947931766506;0.44784947931766506;R1_NORMAL;28;77;50;1;53;25;0;0.05000000819563866;0.310390830039978;0.17416392266750336;96;4
C06;C06;Critico progressivo: Fadiga noturna;Critico;Critico;0.41341863125562667;0.41341863125562667;R2_STABLE_RISK;36;81;46;1;64;28;0;0.05000000819563866;0.1559380441904068;0.1099894642829895;96;4
N03;N03;Normal: Noite estável;Normal;Normal;0.050000007078051564;0.050000007078051564;R1_NORMAL;-1;-1;0;0;-1;-1;0;0.05000000819563866;0.03601881489157677;0.10566261410713196;96;4
C06;C06;Critico progressivo: Fadiga noturna;Critico;Critico;0.41677996963262554;0.41677996963262554;R2_STABLE_RISK;36;81;46;1;56;20;0;0.05000000819563866;0.15287943184375763;0.12326560169458389;96;4
N02;N02;Normal: Urbano moderado;Normal;Normal;0.050000007078051564;0.050000007078051564;R2_STABLE_RISK;-1;-1;0;0;-1;-1;0;0.05000000819563866;0.030201712623238564;0.0795116052031517;96;4
C01;C01;Critico: Celular em alta velocidade;Critico;Critico;0.29102678298950196;0.29102678298950196;R1_NORMAL;32;44;13;0;34;2;0;0.05000000819563866;0.1549289971590042;0.14819742739200592;96;4
C02;C02;Critico: Fadiga com desvio cinematico;Critico;Critico;0.39378328174352645;0.39378328174352645;R3_FALSE_KIN;29;50;22;0;32;3;0;0.05000000819563866;0.0999140739440918;0.14756111800670624;96;4
C01;C01;Critico: Celular em alta velocidade;Critico;Critico;0.5169769555330277;0.5169769555330277;R1_NORMAL;32;44;13;0;34;2;1;0.2152806520462036;0.15432551503181458;0.18112878501415253;96;4
C02;C02;Critico: Fadiga com desvio cinematico;Critico;Critico;0.597283473610878;0.597283473610878;R2_STABLE_RISK;29;50;22;0;32;3;1;0.2547775208950043;0.09294238686561584;0.1950441598892212;96;4
C05;C05;Critico progressivo: Celular em rodovia;Critico;Critico;0.390264068543911;0.390264068543911;R1_NORMAL;42;73;32;1;59;17;0;0.05000000819563866;0.32067251205444336;0.15323646366596222;96;4
N02;N02;Normal: Urbano moderado;Normal;Normal;0.050000007078051564;0.050000007078051564;R2_STABLE_RISK;-1;-1;0;0;-1;-1;0;0.05000000819563866;0.03768328204751015;0.0901784598827362;96;4
C05;C05;Critico progressivo: Celular em rodovia;Critico;Critico;0.4574695974588394;0.4574695974588394;R3_FALSE_KIN;42;73;32;1;61;19;1;0.31712618470191956;0.31384336948394775;0.15282703936100006;96;4
N01;N01;Normal: Viagem tranquila em rodovia;Normal;Normal;0.050000007078051564;0.050000007078051564;R1_NORMAL;-1;-1;0;0;-1;-1;0;0.05000000819563866;0.03539290279150009;0.09249063581228256;96;4
C05;C05;Critico progressivo: Celular em rodovia;Critico;Critico;0.4059229180216789;0.4059229180216789;R2_STABLE_RISK;42;73;32;1;58;16;0;0.05000000819563866;0.3200533390045166;0.13473311066627502;96;4
C10;C10;Critico progressivo: Grooming em rodovia com fadiga;Critico;Critico;0.39653713703155513;0.39653713703155513;R2_STABLE_RISK;40;81;42;1;63;23;0;0.05000000819563866;0.1919553428888321;0.14220981299877167;96;4
C04;C04;Critico: Multiplas distracoes urbanas;Critico;Critico;0.3713889718055725;0.3713889718055725;R3_FALSE_KIN;22;45;24;0;24;2;0;0.05000000819563866;0.20623727142810822;0.12158326059579849;96;4
C08;C08;Critico progressivo: Distracao urbana multietapas;Critico;Critico;0.45727348625659936;0.45727348625659936;R1_NORMAL;28;77;50;1;55;27;0;0.05000000819563866;0.31910601258277893;0.16249488294124603;96;4
C08;C08;Critico progressivo: Distracao urbana multietapas;Critico;Critico;0.4657874256372452;0.4657874256372452;R1_NORMAL;28;77;50;1;45;17;0;0.05000000819563866;0.32396069169044495;0.2196582704782486;96;4
C01;C01;Critico: Celular em alta velocidade;Critico;Critico;0.29102678298950196;0.29102678298950196;R1_NORMAL;32;44;13;0;34;2;0;0.05000000819563866;0.15456198155879974;0.1591176837682724;96;4
N02;N02;Normal: Urbano moderado;Normal;Normal;0.050000007078051564;0.050000007078051564;R1_NORMAL;-1;-1;0;0;-1;-1;0;0.05000000819563866;0.031667232513427734;0.08828088641166687;96;4
C08;C08;Critico progressivo: Distracao urbana multietapas;Critico;Critico;0.4488233655691147;0.4488233655691147;R3_FALSE_KIN;28;77;50;1;51;23;0;0.05000000819563866;0.32315942645072937;0.15301074087619781;96;4
N02;N02;Normal: Urbano moderado;Normal;Normal;0.050000007078051564;0.050000007078051564;R1_NORMAL;-1;-1;0;0;-1;-1;0;0.05000000819563866;0.03200863301753998;0.09853655099868774;96;4
C01;C01;Critico: Celular em alta velocidade;Critico;Critico;0.29102678298950196;0.29102678298950196;R1_NORMAL;32;44;13;0;34;2;0;0.05000000819563866;0.15495076775550842;0.15778224170207977;96;4
N02;N02;Normal: Urbano moderado;Normal;Normal;0.050000007078051564;0.050000007078051564;R3_FALSE_KIN;-1;-1;0;0;-1;-1;0;0.05000000819563866;0.025684179738163948;0.1012142077088356;96;4
C10;C10;Critico progressivo: Grooming em rodovia com fadiga;Critico;Critico;0.4448805838823318;0.4448805838823318;R1_NORMAL;40;81;42;1;60;20;1;0.3161068856716156;0.20349569618701935;0.16034460067749023;96;4
C05;C05;Critico progressivo: Celular em rodovia;Critico;Critico;0.4613517731428146;0.4613517731428146;R2_STABLE_RISK;42;73;32;1;59;17;1;0.26669982075691223;0.3149385154247284;0.14893551170825958;96;4
C06;C06;Critico progressivo: Fadiga noturna;Critico;Critico;0.42831623107194894;0.42831623107194894;R2_STABLE_RISK;36;81;46;1;57;21;0;0.05000000819563866;0.15880437195301056;0.15752564370632172;96;4
C09;C09;Critico progressivo: Bebida ao volante;Critico;Critico;0.3789752140641212;0.3789752140641212;R1_NORMAL;38;73;36;1;59;21;0;0.05000000819563866;0.24754782021045685;0.13383646309375763;96;4
N03;N03;Normal: Noite estável;Normal;Normal;0.050000007078051564;0.050000007078051564;R1_NORMAL;-1;-1;0;0;-1;-1;0;0.05000000819563866;0.03017272613942623;0.10568112134933472;96;4
C09;C09;Critico progressivo: Bebida ao volante;Critico;Critico;0.5072707206010818;0.5072707206010818;R2_STABLE_RISK;38;73;36;1;55;17;1;0.31033676862716675;0.2513636648654938;0.13691936433315277;96;4
N03;N03;Normal: Noite estável;Normal;Normal;0.050000007078051564;0.050000007078051564;R1_NORMAL;-1;-1;0;0;-1;-1;0;0.05000000819563866;0.031044432893395424;0.12295075505971909;96;4
C09;C09;Critico progressivo: Bebida ao volante;Critico;Critico;0.37933614999055865;0.37933614999055865;R1_NORMAL;38;73;36;1;56;18;0;0.05000000819563866;0.2527640759944916;0.1363413780927658;96;4
N02;N02;Normal: Urbano moderado;Normal;Normal;0.050000007078051564;0.050000007078051564;R1_NORMAL;-1;-1;0;0;-1;-1;0;0.05000000819563866;0.028740713372826576;0.10773378610610962;96;4
C01;C01;Critico: Celular em alta velocidade;Critico;Critico;0.29102678298950196;0.29102678298950196;R1_NORMAL;32;44;13;0;34;2;0;0.05000000819563866;0.15285497903823853;0.11917221546173096;96;4
C09;C09;Critico progressivo: Bebida ao volante;Critico;Critico;0.4753909856081009;0.4753909856081009;R1_NORMAL;38;73;36;1;55;17;1;0.24570707976818085;0.24993877112865448;0.17609937489032745;96;4
C10;C10;Critico progressivo: Grooming em rodovia com fadiga;Critico;Critico;0.37748150825500487;0.37748150825500487;R3_FALSE_KIN;40;81;42;1;64;24;0;0.05000000819563866;0.1838318258523941;0.14986108243465424;96;4
C02;C02;Critico: Fadiga com desvio cinematico;Critico;Critico;0.5935552269220352;0.5935552269220352;R1_NORMAL;29;50;22;0;32;3;1;0.2702912390232086;0.0948181226849556;0.1132531389594078;96;4
N02;N02;Normal: Urbano moderado;Normal;Normal;0.050000007078051564;0.050000007078051564;R1_NORMAL;-1;-1;0;0;-1;-1;0;0.05000000819563866;0.02654089592397213;0.0730721578001976;96;4
C01;C01;Critico: Celular em alta velocidade;Critico;Critico;0.5343058824539184;0.5343058824539184;R2_STABLE_RISK;32;44;13;0;34;2;1;0.25925832986831665;0.15496046841144562;0.14905892312526703;96;4
C07;C07;Critico progressivo: Sem cinto sob chuva;Critico;Critico;0.41903780549764635;0.41903780549764635;R2_STABLE_RISK;37;75;39;1;59;22;0;0.05000000819563866;0.3744150698184967;0.11441018432378769;96;4
C05;C05;Critico progressivo: Celular em rodovia;Critico;Critico;0.40856169909238815;0.40856169909238815;R2_STABLE_RISK;42;73;32;1;57;15;0;0.05000000819563866;0.32005712389945984;0.18052001297473907;96;4
N03;N03;Normal: Noite estável;Normal;Normal;0.050000007078051564;0.050000007078051564;R1_NORMAL;-1;-1;0;0;-1;-1;0;0.05000000819563866;0.03192553296685219;0.1504770666360855;96;4
N03;N03;Normal: Noite estável;Normal;Normal;0.050000007078051564;0.050000007078051564;R1_NORMAL;-1;-1;0;0;-1;-1;0;0.05000000819563866;0.028580881655216217;0.10611005872488022;96;4
C08;C08;Critico progressivo: Distracao urbana multietapas;Critico;Critico;0.4874346017837524;0.4874346017837524;R1_NORMAL;28;77;50;1;57;29;1;0.3175155818462372;0.30945244431495667;0.12784242630004883;96;4
N02;N02;Normal: Urbano moderado;Normal;Normal;0.050000007078051564;0.050000007078051564;R1_NORMAL;-1;-1;0;0;-1;-1;0;0.05000000819563866;0.035168010741472244;0.09865891188383102;96;4
C03;C03;Critico: Celular sem cinto sob chuva;Critico;Critico;0.6126240372657776;0.6126240372657776;R2_STABLE_RISK;26;41;16;0;28;2;1;0.212020143866539;0.19079168140888214;0.15097983181476593;96;4
C07;C07;Critico progressivo: Sem cinto sob chuva;Critico;Critico;0.41503431349992753;0.41503431349992753;R1_NORMAL;37;75;39;1;60;23;0;0.05000000819563866;0.3770064413547516;0.17102162539958954;96;4
C08;C08;Critico progressivo: Distracao urbana multietapas;Critico;Critico;0.47798838317394254;0.47798838317394254;R3_FALSE_KIN;28;77;50;1;50;22;0;0.05000000819563866;0.3220938444137573;0.160787895321846;96;4
C03;C03;Critico: Celular sem cinto sob chuva;Critico;Critico;0.3752959698438644;0.3752959698438644;R1_NORMAL;26;41;16;0;28;2;0;0.05000000819563866;0.183197021484375;0.1013917550444603;96;4
C03;C03;Critico: Celular sem cinto sob chuva;Critico;Critico;0.6180340290069579;0.6180340290069579;R2_STABLE_RISK;26;41;16;0;28;2;1;0.2465660721063614;0.19042657315731049;0.19251060485839844;96;4
C01;C01;Critico: Celular em alta velocidade;Critico;Critico;0.29102678298950196;0.29102678298950196;R1_NORMAL;32;44;13;0;34;2;0;0.05000000819563866;0.15455596148967743;0.14653263986110687;96;4
N03;N03;Normal: Noite estável;Normal;Normal;0.050000007078051564;0.050000007078051564;R3_FALSE_KIN;-1;-1;0;0;-1;-1;0;0.05000000819563866;0.032405827194452286;0.08680985122919083;96;4
C01;C01;Critico: Celular em alta velocidade;Critico;Critico;0.5217135399580002;0.5217135399580002;R1_NORMAL;32;44;13;0;34;2;1;0.2001679539680481;0.152922585606575;0.15290327370166779;96;4
C04;C04;Critico: Multiplas distracoes urbanas;Critico;Critico;0.5780225217342376;0.5780225217342376;R1_NORMAL;22;45;24;0;24;2;1;0.26497694849967957;0.1990211457014084;0.22791136801242828;96;4
C10;C10;Critico progressivo: Grooming em rodovia com fadiga;Critico;Critico;0.4041438639163971;0.4041438639163971;R2_STABLE_RISK;40;81;42;1;60;20;0;0.05000000819563866;0.20389191806316376;0.1514761596918106;96;4
C07;C07;Critico progressivo: Sem cinto sob chuva;Critico;Critico;0.4099270462989807;0.4099270462989807;R2_STABLE_RISK;37;75;39;1;60;23;0;0.05000000819563866;0.3828016221523285;0.10951155424118042;96;4
C08;C08;Critico progressivo: Distracao urbana multietapas;Critico;Critico;0.4328906178474426;0.4328906178474426;R2_STABLE_RISK;28;77;50;1;57;29;0;0.05000000819563866;0.3151865303516388;0.11162731051445007;96;4
N02;N02;Normal: Urbano moderado;Normal;Normal;0.050000007078051564;0.050000007078051564;R2_STABLE_RISK;-1;-1;0;0;-1;-1;0;0.05000000819563866;0.03376869112253189;0.09142321348190308;96;4
N02;N02;Normal: Urbano moderado;Normal;Normal;0.050000007078051564;0.050000007078051564;R3_FALSE_KIN;-1;-1;0;0;-1;-1;0;0.05000000819563866;0.032026100903749466;0.09108084440231323;96;4
C10;C10;Critico progressivo: Grooming em rodovia com fadiga;Critico;Critico;0.4749708503484726;0.4749708503484726;R1_NORMAL;40;81;42;1;58;18;1;0.30128249526023865;0.20017899572849274;0.12063354253768921;96;4
C06;C06;Critico progressivo: Fadiga noturna;Critico;Critico;0.47548437118530273;0.47548437118530273;R2_STABLE_RISK;36;81;46;1;56;20;1;0.3299635946750641;0.16449759900569916;0.11889469623565674;96;4
N01;N01;Normal: Viagem tranquila em rodovia;Normal;Normal;0.050000007078051564;0.050000007078051564;R2_STABLE_RISK;-1;-1;0;0;-1;-1;0;0.05000000819563866;0.03338072821497917;0.1112726703286171;96;4
C02;C02;Critico: Fadiga com desvio cinematico;Critico;Critico;0.39378328174352645;0.39378328174352645;R1_NORMAL;29;50;22;0;32;3;0;0.05000000819563866;0.10211779922246933;0.14103804528713226;96;4
C07;C07;Critico progressivo: Sem cinto sob chuva;Critico;Critico;0.4228606507182121;0.4228606507182121;R2_STABLE_RISK;37;75;39;1;58;21;0;0.05000000819563866;0.37677499651908875;0.08554186671972275;96;4
C01;C01;Critico: Celular em alta velocidade;Critico;Critico;0.29102678298950196;0.29102678298950196;R1_NORMAL;32;44;13;0;34;2;0;0.05000000819563866;0.1615232527256012;0.14251041412353516;96;4
N01;N01;Normal: Viagem tranquila em rodovia;Normal;Normal;0.050000007078051564;0.050000007078051564;R1_NORMAL;-1;-1;0;0;-1;-1;0;0.05000000819563866;0.033502496778964996;0.10831254720687866;96;4
N03;N03;Normal: Noite estável;Normal;Normal;0.050000007078051564;0.050000007078051564;R1_NORMAL;-1;-1;0;0;-1;-1;0;0.05000000819563866;0.03629517927765846;0.10270165652036667;96;4
C10;C10;Critico progressivo: Grooming em rodovia com fadiga;Critico;Critico;0.38590285927057266;0.38590285927057266;R1_NORMAL;40;81;42;1;61;21;0;0.05000000819563866;0.20420987904071808;0.1287800520658493;96;4
C06;C06;Critico progressivo: Fadiga noturna;Critico;Critico;0.4335457444190979;0.4335457444190979;R1_NORMAL;36;81;46;1;59;23;0;0.05000000819563866;0.1582067459821701;0.0833495631814003;96;4
C03;C03;Critico: Celular sem cinto sob chuva;Critico;Critico;0.3752959698438644;0.3752959698438644;R1_NORMAL;26;41;16;0;28;2;0;0.05000000819563866;0.18010888993740082;0.12256842106580734;96;4
C04;C04;Critico: Multiplas distracoes urbanas;Critico;Critico;0.3713889718055725;0.3713889718055725;R1_NORMAL;22;45;24;0;24;2;0;0.05000000819563866;0.20069904625415802;0.12395963072776794;96;4
C03;C03;Critico: Celular sem cinto sob chuva;Critico;Critico;0.3752959698438644;0.3752959698438644;R1_NORMAL;26;41;16;0;28;2;0;0.05000000819563866;0.1863061934709549;0.1470625102519989;96;4
C09;C09;Critico progressivo: Bebida ao volante;Critico;Critico;0.40123928636312484;0.40123928636312484;R1_NORMAL;38;73;36;1;55;17;0;0.05000000819563866;0.2542751729488373;0.14432524144649506;96;4
C01;C01;Critico: Celular em alta velocidade;Critico;Critico;0.29102678298950196;0.29102678298950196;R3_FALSE_KIN;32;44;13;0;34;2;0;0.05000000819563866;0.15291690826416016;0.1499018520116806;96;4
C10;C10;Critico progressivo: Grooming em rodovia com fadiga;Critico;Critico;0.479736253619194;0.479736253619194;R3_FALSE_KIN;40;81;42;1;66;26;1;0.3201519846916199;0.20766448974609375;0.13796158134937286;96;4
C07;C07;Critico progressivo: Sem cinto sob chuva;Critico;Critico;0.4716935813426971;0.4716935813426971;R1_NORMAL;37;75;39;1;59;22;1;0.2964962422847748;0.38008689880371094;0.15735876560211182;96;4
C01;C01;Critico: Celular em alta velocidade;Critico;Critico;0.29102678298950196;0.29102678298950196;R1_NORMAL;32;44;13;0;34;2;0;0.05000000819563866;0.1553214192390442;0.10173537582159042;96;4
C05;C05;Critico progressivo: Celular em rodovia;Critico;Critico;0.47809073626995086;0.47809073626995086;R2_STABLE_RISK;42;73;32;1;56;14;1;0.2907956540584564;0.3172853887081146;0.15944765508174896;96;4
C06;C06;Critico progressivo: Fadiga noturna;Critico;Critico;0.4770652323961258;0.4770652323961258;R2_STABLE_RISK;36;81;46;1;62;26;1;0.33155110478401184;0.15088920295238495;0.15690547227859497;96;4
C02;C02;Critico: Fadiga com desvio cinematico;Critico;Critico;0.39378328174352645;0.39378328174352645;R2_STABLE_RISK;29;50;22;0;32;3;0;0.05000000819563866;0.1005852147936821;0.09354154020547867;96;4
C03;C03;Critico: Celular sem cinto sob chuva;Critico;Critico;0.624417033791542;0.624417033791542;R2_STABLE_RISK;26;41;16;0;28;2;1;0.2649395763874054;0.19293737411499023;0.18200498819351196;96;4
C03;C03;Critico: Celular sem cinto sob chuva;Critico;Critico;0.6173586964607238;0.6173586964607238;R3_FALSE_KIN;26;41;16;0;28;2;1;0.23294897377490997;0.18734757602214813;0.179118350148201;96;4
C04;C04;Critico: Multiplas distracoes urbanas;Critico;Critico;0.3713889718055725;0.3713889718055725;R1_NORMAL;22;45;24;0;24;2;0;0.05000000819563866;0.20153562724590302;0.11828740686178207;96;4
N01;N01;Normal: Viagem tranquila em rodovia;Normal;Normal;0.050000007078051564;0.050000007078051564;R1_NORMAL;-1;-1;0;0;-1;-1;0;0.05000000819563866;0.03780072554945946;0.10285726934671402;96;4
C09;C09;Critico progressivo: Bebida ao volante;Critico;Critico;0.3790271922945976;0.3790271922945976;R1_NORMAL;38;73;36;1;57;19;0;0.05000000819563866;0.25108015537261963;0.10779756307601929;96;4
C01;C01;Critico: Celular em alta velocidade;Critico;Critico;0.29102678298950196;0.29102678298950196;R3_FALSE_KIN;32;44;13;0;34;2;0;0.05000000819563866;0.15469078719615936;0.10849794000387192;96;4
C06;C06;Critico progressivo: Fadiga noturna;Critico;Critico;0.5151783525943756;0.5151783525943756;R1_NORMAL;36;81;46;1;56;20;1;0.355391263961792;0.15788871049880981;0.1433851271867752;96;4
N01;N01;Normal: Viagem tranquila em rodovia;Normal;Normal;0.050000007078051564;0.050000007078051564;R1_NORMAL;-1;-1;0;0;-1;-1;0;0.05000000819563866;0.0230098906904459;0.07617860287427902;96;4
N02;N02;Normal: Urbano moderado;Normal;Normal;0.050000007078051564;0.050000007078051564;R1_NORMAL;-1;-1;0;0;-1;-1;0;0.05000000819563866;0.023700570687651634;0.08035371452569962;96;4
C01;C01;Critico: Celular em alta velocidade;Critico;Critico;0.5190213352441788;0.5190213352441788;R3_FALSE_KIN;32;44;13;0;34;2;1;0.20929189026355743;0.155199334025383;0.18393395841121674;96;4
C05;C05;Critico progressivo: Celular em rodovia;Critico;Critico;0.39864060729742046;0.39864060729742046;R1_NORMAL;42;73;32;1;58;16;0;0.05000000819563866;0.32365989685058594;0.15797299146652222;96;4
N03;N03;Normal: Noite estável;Normal;Normal;0.050000007078051564;0.050000007078051564;R2_STABLE_RISK;-1;-1;0;0;-1;-1;0;0.05000000819563866;0.035339560359716415;0.0818873718380928;96;4
C10;C10;Critico progressivo: Grooming em rodovia com fadiga;Critico;Critico;0.42139114588499066;0.42139114588499066;R1_NORMAL;40;81;42;1;67;27;0;0.05000000819563866;0.19253979623317719;0.09425213187932968;96;4
N02;N02;Normal: Urbano moderado;Normal;Normal;0.050000007078051564;0.050000007078051564;R3_FALSE_KIN;-1;-1;0;0;-1;-1;0;0.05000000819563866;0.036578159779310226;0.1108136773109436;96;4
C08;C08;Critico progressivo: Distracao urbana multietapas;Critico;Critico;0.4410006731748581;0.4410006731748581;R2_STABLE_RISK;28;77;50;1;55;27;0;0.05000000819563866;0.31630739569664;0.13901002705097198;96;4
C05;C05;Critico progressivo: Celular em rodovia;Critico;Critico;0.3846650674939156;0.3846650674939156;R1_NORMAL;42;73;32;1;57;15;0;0.05000000819563866;0.32131776213645935;0.12991215288639069;96;4
C03;C03;Critico: Celular sem cinto sob chuva;Critico;Critico;0.6101318091154098;0.6101318091154098;R3_FALSE_KIN;26;41;16;0;28;2;1;0.2114761471748352;0.186460480093956;0.19884507358074188;96;4
N03;N03;Normal: Noite estável;Normal;Normal;0.050000007078051564;0.050000007078051564;R1_NORMAL;-1;-1;0;0;-1;-1;0;0.05000000819563866;0.02937796153128147;0.10964655876159668;96;4
C02;C02;Critico: Fadiga com desvio cinematico;Critico;Critico;0.39378328174352645;0.39378328174352645;R1_NORMAL;29;50;22;0;32;3;0;0.05000000819563866;0.09581923484802246;0.1406773328781128;96;4
C06;C06;Critico progressivo: Fadiga noturna;Critico;Critico;0.3985456585884094;0.3985456585884094;R1_NORMAL;36;81;46;1;61;25;0;0.05000000819563866;0.15912272036075592;0.09610828012228012;96;4
N02;N02;Normal: Urbano moderado;Normal;Normal;0.050000007078051564;0.050000007078051564;R2_STABLE_RISK;-1;-1;0;0;-1;-1;0;0.05000000819563866;0.0308592077344656;0.0882563367486;96;4
N03;N03;Normal: Noite estável;Normal;Normal;0.050000007078051564;0.050000007078051564;R1_NORMAL;-1;-1;0;0;-1;-1;0;0.05000000819563866;0.026781359687447548;0.08590181916952133;96;4
C09;C09;Critico progressivo: Bebida ao volante;Critico;Critico;0.47502299547195437;0.47502299547195437;R3_FALSE_KIN;38;73;36;1;54;16;1;0.24444670975208282;0.2513686716556549;0.16156500577926636;96;4
C07;C07;Critico progressivo: Sem cinto sob chuva;Critico;Critico;0.4089634492993354;0.4089634492993354;R1_NORMAL;37;75;39;1;55;18;0;0.05000000819563866;0.3825795352458954;0.1414019614458084;96;4
C02;C02;Critico: Fadiga com desvio cinematico;Critico;Critico;0.39378328174352645;0.39378328174352645;R2_STABLE_RISK;29;50;22;0;32;3;0;0.05000000819563866;0.09763118624687195;0.1299276202917099;96;4
C04;C04;Critico: Multiplas distracoes urbanas;Critico;Critico;0.3713889718055725;0.3713889718055725;R2_STABLE_RISK;22;45;24;0;24;2;0;0.05000000819563866;0.2012387067079544;0.12228336185216904;96;4
C06;C06;Critico progressivo: Fadiga noturna;Critico;Critico;0.4154382869601249;0.4154382869601249;R3_FALSE_KIN;36;81;46;1;62;26;0;0.05000000819563866;0.15792785584926605;0.10427993535995483;96;4
C06;C06;Critico progressivo: Fadiga noturna;Critico;Critico;0.47955232560634614;0.47955232560634614;R2_STABLE_RISK;36;81;46;1;59;23;1;0.3348763883113861;0.15624840557575226;0.1453496217727661;96;4
C09;C09;Critico progressivo: Bebida ao volante;Critico;Critico;0.4829629808664322;0.4829629808664322;R2_STABLE_RISK;38;73;36;1;59;21;1;0.24749870598316193;0.2525540888309479;0.18475179374217987;96;4
C07;C07;Critico progressivo: Sem cinto sob chuva;Critico;Critico;0.4054124310612678;0.4054124310612678;R1_NORMAL;37;75;39;1;59;22;0;0.05000000819563866;0.3728354871273041;0.14350323379039764;96;4
N03;N03;Normal: Noite estável;Normal;Normal;0.050000007078051564;0.050000007078051564;R2_STABLE_RISK;-1;-1;0;0;-1;-1;0;0.05000000819563866;0.02992713451385498;0.07331164181232452;96;4
C08;C08;Critico progressivo: Distracao urbana multietapas;Critico;Critico;0.44318067580461495;0.44318067580461495;R1_NORMAL;28;77;50;1;53;25;0;0.05000000819563866;0.32005324959754944;0.18493640422821045;96;4
C07;C07;Critico progressivo: Sem cinto sob chuva;Critico;Critico;0.40116848796606064;0.40116848796606064;R2_STABLE_RISK;37;75;39;1;58;21;0;0.05000000819563866;0.3773714005947113;0.12343733757734299;96;4
N01;N01;Normal: Viagem tranquila em rodovia;Normal;Normal;0.050000007078051564;0.050000007078051564;R2_STABLE_RISK;-1;-1;0;0;-1;-1;0;0.05000000819563866;0.031530410051345825;0.09363963454961777;96;4
C03;C03;Critico: Celular sem cinto sob chuva;Critico;Critico;0.3752959698438644;0.3752959698438644;R1_NORMAL;26;41;16;0;28;2;0;0.05000000819563866;0.18511992692947388;0.14879409968852997;96;4
C09;C09;Critico progressivo: Bebida ao volante;Critico;Critico;0.41534411162137985;0.41534411162137985;R1_NORMAL;38;73;36;1;56;18;0;0.05000000819563866;0.24509644508361816;0.1682223081588745;96;4
C05;C05;Critico progressivo: Celular em rodovia;Critico;Critico;0.39692234992980957;0.39692234992980957;R2_STABLE_RISK;42;73;32;1;61;19;0;0.05000000819563866;0.3242785930633545;0.12309101223945618;96;4
C08;C08;Critico progressivo: Distracao urbana multietapas;Critico;Critico;0.44795576632022854;0.44795576632022854;R1_NORMAL;28;77;50;1;46;18;0;0.05000000819563866;0.3241150677204132;0.15957297384738922;96;4
N03;N03;Normal: Noite estável;Normal;Normal;0.050000007078051564;0.050000007078051564;R3_FALSE_KIN;-1;-1;0;0;-1;-1;0;0.05000000819563866;0.02978348545730114;0.10879538208246231;96;4
C06;C06;Critico progressivo: Fadiga noturna;Critico;Critico;0.4241864442825317;0.4241864442825317;R1_NORMAL;36;81;46;1;62;26;0;0.05000000819563866;0.15201054513454437;0.08968747407197952;96;4
C09;C09;Critico progressivo: Bebida ao volante;Critico;Critico;0.4484950095415115;0.4484950095415115;R1_NORMAL;38;73;36;1;60;22;1;0.24598991870880127;0.24331946671009064;0.1754847764968872;96;4
C07;C07;Critico progressivo: Sem cinto sob chuva;Critico;Critico;0.4735709518194198;0.4735709518194198;R1_NORMAL;37;75;39;1;62;25;1;0.31870922446250916;0.3771590292453766;0.1484786719083786;96;4
C01;C01;Critico: Celular em alta velocidade;Critico;Critico;0.5187912315130234;0.5187912315130234;R1_NORMAL;32;44;13;0;34;2;1;0.2103392630815506;0.14964866638183594;0.18197856843471527;96;4
N02;N02;Normal: Urbano moderado;Normal;Normal;0.050000007078051564;0.050000007078051564;R1_NORMAL;-1;-1;0;0;-1;-1;0;0.05000000819563866;0.03334043547511101;0.11318051815032959;96;4
N03;N03;Normal: Noite estável;Normal;Normal;0.050000007078051564;0.050000007078051564;R2_STABLE_RISK;-1;-1;0;0;-1;-1;0;0.05000000819563866;0.030588289722800255;0.10748690366744995;96;4
C09;C09;Critico progressivo: Bebida ao volante;Critico;Critico;0.4811436027288437;0.4811436027288437;R2_STABLE_RISK;38;73;36;1;56;18;1;0.29467353224754333;0.2568805515766144;0.1483217030763626;96;4
N01;N01;Normal: Viagem tranquila em rodovia;Normal;Normal;0.050000007078051564;0.050000007078051564;R2_STABLE_RISK;-1;-1;0;0;-1;-1;0;0.05000000819563866;0.033426035195589066;0.10643065720796585;96;4
C01;C01;Critico: Celular em alta velocidade;Critico;Critico;0.29102678298950196;0.29102678298950196;R2_STABLE_RISK;32;44;13;0;34;2;0;0.05000000819563866;0.15533481538295746;0.1079946830868721;96;4
C03;C03;Critico: Celular sem cinto sob chuva;Critico;Critico;0.3752959698438644;0.3752959698438644;R1_NORMAL;26;41;16;0;28;2;0;0.05000000819563866;0.18774296343326569;0.10400553792715073;96;4
C08;C08;Critico progressivo: Distracao urbana multietapas;Critico;Critico;0.4445944786071777;0.4445944786071777;R2_STABLE_RISK;28;77;50;1;58;30;0;0.05000000819563866;0.3083045780658722;0.15945982933044434;96;4
C03;C03;Critico: Celular sem cinto sob chuva;Critico;Critico;0.3752959698438644;0.3752959698438644;R1_NORMAL;26;41;16;0;28;2;0;0.05000000819563866;0.18419621884822845;0.12442783266305923;96;4
N02;N02;Normal: Urbano moderado;Normal;Normal;0.050000007078051564;0.050000007078051564;R2_STABLE_RISK;-1;-1;0;0;-1;-1;0;0.05000000819563866;0.034781504422426224;0.08660420775413513;96;4
C09;C09;Critico progressivo: Bebida ao volante;Critico;Critico;0.47121110558509827;0.47121110558509827;R3_FALSE_KIN;38;73;36;1;57;19;1;0.2663891315460205;0.2516152560710907;0.12494822591543198;96;4
N02;N02;Normal: Urbano moderado;Normal;Normal;0.050000007078051564;0.050000007078051564;R1_NORMAL;-1;-1;0;0;-1;-1;0;0.05000000819563866;0.030963340774178505;0.08132151514291763;96;4
C01;C01;Critico: Celular em alta velocidade;Critico;Critico;0.29102678298950196;0.29102678298950196;R3_FALSE_KIN;32;44;13;0;34;2;0;0.05000000819563866;0.15171164274215698;0.14766506850719452;96;4
C02;C02;Critico: Fadiga com desvio cinematico;Critico;Critico;0.39378328174352645;0.39378328174352645;R2_STABLE_RISK;29;50;22;0;32;3;0;0.05000000819563866;0.08977215737104416;0.16967809200286865;96;4
C04;C04;Critico: Multiplas distracoes urbanas;Critico;Critico;0.578465712070465;0.578465712070465;R3_FALSE_KIN;22;45;24;0;24;2;1;0.277911514043808;0.209421768784523;0.1955709010362625;96;4
C04;C04;Critico: Multiplas distracoes urbanas;Critico;Critico;0.3713889718055725;0.3713889718055725;R1_NORMAL;22;45;24;0;24;2;0;0.05000000819563866;0.20109593868255615;0.17767150700092316;96;4
C10;C10;Critico progressivo: Grooming em rodovia com fadiga;Critico;Critico;0.4620238393545151;0.4620238393545151;R3_FALSE_KIN;40;81;42;1;61;21;1;0.32449042797088623;0.2004876732826233;0.11715420335531235;96;4
C04;C04;Critico: Multiplas distracoes urbanas;Critico;Critico;0.3713889718055725;0.3713889718055725;R1_NORMAL;22;45;24;0;24;2;0;0.05000000819563866;0.20283453166484833;0.15209950506687164;96;4
N01;N01;Normal: Viagem tranquila em rodovia;Normal;Normal;0.050000007078051564;0.050000007078051564;R3_FALSE_KIN;-1;-1;0;0;-1;-1;0;0.05000000819563866;0.03015330620110035;0.07718466967344284;96;4
C06;C06;Critico progressivo: Fadiga noturna;Critico;Critico;0.44527715742588037;0.44527715742588037;R3_FALSE_KIN;36;81;46;1;55;19;0;0.05000000819563866;0.15791967511177063;0.09818196296691895;96;4
C04;C04;Critico: Multiplas distracoes urbanas;Critico;Critico;0.5715879410505295;0.5715879410505295;R1_NORMAL;22;45;24;0;24;2;1;0.23334746062755585;0.2044171839952469;0.17489506304264069;96;4
N03;N03;Normal: Noite estável;Normal;Normal;0.050000007078051564;0.050000007078051564;R1_NORMAL;-1;-1;0;0;-1;-1;0;0.05000000819563866;0.031691428273916245;0.087025947868824;96;4
C05;C05;Critico progressivo: Celular em rodovia;Critico;Critico;0.39037688076496124;0.39037688076496124;R1_NORMAL;42;73;32;1;61;19;0;0.05000000819563866;0.309430867433548;0.09914030879735947;96;4
C06;C06;Critico progressivo: Fadiga noturna;Critico;Critico;0.4239736184477806;0.4239736184477806;R1_NORMAL;36;81;46;1;64;28;0;0.05000000819563866;0.15699483454227448;0.120350182056427;96;4
N02;N02;Normal: Urbano moderado;Normal;Normal;0.050000007078051564;0.050000007078051564;R1_NORMAL;-1;-1;0;0;-1;-1;0;0.05000000819563866;0.03229409083724022;0.1060943603515625;96;4
C02;C02;Critico: Fadiga com desvio cinematico;Critico;Critico;0.39378328174352645;0.39378328174352645;R2_STABLE_RISK;29;50;22;0;32;3;0;0.05000000819563866;0.0992388129234314;0.14821849763393402;96;4
N02;N02;Normal: Urbano moderado;Normal;Normal;0.050000007078051564;0.050000007078051564;R1_NORMAL;-1;-1;0;0;-1;-1;0;0.05000000819563866;0.0337434746325016;0.09383630752563477;96;4
C06;C06;Critico progressivo: Fadiga noturna;Critico;Critico;0.4659188657999038;0.4659188657999038;R3_FALSE_KIN;36;81;46;1;60;24;1;0.30131834745407104;0.16590815782546997;0.09507308155298233;96;4
C04;C04;Critico: Multiplas distracoes urbanas;Critico;Critico;0.3713889718055725;0.3713889718055725;R2_STABLE_RISK;22;45;24;0;24;2;0;0.05000000819563866;0.20046240091323853;0.11618199199438095;96;4
C03;C03;Critico: Celular sem cinto sob chuva;Critico;Critico;0.3752959698438644;0.3752959698438644;R2_STABLE_RISK;26;41;16;0;28;2;0;0.05000000819563866;0.1833428144454956;0.14173345267772675;96;4
N03;N03;Normal: Noite estável;Normal;Normal;0.050000007078051564;0.050000007078051564;R2_STABLE_RISK;-1;-1;0;0;-1;-1;0;0.05000000819563866;0.03708842769265175;0.08669871091842651;96;4
C07;C07;Critico progressivo: Sem cinto sob chuva;Critico;Critico;0.40645657777786254;0.40645657777786254;R1_NORMAL;37;75;39;1;59;22;0;0.05000000819563866;0.37546953558921814;0.10288824886083603;96;4
N01;N01;Normal: Viagem tranquila em rodovia;Normal;Normal;0.050000007078051564;0.050000007078051564;R2_STABLE_RISK;-1;-1;0;0;-1;-1;0;0.05000000819563866;0.03790261223912239;0.10491462796926498;96;4
N01;N01;Normal: Viagem tranquila em rodovia;Normal;Normal;0.050000007078051564;0.050000007078051564;R2_STABLE_RISK;-1;-1;0;0;-1;-1;0;0.05000000819563866;0.03102313168346882;0.12867581844329834;96;4
C04;C04;Critico: Multiplas distracoes urbanas;Critico;Critico;0.5651238322257995;0.5651238322257995;R3_FALSE_KIN;22;45;24;0;24;2;1;0.24286317825317383;0.20461340248584747;0.15610259771347046;96;4
C04;C04;Critico: Multiplas distracoes urbanas;Critico;Critico;0.3713889718055725;0.3713889718055725;R2_STABLE_RISK;22;45;24;0;24;2;0;0.05000000819563866;0.20524652302265167;0.15694130957126617;96;4
N01;N01;Normal: Viagem tranquila em rodovia;Normal;Normal;0.050000007078051564;0.050000007078051564;R3_FALSE_KIN;-1;-1;0;0;-1;-1;0;0.05000000819563866;0.03360592573881149;0.09792214632034302;96;4
C04;C04;Critico: Multiplas distracoes urbanas;Critico;Critico;0.5715010434389114;0.5715010434389114;R1_NORMAL;22;45;24;0;24;2;1;0.23292018473148346;0.205427348613739;0.23800329864025116;96;4
C07;C07;Critico progressivo: Sem cinto sob chuva;Critico;Critico;0.4105519846081734;0.4105519846081734;R3_FALSE_KIN;37;75;39;1;56;19;0;0.05000000819563866;0.3701092004776001;0.12222876399755478;96;4
C10;C10;Critico progressivo: Grooming em rodovia com fadiga;Critico;Critico;0.4658433765172958;0.4658433765172958;R1_NORMAL;40;81;42;1;58;18;1;0.3550474941730499;0.19899480044841766;0.12758423388004303;96;4
N01;N01;Normal: Viagem tranquila em rodovia;Normal;Normal;0.050000007078051564;0.050000007078051564;R2_STABLE_RISK;-1;-1;0;0;-1;-1;0;0.05000000819563866;0.028457365930080414;0.1116662546992302;96;4
C03;C03;Critico: Celular sem cinto sob chuva;Critico;Critico;0.3752959698438644;0.3752959698438644;R3_FALSE_KIN;26;41;16;0;28;2;0;0.05000000819563866;0.18542246520519257;0.1119563952088356;96;4
N01;N01;Normal: Viagem tranquila em rodovia;Normal;Normal;0.050000007078051564;0.050000007078051564;R1_NORMAL;-1;-1;0;0;-1;-1;0;0.05000000819563866;0.034316569566726685;0.09522315114736557;96;4
C10;C10;Critico progressivo: Grooming em rodovia com fadiga;Critico;Critico;0.4041294738650322;0.4041294738650322;R1_NORMAL;40;81;42;1;64;24;0;0.05000000819563866;0.202708438038826;0.12025769799947739;96;4
C07;C07;Critico progressivo: Sem cinto sob chuva;Critico;Critico;0.4115297004580497;0.4115297004580497;R1_NORMAL;37;75;39;1;58;21;0;0.05000000819563866;0.3747781217098236;0.12561440467834473;96;4
C03;C03;Critico: Celular sem cinto sob chuva;Critico;Critico;0.6237231016159057;0.6237231016159057;R2_STABLE_RISK;26;41;16;0;28;2;1;0.2614881992340088;0.18611519038677216;0.1799299716949463;96;4
C01;C01;Critico: Celular em alta velocidade;Critico;Critico;0.5266951650381089;0.5266951650381089;R2_STABLE_RISK;32;44;13;0;34;2;1;0.22492609918117523;0.15288013219833374;0.14654260873794556;96;4
C06;C06;Critico progressivo: Fadiga noturna;Critico;Critico;0.46018207967281344;0.46018207967281344;R2_STABLE_RISK;36;81;46;1;55;19;0;0.05000000819563866;0.1547548621892929;0.1301279217004776;96;4
C06;C06;Critico progressivo: Fadiga noturna;Critico;Critico;0.4104989722371101;0.4104989722371101;R2_STABLE_RISK;36;81;46;1;59;23;0;0.05000000819563866;0.15440158545970917;0.110775887966156;96;4
N03;N03;Normal: Noite estável;Normal;Normal;0.050000007078051564;0.050000007078051564;R2_STABLE_RISK;-1;-1;0;0;-1;-1;0;0.05000000819563866;0.03332638740539551;0.1084325835108757;96;4
C04;C04;Critico: Multiplas distracoes urbanas;Critico;Critico;0.5756452471017837;0.5756452471017837;R3_FALSE_KIN;22;45;24;0;24;2;1;0.278842031955719;0.20283769071102142;0.20975716412067413;96;4
C10;C10;Critico progressivo: Grooming em rodovia com fadiga;Critico;Critico;0.4210096955299377;0.4210096955299377;R1_NORMAL;40;81;42;1;59;19;0;0.05000000819563866;0.20241202414035797;0.10049246996641159;96;4
C02;C02;Critico: Fadiga com desvio cinematico;Critico;Critico;0.39378328174352645;0.39378328174352645;R2_STABLE_RISK;29;50;22;0;32;3;0;0.05000000819563866;0.09512562304735184;0.12376569956541061;96;4
C10;C10;Critico progressivo: Grooming em rodovia com fadiga;Critico;Critico;0.4044813737273216;0.4044813737273216;R2_STABLE_RISK;40;81;42;1;60;20;0;0.05000000819563866;0.20221726596355438;0.10162142664194107;96;4
N02;N02;Normal: Urbano moderado;Normal;Normal;0.050000007078051564;0.050000007078051564;R2_STABLE_RISK;-1;-1;0;0;-1;-1;0;0.05000000819563866;0.02546580322086811;0.07277586311101913;96;4
C07;C07;Critico progressivo: Sem cinto sob chuva;Critico;Critico;0.4085612133145332;0.4085612133145332;R2_STABLE_RISK;37;75;39;1;57;20;0;0.05000000819563866;0.3883519172668457;0.1637236326932907;96;4
C06;C06;Critico progressivo: Fadiga noturna;Critico;Critico;0.42116754055023187;0.42116754055023187;R1_NORMAL;36;81;46;1;60;24;0;0.05000000819563866;0.16120241582393646;0.13026537001132965;96;4
C03;C03;Critico: Celular sem cinto sob chuva;Critico;Critico;0.3752959698438644;0.3752959698438644;R1_NORMAL;26;41;16;0;28;2;0;0.05000000819563866;0.1942015141248703;0.11224275082349777;96;4
C06;C06;Critico progressivo: Fadiga noturna;Critico;Critico;0.399100024998188;0.399100024998188;R2_STABLE_RISK;36;81;46;1;60;24;0;0.05000000819563866;0.15866941213607788;0.1383405476808548;96;4
C10;C10;Critico progressivo: Grooming em rodovia com fadiga;Critico;Critico;0.42384972572326657;0.42384972572326657;R2_STABLE_RISK;40;81;42;1;62;22;0;0.05000000819563866;0.2006184309720993;0.11144595593214035;96;4
C06;C06;Critico progressivo: Fadiga noturna;Critico;Critico;0.4737360030412674;0.4737360030412674;R2_STABLE_RISK;36;81;46;1;61;25;1;0.3460756242275238;0.15715046226978302;0.133036270737648;96;4
C01;C01;Critico: Celular em alta velocidade;Critico;Critico;0.29102678298950196;0.29102678298950196;R1_NORMAL;32;44;13;0;34;2;0;0.05000000819563866;0.15267625451087952;0.1369185596704483;96;4
N03;N03;Normal: Noite estável;Normal;Normal;0.050000007078051564;0.050000007078051564;R3_FALSE_KIN;-1;-1;0;0;-1;-1;0;0.05000000819563866;0.03246176615357399;0.10459363460540771;96;4
N03;N03;Normal: Noite estável;Normal;Normal;0.050000007078051564;0.050000007078051564;R1_NORMAL;-1;-1;0;0;-1;-1;0;0.05000000819563866;0.028926797211170197;0.1096859872341156;96;4
C08;C08;Critico progressivo: Distracao urbana multietapas;Critico;Critico;0.4729143172502518;0.4729143172502518;R3_FALSE_KIN;28;77;50;1;52;24;0;0.05000000819563866;0.32280096411705017;0.1340714544057846;96;4
C03;C03;Critico: Celular sem cinto sob chuva;Critico;Critico;0.6219373494386673;0.6219373494386673;R2_STABLE_RISK;26;41;16;0;28;2;1;0.2534804046154022;0.19215357303619385;0.18053895235061646;96;4
N02;N02;Normal: Urbano moderado;Normal;Normal;0.050000007078051564;0.050000007078051564;R1_NORMAL;-1;-1;0;0;-1;-1;0;0.05000000819563866;0.027520455420017242;0.12223879247903824;96;4
N01;N01;Normal: Viagem tranquila em rodovia;Normal;Normal;0.050000007078051564;0.050000007078051564;R1_NORMAL;-1;-1;0;0;-1;-1;0;0.05000000819563866;0.03642221912741661;0.10594121366739273;96;4
C02;C02;Critico: Fadiga com desvio cinematico;Critico;Critico;0.39378328174352645;0.39378328174352645;R1_NORMAL;29;50;22;0;32;3;0;0.05000000819563866;0.09072450548410416;0.13402336835861206;96;4
C10;C10;Critico progressivo: Grooming em rodovia com fadiga;Critico;Critico;0.4001040756702423;0.4001040756702423;R1_NORMAL;40;81;42;1;63;23;0;0.05000000819563866;0.20982785522937775;0.11451601982116699;96;4
N02;N02;Normal: Urbano moderado;Normal;Normal;0.050000007078051564;0.050000007078051564;R2_STABLE_RISK;-1;-1;0;0;-1;-1;0;0.05000000819563866;0.027906229719519615;0.09113192558288574;96;4
C09;C09;Critico progressivo: Bebida ao volante;Critico;Critico;0.3719623863697052;0.3719623863697052;R1_NORMAL;38;73;36;1;58;20;0;0.05000000819563866;0.2477502077817917;0.1700996607542038;96;4
C09;C09;Critico progressivo: Bebida ao volante;Critico;Critico;0.3779149770736694;0.3779149770736694;R3_FALSE_KIN;38;73;36;1;56;18;0;0.05000000819563866;0.2559860944747925;0.09987624734640121;96;4
C09;C09;Critico progressivo: Bebida ao volante;Critico;Critico;0.38764106184244157;0.38764106184244157;R3_FALSE_KIN;38;73;36;1;60;22;0;0.05000000819563866;0.24517464637756348;0.1517612785100937;96;4
C08;C08;Critico progressivo: Distracao urbana multietapas;Critico;Critico;0.43834571540355677;0.43834571540355677;R3_FALSE_KIN;28;77;50;1;53;25;0;0.05000000819563866;0.3188753128051758;0.1332034319639206;96;4
C02;C02;Critico: Fadiga com desvio cinematico;Critico;Critico;0.607566949725151;0.607566949725151;R3_FALSE_KIN;29;50;22;0;32;3;1;0.2795579433441162;0.10131440311670303;0.11293698102235794;96;4
C08;C08;Critico progressivo: Distracao urbana multietapas;Critico;Critico;0.40676629096269606;0.40676629096269606;R1_NORMAL;28;77;50;1;56;28;0;0.05000000819563866;0.3111177980899811;0.16072820127010345;96;4
C10;C10;Critico progressivo: Grooming em rodovia com fadiga;Critico;Critico;0.40723353028297427;0.40723353028297427;R2_STABLE_RISK;40;81;42;1;65;25;0;0.05000000819563866;0.19703757762908936;0.1290232539176941;96;4
C03;C03;Critico: Celular sem cinto sob chuva;Critico;Critico;0.6117569118738174;0.6117569118738174;R1_NORMAL;26;41;16;0;28;2;1;0.2410760372877121;0.19516479969024658;0.17168152332305908;96;4
N03;N03;Normal: Noite estável;Normal;Normal;0.050000007078051564;0.050000007078051564;R1_NORMAL;-1;-1;0;0;-1;-1;0;0.05000000819563866;0.02588205598294735;0.10355546325445175;96;4
N01;N01;Normal: Viagem tranquila em rodovia;Normal;Normal;0.050000007078051564;0.050000007078051564;R3_FALSE_KIN;-1;-1;0;0;-1;-1;0;0.05000000819563866;0.031971316784620285;0.10960394144058228;96;4
C08;C08;Critico progressivo: Distracao urbana multietapas;Critico;Critico;0.46605897843837735;0.46605897843837735;R1_NORMAL;28;77;50;1;55;27;0;0.05000000819563866;0.31926867365837097;0.16095252335071564;96;4
C07;C07;Critico progressivo: Sem cinto sob chuva;Critico;Critico;0.41432111412286754;0.41432111412286754;R3_FALSE_KIN;37;75;39;1;55;18;0;0.05000000819563866;0.38573703169822693;0.1149982139468193;96;4
C07;C07;Critico progressivo: Sem cinto sob chuva;Critico;Critico;0.5153215169906615;0.5153215169906615;R3_FALSE_KIN;37;75;39;1;53;16;1;0.3127001225948334;0.38818493485450745;0.17184464633464813;96;4
C10;C10;Critico progressivo: Grooming em rodovia com fadiga;Critico;Critico;0.4180227145552635;0.4180227145552635;R1_NORMAL;40;81;42;1;63;23;0;0.05000000819563866;0.20242376625537872;0.16672809422016144;96;4
C07;C07;Critico progressivo: Sem cinto sob chuva;Critico;Critico;0.4157478645443916;0.4157478645443916;R3_FALSE_KIN;37;75;39;1;60;23;0;0.05000000819563866;0.38128983974456787;0.15338899195194244;96;4
C07;C07;Critico progressivo: Sem cinto sob chuva;Critico;Critico;0.49089771211147304;0.49089771211147304;R3_FALSE_KIN;37;75;39;1;57;20;1;0.25291678309440613;0.3831363618373871;0.14466500282287598;96;4
C07;C07;Critico progressivo: Sem cinto sob chuva;Critico;Critico;0.48815170526504514;0.48815170526504514;R1_NORMAL;37;75;39;1;59;22;1;0.2953930199146271;0.37483659386634827;0.14302325248718262;96;4
N01;N01;Normal: Viagem tranquila em rodovia;Normal;Normal;0.050000007078051564;0.050000007078051564;R1_NORMAL;-1;-1;0;0;-1;-1;0;0.05000000819563866;0.02934071607887745;0.09102102369070053;96;4
N03;N03;Normal: Noite estável;Normal;Normal;0.050000007078051564;0.050000007078051564;R1_NORMAL;-1;-1;0;0;-1;-1;0;0.05000000819563866;0.029520725831389427;0.09552335739135742;96;4
C05;C05;Critico progressivo: Celular em rodovia;Critico;Critico;0.36897089481353756;0.36897089481353756;R1_NORMAL;42;73;32;1;58;16;0;0.05000000819563866;0.3210061490535736;0.12438955903053284;96;4
C09;C09;Critico progressivo: Bebida ao volante;Critico;Critico;0.3711149737238884;0.3711149737238884;R2_STABLE_RISK;38;73;36;1;61;23;0;0.05000000819563866;0.2444794625043869;0.1253029704093933;96;4
C09;C09;Critico progressivo: Bebida ao volante;Critico;Critico;0.47625108659267423;0.47625108659267423;R2_STABLE_RISK;38;73;36;1;58;20;1;0.2878769636154175;0.24938827753067017;0.18703091144561768;96;4
N01;N01;Normal: Viagem tranquila em rodovia;Normal;Normal;0.050000007078051564;0.050000007078051564;R1_NORMAL;-1;-1;0;0;-1;-1;0;0.05000000819563866;0.03339333459734917;0.07802630215883255;96;4
C01;C01;Critico: Celular em alta velocidade;Critico;Critico;0.5283609837293625;0.5283609837293625;R1_NORMAL;32;44;13;0;34;2;1;0.2288772314786911;0.1553053855895996;0.17885573208332062;96;4
C03;C03;Critico: Celular sem cinto sob chuva;Critico;Critico;0.3752959698438644;0.3752959698438644;R2_STABLE_RISK;26;41;16;0;28;2;0;0.05000000819563866;0.18490196764469147;0.13553941249847412;96;4
C06;C06;Critico progressivo: Fadiga noturna;Critico;Critico;0.4086494386196136;0.4086494386196136;R1_NORMAL;36;81;46;1;64;28;0;0.05000000819563866;0.15728406608104706;0.11681310087442398;96;4
C10;C10;Critico progressivo: Grooming em rodovia com fadiga;Critico;Critico;0.4718680053949356;0.4718680053949356;R2_STABLE_RISK;40;81;42;1;63;23;1;0.29631033539772034;0.2016175538301468;0.12104660272598267;96;4
C10;C10;Critico progressivo: Grooming em rodovia com fadiga;Critico;Critico;0.40868526697158813;0.40868526697158813;R2_STABLE_RISK;40;81;42;1;61;21;0;0.05000000819563866;0.1996442675590515;0.10579690337181091;96;4
C05;C05;Critico progressivo: Celular em rodovia;Critico;Critico;0.3961400792002678;0.3961400792002678;R2_STABLE_RISK;42;73;32;1;61;19;0;0.05000000819563866;0.31583482027053833;0.12158498167991638;96;4
C05;C05;Critico progressivo: Celular em rodovia;Critico;Critico;0.46938963532447814;0.46938963532447814;R1_NORMAL;42;73;32;1;57;15;1;0.2799443304538727;0.3189888596534729;0.15355513989925385;96;4
C04;C04;Critico: Multiplas distracoes urbanas;Critico;Critico;0.3713889718055725;0.3713889718055725;R2_STABLE_RISK;22;45;24;0;24;2;0;0.05000000819563866;0.19660735130310059;0.10852274298667908;96;4
C04;C04;Critico: Multiplas distracoes urbanas;Critico;Critico;0.3713889718055725;0.3713889718055725;R2_STABLE_RISK;22;45;24;0;24;2;0;0.05000000819563866;0.19916117191314697;0.13744491338729858;96;4
C09;C09;Critico progressivo: Bebida ao volante;Critico;Critico;0.46050065755844116;0.46050065755844116;R2_STABLE_RISK;38;73;36;1;58;20;1;0.26661065220832825;0.25503531098365784;0.14034707844257355;96;4
C10;C10;Critico progressivo: Grooming em rodovia com fadiga;Critico;Critico;0.40413872748613355;0.40413872748613355;R1_NORMAL;40;81;42;1;60;20;0;0.05000000819563866;0.19948750734329224;0.14058662950992584;96;4
N02;N02;Normal: Urbano moderado;Normal;Normal;0.050000007078051564;0.050000007078051564;R1_NORMAL;-1;-1;0;0;-1;-1;0;0.05000000819563866;0.027691880241036415;0.10354603081941605;96;4
C10;C10;Critico progressivo: Grooming em rodovia com fadiga;Critico;Critico;0.4088535025715828;0.4088535025715828;R1_NORMAL;40;81;42;1;65;25;0;0.05000000819563866;0.19109873473644257;0.11645948141813278;96;4
C07;C07;Critico progressivo: Sem cinto sob chuva;Critico;Critico;0.41084847450256345;0.41084847450256345;R1_NORMAL;37;75;39;1;62;25;0;0.05000000819563866;0.37940478324890137;0.16912369430065155;96;4
C10;C10;Critico progressivo: Grooming em rodovia com fadiga;Critico;Critico;0.40725931376218794;0.40725931376218794;R2_STABLE_RISK;40;81;42;1;59;19;0;0.05000000819563866;0.2002936750650406;0.11371151357889175;96;4
C03;C03;Critico: Celular sem cinto sob chuva;Critico;Critico;0.3752959698438644;0.3752959698438644;R3_FALSE_KIN;26;41;16;0;28;2;0;0.05000000819563866;0.1827467828989029;0.1385134905576706;96;4
N02;N02;Normal: Urbano moderado;Normal;Normal;0.050000007078051564;0.050000007078051564;R1_NORMAL;-1;-1;0;0;-1;-1;0;0.05000000819563866;0.02655673585832119;0.0996168851852417;96;4
C03;C03;Critico: Celular sem cinto sob chuva;Critico;Critico;0.3752959698438644;0.3752959698438644;R1_NORMAL;26;41;16;0;28;2;0;0.05000000819563866;0.18535606563091278;0.11180175095796585;96;4
C10;C10;Critico progressivo: Grooming em rodovia com fadiga;Critico;Critico;0.43799057751894;0.43799057751894;R2_STABLE_RISK;40;81;42;1;61;21;0;0.05000000819563866;0.1986897736787796;0.08837421983480453;96;4
C01;C01;Critico: Celular em alta velocidade;Critico;Critico;0.5368125289678574;0.5368125289678574;R3_FALSE_KIN;32;44;13;0;34;2;1;0.26852938532829285;0.1501549929380417;0.2724429666996002;96;4
C05;C05;Critico progressivo: Celular em rodovia;Critico;Critico;0.4858393222093582;0.4858393222093582;R3_FALSE_KIN;42;73;32;1;59;17;1;0.2796922028064728;0.3136310279369354;0.1444498896598816;96;4
C09;C09;Critico progressivo: Bebida ao volante;Critico;Critico;0.4097455784678459;0.4097455784678459;R2_STABLE_RISK;38;73;36;1;60;22;0;0.05000000819563866;0.25688421726226807;0.12112551927566528;96;4
C04;C04;Critico: Multiplas distracoes urbanas;Critico;Critico;0.3713889718055725;0.3713889718055725;R3_FALSE_KIN;22;45;24;0;24;2;0;0.05000000819563866;0.19367702305316925;0.1406370997428894;96;4
N03;N03;Normal: Noite estável;Normal;Normal;0.050000007078051564;0.050000007078051564;R3_FALSE_KIN;-1;-1;0;0;-1;-1;0;0.05000000819563866;0.03460654616355896;0.1159701719880104;96;4
N03;N03;Normal: Noite estável;Normal;Normal;0.050000007078051564;0.050000007078051564;R2_STABLE_RISK;-1;-1;0;0;-1;-1;0;0.05000000819563866;0.03267056122422218;0.11170556396245956;96;4
C03;C03;Critico: Celular sem cinto sob chuva;Critico;Critico;0.3752959698438644;0.3752959698438644;R2_STABLE_RISK;26;41;16;0;28;2;0;0.05000000819563866;0.1856062412261963;0.12883834540843964;96;4
C03;C03;Critico: Celular sem cinto sob chuva;Critico;Critico;0.3752959698438644;0.3752959698438644;R2_STABLE_RISK;26;41;16;0;28;2;0;0.05000000819563866;0.1792546957731247;0.11191051453351974;96;4
N03;N03;Normal: Noite estável;Normal;Normal;0.050000007078051564;0.050000007078051564;R1_NORMAL;-1;-1;0;0;-1;-1;0;0.05000000819563866;0.02722533605992794;0.10181056708097458;96;4
C08;C08;Critico progressivo: Distracao urbana multietapas;Critico;Critico;0.43374212831258774;0.43374212831258774;R2_STABLE_RISK;28;77;50;1;55;27;0;0.05000000819563866;0.3194339871406555;0.13653741776943207;96;4
C01;C01;Critico: Celular em alta velocidade;Critico;Critico;0.5225530892610549;0.5225530892610549;R3_FALSE_KIN;32;44;13;0;34;2;1;0.20687232911586761;0.16176629066467285;0.1327601671218872;96;4
C07;C07;Critico progressivo: Sem cinto sob chuva;Critico;Critico;0.40204971283674235;0.40204971283674235;R2_STABLE_RISK;37;75;39;1;56;19;0;0.05000000819563866;0.372204065322876;0.15145748853683472;96;4
C02;C02;Critico: Fadiga com desvio cinematico;Critico;Critico;0.39378328174352645;0.39378328174352645;R1_NORMAL;29;50;22;0;32;3;0;0.05000000819563866;0.09706004709005356;0.10733095556497574;96;4
C06;C06;Critico progressivo: Fadiga noturna;Critico;Critico;0.4376232847571373;0.4376232847571373;R1_NORMAL;36;81;46;1;62;26;0;0.05000000819563866;0.15427540242671967;0.13033340871334076;96;4
C09;C09;Critico progressivo: Bebida ao volante;Critico;Critico;0.4645908385515213;0.4645908385515213;R3_FALSE_KIN;38;73;36;1;60;22;1;0.2506372630596161;0.24652214348316193;0.13748759031295776;96;4
N01;N01;Normal: Viagem tranquila em rodovia;Normal;Normal;0.050000007078051564;0.050000007078051564;R3_FALSE_KIN;-1;-1;0;0;-1;-1;0;0.05000000819563866;0.026172876358032227;0.0850774273276329;96;4
C01;C01;Critico: Celular em alta velocidade;Critico;Critico;0.29102678298950196;0.29102678298950196;R1_NORMAL;32;44;13;0;34;2;0;0.05000000819563866;0.14970605075359344;0.1449066549539566;96;4
C07;C07;Critico progressivo: Sem cinto sob chuva;Critico;Critico;0.5030411034822464;0.5030411034822464;R2_STABLE_RISK;37;75;39;1;58;21;1;0.301740437746048;0.3734327256679535;0.16878490149974823;96;4
C09;C09;Critico progressivo: Bebida ao volante;Critico;Critico;0.46499745547771454;0.46499745547771454;R3_FALSE_KIN;38;73;36;1;59;21;1;0.2544485628604889;0.2531282603740692;0.1362251490354538;96;4
C09;C09;Critico progressivo: Bebida ao volante;Critico;Critico;0.504810008406639;0.504810008406639;R3_FALSE_KIN;38;73;36;1;55;17;1;0.2851758897304535;0.2533705532550812;0.16782915592193604;96;4
C08;C08;Critico progressivo: Distracao urbana multietapas;Critico;Critico;0.49907194674015043;0.49907194674015043;R1_NORMAL;28;77;50;1;55;27;1;0.33292725682258606;0.3141195476055145;0.11362571269273758;96;4
C01;C01;Critico: Celular em alta velocidade;Critico;Critico;0.29102678298950196;0.29102678298950196;R2_STABLE_RISK;32;44;13;0;34;2;0;0.05000000819563866;0.15375764667987823;0.10842066258192062;96;4
C05;C05;Critico progressivo: Celular em rodovia;Critico;Critico;0.3727762520313263;0.3727762520313263;R1_NORMAL;42;73;32;1;58;16;0;0.05000000819563866;0.31971704959869385;0.11014726758003235;96;4
C07;C07;Critico progressivo: Sem cinto sob chuva;Critico;Critico;0.39773416370153425;0.39773416370153425;R2_STABLE_RISK;37;75;39;1;58;21;0;0.05000000819563866;0.3765755593776703;0.14603035151958466;96;4
C05;C05;Critico progressivo: Celular em rodovia;Critico;Critico;0.40799667984247207;0.40799667984247207;R2_STABLE_RISK;42;73;32;1;58;16;0;0.05000000819563866;0.31234797835350037;0.15546686947345734;96;4
N03;N03;Normal: Noite estável;Normal;Normal;0.050000007078051564;0.050000007078051564;R1_NORMAL;-1;-1;0;0;-1;-1;0;0.05000000819563866;0.033054426312446594;0.10188273340463638;96;4
C02;C02;Critico: Fadiga com desvio cinematico;Critico;Critico;0.39378328174352645;0.39378328174352645;R1_NORMAL;29;50;22;0;32;3;0;0.05000000819563866;0.09257826954126358;0.08820124715566635;96;4
C08;C08;Critico progressivo: Distracao urbana multietapas;Critico;Critico;0.4431324928998947;0.4431324928998947;R1_NORMAL;28;77;50;1;52;24;0;0.05000000819563866;0.3207343518733978;0.20868493616580963;96;4
C01;C01;Critico: Celular em alta velocidade;Critico;Critico;0.29102678298950196;0.29102678298950196;R2_STABLE_RISK;32;44;13;0;34;2;0;0.05000000819563866;0.15167422592639923;0.12140151858329773;96;4
N02;N02;Normal: Urbano moderado;Normal;Normal;0.050000007078051564;0.050000007078051564;R2_STABLE_RISK;-1;-1;0;0;-1;-1;0;0.05000000819563866;0.03599843755364418;0.10731682926416397;96;4
C04;C04;Critico: Multiplas distracoes urbanas;Critico;Critico;0.3713889718055725;0.3713889718055725;R1_NORMAL;22;45;24;0;24;2;0;0.05000000819563866;0.20536009967327118;0.11688203364610672;96;4
C01;C01;Critico: Celular em alta velocidade;Critico;Critico;0.29102678298950196;0.29102678298950196;R2_STABLE_RISK;32;44;13;0;34;2;0;0.05000000819563866;0.1549440622329712;0.09585573524236679;96;4
C04;C04;Critico: Multiplas distracoes urbanas;Critico;Critico;0.3713889718055725;0.3713889718055725;R2_STABLE_RISK;22;45;24;0;24;2;0;0.05000000819563866;0.20321965217590332;0.11050206422805786;96;4
N03;N03;Normal: Noite estável;Normal;Normal;0.050000007078051564;0.050000007078051564;R2_STABLE_RISK;-1;-1;0;0;-1;-1;0;0.05000000819563866;0.03610256314277649;0.08389759808778763;96;4
N01;N01;Normal: Viagem tranquila em rodovia;Normal;Normal;0.050000007078051564;0.050000007078051564;R1_NORMAL;-1;-1;0;0;-1;-1;0;0.05000000819563866;0.03384740278124809;0.10944557189941406;96;4
C04;C04;Critico: Multiplas distracoes urbanas;Critico;Critico;0.5793116122484206;0.5793116122484206;R1_NORMAL;22;45;24;0;24;2;1;0.2713136374950409;0.1994553804397583;0.20668643712997437;96;4
C08;C08;Critico progressivo: Distracao urbana multietapas;Critico;Critico;0.4495873168110847;0.4495873168110847;R1_NORMAL;28;77;50;1;58;30;0;0.05000000819563866;0.3227289021015167;0.16364000737667084;96;4
C07;C07;Critico progressivo: Sem cinto sob chuva;Critico;Critico;0.3956281304359436;0.3956281304359436;R1_NORMAL;37;75;39;1;58;21;0;0.05000000819563866;0.3825414478778839;0.15296043455600739;96;4
C05;C05;Critico progressivo: Celular em rodovia;Critico;Critico;0.46113971471786497;0.46113971471786497;R1_NORMAL;42;73;32;1;59;17;1;0.26866212487220764;0.3146176338195801;0.18030767142772675;96;4
C05;C05;Critico progressivo: Celular em rodovia;Critico;Critico;0.3870759949088096;0.3870759949088096;R1_NORMAL;42;73;32;1;61;19;0;0.05000000819563866;0.30740341544151306;0.10362125188112259;96;4
C01;C01;Critico: Celular em alta velocidade;Critico;Critico;0.5352656841278076;0.5352656841278076;R3_FALSE_KIN;32;44;13;0;34;2;1;0.26127198338508606;0.15538042783737183;0.1369515061378479;96;4
C04;C04;Critico: Multiplas distracoes urbanas;Critico;Critico;0.3713889718055725;0.3713889718055725;R1_NORMAL;22;45;24;0;24;2;0;0.05000000819563866;0.20231270790100098;0.14041586220264435;96;4
C07;C07;Critico progressivo: Sem cinto sob chuva;Critico;Critico;0.4076960995793342;0.4076960995793342;R2_STABLE_RISK;37;75;39;1;61;24;0;0.05000000819563866;0.367655873298645;0.09590955823659897;96;4
C06;C06;Critico progressivo: Fadiga noturna;Critico;Critico;0.43618976622819894;0.43618976622819894;R1_NORMAL;36;81;46;1;59;23;0;0.05000000819563866;0.162689208984375;0.1159658208489418;96;4
C02;C02;Critico: Fadiga com desvio cinematico;Critico;Critico;0.39378328174352645;0.39378328174352645;R2_STABLE_RISK;29;50;22;0;32;3;0;0.05000000819563866;0.09882483631372452;0.10280498117208481;96;4
N01;N01;Normal: Viagem tranquila em rodovia;Normal;Normal;0.050000007078051564;0.050000007078051564;R3_FALSE_KIN;-1;-1;0;0;-1;-1;0;0.05000000819563866;0.034347619861364365;0.096549391746521;96;4
C07;C07;Critico progressivo: Sem cinto sob chuva;Critico;Critico;0.3874564543366432;0.3874564543366432;R2_STABLE_RISK;37;75;39;1;59;22;0;0.05000000819563866;0.3720382750034332;0.11013007164001465;96;4
C01;C01;Critico: Celular em alta velocidade;Critico;Critico;0.29102678298950196;0.29102678298950196;R1_NORMAL;32;44;13;0;34;2;0;0.05000000819563866;0.15573619306087494;0.10587247461080551;96;4
C01;C01;Critico: Celular em alta velocidade;Critico;Critico;0.29102678298950196;0.29102678298950196;R3_FALSE_KIN;32;44;13;0;34;2;0;0.05000000819563866;0.15924511849880219;0.08896138519048691;96;4
N01;N01;Normal: Viagem tranquila em rodovia;Normal;Normal;0.050000007078051564;0.050000007078051564;R1_NORMAL;-1;-1;0;0;-1;-1;0;0.05000000819563866;0.028315847739577293;0.10041450709104538;96;4
C04;C04;Critico: Multiplas distracoes urbanas;Critico;Critico;0.3713889718055725;0.3713889718055725;R1_NORMAL;22;45;24;0;24;2;0;0.05000000819563866;0.20199818909168243;0.1398104578256607;96;4
C06;C06;Critico progressivo: Fadiga noturna;Critico;Critico;0.4067475274205208;0.4067475274205208;R3_FALSE_KIN;36;81;46;1;58;22;0;0.05000000819563866;0.1626574695110321;0.11119621992111206;96;4
C05;C05;Critico progressivo: Celular em rodovia;Critico;Critico;0.4738150924444198;0.4738150924444198;R1_NORMAL;42;73;32;1;56;14;1;0.2665608823299408;0.3198094666004181;0.17417995631694794;96;4
N03;N03;Normal: Noite estável;Normal;Normal;0.050000007078051564;0.050000007078051564;R2_STABLE_RISK;-1;-1;0;0;-1;-1;0;0.05000000819563866;0.038139209151268005;0.08882522583007812;96;4
C03;C03;Critico: Celular sem cinto sob chuva;Critico;Critico;0.3752959698438644;0.3752959698438644;R1_NORMAL;26;41;16;0;28;2;0;0.05000000819563866;0.18611113727092743;0.16218306124210358;96;4
C08;C08;Critico progressivo: Distracao urbana multietapas;Critico;Critico;0.4258370220661163;0.4258370220661163;R3_FALSE_KIN;28;77;50;1;60;32;0;0.05000000819563866;0.3148232400417328;0.14528687298297882;96;4
C08;C08;Critico progressivo: Distracao urbana multietapas;Critico;Critico;0.4647870004177093;0.4647870004177093;R2_STABLE_RISK;28;77;50;1;59;31;1;0.2707241475582123;0.3091179132461548;0.17521965503692627;96;4
C05;C05;Critico progressivo: Celular em rodovia;Critico;Critico;0.46063372194766994;0.46063372194766994;R1_NORMAL;42;73;32;1;61;19;1;0.3111022412776947;0.3143807351589203;0.19766385853290558;96;4
C07;C07;Critico progressivo: Sem cinto sob chuva;Critico;Critico;0.4449480548501014;0.4449480548501014;R2_STABLE_RISK;37;75;39;1;51;14;0;0.05000000819563866;0.3912436068058014;0.13650371134281158;96;4
N02;N02;Normal: Urbano moderado;Normal;Normal;0.050000007078051564;0.050000007078051564;R3_FALSE_KIN;-1;-1;0;0;-1;-1;0;0.05000000819563866;0.034396201372146606;0.09766655415296555;96;4
C01;C01;Critico: Celular em alta velocidade;Critico;Critico;0.29102678298950196;0.29102678298950196;R3_FALSE_KIN;32;44;13;0;34;2;0;0.05000000819563866;0.15877674520015717;0.11669957637786865;96;4
C05;C05;Critico progressivo: Celular em rodovia;Critico;Critico;0.3786275207996368;0.3786275207996368;R2_STABLE_RISK;42;73;32;1;57;15;0;0.05000000819563866;0.31190189719200134;0.13429118692874908;96;4
C04;C04;Critico: Multiplas distracoes urbanas;Critico;Critico;0.5722003668546676;0.5722003668546676;R3_FALSE_KIN;22;45;24;0;24;2;1;0.24024736881256104;0.20930975675582886;0.19109834730625153;96;4
C10;C10;Critico progressivo: Grooming em rodovia com fadiga;Critico;Critico;0.38123602271080015;0.38123602271080015;R3_FALSE_KIN;40;81;42;1;62;22;0;0.05000000819563866;0.19326116144657135;0.13937370479106903;96;4
C10;C10;Critico progressivo: Grooming em rodovia com fadiga;Critico;Critico;0.4967491298913955;0.4967491298913955;R2_STABLE_RISK;40;81;42;1;56;16;1;0.28305384516716003;0.20263731479644775;0.09896432608366013;96;4
C02;C02;Critico: Fadiga com desvio cinematico;Critico;Critico;0.39378328174352645;0.39378328174352645;R3_FALSE_KIN;29;50;22;0;32;3;0;0.05000000819563866;0.09464066475629807;0.14248381555080414;96;4
C03;C03;Critico: Celular sem cinto sob chuva;Critico;Critico;0.6193570911884307;0.6193570911884307;R1_NORMAL;26;41;16;0;28;2;1;0.25375789403915405;0.19122566282749176;0.19733397662639618;96;4
C08;C08;Critico progressivo: Distracao urbana multietapas;Critico;Critico;0.4801424205303192;0.4801424205303192;R2_STABLE_RISK;28;77;50;1;51;23;0;0.05000000819563866;0.3295511305332184;0.1528705358505249;96;4
C01;C01;Critico: Celular em alta velocidade;Critico;Critico;0.5244225591421127;0.5244225591421127;R1_NORMAL;32;44;13;0;34;2;1;0.21759390830993652;0.1561991572380066;0.20959575474262238;96;4
C01;C01;Critico: Celular em alta velocidade;Critico;Critico;0.29102678298950196;0.29102678298950196;R3_FALSE_KIN;32;44;13;0;34;2;0;0.05000000819563866;0.15420764684677124;0.1333601325750351;96;4
C06;C06;Critico progressivo: Fadiga noturna;Critico;Critico;0.47216809689998623;0.47216809689998623;R2_STABLE_RISK;36;81;46;1;64;28;1;0.32656508684158325;0.15780611336231232;0.11096697300672531;96;4
C04;C04;Critico: Multiplas distracoes urbanas;Critico;Critico;0.3713889718055725;0.3713889718055725;R1_NORMAL;22;45;24;0;24;2;0;0.05000000819563866;0.2018870711326599;0.158935084939003;96;4
N01;N01;Normal: Viagem tranquila em rodovia;Normal;Normal;0.050000007078051564;0.050000007078051564;R1_NORMAL;-1;-1;0;0;-1;-1;0;0.05000000819563866;0.03017655946314335;0.12744158506393433;96;4
C05;C05;Critico progressivo: Celular em rodovia;Critico;Critico;0.4857261389493942;0.4857261389493942;R1_NORMAL;42;73;32;1;59;17;1;0.29227781295776367;0.3182967007160187;0.11468261480331421;96;4
C02;C02;Critico: Fadiga com desvio cinematico;Critico;Critico;0.39378328174352645;0.39378328174352645;R2_STABLE_RISK;29;50;22;0;32;3;0;0.05000000819563866;0.09354297071695328;0.12399039417505264;96;4
C02;C02;Critico: Fadiga com desvio cinematico;Critico;Critico;0.6008082628250122;0.6008082628250122;R2_STABLE_RISK;29;50;22;0;32;3;1;0.2512366473674774;0.10209906101226807;0.22454394400119781;96;4
C01;C01;Critico: Celular em alta velocidade;Critico;Critico;0.522571223974228;0.522571223974228;R1_NORMAL;32;44;13;0;34;2;1;0.24133794009685516;0.1543893814086914;0.21401236951351166;96;4
C03;C03;Critico: Celular sem cinto sob chuva;Critico;Critico;0.6076139658689499;0.6076139658689499;R2_STABLE_RISK;26;41;16;0;28;2;1;0.2744393050670624;0.1873575896024704;0.18181215226650238;96;4
C01;C01;Critico: Celular em alta velocidade;Critico;Critico;0.29102678298950196;0.29102678298950196;R2_STABLE_RISK;32;44;13;0;34;2;0;0.05000000819563866;0.1548357754945755;0.11494061350822449;96;4
C03;C03;Critico: Celular sem cinto sob chuva;Critico;Critico;0.3752959698438644;0.3752959698438644;R2_STABLE_RISK;26;41;16;0;28;2;0;0.05000000819563866;0.18628187477588654;0.10428217053413391;96;4
C03;C03;Critico: Celular sem cinto sob chuva;Critico;Critico;0.3752959698438644;0.3752959698438644;R1_NORMAL;26;41;16;0;28;2;0;0.05000000819563866;0.18520276248455048;0.13081467151641846;96;4
C04;C04;Critico: Multiplas distracoes urbanas;Critico;Critico;0.3713889718055725;0.3713889718055725;R2_STABLE_RISK;22;45;24;0;24;2;0;0.05000000819563866;0.20490531623363495;0.1491459161043167;96;4
N03;N03;Normal: Noite estável;Normal;Normal;0.050000007078051564;0.050000007078051564;R3_FALSE_KIN;-1;-1;0;0;-1;-1;0;0.05000000819563866;0.03456982970237732;0.09944984316825867;96;4
C07;C07;Critico progressivo: Sem cinto sob chuva;Critico;Critico;0.3922663018107414;0.3922663018107414;R3_FALSE_KIN;37;75;39;1;59;22;0;0.05000000819563866;0.3835465908050537;0.1476900428533554;96;4
C05;C05;Critico progressivo: Celular em rodovia;Critico;Critico;0.40581996440887447;0.40581996440887447;R2_STABLE_RISK;42;73;32;1;58;16;0;0.05000000819563866;0.3132820725440979;0.11081977933645248;96;4
C02;C02;Critico: Fadiga com desvio cinematico;Critico;Critico;0.39378328174352645;0.39378328174352645;R3_FALSE_KIN;29;50;22;0;32;3;0;0.05000000819563866;0.09886191040277481;0.11290331929922104;96;4
C08;C08;Critico progressivo: Distracao urbana multietapas;Critico;Critico;0.42055742889642717;0.42055742889642717;R2_STABLE_RISK;28;77;50;1;59;31;0;0.05000000819563866;0.31682053208351135;0.13769806921482086;96;4
C10;C10;Critico progressivo: Grooming em rodovia com fadiga;Critico;Critico;0.47676321566104884;0.47676321566104884;R1_NORMAL;40;81;42;1;62;22;1;0.31885412335395813;0.19564886391162872;0.12706391513347626;96;4
C08;C08;Critico progressivo: Distracao urbana multietapas;Critico;Critico;0.44717283844947814;0.44717283844947814;R2_STABLE_RISK;28;77;50;1;55;27;0;0.05000000819563866;0.3139370381832123;0.1721377968788147;96;4
C01;C01;Critico: Celular em alta velocidade;Critico;Critico;0.5332474142313004;0.5332474142313004;R3_FALSE_KIN;32;44;13;0;34;2;1;0.2716304361820221;0.1534685641527176;0.22093093395233154;96;4
N01;N01;Normal: Viagem tranquila em rodovia;Normal;Normal;0.050000007078051564;0.050000007078051564;R3_FALSE_KIN;-1;-1;0;0;-1;-1;0;0.05000000819563866;0.03385515883564949;0.09417214244604111;96;4
C02;C02;Critico: Fadiga com desvio cinematico;Critico;Critico;0.5998446345329285;0.5998446345329285;R3_FALSE_KIN;29;50;22;0;32;3;1;0.25065651535987854;0.09755462408065796;0.20049376785755157;96;4
C08;C08;Critico progressivo: Distracao urbana multietapas;Critico;Critico;0.4518382325768471;0.4518382325768471;R1_NORMAL;28;77;50;1;53;25;0;0.05000000819563866;0.32160231471061707;0.13977406919002533;96;4
C09;C09;Critico progressivo: Bebida ao volante;Critico;Critico;0.466562619805336;0.466562619805336;R2_STABLE_RISK;38;73;36;1;57;19;1;0.26066938042640686;0.2526467442512512;0.1373956948518753;96;4
C06;C06;Critico progressivo: Fadiga noturna;Critico;Critico;0.43979830592870706;0.43979830592870706;R2_STABLE_RISK;36;81;46;1;59;23;0;0.05000000819563866;0.15481869876384735;0.09180378913879395;96;4
C10;C10;Critico progressivo: Grooming em rodovia com fadiga;Critico;Critico;0.4064622268080711;0.4064622268080711;R2_STABLE_RISK;40;81;42;1;66;26;0;0.05000000819563866;0.19643640518188477;0.13661152124404907;96;4
C10;C10;Critico progressivo: Grooming em rodovia com fadiga;Critico;Critico;0.4205523356795311;0.4205523356795311;R1_NORMAL;40;81;42;1;67;27;0;0.05000000819563866;0.19918937981128693;0.13038820028305054;96;4
C08;C08;Critico progressivo: Distracao urbana multietapas;Critico;Critico;0.5345949858427048;0.5345949858427048;R1_NORMAL;28;77;50;1;51;23;1;0.3403739631175995;0.317261278629303;0.13068416714668274;96;4
C09;C09;Critico progressivo: Bebida ao volante;Critico;Critico;0.39001868963241576;0.39001868963241576;R2_STABLE_RISK;38;73;36;1;56;18;0;0.05000000819563866;0.24844878911972046;0.19060449302196503;96;4
C03;C03;Critico: Celular sem cinto sob chuva;Critico;Critico;0.3752959698438644;0.3752959698438644;R3_FALSE_KIN;26;41;16;0;28;2;0;0.05000000819563866;0.18976187705993652;0.1353215128183365;96;4
C04;C04;Critico: Multiplas distracoes urbanas;Critico;Critico;0.3713889718055725;0.3713889718055725;R1_NORMAL;22;45;24;0;24;2;0;0.05000000819563866;0.19955064356327057;0.12584203481674194;96;4
C07;C07;Critico progressivo: Sem cinto sob chuva;Critico;Critico;0.4141391530632973;0.4141391530632973;R2_STABLE_RISK;37;75;39;1;57;20;0;0.05000000819563866;0.37921619415283203;0.0964018926024437;96;4
C04;C04;Critico: Multiplas distracoes urbanas;Critico;Critico;0.5634758025407791;0.5634758025407791;R3_FALSE_KIN;22;45;24;0;24;2;1;0.21996186673641205;0.21002285182476044;0.16123586893081665;96;4
C02;C02;Critico: Fadiga com desvio cinematico;Critico;Critico;0.6037566959857941;0.6037566959857941;R2_STABLE_RISK;29;50;22;0;32;3;1;0.2606760859489441;0.0913177952170372;0.1482992321252823;96;4
C03;C03;Critico: Celular sem cinto sob chuva;Critico;Critico;0.3752959698438644;0.3752959698438644;R3_FALSE_KIN;26;41;16;0;28;2;0;0.05000000819563866;0.18542426824569702;0.1207624077796936;96;4
C10;C10;Critico progressivo: Grooming em rodovia com fadiga;Critico;Critico;0.39172651916742324;0.39172651916742324;R2_STABLE_RISK;40;81;42;1;62;22;0;0.05000000819563866;0.2030174285173416;0.1456969827413559;96;4
C05;C05;Critico progressivo: Celular em rodovia;Critico;Critico;0.39920696467161176;0.39920696467161176;R1_NORMAL;42;73;32;1;59;17;0;0.05000000819563866;0.3177851438522339;0.1269492208957672;96;4
C07;C07;Critico progressivo: Sem cinto sob chuva;Critico;Critico;0.4170473054051399;0.4170473054051399;R1_NORMAL;37;75;39;1;57;20;0;0.05000000819563866;0.3855295181274414;0.12388572096824646;96;4
N02;N02;Normal: Urbano moderado;Normal;Normal;0.050000007078051564;0.050000007078051564;R1_NORMAL;-1;-1;0;0;-1;-1;0;0.05000000819563866;0.026020364835858345;0.09205987304449081;96;4
C08;C08;Critico progressivo: Distracao urbana multietapas;Critico;Critico;0.44294874370098114;0.44294874370098114;R1_NORMAL;28;77;50;1;55;27;0;0.05000000819563866;0.31533658504486084;0.1442190557718277;96;4
C02;C02;Critico: Fadiga com desvio cinematico;Critico;Critico;0.39378328174352645;0.39378328174352645;R2_STABLE_RISK;29;50;22;0;32;3;0;0.05000000819563866;0.09546948224306107;0.08894231170415878;96;4
N02;N02;Normal: Urbano moderado;Normal;Normal;0.050000007078051564;0.050000007078051564;R3_FALSE_KIN;-1;-1;0;0;-1;-1;0;0.05000000819563866;0.03705495968461037;0.10524308681488037;96;4
C07;C07;Critico progressivo: Sem cinto sob chuva;Critico;Critico;0.4854518860578537;0.4854518860578537;R1_NORMAL;37;75;39;1;59;22;1;0.3259228467941284;0.38084420561790466;0.15015985071659088;96;4
N01;N01;Normal: Viagem tranquila em rodovia;Normal;Normal;0.050000007078051564;0.050000007078051564;R3_FALSE_KIN;-1;-1;0;0;-1;-1;0;0.05000000819563866;0.03670791909098625;0.13365954160690308;96;4
C10;C10;Critico progressivo: Grooming em rodovia com fadiga;Critico;Critico;0.4527250379323959;0.4527250379323959;R1_NORMAL;40;81;42;1;66;26;1;0.33393946290016174;0.19793160259723663;0.11911199241876602;96;4
N02;N02;Normal: Urbano moderado;Normal;Normal;0.050000007078051564;0.050000007078051564;R1_NORMAL;-1;-1;0;0;-1;-1;0;0.05000000819563866;0.03804932162165642;0.09051544219255447;96;4
N03;N03;Normal: Noite estável;Normal;Normal;0.050000007078051564;0.050000007078051564;R1_NORMAL;-1;-1;0;0;-1;-1;0;0.05000000819563866;0.033497367054224014;0.11271015554666519;96;4
C07;C07;Critico progressivo: Sem cinto sob chuva;Critico;Critico;0.4416997089982032;0.4416997089982032;R2_STABLE_RISK;37;75;39;1;53;16;0;0.05000000819563866;0.38737252354621887;0.1783229559659958;96;4
C03;C03;Critico: Celular sem cinto sob chuva;Critico;Critico;0.6253087550401688;0.6253087550401688;R1_NORMAL;26;41;16;0;28;2;1;0.2692961096763611;0.1909017413854599;0.1813640594482422;96;4
C03;C03;Critico: Celular sem cinto sob chuva;Critico;Critico;0.6227745682001113;0.6227745682001113;R3_FALSE_KIN;26;41;16;0;28;2;1;0.25723472237586975;0.19089053571224213;0.2284218817949295;96;4
C10;C10;Critico progressivo: Grooming em rodovia com fadiga;Critico;Critico;0.4258372589945793;0.4258372589945793;R1_NORMAL;40;81;42;1;60;20;0;0.05000000819563866;0.20881153643131256;0.14223302900791168;96;4
N02;N02;Normal: Urbano moderado;Normal;Normal;0.050000007078051564;0.050000007078051564;R2_STABLE_RISK;-1;-1;0;0;-1;-1;0;0.05000000819563866;0.041285861283540726;0.0675712525844574;96;4
C04;C04;Critico: Multiplas distracoes urbanas;Critico;Critico;0.3713889718055725;0.3713889718055725;R1_NORMAL;22;45;24;0;24;2;0;0.05000000819563866;0.2034233808517456;0.15003158152103424;96;4
C10;C10;Critico progressivo: Grooming em rodovia com fadiga;Critico;Critico;0.3979673311114311;0.3979673311114311;R1_NORMAL;40;81;42;1;62;22;0;0.05000000819563866;0.20623715221881866;0.12810365855693817;96;4
C05;C05;Critico progressivo: Celular em rodovia;Critico;Critico;0.36538157910108565;0.36538157910108565;R2_STABLE_RISK;42;73;32;1;58;16;0;0.05000000819563866;0.3147256076335907;0.12459343671798706;96;4
C03;C03;Critico: Celular sem cinto sob chuva;Critico;Critico;0.3752959698438644;0.3752959698438644;R2_STABLE_RISK;26;41;16;0;28;2;0;0.05000000819563866;0.18525207042694092;0.09815600514411926;96;4
N02;N02;Normal: Urbano moderado;Normal;Normal;0.050000007078051564;0.050000007078051564;R3_FALSE_KIN;-1;-1;0;0;-1;-1;0;0.05000000819563866;0.036031510680913925;0.08934078365564346;96;4
C03;C03;Critico: Celular sem cinto sob chuva;Critico;Critico;0.3752959698438644;0.3752959698438644;R1_NORMAL;26;41;16;0;28;2;0;0.05000000819563866;0.18509571254253387;0.10359388589859009;96;4
C07;C07;Critico progressivo: Sem cinto sob chuva;Critico;Critico;0.4333134055137634;0.4333134055137634;R1_NORMAL;37;75;39;1;56;19;0;0.05000000819563866;0.3799825608730316;0.10332152992486954;96;4
C04;C04;Critico: Multiplas distracoes urbanas;Critico;Critico;0.3713889718055725;0.3713889718055725;R1_NORMAL;22;45;24;0;24;2;0;0.05000000819563866;0.2019696980714798;0.11021832376718521;96;4
N01;N01;Normal: Viagem tranquila em rodovia;Normal;Normal;0.050000007078051564;0.050000007078051564;R3_FALSE_KIN;-1;-1;0;0;-1;-1;0;0.05000000819563866;0.029135307297110558;0.07572916895151138;96;4
C07;C07;Critico progressivo: Sem cinto sob chuva;Critico;Critico;0.48330889046192166;0.48330889046192166;R1_NORMAL;37;75;39;1;58;21;1;0.2509743869304657;0.3784390985965729;0.11954867839813232;96;4
C09;C09;Critico progressivo: Bebida ao volante;Critico;Critico;0.3854463532567024;0.3854463532567024;R3_FALSE_KIN;38;73;36;1;60;22;0;0.05000000819563866;0.25329384207725525;0.13015897572040558;96;4
C06;C06;Critico progressivo: Fadiga noturna;Critico;Critico;0.42361390292644496;0.42361390292644496;R1_NORMAL;36;81;46;1;55;19;0;0.05000000819563866;0.16297130286693573;0.10361194610595703;96;4
C04;C04;Critico: Multiplas distracoes urbanas;Critico;Critico;0.3713889718055725;0.3713889718055725;R2_STABLE_RISK;22;45;24;0;24;2;0;0.05000000819563866;0.2027372121810913;0.10565903037786484;96;4
C06;C06;Critico progressivo: Fadiga noturna;Critico;Critico;0.49872361719608305;0.49872361719608305;R2_STABLE_RISK;36;81;46;1;55;19;1;0.36337533593177795;0.16379456222057343;0.1292199045419693;96;4
N03;N03;Normal: Noite estável;Normal;Normal;0.050000007078051564;0.050000007078051564;R1_NORMAL;-1;-1;0;0;-1;-1;0;0.05000000819563866;0.031119229272007942;0.09371262043714523;96;4
C05;C05;Critico progressivo: Celular em rodovia;Critico;Critico;0.45643271207809444;0.45643271207809444;R2_STABLE_RISK;42;73;32;1;57;15;1;0.3052147924900055;0.31951114535331726;0.12527251243591309;96;4
C01;C01;Critico: Celular em alta velocidade;Critico;Critico;0.29102678298950196;0.29102678298950196;R2_STABLE_RISK;32;44;13;0;34;2;0;0.05000000819563866;0.14952337741851807;0.09867202490568161;96;4
N03;N03;Normal: Noite estável;Normal;Normal;0.050000007078051564;0.050000007078051564;R1_NORMAL;-1;-1;0;0;-1;-1;0;0.05000000819563866;0.0277642160654068;0.10211984068155289;96;4
C02;C02;Critico: Fadiga com desvio cinematico;Critico;Critico;0.39378328174352645;0.39378328174352645;R2_STABLE_RISK;29;50;22;0;32;3;0;0.05000000819563866;0.09995657205581665;0.09684949368238449;96;4
C06;C06;Critico progressivo: Fadiga noturna;Critico;Critico;0.40871599465608593;0.40871599465608593;R1_NORMAL;36;81;46;1;59;23;0;0.05000000819563866;0.1628303825855255;0.1414787620306015;96;4
N03;N03;Normal: Noite estável;Normal;Normal;0.050000007078051564;0.050000007078051564;R1_NORMAL;-1;-1;0;0;-1;-1;0;0.05000000819563866;0.02814735472202301;0.09948420524597168;96;4
N01;N01;Normal: Viagem tranquila em rodovia;Normal;Normal;0.050000007078051564;0.050000007078051564;R2_STABLE_RISK;-1;-1;0;0;-1;-1;0;0.05000000819563866;0.02890663594007492;0.11695388704538345;96;4
N01;N01;Normal: Viagem tranquila em rodovia;Normal;Normal;0.050000007078051564;0.050000007078051564;R1_NORMAL;-1;-1;0;0;-1;-1;0;0.05000000819563866;0.027328917756676674;0.0992700383067131;96;4
C04;C04;Critico: Multiplas distracoes urbanas;Critico;Critico;0.5752735525369643;0.5752735525369643;R3_FALSE_KIN;22;45;24;0;24;2;1;0.27783203125;0.207892045378685;0.2135380506515503;96;4
C01;C01;Critico: Celular em alta velocidade;Critico;Critico;0.29102678298950196;0.29102678298950196;R2_STABLE_RISK;32;44;13;0;34;2;0;0.05000000819563866;0.1562245488166809;0.1303054839372635;96;4
C07;C07;Critico progressivo: Sem cinto sob chuva;Critico;Critico;0.3888550832867622;0.3888550832867622;R1_NORMAL;37;75;39;1;59;22;0;0.05000000819563866;0.3693481981754303;0.12004933506250381;96;4
C01;C01;Critico: Celular em alta velocidade;Critico;Critico;0.29102678298950196;0.29102678298950196;R3_FALSE_KIN;32;44;13;0;34;2;0;0.05000000819563866;0.1567104160785675;0.138388529419899;96;4
C01;C01;Critico: Celular em alta velocidade;Critico;Critico;0.5367527276277542;0.5367527276277542;R1_NORMAL;32;44;13;0;34;2;1;0.2685965597629547;0.16160279512405396;0.2147340029478073;96;4
C06;C06;Critico progressivo: Fadiga noturna;Critico;Critico;0.4288415491580963;0.4288415491580963;R1_NORMAL;36;81;46;1;61;25;0;0.05000000819563866;0.16106058657169342;0.11228352040052414;96;4
N03;N03;Normal: Noite estável;Normal;Normal;0.050000007078051564;0.050000007078051564;R2_STABLE_RISK;-1;-1;0;0;-1;-1;0;0.05000000819563866;0.03409384563565254;0.12761659920215607;96;4
N03;N03;Normal: Noite estável;Normal;Normal;0.050000007078051564;0.050000007078051564;R2_STABLE_RISK;-1;-1;0;0;-1;-1;0;0.05000000819563866;0.03534749522805214;0.1361258178949356;96;4
C05;C05;Critico progressivo: Celular em rodovia;Critico;Critico;0.478909620642662;0.478909620642662;R3_FALSE_KIN;42;73;32;1;58;16;1;0.3025650382041931;0.3203677535057068;0.12651307880878448;96;4
C10;C10;Critico progressivo: Grooming em rodovia com fadiga;Critico;Critico;0.4780825525522232;0.4780825525522232;R2_STABLE_RISK;40;81;42;1;66;26;1;0.3260648548603058;0.2004818320274353;0.09477915614843369;96;4
C08;C08;Critico progressivo: Distracao urbana multietapas;Critico;Critico;0.45443516522645944;0.45443516522645944;R2_STABLE_RISK;28;77;50;1;58;30;0;0.05000000819563866;0.31699609756469727;0.12589511275291443;96;4
N03;N03;Normal: Noite estável;Normal;Normal;0.050000007078051564;0.050000007078051564;R2_STABLE_RISK;-1;-1;0;0;-1;-1;0;0.05000000819563866;0.03058706223964691;0.10290362685918808;96;4
C05;C05;Critico progressivo: Celular em rodovia;Critico;Critico;0.38444916605949403;0.38444916605949403;R3_FALSE_KIN;42;73;32;1;59;17;0;0.05000000819563866;0.3145686089992523;0.1656426042318344;96;4
C03;C03;Critico: Celular sem cinto sob chuva;Critico;Critico;0.3752959698438644;0.3752959698438644;R1_NORMAL;26;41;16;0;28;2;0;0.05000000819563866;0.1839466542005539;0.1492493748664856;96;4
N01;N01;Normal: Viagem tranquila em rodovia;Normal;Normal;0.050000007078051564;0.050000007078051564;R2_STABLE_RISK;-1;-1;0;0;-1;-1;0;0.05000000819563866;0.03818412125110626;0.09562227874994278;96;4
C07;C07;Critico progressivo: Sem cinto sob chuva;Critico;Critico;0.39583591073751445;0.39583591073751445;R1_NORMAL;37;75;39;1;57;20;0;0.05000000819563866;0.37015143036842346;0.09505480527877808;96;4
C01;C01;Critico: Celular em alta velocidade;Critico;Critico;0.29102678298950196;0.29102678298950196;R1_NORMAL;32;44;13;0;34;2;0;0.05000000819563866;0.15993081033229828;0.16100753843784332;96;4
C08;C08;Critico progressivo: Distracao urbana multietapas;Critico;Critico;0.4440163403749465;0.4440163403749465;R1_NORMAL;28;77;50;1;50;22;0;0.05000000819563866;0.3208865225315094;0.1432490050792694;96;4
C10;C10;Critico progressivo: Grooming em rodovia com fadiga;Critico;Critico;0.48015960752964015;0.48015960752964015;R1_NORMAL;40;81;42;1;63;23;1;0.35307422280311584;0.19903282821178436;0.11792272329330444;96;4
N01;N01;Normal: Viagem tranquila em rodovia;Normal;Normal;0.050000007078051564;0.050000007078051564;R2_STABLE_RISK;-1;-1;0;0;-1;-1;0;0.05000000819563866;0.031744178384542465;0.10724100470542908;96;4
C07;C07;Critico progressivo: Sem cinto sob chuva;Critico;Critico;0.5167620211839675;0.5167620211839675;R1_NORMAL;37;75;39;1;54;17;1;0.3186871111392975;0.3892485201358795;0.15016040205955505;96;4
C05;C05;Critico progressivo: Celular em rodovia;Critico;Critico;0.4685317277908325;0.4685317277908325;R1_NORMAL;42;73;32;1;58;16;1;0.302924782037735;0.3232090175151825;0.19508881866931915;96;4
C05;C05;Critico progressivo: Celular em rodovia;Critico;Critico;0.3657608687877655;0.3657608687877655;R2_STABLE_RISK;42;73;32;1;58;16;0;0.05000000819563866;0.3144870102405548;0.15655066072940826;96;4
C09;C09;Critico progressivo: Bebida ao volante;Critico;Critico;0.4677390903234481;0.4677390903234481;R1_NORMAL;38;73;36;1;57;19;1;0.2635023891925812;0.25356361269950867;0.13779249787330627;96;4
C08;C08;Critico progressivo: Distracao urbana multietapas;Critico;Critico;0.4362036094069481;0.4362036094069481;R3_FALSE_KIN;28;77;50;1;53;25;0;0.05000000819563866;0.3120628297328949;0.15903832018375397;96;4
N01;N01;Normal: Viagem tranquila em rodovia;Normal;Normal;0.050000007078051564;0.050000007078051564;R1_NORMAL;-1;-1;0;0;-1;-1;0;0.05000000819563866;0.028874529525637627;0.07273723185062408;96;4
N01;N01;Normal: Viagem tranquila em rodovia;Normal;Normal;0.050000007078051564;0.050000007078051564;R3_FALSE_KIN;-1;-1;0;0;-1;-1;0;0.05000000819563866;0.03103942610323429;0.12697939574718475;96;4
C08;C08;Critico progressivo: Distracao urbana multietapas;Critico;Critico;0.4753752678632736;0.4753752678632736;R1_NORMAL;28;77;50;1;50;22;0;0.05000000819563866;0.3193700313568115;0.15013514459133148;96;4
C06;C06;Critico progressivo: Fadiga noturna;Critico;Critico;0.461260649561882;0.461260649561882;R1_NORMAL;36;81;46;1;59;23;1;0.3698295056819916;0.15435181558132172;0.10143116861581802;96;4
C04;C04;Critico: Multiplas distracoes urbanas;Critico;Critico;0.3713889718055725;0.3713889718055725;R1_NORMAL;22;45;24;0;24;2;0;0.05000000819563866;0.202527716755867;0.11815592646598816;96;4
N03;N03;Normal: Noite estável;Normal;Normal;0.050000007078051564;0.050000007078051564;R3_FALSE_KIN;-1;-1;0;0;-1;-1;0;0.05000000819563866;0.033467937260866165;0.11625479906797409;96;4
C04;C04;Critico: Multiplas distracoes urbanas;Critico;Critico;0.3713889718055725;0.3713889718055725;R2_STABLE_RISK;22;45;24;0;24;2;0;0.05000000819563866;0.2055983543395996;0.11177919059991837;96;4
C03;C03;Critico: Celular sem cinto sob chuva;Critico;Critico;0.3752959698438644;0.3752959698438644;R3_FALSE_KIN;26;41;16;0;28;2;0;0.05000000819563866;0.1807592362165451;0.19693152606487274;96;4
C09;C09;Critico progressivo: Bebida ao volante;Critico;Critico;0.39206674695014954;0.39206674695014954;R2_STABLE_RISK;38;73;36;1;60;22;0;0.05000000819563866;0.25002822279930115;0.16693799197673798;96;4
C10;C10;Critico progressivo: Grooming em rodovia com fadiga;Critico;Critico;0.48656644523143766;0.48656644523143766;R2_STABLE_RISK;40;81;42;1;62;22;1;0.35503074526786804;0.20180661976337433;0.11735671013593674;96;4
C04;C04;Critico: Multiplas distracoes urbanas;Critico;Critico;0.3713889718055725;0.3713889718055725;R2_STABLE_RISK;22;45;24;0;24;2;0;0.05000000819563866;0.20159678161144257;0.12277790158987045;96;4
N01;N01;Normal: Viagem tranquila em rodovia;Normal;Normal;0.050000007078051564;0.050000007078051564;R1_NORMAL;-1;-1;0;0;-1;-1;0;0.05000000819563866;0.033012259751558304;0.10465977340936661;96;4
C09;C09;Critico progressivo: Bebida ao volante;Critico;Critico;0.37383902519941326;0.37383902519941326;R1_NORMAL;38;73;36;1;57;19;0;0.05000000819563866;0.25323161482810974;0.11391092091798782;96;4
C05;C05;Critico progressivo: Celular em rodovia;Critico;Critico;0.38539287447929377;0.38539287447929377;R2_STABLE_RISK;42;73;32;1;59;17;0;0.05000000819563866;0.3122662901878357;0.12849359214305878;96;4
C08;C08;Critico progressivo: Distracao urbana multietapas;Critico;Critico;0.4363721340894699;0.4363721340894699;R2_STABLE_RISK;28;77;50;1;51;23;0;0.05000000819563866;0.32411929965019226;0.14864474534988403;96;4
N01;N01;Normal: Viagem tranquila em rodovia;Normal;Normal;0.050000007078051564;0.050000007078051564;R1_NORMAL;-1;-1;0;0;-1;-1;0;0.05000000819563866;0.029000038281083107;0.11753768473863602;96;4
C03;C03;Critico: Celular sem cinto sob chuva;Critico;Critico;0.3752959698438644;0.3752959698438644;R3_FALSE_KIN;26;41;16;0;28;2;0;0.05000000819563866;0.18754923343658447;0.117622010409832;96;4
N03;N03;Normal: Noite estável;Normal;Normal;0.050000007078051564;0.050000007078051564;R1_NORMAL;-1;-1;0;0;-1;-1;0;0.05000000819563866;0.023372525349259377;0.09408917278051376;96;4
C06;C06;Critico progressivo: Fadiga noturna;Critico;Critico;0.4032066181302071;0.4032066181302071;R3_FALSE_KIN;36;81;46;1;60;24;0;0.05000000819563866;0.1602879762649536;0.1274867206811905;96;4
N01;N01;Normal: Viagem tranquila em rodovia;Normal;Normal;0.050000007078051564;0.050000007078051564;R3_FALSE_KIN;-1;-1;0;0;-1;-1;0;0.05000000819563866;0.030313804745674133;0.10821131616830826;96;4
C04;C04;Critico: Multiplas distracoes urbanas;Critico;Critico;0.3713889718055725;0.3713889718055725;R1_NORMAL;22;45;24;0;24;2;0;0.05000000819563866;0.20836563408374786;0.13706476986408234;96;4
C02;C02;Critico: Fadiga com desvio cinematico;Critico;Critico;0.39378328174352645;0.39378328174352645;R3_FALSE_KIN;29;50;22;0;32;3;0;0.05000000819563866;0.09725332260131836;0.15977995097637177;96;4
N01;N01;Normal: Viagem tranquila em rodovia;Normal;Normal;0.050000007078051564;0.050000007078051564;R2_STABLE_RISK;-1;-1;0;0;-1;-1;0;0.05000000819563866;0.032701972872018814;0.11895283311605453;96;4
C09;C09;Critico progressivo: Bebida ao volante;Critico;Critico;0.48542377054691316;0.48542377054691316;R2_STABLE_RISK;38;73;36;1;60;22;1;0.28175631165504456;0.2521815598011017;0.1406794637441635;96;4
C06;C06;Critico progressivo: Fadiga noturna;Critico;Critico;0.42517388015985486;0.42517388015985486;R2_STABLE_RISK;36;81;46;1;65;29;0;0.05000000819563866;0.15195699036121368;0.07358123362064362;96;4
C09;C09;Critico progressivo: Bebida ao volante;Critico;Critico;0.4826049536466598;0.4826049536466598;R2_STABLE_RISK;38;73;36;1;59;21;1;0.24289055168628693;0.25047507882118225;0.19295306503772736;96;4
C04;C04;Critico: Multiplas distracoes urbanas;Critico;Critico;0.5776204228401184;0.5776204228401184;R2_STABLE_RISK;22;45;24;0;24;2;1;0.26300048828125;0.20474760234355927;0.17926551401615143;96;4
N02;N02;Normal: Urbano moderado;Normal;Normal;0.050000007078051564;0.050000007078051564;R1_NORMAL;-1;-1;0;0;-1;-1;0;0.05000000819563866;0.03191142901778221;0.10608816891908646;96;4
C02;C02;Critico: Fadiga com desvio cinematico;Critico;Critico;0.39378328174352645;0.39378328174352645;R1_NORMAL;29;50;22;0;32;3;0;0.05000000819563866;0.09878742694854736;0.12360433489084244;96;4
C09;C09;Critico progressivo: Bebida ao volante;Critico;Critico;0.477684274315834;0.477684274315834;R3_FALSE_KIN;38;73;36;1;57;19;1;0.3074348270893097;0.25421640276908875;0.16098622977733612;96;4
C04;C04;Critico: Multiplas distracoes urbanas;Critico;Critico;0.5724550157785415;0.5724550157785415;R2_STABLE_RISK;22;45;24;0;24;2;1;0.27567458152770996;0.20604918897151947;0.18192489445209503;96;4
C06;C06;Critico progressivo: Fadiga noturna;Critico;Critico;0.4229613557457924;0.4229613557457924;R3_FALSE_KIN;36;81;46;1;61;25;0;0.05000000819563866;0.1509372591972351;0.13094405829906464;96;4
C07;C07;Critico progressivo: Sem cinto sob chuva;Critico;Critico;0.4897358626127243;0.4897358626127243;R1_NORMAL;37;75;39;1;56;19;1;0.2857089340686798;0.38413894176483154;0.1920047551393509;96;4
C04;C04;Critico: Multiplas distracoes urbanas;Critico;Critico;0.3713889718055725;0.3713889718055725;R2_STABLE_RISK;22;45;24;0;24;2;0;0.05000000819563866;0.20390327274799347;0.16624122858047485;96;4
N03;N03;Normal: Noite estável;Normal;Normal;0.050000007078051564;0.050000007078051564;R1_NORMAL;-1;-1;0;0;-1;-1;0;0.05000000819563866;0.0362684540450573;0.08596885204315186;96;4
C04;C04;Critico: Multiplas distracoes urbanas;Critico;Critico;0.3713889718055725;0.3713889718055725;R1_NORMAL;22;45;24;0;24;2;0;0.05000000819563866;0.20644594728946686;0.13671325147151947;96;4
C04;C04;Critico: Multiplas distracoes urbanas;Critico;Critico;0.3713889718055725;0.3713889718055725;R2_STABLE_RISK;22;45;24;0;24;2;0;0.05000000819563866;0.19882987439632416;0.12463980913162231;96;4
C09;C09;Critico progressivo: Bebida ao volante;Critico;Critico;0.40542671233415606;0.40542671233415606;R1_NORMAL;38;73;36;1;59;21;0;0.05000000819563866;0.24744699895381927;0.13587124645709991;96;4
C05;C05;Critico progressivo: Celular em rodovia;Critico;Critico;0.4912230998277664;0.4912230998277664;R3_FALSE_KIN;42;73;32;1;57;15;1;0.302580863237381;0.3188973367214203;0.1527625173330307;96;4
N01;N01;Normal: Viagem tranquila em rodovia;Normal;Normal;0.050000007078051564;0.050000007078051564;R3_FALSE_KIN;-1;-1;0;0;-1;-1;0;0.05000000819563866;0.034060049802064896;0.09158322960138321;96;4
C03;C03;Critico: Celular sem cinto sob chuva;Critico;Critico;0.3752959698438644;0.3752959698438644;R3_FALSE_KIN;26;41;16;0;28;2;0;0.05000000819563866;0.1899213194847107;0.13597096502780914;96;4
C07;C07;Critico progressivo: Sem cinto sob chuva;Critico;Critico;0.40888301879167555;0.40888301879167555;R3_FALSE_KIN;37;75;39;1;57;20;0;0.05000000819563866;0.3816344738006592;0.15351568162441254;96;4
C08;C08;Critico progressivo: Distracao urbana multietapas;Critico;Critico;0.42530775666236875;0.42530775666236875;R3_FALSE_KIN;28;77;50;1;54;26;0;0.05000000819563866;0.3089405596256256;0.12998323142528534;96;4
C07;C07;Critico progressivo: Sem cinto sob chuva;Critico;Critico;0.48723860681056974;0.48723860681056974;R1_NORMAL;37;75;39;1;58;21;1;0.3199225962162018;0.3783104419708252;0.1388617753982544;96;4
C04;C04;Critico: Multiplas distracoes urbanas;Critico;Critico;0.3713889718055725;0.3713889718055725;R3_FALSE_KIN;22;45;24;0;24;2;0;0.05000000819563866;0.20618273317813873;0.14601381123065948;96;4
C05;C05;Critico progressivo: Celular em rodovia;Critico;Critico;0.38803459256887435;0.38803459256887435;R1_NORMAL;42;73;32;1;59;17;0;0.05000000819563866;0.32145360112190247;0.15146224200725555;96;4
C06;C06;Critico progressivo: Fadiga noturna;Critico;Critico;0.3980759963393211;0.3980759963393211;R2_STABLE_RISK;36;81;46;1;63;27;0;0.05000000819563866;0.14752022922039032;0.1000647246837616;96;4
N02;N02;Normal: Urbano moderado;Normal;Normal;0.050000007078051564;0.050000007078051564;R2_STABLE_RISK;-1;-1;0;0;-1;-1;0;0.05000000819563866;0.03449118509888649;0.1122918426990509;96;4
C01;C01;Critico: Celular em alta velocidade;Critico;Critico;0.29102678298950196;0.29102678298950196;R1_NORMAL;32;44;13;0;34;2;0;0.05000000819563866;0.15209124982357025;0.08818457275629044;96;4
C07;C07;Critico progressivo: Sem cinto sob chuva;Critico;Critico;0.39123620837926865;0.39123620837926865;R2_STABLE_RISK;37;75;39;1;61;24;0;0.05000000819563866;0.38161173462867737;0.11238604784011841;96;4
C10;C10;Critico progressivo: Grooming em rodovia com fadiga;Critico;Critico;0.4048171207308769;0.4048171207308769;R2_STABLE_RISK;40;81;42;1;66;26;0;0.05000000819563866;0.20168817043304443;0.10139766335487366;96;4
N01;N01;Normal: Viagem tranquila em rodovia;Normal;Normal;0.050000007078051564;0.050000007078051564;R3_FALSE_KIN;-1;-1;0;0;-1;-1;0;0.05000000819563866;0.02824760414659977;0.09923373907804489;96;4
C03;C03;Critico: Celular sem cinto sob chuva;Critico;Critico;0.6265700966119766;0.6265700966119766;R3_FALSE_KIN;26;41;16;0;28;2;1;0.2747757136821747;0.19271011650562286;0.22775547206401825;96;4
C09;C09;Critico progressivo: Bebida ao volante;Critico;Critico;0.4791792511940002;0.4791792511940002;R3_FALSE_KIN;38;73;36;1;57;19;1;0.2966546416282654;0.25316351652145386;0.18855619430541992;96;4
C07;C07;Critico progressivo: Sem cinto sob chuva;Critico;Critico;0.411054365336895;0.411054365336895;R1_NORMAL;37;75;39;1;60;23;0;0.05000000819563866;0.38226446509361267;0.1322730928659439;96;4
C08;C08;Critico progressivo: Distracao urbana multietapas;Critico;Critico;0.49426834285259247;0.49426834285259247;R1_NORMAL;28;77;50;1;54;26;1;0.3075505793094635;0.3073233664035797;0.14392025768756866;96;4
C03;C03;Critico: Celular sem cinto sob chuva;Critico;Critico;0.3752959698438644;0.3752959698438644;R1_NORMAL;26;41;16;0;28;2;0;0.05000000819563866;0.18641453981399536;0.12414485216140747;96;4
N02;N02;Normal: Urbano moderado;Normal;Normal;0.050000007078051564;0.050000007078051564;R1_NORMAL;-1;-1;0;0;-1;-1;0;0.05000000819563866;0.027256309986114502;0.08529996871948242;96;4
C03;C03;Critico: Celular sem cinto sob chuva;Critico;Critico;0.6054024785757064;0.6054024785757064;R1_NORMAL;26;41;16;0;28;2;1;0.21590302884578705;0.18631215393543243;0.19173778593540192;96;4
C07;C07;Critico progressivo: Sem cinto sob chuva;Critico;Critico;0.4811020046472549;0.4811020046472549;R3_FALSE_KIN;37;75;39;1;55;18;1;0.28695395588874817;0.3816303312778473;0.15311139822006226;96;4
C01;C01;Critico: Celular em alta velocidade;Critico;Critico;0.29102678298950196;0.29102678298950196;R1_NORMAL;32;44;13;0;34;2;0;0.05000000819563866;0.15235552191734314;0.1363210529088974;96;4
C08;C08;Critico progressivo: Distracao urbana multietapas;Critico;Critico;0.4922293543815613;0.4922293543815613;R1_NORMAL;28;77;50;1;47;19;0;0.05000000819563866;0.32192081212997437;0.15564323961734772;96;4
C02;C02;Critico: Fadiga com desvio cinematico;Critico;Critico;0.39378328174352645;0.39378328174352645;R2_STABLE_RISK;29;50;22;0;32;3;0;0.05000000819563866;0.09469270706176758;0.10607921332120895;96;4
C09;C09;Critico progressivo: Bebida ao volante;Critico;Critico;0.364915956556797;0.364915956556797;R2_STABLE_RISK;38;73;36;1;57;19;0;0.05000000819563866;0.25413402915000916;0.11976170539855957;96;4
C01;C01;Critico: Celular em alta velocidade;Critico;Critico;0.29102678298950196;0.29102678298950196;R1_NORMAL;32;44;13;0;34;2;0;0.05000000819563866;0.15462709963321686;0.10010457038879395;96;4
C09;C09;Critico progressivo: Bebida ao volante;Critico;Critico;0.408219327032566;0.408219327032566;R1_NORMAL;38;73;36;1;59;21;0;0.05000000819563866;0.2415015697479248;0.13666139543056488;96;4
C04;C04;Critico: Multiplas distracoes urbanas;Critico;Critico;0.3713889718055725;0.3713889718055725;R1_NORMAL;22;45;24;0;24;2;0;0.05000000819563866;0.19844728708267212;0.13212405145168304;96;4
C09;C09;Critico progressivo: Bebida ao volante;Critico;Critico;0.46408599913120263;0.46408599913120263;R2_STABLE_RISK;38;73;36;1;60;22;1;0.2918283939361572;0.25907763838768005;0.153437539935112;96;4
C02;C02;Critico: Fadiga com desvio cinematico;Critico;Critico;0.6022027343511581;0.6022027343511581;R1_NORMAL;29;50;22;0;32;3;1;0.25071582198143005;0.10386001318693161;0.19723081588745117;96;4
C10;C10;Critico progressivo: Grooming em rodovia com fadiga;Critico;Critico;0.4457885161042213;0.4457885161042213;R1_NORMAL;40;81;42;1;59;19;0;0.05000000819563866;0.20313328504562378;0.10596006363630295;96;4
C09;C09;Critico progressivo: Bebida ao volante;Critico;Critico;0.3943402528762817;0.3943402528762817;R3_FALSE_KIN;38;73;36;1;60;22;0;0.05000000819563866;0.2568354308605194;0.13005989789962769;96;4
N03;N03;Normal: Noite estável;Normal;Normal;0.050000007078051564;0.050000007078051564;R3_FALSE_KIN;-1;-1;0;0;-1;-1;0;0.05000000819563866;0.026626328006386757;0.10535421222448349;96;4
N01;N01;Normal: Viagem tranquila em rodovia;Normal;Normal;0.050000007078051564;0.050000007078051564;R1_NORMAL;-1;-1;0;0;-1;-1;0;0.05000000819563866;0.03307552635669708;0.07061615586280823;96;4
C09;C09;Critico progressivo: Bebida ao volante;Critico;Critico;0.4814424782991409;0.4814424782991409;R1_NORMAL;38;73;36;1;56;18;1;0.26805368065834045;0.25056859850883484;0.18805503845214844;96;4
C01;C01;Critico: Celular em alta velocidade;Critico;Critico;0.29102678298950196;0.29102678298950196;R3_FALSE_KIN;32;44;13;0;34;2;0;0.05000000819563866;0.15885840356349945;0.1332041472196579;96;4
C01;C01;Critico: Celular em alta velocidade;Critico;Critico;0.5291454076766967;0.5291454076766967;R1_NORMAL;32;44;13;0;34;2;1;0.2467566281557083;0.15977710485458374;0.18444502353668213;96;4
C05;C05;Critico progressivo: Celular em rodovia;Critico;Critico;0.45027774572372437;0.45027774572372437;R1_NORMAL;42;73;32;1;58;16;1;0.2829594910144806;0.3146536648273468;0.13015078008174896;96;4
C05;C05;Critico progressivo: Celular em rodovia;Critico;Critico;0.37040308862924576;0.37040308862924576;R1_NORMAL;42;73;32;1;59;17;0;0.05000000819563866;0.31060028076171875;0.12309066206216812;96;4
N01;N01;Normal: Viagem tranquila em rodovia;Normal;Normal;0.050000007078051564;0.050000007078051564;R1_NORMAL;-1;-1;0;0;-1;-1;0;0.05000000819563866;0.03050311468541622;0.10264971852302551;96;4
C10;C10;Critico progressivo: Grooming em rodovia com fadiga;Critico;Critico;0.41465635895729064;0.41465635895729064;R2_STABLE_RISK;40;81;42;1;61;21;0;0.05000000819563866;0.20096533000469208;0.1005944311618805;96;4
C02;C02;Critico: Fadiga com desvio cinematico;Critico;Critico;0.5906857520341873;0.5906857520341873;R3_FALSE_KIN;29;50;22;0;32;3;1;0.19752871990203857;0.09629589319229126;0.15868042409420013;96;4
C07;C07;Critico progressivo: Sem cinto sob chuva;Critico;Critico;0.42799143791198724;0.42799143791198724;R2_STABLE_RISK;37;75;39;1;53;16;0;0.05000000819563866;0.3800777494907379;0.16748929023742676;96;4
C07;C07;Critico progressivo: Sem cinto sob chuva;Critico;Critico;0.4010839268565177;0.4010839268565177;R3_FALSE_KIN;37;75;39;1;58;21;0;0.05000000819563866;0.37052392959594727;0.16425931453704834;96;4
C08;C08;Critico progressivo: Distracao urbana multietapas;Critico;Critico;0.5053979843854903;0.5053979843854903;R1_NORMAL;28;77;50;1;54;26;1;0.31867554783821106;0.315644770860672;0.1533912867307663;96;4
C05;C05;Critico progressivo: Celular em rodovia;Critico;Critico;0.48423265516757963;0.48423265516757963;R1_NORMAL;42;73;32;1;61;19;1;0.2639717757701874;0.3135516047477722;0.14710628986358643;96;4
C06;C06;Critico progressivo: Fadiga noturna;Critico;Critico;0.40195651203393934;0.40195651203393934;R3_FALSE_KIN;36;81;46;1;63;27;0;0.05000000819563866;0.15516729652881622;0.11430568248033524;96;4
C04;C04;Critico: Multiplas distracoes urbanas;Critico;Critico;0.5784586071968079;0.5784586071968079;R2_STABLE_RISK;22;45;24;0;24;2;1;0.2671207785606384;0.20971494913101196;0.2006460279226303;96;4
N02;N02;Normal: Urbano moderado;Normal;Normal;0.050000007078051564;0.050000007078051564;R3_FALSE_KIN;-1;-1;0;0;-1;-1;0;0.05000000819563866;0.02753022313117981;0.08347809314727783;96;4
C04;C04;Critico: Multiplas distracoes urbanas;Critico;Critico;0.3713889718055725;0.3713889718055725;R2_STABLE_RISK;22;45;24;0;24;2;0;0.05000000819563866;0.19909924268722534;0.1621587574481964;96;4
C05;C05;Critico progressivo: Celular em rodovia;Critico;Critico;0.4732885032892227;0.4732885032892227;R1_NORMAL;42;73;32;1;58;16;1;0.2762100398540497;0.318204790353775;0.17775654792785645;96;4
C03;C03;Critico: Celular sem cinto sob chuva;Critico;Critico;0.3752959698438644;0.3752959698438644;R2_STABLE_RISK;26;41;16;0;28;2;0;0.05000000819563866;0.1841380000114441;0.0986955389380455;96;4
C01;C01;Critico: Celular em alta velocidade;Critico;Critico;0.5327255040407181;0.5327255040407181;R2_STABLE_RISK;32;44;13;0;34;2;1;0.24935422837734222;0.15222136676311493;0.1718304604291916;96;4
C01;C01;Critico: Celular em alta velocidade;Critico;Critico;0.29102678298950196;0.29102678298950196;R3_FALSE_KIN;32;44;13;0;34;2;0;0.05000000819563866;0.1504233330488205;0.13786792755126953;96;4
C04;C04;Critico: Multiplas distracoes urbanas;Critico;Critico;0.3713889718055725;0.3713889718055725;R1_NORMAL;22;45;24;0;24;2;0;0.05000000819563866;0.2054659128189087;0.16152922809123993;96;4
N03;N03;Normal: Noite estável;Normal;Normal;0.050000007078051564;0.050000007078051564;R2_STABLE_RISK;-1;-1;0;0;-1;-1;0;0.05000000819563866;0.035088393837213516;0.11394423246383667;96;4
C06;C06;Critico progressivo: Fadiga noturna;Critico;Critico;0.4630573481321335;0.4630573481321335;R1_NORMAL;36;81;46;1;59;23;0;0.05000000819563866;0.1686113029718399;0.10733300447463989;96;4
N02;N02;Normal: Urbano moderado;Normal;Normal;0.050000007078051564;0.050000007078051564;R2_STABLE_RISK;-1;-1;0;0;-1;-1;0;0.05000000819563866;0.03585101291537285;0.12078821659088135;96;4
C02;C02;Critico: Fadiga com desvio cinematico;Critico;Critico;0.39378328174352645;0.39378328174352645;R3_FALSE_KIN;29;50;22;0;32;3;0;0.05000000819563866;0.09501383453607559;0.09146013855934143;96;4
C09;C09;Critico progressivo: Bebida ao volante;Critico;Critico;0.38147739619016646;0.38147739619016646;R3_FALSE_KIN;38;73;36;1;59;21;0;0.05000000819563866;0.25480079650878906;0.1318930685520172;96;4
C02;C02;Critico: Fadiga com desvio cinematico;Critico;Critico;0.39378328174352645;0.39378328174352645;R2_STABLE_RISK;29;50;22;0;32;3;0;0.05000000819563866;0.09891798347234726;0.13533037900924683;96;4
C04;C04;Critico: Multiplas distracoes urbanas;Critico;Critico;0.3713889718055725;0.3713889718055725;R2_STABLE_RISK;22;45;24;0;24;2;0;0.05000000819563866;0.19766180217266083;0.18551157414913177;96;4
C08;C08;Critico progressivo: Distracao urbana multietapas;Critico;Critico;0.41264415383338926;0.41264415383338926;R1_NORMAL;28;77;50;1;60;32;0;0.05000000819563866;0.3094446659088135;0.11172040551900864;96;4
C10;C10;Critico progressivo: Grooming em rodovia com fadiga;Critico;Critico;0.4722363382577896;0.4722363382577896;R2_STABLE_RISK;40;81;42;1;63;23;1;0.35224953293800354;0.20648007094860077;0.08969242125749588;96;4
N03;N03;Normal: Noite estável;Normal;Normal;0.050000007078051564;0.050000007078051564;R1_NORMAL;-1;-1;0;0;-1;-1;0;0.05000000819563866;0.032802779227495193;0.10866966098546982;96;4
C10;C10;Critico progressivo: Grooming em rodovia com fadiga;Critico;Critico;0.4955362647771835;0.4955362647771835;R3_FALSE_KIN;40;81;42;1;61;21;1;0.33398082852363586;0.19815103709697723;0.17322476208209991;96;4
C02;C02;Critico: Fadiga com desvio cinematico;Critico;Critico;0.597100532054901;0.597100532054901;R1_NORMAL;29;50;22;0;32;3;1;0.22440028190612793;0.09930187463760376;0.12217018753290176;96;4
N01;N01;Normal: Viagem tranquila em rodovia;Normal;Normal;0.050000007078051564;0.050000007078051564;R1_NORMAL;-1;-1;0;0;-1;-1;0;0.05000000819563866;0.03328181803226471;0.10313582420349121;96;4
N02;N02;Normal: Urbano moderado;Normal;Normal;0.050000007078051564;0.050000007078051564;R2_STABLE_RISK;-1;-1;0;0;-1;-1;0;0.05000000819563866;0.031320735812187195;0.12365090847015381;96;4
C06;C06;Critico progressivo: Fadiga noturna;Critico;Critico;0.40519384294748306;0.40519384294748306;R1_NORMAL;36;81;46;1;65;29;0;0.05000000819563866;0.15304777026176453;0.11779587715864182;96;4
C04;C04;Critico: Multiplas distracoes urbanas;Critico;Critico;0.3713889718055725;0.3713889718055725;R1_NORMAL;22;45;24;0;24;2;0;0.05000000819563866;0.20174382627010345;0.22513897716999054;96;4
C03;C03;Critico: Celular sem cinto sob chuva;Critico;Critico;0.3752959698438644;0.3752959698438644;R3_FALSE_KIN;26;41;16;0;28;2;0;0.05000000819563866;0.18998734652996063;0.1136651262640953;96;4
N02;N02;Normal: Urbano moderado;Normal;Normal;0.050000007078051564;0.050000007078051564;R2_STABLE_RISK;-1;-1;0;0;-1;-1;0;0.05000000819563866;0.03487922251224518;0.08174379914999008;96;4
N02;N02;Normal: Urbano moderado;Normal;Normal;0.050000007078051564;0.050000007078051564;R1_NORMAL;-1;-1;0;0;-1;-1;0;0.05000000819563866;0.027133459225296974;0.1237148717045784;96;4
C01;C01;Critico: Celular em alta velocidade;Critico;Critico;0.29102678298950196;0.29102678298950196;R2_STABLE_RISK;32;44;13;0;34;2;0;0.05000000819563866;0.14746956527233124;0.10167988389730453;96;4
C04;C04;Critico: Multiplas distracoes urbanas;Critico;Critico;0.3713889718055725;0.3713889718055725;R1_NORMAL;22;45;24;0;24;2;0;0.05000000819563866;0.20102161169052124;0.1530444473028183;96;4
C06;C06;Critico progressivo: Fadiga noturna;Critico;Critico;0.43025162667036054;0.43025162667036054;R1_NORMAL;36;81;46;1;59;23;0;0.05000000819563866;0.15928781032562256;0.11176051944494247;96;4
C08;C08;Critico progressivo: Distracao urbana multietapas;Critico;Critico;0.4412771344184875;0.4412771344184875;R2_STABLE_RISK;28;77;50;1;52;24;0;0.05000000819563866;0.3187652826309204;0.12089677900075912;96;4
C10;C10;Critico progressivo: Grooming em rodovia com fadiga;Critico;Critico;0.3886792376637459;0.3886792376637459;R2_STABLE_RISK;40;81;42;1;59;19;0;0.05000000819563866;0.20151203870773315;0.13112610578536987;96;4
C05;C05;Critico progressivo: Celular em rodovia;Critico;Critico;0.3689945533871651;0.3689945533871651;R1_NORMAL;42;73;32;1;61;19;0;0.05000000819563866;0.31784066557884216;0.12493506073951721;96;4
C02;C02;Critico: Fadiga com desvio cinematico;Critico;Critico;0.39378328174352645;0.39378328174352645;R1_NORMAL;29;50;22;0;32;3;0;0.05000000819563866;0.09163594990968704;0.09544489532709122;96;4
N02;N02;Normal: Urbano moderado;Normal;Normal;0.050000007078051564;0.050000007078051564;R1_NORMAL;-1;-1;0;0;-1;-1;0;0.05000000819563866;0.030212081968784332;0.10174261778593063;96;4
C04;C04;Critico: Multiplas distracoes urbanas;Critico;Critico;0.3713889718055725;0.3713889718055725;R2_STABLE_RISK;22;45;24;0;24;2;0;0.05000000819563866;0.2096807360649109;0.16456210613250732;96;4
C04;C04;Critico: Multiplas distracoes urbanas;Critico;Critico;0.3713889718055725;0.3713889718055725;R2_STABLE_RISK;22;45;24;0;24;2;0;0.05000000819563866;0.19689393043518066;0.11265774816274643;96;4
C02;C02;Critico: Fadiga com desvio cinematico;Critico;Critico;0.39378328174352645;0.39378328174352645;R1_NORMAL;29;50;22;0;32;3;0;0.05000000819563866;0.09998377412557602;0.14191029965877533;96;4
C08;C08;Critico progressivo: Distracao urbana multietapas;Critico;Critico;0.4621078372001648;0.4621078372001648;R1_NORMAL;28;77;50;1;53;25;0;0.05000000819563866;0.31532108783721924;0.12442409247159958;96;4
C07;C07;Critico progressivo: Sem cinto sob chuva;Critico;Critico;0.4319768860936165;0.4319768860936165;R2_STABLE_RISK;37;75;39;1;56;19;0;0.05000000819563866;0.383343905210495;0.11762621253728867;96;4
C09;C09;Critico progressivo: Bebida ao volante;Critico;Critico;0.48767792284488676;0.48767792284488676;R1_NORMAL;38;73;36;1;57;19;1;0.31471171975135803;0.26159772276878357;0.20288610458374023;96;4
C09;C09;Critico progressivo: Bebida ao volante;Critico;Critico;0.3797287449240685;0.3797287449240685;R2_STABLE_RISK;38;73;36;1;60;22;0;0.05000000819563866;0.25736793875694275;0.12297648191452026;96;4
N03;N03;Normal: Noite estável;Normal;Normal;0.050000007078051564;0.050000007078051564;R1_NORMAL;-1;-1;0;0;-1;-1;0;0.05000000819563866;0.025005295872688293;0.11598984152078629;96;4
C09;C09;Critico progressivo: Bebida ao volante;Critico;Critico;0.4668733656406402;0.4668733656406402;R2_STABLE_RISK;38;73;36;1;56;18;1;0.2697111964225769;0.2533050775527954;0.15246622264385223;96;4
N01;N01;Normal: Viagem tranquila em rodovia;Normal;Normal;0.050000007078051564;0.050000007078051564;R3_FALSE_KIN;-1;-1;0;0;-1;-1;0;0.05000000819563866;0.03467139974236488;0.09143859148025513;96;4
C10;C10;Critico progressivo: Grooming em rodovia com fadiga;Critico;Critico;0.47748997211456295;0.47748997211456295;R2_STABLE_RISK;40;81;42;1;66;26;1;0.2983548641204834;0.1995561122894287;0.11819126456975937;96;4
C03;C03;Critico: Celular sem cinto sob chuva;Critico;Critico;0.624477407336235;0.624477407336235;R2_STABLE_RISK;26;41;16;0;28;2;1;0.26487061381340027;0.1842450648546219;0.20178954303264618;96;4
N02;N02;Normal: Urbano moderado;Normal;Normal;0.050000007078051564;0.050000007078051564;R2_STABLE_RISK;-1;-1;0;0;-1;-1;0;0.05000000819563866;0.027050413191318512;0.0732501670718193;96;4
N01;N01;Normal: Viagem tranquila em rodovia;Normal;Normal;0.050000007078051564;0.050000007078051564;R1_NORMAL;-1;-1;0;0;-1;-1;0;0.05000000819563866;0.03705360367894173;0.09792492538690567;96;4
N02;N02;Normal: Urbano moderado;Normal;Normal;0.050000007078051564;0.050000007078051564;R1_NORMAL;-1;-1;0;0;-1;-1;0;0.05000000819563866;0.032062094658613205;0.10087651014328003;96;4
N02;N02;Normal: Urbano moderado;Normal;Normal;0.050000007078051564;0.050000007078051564;R2_STABLE_RISK;-1;-1;0;0;-1;-1;0;0.05000000819563866;0.035479623824357986;0.08636102080345154;96;4
C08;C08;Critico progressivo: Distracao urbana multietapas;Critico;Critico;0.453217801451683;0.453217801451683;R2_STABLE_RISK;28;77;50;1;55;27;0;0.05000000819563866;0.3200710713863373;0.12049504369497299;96;4
C09;C09;Critico progressivo: Bebida ao volante;Critico;Critico;0.38194551467895504;0.38194551467895504;R1_NORMAL;38;73;36;1;60;22;0;0.05000000819563866;0.24647419154644012;0.15599004924297333;96;4
C04;C04;Critico: Multiplas distracoes urbanas;Critico;Critico;0.3713889718055725;0.3713889718055725;R2_STABLE_RISK;22;45;24;0;24;2;0;0.05000000819563866;0.20266391336917877;0.13015411794185638;96;4
C02;C02;Critico: Fadiga com desvio cinematico;Critico;Critico;0.39378328174352645;0.39378328174352645;R1_NORMAL;29;50;22;0;32;3;0;0.05000000819563866;0.09848946332931519;0.09945658594369888;96;4
N03;N03;Normal: Noite estável;Normal;Normal;0.050000007078051564;0.050000007078051564;R1_NORMAL;-1;-1;0;0;-1;-1;0;0.05000000819563866;0.040419045835733414;0.10855857282876968;96;4
C09;C09;Critico progressivo: Bebida ao volante;Critico;Critico;0.404680173099041;0.404680173099041;R2_STABLE_RISK;38;73;36;1;57;19;0;0.05000000819563866;0.25699296593666077;0.10963195562362671;96;4
C05;C05;Critico progressivo: Celular em rodovia;Critico;Critico;0.3835982158780098;0.3835982158780098;R1_NORMAL;42;73;32;1;57;15;0;0.05000000819563866;0.31400033831596375;0.14799529314041138;96;4
N03;N03;Normal: Noite estável;Normal;Normal;0.050000007078051564;0.050000007078051564;R1_NORMAL;-1;-1;0;0;-1;-1;0;0.05000000819563866;0.02910347282886505;0.10528043657541275;96;4
C10;C10;Critico progressivo: Grooming em rodovia com fadiga;Critico;Critico;0.4032813966274261;0.4032813966274261;R2_STABLE_RISK;40;81;42;1;64;24;0;0.05000000819563866;0.2011396437883377;0.12189466506242752;96;4
C02;C02;Critico: Fadiga com desvio cinematico;Critico;Critico;0.39378328174352645;0.39378328174352645;R1_NORMAL;29;50;22;0;32;3;0;0.05000000819563866;0.09232612699270248;0.12630538642406464;96;4
C08;C08;Critico progressivo: Distracao urbana multietapas;Critico;Critico;0.4467721939086914;0.4467721939086914;R1_NORMAL;28;77;50;1;53;25;0;0.05000000819563866;0.32365354895591736;0.1502256542444229;96;4
C08;C08;Critico progressivo: Distracao urbana multietapas;Critico;Critico;0.4381357014179229;0.4381357014179229;R1_NORMAL;28;77;50;1;53;25;0;0.05000000819563866;0.31293967366218567;0.1845727413892746;96;4
C08;C08;Critico progressivo: Distracao urbana multietapas;Critico;Critico;0.5092709809541702;0.5092709809541702;R3_FALSE_KIN;28;77;50;1;55;27;1;0.25876641273498535;0.32626232504844666;0.19165901839733124;96;4
C05;C05;Critico progressivo: Celular em rodovia;Critico;Critico;0.38360623121261594;0.38360623121261594;R2_STABLE_RISK;42;73;32;1;58;16;0;0.05000000819563866;0.31727519631385803;0.13291697204113007;96;4
C03;C03;Critico: Celular sem cinto sob chuva;Critico;Critico;0.3752959698438644;0.3752959698438644;R2_STABLE_RISK;26;41;16;0;28;2;0;0.05000000819563866;0.1871088296175003;0.14273230731487274;96;4
C06;C06;Critico progressivo: Fadiga noturna;Critico;Critico;0.43370783478021624;0.43370783478021624;R1_NORMAL;36;81;46;1;57;21;0;0.05000000819563866;0.152113676071167;0.13996167480945587;96;4
C01;C01;Critico: Celular em alta velocidade;Critico;Critico;0.5201749980449677;0.5201749980449677;R1_NORMAL;32;44;13;0;34;2;1;0.2203366607427597;0.1545354276895523;0.1907060146331787;96;4
C09;C09;Critico progressivo: Bebida ao volante;Critico;Critico;0.40819774717092516;0.40819774717092516;R1_NORMAL;38;73;36;1;57;19;0;0.05000000819563866;0.252661794424057;0.16448800265789032;96;4
C04;C04;Critico: Multiplas distracoes urbanas;Critico;Critico;0.3713889718055725;0.3713889718055725;R2_STABLE_RISK;22;45;24;0;24;2;0;0.05000000819563866;0.20207756757736206;0.14392632246017456;96;4
C04;C04;Critico: Multiplas distracoes urbanas;Critico;Critico;0.5687067419290542;0.5687067419290542;R1_NORMAL;22;45;24;0;24;2;1;0.23757509887218475;0.2061869353055954;0.24478185176849365;96;4
C02;C02;Critico: Fadiga com desvio cinematico;Critico;Critico;0.39378328174352645;0.39378328174352645;R1_NORMAL;29;50;22;0;32;3;0;0.05000000819563866;0.09227713197469711;0.12699975073337555;96;4
C02;C02;Critico: Fadiga com desvio cinematico;Critico;Critico;0.6063940852880478;0.6063940852880478;R1_NORMAL;29;50;22;0;32;3;1;0.28628039360046387;0.1009930893778801;0.15746784210205078;96;4
C02;C02;Critico: Fadiga com desvio cinematico;Critico;Critico;0.39378328174352645;0.39378328174352645;R3_FALSE_KIN;29;50;22;0;32;3;0;0.05000000819563866;0.10457742214202881;0.12521503865718842;96;4
C10;C10;Critico progressivo: Grooming em rodovia com fadiga;Critico;Critico;0.4162602961063385;0.4162602961063385;R1_NORMAL;40;81;42;1;60;20;0;0.05000000819563866;0.19844865798950195;0.1247054934501648;96;4
N03;N03;Normal: Noite estável;Normal;Normal;0.050000007078051564;0.050000007078051564;R2_STABLE_RISK;-1;-1;0;0;-1;-1;0;0.05000000819563866;0.029127230867743492;0.13210491836071014;96;4
C09;C09;Critico progressivo: Bebida ao volante;Critico;Critico;0.4688962578773498;0.4688962578773498;R3_FALSE_KIN;38;73;36;1;56;18;1;0.2927897274494171;0.2543162405490875;0.1325835883617401;96;4
C09;C09;Critico progressivo: Bebida ao volante;Critico;Critico;0.4078245639801025;0.4078245639801025;R1_NORMAL;38;73;36;1;56;18;0;0.05000000819563866;0.2537579834461212;0.13033616542816162;96;4
C08;C08;Critico progressivo: Distracao urbana multietapas;Critico;Critico;0.4590258449316025;0.4590258449316025;R2_STABLE_RISK;28;77;50;1;52;24;0;0.05000000819563866;0.3189047873020172;0.15186278522014618;96;4
