id;recipe_id;nome;categoria;class_name;risk_episode;risk_episode_severity;regime;event_start;event_end;event_duration;progressive;detectable_start_035;onset_gap_035;persistent_tail;last6_mean_clean;mean_eye_gaze;mean_lane_offset;window;sensor_level
N03;N03;Normal: Noite estável;Normal;Normal;0.050000007078051564;0.050000007078051564;R2_STABLE_RISK;-1;-1;0;0;-1;-1;0;0.05000000819563866;0.03242029622197151;0.11897776275873184;96;4
C09;C09;Critico progressivo: Bebida ao volante;Critico;Critico;0.406853474676609;0.406853474676609;R2_STABLE_RISK;38;73;36;1;58;20;0;0.05000000819563866;0.2537996470928192;0.15015383064746857;96;4
C04;C04;Critico: Multiplas distracoes urbanas;Critico;Critico;0.3713889718055725;0.3713889718055725;R1_NORMAL;22;45;24;0;24;2;0;0.05000000819563866;0.2013610601425171;0.11143671721220016;96;4
C10;C10;Critico progressivo: Grooming em rodovia com fadiga;Critico;Critico;0.42887676507234573;0.42887676507234573;R1_NORMAL;40;81;42;1;64;24;0;0.05000000819563866;0.19944649934768677;0.09742943197488785;96;4
C08;C08;Critico progressivo: Distracao urbana multietapas;Critico;Critico;0.4235140085220337;0.4235140085220337;R1_NORMAL;28;77;50;1;58;30;0;0.05000000819563866;0.30925092101097107;0.1618025302886963;96;4
N02;N02;Normal: Urbano moderado;Normal;Normal;0.050000007078051564;0.050000007078051564;R2_STABLE_RISK;-1;-1;0;0;-1;-1;0;0.05000000819563866;0.03026614524424076;0.11806723475456238;96;4
C06;C06;Critico progressivo: Fadiga noturna;Critico;Critico;0.38355633467435835;0.38355633467435835;R2_STABLE_RISK;36;81;46;1;60;24;0;0.05000000819563866;0.150087371468544;0.17014123499393463;96;4
C07;C07;Critico progressivo: Sem cinto sob chuva;Critico;Critico;0.4144067168235779;0.4144067168235779;R2_STABLE_RISK;37;75;39;1;61;24;0;0.05000000819563866;0.3766007125377655;0.12789800763130188;96;4
C06;C06;Critico progressivo: Fadiga noturna;Critico;Critico;0.4369513988494873;0.4369513988494873;R1_NORMAL;36;81;46;1;59;23;0;0.05000000819563866;0.158903107047081;0.11319614201784134;96;4
C06;C06;Critico progressivo: Fadiga noturna;Critico;Critico;0.4164957523345947;0.4164957523345947;R2_STABLE_RISK;36;81;46;1;59;23;0;0.05000000819563866;0.15769408643245697;0.10753785818815231;96;4
N03;N03;Normal: Noite estável;Normal;Normal;0.050000007078051564;0.050000007078051564;R2_STABLE_RISK;-1;-1;0;0;-1;-1;0;0.05000000819563866;0.029415810480713844;0.09266369789838791;96;4
C07;C07;Critico progressivo: Sem cinto sob chuva;Critico;Critico;0.4674009531736374;0.4674009531736374;R3_FALSE_KIN;37;75;39;1;59;22;1;0.26548027992248535;0.38264134526252747;0.16577166318893433;96;4
C08;C08;Critico progressivo: Distracao urbana multietapas;Critico;Critico;0.4954804390668869;0.4954804390668869;R2_STABLE_RISK;28;77;50;1;55;27;1;0.2955492436885834;0.3119776248931885;0.14438827335834503;96;4
N01;N01;Normal: Viagem tranquila em rodovia;Normal;Normal;0.050000007078051564;0.050000007078051564;R2_STABLE_RISK;-1;-1;0;0;-1;-1;0;0.05000000819563866;0.029966754838824272;0.15016652643680573;96;4
C10;C10;Critico progressivo: Grooming em rodovia com fadiga;Critico;Critico;0.4144717320799827;0.4144717320799827;R3_FALSE_KIN;40;81;42;1;66;26;0;0.05000000819563866;0.20035158097743988;0.11383187770843506;96;4
C02;C02;Critico: Fadiga com desvio cinematico;Critico;Critico;0.5963687419891357;0.5963687419891357;R2_STABLE_RISK;29;50;22;0;32;3;1;0.2207624316215515;0.10296124964952469;0.20333825051784515;96;4
C03;C03;Critico: Celular sem cinto sob chuva;Critico;Critico;0.6147966891527176;0.6147966891527176;R3_FALSE_KIN;26;41;16;0;28;2;1;0.22146034240722656;0.18663287162780762;0.20331044495105743;96;4
C05;C05;Critico progressivo: Celular em rodovia;Critico;Critico;0.37416203171014784;0.37416203171014784;R2_STABLE_RISK;42;73;32;1;57;15;0;0.05000000819563866;0.31929269433021545;0.13171620666980743;96;4
C10;C10;Critico progressivo: Grooming em rodovia com fadiga;Critico;Critico;0.4009091019630432;0.4009091019630432;R1_NORMAL;40;81;42;1;63;23;0;0.05000000819563866;0.20056699216365814;0.1300421804189682;96;4
C10;C10;Critico progressivo: Grooming em rodovia com fadiga;Critico;Critico;0.4242446780204773;0.4242446780204773;R1_NORMAL;40;81;42;1;63;23;0;0.05000000819563866;0.19827373325824738;0.1349886953830719;96;4
N01;N01;Normal: Viagem tranquila em rodovia;Normal;Normal;0.050000007078051564;0.050000007078051564;R2_STABLE_RISK;-1;-1;0;0;-1;-1;0;0.05000000819563866;0.0364375002682209;0.10118509083986282;96;4
C09;C09;Critico progressivo: Bebida ao volante;Critico;Critico;0.4144992843270302;0.4144992843270302;R1_NORMAL;38;73;36;1;60;22;0;0.05000000819563866;0.24679569900035858;0.1434241682291031;96;4
C03;C03;Critico: Celular sem cinto sob chuva;Critico;Critico;0.3752959698438644;0.3752959698438644;R2_STABLE_RISK;26;41;16;0;28;2;0;0.05000000819563866;0.18358826637268066;0.12368772178888321;96;4
C07;C07;Critico progressivo: Sem cinto sob chuva;Critico;Critico;0.38930727839469903;0.38930727839469903;R1_NORMAL;37;75;39;1;61;24;0;0.05000000819563866;0.37126556038856506;0.16371165215969086;96;4
C03;C03;Critico: Celular sem cinto sob chuva;Critico;Critico;0.3752959698438644;0.3752959698438644;R1_NORMAL;26;41;16;0;28;2;0;0.05000000819563866;0.18385811150074005;0.09972555190324783;96;4
C04;C04;Critico: Multiplas distracoes urbanas;Critico;Critico;0.5793643027544022;0.5793643027544022;R2_STABLE_RISK;22;45;24;0;24;2;1;0.27157267928123474;0.20114703476428986;0.2022804468870163;96;4
C01;C01;Critico: Celular em alta velocidade;Critico;Critico;0.29102678298950196;0.29102678298950196;R3_FALSE_KIN;32;44;13;0;34;2;0;0.05000000819563866;0.15365418791770935;0.12922325730323792;96;4
C04;C04;Critico: Multiplas distracoes urbanas;Critico;Critico;0.3713889718055725;0.3713889718055725;R1_NORMAL;22;45;24;0;24;2;0;0.05000000819563866;0.20517604053020477;0.1207902804017067;96;4
C04;C04;Critico: Multiplas distracoes urbanas;Critico;Critico;0.3713889718055725;0.3713889718055725;R3_FALSE_KIN;22;45;24;0;24;2;0;0.05000000819563866;0.19204270839691162;0.11886056512594223;96;4
N02;N02;Normal: Urbano moderado;Normal;Normal;0.050000007078051564;0.050000007078051564;R3_FALSE_KIN;-1;-1;0;0;-1;-1;0;0.05000000819563866;0.037640467286109924;0.1081002876162529;96;4
N03;N03;Normal: Noite estável;Normal;Normal;0.050000007078051564;0.050000007078051564;R2_STABLE_RISK;-1;-1;0;0;-1;-1;0;0.05000000819563866;0.03353187069296837;0.1174464002251625;96;4
C09;C09;Critico progressivo: Bebida ao volante;Critico;Critico;0.39636574983596795;0.39636574983596795;R1_NORMAL;38;73;36;1;60;22;0;0.05000000819563866;0.24686866998672485;0.12388386577367783;96;4
N02;N02;Normal: Urbano moderado;Normal;Normal;0.050000007078051564;0.050000007078051564;R2_STABLE_RISK;-1;-1;0;0;-1;-1;0;0.05000000819563866;0.03269842639565468;0.11394818872213364;96;4
N02;N02;Normal: Urbano moderado;Normal;Normal;0.050000007078051564;0.050000007078051564;R2_STABLE_RISK;-1;-1;0;0;-1;-1;0;0.05000000819563866;0.0293081346899271;0.12103873491287231;96;4
N01;N01;Normal: Viagem tranquila em rodovia;Normal;Normal;0.050000007078051564;0.050000007078051564;R1_NORMAL;-1;-1;0;0;-1;-1;0;0.05000000819563866;0.03247912600636482;0.07674447447061539;96;4
C09;C09;Critico progressivo: Bebida ao volante;Critico;Critico;0.3888599216938019;0.3888599216938019;R1_NORMAL;38;73;36;1;53;15;0;0.05000000819563866;0.25242874026298523;0.14772260189056396;96;4
N01;N01;Normal: Viagem tranquila em rodovia;Normal;Normal;0.050000007078051564;0.050000007078051564;R1_NORMAL;-1;-1;0;0;-1;-1;0;0.05000000819563866;0.023603221401572227;0.08851150423288345;96;4
C06;C06;Critico progressivo: Fadiga noturna;Critico;Critico;0.39743667393922805;0.39743667393922805;R1_NORMAL;36;81;46;1;61;25;0;0.05000000819563866;0.14694581925868988;0.11414146423339844;96;4
C04;C04;Critico: Multiplas distracoes urbanas;Critico;Critico;0.567915603518486;0.567915603518486;R2_STABLE_RISK;22;45;24;0;24;2;1;0.2446170449256897;0.2039451152086258;0.22437314689159393;96;4
C04;C04;Critico: Multiplas distracoes urbanas;Critico;Critico;0.3713889718055725;0.3713889718055725;R1_NORMAL;22;45;24;0;24;2;0;0.05000000819563866;0.20624969899654388;0.19119195640087128;96;4
N01;N01;Normal: Viagem tranquila em rodovia;Normal;Normal;0.050000007078051564;0.050000007078051564;R2_STABLE_RISK;-1;-1;0;0;-1;-1;0;0.05000000819563866;0.030687568709254265;0.08218899369239807;96;4
C01;C01;Critico: Celular em alta velocidade;Critico;Critico;0.534859350323677;0.534859350323677;R3_FALSE_KIN;32;44;13;0;34;2;1;0.25936567783355713;0.158131405711174;0.1837783306837082;96;4
N01;N01;Normal: Viagem tranquila em rodovia;Normal;Normal;0.050000007078051564;0.050000007078051564;R1_NORMAL;-1;-1;0;0;-1;-1;0;0.05000000819563866;0.03341442719101906;0.11520860344171524;96;4
C10;C10;Critico progressivo: Grooming em rodovia com fadiga;Critico;Critico;0.417354892194271;0.417354892194271;R1_NORMAL;40;81;42;1;66;26;0;0.05000000819563866;0.19669122993946075;0.12204566597938538;96;4
C02;C02;Critico: Fadiga com desvio cinematico;Critico;Critico;0.5887016087770462;0.5887016087770462;R1_NORMAL;29;50;22;0;32;3;1;0.21064935624599457;0.09962069988250732;0.22104406356811523;96;4
C01;C01;Critico: Celular em alta velocidade;Critico;Critico;0.5277093678712845;0.5277093678712845;R1_NORMAL;32;44;13;0;34;2;1;0.2293509840965271;0.14996252954006195;0.18969954550266266;96;4
N03;N03;Normal: Noite estável;Normal;Normal;0.050000007078051564;0.050000007078051564;R2_STABLE_RISK;-1;-1;0;0;-1;-1;0;0.05000000819563866;0.030696632340550423;0.09400051087141037;96;4
N03;N03;Normal: Noite estável;Normal;Normal;0.050000007078051564;0.050000007078051564;R3_FALSE_KIN;-1;-1;0;0;-1;-1;0;0.05000000819563866;0.0275136586278677;0.0933416411280632;96;4
C02;C02;Critico: Fadiga com desvio cinematico;Critico;Critico;0.39378328174352645;0.39378328174352645;R1_NORMAL;29;50;22;0;32;3;0;0.05000000819563866;0.1022658422589302;0.10838723182678223;96;4
C08;C08;Critico progressivo: Distracao urbana multietapas;Critico;Critico;0.4582884907722473;0.4582884907722473;R3_FALSE_KIN;28;77;50;1;47;19;0;0.05000000819563866;0.3186458647251129;0.1474427580833435;96;4
N03;N03;Normal: Noite estável;Normal;Normal;0.050000007078051564;0.050000007078051564;R1_NORMAL;-1;-1;0;0;-1;-1;0;0.05000000819563866;0.03275054320693016;0.10371360927820206;96;4
N01;N01;Normal: Viagem tranquila em rodovia;Normal;Normal;0.050000007078051564;0.050000007078051564;R2_STABLE_RISK;-1;-1;0;0;-1;-1;0;0.05000000819563866;0.028147144243121147;0.08931689709424973;96;4
C05;C05;Critico progressivo: Celular em rodovia;Critico;Critico;0.3954332545399666;0.3954332545399666;R1_NORMAL;42;73;32;1;58;16;0;0.05000000819563866;0.3162960112094879;0.1268303394317627;96;4
C08;C08;Critico progressivo: Distracao urbana multietapas;Critico;Critico;0.42998848110437393;0.42998848110437393;R3_FALSE_KIN;28;77;50;1;56;28;0;0.05000000819563866;0.3112395107746124;0.15515653789043427;96;4
C05;C05;Critico progressivo: Celular em rodovia;Critico;Critico;0.389737968146801;0.389737968146801;R1_NORMAL;42;73;32;1;56;14;0;0.05000000819563866;0.3227214515209198;0.19259054958820343;96;4
C01;C01;Critico: Celular em alta velocidade;Critico;Critico;0.29102678298950196;0.29102678298950196;R1_NORMAL;32;44;13;0;34;2;0;0.05000000819563866;0.15800172090530396;0.13494470715522766;96;4
C03;C03;Critico: Celular sem cinto sob chuva;Critico;Critico;0.3752959698438644;0.3752959698438644;R3_FALSE_KIN;26;41;16;0;28;2;0;0.05000000819563866;0.18880192935466766;0.1480650156736374;96;4
C04;C04;Critico: Multiplas distracoes urbanas;Critico;Critico;0.3713889718055725;0.3713889718055725;R2_STABLE_RISK;22;45;24;0;24;2;0;0.05000000819563866;0.20224981009960175;0.12682761251926422;96;4
C07;C07;Critico progressivo: Sem cinto sob chuva;Critico;Critico;0.4133191749453544;0.4133191749453544;R1_NORMAL;37;75;39;1;55;18;0;0.05000000819563866;0.3797420561313629;0.1314900666475296;96;4
C04;C04;Critico: Multiplas distracoes urbanas;Critico;Critico;0.3713889718055725;0.3713889718055725;R3_FALSE_KIN;22;45;24;0;24;2;0;0.05000000819563866;0.21113578975200653;0.18332381546497345;96;4
C03;C03;Critico: Celular sem cinto sob chuva;Critico;Critico;0.3752959698438644;0.3752959698438644;R2_STABLE_RISK;26;41;16;0;28;2;0;0.05000000819563866;0.18775512278079987;0.11151587218046188;96;4
N01;N01;Normal: Viagem tranquila em rodovia;Normal;Normal;0.050000007078051564;0.050000007078051564;R2_STABLE_RISK;-1;-1;0;0;-1;-1;0;0.05000000819563866;0.032505959272384644;0.0939599797129631;96;4
C04;C04;Critico: Multiplas distracoes urbanas;Critico;Critico;0.3713889718055725;0.3713889718055725;R1_NORMAL;22;45;24;0;24;2;0;0.05000000819563866;0.1966218799352646;0.14010150730609894;96;4
C05;C05;Critico progressivo: Celular em rodovia;Critico;Critico;0.39731724262237544;0.39731724262237544;R2_STABLE_RISK;42;73;32;1;59;17;0;0.05000000819563866;0.31786978244781494;0.14190831780433655;96;4
C01;C01;Critico: Celular em alta velocidade;Critico;Critico;0.29102678298950196;0.29102678298950196;R1_NORMAL;32;44;13;0;34;2;0;0.05000000819563866;0.15590693056583405;0.11874324828386307;96;4
N03;N03;Normal: Noite estável;Normal;Normal;0.050000007078051564;0.050000007078051564;R1_NORMAL;-1;-1;0;0;-1;-1;0;0.05000000819563866;0.03415382280945778;0.08844568580389023;96;4
C10;C10;Critico progressivo: Grooming em rodovia com fadiga;Critico;Critico;0.4081605195999145;0.4081605195999145;R2_STABLE_RISK;40;81;42;1;60;20;0;0.05000000819563866;0.19880841672420502;0.14697964489459991;96;4
C04;C04;Critico: Multiplas distracoes urbanas;Critico;Critico;0.3713889718055725;0.3713889718055725;R3_FALSE_KIN;22;45;24;0;24;2;0;0.05000000819563866;0.207727313041687;0.12837085127830505;96;4
N03;N03;Normal: Noite estável;Normal;Normal;0.050000007078051564;0.050000007078051564;R1_NORMAL;-1;-1;0;0;-1;-1;0;0.05000000819563866;0.031134098768234253;0.07811325788497925;96;4
C06;C06;Critico progressivo: Fadiga noturna;Critico;Critico;0.436559633910656;0.436559633910656;R3_FALSE_KIN;36;81;46;1;61;25;0;0.05000000819563866;0.15294389426708221;0.16440360248088837;96;4
C02;C02;Critico: Fadiga com desvio cinematico;Critico;Critico;0.39378328174352645;0.39378328174352645;R3_FALSE_KIN;29;50;22;0;32;3;0;0.05000000819563866;0.10327800363302231;0.11448365449905396;96;4
C02;C02;Critico: Fadiga com desvio cinematico;Critico;Critico;0.5997562289237977;0.5997562289237977;R2_STABLE_RISK;29;50;22;0;32;3;1;0.26134568452835083;0.09400852769613266;0.1721382886171341;96;4
C04;C04;Critico: Multiplas distracoes urbanas;Critico;Critico;0.5660220712423325;0.5660220712423325;R1_NORMAL;22;45;24;0;24;2;1;0.21135948598384857;0.20265577733516693;0.17308954894542694;96;4
C09;C09;Critico progressivo: Bebida ao volante;Critico;Critico;0.49915488064289093;0.49915488064289093;R2_STABLE_RISK;38;73;36;1;58;20;1;0.27572253346443176;0.25544026494026184;0.15982003509998322;96;4
C07;C07;Critico progressivo: Sem cinto sob chuva;Critico;Critico;0.3943932011723518;0.3943932011723518;R2_STABLE_RISK;37;75;39;1;59;22;0;0.05000000819563866;0.3803223669528961;0.11254050582647324;96;4
C06;C06;Critico progressivo: Fadiga noturna;Critico;Critico;0.3974342480301857;0.3974342480301857;R3_FALSE_KIN;36;81;46;1;59;23;0;0.05000000819563866;0.16569606959819794;0.11011946201324463;96;4
C05;C05;Critico progressivo: Celular em rodovia;Critico;Critico;0.48707690536975856;0.48707690536975856;R1_NORMAL;42;73;32;1;60;18;1;0.320008784532547;0.32193073630332947;0.14867104589939117;96;4
C06;C06;Critico progressivo: Fadiga noturna;Critico;Critico;0.4832879841327667;0.4832879841327667;R3_FALSE_KIN;36;81;46;1;61;25;1;0.3249826729297638;0.15370887517929077;0.08063144981861115;96;4
N02;N02;Normal: Urbano moderado;Normal;Normal;0.050000007078051564;0.050000007078051564;R1_NORMAL;-1;-1;0;0;-1;-1;0;0.05000000819563866;0.027924897149205208;0.10865333676338196;96;4
C07;C07;Critico progressivo: Sem cinto sob chuva;Critico;Critico;0.3947385177016258;0.3947385177016258;R1_NORMAL;37;75;39;1;59;22;0;0.05000000819563866;0.3806009590625763;0.16322748363018036;96;4
C06;C06;Critico progressivo: Fadiga noturna;Critico;Critico;0.4925474375486374;0.4925474375486374;R3_FALSE_KIN;36;81;46;1;58;22;1;0.3271263837814331;0.16090267896652222;0.09529713541269302;96;4
C09;C09;Critico progressivo: Bebida ao volante;Critico;Critico;0.4634541630744934;0.4634541630744934;R2_STABLE_RISK;38;73;36;1;57;19;1;0.28347426652908325;0.25030216574668884;0.16858352720737457;96;4
C03;C03;Critico: Celular sem cinto sob chuva;Critico;Critico;0.3752959698438644;0.3752959698438644;R2_STABLE_RISK;26;41;16;0;28;2;0;0.05000000819563866;0.18804432451725006;0.12803354859352112;96;4
N01;N01;Normal: Viagem tranquila em rodovia;Normal;Normal;0.050000007078051564;0.050000007078051564;R2_STABLE_RISK;-1;-1;0;0;-1;-1;0;0.05000000819563866;0.03298132121562958;0.11630884557962418;96;4
N03;N03;Normal: Noite estável;Normal;Normal;0.050000007078051564;0.050000007078051564;R1_NORMAL;-1;-1;0;0;-1;-1;0;0.05000000819563866;0.022535210475325584;0.09128276258707047;96;4
C02;C02;Critico: Fadiga com desvio cinematico;Critico;Critico;0.5951328366994857;0.5951328366994857;R1_NORMAL;29;50;22;0;32;3;1;0.22416818141937256;0.09498076885938644;0.13999567925930023;96;4
C10;C10;Critico progressivo: Grooming em rodovia com fadiga;Critico;Critico;0.4098290398716926;0.4098290398716926;R1_NORMAL;40;81;42;1;66;26;0;0.05000000819563866;0.19789598882198334;0.11859679967164993;96;4
C08;C08;Critico progressivo: Distracao urbana multietapas;Critico;Critico;0.5084493428468704;0.5084493428468704;R3_FALSE_KIN;28;77;50;1;54;26;1;0.3444127142429352;0.32262662053108215;0.14452041685581207;96;4
N01;N01;Normal: Viagem tranquila em rodovia;Normal;Normal;0.050000007078051564;0.050000007078051564;R1_NORMAL;-1;-1;0;0;-1;-1;0;0.05000000819563866;0.0280399601906538;0.12204962968826294;96;4
C06;C06;Critico progressivo: Fadiga noturna;Critico;Critico;0.514429959654808;0.514429959654808;R1_NORMAL;36;81;46;1;57;21;1;0.323745459318161;0.1570177525281906;0.12899579107761383;96;4
C03;C03;Critico: Celular sem cinto sob chuva;Critico;Critico;0.6076963186264037;0.6076963186264037;R1_NORMAL;26;41;16;0;28;2;1;0.20349450409412384;0.18901903927326202;0.1691480129957199;96;4
C05;C05;Critico progressivo: Celular em rodovia;Critico;Critico;0.37362100630998607;0.37362100630998607;R1_NORMAL;42;73;32;1;60;18;0;0.05000000819563866;0.316826194524765;0.12348628044128418;96;4
C05;C05;Critico progressivo: Celular em rodovia;Critico;Critico;0.3872162953019142;0.3872162953019142;R1_NORMAL;42;73;32;1;60;18;0;0.05000000819563866;0.318737655878067;0.1900915652513504;96;4
N03;N03;Normal: Noite estável;Normal;Normal;0.050000007078051564;0.050000007078051564;R1_NORMAL;-1;-1;0;0;-1;-1;0;0.05000000819563866;0.031213650479912758;0.08219125121831894;96;4
N03;N03;Normal: Noite estável;Normal;Normal;0.050000007078051564;0.050000007078051564;R3_FALSE_KIN;-1;-1;0;0;-1;-1;0;0.05000000819563866;0.026330186054110527;0.10577702522277832;96;4
C07;C07;Critico progressivo: Sem cinto sob chuva;Critico;Critico;0.42944601178169245;0.42944601178169245;R2_STABLE_RISK;37;75;39;1;54;17;0;0.05000000819563866;0.38348114490509033;0.14390413463115692;96;4
C09;C09;Critico progressivo: Bebida ao volante;Critico;Critico;0.49544073045253756;0.49544073045253756;R2_STABLE_RISK;38;73;36;1;59;21;1;0.33293840289115906;0.2560449242591858;0.14691531658172607;96;4
C01;C01;Critico: Celular em alta velocidade;Critico;Critico;0.29102678298950196;0.29102678298950196;R1_NORMAL;32;44;13;0;34;2;0;0.05000000819563866;0.1486072540283203;0.13555799424648285;96;4
C02;C02;Critico: Fadiga com desvio cinematico;Critico;Critico;0.5958633035421371;0.5958633035421371;R1_NORMAL;29;50;22;0;32;3;1;0.24939455091953278;0.10261064767837524;0.16412383317947388;96;4
C07;C07;Critico progressivo: Sem cinto sob chuva;Critico;Critico;0.4230707705020904;0.4230707705020904;R1_NORMAL;37;75;39;1;58;21;0;0.05000000819563866;0.36876118183135986;0.12997150421142578;96;4
C02;C02;Critico: Fadiga com desvio cinematico;Critico;Critico;0.60835902094841;0.60835902094841;R3_FALSE_KIN;29;50;22;0;32;3;1;0.2824682891368866;0.09846967458724976;0.17189645767211914;96;4
C06;C06;Critico progressivo: Fadiga noturna;Critico;Critico;0.4378538504242897;0.4378538504242897;R3_FALSE_KIN;36;81;46;1;57;21;0;0.05000000819563866;0.15690352022647858;0.14141203463077545;96;4
C10;C10;Critico progressivo: Grooming em rodovia com fadiga;Critico;Critico;0.4350105285644531;0.4350105285644531;R1_NORMAL;40;81;42;1;60;20;0;0.05000000819563866;0.21179711818695068;0.10220208019018173;96;4
C06;C06;Critico progressivo: Fadiga noturna;Critico;Critico;0.47483832240104673;0.47483832240104673;R1_NORMAL;36;81;46;1;59;23;1;0.3004772365093231;0.15401041507720947;0.12020435184240341;96;4
N02;N02;Normal: Urbano moderado;Normal;Normal;0.050000007078051564;0.050000007078051564;R2_STABLE_RISK;-1;-1;0;0;-1;-1;0;0.05000000819563866;0.03059174120426178;0.09330091625452042;96;4
C02;C02;Critico: Fadiga com desvio cinematico;Critico;Critico;0.39378328174352645;0.39378328174352645;R3_FALSE_KIN;29;50;22;0;32;3;0;0.05000000819563866;0.09725413471460342;0.0902913436293602;96;4
C02;C02;Critico: Fadiga com desvio cinematico;Critico;Critico;0.39378328174352645;0.39378328174352645;R3_FALSE_KIN;29;50;22;0;32;3;0;0.05000000819563866;0.09358539432287216;0.09644109010696411;96;4
N01;N01;Normal: Viagem tranquila em rodovia;Normal;Normal;0.050000007078051564;0.050000007078051564;R1_NORMAL;-1;-1;0;0;-1;-1;0;0.05000000819563866;0.02631426602602005;0.09022190421819687;96;4
C10;C10;Critico progressivo: Grooming em rodovia com fadiga;Critico;Critico;0.40520778149366377;0.40520778149366377;R2_STABLE_RISK;40;81;42;1;63;23;0;0.05000000819563866;0.20507948100566864;0.12628166377544403;96;4
C03;C03;Critico: Celular sem cinto sob chuva;Critico;Critico;0.3752959698438644;0.3752959698438644;R2_STABLE_RISK;26;41;16;0;28;2;0;0.05000000819563866;0.1865026354789734;0.1520409882068634;96;4
N01;N01;Normal: Viagem tranquila em rodovia;Normal;Normal;0.050000007078051564;0.050000007078051564;R1_NORMAL;-1;-1;0;0;-1;-1;0;0.05000000819563866;0.03500472381711006;0.08403092622756958;96;4
C07;C07;Critico progressivo: Sem cinto sob chuva;Critico;Critico;0.4763571709394455;0.4763571709394455;R2_STABLE_RISK;37;75;39;1;59;22;1;0.31304430961608887;0.377575546503067;0.1644798219203949;96;4
C03;C03;Critico: Celular sem cinto sob chuva;Critico;Critico;0.3752959698438644;0.3752959698438644;R2_STABLE_RISK;26;41;16;0;28;2;0;0.05000000819563866;0.18504293262958527;0.10896126180887222;96;4
C09;C09;Critico progressivo: Bebida ao volante;Critico;Critico;0.3839504137635231;0.3839504137635231;R2_STABLE_RISK;38;73;36;1;58;20;0;0.05000000819563866;0.2504720091819763;0.1483408808708191;96;4
N03;N03;Normal: Noite estável;Normal;Normal;0.050000007078051564;0.050000007078051564;R3_FALSE_KIN;-1;-1;0;0;-1;-1;0;0.05000000819563866;0.04193257912993431;0.10054296255111694;96;4
C10;C10;Critico progressivo: Grooming em rodovia com fadiga;Critico;Critico;0.37576987296342845;0.37576987296342845;R2_STABLE_RISK;40;81;42;1;65;25;0;0.05000000819563866;0.2001277655363083;0.08915256708860397;96;4
C07;C07;Critico progressivo: Sem cinto sob chuva;Critico;Critico;0.4863935261964798;0.4863935261964798;R3_FALSE_KIN;37;75;39;1;59;22;1;0.30138036608695984;0.3774402141571045;0.1294366866350174;96;4
C07;C07;Critico progressivo: Sem cinto sob chuva;Critico;Critico;0.39322043806314466;0.39322043806314466;R2_STABLE_RISK;37;75;39;1;56;19;0;0.05000000819563866;0.37874850630760193;0.15729393064975739;96;4
N01;N01;Normal: Viagem tranquila em rodovia;Normal;Normal;0.050000007078051564;0.050000007078051564;R1_NORMAL;-1;-1;0;0;-1;-1;0;0.05000000819563866;0.033202555030584335;0.08718160539865494;96;4
C06;C06;Critico progressivo: Fadiga noturna;Critico;Critico;0.4073750987648964;0.4073750987648964;R1_NORMAL;36;81;46;1;59;23;0;0.05000000819563866;0.1534673571586609;0.13832193613052368;96;4
C08;C08;Critico progressivo: Distracao urbana multietapas;Critico;Critico;0.44901893138885496;0.44901893138885496;R1_NORMAL;28;77;50;1;54;26;0;0.05000000819563866;0.32994499802589417;0.1728549599647522;96;4
N02;N02;Normal: Urbano moderado;Normal;Normal;0.050000007078051564;0.050000007078051564;R1_NORMAL;-1;-1;0;0;-1;-1;0;0.05000000819563866;0.030049020424485207;0.101315438747406;96;4
C03;C03;Critico: Celular sem cinto sob chuva;Critico;Critico;0.3752959698438644;0.3752959698438644;R3_FALSE_KIN;26;41;16;0;28;2;0;0.05000000819563866;0.18342678248882294;0.13576579093933105;96;4
N03;N03;Normal: Noite estável;Normal;Normal;0.050000007078051564;0.050000007078051564;R3_FALSE_KIN;-1;-1;0;0;-1;-1;0;0.05000000819563866;0.03433683142066002;0.11519139260053635;96;4
C02;C02;Critico: Fadiga com desvio cinematico;Critico;Critico;0.39378328174352645;0.39378328174352645;R3_FALSE_KIN;29;50;22;0;32;3;0;0.05000000819563866;0.09361600875854492;0.12325474619865417;96;4
N03;N03;Normal: Noite estável;Normal;Normal;0.050000007078051564;0.050000007078051564;R2_STABLE_RISK;-1;-1;0;0;-1;-1;0;0.05000000819563866;0.03598024323582649;0.10926870256662369;96;4
N02;N02;Normal: Urbano moderado;Normal;Normal;0.050000007078051564;0.050000007078051564;R2_STABLE_RISK;-1;-1;0;0;-1;-1;0;0.05000000819563866;0.03063436783850193;0.10027078539133072;96;4
N01;N01;Normal: Viagem tranquila em rodovia;Normal;Normal;0.050000007078051564;0.050000007078051564;R2_STABLE_RISK;-1;-1;0;0;-1;-1;0;0.05000000819563866;0.03648456558585167;0.0926574245095253;96;4
C08;C08;Critico progressivo: Distracao urbana multietapas;Critico;Critico;0.4436831548810005;0.4436831548810005;R1_NORMAL;28;77;50;1;54;26;0;0.05000000819563866;0.31921911239624023;0.16583727300167084;96;4
C08;C08;Critico progressivo: Distracao urbana multietapas;Critico;Critico;0.46015745699405664;0.46015745699405664;R1_NORMAL;28;77;50;1;51;23;0;0.05000000819563866;0.3215818703174591;0.14817753434181213;96;4
C04;C04;Critico: Multiplas distracoes urbanas;Critico;Critico;0.3713889718055725;0.3713889718055725;R2_STABLE_RISK;22;45;24;0;24;2;0;0.05000000819563866;0.20234675705432892;0.10938308387994766;96;4
C07;C07;Critico progressivo: Sem cinto sob chuva;Critico;Critico;0.4847117096185684;0.4847117096185684;R1_NORMAL;37;75;39;1;58;21;1;0.28519582748413086;0.37248504161834717;0.13334643840789795;96;4
C07;C07;Critico progressivo: Sem cinto sob chuva;Critico;Critico;0.47635652124881744;0.47635652124881744;R2_STABLE_RISK;37;75;39;1;58;21;1;0.32484304904937744;0.3683379590511322;0.15748313069343567;96;4
C02;C02;Critico: Fadiga com desvio cinematico;Critico;Critico;0.6036563396453857;0.6036563396453857;R1_NORMAL;29;50;22;0;32;3;1;0.2731277346611023;0.10001488775014877;0.13271291553974152;96;4
N03;N03;Normal: Noite estável;Normal;Normal;0.050000007078051564;0.050000007078051564;R2_STABLE_RISK;-1;-1;0;0;-1;-1;0;0.05000000819563866;0.035749442875385284;0.09818366914987564;96;4
C08;C08;Critico progressivo: Distracao urbana multietapas;Critico;Critico;0.43360767215490337;0.43360767215490337;R1_NORMAL;28;77;50;1;55;27;0;0.05000000819563866;0.3146700859069824;0.12661892175674438;96;4
C02;C02;Critico: Fadiga com desvio cinematico;Critico;Critico;0.5995130062103271;0.5995130062103271;R1_NORMAL;29;50;22;0;32;3;1;0.2368428260087967;0.1026856005191803;0.13392017781734467;96;4
N02;N02;Normal: Urbano moderado;Normal;Normal;0.050000007078051564;0.050000007078051564;R1_NORMAL;-1;-1;0;0;-1;-1;0;0.05000000819563866;0.03665662556886673;0.10111574083566666;96;4
C10;C10;Critico progressivo: Grooming em rodovia com fadiga;Critico;Critico;0.40463976263999935;0.40463976263999935;R2_STABLE_RISK;40;81;42;1;61;21;0;0.05000000819563866;0.20587153732776642;0.07152089476585388;96;4
N01;N01;Normal: Viagem tranquila em rodovia;Normal;Normal;0.050000007078051564;0.050000007078051564;R1_NORMAL;-1;-1;0;0;-1;-1;0;0.05000000819563866;0.028531253337860107;0.10963054746389389;96;4
N01;N01;Normal: Viagem tranquila em rodovia;Normal;Normal;0.050000007078051564;0.050000007078051564;R2_STABLE_RISK;-1;-1;0;0;-1;-1;0;0.05000000819563866;0.03393851965665817;0.08629011362791061;96;4
C03;C03;Critico: Celular sem cinto sob chuva;Critico;Critico;0.3752959698438644;0.3752959698438644;R3_FALSE_KIN;26;41;16;0;28;2;0;0.05000000819563866;0.18217939138412476;0.11241686344146729;96;4
N02;N02;Normal: Urbano moderado;Normal;Normal;0.050000007078051564;0.050000007078051564;R3_FALSE_KIN;-1;-1;0;0;-1;-1;0;0.05000000819563866;0.02957879938185215;0.1185653805732727;96;4
C07;C07;Critico progressivo: Sem cinto sob chuva;Critico;Critico;0.41965092867612835;0.41965092867612835;R2_STABLE_RISK;37;75;39;1;58;21;0;0.05000000819563866;0.3850516378879547;0.20580756664276123;96;4
C09;C09;Critico progressivo: Bebida ao volante;Critico;Critico;0.500174382328987;0.500174382328987;R3_FALSE_KIN;38;73;36;1;56;18;1;0.308377742767334;0.25707051157951355;0.15513968467712402;96;4
C06;C06;Critico progressivo: Fadiga noturna;Critico;Critico;0.5042398154735565;0.5042398154735565;R2_STABLE_RISK;36;81;46;1;57;21;1;0.31687068939208984;0.16441938281059265;0.13292987644672394;96;4
N01;N01;Normal: Viagem tranquila em rodovia;Normal;Normal;0.050000007078051564;0.050000007078051564;R1_NORMAL;-1;-1;0;0;-1;-1;0;0.05000000819563866;0.03183755651116371;0.09934616088867188;96;4
C01;C01;Critico: Celular em alta velocidade;Critico;Critico;0.29102678298950196;0.29102678298950196;R2_STABLE_RISK;32;44;13;0;34;2;0;0.05000000819563866;0.15429501235485077;0.14955256879329681;96;4
C09;C09;Critico progressivo: Bebida ao volante;Critico;Critico;0.40269585102796557;0.40269585102796557;R3_FALSE_KIN;38;73;36;1;55;17;0;0.05000000819563866;0.25861668586730957;0.12258553504943848;96;4
C08;C08;Critico progressivo: Distracao urbana multietapas;Critico;Critico;0.42215836644172666;0.42215836644172666;R2_STABLE_RISK;28;77;50;1;54;26;0;0.05000000819563866;0.3153049051761627;0.14473921060562134;96;4
C07;C07;Critico progressivo: Sem cinto sob chuva;Critico;Critico;0.41367187649011605;0.41367187649011605;R2_STABLE_RISK;37;75;39;1;58;21;0;0.05000000819563866;0.38129177689552307;0.10455832630395889;96;4
C08;C08;Critico progressivo: Distracao urbana multietapas;Critico;Critico;0.422304593026638;0.422304593026638;R1_NORMAL;28;77;50;1;57;29;0;0.05000000819563866;0.3099364936351776;0.15853457152843475;96;4
C09;C09;Critico progressivo: Bebida ao volante;Critico;Critico;0.37989537715911864;0.37989537715911864;R1_NORMAL;38;73;36;1;57;19;0;0.05000000819563866;0.2549093961715698;0.13253866136074066;96;4
C07;C07;Critico progressivo: Sem cinto sob chuva;Critico;Critico;0.4259744524955749;0.4259744524955749;R1_NORMAL;37;75;39;1;57;20;0;0.05000000819563866;0.37831130623817444;0.12787573039531708;96;4
C06;C06;Critico progressivo: Fadiga noturna;Critico;Critico;0.5009862571954726;0.5009862571954726;R1_NORMAL;36;81;46;1;57;21;1;0.29847756028175354;0.1571854203939438;0.13555286824703217;96;4
N01;N01;Normal: Viagem tranquila em rodovia;Normal;Normal;0.050000007078051564;0.050000007078051564;R3_FALSE_KIN;-1;-1;0;0;-1;-1;0;0.05000000819563866;0.029402440413832664;0.08172617107629776;96;4
C04;C04;Critico: Multiplas distracoes urbanas;Critico;Critico;0.5788628578186035;0.5788628578186035;R1_NORMAL;22;45;24;0;24;2;1;0.27433228492736816;0.2077028751373291;0.2524399757385254;96;4
C05;C05;Critico progressivo: Celular em rodovia;Critico;Critico;0.3832142040133476;0.3832142040133476;R2_STABLE_RISK;42;73;32;1;62;20;0;0.05000000819563866;0.3132368326187134;0.0942244753241539;96;4
C03;C03;Critico: Celular sem cinto sob chuva;Critico;Critico;0.60281922519207;0.60281922519207;R2_STABLE_RISK;26;41;16;0;28;2;1;0.18234725296497345;0.19681291282176971;0.15285517275333405;96;4
C06;C06;Critico progressivo: Fadiga noturna;Critico;Critico;0.41952178627252573;0.41952178627252573;R1_NORMAL;36;81;46;1;57;21;0;0.05000000819563866;0.15390029549598694;0.16277815401554108;96;4
C02;C02;Critico: Fadiga com desvio cinematico;Critico;Critico;0.5989642351865768;0.5989642351865768;R2_STABLE_RISK;29;50;22;0;32;3;1;0.23401254415512085;0.09800592064857483;0.15191103518009186;96;4
C04;C04;Critico: Multiplas distracoes urbanas;Critico;Critico;0.3713889718055725;0.3713889718055725;R1_NORMAL;22;45;24;0;24;2;0;0.05000000819563866;0.20107905566692352;0.15174858272075653;96;4
C10;C10;Critico progressivo: Grooming em rodovia com fadiga;Critico;Critico;0.42330917716026306;0.42330917716026306;R3_FALSE_KIN;40;81;42;1;66;26;0;0.05000000819563866;0.2066916823387146;0.09775978326797485;96;4
C07;C07;Critico progressivo: Sem cinto sob chuva;Critico;Critico;0.497040918469429;0.497040918469429;R1_NORMAL;37;75;39;1;56;19;1;0.2756260931491852;0.3847813308238983;0.13162016868591309;96;4
C10;C10;Critico progressivo: Grooming em rodovia com fadiga;Critico;Critico;0.42973929643630976;0.42973929643630976;R1_NORMAL;40;81;42;1;64;24;0;0.05000000819563866;0.20399391651153564;0.10312909632921219;96;4
C03;C03;Critico: Celular sem cinto sob chuva;Critico;Critico;0.6037399798631667;0.6037399798631667;R2_STABLE_RISK;26;41;16;0;28;2;1;0.20040255784988403;0.18867731094360352;0.19020812213420868;96;4
C04;C04;Critico: Multiplas distracoes urbanas;Critico;Critico;0.5631995320320129;0.5631995320320129;R1_NORMAL;22;45;24;0;24;2;1;0.19868028163909912;0.20677714049816132;0.1765800267457962;96;4
C06;C06;Critico progressivo: Fadiga noturna;Critico;Critico;0.4879525363445282;0.4879525363445282;R3_FALSE_KIN;36;81;46;1;64;28;1;0.3213483393192291;0.15976496040821075;0.08768322318792343;96;4
C06;C06;Critico progressivo: Fadiga noturna;Critico;Critico;0.42683785408735275;0.42683785408735275;R2_STABLE_RISK;36;81;46;1;60;24;0;0.05000000819563866;0.1583259403705597;0.1015157699584961;96;4
C09;C09;Critico progressivo: Bebida ao volante;Critico;Critico;0.3799954876303673;0.3799954876303673;R1_NORMAL;38;73;36;1;57;19;0;0.05000000819563866;0.2458484172821045;0.12831901013851166;96;4
C05;C05;Critico progressivo: Celular em rodovia;Critico;Critico;0.40393110066652294;0.40393110066652294;R2_STABLE_RISK;42;73;32;1;58;16;0;0.05000000819563866;0.3200737237930298;0.1367056965827942;96;4
N03;N03;Normal: Noite estável;Normal;Normal;0.050000007078051564;0.050000007078051564;R2_STABLE_RISK;-1;-1;0;0;-1;-1;0;0.05000000819563866;0.02414846420288086;0.07688232511281967;96;4
C08;C08;Critico progressivo: Distracao urbana multietapas;Critico;Critico;0.4476314112544059;0.4476314112544059;R1_NORMAL;28;77;50;1;56;28;0;0.05000000819563866;0.3149048089981079;0.17860038578510284;96;4
C10;C10;Critico progressivo: Grooming em rodovia com fadiga;Critico;Critico;0.43090712279081345;0.43090712279081345;R2_STABLE_RISK;40;81;42;1;64;24;0;0.05000000819563866;0.19119322299957275;0.12415391206741333;96;4
C05;C05;Critico progressivo: Celular em rodovia;Critico;Critico;0.39466648697853085;0.39466648697853085;R1_NORMAL;42;73;32;1;62;20;0;0.05000000819563866;0.31290847063064575;0.1577054262161255;96;4
N02;N02;Normal: Urbano moderado;Normal;Normal;0.050000007078051564;0.050000007078051564;R2_STABLE_RISK;-1;-1;0;0;-1;-1;0;0.05000000819563866;0.03840916231274605;0.08409903198480606;96;4
N03;N03;Normal: Noite estável;Normal;Normal;0.050000007078051564;0.050000007078051564;R1_NORMAL;-1;-1;0;0;-1;-1;0;0.05000000819563866;0.02837223745882511;0.0810263454914093;96;4
C02;C02;Critico: Fadiga com desvio cinematico;Critico;Critico;0.39378328174352645;0.39378328174352645;R1_NORMAL;29;50;22;0;32;3;0;0.05000000819563866;0.09841146320104599;0.13581697642803192;96;4
C07;C07;Critico progressivo: Sem cinto sob chuva;Critico;Critico;0.49353551566600795;0.49353551566600795;R3_FALSE_KIN;37;75;39;1;61;24;1;0.25336357951164246;0.38000497221946716;0.1907840222120285;96;4
C06;C06;Critico progressivo: Fadiga noturna;Critico;Critico;0.43239593654870984;0.43239593654870984;R1_NORMAL;36;81;46;1;58;22;0;0.05000000819563866;0.1655324250459671;0.15472285449504852;96;4
C07;C07;Critico progressivo: Sem cinto sob chuva;Critico;Critico;0.40410036295652385;0.40410036295652385;R3_FALSE_KIN;37;75;39;1;56;19;0;0.05000000819563866;0.3715147078037262;0.11129342764616013;96;4
C05;C05;Critico progressivo: Celular em rodovia;Critico;Critico;0.4734254568815231;0.4734254568815231;R1_NORMAL;42;73;32;1;60;18;1;0.29389688372612;0.3158160448074341;0.1751750260591507;96;4
C09;C09;Critico progressivo: Bebida ao volante;Critico;Critico;0.4880755007266998;0.4880755007266998;R1_NORMAL;38;73;36;1;58;20;1;0.24977929890155792;0.2519894242286682;0.19066064059734344;96;4
C07;C07;Critico progressivo: Sem cinto sob chuva;Critico;Critico;0.5140671521425247;0.5140671521425247;R1_NORMAL;37;75;39;1;54;17;1;0.28645554184913635;0.38753318786621094;0.17407727241516113;96;4
C05;C05;Critico progressivo: Celular em rodovia;Critico;Critico;0.36927189230918883;0.36927189230918883;R1_NORMAL;42;73;32;1;58;16;0;0.05000000819563866;0.3169933557510376;0.1424315720796585;96;4
C05;C05;Critico progressivo: Celular em rodovia;Critico;Critico;0.3567440092563629;0.3567440092563629;R1_NORMAL;42;73;32;1;59;17;0;0.05000000819563866;0.3122161626815796;0.15889720618724823;96;4
C05;C05;Critico progressivo: Celular em rodovia;Critico;Critico;0.3747936859726906;0.3747936859726906;R2_STABLE_RISK;42;73;32;1;59;17;0;0.05000000819563866;0.31228137016296387;0.1683529168367386;96;4
C03;C03;Critico: Celular sem cinto sob chuva;Critico;Critico;0.6233792454004288;0.6233792454004288;R1_NORMAL;26;41;16;0;28;2;1;0.25994619727134705;0.1861986666917801;0.1694924682378769;96;4
C02;C02;Critico: Fadiga com desvio cinematico;Critico;Critico;0.39378328174352645;0.39378328174352645;R1_NORMAL;29;50;22;0;32;3;0;0.05000000819563866;0.09338568896055222;0.14235122501850128;96;4
N02;N02;Normal: Urbano moderado;Normal;Normal;0.050000007078051564;0.050000007078051564;R3_FALSE_KIN;-1;-1;0;0;-1;-1;0;0.05000000819563866;0.03658192977309227;0.1066911444067955;96;4
C04;C04;Critico: Multiplas distracoes urbanas;Critico;Critico;0.5601186662912369;0.5601186662912369;R1_NORMAL;22;45;24;0;24;2;1;0.22871290147304535;0.20897811651229858;0.16397637128829956;96;4
C03;C03;Critico: Celular sem cinto sob chuva;Critico;Critico;0.6207828015089034;0.6207828015089034;R1_NORMAL;26;41;16;0;28;2;1;0.2593260705471039;0.19392310082912445;0.22171632945537567;96;4
C04;C04;Critico: Multiplas distracoes urbanas;Critico;Critico;0.5618262976408004;0.5618262976408004;R2_STABLE_RISK;22;45;24;0;24;2;1;0.21394993364810944;0.20768815279006958;0.1968417912721634;96;4
C03;C03;Critico: Celular sem cinto sob chuva;Critico;Critico;0.615063628554344;0.615063628554344;R1_NORMAL;26;41;16;0;28;2;1;0.22265754640102386;0.18381814658641815;0.15242315828800201;96;4
C01;C01;Critico: Celular em alta velocidade;Critico;Critico;0.5255195945501328;0.5255195945501328;R2_STABLE_RISK;32;44;13;0;34;2;1;0.23469626903533936;0.15959732234477997;0.1932958960533142;96;4
N01;N01;Normal: Viagem tranquila em rodovia;Normal;Normal;0.050000007078051564;0.050000007078051564;R2_STABLE_RISK;-1;-1;0;0;-1;-1;0;0.05000000819563866;0.03247575834393501;0.11635086685419083;96;4
C01;C01;Critico: Celular em alta velocidade;Critico;Critico;0.29102678298950196;0.29102678298950196;R2_STABLE_RISK;32;44;13;0;34;2;0;0.05000000819563866;0.15315358340740204;0.14370907843112946;96;4
N01;N01;Normal: Viagem tranquila em rodovia;Normal;Normal;0.050000007078051564;0.050000007078051564;R1_NORMAL;-1;-1;0;0;-1;-1;0;0.05000000819563866;0.02809450775384903;0.09698319435119629;96;4
N03;N03;Normal: Noite estável;Normal;Normal;0.050000007078051564;0.050000007078051564;R2_STABLE_RISK;-1;-1;0;0;-1;-1;0;0.05000000819563866;0.03679663687944412;0.08583226799964905;96;4
N03;N03;Normal: Noite estável;Normal;Normal;0.050000007078051564;0.050000007078051564;R1_NORMAL;-1;-1;0;0;-1;-1;0;0.05000000819563866;0.032817255705595016;0.10000912100076675;96;4
C02;C02;Critico: Fadiga com desvio cinematico;Critico;Critico;0.6059984356164931;0.6059984356164931;R2_STABLE_RISK;29;50;22;0;32;3;1;0.27029284834861755;0.0989999994635582;0.19074022769927979;96;4
C10;C10;Critico progressivo: Grooming em rodovia com fadiga;Critico;Critico;0.4214166283607483;0.4214166283607483;R1_NORMAL;40;81;42;1;62;22;0;0.05000000819563866;0.195350781083107;0.16386748850345612;96;4
N03;N03;Normal: Noite estável;Normal;Normal;0.050000007078051564;0.050000007078051564;R3_FALSE_KIN;-1;-1;0;0;-1;-1;0;0.05000000819563866;0.036876704543828964;0.1051568016409874;96;4
C08;C08;Critico progressivo: Distracao urbana multietapas;Critico;Critico;0.42910025417804715;0.42910025417804715;R1_NORMAL;28;77;50;1;53;25;0;0.05000000819563866;0.312903493642807;0.18559801578521729;96;4
C02;C02;Critico: Fadiga com desvio cinematico;Critico;Critico;0.39378328174352645;0.39378328174352645;R2_STABLE_RISK;29;50;22;0;32;3;0;0.05000000819563866;0.0946747362613678;0.17176584899425507;96;4
C02;C02;Critico: Fadiga com desvio cinematico;Critico;Critico;0.5943239480257034;0.5943239480257034;R3_FALSE_KIN;29;50;22;0;32;3;1;0.2759346663951874;0.10005393624305725;0.1500304937362671;96;4
N03;N03;Normal: Noite estável;Normal;Normal;0.050000007078051564;0.050000007078051564;R2_STABLE_RISK;-1;-1;0;0;-1;-1;0;0.05000000819563866;0.030942589044570923;0.12875540554523468;96;4
C05;C05;Critico progressivo: Celular em rodovia;Critico;Critico;0.38431171923875806;0.38431171923875806;R3_FALSE_KIN;42;73;32;1;59;17;0;0.05000000819563866;0.31657519936561584;0.14509792625904083;96;4
C01;C01;Critico: Celular em alta velocidade;Critico;Critico;0.5167183905839919;0.5167183905839919;R3_FALSE_KIN;32;44;13;0;34;2;1;0.20826248824596405;0.15693429112434387;0.15081560611724854;96;4
N02;N02;Normal: Urbano moderado;Normal;Normal;0.050000007078051564;0.050000007078051564;R1_NORMAL;-1;-1;0;0;-1;-1;0;0.05000000819563866;0.032586026936769485;0.11360546201467514;96;4
C04;C04;Critico: Multiplas distracoes urbanas;Critico;Critico;0.3713889718055725;0.3713889718055725;R1_NORMAL;22;45;24;0;24;2;0;0.05000000819563866;0.19714884459972382;0.1964217573404312;96;4
N01;N01;Normal: Viagem tranquila em rodovia;Normal;Normal;0.050000007078051564;0.050000007078051564;R1_NORMAL;-1;-1;0;0;-1;-1;0;0.05000000819563866;0.023960886523127556;0.10853505879640579;96;4
C02;C02;Critico: Fadiga com desvio cinematico;Critico;Critico;0.39378328174352645;0.39378328174352645;R2_STABLE_RISK;29;50;22;0;32;3;0;0.05000000819563866;0.09115288406610489;0.10248476266860962;96;4
N03;N03;Normal: Noite estável;Normal;Normal;0.050000007078051564;0.050000007078051564;R2_STABLE_RISK;-1;-1;0;0;-1;-1;0;0.05000000819563866;0.03740115836262703;0.11961323022842407;96;4
N02;N02;Normal: Urbano moderado;Normal;Normal;0.050000007078051564;0.050000007078051564;R2_STABLE_RISK;-1;-1;0;0;-1;-1;0;0.05000000819563866;0.03209991380572319;0.10977357625961304;96;4
C02;C02;Critico: Fadiga com desvio cinematico;Critico;Critico;0.39378328174352645;0.39378328174352645;R3_FALSE_KIN;29;50;22;0;32;3;0;0.05000000819563866;0.09708287566900253;0.13654354214668274;96;4
C03;C03;Critico: Celular sem cinto sob chuva;Critico;Critico;0.3752959698438644;0.3752959698438644;R1_NORMAL;26;41;16;0;28;2;0;0.05000000819563866;0.18270021677017212;0.11758706718683243;96;4
N02;N02;Normal: Urbano moderado;Normal;Normal;0.050000007078051564;0.050000007078051564;R2_STABLE_RISK;-1;-1;0;0;-1;-1;0;0.05000000819563866;0.03216653689742088;0.08856607228517532;96;4
C08;C08;Critico progressivo: Distracao urbana multietapas;Critico;Critico;0.4471478179097175;0.4471478179097175;R2_STABLE_RISK;28;77;50;1;55;27;0;0.05000000819563866;0.3160839080810547;0.11795824766159058;96;4
C07;C07;Critico progressivo: Sem cinto sob chuva;Critico;Critico;0.42493557184934616;0.42493557184934616;R1_NORMAL;37;75;39;1;54;17;0;0.05000000819563866;0.38405442237854004;0.12294187396764755;96;4
C01;C01;Critico: Celular em alta velocidade;Critico;Critico;0.29102678298950196;0.29102678298950196;R1_NORMAL;32;44;13;0;34;2;0;0.05000000819563866;0.15168708562850952;0.10298346728086472;96;4
N03;N03;Normal: Noite estável;Normal;Normal;0.050000007078051564;0.050000007078051564;R1_NORMAL;-1;-1;0;0;-1;-1;0;0.05000000819563866;0.03571797534823418;0.08455375581979752;96;4
C08;C08;Critico progressivo: Distracao urbana multietapas;Critico;Critico;0.46053761839866636;0.46053761839866636;R2_STABLE_RISK;28;77;50;1;45;17;0;0.05000000819563866;0.31624284386634827;0.1142285093665123;96;4
C10;C10;Critico progressivo: Grooming em rodovia com fadiga;Critico;Critico;0.39516021758317943;0.39516021758317943;R2_STABLE_RISK;40;81;42;1;59;19;0;0.05000000819563866;0.19995446503162384;0.129283145070076;96;4
C07;C07;Critico progressivo: Sem cinto sob chuva;Critico;Critico;0.423332168161869;0.423332168161869;R1_NORMAL;37;75;39;1;56;19;0;0.05000000819563866;0.383673757314682;0.09059511870145798;96;4
N02;N02;Normal: Urbano moderado;Normal;Normal;0.050000007078051564;0.050000007078051564;R1_NORMAL;-1;-1;0;0;-1;-1;0;0.05000000819563866;0.025994786992669106;0.08094494789838791;96;4
C03;C03;Critico: Celular sem cinto sob chuva;Critico;Critico;0.3752959698438644;0.3752959698438644;R2_STABLE_RISK;26;41;16;0;28;2;0;0.05000000819563866;0.18231375515460968;0.12573301792144775;96;4
C01;C01;Critico: Celular em alta velocidade;Critico;Critico;0.516330423951149;0.516330423951149;R1_NORMAL;32;44;13;0;34;2;1;0.18694834411144257;0.1580074578523636;0.1847926825284958;96;4
C03;C03;Critico: Celular sem cinto sob chuva;Critico;Critico;0.3752959698438644;0.3752959698438644;R1_NORMAL;26;41;16;0;28;2;0;0.05000000819563866;0.19023020565509796;0.09475630521774292;96;4
C08;C08;Critico progressivo: Distracao urbana multietapas;Critico;Critico;0.4648952007293701;0.4648952007293701;R1_NORMAL;28;77;50;1;52;24;0;0.05000000819563866;0.31869760155677795;0.12481582909822464;96;4
N02;N02;Normal: Urbano moderado;Normal;Normal;0.050000007078051564;0.050000007078051564;R1_NORMAL;-1;-1;0;0;-1;-1;0;0.05000000819563866;0.03701595589518547;0.09207091480493546;96;4
C08;C08;Critico progressivo: Distracao urbana multietapas;Critico;Critico;0.43009890317916866;0.43009890317916866;R1_NORMAL;28;77;50;1;51;23;0;0.05000000819563866;0.3073461651802063;0.14412321150302887;96;4
C09;C09;Critico progressivo: Bebida ao volante;Critico;Critico;0.39664522409439085;0.39664522409439085;R1_NORMAL;38;73;36;1;57;19;0;0.05000000819563866;0.25152602791786194;0.13133251667022705;96;4
C04;C04;Critico: Multiplas distracoes urbanas;Critico;Critico;0.5688431411981583;0.5688431411981583;R3_FALSE_KIN;22;45;24;0;24;2;1;0.23083169758319855;0.20378310978412628;0.1778726577758789;96;4
C10;C10;Critico progressivo: Grooming em rodovia com fadiga;Critico;Critico;0.3888279989361763;0.3888279989361763;R1_NORMAL;40;81;42;1;64;24;0;0.05000000819563866;0.20247264206409454;0.12761183083057404;96;4
C01;C01;Critico: Celular em alta velocidade;Critico;Critico;0.5363230526447296;0.5363230526447296;R1_NORMAL;32;44;13;0;34;2;1;0.2667442858219147;0.15378564596176147;0.17092382907867432;96;4
N02;N02;Normal: Urbano moderado;Normal;Normal;0.050000007078051564;0.050000007078051564;R3_FALSE_KIN;-1;-1;0;0;-1;-1;0;0.05000000819563866;0.03523234277963638;0.11699416488409042;96;4
C08;C08;Critico progressivo: Distracao urbana multietapas;Critico;Critico;0.430581259727478;0.430581259727478;R1_NORMAL;28;77;50;1;56;28;0;0.05000000819563866;0.3177005350589752;0.18404459953308105;96;4
C06;C06;Critico progressivo: Fadiga noturna;Critico;Critico;0.41070655584335325;0.41070655584335325;R1_NORMAL;36;81;46;1;57;21;0;0.05000000819563866;0.16312813758850098;0.08016810566186905;96;4
C05;C05;Critico progressivo: Celular em rodovia;Critico;Critico;0.44593341350555415;0.44593341350555415;R2_STABLE_RISK;42;73;32;1;61;19;1;0.24927884340286255;0.313300222158432;0.11987754702568054;96;4
C07;C07;Critico progressivo: Sem cinto sob chuva;Critico;Critico;0.398626483976841;0.398626483976841;R1_NORMAL;37;75;39;1;58;21;0;0.05000000819563866;0.3737483322620392;0.13079170882701874;96;4
N02;N02;Normal: Urbano moderado;Normal;Normal;0.050000007078051564;0.050000007078051564;R3_FALSE_KIN;-1;-1;0;0;-1;-1;0;0.05000000819563866;0.0379495769739151;0.1535448431968689;96;4
C05;C05;Critico progressivo: Celular em rodovia;Critico;Critico;0.3789460256695747;0.3789460256695747;R1_NORMAL;42;73;32;1;58;16;0;0.05000000819563866;0.31829169392585754;0.13240522146224976;96;4
C02;C02;Critico: Fadiga com desvio cinematico;Critico;Critico;0.5914147585630416;0.5914147585630416;R2_STABLE_RISK;29;50;22;0;32;3;1;0.26267170906066895;0.09825786203145981;0.14031259715557098;96;4
C02;C02;Critico: Fadiga com desvio cinematico;Critico;Critico;0.5990303605794907;0.5990303605794907;R1_NORMAL;29;50;22;0;32;3;1;0.23435354232788086;0.09720822423696518;0.12126722186803818;96;4
C07;C07;Critico progressivo: Sem cinto sob chuva;Critico;Critico;0.42406175285577774;0.42406175285577774;R2_STABLE_RISK;37;75;39;1;56;19;0;0.05000000819563866;0.36799201369285583;0.1248556599020958;96;4
C03;C03;Critico: Celular sem cinto sob chuva;Critico;Critico;0.6255866408348083;0.6255866408348083;R2_STABLE_RISK;26;41;16;0;28;2;1;0.2706385552883148;0.19150936603546143;0.19373925030231476;96;4
N02;N02;Normal: Urbano moderado;Normal;Normal;0.050000007078051564;0.050000007078051564;R2_STABLE_RISK;-1;-1;0;0;-1;-1;0;0.05000000819563866;0.035004597157239914;0.0922711193561554;96;4
C02;C02;Critico: Fadiga com desvio cinematico;Critico;Critico;0.39378328174352645;0.39378328174352645;R2_STABLE_RISK;29;50;22;0;32;3;0;0.05000000819563866;0.10432958602905273;0.09805357456207275;96;4
N03;N03;Normal: Noite estável;Normal;Normal;0.050000007078051564;0.050000007078051564;R1_NORMAL;-1;-1;0;0;-1;-1;0;0.05000000819563866;0.033895280212163925;0.08224112540483475;96;4
C09;C09;Critico progressivo: Bebida ao volante;Critico;Critico;0.3840381935238838;0.3840381935238838;R1_NORMAL;38;73;36;1;55;17;0;0.05000000819563866;0.25114548206329346;0.12021497637033463;96;4
C01;C01;Critico: Celular em alta velocidade;Critico;Critico;0.29102678298950196;0.29102678298950196;R1_NORMAL;32;44;13;0;34;2;0;0.05000000819563866;0.15326224267482758;0.09736942499876022;96;4
C10;C10;Critico progressivo: Grooming em rodovia com fadiga;Critico;Critico;0.4762041002511978;0.4762041002511978;R1_NORMAL;40;81;42;1;64;24;1;0.32386448979377747;0.19937022030353546;0.1192159578204155;96;4
C08;C08;Critico progressivo: Distracao urbana multietapas;Critico;Critico;0.5079648703336715;0.5079648703336715;R2_STABLE_RISK;28;77;50;1;54;26;1;0.29666033387184143;0.3231959044933319;0.15240482985973358;96;4
N01;N01;Normal: Viagem tranquila em rodovia;Normal;Normal;0.050000007078051564;0.050000007078051564;R3_FALSE_KIN;-1;-1;0;0;-1;-1;0;0.05000000819563866;0.037870511412620544;0.08496379852294922;96;4
C02;C02;Critico: Fadiga com desvio cinematico;Critico;Critico;0.39378328174352645;0.39378328174352645;R1_NORMAL;29;50;22;0;32;3;0;0.05000000819563866;0.09673591703176498;0.11701927334070206;96;4
C06;C06;Critico progressivo: Fadiga noturna;Critico;Critico;0.407387201488018;0.407387201488018;R1_NORMAL;36;81;46;1;59;23;0;0.05000000819563866;0.15957164764404297;0.09059923887252808;96;4
C08;C08;Critico progressivo: Distracao urbana multietapas;Critico;Critico;0.410100930929184;0.410100930929184;R1_NORMAL;28;77;50;1;54;26;0;0.05000000819563866;0.3162558376789093;0.17484354972839355;96;4
C02;C02;Critico: Fadiga com desvio cinematico;Critico;Critico;0.39378328174352645;0.39378328174352645;R3_FALSE_KIN;29;50;22;0;32;3;0;0.05000000819563866;0.10054892301559448;0.13213850557804108;96;4
C03;C03;Critico: Celular sem cinto sob chuva;Critico;Critico;0.6031821489334106;0.6031821489334106;R1_NORMAL;26;41;16;0;28;2;1;0.1945822387933731;0.18561744689941406;0.17488794028759003;96;4
C02;C02;Critico: Fadiga com desvio cinematico;Critico;Critico;0.39378328174352645;0.39378328174352645;R1_NORMAL;29;50;22;0;32;3;0;0.05000000819563866;0.1008961871266365;0.08054742962121964;96;4
C08;C08;Critico progressivo: Distracao urbana multietapas;Critico;Critico;0.4261754587292671;0.4261754587292671;R1_NORMAL;28;77;50;1;58;30;0;0.05000000819563866;0.309538334608078;0.12431363016366959;96;4
C01;C01;Critico: Celular em alta velocidade;Critico;Critico;0.5224101454019545;0.5224101454019545;R1_NORMAL;32;44;13;0;34;2;1;0.20924492180347443;0.1586134135723114;0.14671288430690765;96;4
C01;C01;Critico: Celular em alta velocidade;Critico;Critico;0.29102678298950196;0.29102678298950196;R3_FALSE_KIN;32;44;13;0;34;2;0;0.05000000819563866;0.1586630940437317;0.10983153432607651;96;4
C07;C07;Critico progressivo: Sem cinto sob chuva;Critico;Critico;0.41003768295049664;0.41003768295049664;R1_NORMAL;37;75;39;1;61;24;0;0.05000000819563866;0.3713268041610718;0.16817016899585724;96;4
N03;N03;Normal: Noite estável;Normal;Normal;0.050000007078051564;0.050000007078051564;R1_NORMAL;-1;-1;0;0;-1;-1;0;0.05000000819563866;0.02675546146929264;0.14920203387737274;96;4
C05;C05;Critico progressivo: Celular em rodovia;Critico;Critico;0.40033915638923645;0.40033915638923645;R2_STABLE_RISK;42;73;32;1;58;16;0;0.05000000819563866;0.3184473216533661;0.1232781633734703;96;4
C09;C09;Critico progressivo: Bebida ao volante;Critico;Critico;0.4077775776386261;0.4077775776386261;R1_NORMAL;38;73;36;1;55;17;0;0.05000000819563866;0.25634920597076416;0.12141682952642441;96;4
C05;C05;Critico progressivo: Celular em rodovia;Critico;Critico;0.37906259745359416;0.37906259745359416;R1_NORMAL;42;73;32;1;60;18;0;0.05000000819563866;0.31192663311958313;0.14312927424907684;96;4
N03;N03;Normal: Noite estável;Normal;Normal;0.050000007078051564;0.050000007078051564;R2_STABLE_RISK;-1;-1;0;0;-1;-1;0;0.05000000819563866;0.03335033729672432;0.10976307839155197;96;4
C04;C04;Critico: Multiplas distracoes urbanas;Critico;Critico;0.3713889718055725;0.3713889718055725;R1_NORMAL;22;45;24;0;24;2;0;0.05000000819563866;0.20373205840587616;0.14699329435825348;96;4
C01;C01;Critico: Celular em alta velocidade;Critico;Critico;0.29102678298950196;0.29102678298950196;R1_NORMAL;32;44;13;0;34;2;0;0.05000000819563866;0.15223467350006104;0.1272178441286087;96;4
C05;C05;Critico progressivo: Celular em rodovia;Critico;Critico;0.3911694705486297;0.3911694705486297;R1_NORMAL;42;73;32;1;58;16;0;0.05000000819563866;0.31963902711868286;0.15018980205059052;96;4
C05;C05;Critico progressivo: Celular em rodovia;Critico;Critico;0.36846604347229006;0.36846604347229006;R1_NORMAL;42;73;32;1;58;16;0;0.05000000819563866;0.32478585839271545;0.12026939541101456;96;4
C06;C06;Critico progressivo: Fadiga noturna;Critico;Critico;0.4667090445756912;0.4667090445756912;R1_NORMAL;36;81;46;1;60;24;1;0.34993764758110046;0.16032050549983978;0.1023150309920311;96;4
C06;C06;Critico progressivo: Fadiga noturna;Critico;Critico;0.3987692520022392;0.3987692520022392;R1_NORMAL;36;81;46;1;62;26;0;0.05000000819563866;0.15815864503383636;0.1621236503124237;96;4
N02;N02;Normal: Urbano moderado;Normal;Normal;0.050000007078051564;0.050000007078051564;R3_FALSE_KIN;-1;-1;0;0;-1;-1;0;0.05000000819563866;0.035066355019807816;0.10480041056871414;96;4
C06;C06;Critico progressivo: Fadiga noturna;Critico;Critico;0.40072257965803143;0.40072257965803143;R1_NORMAL;36;81;46;1;59;23;0;0.05000000819563866;0.16422946751117706;0.09405165910720825;96;4
C08;C08;Critico progressivo: Distracao urbana multietapas;Critico;Critico;0.5189075201749801;0.5189075201749801;R1_NORMAL;28;77;50;1;53;25;1;0.33397015929222107;0.32215312123298645;0.16953085362911224;96;4
C02;C02;Critico: Fadiga com desvio cinematico;Critico;Critico;0.5900256484746933;0.5900256484746933;R3_FALSE_KIN;29;50;22;0;32;3;1;0.21785187721252441;0.09909524768590927;0.23065058887004852;96;4
C06;C06;Critico progressivo: Fadiga noturna;Critico;Critico;0.46405029892921446;0.46405029892921446;R3_FALSE_KIN;36;81;46;1;59;23;0;0.05000000819563866;0.1608225554227829;0.10722744464874268;96;4
N02;N02;Normal: Urbano moderado;Normal;Normal;0.050000007078051564;0.050000007078051564;R3_FALSE_KIN;-1;-1;0;0;-1;-1;0;0.05000000819563866;0.03204656019806862;0.09131038933992386;96;4
C03;C03;Critico: Celular sem cinto sob chuva;Critico;Critico;0.3752959698438644;0.3752959698438644;R2_STABLE_RISK;26;41;16;0;28;2;0;0.05000000819563866;0.18493349850177765;0.11889094114303589;96;4
C09;C09;Critico progressivo: Bebida ao volante;Critico;Critico;0.38258739858865737;0.38258739858865737;R3_FALSE_KIN;38;73;36;1;55;17;0;0.05000000819563866;0.25261443853378296;0.11904958635568619;96;4
C07;C07;Critico progressivo: Sem cinto sob chuva;Critico;Critico;0.5007958531379699;0.5007958531379699;R1_NORMAL;37;75;39;1;58;21;1;0.33072924613952637;0.37200960516929626;0.1992335319519043;96;4
C07;C07;Critico progressivo: Sem cinto sob chuva;Critico;Critico;0.40471103638410566;0.40471103638410566;R1_NORMAL;37;75;39;1;61;24;0;0.05000000819563866;0.3773821294307709;0.1305413693189621;96;4
N01;N01;Normal: Viagem tranquila em rodovia;Normal;Normal;0.050000007078051564;0.050000007078051564;R2_STABLE_RISK;-1;-1;0;0;-1;-1;0;0.05000000819563866;0.031803715974092484;0.0650542601943016;96;4
C06;C06;Critico progressivo: Fadiga noturna;Critico;Critico;0.43114271610975263;0.43114271610975263;R1_NORMAL;36;81;46;1;60;24;0;0.05000000819563866;0.1559879332780838;0.11103907227516174;96;4
C01;C01;Critico: Celular em alta velocidade;Critico;Critico;0.29102678298950196;0.29102678298950196;R3_FALSE_KIN;32;44;13;0;34;2;0;0.05000000819563866;0.15256261825561523;0.14297492802143097;96;4
N03;N03;Normal: Noite estável;Normal;Normal;0.050000007078051564;0.050000007078051564;R2_STABLE_RISK;-1;-1;0;0;-1;-1;0;0.05000000819563866;0.03168303519487381;0.13708741962909698;96;4
C08;C08;Critico progressivo: Distracao urbana multietapas;Critico;Critico;0.43398416340351104;0.43398416340351104;R2_STABLE_RISK;28;77;50;1;49;21;0;0.05000000819563866;0.3209497630596161;0.15748204290866852;96;4
N02;N02;Normal: Urbano moderado;Normal;Normal;0.050000007078051564;0.050000007078051564;R2_STABLE_RISK;-1;-1;0;0;-1;-1;0;0.05000000819563866;0.02973577380180359;0.0691586434841156;96;4
C05;C05;Critico progressivo: Celular em rodovia;Critico;Critico;0.3830997824668884;0.3830997824668884;R1_NORMAL;42;73;32;1;61;19;0;0.05000000819563866;0.30918893218040466;0.1416488140821457;96;4
C04;C04;Critico: Multiplas distracoes urbanas;Critico;Critico;0.5752028852701188;0.5752028852701188;R2_STABLE_RISK;22;45;24;0;24;2;1;0.25940850377082825;0.20642130076885223;0.20741844177246094;96;4
N02;N02;Normal: Urbano moderado;Normal;Normal;0.050000007078051564;0.050000007078051564;R1_NORMAL;-1;-1;0;0;-1;-1;0;0.05000000819563866;0.03055463545024395;0.09449056535959244;96;4
C08;C08;Critico progressivo: Distracao urbana multietapas;Critico;Critico;0.4355243489146232;0.4355243489146232;R2_STABLE_RISK;28;77;50;1;56;28;0;0.05000000819563866;0.304772287607193;0.17337487637996674;96;4
C09;C09;Critico progressivo: Bebida ao volante;Critico;Critico;0.4049073114991188;0.4049073114991188;R2_STABLE_RISK;38;73;36;1;58;20;0;0.05000000819563866;0.24229377508163452;0.15556927025318146;96;4
C01;C01;Critico: Celular em alta velocidade;Critico;Critico;0.29102678298950196;0.29102678298950196;R1_NORMAL;32;44;13;0;34;2;0;0.05000000819563866;0.14850273728370667;0.17573535442352295;96;4
N03;N03;Normal: Noite estável;Normal;Normal;0.050000007078051564;0.050000007078051564;R2_STABLE_RISK;-1;-1;0;0;-1;-1;0;0.05000000819563866;0.0319054089486599;0.08404090255498886;96;4
C05;C05;Critico progressivo: Celular em rodovia;Critico;Critico;0.45690872669219973;0.45690872669219973;R1_NORMAL;42;73;32;1;58;16;1;0.22889898717403412;0.3157118558883667;0.12595178186893463;96;4
C06;C06;Critico progressivo: Fadiga noturna;Critico;Critico;0.40702525228261943;0.40702525228261943;R3_FALSE_KIN;36;81;46;1;59;23;0;0.05000000819563866;0.15704970061779022;0.13633586466312408;96;4
N02;N02;Normal: Urbano moderado;Normal;Normal;0.050000007078051564;0.050000007078051564;R2_STABLE_RISK;-1;-1;0;0;-1;-1;0;0.05000000819563866;0.0336637906730175;0.11350131779909134;96;4
C10;C10;Critico progressivo: Grooming em rodovia com fadiga;Critico;Critico;0.3704703569412231;0.3704703569412231;R2_STABLE_RISK;40;81;42;1;64;24;0;0.05000000819563866;0.1903446465730667;0.11627835035324097;96;4
C09;C09;Critico progressivo: Bebida ao volante;Critico;Critico;0.4880766779184341;0.4880766779184341;R1_NORMAL;38;73;36;1;57;19;1;0.30688202381134033;0.25590890645980835;0.18739676475524902;96;4
C06;C06;Critico progressivo: Fadiga noturna;Critico;Critico;0.40582312345504756;0.40582312345504756;R2_STABLE_RISK;36;81;46;1;59;23;0;0.05000000819563866;0.1521286964416504;0.10344481468200684;96;4
C10;C10;Critico progressivo: Grooming em rodovia com fadiga;Critico;Critico;0.4675498217344284;0.4675498217344284;R1_NORMAL;40;81;42;1;65;25;1;0.3507470190525055;0.19770264625549316;0.1158040389418602;96;4
C01;C01;Critico: Celular em alta velocidade;Critico;Critico;0.29102678298950196;0.29102678298950196;R1_NORMAL;32;44;13;0;34;2;0;0.05000000819563866;0.1598629206418991;0.15452903509140015;96;4
N01;N01;Normal: Viagem tranquila em rodovia;Normal;Normal;0.050000007078051564;0.050000007078051564;R1_NORMAL;-1;-1;0;0;-1;-1;0;0.05000000819563866;0.037568867206573486;0.11343439668416977;96;4
C02;C02;Critico: Fadiga com desvio cinematico;Critico;Critico;0.6000043898820877;0.6000043898820877;R1_NORMAL;29;50;22;0;32;3;1;0.2422490119934082;0.10455048829317093;0.17089132964611053;96;4
C01;C01;Critico: Celular em alta velocidade;Critico;Critico;0.29102678298950196;0.29102678298950196;R1_NORMAL;32;44;13;0;34;2;0;0.05000000819563866;0.14986802637577057;0.14714141190052032;96;4
C04;C04;Critico: Multiplas distracoes urbanas;Critico;Critico;0.5733165264129638;0.5733165264129638;R3_FALSE_KIN;22;45;24;0;24;2;1;0.26567691564559937;0.20162717998027802;0.212208554148674;96;4
C08;C08;Critico progressivo: Distracao urbana multietapas;Critico;Critico;0.5296259492635726;0.5296259492635726;R1_NORMAL;28;77;50;1;56;28;1;0.2865462899208069;0.3154204189777374;0.1350765824317932;96;4
C07;C07;Critico progressivo: Sem cinto sob chuva;Critico;Critico;0.3876406669616699;0.3876406669616699;R1_NORMAL;37;75;39;1;57;20;0;0.05000000819563866;0.3771754801273346;0.12139753252267838;96;4
C05;C05;Critico progressivo: Celular em rodovia;Critico;Critico;0.36987265348434445;0.36987265348434445;R1_NORMAL;42;73;32;1;57;15;0;0.05000000819563866;0.3196103274822235;0.14260292053222656;96;4
C04;C04;Critico: Multiplas distracoes urbanas;Critico;Critico;0.3713889718055725;0.3713889718055725;R2_STABLE_RISK;22;45;24;0;24;2;0;0.05000000819563866;0.20222826302051544;0.12119845300912857;96;4
C10;C10;Critico progressivo: Grooming em rodovia com fadiga;Critico;Critico;0.4431364223361015;0.4431364223361015;R3_FALSE_KIN;40;81;42;1;63;23;0;0.05000000819563866;0.2001124620437622;0.12343156337738037;96;4
C10;C10;Critico progressivo: Grooming em rodovia com fadiga;Critico;Critico;0.4377238154411316;0.4377238154411316;R1_NORMAL;40;81;42;1;60;20;0;0.05000000819563866;0.2081799954175949;0.13684046268463135;96;4
N02;N02;Normal: Urbano moderado;Normal;Normal;0.050000007078051564;0.050000007078051564;R3_FALSE_KIN;-1;-1;0;0;-1;-1;0;0.05000000819563866;0.03659861907362938;0.13084842264652252;96;4
C01;C01;Critico: Celular em alta velocidade;Critico;Critico;0.29102678298950196;0.29102678298950196;R3_FALSE_KIN;32;44;13;0;34;2;0;0.05000000819563866;0.15579485893249512;0.1202695369720459;96;4
C04;C04;Critico: Multiplas distracoes urbanas;Critico;Critico;0.3713889718055725;0.3713889718055725;R2_STABLE_RISK;22;45;24;0;24;2;0;0.05000000819563866;0.20083260536193848;0.12920711934566498;96;4
C05;C05;Critico progressivo: Celular em rodovia;Critico;Critico;0.37622309327125547;0.37622309327125547;R3_FALSE_KIN;42;73;32;1;60;18;0;0.05000000819563866;0.31903210282325745;0.13750411570072174;96;4
C07;C07;Critico progressivo: Sem cinto sob chuva;Critico;Critico;0.41221270710229874;0.41221270710229874;R3_FALSE_KIN;37;75;39;1;56;19;0;0.05000000819563866;0.3788057565689087;0.1278134435415268;96;4
C08;C08;Critico progressivo: Distracao urbana multietapas;Critico;Critico;0.4507264882326126;0.4507264882326126;R1_NORMAL;28;77;50;1;53;25;0;0.05000000819563866;0.31883490085601807;0.12114953249692917;96;4
C09;C09;Critico progressivo: Bebida ao volante;Critico;Critico;0.48543430864810944;0.48543430864810944;R2_STABLE_RISK;38;73;36;1;57;19;1;0.2685350477695465;0.25226864218711853;0.10969223827123642;96;4
C01;C01;Critico: Celular em alta velocidade;Critico;Critico;0.29102678298950196;0.29102678298950196;R1_NORMAL;32;44;13;0;34;2;0;0.05000000819563866;0.15218065679073334;0.10925200581550598;96;4
N01;N01;Normal: Viagem tranquila em rodovia;Normal;Normal;0.050000007078051564;0.050000007078051564;R1_NORMAL;-1;-1;0;0;-1;-1;0;0.05000000819563866;0.024593060836195946;0.09221118688583374;96;4
C08;C08;Critico progressivo: Distracao urbana multietapas;Critico;Critico;0.4240931138396263;0.4240931138396263;R3_FALSE_KIN;28;77;50;1;56;28;0;0.05000000819563866;0.31192219257354736;0.1500808149576187;96;4
C10;C10;Critico progressivo: Grooming em rodovia com fadiga;Critico;Critico;0.44290892183780667;0.44290892183780667;R2_STABLE_RISK;40;81;42;1;63;23;1;0.3184607923030853;0.1992228776216507;0.07687540352344513;96;4
C03;C03;Critico: Celular sem cinto sob chuva;Critico;Critico;0.6181745618581771;0.6181745618581771;R3_FALSE_KIN;26;41;16;0;28;2;1;0.2366073876619339;0.18847595155239105;0.19344937801361084;96;4
C10;C10;Critico progressivo: Grooming em rodovia com fadiga;Critico;Critico;0.42235233336687084;0.42235233336687084;R1_NORMAL;40;81;42;1;64;24;0;0.05000000819563866;0.19544284045696259;0.12686687707901;96;4
N02;N02;Normal: Urbano moderado;Normal;Normal;0.050000007078051564;0.050000007078051564;R1_NORMAL;-1;-1;0;0;-1;-1;0;0.05000000819563866;0.033142685890197754;0.07752126455307007;96;4
C10;C10;Critico progressivo: Grooming em rodovia com fadiga;Critico;Critico;0.3801907703280449;0.3801907703280449;R2_STABLE_RISK;40;81;42;1;63;23;0;0.05000000819563866;0.19206655025482178;0.13452130556106567;96;4
C03;C03;Critico: Celular sem cinto sob chuva;Critico;Critico;0.3752959698438644;0.3752959698438644;R1_NORMAL;26;41;16;0;28;2;0;0.05000000819563866;0.18654264509677887;0.13238893449306488;96;4
C03;C03;Critico: Celular sem cinto sob chuva;Critico;Critico;0.3752959698438644;0.3752959698438644;R1_NORMAL;26;41;16;0;28;2;0;0.05000000819563866;0.18588416278362274;0.10239783674478531;96;4
C05;C05;Critico progressivo: Celular em rodovia;Critico;Critico;0.40423466116189954;0.40423466116189954;R2_STABLE_RISK;42;73;32;1;56;14;0;0.05000000819563866;0.32526612281799316;0.19124555587768555;96;4
N02;N02;Normal: Urbano moderado;Normal;Normal;0.050000007078051564;0.050000007078051564;R2_STABLE_RISK;-1;-1;0;0;-1;-1;0;0.05000000819563866;0.03310645744204521;0.11236441880464554;96;4
C10;C10;Critico progressivo: Grooming em rodovia com fadiga;Critico;Critico;0.4401034861803055;0.4401034861803055;R2_STABLE_RISK;40;81;42;1;63;23;1;0.33514225482940674;0.19743163883686066;0.12208852916955948;96;4
C02;C02;Critico: Fadiga com desvio cinematico;Critico;Critico;0.39378328174352645;0.39378328174352645;R2_STABLE_RISK;29;50;22;0;32;3;0;0.05000000819563866;0.10195306688547134;0.10878044366836548;96;4
N01;N01;Normal: Viagem tranquila em rodovia;Normal;Normal;0.050000007078051564;0.050000007078051564;R1_NORMAL;-1;-1;0;0;-1;-1;0;0.05000000819563866;0.0275303665548563;0.0867120549082756;96;4
N01;N01;Normal: Viagem tranquila em rodovia;Normal;Normal;0.050000007078051564;0.050000007078051564;R3_FALSE_KIN;-1;-1;0;0;-1;-1;0;0.05000000819563866;0.0331026129424572;0.08006534725427628;96;4
C01;C01;Critico: Celular em alta velocidade;Critico;Critico;0.5186948627233505;0.5186948627233505;R3_FALSE_KIN;32;44;13;0;34;2;1;0.2658133804798126;0.14993159472942352;0.21855604648590088;96;4
C05;C05;Critico progressivo: Celular em rodovia;Critico;Critico;0.3819202482700348;0.3819202482700348;R1_NORMAL;42;73;32;1;57;15;0;0.05000000819563866;0.3156144320964813;0.11975135654211044;96;4
C10;C10;Critico progressivo: Grooming em rodovia com fadiga;Critico;Critico;0.4201277807354927;0.4201277807354927;R1_NORMAL;40;81;42;1;63;23;0;0.05000000819563866;0.2044537514448166;0.133967787027359;96;4
C08;C08;Critico progressivo: Distracao urbana multietapas;Critico;Critico;0.4463738203048706;0.4463738203048706;R1_NORMAL;28;77;50;1;54;26;0;0.05000000819563866;0.3199823796749115;0.11868829280138016;96;4
C09;C09;Critico progressivo: Bebida ao volante;Critico;Critico;0.38284505456686024;0.38284505456686024;R1_NORMAL;38;73;36;1;58;20;0;0.05000000819563866;0.2579968273639679;0.11676573753356934;96;4
C03;C03;Critico: Celular sem cinto sob chuva;Critico;Critico;0.3752959698438644;0.3752959698438644;R2_STABLE_RISK;26;41;16;0;28;2;0;0.05000000819563866;0.18948757648468018;0.14980944991111755;96;4
C02;C02;Critico: Fadiga com desvio cinematico;Critico;Critico;0.39378328174352645;0.39378328174352645;R2_STABLE_RISK;29;50;22;0;32;3;0;0.05000000819563866;0.09602493047714233;0.13030800223350525;96;4
N02;N02;Normal: Urbano moderado;Normal;Normal;0.050000007078051564;0.050000007078051564;R1_NORMAL;-1;-1;0;0;-1;-1;0;0.05000000819563866;0.03170163929462433;0.10505528002977371;96;4
C10;C10;Critico progressivo: Grooming em rodovia com fadiga;Critico;Critico;0.4281470537185669;0.4281470537185669;R1_NORMAL;40;81;42;1;58;18;0;0.05000000819563866;0.1995653659105301;0.09829018265008926;96;4
C03;C03;Critico: Celular sem cinto sob chuva;Critico;Critico;0.3752959698438644;0.3752959698438644;R3_FALSE_KIN;26;41;16;0;28;2;0;0.05000000819563866;0.18877172470092773;0.1357102245092392;96;4
C07;C07;Critico progressivo: Sem cinto sob chuva;Critico;Critico;0.3931387439370155;0.3931387439370155;R3_FALSE_KIN;37;75;39;1;59;22;0;0.05000000819563866;0.37213411927223206;0.14987438917160034;96;4
C09;C09;Critico progressivo: Bebida ao volante;Critico;Critico;0.39618381261825564;0.39618381261825564;R3_FALSE_KIN;38;73;36;1;56;18;0;0.05000000819563866;0.24619479477405548;0.14418929815292358;96;4
C08;C08;Critico progressivo: Distracao urbana multietapas;Critico;Critico;0.5257462799549103;0.5257462799549103;R2_STABLE_RISK;28;77;50;1;54;26;1;0.28880488872528076;0.32210996747016907;0.13861240446567535;96;4
C01;C01;Critico: Celular em alta velocidade;Critico;Critico;0.29102678298950196;0.29102678298950196;R2_STABLE_RISK;32;44;13;0;34;2;0;0.05000000819563866;0.151033416390419;0.1128205880522728;96;4
N01;N01;Normal: Viagem tranquila em rodovia;Normal;Normal;0.050000007078051564;0.050000007078051564;R1_NORMAL;-1;-1;0;0;-1;-1;0;0.05000000819563866;0.027888834476470947;0.09591072797775269;96;4
C01;C01;Critico: Celular em alta velocidade;Critico;Critico;0.29102678298950196;0.29102678298950196;R2_STABLE_RISK;32;44;13;0;34;2;0;0.05000000819563866;0.1474771648645401;0.09347450733184814;96;4
N02;N02;Normal: Urbano moderado;Normal;Normal;0.050000007078051564;0.050000007078051564;R2_STABLE_RISK;-1;-1;0;0;-1;-1;0;0.05000000819563866;0.03552434220910072;0.07904084026813507;96;4
C07;C07;Critico progressivo: Sem cinto sob chuva;Critico;Critico;0.4113462969660759;0.4113462969660759;R2_STABLE_RISK;37;75;39;1;58;21;0;0.05000000819563866;0.3797800540924072;0.16140399873256683;96;4
C05;C05;Critico progressivo: Celular em rodovia;Critico;Critico;0.4018881142139435;0.4018881142139435;R3_FALSE_KIN;42;73;32;1;60;18;0;0.05000000819563866;0.31466054916381836;0.1337742954492569;96;4
C01;C01;Critico: Celular em alta velocidade;Critico;Critico;0.29102678298950196;0.29102678298950196;R2_STABLE_RISK;32;44;13;0;34;2;0;0.05000000819563866;0.1531151682138443;0.11824658513069153;96;4
N01;N01;Normal: Viagem tranquila em rodovia;Normal;Normal;0.050000007078051564;0.050000007078051564;R3_FALSE_KIN;-1;-1;0;0;-1;-1;0;0.05000000819563866;0.029958784580230713;0.12439286708831787;96;4
C10;C10;Critico progressivo: Grooming em rodovia com fadiga;Critico;Critico;0.38898954838514327;0.38898954838514327;R1_NORMAL;40;81;42;1;61;21;0;0.05000000819563866;0.19121026992797852;0.10554740577936172;96;4
N02;N02;Normal: Urbano moderado;Normal;Normal;0.050000007078051564;0.050000007078051564;R1_NORMAL;-1;-1;0;0;-1;-1;0;0.05000000819563866;0.029717862606048584;0.10806262493133545;96;4
C09;C09;Critico progressivo: Bebida ao volante;Critico;Critico;0.4262975618243217;0.4262975618243217;R2_STABLE_RISK;38;73;36;1;56;18;0;0.05000000819563866;0.25628194212913513;0.13350887596607208;96;4
C08;C08;Critico progressivo: Distracao urbana multietapas;Critico;Critico;0.4566235870122909;0.4566235870122909;R1_NORMAL;28;77;50;1;53;25;0;0.05000000819563866;0.3114333152770996;0.1724318414926529;96;4
N03;N03;Normal: Noite estável;Normal;Normal;0.050000007078051564;0.050000007078051564;R2_STABLE_RISK;-1;-1;0;0;-1;-1;0;0.05000000819563866;0.023593584075570107;0.08738988637924194;96;4
C07;C07;Critico progressivo: Sem cinto sob chuva;Critico;Critico;0.39606717228889465;0.39606717228889465;R2_STABLE_RISK;37;75;39;1;58;21;0;0.05000000819563866;0.3738327920436859;0.17089438438415527;96;4
C01;C01;Critico: Celular em alta velocidade;Critico;Critico;0.29102678298950196;0.29102678298950196;R2_STABLE_RISK;32;44;13;0;34;2;0;0.05000000819563866;0.15196357667446136;0.09852176904678345;96;4
N03;N03;Normal: Noite estável;Normal;Normal;0.050000007078051564;0.050000007078051564;R3_FALSE_KIN;-1;-1;0;0;-1;-1;0;0.05000000819563866;0.034096334129571915;0.10361223667860031;96;4
C04;C04;Critico: Multiplas distracoes urbanas;Critico;Critico;0.5799505800008773;0.5799505800008773;R2_STABLE_RISK;22;45;24;0;24;2;1;0.28239133954048157;0.20161716639995575;0.1446913629770279;96;4
C04;C04;Critico: Multiplas distracoes urbanas;Critico;Critico;0.3713889718055725;0.3713889718055725;R1_NORMAL;22;45;24;0;24;2;0;0.05000000819563866;0.20360364019870758;0.10194941610097885;96;4
C06;C06;Critico progressivo: Fadiga noturna;Critico;Critico;0.41109460741281506;0.41109460741281506;R3_FALSE_KIN;36;81;46;1;63;27;0;0.05000000819563866;0.15456411242485046;0.07193421572446823;96;4
N02;N02;Normal: Urbano moderado;Normal;Normal;0.050000007078051564;0.050000007078051564;R1_NORMAL;-1;-1;0;0;-1;-1;0;0.05000000819563866;0.030347801744937897;0.1117115393280983;96;4
C02;C02;Critico: Fadiga com desvio cinematico;Critico;Critico;0.5951015889644622;0.5951015889644622;R1_NORMAL;29;50;22;0;32;3;1;0.22010688483715057;0.09643708914518356;0.175676628947258;96;4
N03;N03;Normal: Noite estável;Normal;Normal;0.050000007078051564;0.050000007078051564;R2_STABLE_RISK;-1;-1;0;0;-1;-1;0;0.05000000819563866;0.03221637010574341;0.12054600566625595;96;4
C10;C10;Critico progressivo: Grooming em rodovia com fadiga;Critico;Critico;0.38709014207124703;0.38709014207124703;R1_NORMAL;40;81;42;1;66;26;0;0.05000000819563866;0.19659423828125;0.1357068568468094;96;4
C09;C09;Critico progressivo: Bebida ao volante;Critico;Critico;0.39078270643949503;0.39078270643949503;R1_NORMAL;38;73;36;1;60;22;0;0.05000000819563866;0.24611862003803253;0.10960095375776291;96;4
C08;C08;Critico progressivo: Distracao urbana multietapas;Critico;Critico;0.4443272978067398;0.4443272978067398;R2_STABLE_RISK;28;77;50;1;56;28;0;0.05000000819563866;0.3137633800506592;0.14406011998653412;96;4
N03;N03;Normal: Noite estável;Normal;Normal;0.050000007078051564;0.050000007078051564;R3_FALSE_KIN;-1;-1;0;0;-1;-1;0;0.05000000819563866;0.03209899365901947;0.08391959220170975;96;4
N03;N03;Normal: Noite estável;Normal;Normal;0.050000007078051564;0.050000007078051564;R1_NORMAL;-1;-1;0;0;-1;-1;0;0.05000000819563866;0.028835728764533997;0.12034998089075089;96;4
C07;C07;Critico progressivo: Sem cinto sob chuva;Critico;Critico;0.41177271157503126;0.41177271157503126;R2_STABLE_RISK;37;75;39;1;59;22;0;0.05000000819563866;0.37030383944511414;0.12032604962587357;96;4
C10;C10;Critico progressivo: Grooming em rodovia com fadiga;Critico;Critico;0.4330540657043457;0.4330540657043457;R2_STABLE_RISK;40;81;42;1;60;20;0;0.05000000819563866;0.1909693032503128;0.12352422624826431;96;4
C09;C09;Critico progressivo: Bebida ao volante;Critico;Critico;0.38787541836500167;0.38787541836500167;R1_NORMAL;38;73;36;1;60;22;0;0.05000000819563866;0.24892716109752655;0.13764695823192596;96;4
C07;C07;Critico progressivo: Sem cinto sob chuva;Critico;Critico;0.40139460414648054;0.40139460414648054;R1_NORMAL;37;75;39;1;56;19;0;0.05000000819563866;0.3824509084224701;0.12987099587917328;96;4
C07;C07;Critico progressivo: Sem cinto sob chuva;Critico;Critico;0.4043709829449653;0.4043709829449653;R1_NORMAL;37;75;39;1;62;25;0;0.05000000819563866;0.3733460605144501;0.15783099830150604;96;4
N02;N02;Normal: Urbano moderado;Normal;Normal;0.050000007078051564;0.050000007078051564;R3_FALSE_KIN;-1;-1;0;0;-1;-1;0;0.05000000819563866;0.03146706148982048;0.0725240632891655;96;4
N03;N03;Normal: Noite estável;Normal;Normal;0.050000007078051564;0.050000007078051564;R2_STABLE_RISK;-1;-1;0;0;-1;-1;0;0.05000000819563866;0.033070728182792664;0.10021486133337021;96;4
N03;N03;Normal: Noite estável;Normal;Normal;0.050000007078051564;0.050000007078051564;R1_NORMAL;-1;-1;0;0;-1;-1;0;0.05000000819563866;0.028126752004027367;0.11831251531839371;96;4
N03;N03;Normal: Noite estável;Normal;Normal;0.050000007078051564;0.050000007078051564;R1_NORMAL;-1;-1;0;0;-1;-1;0;0.05000000819563866;0.03436939790844917;0.10765612125396729;96;4
C06;C06;Critico progressivo: Fadiga noturna;Critico;Critico;0.40952786952257153;0.40952786952257153;R2_STABLE_RISK;36;81;46;1;62;26;0;0.05000000819563866;0.16174031794071198;0.1292821317911148;96;4
C03;C03;Critico: Celular sem cinto sob chuva;Critico;Critico;0.3752959698438644;0.3752959698438644;R1_NORMAL;26;41;16;0;28;2;0;0.05000000819563866;0.18418793380260468;0.13247470557689667;96;4
C03;C03;Critico: Celular sem cinto sob chuva;Critico;Critico;0.3752959698438644;0.3752959698438644;R1_NORMAL;26;41;16;0;28;2;0;0.05000000819563866;0.18358546495437622;0.0839201882481575;96;4
C04;C04;Critico: Multiplas distracoes urbanas;Critico;Critico;0.5769564002752303;0.5769564002752303;R2_STABLE_RISK;22;45;24;0;24;2;1;0.27729153633117676;0.20623113214969635;0.17506526410579681;96;4
C05;C05;Critico progressivo: Celular em rodovia;Critico;Critico;0.38921985179185864;0.38921985179185864;R1_NORMAL;42;73;32;1;58;16;0;0.05000000819563866;0.319133460521698;0.1463671773672104;96;4
N02;N02;Normal: Urbano moderado;Normal;Normal;0.050000007078051564;0.050000007078051564;R3_FALSE_KIN;-1;-1;0;0;-1;-1;0;0.05000000819563866;0.02836623229086399;0.08775321394205093;96;4
C08;C08;Critico progressivo: Distracao urbana multietapas;Critico;Critico;0.44941658228635784;0.44941658228635784;R2_STABLE_RISK;28;77;50;1;58;30;0;0.05000000819563866;0.3157521188259125;0.1550540030002594;96;4
C03;C03;Critico: Celular sem cinto sob chuva;Critico;Critico;0.3752959698438644;0.3752959698438644;R2_STABLE_RISK;26;41;16;0;28;2;0;0.05000000819563866;0.18824434280395508;0.11489689350128174;96;4
C05;C05;Critico progressivo: Celular em rodovia;Critico;Critico;0.3807249262928962;0.3807249262928962;R2_STABLE_RISK;42;73;32;1;59;17;0;0.05000000819563866;0.31729626655578613;0.14945204555988312;96;4
C03;C03;Critico: Celular sem cinto sob chuva;Critico;Critico;0.6069633036851882;0.6069633036851882;R3_FALSE_KIN;26;41;16;0;28;2;1;0.229155495762825;0.1905571073293686;0.16198162734508514;96;4
C04;C04;Critico: Multiplas distracoes urbanas;Critico;Critico;0.3713889718055725;0.3713889718055725;R1_NORMAL;22;45;24;0;24;2;0;0.05000000819563866;0.1933700293302536;0.1275707334280014;96;4
C10;C10;Critico progressivo: Grooming em rodovia com fadiga;Critico;Critico;0.44080046117305755;0.44080046117305755;R3_FALSE_KIN;40;81;42;1;64;24;1;0.34704747796058655;0.19690771400928497;0.1035817489027977;96;4
N02;N02;Normal: Urbano moderado;Normal;Normal;0.050000007078051564;0.050000007078051564;R1_NORMAL;-1;-1;0;0;-1;-1;0;0.05000000819563866;0.03601476177573204;0.12058740109205246;96;4
C03;C03;Critico: Celular sem cinto sob chuva;Critico;Critico;0.6133984833955765;0.6133984833955765;R1_NORMAL;26;41;16;0;28;2;1;0.23154258728027344;0.18980467319488525;0.16449984908103943;96;4
C06;C06;Critico progressivo: Fadiga noturna;Critico;Critico;0.3972392320632934;0.3972392320632934;R2_STABLE_RISK;36;81;46;1;63;27;0;0.05000000819563866;0.15881772339344025;0.106389619410038;96;4
C08;C08;Critico progressivo: Distracao urbana multietapas;Critico;Critico;0.49494623243808744;0.49494623243808744;R3_FALSE_KIN;28;77;50;1;55;27;1;0.2977312505245209;0.3190501034259796;0.15727998316287994;96;4
C05;C05;Critico progressivo: Celular em rodovia;Critico;Critico;0.4148924842476845;0.4148924842476845;R2_STABLE_RISK;42;73;32;1;58;16;0;0.05000000819563866;0.32114076614379883;0.15452957153320312;96;4
C02;C02;Critico: Fadiga com desvio cinematico;Critico;Critico;0.6077925860881805;0.6077925860881805;R2_STABLE_RISK;29;50;22;0;32;3;1;0.2795466482639313;0.0901864543557167;0.1594446748495102;96;4
C07;C07;Critico progressivo: Sem cinto sob chuva;Critico;Critico;0.41276648789644244;0.41276648789644244;R1_NORMAL;37;75;39;1;57;20;0;0.05000000819563866;0.3776495158672333;0.12909527122974396;96;4
C05;C05;Critico progressivo: Celular em rodovia;Critico;Critico;0.40334377139806743;0.40334377139806743;R2_STABLE_RISK;42;73;32;1;57;15;0;0.05000000819563866;0.3170715272426605;0.12782788276672363;96;4
N01;N01;Normal: Viagem tranquila em rodovia;Normal;Normal;0.050000007078051564;0.050000007078051564;R1_NORMAL;-1;-1;0;0;-1;-1;0;0.05000000819563866;0.034220773726701736;0.09889476746320724;96;4
C07;C07;Critico progressivo: Sem cinto sob chuva;Critico;Critico;0.38350240588188167;0.38350240588188167;R2_STABLE_RISK;37;75;39;1;61;24;0;0.05000000819563866;0.3681608736515045;0.15696144104003906;96;4
C04;C04;Critico: Multiplas distracoes urbanas;Critico;Critico;0.3713889718055725;0.3713889718055725;R2_STABLE_RISK;22;45;24;0;24;2;0;0.05000000819563866;0.1990736573934555;0.16220895946025848;96;4
C10;C10;Critico progressivo: Grooming em rodovia com fadiga;Critico;Critico;0.3999147891998291;0.3999147891998291;R1_NORMAL;40;81;42;1;64;24;0;0.05000000819563866;0.19990970194339752;0.18024499714374542;96;4
C04;C04;Critico: Multiplas distracoes urbanas;Critico;Critico;0.5704233169555664;0.5704233169555664;R2_STABLE_RISK;22;45;24;0;24;2;1;0.22861061990261078;0.19866931438446045;0.20201773941516876;96;4
N03;N03;Normal: Noite estável;Normal;Normal;0.050000007078051564;0.050000007078051564;R3_FALSE_KIN;-1;-1;0;0;-1;-1;0;0.05000000819563866;0.025722460821270943;0.09814959764480591;96;4
C07;C07;Critico progressivo: Sem cinto sob chuva;Critico;Critico;0.42499240487813944;0.42499240487813944;R1_NORMAL;37;75;39;1;57;20;0;0.05000000819563866;0.3767228424549103;0.12796248495578766;96;4
C01;C01;Critico: Celular em alta velocidade;Critico;Critico;0.29102678298950196;0.29102678298950196;R1_NORMAL;32;44;13;0;34;2;0;0.05000000819563866;0.15284378826618195;0.11861857771873474;96;4
N01;N01;Normal: Viagem tranquila em rodovia;Normal;Normal;0.050000007078051564;0.050000007078051564;R1_NORMAL;-1;-1;0;0;-1;-1;0;0.05000000819563866;0.02715734951198101;0.09833106398582458;96;4
C06;C06;Critico progressivo: Fadiga noturna;Critico;Critico;0.3976455748081207;0.3976455748081207;R2_STABLE_RISK;36;81;46;1;62;26;0;0.05000000819563866;0.16031885147094727;0.10639059543609619;96;4
C08;C08;Critico progressivo: Distracao urbana multietapas;Critico;Critico;0.45677036345005034;0.45677036345005034;R2_STABLE_RISK;28;77;50;1;53;25;0;0.05000000819563866;0.31847819685935974;0.18857848644256592;96;4
C02;C02;Critico: Fadiga com desvio cinematico;Critico;Critico;0.39378328174352645;0.39378328174352645;R1_NORMAL;29;50;22;0;32;3;0;0.05000000819563866;0.0983300432562828;0.15704841911792755;96;4
N02;N02;Normal: Urbano moderado;Normal;Normal;0.050000007078051564;0.050000007078051564;R2_STABLE_RISK;-1;-1;0;0;-1;-1;0;0.05000000819563866;0.02956174872815609;0.08387086540460587;96;4
N02;N02;Normal: Urbano moderado;Normal;Normal;0.050000007078051564;0.050000007078051564;R1_NORMAL;-1;-1;0;0;-1;-1;0;0.05000000819563866;0.038007888942956924;0.12266159057617188;96;4
C10;C10;Critico progressivo: Grooming em rodovia com fadiga;Critico;Critico;0.412609638273716;0.412609638273716;R1_NORMAL;40;81;42;1;58;18;0;0.05000000819563866;0.20423173904418945;0.11467888951301575;96;4
N01;N01;Normal: Viagem tranquila em rodovia;Normal;Normal;0.050000007078051564;0.050000007078051564;R2_STABLE_RISK;-1;-1;0;0;-1;-1;0;0.05000000819563866;0.028401004150509834;0.12599237263202667;96;4
C09;C09;Critico progressivo: Bebida ao volante;Critico;Critico;0.4628296047449112;0.4628296047449112;R1_NORMAL;38;73;36;1;55;17;1;0.2996698319911957;0.24927707016468048;0.1361817866563797;96;4
C03;C03;Critico: Celular sem cinto sob chuva;Critico;Critico;0.6191277056932449;0.6191277056932449;R1_NORMAL;26;41;16;0;28;2;1;0.2592669129371643;0.1910092830657959;0.14999514818191528;96;4
C04;C04;Critico: Multiplas distracoes urbanas;Critico;Critico;0.5597045421600342;0.5597045421600342;R1_NORMAL;22;45;24;0;24;2;1;0.1895218938589096;0.19827954471111298;0.19201064109802246;96;4
C07;C07;Critico progressivo: Sem cinto sob chuva;Critico;Critico;0.4790032237768173;0.4790032237768173;R3_FALSE_KIN;37;75;39;1;57;20;1;0.24624037742614746;0.3787265717983246;0.1619577705860138;96;4
C07;C07;Critico progressivo: Sem cinto sob chuva;Critico;Critico;0.3851741805672645;0.3851741805672645;R1_NORMAL;37;75;39;1;61;24;0;0.05000000819563866;0.37896475195884705;0.0870848074555397;96;4
C03;C03;Critico: Celular sem cinto sob chuva;Critico;Critico;0.6037515670061111;0.6037515670061111;R2_STABLE_RISK;26;41;16;0;28;2;1;0.2023337334394455;0.19022107124328613;0.1772444099187851;96;4
C08;C08;Critico progressivo: Distracao urbana multietapas;Critico;Critico;0.43640314787626266;0.43640314787626266;R1_NORMAL;28;77;50;1;55;27;0;0.05000000819563866;0.31113776564598083;0.1407688409090042;96;4
C03;C03;Critico: Celular sem cinto sob chuva;Critico;Critico;0.6174737364053726;0.6174737364053726;R2_STABLE_RISK;26;41;16;0;28;2;1;0.23622293770313263;0.18282121419906616;0.18171752989292145;96;4
C09;C09;Critico progressivo: Bebida ao volante;Critico;Critico;0.38943714350461955;0.38943714350461955;R2_STABLE_RISK;38;73;36;1;55;17;0;0.05000000819563866;0.25430214405059814;0.14366120100021362;96;4
C10;C10;Critico progressivo: Grooming em rodovia com fadiga;Critico;Critico;0.45491423904895784;0.45491423904895784;R2_STABLE_RISK;40;81;42;1;67;27;1;0.3298254609107971;0.19501161575317383;0.11084166914224625;96;4
C08;C08;Critico progressivo: Distracao urbana multietapas;Critico;Critico;0.4410980805754661;0.4410980805754661;R2_STABLE_RISK;28;77;50;1;59;31;0;0.05000000819563866;0.32048124074935913;0.15524572134017944;96;4
C06;C06;Critico progressivo: Fadiga noturna;Critico;Critico;0.4025804355740547;0.4025804355740547;R1_NORMAL;36;81;46;1;58;22;0;0.05000000819563866;0.16056382656097412;0.09946266561746597;96;4
N03;N03;Normal: Noite estável;Normal;Normal;0.050000007078051564;0.050000007078051564;R1_NORMAL;-1;-1;0;0;-1;-1;0;0.05000000819563866;0.03180388733744621;0.10955139249563217;96;4
C01;C01;Critico: Celular em alta velocidade;Critico;Critico;0.29102678298950196;0.29102678298950196;R2_STABLE_RISK;32;44;13;0;34;2;0;0.05000000819563866;0.15674929320812225;0.08553000539541245;96;4
C10;C10;Critico progressivo: Grooming em rodovia com fadiga;Critico;Critico;0.39290913939476013;0.39290913939476013;R1_NORMAL;40;81;42;1;62;22;0;0.05000000819563866;0.2048671394586563;0.08986140042543411;96;4
N01;N01;Normal: Viagem tranquila em rodovia;Normal;Normal;0.050000007078051564;0.050000007078051564;R1_NORMAL;-1;-1;0;0;-1;-1;0;0.05000000819563866;0.03550643473863602;0.12252229452133179;96;4
C04;C04;Critico: Multiplas distracoes urbanas;Critico;Critico;0.3713889718055725;0.3713889718055725;R3_FALSE_KIN;22;45;24;0;24;2;0;0.05000000819563866;0.19904200732707977;0.13415312767028809;96;4
N03;N03;Normal: Noite estável;Normal;Normal;0.050000007078051564;0.050000007078051564;R1_NORMAL;-1;-1;0;0;-1;-1;0;0.05000000819563866;0.031901802867650986;0.12367772310972214;96;4
N01;N01;Normal: Viagem tranquila em rodovia;Normal;Normal;0.050000007078051564;0.050000007078051564;R1_NORMAL;-1;-1;0;0;-1;-1;0;0.05000000819563866;0.029768815264105797;0.09449777752161026;96;4
C08;C08;Critico progressivo: Distracao urbana multietapas;Critico;Critico;0.43550533801317215;0.43550533801317215;R1_NORMAL;28;77;50;1;54;26;0;0.05000000819563866;0.32066217064857483;0.14145426452159882;96;4
C08;C08;Critico progressivo: Distracao urbana multietapas;Critico;Critico;0.42326344996690746;0.42326344996690746;R1_NORMAL;28;77;50;1;54;26;0;0.05000000819563866;0.3117329776287079;0.1843567043542862;96;4
C05;C05;Critico progressivo: Celular em rodovia;Critico;Critico;0.4436262160539627;0.4436262160539627;R1_NORMAL;42;73;32;1;60;18;1;0.2878008782863617;0.3137337863445282;0.13255718350410461;96;4
C10;C10;Critico progressivo: Grooming em rodovia com fadiga;Critico;Critico;0.38553550392389296;0.38553550392389296;R1_NORMAL;40;81;42;1;67;27;0;0.05000000819563866;0.19573073089122772;0.13232874870300293;96;4
C08;C08;Critico progressivo: Distracao urbana multietapas;Critico;Critico;0.44621049165725707;0.44621049165725707;R1_NORMAL;28;77;50;1;51;23;0;0.05000000819563866;0.3207433223724365;0.1329265683889389;96;4
N03;N03;Normal: Noite estável;Normal;Normal;0.050000007078051564;0.050000007078051564;R3_FALSE_KIN;-1;-1;0;0;-1;-1;0;0.05000000819563866;0.021956557407975197;0.10126832872629166;96;4
C10;C10;Critico progressivo: Grooming em rodovia com fadiga;Critico;Critico;0.4230842426419258;0.4230842426419258;R3_FALSE_KIN;40;81;42;1;61;21;0;0.05000000819563866;0.20700813829898834;0.11678469926118851;96;4
C01;C01;Critico: Celular em alta velocidade;Critico;Critico;0.29102678298950196;0.29102678298950196;R1_NORMAL;32;44;13;0;34;2;0;0.05000000819563866;0.1526668220758438;0.09758665412664413;96;4
C01;C01;Critico: Celular em alta velocidade;Critico;Critico;0.5254570573568345;0.5254570573568345;R1_NORMAL;32;44;13;0;34;2;1;0.25984176993370056;0.15903541445732117;0.15477906167507172;96;4
C07;C07;Critico progressivo: Sem cinto sob chuva;Critico;Critico;0.40801028460264205;0.40801028460264205;R2_STABLE_RISK;37;75;39;1;58;21;0;0.05000000819563866;0.3793822228908539;0.13435810804367065;96;4
C06;C06;Critico progressivo: Fadiga noturna;Critico;Critico;0.4278603658080101;0.4278603658080101;R1_NORMAL;36;81;46;1;62;26;0;0.05000000819563866;0.16375912725925446;0.11445894092321396;96;4
N03;N03;Normal: Noite estável;Normal;Normal;0.050000007078051564;0.050000007078051564;R2_STABLE_RISK;-1;-1;0;0;-1;-1;0;0.05000000819563866;0.032168250530958176;0.10637974739074707;96;4
C03;C03;Critico: Celular sem cinto sob chuva;Critico;Critico;0.3752959698438644;0.3752959698438644;R2_STABLE_RISK;26;41;16;0;28;2;0;0.05000000819563866;0.1886448860168457;0.12548327445983887;96;4
C09;C09;Critico progressivo: Bebida ao volante;Critico;Critico;0.3760882422327995;0.3760882422327995;R2_STABLE_RISK;38;73;36;1;57;19;0;0.05000000819563866;0.253061443567276;0.13782863318920135;96;4
C02;C02;Critico: Fadiga com desvio cinematico;Critico;Critico;0.6039608389139175;0.6039608389139175;R3_FALSE_KIN;29;50;22;0;32;3;1;0.26029863953590393;0.10374549776315689;0.23805682361125946;96;4
N01;N01;Normal: Viagem tranquila em rodovia;Normal;Normal;0.050000007078051564;0.050000007078051564;R3_FALSE_KIN;-1;-1;0;0;-1;-1;0;0.05000000819563866;0.028363024815917015;0.11471837759017944;96;4
C03;C03;Critico: Celular sem cinto sob chuva;Critico;Critico;0.3752959698438644;0.3752959698438644;R3_FALSE_KIN;26;41;16;0;28;2;0;0.05000000819563866;0.18861675262451172;0.10836943238973618;96;4
C09;C09;Critico progressivo: Bebida ao volante;Critico;Critico;0.4895257860422134;0.4895257860422134;R3_FALSE_KIN;38;73;36;1;58;20;1;0.2779853343963623;0.2494521141052246;0.14861513674259186;96;4
C10;C10;Critico progressivo: Grooming em rodovia com fadiga;Critico;Critico;0.42123051732778544;0.42123051732778544;R3_FALSE_KIN;40;81;42;1;64;24;0;0.05000000819563866;0.19963474571704865;0.1001042053103447;96;4
C05;C05;Critico progressivo: Celular em rodovia;Critico;Critico;0.46295378804206844;0.46295378804206844;R1_NORMAL;42;73;32;1;61;19;1;0.24779905378818512;0.3159451186656952;0.16850191354751587;96;4
C07;C07;Critico progressivo: Sem cinto sob chuva;Critico;Critico;0.47851553857326506;0.47851553857326506;R3_FALSE_KIN;37;75;39;1;58;21;1;0.2884597182273865;0.3781683146953583;0.14789614081382751;96;4
C07;C07;Critico progressivo: Sem cinto sob chuva;Critico;Critico;0.3968552276492119;0.3968552276492119;R2_STABLE_RISK;37;75;39;1;58;21;0;0.05000000819563866;0.3870861530303955;0.11686620861291885;96;4
C01;C01;Critico: Celular em alta velocidade;Critico;Critico;0.5311515480279922;0.5311515480279922;R1_NORMAL;32;44;13;0;34;2;1;0.2596568763256073;0.15882150828838348;0.22996748983860016;96;4
C06;C06;Critico progressivo: Fadiga noturna;Critico;Critico;0.45588440299034116;0.45588440299034116;R1_NORMAL;36;81;46;1;62;26;1;0.32112643122673035;0.16228128969669342;0.16188815236091614;96;4
C05;C05;Critico progressivo: Celular em rodovia;Critico;Critico;0.385171528160572;0.385171528160572;R2_STABLE_RISK;42;73;32;1;57;15;0;0.05000000819563866;0.3138958513736725;0.099412702023983;96;4
N03;N03;Normal: Noite estável;Normal;Normal;0.050000007078051564;0.050000007078051564;R2_STABLE_RISK;-1;-1;0;0;-1;-1;0;0.05000000819563866;0.03441116213798523;0.12307965755462646;96;4
C03;C03;Critico: Celular sem cinto sob chuva;Critico;Critico;0.3752959698438644;0.3752959698438644;R2_STABLE_RISK;26;41;16;0;28;2;0;0.05000000819563866;0.1862248033285141;0.13707172870635986;96;4
C06;C06;Critico progressivo: Fadiga noturna;Critico;Critico;0.47395583689212795;0.47395583689212795;R3_FALSE_KIN;36;81;46;1;62;26;1;0.3165510892868042;0.1569526642560959;0.09933052211999893;96;4
C10;C10;Critico progressivo: Grooming em rodovia com fadiga;Critico;Critico;0.4151857912540436;0.4151857912540436;R2_STABLE_RISK;40;81;42;1;63;23;0;0.05000000819563866;0.20690660178661346;0.14379547536373138;96;4
C10;C10;Critico progressivo: Grooming em rodovia com fadiga;Critico;Critico;0.40932189226150506;0.40932189226150506;R3_FALSE_KIN;40;81;42;1;64;24;0;0.05000000819563866;0.19948069751262665;0.11477121710777283;96;4
N03;N03;Normal: Noite estável;Normal;Normal;0.050000007078051564;0.050000007078051564;R2_STABLE_RISK;-1;-1;0;0;-1;-1;0;0.05000000819563866;0.03187951445579529;0.07295678555965424;96;4
C09;C09;Critico progressivo: Bebida ao volante;Critico;Critico;0.3794983759522438;0.3794983759522438;R2_STABLE_RISK;38;73;36;1;61;23;0;0.05000000819563866;0.2450675368309021;0.11474999040365219;96;4
C01;C01;Critico: Celular em alta velocidade;Critico;Critico;0.29102678298950196;0.29102678298950196;R2_STABLE_RISK;32;44;13;0;34;2;0;0.05000000819563866;0.1537616103887558;0.13077296316623688;96;4
N03;N03;Normal: Noite estável;Normal;Normal;0.050000007078051564;0.050000007078051564;R1_NORMAL;-1;-1;0;0;-1;-1;0;0.05000000819563866;0.03461463749408722;0.12342371791601181;96;4
C04;C04;Critico: Multiplas distracoes urbanas;Critico;Critico;0.5751928001642227;0.5751928001642227;R1_NORMAL;22;45;24;0;24;2;1;0.25106725096702576;0.2038484364748001;0.2181582897901535;96;4
C07;C07;Critico progressivo: Sem cinto sob chuva;Critico;Critico;0.4034723818302154;0.4034723818302154;R2_STABLE_RISK;37;75;39;1;58;21;0;0.05000000819563866;0.3723745048046112;0.13893093168735504;96;4
C10;C10;Critico progressivo: Grooming em rodovia com fadiga;Critico;Critico;0.4292214646935463;0.4292214646935463;R3_FALSE_KIN;40;81;42;1;58;18;0;0.05000000819563866;0.19157403707504272;0.12326717376708984;96;4
C06;C06;Critico progressivo: Fadiga noturna;Critico;Critico;0.48889902234077454;0.48889902234077454;R1_NORMAL;36;81;46;1;64;28;1;0.3336487114429474;0.1627276986837387;0.13139648735523224;96;4
N02;N02;Normal: Urbano moderado;Normal;Normal;0.050000007078051564;0.050000007078051564;R1_NORMAL;-1;-1;0;0;-1;-1;0;0.05000000819563866;0.027241259813308716;0.09109718352556229;96;4
C02;C02;Critico: Fadiga com desvio cinematico;Critico;Critico;0.39378328174352645;0.39378328174352645;R1_NORMAL;29;50;22;0;32;3;0;0.05000000819563866;0.0984984040260315;0.09214594215154648;96;4
C02;C02;Critico: Fadiga com desvio cinematico;Critico;Critico;0.39378328174352645;0.39378328174352645;R1_NORMAL;29;50;22;0;32;3;0;0.05000000819563866;0.09582658857107162;0.14556261897087097;96;4
C05;C05;Critico progressivo: Celular em rodovia;Critico;Critico;0.3957118213176727;0.3957118213176727;R2_STABLE_RISK;42;73;32;1;61;19;0;0.05000000819563866;0.3167208433151245;0.1518958956003189;96;4
C09;C09;Critico progressivo: Bebida ao volante;Critico;Critico;0.3968677401542663;0.3968677401542663;R3_FALSE_KIN;38;73;36;1;56;18;0;0.05000000819563866;0.2488066703081131;0.14145851135253906;96;4
C07;C07;Critico progressivo: Sem cinto sob chuva;Critico;Critico;0.42004773467779155;0.42004773467779155;R1_NORMAL;37;75;39;1;56;19;0;0.05000000819563866;0.37521734833717346;0.14045605063438416;96;4
C08;C08;Critico progressivo: Distracao urbana multietapas;Critico;Critico;0.5360610395669937;0.5360610395669937;R1_NORMAL;28;77;50;1;47;19;1;0.3341912031173706;0.3172486424446106;0.1565927416086197;96;4
C04;C04;Critico: Multiplas distracoes urbanas;Critico;Critico;0.3713889718055725;0.3713889718055725;R2_STABLE_RISK;22;45;24;0;24;2;0;0.05000000819563866;0.19998596608638763;0.13843826949596405;96;4
C10;C10;Critico progressivo: Grooming em rodovia com fadiga;Critico;Critico;0.45197699368000027;0.45197699368000027;R1_NORMAL;40;81;42;1;61;21;1;0.3026129901409149;0.2025088518857956;0.1311916708946228;96;4
C10;C10;Critico progressivo: Grooming em rodovia com fadiga;Critico;Critico;0.39869123697280884;0.39869123697280884;R2_STABLE_RISK;40;81;42;1;66;26;0;0.05000000819563866;0.20064584910869598;0.1459600180387497;96;4
C09;C09;Critico progressivo: Bebida ao volante;Critico;Critico;0.4652380675077438;0.4652380675077438;R1_NORMAL;38;73;36;1;55;17;1;0.3001508414745331;0.24473756551742554;0.16488315165042877;96;4
N02;N02;Normal: Urbano moderado;Normal;Normal;0.050000007078051564;0.050000007078051564;R2_STABLE_RISK;-1;-1;0;0;-1;-1;0;0.05000000819563866;0.035453688353300095;0.10217922925949097;96;4
C10;C10;Critico progressivo: Grooming em rodovia com fadiga;Critico;Critico;0.46471118628978725;0.46471118628978725;R2_STABLE_RISK;40;81;42;1;62;22;1;0.3467051684856415;0.20242154598236084;0.09449034184217453;96;4
C06;C06;Critico progressivo: Fadiga noturna;Critico;Critico;0.44319954514503473;0.44319954514503473;R3_FALSE_KIN;36;81;46;1;62;26;0;0.05000000819563866;0.16732001304626465;0.13925300538539886;96;4
C06;C06;Critico progressivo: Fadiga noturna;Critico;Critico;0.42240266948938365;0.42240266948938365;R2_STABLE_RISK;36;81;46;1;60;24;0;0.05000000819563866;0.16194070875644684;0.09797243028879166;96;4
C06;C06;Critico progressivo: Fadiga noturna;Critico;Critico;0.5079811602830887;0.5079811602830887;R3_FALSE_KIN;36;81;46;1;58;22;1;0.3413940370082855;0.15853548049926758;0.1020437479019165;96;4
N02;N02;Normal: Urbano moderado;Normal;Normal;0.050000007078051564;0.050000007078051564;R1_NORMAL;-1;-1;0;0;-1;-1;0;0.05000000819563866;0.035920511931180954;0.08194320648908615;96;4
C10;C10;Critico progressivo: Grooming em rodovia com fadiga;Critico;Critico;0.4814698815345764;0.4814698815345764;R2_STABLE_RISK;40;81;42;1;64;24;1;0.37919533252716064;0.1996719241142273;0.1371186524629593;96;4
C08;C08;Critico progressivo: Distracao urbana multietapas;Critico;Critico;0.5276058226823807;0.5276058226823807;R2_STABLE_RISK;28;77;50;1;51;23;1;0.29962316155433655;0.3226509988307953;0.15826763212680817;96;4
C06;C06;Critico progressivo: Fadiga noturna;Critico;Critico;0.3989464700222015;0.3989464700222015;R1_NORMAL;36;81;46;1;64;28;0;0.05000000819563866;0.15670578181743622;0.1275133639574051;96;4
C09;C09;Critico progressivo: Bebida ao volante;Critico;Critico;0.47925257980823516;0.47925257980823516;R1_NORMAL;38;73;36;1;57;19;1;0.2916553020477295;0.25682953000068665;0.19032903015613556;96;4
C05;C05;Critico progressivo: Celular em rodovia;Critico;Critico;0.4947154551744461;0.4947154551744461;R2_STABLE_RISK;42;73;32;1;58;16;1;0.313860148191452;0.3207307755947113;0.17938601970672607;96;4
C06;C06;Critico progressivo: Fadiga noturna;Critico;Critico;0.4665040612220764;0.4665040612220764;R2_STABLE_RISK;36;81;46;1;58;22;1;0.3349369466304779;0.16392679512500763;0.0926801785826683;96;4
C07;C07;Critico progressivo: Sem cinto sob chuva;Critico;Critico;0.4193504020571709;0.4193504020571709;R2_STABLE_RISK;37;75;39;1;57;20;0;0.05000000819563866;0.38300666213035583;0.16602973639965057;96;4
C01;C01;Critico: Celular em alta velocidade;Critico;Critico;0.29102678298950196;0.29102678298950196;R1_NORMAL;32;44;13;0;34;2;0;0.05000000819563866;0.15813659131526947;0.12254985421895981;96;4
C10;C10;Critico progressivo: Grooming em rodovia com fadiga;Critico;Critico;0.41649334877729416;0.41649334877729416;R2_STABLE_RISK;40;81;42;1;58;18;0;0.05000000819563866;0.2016359120607376;0.14297761023044586;96;4
C02;C02;Critico: Fadiga com desvio cinematico;Critico;Critico;0.39378328174352645;0.39378328174352645;R3_FALSE_KIN;29;50;22;0;32;3;0;0.05000000819563866;0.09683073312044144;0.12453657388687134;96;4
C02;C02;Critico: Fadiga com desvio cinematico;Critico;Critico;0.5977887064218521;0.5977887064218521;R1_NORMAL;29;50;22;0;32;3;1;0.2747288942337036;0.10431035608053207;0.1815963238477707;96;4
C07;C07;Critico progressivo: Sem cinto sob chuva;Critico;Critico;0.39776756167411803;0.39776756167411803;R2_STABLE_RISK;37;75;39;1;62;25;0;0.05000000819563866;0.3794858455657959;0.10669799894094467;96;4
C04;C04;Critico: Multiplas distracoes urbanas;Critico;Critico;0.5737226009368896;0.5737226009368896;R2_STABLE_RISK;22;45;24;0;24;2;1;0.25234487652778625;0.20103643834590912;0.17683927714824677;96;4
N03;N03;Normal: Noite estável;Normal;Normal;0.050000007078051564;0.050000007078051564;R2_STABLE_RISK;-1;-1;0;0;-1;-1;0;0.05000000819563866;0.037590544670820236;0.11972794681787491;96;4
C04;C04;Critico: Multiplas distracoes urbanas;Critico;Critico;0.3713889718055725;0.3713889718055725;R3_FALSE_KIN;22;45;24;0;24;2;0;0.05000000819563866;0.1952311396598816;0.14218337833881378;96;4
C08;C08;Critico progressivo: Distracao urbana multietapas;Critico;Critico;0.4434945106506347;0.4434945106506347;R2_STABLE_RISK;28;77;50;1;60;32;0;0.05000000819563866;0.3142123520374298;0.15881644189357758;96;4
C10;C10;Critico progressivo: Grooming em rodovia com fadiga;Critico;Critico;0.3758760571479797;0.3758760571479797;R2_STABLE_RISK;40;81;42;1;66;26;0;0.05000000819563866;0.2001516968011856;0.1292540431022644;96;4
N01;N01;Normal: Viagem tranquila em rodovia;Normal;Normal;0.050000007078051564;0.050000007078051564;R1_NORMAL;-1;-1;0;0;-1;-1;0;0.05000000819563866;0.040620107203722;0.0878109261393547;96;4
C01;C01;Critico: Celular em alta velocidade;Critico;Critico;0.5190630376338958;0.5190630376338958;R1_NORMAL;32;44;13;0;34;2;1;0.24600355327129364;0.14686892926692963;0.186357781291008;96;4
N01;N01;Normal: Viagem tranquila em rodovia;Normal;Normal;0.050000007078051564;0.050000007078051564;R3_FALSE_KIN;-1;-1;0;0;-1;-1;0;0.05000000819563866;0.02926809899508953;0.08427312225103378;96;4
C04;C04;Critico: Multiplas distracoes urbanas;Critico;Critico;0.3713889718055725;0.3713889718055725;R3_FALSE_KIN;22;45;24;0;24;2;0;0.05000000819563866;0.2006172388792038;0.09945621341466904;96;4
C04;C04;Critico: Multiplas distracoes urbanas;Critico;Critico;0.5741378873586654;0.5741378873586654;R2_STABLE_RISK;22;45;24;0;24;2;1;0.24588187038898468;0.20201677083969116;0.1602231115102768;96;4
C10;C10;Critico progressivo: Grooming em rodovia com fadiga;Critico;Critico;0.41675252169370647;0.41675252169370647;R3_FALSE_KIN;40;81;42;1;65;25;0;0.05000000819563866;0.2057173252105713;0.12169843167066574;96;4
N03;N03;Normal: Noite estável;Normal;Normal;0.050000007078051564;0.050000007078051564;R1_NORMAL;-1;-1;0;0;-1;-1;0;0.05000000819563866;0.029469965025782585;0.08770712465047836;96;4
C05;C05;Critico progressivo: Celular em rodovia;Critico;Critico;0.3637106820940971;0.3637106820940971;R2_STABLE_RISK;42;73;32;1;59;17;0;0.05000000819563866;0.31500041484832764;0.16881270706653595;96;4
N03;N03;Normal: Noite estável;Normal;Normal;0.050000007078051564;0.050000007078051564;R1_NORMAL;-1;-1;0;0;-1;-1;0;0.05000000819563866;0.029067056253552437;0.10359865427017212;96;4
C04;C04;Critico: Multiplas distracoes urbanas;Critico;Critico;0.3713889718055725;0.3713889718055725;R3_FALSE_KIN;22;45;24;0;24;2;0;0.05000000819563866;0.21102340519428253;0.13455790281295776;96;4
C08;C08;Critico progressivo: Distracao urbana multietapas;Critico;Critico;0.5102245479822158;0.5102245479822158;R1_NORMAL;28;77;50;1;58;30;1;0.2753245532512665;0.3089292049407959;0.16376478970050812;96;4
C01;C01;Critico: Celular em alta velocidade;Critico;Critico;0.29102678298950196;0.29102678298950196;R1_NORMAL;32;44;13;0;34;2;0;0.05000000819563866;0.15824152529239655;0.07641740143299103;96;4
C05;C05;Critico progressivo: Celular em rodovia;Critico;Critico;0.4056370601058006;0.4056370601058006;R3_FALSE_KIN;42;73;32;1;56;14;0;0.05000000819563866;0.31482693552970886;0.11405714601278305;96;4
C04;C04;Critico: Multiplas distracoes urbanas;Critico;Critico;0.3713889718055725;0.3713889718055725;R1_NORMAL;22;45;24;0;24;2;0;0.05000000819563866;0.2085597962141037;0.12691017985343933;96;4
C06;C06;Critico progressivo: Fadiga noturna;Critico;Critico;0.4194478467106819;0.4194478467106819;R1_NORMAL;36;81;46;1;58;22;0;0.05000000819563866;0.1634397655725479;0.08924975246191025;96;4
C04;C04;Critico: Multiplas distracoes urbanas;Critico;Critico;0.5656283795833588;0.5656283795833588;R1_NORMAL;22;45;24;0;24;2;1;0.2094188779592514;0.20073354244232178;0.18618428707122803;96;4
C03;C03;Critico: Celular sem cinto sob chuva;Critico;Critico;0.3752959698438644;0.3752959698438644;R1_NORMAL;26;41;16;0;28;2;0;0.05000000819563866;0.19508235156536102;0.13062626123428345;96;4
C04;C04;Critico: Multiplas distracoes urbanas;Critico;Critico;0.3713889718055725;0.3713889718055725;R2_STABLE_RISK;22;45;24;0;24;2;0;0.05000000819563866;0.2044249325990677;0.12855945527553558;96;4
C09;C09;Critico progressivo: Bebida ao volante;Critico;Critico;0.46440212130546565;0.46440212130546565;R2_STABLE_RISK;38;73;36;1;57;19;1;0.28100571036338806;0.25258827209472656;0.17843939363956451;96;4
C06;C06;Critico progressivo: Fadiga noturna;Critico;Critico;0.49454829394817346;0.49454829394817346;R3_FALSE_KIN;36;81;46;1;58;22;1;0.33859649300575256;0.1527625471353531;0.12014400959014893;96;4
C05;C05;Critico progressivo: Celular em rodovia;Critico;Critico;0.3707073524594307;0.3707073524594307;R2_STABLE_RISK;42;73;32;1;60;18;0;0.05000000819563866;0.31025925278663635;0.13346000015735626;96;4
C01;C01;Critico: Celular em alta velocidade;Critico;Critico;0.29102678298950196;0.29102678298950196;R1_NORMAL;32;44;13;0;34;2;0;0.05000000819563866;0.15079349279403687;0.1348695605993271;96;4
C09;C09;Critico progressivo: Bebida ao volante;Critico;Critico;0.3913294836878777;0.3913294836878777;R1_NORMAL;38;73;36;1;60;22;0;0.05000000819563866;0.25147387385368347;0.13090912997722626;96;4
C06;C06;Critico progressivo: Fadiga noturna;Critico;Critico;0.4630362242460251;0.4630362242460251;R3_FALSE_KIN;36;81;46;1;54;18;0;0.05000000819563866;0.15813274681568146;0.08426558971405029;96;4
C10;C10;Critico progressivo: Grooming em rodovia com fadiga;Critico;Critico;0.3916526779532432;0.3916526779532432;R1_NORMAL;40;81;42;1;63;23;0;0.05000000819563866;0.19634075462818146;0.12050455808639526;96;4
C04;C04;Critico: Multiplas distracoes urbanas;Critico;Critico;0.3713889718055725;0.3713889718055725;R2_STABLE_RISK;22;45;24;0;24;2;0;0.05000000819563866;0.2035948485136032;0.12747986614704132;96;4
C01;C01;Critico: Celular em alta velocidade;Critico;Critico;0.29102678298950196;0.29102678298950196;R3_FALSE_KIN;32;44;13;0;34;2;0;0.05000000819563866;0.155325248837471;0.19189493358135223;96;4
C08;C08;Critico progressivo: Distracao urbana multietapas;Critico;Critico;0.44150873571634286;0.44150873571634286;R1_NORMAL;28;77;50;1;59;31;0;0.05000000819563866;0.30990901589393616;0.11804109066724777;96;4
C09;C09;Critico progressivo: Bebida ao volante;Critico;Critico;0.37842795848846433;0.37842795848846433;R1_NORMAL;38;73;36;1;57;19;0;0.05000000819563866;0.24672961235046387;0.1488611102104187;96;4
C07;C07;Critico progressivo: Sem cinto sob chuva;Critico;Critico;0.39473739862442014;0.39473739862442014;R1_NORMAL;37;75;39;1;58;21;0;0.05000000819563866;0.37667974829673767;0.15056394040584564;96;4
C04;C04;Critico: Multiplas distracoes urbanas;Critico;Critico;0.5724959939718246;0.5724959939718246;R1_NORMAL;22;45;24;0;24;2;1;0.25391626358032227;0.20574624836444855;0.2126450091600418;96;4
C01;C01;Critico: Celular em alta velocidade;Critico;Critico;0.29102678298950196;0.29102678298950196;R3_FALSE_KIN;32;44;13;0;34;2;0;0.05000000819563866;0.14433099329471588;0.08750853687524796;96;4
C04;C04;Critico: Multiplas distracoes urbanas;Critico;Critico;0.3713889718055725;0.3713889718055725;R1_NORMAL;22;45;24;0;24;2;0;0.05000000819563866;0.19958482682704926;0.09344097226858139;96;4
C01;C01;Critico: Celular em alta velocidade;Critico;Critico;0.5373545199632644;0.5373545199632644;R2_STABLE_RISK;32;44;13;0;34;2;1;0.27107229828834534;0.1595442146062851;0.1947583705186844;96;4
N02;N02;Normal: Urbano moderado;Normal;Normal;0.050000007078051564;0.050000007078051564;R1_NORMAL;-1;-1;0;0;-1;-1;0;0.05000000819563866;0.032659996300935745;0.10479068756103516;96;4
C03;C03;Critico: Celular sem cinto sob chuva;Critico;Critico;0.3752959698438644;0.3752959698438644;R3_FALSE_KIN;26;41;16;0;28;2;0;0.05000000819563866;0.1854829043149948;0.15623581409454346;96;4
C07;C07;Critico progressivo: Sem cinto sob chuva;Critico;Critico;0.40415486246347426;0.40415486246347426;R1_NORMAL;37;75;39;1;55;18;0;0.05000000819563866;0.37534043192863464;0.16037239134311676;96;4
N01;N01;Normal: Viagem tranquila em rodovia;Normal;Normal;0.050000007078051564;0.050000007078051564;R2_STABLE_RISK;-1;-1;0;0;-1;-1;0;0.05000000819563866;0.03610572963953018;0.09664348512887955;96;4
N02;N02;Normal: Urbano moderado;Normal;Normal;0.050000007078051564;0.050000007078051564;R1_NORMAL;-1;-1;0;0;-1;-1;0;0.05000000819563866;0.031173624098300934;0.0938306525349617;96;4
N01;N01;Normal: Viagem tranquila em rodovia;Normal;Normal;0.050000007078051564;0.050000007078051564;R2_STABLE_RISK;-1;-1;0;0;-1;-1;0;0.05000000819563866;0.03778650984168053;0.08092831075191498;96;4
C04;C04;Critico: Multiplas distracoes urbanas;Critico;Critico;0.5636355549097061;0.5636355549097061;R1_NORMAL;22;45;24;0;24;2;1;0.20377226173877716;0.20056580007076263;0.20188112556934357;96;4
C02;C02;Critico: Fadiga com desvio cinematico;Critico;Critico;0.39378328174352645;0.39378328174352645;R2_STABLE_RISK;29;50;22;0;32;3;0;0.05000000819563866;0.09821804612874985;0.13453979790210724;96;4
C04;C04;Critico: Multiplas distracoes urbanas;Critico;Critico;0.3713889718055725;0.3713889718055725;R1_NORMAL;22;45;24;0;24;2;0;0.05000000819563866;0.20545728504657745;0.13462306559085846;96;4
C03;C03;Critico: Celular sem cinto sob chuva;Critico;Critico;0.3752959698438644;0.3752959698438644;R1_NORMAL;26;41;16;0;28;2;0;0.05000000819563866;0.18054331839084625;0.1320749819278717;96;4
C03;C03;Critico: Celular sem cinto sob chuva;Critico;Critico;0.3752959698438644;0.3752959698438644;R3_FALSE_KIN;26;41;16;0;28;2;0;0.05000000819563866;0.18288730084896088;0.11999989300966263;96;4
C02;C02;Critico: Fadiga com desvio cinematico;Critico;Critico;0.39378328174352645;0.39378328174352645;R1_NORMAL;29;50;22;0;32;3;0;0.05000000819563866;0.09370172023773193;0.1289864331483841;96;4
C04;C04;Critico: Multiplas distracoes urbanas;Critico;Critico;0.576784148812294;0.576784148812294;R1_NORMAL;22;45;24;0;24;2;1;0.26065438985824585;0.20693640410900116;0.23291176557540894;96;4
C08;C08;Critico progressivo: Distracao urbana multietapas;Critico;Critico;0.5179499834775925;0.5179499834775925;R1_NORMAL;28;77;50;1;50;22;1;0.31959834694862366;0.32201194763183594;0.1742328405380249;96;4
C09;C09;Critico progressivo: Bebida ao volante;Critico;Critico;0.3774857088923454;0.3774857088923454;R2_STABLE_RISK;38;73;36;1;56;18;0;0.05000000819563866;0.2487795352935791;0.11529580503702164;96;4
C01;C01;Critico: Celular em alta velocidade;Critico;Critico;0.5375572949647902;0.5375572949647902;R2_STABLE_RISK;32;44;13;0;34;2;1;0.27202358841896057;0.1580759435892105;0.16218820214271545;96;4
C01;C01;Critico: Celular em alta velocidade;Critico;Critico;0.29102678298950196;0.29102678298950196;R2_STABLE_RISK;32;44;13;0;34;2;0;0.05000000819563866;0.16010457277297974;0.13568206131458282;96;4
C04;C04;Critico: Multiplas distracoes urbanas;Critico;Critico;0.3713889718055725;0.3713889718055725;R2_STABLE_RISK;22;45;24;0;24;2;0;0.05000000819563866;0.19887597858905792;0.15959440171718597;96;4
C01;C01;Critico: Celular em alta velocidade;Critico;Critico;0.29102678298950196;0.29102678298950196;R2_STABLE_RISK;32;44;13;0;34;2;0;0.05000000819563866;0.14787262678146362;0.13944077491760254;96;4
C03;C03;Critico: Celular sem cinto sob chuva;Critico;Critico;0.3752959698438644;0.3752959698438644;R1_NORMAL;26;41;16;0;28;2;0;0.05000000819563866;0.1831573247909546;0.13618940114974976;96;4
C06;C06;Critico progressivo: Fadiga noturna;Critico;Critico;0.4565973818302155;0.4565973818302155;R2_STABLE_RISK;36;81;46;1;59;23;0;0.05000000819563866;0.16132476925849915;0.0930483266711235;96;4
C08;C08;Critico progressivo: Distracao urbana multietapas;Critico;Critico;0.4481231093406677;0.4481231093406677;R1_NORMAL;28;77;50;1;47;19;0;0.05000000819563866;0.31450167298316956;0.16793306171894073;96;4
N03;N03;Normal: Noite estável;Normal;Normal;0.050000007078051564;0.050000007078051564;R2_STABLE_RISK;-1;-1;0;0;-1;-1;0;0.05000000819563866;0.029560791328549385;0.11027107387781143;96;4
C03;C03;Critico: Celular sem cinto sob chuva;Critico;Critico;0.3752959698438644;0.3752959698438644;R1_NORMAL;26;41;16;0;28;2;0;0.05000000819563866;0.18925778567790985;0.1328340321779251;96;4
C02;C02;Critico: Fadiga com desvio cinematico;Critico;Critico;0.600487920641899;0.600487920641899;R2_STABLE_RISK;29;50;22;0;32;3;1;0.24187125265598297;0.09883669018745422;0.148873433470726;96;4
C08;C08;Critico progressivo: Distracao urbana multietapas;Critico;Critico;0.4579953014850616;0.4579953014850616;R1_NORMAL;28;77;50;1;51;23;0;0.05000000819563866;0.3206024467945099;0.15114319324493408;96;4
C05;C05;Critico progressivo: Celular em rodovia;Critico;Critico;0.38772612661123274;0.38772612661123274;R1_NORMAL;42;73;32;1;59;17;0;0.05000000819563866;0.32117006182670593;0.11458995193243027;96;4
C09;C09;Critico progressivo: Bebida ao volante;Critico;Critico;0.40536578297615056;0.40536578297615056;R1_NORMAL;38;73;36;1;61;23;0;0.05000000819563866;0.2443370372056961;0.12747527658939362;96;4
N02;N02;Normal: Urbano moderado;Normal;Normal;0.050000007078051564;0.050000007078051564;R1_NORMAL;-1;-1;0;0;-1;-1;0;0.05000000819563866;0.021252116188406944;0.08551183342933655;96;4
C10;C10;Critico progressivo: Grooming em rodovia com fadiga;Critico;Critico;0.39337596148252485;0.39337596148252485;R2_STABLE_RISK;40;81;42;1;67;27;0;0.05000000819563866;0.19797168672084808;0.13787393271923065;96;4
C08;C08;Critico progressivo: Distracao urbana multietapas;Critico;Critico;0.4970781236886978;0.4970781236886978;R2_STABLE_RISK;28;77;50;1;51;23;1;0.3234110176563263;0.31992974877357483;0.17700713872909546;96;4
C01;C01;Critico: Celular em alta velocidade;Critico;Critico;0.29102678298950196;0.29102678298950196;R1_NORMAL;32;44;13;0;34;2;0;0.05000000819563866;0.16154475510120392;0.13405175507068634;96;4
C03;C03;Critico: Celular sem cinto sob chuva;Critico;Critico;0.3752959698438644;0.3752959698438644;R2_STABLE_RISK;26;41;16;0;28;2;0;0.05000000819563866;0.18625591695308685;0.14690953493118286;96;4
N03;N03;Normal: Noite estável;Normal;Normal;0.050000007078051564;0.050000007078051564;R1_NORMAL;-1;-1;0;0;-1;-1;0;0.05000000819563866;0.03012177348136902;0.11562152951955795;96;4
C09;C09;Critico progressivo: Bebida ao volante;Critico;Critico;0.3919141843914985;0.3919141843914985;R1_NORMAL;38;73;36;1;57;19;0;0.05000000819563866;0.2516185939311981;0.10933682322502136;96;4
C03;C03;Critico: Celular sem cinto sob chuva;Critico;Critico;0.3752959698438644;0.3752959698438644;R1_NORMAL;26;41;16;0;28;2;0;0.05000000819563866;0.18539343774318695;0.09812410920858383;96;4
C07;C07;Critico progressivo: Sem cinto sob chuva;Critico;Critico;0.47466840744018557;0.47466840744018557;R3_FALSE_KIN;37;75;39;1;57;20;1;0.28328248858451843;0.37550273537635803;0.13490693271160126;96;4
C06;C06;Critico progressivo: Fadiga noturna;Critico;Critico;0.40925084501504894;0.40925084501504894;R1_NORMAL;36;81;46;1;62;26;0;0.05000000819563866;0.1557748168706894;0.12657834589481354;96;4
C01;C01;Critico: Celular em alta velocidade;Critico;Critico;0.29102678298950196;0.29102678298950196;R1_NORMAL;32;44;13;0;34;2;0;0.05000000819563866;0.15915462374687195;0.12619929015636444;96;4
N03;N03;Normal: Noite estável;Normal;Normal;0.050000007078051564;0.050000007078051564;R3_FALSE_KIN;-1;-1;0;0;-1;-1;0;0.05000000819563866;0.031060850247740746;0.09425443410873413;96;4
C01;C01;Critico: Celular em alta velocidade;Critico;Critico;0.5303317219018936;0.5303317219018936;R3_FALSE_KIN;32;44;13;0;34;2;1;0.23812337219715118;0.15658557415008545;0.13023744523525238;96;4
C05;C05;Critico progressivo: Celular em rodovia;Critico;Critico;0.3715921565890312;0.3715921565890312;R2_STABLE_RISK;42;73;32;1;61;19;0;0.05000000819563866;0.3136472702026367;0.12687696516513824;96;4
N01;N01;Normal: Viagem tranquila em rodovia;Normal;Normal;0.050000007078051564;0.050000007078051564;R1_NORMAL;-1;-1;0;0;-1;-1;0;0.05000000819563866;0.03163557127118111;0.11235605925321579;96;4
N01;N01;Normal: Viagem tranquila em rodovia;Normal;Normal;0.050000007078051564;0.050000007078051564;R3_FALSE_KIN;-1;-1;0;0;-1;-1;0;0.05000000819563866;0.03565417230129242;0.10930114984512329;96;4
C04;C04;Critico: Multiplas distracoes urbanas;Critico;Critico;0.3713889718055725;0.3713889718055725;R1_NORMAL;22;45;24;0;24;2;0;0.05000000819563866;0.19756264984607697;0.1147332414984703;96;4
C06;C06;Critico progressivo: Fadiga noturna;Critico;Critico;0.4207428082823753;0.4207428082823753;R1_NORMAL;36;81;46;1;58;22;0;0.05000000819563866;0.15644888579845428;0.1330675631761551;96;4
C09;C09;Critico progressivo: Bebida ao volante;Critico;Critico;0.38914812356233597;0.38914812356233597;R2_STABLE_RISK;38;73;36;1;55;17;0;0.05000000819563866;0.25007250905036926;0.1411515176296234;96;4
C05;C05;Critico progressivo: Celular em rodovia;Critico;Critico;0.452322968840599;0.452322968840599;R3_FALSE_KIN;42;73;32;1;59;17;1;0.27256065607070923;0.3125517964363098;0.1527492254972458;96;4
N01;N01;Normal: Viagem tranquila em rodovia;Normal;Normal;0.050000007078051564;0.050000007078051564;R2_STABLE_RISK;-1;-1;0;0;-1;-1;0;0.05000000819563866;0.03140552341938019;0.08769924193620682;96;4
C02;C02;Critico: Fadiga com desvio cinematico;Critico;Critico;0.6045472711324691;0.6045472711324691;R1_NORMAL;29;50;22;0;32;3;1;0.2766324281692505;0.09822709113359451;0.15268880128860474;96;4
C09;C09;Critico progressivo: Bebida ao volante;Critico;Critico;0.487703588604927;0.487703588604927;R3_FALSE_KIN;38;73;36;1;59;21;1;0.26975518465042114;0.2554258704185486;0.154119610786438;96;4
C08;C08;Critico progressivo: Distracao urbana multietapas;Critico;Critico;0.4999913930892944;0.4999913930892944;R1_NORMAL;28;77;50;1;56;28;1;0.2942066192626953;0.31472519040107727;0.21449196338653564;96;4
N03;N03;Normal: Noite estável;Normal;Normal;0.050000007078051564;0.050000007078051564;R1_NORMAL;-1;-1;0;0;-1;-1;0;0.05000000819563866;0.03559660539031029;0.1035083755850792;96;4
C08;C08;Critico progressivo: Distracao urbana multietapas;Critico;Critico;0.4116753220558166;0.4116753220558166;R2_STABLE_RISK;28;77;50;1;56;28;0;0.05000000819563866;0.3170904815196991;0.1252330094575882;96;4
C03;C03;Critico: Celular sem cinto sob chuva;Critico;Critico;0.3752959698438644;0.3752959698438644;R1_NORMAL;26;41;16;0;28;2;0;0.05000000819563866;0.18572963774204254;0.1323813796043396;96;4
N02;N02;Normal: Urbano moderado;Normal;Normal;0.050000007078051564;0.050000007078051564;R3_FALSE_KIN;-1;-1;0;0;-1;-1;0;0.05000000819563866;0.03290698304772377;0.14072437584400177;96;4
N01;N01;Normal: Viagem tranquila em rodovia;Normal;Normal;0.050000007078051564;0.050000007078051564;R2_STABLE_RISK;-1;-1;0;0;-1;-1;0;0.05000000819563866;0.03297038748860359;0.09938868135213852;96;4
C02;C02;Critico: Fadiga com desvio cinematico;Critico;Critico;0.6008309930562973;0.6008309930562973;R2_STABLE_RISK;29;50;22;0;32;3;1;0.2623760402202606;0.08933856338262558;0.19712452590465546;96;4
N02;N02;Normal: Urbano moderado;Normal;Normal;0.050000007078051564;0.050000007078051564;R3_FALSE_KIN;-1;-1;0;0;-1;-1;0;0.05000000819563866;0.030932730063796043;0.13212911784648895;96;4
C03;C03;Critico: Celular sem cinto sob chuva;Critico;Critico;0.6194308787584304;0.6194308787584304;R2_STABLE_RISK;26;41;16;0;28;2;1;0.2684466242790222;0.18269522488117218;0.18157832324504852;96;4
C09;C09;Critico progressivo: Bebida ao volante;Critico;Critico;0.4653270870447158;0.4653270870447158;R1_NORMAL;38;73;36;1;60;22;1;0.2803514003753662;0.24543054401874542;0.18687517940998077;96;4
N01;N01;Normal: Viagem tranquila em rodovia;Normal;Normal;0.050000007078051564;0.050000007078051564;R1_NORMAL;-1;-1;0;0;-1;-1;0;0.05000000819563866;0.031131714582443237;0.09433255344629288;96;4
N02;N02;Normal: Urbano moderado;Normal;Normal;0.050000007078051564;0.050000007078051564;R2_STABLE_RISK;-1;-1;0;0;-1;-1;0;0.05000000819563866;0.03295142576098442;0.10394734144210815;96;4
C03;C03;Critico: Celular sem cinto sob chuva;Critico;Critico;0.3752959698438644;0.3752959698438644;R2_STABLE_RISK;26;41;16;0;28;2;0;0.05000000819563866;0.18434445559978485;0.14125168323516846;96;4
N02;N02;Normal: Urbano moderado;Normal;Normal;0.050000007078051564;0.050000007078051564;R2_STABLE_RISK;-1;-1;0;0;-1;-1;0;0.05000000819563866;0.03417157754302025;0.09774181991815567;96;4
C09;C09;Critico progressivo: Bebida ao volante;Critico;Critico;0.3841110065579414;0.3841110065579414;R1_NORMAL;38;73;36;1;56;18;0;0.05000000819563866;0.25238195061683655;0.14181672036647797;96;4
N01;N01;Normal: Viagem tranquila em rodovia;Normal;Normal;0.050000007078051564;0.050000007078051564;R2_STABLE_RISK;-1;-1;0;0;-1;-1;0;0.05000000819563866;0.033842917531728745;0.10562187433242798;96;4
C02;C02;Critico: Fadiga com desvio cinematico;Critico;Critico;0.39378328174352645;0.39378328174352645;R3_FALSE_KIN;29;50;22;0;32;3;0;0.05000000819563866;0.0981002151966095;0.13863013684749603;96;4
C01;C01;Critico: Celular em alta velocidade;Critico;Critico;0.29102678298950196;0.29102678298950196;R2_STABLE_RISK;32;44;13;0;34;2;0;0.05000000819563866;0.1515665501356125;0.08651844412088394;96;4
C04;C04;Critico: Multiplas distracoes urbanas;Critico;Critico;0.3713889718055725;0.3713889718055725;R1_NORMAL;22;45;24;0;24;2;0;0.05000000819563866;0.19749818742275238;0.14846967160701752;96;4
C01;C01;Critico: Celular em alta velocidade;Critico;Critico;0.5364489883184433;0.5364489883184433;R3_FALSE_KIN;32;44;13;0;34;2;1;0.27335071563720703;0.1575164943933487;0.15428070724010468;96;4
N03;N03;Normal: Noite estável;Normal;Normal;0.050000007078051564;0.050000007078051564;R2_STABLE_RISK;-1;-1;0;0;-1;-1;0;0.05000000819563866;0.029084062203764915;0.1047535315155983;96;4
C05;C05;Critico progressivo: Celular em rodovia;Critico;Critico;0.3978583231568336;0.3978583231568336;R2_STABLE_RISK;42;73;32;1;57;15;0;0.05000000819563866;0.31949207186698914;0.150705948472023;96;4
C03;C03;Critico: Celular sem cinto sob chuva;Critico;Critico;0.3752959698438644;0.3752959698438644;R2_STABLE_RISK;26;41;16;0;28;2;0;0.05000000819563866;0.18939697742462158;0.16095511615276337;96;4
C01;C01;Critico: Celular em alta velocidade;Critico;Critico;0.5237058788537978;0.5237058788537978;R2_STABLE_RISK;32;44;13;0;34;2;1;0.24584448337554932;0.15742357075214386;0.23427818715572357;96;4
C10;C10;Critico progressivo: Grooming em rodovia com fadiga;Critico;Critico;0.42425830513238905;0.42425830513238905;R2_STABLE_RISK;40;81;42;1;60;20;0;0.05000000819563866;0.20131194591522217;0.1405888795852661;96;4
C04;C04;Critico: Multiplas distracoes urbanas;Critico;Critico;0.3713889718055725;0.3713889718055725;R2_STABLE_RISK;22;45;24;0;24;2;0;0.05000000819563866;0.20021557807922363;0.1429457664489746;96;4
C06;C06;Critico progressivo: Fadiga noturna;Critico;Critico;0.5120481044054032;0.5120481044054032;R1_NORMAL;36;81;46;1;54;18;1;0.3434331715106964;0.16018541157245636;0.16111969947814941;96;4
N01;N01;Normal: Viagem tranquila em rodovia;Normal;Normal;0.050000007078051564;0.050000007078051564;R3_FALSE_KIN;-1;-1;0;0;-1;-1;0;0.05000000819563866;0.033605411648750305;0.11316899210214615;96;4
C03;C03;Critico: Celular sem cinto sob chuva;Critico;Critico;0.3752959698438644;0.3752959698438644;R1_NORMAL;26;41;16;0;28;2;0;0.05000000819563866;0.18599604070186615;0.10389401763677597;96;4
C06;C06;Critico progressivo: Fadiga noturna;Critico;Critico;0.4576004922389984;0.4576004922389984;R1_NORMAL;36;81;46;1;61;25;1;0.32188645005226135;0.15583960711956024;0.15275056660175323;96;4
C01;C01;Critico: Celular em alta velocidade;Critico;Critico;0.5151999533176422;0.5151999533176422;R2_STABLE_RISK;32;44;13;0;34;2;1;0.17570237815380096;0.15404914319515228;0.1686050146818161;96;4
N01;N01;Normal: Viagem tranquila em rodovia;Normal;Normal;0.050000007078051564;0.050000007078051564;R2_STABLE_RISK;-1;-1;0;0;-1;-1;0;0.05000000819563866;0.03270566463470459;0.08173388242721558;96;4
C03;C03;Critico: Celular sem cinto sob chuva;Critico;Critico;0.3752959698438644;0.3752959698438644;R1_NORMAL;26;41;16;0;28;2;0;0.05000000819563866;0.18599839508533478;0.11300066858530045;96;4
N03;N03;Normal: Noite estável;Normal;Normal;0.050000007078051564;0.050000007078051564;R2_STABLE_RISK;-1;-1;0;0;-1;-1;0;0.05000000819563866;0.027149593457579613;0.07204685360193253;96;4
N03;N03;Normal: Noite estável;Normal;Normal;0.050000007078051564;0.050000007078051564;R1_NORMAL;-1;-1;0;0;-1;-1;0;0.05000000819563866;0.03071504272520542;0.08409108966588974;96;4
C07;C07;Critico progressivo: Sem cinto sob chuva;Critico;Critico;0.40793557614088055;0.40793557614088055;R2_STABLE_RISK;37;75;39;1;61;24;0;0.05000000819563866;0.3749677240848541;0.10569199174642563;96;4
C07;C07;Critico progressivo: Sem cinto sob chuva;Critico;Critico;0.4099783137440681;0.4099783137440681;R1_NORMAL;37;75;39;1;54;17;0;0.05000000819563866;0.3845137357711792;0.15025193989276886;96;4
C05;C05;Critico progressivo: Celular em rodovia;Critico;Critico;0.4765533238649368;0.4765533238649368;R1_NORMAL;42;73;32;1;59;17;1;0.2428251951932907;0.32409045100212097;0.16596968472003937;96;4
N03;N03;Normal: Noite estável;Normal;Normal;0.050000007078051564;0.050000007078051564;R2_STABLE_RISK;-1;-1;0;0;-1;-1;0;0.05000000819563866;0.03166269510984421;0.09343153983354568;96;4
C02;C02;Critico: Fadiga com desvio cinematico;Critico;Critico;0.39378328174352645;0.39378328174352645;R2_STABLE_RISK;29;50;22;0;32;3;0;0.05000000819563866;0.09576752036809921;0.0993923619389534;96;4
C02;C02;Critico: Fadiga com desvio cinematico;Critico;Critico;0.39378328174352645;0.39378328174352645;R1_NORMAL;29;50;22;0;32;3;0;0.05000000819563866;0.10296843200922012;0.12404140084981918;96;4
C07;C07;Critico progressivo: Sem cinto sob chuva;Critico;Critico;0.4678630024194717;0.4678630024194717;R1_NORMAL;37;75;39;1;59;22;1;0.32217279076576233;0.3784242868423462;0.14161527156829834;96;4
N01;N01;Normal: Viagem tranquila em rodovia;Normal;Normal;0.050000007078051564;0.050000007078051564;R3_FALSE_KIN;-1;-1;0;0;-1;-1;0;0.05000000819563866;0.03199480473995209;0.12699420750141144;96;4
C06;C06;Critico progressivo: Fadiga noturna;Critico;Critico;0.41839093118906023;0.41839093118906023;R3_FALSE_KIN;36;81;46;1;58;22;0;0.05000000819563866;0.15652382373809814;0.11696252971887589;96;4
C02;C02;Critico: Fadiga com desvio cinematico;Critico;Critico;0.6067800164222716;0.6067800164222716;R3_FALSE_KIN;29;50;22;0;32;3;1;0.2743241786956787;0.10383198410272598;0.24621327221393585;96;4
N02;N02;Normal: Urbano moderado;Normal;Normal;0.050000007078051564;0.050000007078051564;R1_NORMAL;-1;-1;0;0;-1;-1;0;0.05000000819563866;0.03423863276839256;0.07645022869110107;96;4
C02;C02;Critico: Fadiga com desvio cinematico;Critico;Critico;0.6035866767168045;0.6035866767168045;R1_NORMAL;29;50;22;0;32;3;1;0.2578538656234741;0.09632903337478638;0.1227254793047905;96;4
C01;C01;Critico: Celular em alta velocidade;Critico;Critico;0.29102678298950196;0.29102678298950196;R2_STABLE_RISK;32;44;13;0;34;2;0;0.05000000819563866;0.15506012737751007;0.13364277780056;96;4
C01;C01;Critico: Celular em alta velocidade;Critico;Critico;0.29102678298950196;0.29102678298950196;R1_NORMAL;32;44;13;0;34;2;0;0.05000000819563866;0.15596267580986023;0.1340550184249878;96;4
C03;C03;Critico: Celular sem cinto sob chuva;Critico;Critico;0.6199197024106979;0.6199197024106979;R1_NORMAL;26;41;16;0;28;2;1;0.25160667300224304;0.18742738664150238;0.1799359768629074;96;4
C01;C01;Critico: Celular em alta velocidade;Critico;Critico;0.29102678298950196;0.29102678298950196;R1_NORMAL;32;44;13;0;34;2;0;0.05000000819563866;0.14832986891269684;0.12752114236354828;96;4
C10;C10;Critico progressivo: Grooming em rodovia com fadiga;Critico;Critico;0.4500816375017166;0.4500816375017166;R2_STABLE_RISK;40;81;42;1;64;24;1;0.30753615498542786;0.1981017142534256;0.1420098841190338;96;4
C09;C09;Critico progressivo: Bebida ao volante;Critico;Critico;0.47358012199401855;0.47358012199401855;R3_FALSE_KIN;38;73;36;1;56;18;1;0.2697742283344269;0.25455358624458313;0.16315649449825287;96;4
C08;C08;Critico progressivo: Distracao urbana multietapas;Critico;Critico;0.4507759913802147;0.4507759913802147;R1_NORMAL;28;77;50;1;57;29;0;0.05000000819563866;0.31131240725517273;0.16942198574543;96;4
N02;N02;Normal: Urbano moderado;Normal;Normal;0.050000007078051564;0.050000007078051564;R1_NORMAL;-1;-1;0;0;-1;-1;0;0.05000000819563866;0.027428315952420235;0.07875631004571915;96;4
N02;N02;Normal: Urbano moderado;Normal;Normal;0.050000007078051564;0.050000007078051564;R1_NORMAL;-1;-1;0;0;-1;-1;0;0.05000000819563866;0.03453025594353676;0.0837334394454956;96;4
C09;C09;Critico progressivo: Bebida ao volante;Critico;Critico;0.37004867792129514;0.37004867792129514;R1_NORMAL;38;73;36;1;59;21;0;0.05000000819563866;0.24394457042217255;0.1284523606300354;96;4
C06;C06;Critico progressivo: Fadiga noturna;Critico;Critico;0.41300020217895506;0.41300020217895506;R1_NORMAL;36;81;46;1;60;24;0;0.05000000819563866;0.1539003998041153;0.1256260871887207;96;4
C04;C04;Critico: Multiplas distracoes urbanas;Critico;Critico;0.3713889718055725;0.3713889718055725;R2_STABLE_RISK;22;45;24;0;24;2;0;0.05000000819563866;0.20120851695537567;0.18500106036663055;96;4
C04;C04;Critico: Multiplas distracoes urbanas;Critico;Critico;0.5722106188535689;0.5722106188535689;R2_STABLE_RISK;22;45;24;0;24;2;1;0.2725732624530792;0.2104988843202591;0.13700003921985626;96;4
N03;N03;Normal: Noite estável;Normal;Normal;0.050000007078051564;0.050000007078051564;R3_FALSE_KIN;-1;-1;0;0;-1;-1;0;0.05000000819563866;0.03186435624957085;0.10028459876775742;96;4
C08;C08;Critico progressivo: Distracao urbana multietapas;Critico;Critico;0.5254909425973892;0.5254909425973892;R2_STABLE_RISK;28;77;50;1;54;26;1;0.34722089767456055;0.3181799650192261;0.15096500515937805;96;4
C09;C09;Critico progressivo: Bebida ao volante;Critico;Critico;0.41048419326543806;0.41048419326543806;R3_FALSE_KIN;38;73;36;1;56;18;0;0.05000000819563866;0.2548176944255829;0.13810265064239502;96;4
C01;C01;Critico: Celular em alta velocidade;Critico;Critico;0.29102678298950196;0.29102678298950196;R3_FALSE_KIN;32;44;13;0;34;2;0;0.05000000819563866;0.15471653640270233;0.13661885261535645;96;4
C03;C03;Critico: Celular sem cinto sob chuva;Critico;Critico;0.3752959698438644;0.3752959698438644;R1_NORMAL;26;41;16;0;28;2;0;0.05000000819563866;0.18102021515369415;0.15175707638263702;96;4
C08;C08;Critico progressivo: Distracao urbana multietapas;Critico;Critico;0.49106613099575036;0.49106613099575036;R1_NORMAL;28;77;50;1;56;28;1;0.2857530415058136;0.3135037422180176;0.13595783710479736;96;4
N02;N02;Normal: Urbano moderado;Normal;Normal;0.050000007078051564;0.050000007078051564;R1_NORMAL;-1;-1;0;0;-1;-1;0;0.05000000819563866;0.02978089451789856;0.11428093165159225;96;4
N03;N03;Normal: Noite estável;Normal;Normal;0.050000007078051564;0.050000007078051564;R1_NORMAL;-1;-1;0;0;-1;-1;0;0.05000000819563866;0.03371304273605347;0.07900810986757278;96;4
C06;C06;Critico progressivo: Fadiga noturna;Critico;Critico;0.4360299482941627;0.4360299482941627;R1_NORMAL;36;81;46;1;65;29;0;0.05000000819563866;0.16174477338790894;0.13414330780506134;96;4
C08;C08;Critico progressivo: Distracao urbana multietapas;Critico;Critico;0.45413087904453275;0.45413087904453275;R2_STABLE_RISK;28;77;50;1;49;21;0;0.05000000819563866;0.31619343161582947;0.13426794111728668;96;4
C02;C02;Critico: Fadiga com desvio cinematico;Critico;Critico;0.39378328174352645;0.39378328174352645;R2_STABLE_RISK;29;50;22;0;32;3;0;0.05000000819563866;0.09653464704751968;0.10165760666131973;96;4
C01;C01;Critico: Celular em alta velocidade;Critico;Critico;0.29102678298950196;0.29102678298950196;R2_STABLE_RISK;32;44;13;0;34;2;0;0.05000000819563866;0.15555717051029205;0.11803523451089859;96;4
N01;N01;Normal: Viagem tranquila em rodovia;Normal;Normal;0.050000007078051564;0.050000007078051564;R2_STABLE_RISK;-1;-1;0;0;-1;-1;0;0.05000000819563866;0.03534214198589325;0.12067002058029175;96;4
N01;N01;Normal: Viagem tranquila em rodovia;Normal;Normal;0.050000007078051564;0.050000007078051564;R2_STABLE_RISK;-1;-1;0;0;-1;-1;0;0.05000000819563866;0.029325591400265694;0.09926118701696396;96;4
C02;C02;Critico: Fadiga com desvio cinematico;Critico;Critico;0.39378328174352645;0.39378328174352645;R1_NORMAL;29;50;22;0;32;3;0;0.05000000819563866;0.09907182306051254;0.13207028806209564;96;4
C07;C07;Critico progressivo: Sem cinto sob chuva;Critico;Critico;0.49238341152667997;0.49238341152667997;R3_FALSE_KIN;37;75;39;1;56;19;1;0.30843761563301086;0.3860456049442291;0.1454101949930191;96;4
C05;C05;Critico progressivo: Celular em rodovia;Critico;Critico;0.45712257027626035;0.45712257027626035;R2_STABLE_RISK;42;73;32;1;58;16;1;0.28438106179237366;0.30946505069732666;0.14485298097133636;96;4
N02;N02;Normal: Urbano moderado;Normal;Normal;0.050000007078051564;0.050000007078051564;R1_NORMAL;-1;-1;0;0;-1;-1;0;0.05000000819563866;0.026893168687820435;0.11302942782640457;96;4
C09;C09;Critico progressivo: Bebida ao volante;Critico;Critico;0.3996945023536682;0.3996945023536682;R1_NORMAL;38;73;36;1;61;23;0;0.05000000819563866;0.24593575298786163;0.1618371307849884;96;4
C02;C02;Critico: Fadiga com desvio cinematico;Critico;Critico;0.39378328174352645;0.39378328174352645;R2_STABLE_RISK;29;50;22;0;32;3;0;0.05000000819563866;0.10059195011854172;0.13226193189620972;96;4
C08;C08;Critico progressivo: Distracao urbana multietapas;Critico;Critico;0.43479479551315303;0.43479479551315303;R2_STABLE_RISK;28;77;50;1;56;28;0;0.05000000819563866;0.31747546792030334;0.15695862472057343;96;4
C10;C10;Critico progressivo: Grooming em rodovia com fadiga;Critico;Critico;0.3984204292297363;0.3984204292297363;R3_FALSE_KIN;40;81;42;1;63;23;0;0.05000000819563866;0.20094196498394012;0.1242188811302185;96;4
C09;C09;Critico progressivo: Bebida ao volante;Critico;Critico;0.41970531940460204;0.41970531940460204;R1_NORMAL;38;73;36;1;56;18;0;0.05000000819563866;0.2521713376045227;0.15218102931976318;96;4
C08;C08;Critico progressivo: Distracao urbana multietapas;Critico;Critico;0.4809431225061417;0.4809431225061417;R1_NORMAL;28;77;50;1;49;21;0;0.05000000819563866;0.32356035709381104;0.14995910227298737;96;4
C02;C02;Critico: Fadiga com desvio cinematico;Critico;Critico;0.39378328174352645;0.39378328174352645;R3_FALSE_KIN;29;50;22;0;32;3;0;0.05000000819563866;0.09972021728754044;0.13438598811626434;96;4
C08;C08;Critico progressivo: Distracao urbana multietapas;Critico;Critico;0.4409309089183807;0.4409309089183807;R1_NORMAL;28;77;50;1;54;26;0;0.05000000819563866;0.31825289130210876;0.1014489158987999;96;4
C02;C02;Critico: Fadiga com desvio cinematico;Critico;Critico;0.6065136343240738;0.6065136343240738;R1_NORMAL;29;50;22;0;32;3;1;0.27295026183128357;0.10276492685079575;0.1874387413263321;96;4
N01;N01;Normal: Viagem tranquila em rodovia;Normal;Normal;0.050000007078051564;0.050000007078051564;R1_NORMAL;-1;-1;0;0;-1;-1;0;0.05000000819563866;0.03549768403172493;0.11232399940490723;96;4
C05;C05;Critico progressivo: Celular em rodovia;Critico;Critico;0.3902910158038139;0.3902910158038139;R3_FALSE_KIN;42;73;32;1;58;16;0;0.05000000819563866;0.31986960768699646;0.09899295121431351;96;4
C05;C05;Critico progressivo: Celular em rodovia;Critico;Critico;0.37486471533775323;0.37486471533775323;R3_FALSE_KIN;42;73;32;1;58;16;0;0.05000000819563866;0.319775253534317;0.14667057991027832;96;4
C05;C05;Critico progressivo: Celular em rodovia;Critico;Critico;0.37097294479608534;0.37097294479608534;R1_NORMAL;42;73;32;1;60;18;0;0.05000000819563866;0.31027752161026;0.14693443477153778;96;4
C09;C09;Critico progressivo: Bebida ao volante;Critico;Critico;0.4703809410333633;0.4703809410333633;R1_NORMAL;38;73;36;1;58;20;1;0.2916979491710663;0.24967271089553833;0.1498766392469406;96;4
C02;C02;Critico: Fadiga com desvio cinematico;Critico;Critico;0.39378328174352645;0.39378328174352645;R3_FALSE_KIN;29;50;22;0;32;3;0;0.05000000819563866;0.09642639011144638;0.1619500368833542;96;4
C06;C06;Critico progressivo: Fadiga noturna;Critico;Critico;0.4444832518696785;0.4444832518696785;R1_NORMAL;36;81;46;1;58;22;0;0.05000000819563866;0.1663358211517334;0.1358022689819336;96;4
N03;N03;Normal: Noite estável;Normal;Normal;0.050000007078051564;0.050000007078051564;R2_STABLE_RISK;-1;-1;0;0;-1;-1;0;0.05000000819563866;0.036409299820661545;0.0816180408000946;96;4
N02;N02;Normal: Urbano moderado;Normal;Normal;0.050000007078051564;0.050000007078051564;R3_FALSE_KIN;-1;-1;0;0;-1;-1;0;0.05000000819563866;0.03216768428683281;0.08659454435110092;96;4
C05;C05;Critico progressivo: Celular em rodovia;Critico;Critico;0.39123996943235395;0.39123996943235395;R1_NORMAL;42;73;32;1;57;15;0;0.05000000819563866;0.3210923373699188;0.11066124588251114;96;4
C01;C01;Critico: Celular em alta velocidade;Critico;Critico;0.29102678298950196;0.29102678298950196;R1_NORMAL;32;44;13;0;34;2;0;0.05000000819563866;0.15181531012058258;0.10662772506475449;96;4
C08;C08;Critico progressivo: Distracao urbana multietapas;Critico;Critico;0.44817625284194945;0.44817625284194945;R1_NORMAL;28;77;50;1;50;22;0;0.05000000819563866;0.3163064420223236;0.1380230337381363;96;4
C03;C03;Critico: Celular sem cinto sob chuva;Critico;Critico;0.3752959698438644;0.3752959698438644;R3_FALSE_KIN;26;41;16;0;28;2;0;0.05000000819563866;0.1890416145324707;0.1674555540084839;96;4
C10;C10;Critico progressivo: Grooming em rodovia com fadiga;Critico;Critico;0.3711357042193413;0.3711357042193413;R1_NORMAL;40;81;42;1;62;22;0;0.05000000819563866;0.20066668093204498;0.11793085187673569;96;4
C05;C05;Critico progressivo: Celular em rodovia;Critico;Critico;0.37979364991188047;0.37979364991188047;R2_STABLE_RISK;42;73;32;1;59;17;0;0.05000000819563866;0.3144349753856659;0.14875900745391846;96;4
C07;C07;Critico progressivo: Sem cinto sob chuva;Critico;Critico;0.39504224061965937;0.39504224061965937;R3_FALSE_KIN;37;75;39;1;57;20;0;0.05000000819563866;0.3783518373966217;0.11870258301496506;96;4
C04;C04;Critico: Multiplas distracoes urbanas;Critico;Critico;0.5613654375076294;0.5613654375076294;R2_STABLE_RISK;22;45;24;0;24;2;1;0.2188432216644287;0.20940005779266357;0.20044279098510742;96;4
C01;C01;Critico: Celular em alta velocidade;Critico;Critico;0.533205297589302;0.533205297589302;R2_STABLE_RISK;32;44;13;0;34;2;1;0.26720884442329407;0.16206197440624237;0.20169152319431305;96;4
C01;C01;Critico: Celular em alta velocidade;Critico;Critico;0.5237634986639023;0.5237634986639023;R2_STABLE_RISK;32;44;13;0;34;2;1;0.2433977723121643;0.15299482643604279;0.16047324240207672;96;4
N01;N01;Normal: Viagem tranquila em rodovia;Normal;Normal;0.050000007078051564;0.050000007078051564;R1_NORMAL;-1;-1;0;0;-1;-1;0;0.05000000819563866;0.029080048203468323;0.12537269294261932;96;4
C01;C01;Critico: Celular em alta velocidade;Critico;Critico;0.29102678298950196;0.29102678298950196;R1_NORMAL;32;44;13;0;34;2;0;0.05000000819563866;0.15183025598526;0.14689354598522186;96;4
N01;N01;Normal: Viagem tranquila em rodovia;Normal;Normal;0.050000007078051564;0.050000007078051564;R2_STABLE_RISK;-1;-1;0;0;-1;-1;0;0.05000000819563866;0.033136527985334396;0.08208298683166504;96;4
N03;N03;Normal: Noite estável;Normal;Normal;0.050000007078051564;0.050000007078051564;R2_STABLE_RISK;-1;-1;0;0;-1;-1;0;0.05000000819563866;0.030131058767437935;0.10538434982299805;96;4
C07;C07;Critico progressivo: Sem cinto sob chuva;Critico;Critico;0.4839202374219894;0.4839202374219894;R1_NORMAL;37;75;39;1;62;25;1;0.2985527515411377;0.37949204444885254;0.17967788875102997;96;4
N03;N03;Normal: Noite estável;Normal;Normal;0.050000007078051564;0.050000007078051564;R2_STABLE_RISK;-1;-1;0;0;-1;-1;0;0.05000000819563866;0.0358971543610096;0.08740801364183426;96;4
N01;N01;Normal: Viagem tranquila em rodovia;Normal;Normal;0.050000007078051564;0.050000007078051564;R1_NORMAL;-1;-1;0;0;-1;-1;0;0.05000000819563866;0.03225758671760559;0.10785941034555435;96;4
C05;C05;Critico progressivo: Celular em rodovia;Critico;Critico;0.361051732301712;0.361051732301712;R3_FALSE_KIN;42;73;32;1;57;15;0;0.05000000819563866;0.3161107003688812;0.11828374117612839;96;4
C06;C06;Critico progressivo: Fadiga noturna;Critico;Critico;0.4128257140517234;0.4128257140517234;R3_FALSE_KIN;36;81;46;1;59;23;0;0.05000000819563866;0.153438001871109;0.10477135330438614;96;4
N01;N01;Normal: Viagem tranquila em rodovia;Normal;Normal;0.050000007078051564;0.050000007078051564;R1_NORMAL;-1;-1;0;0;-1;-1;0;0.05000000819563866;0.03675634786486626;0.08225525170564651;96;4
C07;C07;Critico progressivo: Sem cinto sob chuva;Critico;Critico;0.38292736411094663;0.38292736411094663;R3_FALSE_KIN;37;75;39;1;56;19;0;0.05000000819563866;0.3804112374782562;0.13499332964420319;96;4
C08;C08;Critico progressivo: Distracao urbana multietapas;Critico;Critico;0.42898795455694194;0.42898795455694194;R1_NORMAL;28;77;50;1;53;25;0;0.05000000819563866;0.31047093868255615;0.14209969341754913;96;4
C02;C02;Critico: Fadiga com desvio cinematico;Critico;Critico;0.39378328174352645;0.39378328174352645;R2_STABLE_RISK;29;50;22;0;32;3;0;0.05000000819563866;0.09275609999895096;0.10353397578001022;96;4
C01;C01;Critico: Celular em alta velocidade;Critico;Critico;0.29102678298950196;0.29102678298950196;R2_STABLE_RISK;32;44;13;0;34;2;0;0.05000000819563866;0.1534324735403061;0.11579859256744385;96;4
C09;C09;Critico progressivo: Bebida ao volante;Critico;Critico;0.3869661286473274;0.3869661286473274;R1_NORMAL;38;73;36;1;57;19;0;0.05000000819563866;0.24830959737300873;0.12205898016691208;96;4
N03;N03;Normal: Noite estável;Normal;Normal;0.050000007078051564;0.050000007078051564;R1_NORMAL;-1;-1;0;0;-1;-1;0;0.05000000819563866;0.03308209776878357;0.1343887448310852;96;4
C10;C10;Critico progressivo: Grooming em rodovia com fadiga;Critico;Critico;0.4435598865151405;0.4435598865151405;R3_FALSE_KIN;40;81;42;1;59;19;0;0.05000000819563866;0.19614996016025543;0.12220650911331177;96;4
C08;C08;Critico progressivo: Distracao urbana multietapas;Critico;Critico;0.49593500792980194;0.49593500792980194;R2_STABLE_RISK;28;77;50;1;57;29;1;0.30500948429107666;0.3116074502468109;0.1578056663274765;96;4
C07;C07;Critico progressivo: Sem cinto sob chuva;Critico;Critico;0.4046369135379791;0.4046369135379791;R2_STABLE_RISK;37;75;39;1;58;21;0;0.05000000819563866;0.3816603720188141;0.14505358040332794;96;4
C05;C05;Critico progressivo: Celular em rodovia;Critico;Critico;0.3891051635146141;0.3891051635146141;R3_FALSE_KIN;42;73;32;1;59;17;0;0.05000000819563866;0.31549617648124695;0.14424307644367218;96;4
C05;C05;Critico progressivo: Celular em rodovia;Critico;Critico;0.3914358869194984;0.3914358869194984;R3_FALSE_KIN;42;73;32;1;57;15;0;0.05000000819563866;0.3170076310634613;0.13806140422821045;96;4
C03;C03;Critico: Celular sem cinto sob chuva;Critico;Critico;0.3752959698438644;0.3752959698438644;R1_NORMAL;26;41;16;0;28;2;0;0.05000000819563866;0.18890465795993805;0.1354794055223465;96;4
C02;C02;Critico: Fadiga com desvio cinematico;Critico;Critico;0.39378328174352645;0.39378328174352645;R2_STABLE_RISK;29;50;22;0;32;3;0;0.05000000819563866;0.09691989421844482;0.12265714257955551;96;4
C03;C03;Critico: Celular sem cinto sob chuva;Critico;Critico;0.3752959698438644;0.3752959698438644;R1_NORMAL;26;41;16;0;28;2;0;0.05000000819563866;0.18127165734767914;0.16107504069805145;96;4
C03;C03;Critico: Celular sem cinto sob chuva;Critico;Critico;0.3752959698438644;0.3752959698438644;R2_STABLE_RISK;26;41;16;0;28;2;0;0.05000000819563866;0.18648147583007812;0.15431183576583862;96;4
C07;C07;Critico progressivo: Sem cinto sob chuva;Critico;Critico;0.3991927623748779;0.3991927623748779;R1_NORMAL;37;75;39;1;61;24;0;0.05000000819563866;0.3720283508300781;0.1448826640844345;96;4
C05;C05;Critico progressivo: Celular em rodovia;Critico;Critico;0.4563866764307022;0.4563866764307022;R1_NORMAL;42;73;32;1;60;18;1;0.2587945759296417;0.3122350573539734;0.116352379322052;96;4
C09;C09;Critico progressivo: Bebida ao volante;Critico;Critico;0.36996827870607374;0.36996827870607374;R1_NORMAL;38;73;36;1;58;20;0;0.05000000819563866;0.2532494366168976;0.1252627819776535;96;4
C01;C01;Critico: Celular em alta velocidade;Critico;Critico;0.29102678298950196;0.29102678298950196;R2_STABLE_RISK;32;44;13;0;34;2;0;0.05000000819563866;0.15264692902565002;0.1341017633676529;96;4
C06;C06;Critico progressivo: Fadiga noturna;Critico;Critico;0.4672789305448532;0.4672789305448532;R2_STABLE_RISK;36;81;46;1;60;24;1;0.30260804295539856;0.156108558177948;0.09532719105482101;96;4
C05;C05;Critico progressivo: Celular em rodovia;Critico;Critico;0.3699724778532982;0.3699724778532982;R2_STABLE_RISK;42;73;32;1;59;17;0;0.05000000819563866;0.3166685402393341;0.18929065763950348;96;4
N01;N01;Normal: Viagem tranquila em rodovia;Normal;Normal;0.050000007078051564;0.050000007078051564;R2_STABLE_RISK;-1;-1;0;0;-1;-1;0;0.05000000819563866;0.03505752608180046;0.10810980945825577;96;4
C07;C07;Critico progressivo: Sem cinto sob chuva;Critico;Critico;0.3897931143641472;0.3897931143641472;R1_NORMAL;37;75;39;1;61;24;0;0.05000000819563866;0.36499032378196716;0.11858785152435303;96;4
N01;N01;Normal: Viagem tranquila em rodovia;Normal;Normal;0.050000007078051564;0.050000007078051564;R1_NORMAL;-1;-1;0;0;-1;-1;0;0.05000000819563866;0.02918797731399536;0.11588823795318604;96;4
C04;C04;Critico: Multiplas distracoes urbanas;Critico;Critico;0.5748123735189438;0.5748123735189438;R2_STABLE_RISK;22;45;24;0;24;2;1;0.270704984664917;0.20629382133483887;0.18811847269535065;96;4
C10;C10;Critico progressivo: Grooming em rodovia com fadiga;Critico;Critico;0.42886478900909425;0.42886478900909425;R3_FALSE_KIN;40;81;42;1;62;22;0;0.05000000819563866;0.20853209495544434;0.1492607295513153;96;4
C10;C10;Critico progressivo: Grooming em rodovia com fadiga;Critico;Critico;0.4089616417884826;0.4089616417884826;R1_NORMAL;40;81;42;1;62;22;0;0.05000000819563866;0.20146186649799347;0.12172558903694153;96;4
C06;C06;Critico progressivo: Fadiga noturna;Critico;Critico;0.438539257645607;0.438539257645607;R1_NORMAL;36;81;46;1;54;18;0;0.05000000819563866;0.16734518110752106;0.10602321475744247;96;4
C06;C06;Critico progressivo: Fadiga noturna;Critico;Critico;0.39243729859590526;0.39243729859590526;R2_STABLE_RISK;36;81;46;1;65;29;0;0.05000000819563866;0.16071097552776337;0.12136247754096985;96;4
N01;N01;Normal: Viagem tranquila em rodovia;Normal;Normal;0.050000007078051564;0.050000007078051564;R2_STABLE_RISK;-1;-1;0;0;-1;-1;0;0.05000000819563866;0.027278723195195198;0.09281503409147263;96;4
C06;C06;Critico progressivo: Fadiga noturna;Critico;Critico;0.4169219672679901;0.4169219672679901;R1_NORMAL;36;81;46;1;59;23;0;0.05000000819563866;0.15513533353805542;0.12970106303691864;96;4
C08;C08;Critico progressivo: Distracao urbana multietapas;Critico;Critico;0.45244313478469844;0.45244313478469844;R2_STABLE_RISK;28;77;50;1;50;22;0;0.05000000819563866;0.3163370192050934;0.17316210269927979;96;4
C06;C06;Critico progressivo: Fadiga noturna;Critico;Critico;0.434394633769989;0.434394633769989;R1_NORMAL;36;81;46;1;55;19;0;0.05000000819563866;0.1647546887397766;0.10036206245422363;96;4
C01;C01;Critico: Celular em alta velocidade;Critico;Critico;0.5337425857782363;0.5337425857782363;R3_FALSE_KIN;32;44;13;0;34;2;1;0.2541259825229645;0.15540291368961334;0.2095809429883957;96;4
C08;C08;Critico progressivo: Distracao urbana multietapas;Critico;Critico;0.4582921087741852;0.4582921087741852;R3_FALSE_KIN;28;77;50;1;58;30;0;0.05000000819563866;0.31364163756370544;0.12109789997339249;96;4
C08;C08;Critico progressivo: Distracao urbana multietapas;Critico;Critico;0.4447706878185272;0.4447706878185272;R2_STABLE_RISK;28;77;50;1;52;24;0;0.05000000819563866;0.3182560205459595;0.17929740250110626;96;4
C03;C03;Critico: Celular sem cinto sob chuva;Critico;Critico;0.3752959698438644;0.3752959698438644;R1_NORMAL;26;41;16;0;28;2;0;0.05000000819563866;0.19267328083515167;0.15751290321350098;96;4
C05;C05;Critico progressivo: Celular em rodovia;Critico;Critico;0.45560942888259887;0.45560942888259887;R2_STABLE_RISK;42;73;32;1;60;18;1;0.28355672955513;0.3141539394855499;0.11866778135299683;96;4
N03;N03;Normal: Noite estável;Normal;Normal;0.050000007078051564;0.050000007078051564;R2_STABLE_RISK;-1;-1;0;0;-1;-1;0;0.05000000819563866;0.032840609550476074;0.10275997966527939;96;4
C03;C03;Critico: Celular sem cinto sob chuva;Critico;Critico;0.3752959698438644;0.3752959698438644;R2_STABLE_RISK;26;41;16;0;28;2;0;0.05000000819563866;0.18846948444843292;0.09080773591995239;96;4
C07;C07;Critico progressivo: Sem cinto sob chuva;Critico;Critico;0.48716882169246667;0.48716882169246667;R1_NORMAL;37;75;39;1;56;19;1;0.250948041677475;0.3844543993473053;0.17519862949848175;96;4
C03;C03;Critico: Celular sem cinto sob chuva;Critico;Critico;0.6039750456809997;0.6039750456809997;R2_STABLE_RISK;26;41;16;0;28;2;1;0.18684698641300201;0.1902437061071396;0.22351501882076263;96;4
C06;C06;Critico progressivo: Fadiga noturna;Critico;Critico;0.508688074350357;0.508688074350357;R1_NORMAL;36;81;46;1;58;22;1;0.3551061451435089;0.15438668429851532;0.07680515199899673;96;4
N03;N03;Normal: Noite estável;Normal;Normal;0.050000007078051564;0.050000007078051564;R1_NORMAL;-1;-1;0;0;-1;-1;0;0.05000000819563866;0.0238253902643919;0.07304766029119492;96;4
N03;N03;Normal: Noite estável;Normal;Normal;0.050000007078051564;0.050000007078051564;R2_STABLE_RISK;-1;-1;0;0;-1;-1;0;0.05000000819563866;0.03491855040192604;0.09273608773946762;96;4
C09;C09;Critico progressivo: Bebida ao volante;Critico;Critico;0.39676181674003597;0.39676181674003597;R1_NORMAL;38;73;36;1;55;17;0;0.05000000819563866;0.25399959087371826;0.1486499160528183;96;4
C01;C01;Critico: Celular em alta velocidade;Critico;Critico;0.29102678298950196;0.29102678298950196;R1_NORMAL;32;44;13;0;34;2;0;0.05000000819563866;0.15229031443595886;0.09241651743650436;96;4
C04;C04;Critico: Multiplas distracoes urbanas;Critico;Critico;0.3713889718055725;0.3713889718055725;R1_NORMAL;22;45;24;0;24;2;0;0.05000000819563866;0.2017679363489151;0.13138973712921143;96;4
N02;N02;Normal: Urbano moderado;Normal;Normal;0.050000007078051564;0.050000007078051564;R2_STABLE_RISK;-1;-1;0;0;-1;-1;0;0.05000000819563866;0.031875722110271454;0.12034130841493607;96;4
N02;N02;Normal: Urbano moderado;Normal;Normal;0.050000007078051564;0.050000007078051564;R3_FALSE_KIN;-1;-1;0;0;-1;-1;0;0.05000000819563866;0.033848538994789124;0.10018816590309143;96;4
C06;C06;Critico progressivo: Fadiga noturna;Critico;Critico;0.4301747322082519;0.4301747322082519;R2_STABLE_RISK;36;81;46;1;59;23;0;0.05000000819563866;0.16379953920841217;0.12775520980358124;96;4
C07;C07;Critico progressivo: Sem cinto sob chuva;Critico;Critico;0.4063952624797821;0.4063952624797821;R1_NORMAL;37;75;39;1;60;23;0;0.05000000819563866;0.3748173713684082;0.13721753656864166;96;4
C08;C08;Critico progressivo: Distracao urbana multietapas;Critico;Critico;0.44459095448255537;0.44459095448255537;R1_NORMAL;28;77;50;1;56;28;0;0.05000000819563866;0.31025877594947815;0.14498162269592285;96;4
C08;C08;Critico progressivo: Distracao urbana multietapas;Critico;Critico;0.529013106226921;0.529013106226921;R3_FALSE_KIN;28;77;50;1;54;26;1;0.3424890339374542;0.3155405819416046;0.15875041484832764;96;4
N03;N03;Normal: Noite estável;Normal;Normal;0.050000007078051564;0.050000007078051564;R2_STABLE_RISK;-1;-1;0;0;-1;-1;0;0.05000000819563866;0.028714453801512718;0.09156768769025803;96;4
C09;C09;Critico progressivo: Bebida ao volante;Critico;Critico;0.41642938852310174;0.41642938852310174;R3_FALSE_KIN;38;73;36;1;53;15;0;0.05000000819563866;0.2544311583042145;0.13572193682193756;96;4
C05;C05;Critico progressivo: Celular em rodovia;Critico;Critico;0.48788766860961913;0.48788766860961913;R3_FALSE_KIN;42;73;32;1;59;17;1;0.2924250066280365;0.32098153233528137;0.16712205111980438;96;4
C05;C05;Critico progressivo: Celular em rodovia;Critico;Critico;0.45887223482131956;0.45887223482131956;R1_NORMAL;42;73;32;1;59;17;1;0.2812211215496063;0.31083646416664124;0.1279311627149582;96;4
C08;C08;Critico progressivo: Distracao urbana multietapas;Critico;Critico;0.41170496493577957;0.41170496493577957;R2_STABLE_RISK;28;77;50;1;54;26;0;0.05000000819563866;0.31786683201789856;0.13515375554561615;96;4
N01;N01;Normal: Viagem tranquila em rodovia;Normal;Normal;0.050000007078051564;0.050000007078051564;R1_NORMAL;-1;-1;0;0;-1;-1;0;0.05000000819563866;0.03548753634095192;0.10578474402427673;96;4
C10;C10;Critico progressivo: Grooming em rodovia com fadiga;Critico;Critico;0.4449886381626129;0.4449886381626129;R3_FALSE_KIN;40;81;42;1;65;25;1;0.32298514246940613;0.1960386484861374;0.14566229283809662;96;4
N01;N01;Normal: Viagem tranquila em rodovia;Normal;Normal;0.050000007078051564;0.050000007078051564;R1_NORMAL;-1;-1;0;0;-1;-1;0;0.05000000819563866;0.035889629274606705;0.1007658839225769;96;4
C09;C09;Critico progressivo: Bebida ao volante;Critico;Critico;0.3790993735194206;0.3790993735194206;R1_NORMAL;38;73;36;1;57;19;0;0.05000000819563866;0.2506767213344574;0.0932617112994194;96;4
C09;C09;Critico progressivo: Bebida ao volante;Critico;Critico;0.40496342927217477;0.40496342927217477;R1_NORMAL;38;73;36;1;57;19;0;0.05000000819563866;0.2515539824962616;0.12870897352695465;96;4
C04;C04;Critico: Multiplas distracoes urbanas;Critico;Critico;0.3713889718055725;0.3713889718055725;R2_STABLE_RISK;22;45;24;0;24;2;0;0.05000000819563866;0.204844668507576;0.17232199013233185;96;4
C04;C04;Critico: Multiplas distracoes urbanas;Critico;Critico;0.569379025697708;0.569379025697708;R3_FALSE_KIN;22;45;24;0;24;2;1;0.2704138159751892;0.206212118268013;0.2041768580675125;96;4
C09;C09;Critico progressivo: Bebida ao volante;Critico;Critico;0.38557394593954086;0.38557394593954086;R3_FALSE_KIN;38;73;36;1;57;19;0;0.05000000819563866;0.2484043836593628;0.11999348551034927;96;4
C04;C04;Critico: Multiplas distracoes urbanas;Critico;Critico;0.5706418663263321;0.5706418663263321;R2_STABLE_RISK;22;45;24;0;24;2;1;0.24781762063503265;0.20084132254123688;0.25792136788368225;96;4
N01;N01;Normal: Viagem tranquila em rodovia;Normal;Normal;0.050000007078051564;0.050000007078051564;R3_FALSE_KIN;-1;-1;0;0;-1;-1;0;0.05000000819563866;0.03141755983233452;0.11705531924962997;96;4
C02;C02;Critico: Fadiga com desvio cinematico;Critico;Critico;0.5941819339990615;0.5941819339990615;R1_NORMAL;29;50;22;0;32;3;1;0.26665934920310974;0.09777533262968063;0.11747473478317261;96;4
C05;C05;Critico progressivo: Celular em rodovia;Critico;Critico;0.36947559118270873;0.36947559118270873;R2_STABLE_RISK;42;73;32;1;61;19;0;0.05000000819563866;0.31400835514068604;0.2133486419916153;96;4
C09;C09;Critico progressivo: Bebida ao volante;Critico;Critico;0.3937942937016487;0.3937942937016487;R1_NORMAL;38;73;36;1;58;20;0;0.05000000819563866;0.24269378185272217;0.1386195421218872;96;4
N01;N01;Normal: Viagem tranquila em rodovia;Normal;Normal;0.050000007078051564;0.050000007078051564;R1_NORMAL;-1;-1;0;0;-1;-1;0;0.05000000819563866;0.03421187028288841;0.08901435136795044;96;4
C09;C09;Critico progressivo: Bebida ao volante;Critico;Critico;0.38371619731187817;0.38371619731187817;R1_NORMAL;38;73;36;1;60;22;0;0.05000000819563866;0.2470817118883133;0.12038480490446091;96;4
C01;C01;Critico: Celular em alta velocidade;Critico;Critico;0.29102678298950196;0.29102678298950196;R1_NORMAL;32;44;13;0;34;2;0;0.05000000819563866;0.1530754715204239;0.1044384017586708;96;4
C09;C09;Critico progressivo: Bebida ao volante;Critico;Critico;0.5024188071489334;0.5024188071489334;R1_NORMAL;38;73;36;1;56;18;1;0.3149804174900055;0.25077584385871887;0.15367941558361053;96;4
C01;C01;Critico: Celular em alta velocidade;Critico;Critico;0.5241617113351822;0.5241617113351822;R2_STABLE_RISK;32;44;13;0;34;2;1;0.20940791070461273;0.1501985490322113;0.14994435012340546;96;4
C02;C02;Critico: Fadiga com desvio cinematico;Critico;Critico;0.39378328174352645;0.39378328174352645;R3_FALSE_KIN;29;50;22;0;32;3;0;0.05000000819563866;0.09876042604446411;0.09312685579061508;96;4
N01;N01;Normal: Viagem tranquila em rodovia;Normal;Normal;0.050000007078051564;0.050000007078051564;R1_NORMAL;-1;-1;0;0;-1;-1;0;0.05000000819563866;0.035575687885284424;0.07824379950761795;96;4
C02;C02;Critico: Fadiga com desvio cinematico;Critico;Critico;0.39378328174352645;0.39378328174352645;R1_NORMAL;29;50;22;0;32;3;0;0.05000000819563866;0.09605125337839127;0.1533036231994629;96;4
C10;C10;Critico progressivo: Grooming em rodovia com fadiga;Critico;Critico;0.4771276265382767;0.4771276265382767;R1_NORMAL;40;81;42;1;63;23;1;0.3650464117527008;0.1923314332962036;0.09949002414941788;96;4
C08;C08;Critico progressivo: Distracao urbana multietapas;Critico;Critico;0.4869408458471298;0.4869408458471298;R2_STABLE_RISK;28;77;50;1;58;30;1;0.2696877419948578;0.31813356280326843;0.13738088309764862;96;4
N02;N02;Normal: Urbano moderado;Normal;Normal;0.050000007078051564;0.050000007078051564;R2_STABLE_RISK;-1;-1;0;0;-1;-1;0;0.05000000819563866;0.030463531613349915;0.10925233364105225;96;4
C07;C07;Critico progressivo: Sem cinto sob chuva;Critico;Critico;0.3958110928535461;0.3958110928535461;R2_STABLE_RISK;37;75;39;1;60;23;0;0.05000000819563866;0.3708900213241577;0.1593640297651291;96;4
N03;N03;Normal: Noite estável;Normal;Normal;0.050000007078051564;0.050000007078051564;R2_STABLE_RISK;-1;-1;0;0;-1;-1;0;0.05000000819563866;0.03404294326901436;0.08128499239683151;96;4
C08;C08;Critico progressivo: Distracao urbana multietapas;Critico;Critico;0.4113244652748108;0.4113244652748108;R2_STABLE_RISK;28;77;50;1;59;31;0;0.05000000819563866;0.30822521448135376;0.13989122211933136;96;4
C07;C07;Critico progressivo: Sem cinto sob chuva;Critico;Critico;0.39840364009141915;0.39840364009141915;R3_FALSE_KIN;37;75;39;1;61;24;0;0.05000000819563866;0.37467870116233826;0.12131527811288834;96;4
C05;C05;Critico progressivo: Celular em rodovia;Critico;Critico;0.4540180891752243;0.4540180891752243;R1_NORMAL;42;73;32;1;61;19;1;0.27474990487098694;0.3136848509311676;0.14230185747146606;96;4
C05;C05;Critico progressivo: Celular em rodovia;Critico;Critico;0.4814486443996429;0.4814486443996429;R2_STABLE_RISK;42;73;32;1;61;19;1;0.2960384488105774;0.3181212842464447;0.16516365110874176;96;4
N01;N01;Normal: Viagem tranquila em rodovia;Normal;Normal;0.050000007078051564;0.050000007078051564;R1_NORMAL;-1;-1;0;0;-1;-1;0;0.05000000819563866;0.03371000662446022;0.11103630810976028;96;4
C05;C05;Critico progressivo: Celular em rodovia;Critico;Critico;0.36723893880844116;0.36723893880844116;R1_NORMAL;42;73;32;1;58;16;0;0.05000000819563866;0.31418266892433167;0.14449578523635864;96;4
N02;N02;Normal: Urbano moderado;Normal;Normal;0.050000007078051564;0.050000007078051564;R2_STABLE_RISK;-1;-1;0;0;-1;-1;0;0.05000000819563866;0.03445172309875488;0.11574066430330276;96;4
C04;C04;Critico: Multiplas distracoes urbanas;Critico;Critico;0.3713889718055725;0.3713889718055725;R2_STABLE_RISK;22;45;24;0;24;2;0;0.05000000819563866;0.20380021631717682;0.153434619307518;96;4
C09;C09;Critico progressivo: Bebida ao volante;Critico;Critico;0.3943886712193489;0.3943886712193489;R2_STABLE_RISK;38;73;36;1;56;18;0;0.05000000819563866;0.24914681911468506;0.15301692485809326;96;4
N02;N02;Normal: Urbano moderado;Normal;Normal;0.050000007078051564;0.050000007078051564;R1_NORMAL;-1;-1;0;0;-1;-1;0;0.05000000819563866;0.023980731144547462;0.07658109068870544;96;4
C09;C09;Critico progressivo: Bebida ao volante;Critico;Critico;0.41150196194648736;0.41150196194648736;R2_STABLE_RISK;38;73;36;1;59;21;0;0.05000000819563866;0.2522822618484497;0.17070072889328003;96;4
C09;C09;Critico progressivo: Bebida ao volante;Critico;Critico;0.4925532072782516;0.4925532072782516;R2_STABLE_RISK;38;73;36;1;60;22;1;0.3244546353816986;0.24920302629470825;0.12113366276025772;96;4
C06;C06;Critico progressivo: Fadiga noturna;Critico;Critico;0.4670770674943924;0.4670770674943924;R2_STABLE_RISK;36;81;46;1;55;19;0;0.05000000819563866;0.16839899122714996;0.12870079278945923;96;4
C09;C09;Critico progressivo: Bebida ao volante;Critico;Critico;0.48069566190242763;0.48069566190242763;R1_NORMAL;38;73;36;1;55;17;1;0.2533494830131531;0.24885718524456024;0.13787142932415009;96;4
C09;C09;Critico progressivo: Bebida ao volante;Critico;Critico;0.39884908050298684;0.39884908050298684;R3_FALSE_KIN;38;73;36;1;58;20;0;0.05000000819563866;0.25071415305137634;0.13404875993728638;96;4
C04;C04;Critico: Multiplas distracoes urbanas;Critico;Critico;0.3713889718055725;0.3713889718055725;R3_FALSE_KIN;22;45;24;0;24;2;0;0.05000000819563866;0.20493578910827637;0.13369834423065186;96;4
C02;C02;Critico: Fadiga com desvio cinematico;Critico;Critico;0.39378328174352645;0.39378328174352645;R2_STABLE_RISK;29;50;22;0;32;3;0;0.05000000819563866;0.0955604612827301;0.10379257053136826;96;4
C05;C05;Critico progressivo: Celular em rodovia;Critico;Critico;0.3954810336232185;0.3954810336232185;R2_STABLE_RISK;42;73;32;1;59;17;0;0.05000000819563866;0.32052040100097656;0.1509643793106079;96;4
C03;C03;Critico: Celular sem cinto sob chuva;Critico;Critico;0.6145124316215516;0.6145124316215516;R3_FALSE_KIN;26;41;16;0;28;2;1;0.27223479747772217;0.18615829944610596;0.266915500164032;96;4
N02;N02;Normal: Urbano moderado;Normal;Normal;0.050000007078051564;0.050000007078051564;R2_STABLE_RISK;-1;-1;0;0;-1;-1;0;0.05000000819563866;0.03530919924378395;0.10831562429666519;96;4
C07;C07;Critico progressivo: Sem cinto sob chuva;Critico;Critico;0.49045926034450527;0.49045926034450527;R1_NORMAL;37;75;39;1;57;20;1;0.29849913716316223;0.38514602184295654;0.20830415189266205;96;4
N03;N03;Normal: Noite estável;Normal;Normal;0.050000007078051564;0.050000007078051564;R2_STABLE_RISK;-1;-1;0;0;-1;-1;0;0.05000000819563866;0.02828695811331272;0.1009938046336174;96;4
C07;C07;Critico progressivo: Sem cinto sob chuva;Critico;Critico;0.5019741207361221;0.5019741207361221;R1_NORMAL;37;75;39;1;58;21;1;0.31433701515197754;0.38401493430137634;0.15171386301517487;96;4
C07;C07;Critico progressivo: Sem cinto sob chuva;Critico;Critico;0.3874875828623771;0.3874875828623771;R1_NORMAL;37;75;39;1;59;22;0;0.05000000819563866;0.37503042817115784;0.14113463461399078;96;4
C07;C07;Critico progressivo: Sem cinto sob chuva;Critico;Critico;0.41056163311004634;0.41056163311004634;R2_STABLE_RISK;37;75;39;1;58;21;0;0.05000000819563866;0.37571772933006287;0.12629376351833344;96;4
C10;C10;Critico progressivo: Grooming em rodovia com fadiga;Critico;Critico;0.44104587137699125;0.44104587137699125;R2_STABLE_RISK;40;81;42;1;61;21;1;0.3650483787059784;0.20068030059337616;0.11436624079942703;96;4
N01;N01;Normal: Viagem tranquila em rodovia;Normal;Normal;0.050000007078051564;0.050000007078051564;R2_STABLE_RISK;-1;-1;0;0;-1;-1;0;0.05000000819563866;0.034367937594652176;0.07252788543701172;96;4
C02;C02;Critico: Fadiga com desvio cinematico;Critico;Critico;0.39378328174352645;0.39378328174352645;R1_NORMAL;29;50;22;0;32;3;0;0.05000000819563866;0.09754697233438492;0.11927804350852966;96;4
N03;N03;Normal: Noite estável;Normal;Normal;0.050000007078051564;0.050000007078051564;R3_FALSE_KIN;-1;-1;0;0;-1;-1;0;0.05000000819563866;0.032374028116464615;0.10282618552446365;96;4
N01;N01;Normal: Viagem tranquila em rodovia;Normal;Normal;0.050000007078051564;0.050000007078051564;R1_NORMAL;-1;-1;0;0;-1;-1;0;0.05000000819563866;0.033459484577178955;0.09314805269241333;96;4
C06;C06;Critico progressivo: Fadiga noturna;Critico;Critico;0.4869907408952713;0.4869907408952713;R3_FALSE_KIN;36;81;46;1;58;22;1;0.33315303921699524;0.1491992473602295;0.12654231488704681;96;4
C02;C02;Critico: Fadiga com desvio cinematico;Critico;Critico;0.39378328174352645;0.39378328174352645;R2_STABLE_RISK;29;50;22;0;32;3;0;0.05000000819563866;0.09593310952186584;0.12408840656280518;96;4
C03;C03;Critico: Celular sem cinto sob chuva;Critico;Critico;0.6175660729408263;0.6175660729408263;R3_FALSE_KIN;26;41;16;0;28;2;1;0.27129969000816345;0.1855747252702713;0.2257448434829712;96;4
C09;C09;Critico progressivo: Bebida ao volante;Critico;Critico;0.39843918532133105;0.39843918532133105;R2_STABLE_RISK;38;73;36;1;59;21;0;0.05000000819563866;0.24930250644683838;0.14358271658420563;96;4
C04;C04;Critico: Multiplas distracoes urbanas;Critico;Critico;0.3713889718055725;0.3713889718055725;R2_STABLE_RISK;22;45;24;0;24;2;0;0.05000000819563866;0.20058734714984894;0.10545577853918076;96;4
C10;C10;Critico progressivo: Grooming em rodovia com fadiga;Critico;Critico;0.4469123512506485;0.4469123512506485;R3_FALSE_KIN;40;81;42;1;66;26;1;0.3451257050037384;0.18983851373195648;0.1405632048845291;96;4
C04;C04;Critico: Multiplas distracoes urbanas;Critico;Critico;0.558641231060028;0.558641231060028;R3_FALSE_KIN;22;45;24;0;24;2;1;0.19678986072540283;0.20482873916625977;0.18543891608715057;96;4
C09;C09;Critico progressivo: Bebida ao volante;Critico;Critico;0.45961816012859347;0.45961816012859347;R3_FALSE_KIN;38;73;36;1;59;21;1;0.29987993836402893;0.2501288056373596;0.16881954669952393;96;4
C07;C07;Critico progressivo: Sem cinto sob chuva;Critico;Critico;0.43070525079965594;0.43070525079965594;R3_FALSE_KIN;37;75;39;1;57;20;0;0.05000000819563866;0.383718341588974;0.17015588283538818;96;4
C04;C04;Critico: Multiplas distracoes urbanas;Critico;Critico;0.3713889718055725;0.3713889718055725;R3_FALSE_KIN;22;45;24;0;24;2;0;0.05000000819563866;0.20193235576152802;0.16255123913288116;96;4
C06;C06;Critico progressivo: Fadiga noturna;Critico;Critico;0.4740147590637207;0.4740147590637207;R1_NORMAL;36;81;46;1;60;24;1;0.3248545229434967;0.14813348650932312;0.07834045588970184;96;4
C01;C01;Critico: Celular em alta velocidade;Critico;Critico;0.5350817024707795;0.5350817024707795;R1_NORMAL;32;44;13;0;34;2;1;0.2764850854873657;0.1538058966398239;0.19707946479320526;96;4
C09;C09;Critico progressivo: Bebida ao volante;Critico;Critico;0.40859259516000745;0.40859259516000745;R2_STABLE_RISK;38;73;36;1;57;19;0;0.05000000819563866;0.2556237280368805;0.1363973319530487;96;4
C02;C02;Critico: Fadiga com desvio cinematico;Critico;Critico;0.5995589315891265;0.5995589315891265;R1_NORMAL;29;50;22;0;32;3;1;0.2370796948671341;0.09840518236160278;0.1716669797897339;96;4
C08;C08;Critico progressivo: Distracao urbana multietapas;Critico;Critico;0.4162903502583504;0.4162903502583504;R1_NORMAL;28;77;50;1;60;32;0;0.05000000819563866;0.3017445504665375;0.13559557497501373;96;4
C05;C05;Critico progressivo: Celular em rodovia;Critico;Critico;0.3866410568356514;0.3866410568356514;R3_FALSE_KIN;42;73;32;1;59;17;0;0.05000000819563866;0.32785794138908386;0.10933557897806168;96;4
C07;C07;Critico progressivo: Sem cinto sob chuva;Critico;Critico;0.39217695146799086;0.39217695146799086;R1_NORMAL;37;75;39;1;57;20;0;0.05000000819563866;0.37083902955055237;0.09535720944404602;96;4
N03;N03;Normal: Noite estável;Normal;Normal;0.050000007078051564;0.050000007078051564;R2_STABLE_RISK;-1;-1;0;0;-1;-1;0;0.05000000819563866;0.025674408301711082;0.09815988689661026;96;4
C05;C05;Critico progressivo: Celular em rodovia;Critico;Critico;0.3830693244934082;0.3830693244934082;R1_NORMAL;42;73;32;1;58;16;0;0.05000000819563866;0.32012635469436646;0.1355724334716797;96;4
C02;C02;Critico: Fadiga com desvio cinematico;Critico;Critico;0.39378328174352645;0.39378328174352645;R2_STABLE_RISK;29;50;22;0;32;3;0;0.05000000819563866;0.09015607088804245;0.1325826197862625;96;4
C08;C08;Critico progressivo: Distracao urbana multietapas;Critico;Critico;0.533351942896843;0.533351942896843;R1_NORMAL;28;77;50;1;54;26;1;0.3277852237224579;0.3211776316165924;0.1367034912109375;96;4
C09;C09;Critico progressivo: Bebida ao volante;Critico;Critico;0.4205646470189094;0.4205646470189094;R3_FALSE_KIN;38;73;36;1;57;19;0;0.05000000819563866;0.2508624792098999;0.14796356856822968;96;4
C09;C09;Critico progressivo: Bebida ao volante;Critico;Critico;0.38225658684968944;0.38225658684968944;R1_NORMAL;38;73;36;1;55;17;0;0.05000000819563866;0.24846065044403076;0.17214132845401764;96;4
C07;C07;Critico progressivo: Sem cinto sob chuva;Critico;Critico;0.395504879951477;0.395504879951477;R1_NORMAL;37;75;39;1;61;24;0;0.05000000819563866;0.3677743375301361;0.11412759870290756;96;4
C06;C06;Critico progressivo: Fadiga noturna;Critico;Critico;0.5017684936523438;0.5017684936523438;R3_FALSE_KIN;36;81;46;1;60;24;1;0.31552577018737793;0.15646390616893768;0.11851897835731506;96;4
C04;C04;Critico: Multiplas distracoes urbanas;Critico;Critico;0.5678199589252472;0.5678199589252472;R3_FALSE_KIN;22;45;24;0;24;2;1;0.25663936138153076;0.2055000513792038;0.20134425163269043;96;4
C08;C08;Critico progressivo: Distracao urbana multietapas;Critico;Critico;0.5398143321275711;0.5398143321275711;R1_NORMAL;28;77;50;1;54;26;1;0.34352704882621765;0.32321032881736755;0.13933947682380676;96;4
C08;C08;Critico progressivo: Distracao urbana multietapas;Critico;Critico;0.42269086092710495;0.42269086092710495;R2_STABLE_RISK;28;77;50;1;59;31;0;0.05000000819563866;0.326592355966568;0.1091669425368309;96;4
C10;C10;Critico progressivo: Grooming em rodovia com fadiga;Critico;Critico;0.436336363852024;0.436336363852024;R1_NORMAL;40;81;42;1;61;21;0;0.05000000819563866;0.20738525688648224;0.10996714234352112;96;4
N02;N02;Normal: Urbano moderado;Normal;Normal;0.050000007078051564;0.050000007078051564;R1_NORMAL;-1;-1;0;0;-1;-1;0;0.05000000819563866;0.026712849736213684;0.12417739629745483;96;4
C03;C03;Critico: Celular sem cinto sob chuva;Critico;Critico;0.3752959698438644;0.3752959698438644;R2_STABLE_RISK;26;41;16;0;28;2;0;0.05000000819563866;0.1955309361219406;0.11754873394966125;96;4
C09;C09;Critico progressivo: Bebida ao volante;Critico;Critico;0.39818641692399975;0.39818641692399975;R1_NORMAL;38;73;36;1;59;21;0;0.05000000819563866;0.24520166218280792;0.13233183324337006;96;4
C02;C02;Critico: Fadiga com desvio cinematico;Critico;Critico;0.6009513050317764;0.6009513050317764;R2_STABLE_RISK;29;50;22;0;32;3;1;0.24821220338344574;0.10218864679336548;0.1556701809167862;96;4
C08;C08;Critico progressivo: Distracao urbana multietapas;Critico;Critico;0.5179272502660751;0.5179272502660751;R1_NORMAL;28;77;50;1;50;22;1;0.31352153420448303;0.32388460636138916;0.11336636543273926;96;4
C02;C02;Critico: Fadiga com desvio cinematico;Critico;Critico;0.39378328174352645;0.39378328174352645;R1_NORMAL;29;50;22;0;32;3;0;0.05000000819563866;0.09971018880605698;0.13317546248435974;96;4
C01;C01;Critico: Celular em alta velocidade;Critico;Critico;0.5334825128316879;0.5334825128316879;R1_NORMAL;32;44;13;0;34;2;1;0.2529059648513794;0.14886395633220673;0.15434575080871582;96;4
C10;C10;Critico progressivo: Grooming em rodovia com fadiga;Critico;Critico;0.4608593612909317;0.4608593612909317;R3_FALSE_KIN;40;81;42;1;63;23;1;0.2905336320400238;0.19562770426273346;0.12076592445373535;96;4
C02;C02;Critico: Fadiga com desvio cinematico;Critico;Critico;0.39378328174352645;0.39378328174352645;R3_FALSE_KIN;29;50;22;0;32;3;0;0.05000000819563866;0.09851807355880737;0.09144512563943863;96;4
N02;N02;Normal: Urbano moderado;Normal;Normal;0.050000007078051564;0.050000007078051564;R3_FALSE_KIN;-1;-1;0;0;-1;-1;0;0.05000000819563866;0.03252854198217392;0.11115587502717972;96;4
C06;C06;Critico progressivo: Fadiga noturna;Critico;Critico;0.4388099536299705;0.4388099536299705;R2_STABLE_RISK;36;81;46;1;59;23;0;0.05000000819563866;0.16254554688930511;0.10972728580236435;96;4
N02;N02;Normal: Urbano moderado;Normal;Normal;0.050000007078051564;0.050000007078051564;R1_NORMAL;-1;-1;0;0;-1;-1;0;0.05000000819563866;0.026809075847268105;0.09867262840270996;96;4
C10;C10;Critico progressivo: Grooming em rodovia com fadiga;Critico;Critico;0.4238726317882538;0.4238726317882538;R2_STABLE_RISK;40;81;42;1;64;24;0;0.05000000819563866;0.20251889526844025;0.11781580001115799;96;4
C10;C10;Critico progressivo: Grooming em rodovia com fadiga;Critico;Critico;0.4329798504710197;0.4329798504710197;R2_STABLE_RISK;40;81;42;1;63;23;0;0.05000000819563866;0.21009258925914764;0.12604071199893951;96;4
C09;C09;Critico progressivo: Bebida ao volante;Critico;Critico;0.3880875945091247;0.3880875945091247;R3_FALSE_KIN;38;73;36;1;58;20;0;0.05000000819563866;0.2560410797595978;0.11683047562837601;96;4
C03;C03;Critico: Celular sem cinto sob chuva;Critico;Critico;0.6137172013521195;0.6137172013521195;R2_STABLE_RISK;26;41;16;0;28;2;1;0.22221402823925018;0.18878991901874542;0.17338408529758453;96;4
C08;C08;Critico progressivo: Distracao urbana multietapas;Critico;Critico;0.4312971770763397;0.4312971770763397;R2_STABLE_RISK;28;77;50;1;53;25;0;0.05000000819563866;0.32000067830085754;0.15983138978481293;96;4
C04;C04;Critico: Multiplas distracoes urbanas;Critico;Critico;0.3713889718055725;0.3713889718055725;R2_STABLE_RISK;22;45;24;0;24;2;0;0.05000000819563866;0.19834460318088531;0.15666510164737701;96;4
C04;C04;Critico: Multiplas distracoes urbanas;Critico;Critico;0.5698413938283919;0.5698413938283919;R1_NORMAL;22;45;24;0;24;2;1;0.22476208209991455;0.2047545164823532;0.16626466810703278;96;4
C10;C10;Critico progressivo: Grooming em rodovia com fadiga;Critico;Critico;0.3927101269364357;0.3927101269364357;R2_STABLE_RISK;40;81;42;1;63;23;0;0.05000000819563866;0.20528514683246613;0.08567174524068832;96;4
N03;N03;Normal: Noite estável;Normal;Normal;0.050000007078051564;0.050000007078051564;R2_STABLE_RISK;-1;-1;0;0;-1;-1;0;0.05000000819563866;0.035409096628427505;0.14111430943012238;96;4
C06;C06;Critico progressivo: Fadiga noturna;Critico;Critico;0.5106203854084015;0.5106203854084015;R1_NORMAL;36;81;46;1;58;22;1;0.3338145315647125;0.16641438007354736;0.126944437623024;96;4
C09;C09;Critico progressivo: Bebida ao volante;Critico;Critico;0.3960844874382019;0.3960844874382019;R1_NORMAL;38;73;36;1;60;22;0;0.05000000819563866;0.24894650280475616;0.1705516129732132;96;4
N01;N01;Normal: Viagem tranquila em rodovia;Normal;Normal;0.050000007078051564;0.050000007078051564;R2_STABLE_RISK;-1;-1;0;0;-1;-1;0;0.05000000819563866;0.03417201712727547;0.10614129155874252;96;4
N01;N01;Normal: Viagem tranquila em rodovia;Normal;Normal;0.050000007078051564;0.050000007078051564;R2_STABLE_RISK;-1;-1;0;0;-1;-1;0;0.05000000819563866;0.032284751534461975;0.08295289427042007;96;4
N01;N01;Normal: Viagem tranquila em rodovia;Normal;Normal;0.050000007078051564;0.050000007078051564;R1_NORMAL;-1;-1;0;0;-1;-1;0;0.05000000819563866;0.028665363788604736;0.12090422958135605;96;4
C02;C02;Critico: Fadiga com desvio cinematico;Critico;Critico;0.5881249755620956;0.5881249755620956;R1_NORMAL;29;50;22;0;32;3;1;0.1926535815000534;0.0960436463356018;0.10739035159349442;96;4
C06;C06;Critico progressivo: Fadiga noturna;Critico;Critico;0.4355974957346916;0.4355974957346916;R2_STABLE_RISK;36;81;46;1;60;24;0;0.05000000819563866;0.15613053739070892;0.1466197818517685;96;4
C05;C05;Critico progressivo: Celular em rodovia;Critico;Critico;0.4703276187181472;0.4703276187181472;R1_NORMAL;42;73;32;1;59;17;1;0.2921210527420044;0.3145417273044586;0.13702577352523804;96;4
C06;C06;Critico progressivo: Fadiga noturna;Critico;Critico;0.415848308801651;0.415848308801651;R2_STABLE_RISK;36;81;46;1;60;24;0;0.05000000819563866;0.15549080073833466;0.11061754822731018;96;4
C05;C05;Critico progressivo: Celular em rodovia;Critico;Critico;0.4548726588487625;0.4548726588487625;R2_STABLE_RISK;42;73;32;1;58;16;1;0.25319334864616394;0.3211212158203125;0.16256500780582428;96;4
C02;C02;Critico: Fadiga com desvio cinematico;Critico;Critico;0.39378328174352645;0.39378328174352645;R1_NORMAL;29;50;22;0;32;3;0;0.05000000819563866;0.09268980473279953;0.12818543612957;96;4
C10;C10;Critico progressivo: Grooming em rodovia com fadiga;Critico;Critico;0.393092642724514;0.393092642724514;R2_STABLE_RISK;40;81;42;1;61;21;0;0.05000000819563866;0.19968946278095245;0.13795556128025055;96;4
C05;C05;Critico progressivo: Celular em rodovia;Critico;Critico;0.4472066521644592;0.4472066521644592;R2_STABLE_RISK;42;73;32;1;62;20;1;0.3059771955013275;0.3143651783466339;0.17179250717163086;96;4
C04;C04;Critico: Multiplas distracoes urbanas;Critico;Critico;0.3713889718055725;0.3713889718055725;R3_FALSE_KIN;22;45;24;0;24;2;0;0.05000000819563866;0.20237374305725098;0.12827856838703156;96;4
C10;C10;Critico progressivo: Grooming em rodovia com fadiga;Critico;Critico;0.39782218337059017;0.39782218337059017;R2_STABLE_RISK;40;81;42;1;63;23;0;0.05000000819563866;0.19579052925109863;0.1285748928785324;96;4
C04;C04;Critico: Multiplas distracoes urbanas;Critico;Critico;0.3713889718055725;0.3713889718055725;R1_NORMAL;22;45;24;0;24;2;0;0.05000000819563866;0.2024010419845581;0.14210617542266846;96;4
C07;C07;Critico progressivo: Sem cinto sob chuva;Critico;Critico;0.39872338324785234;0.39872338324785234;R1_NORMAL;37;75;39;1;56;19;0;0.05000000819563866;0.3753717839717865;0.15437473356723785;96;4
C01;C01;Critico: Celular em alta velocidade;Critico;Critico;0.29102678298950196;0.29102678298950196;R2_STABLE_RISK;32;44;13;0;34;2;0;0.05000000819563866;0.15144813060760498;0.1547052413225174;96;4
N03;N03;Normal: Noite estável;Normal;Normal;0.050000007078051564;0.050000007078051564;R2_STABLE_RISK;-1;-1;0;0;-1;-1;0;0.05000000819563866;0.034805040806531906;0.0898306742310524;96;4
C03;C03;Critico: Celular sem cinto sob chuva;Critico;Critico;0.6107499837875365;0.6107499837875365;R1_NORMAL;26;41;16;0;28;2;1;0.2623564600944519;0.19291400909423828;0.2893141210079193;96;4
C10;C10;Critico progressivo: Grooming em rodovia com fadiga;Critico;Critico;0.42327351421117776;0.42327351421117776;R3_FALSE_KIN;40;81;42;1;64;24;0;0.05000000819563866;0.20171745121479034;0.1304696947336197;96;4
N02;N02;Normal: Urbano moderado;Normal;Normal;0.050000007078051564;0.050000007078051564;R1_NORMAL;-1;-1;0;0;-1;-1;0;0.05000000819563866;0.03649996593594551;0.08847896009683609;96;4
C07;C07;Critico progressivo: Sem cinto sob chuva;Critico;Critico;0.4010565415024757;0.4010565415024757;R2_STABLE_RISK;37;75;39;1;62;25;0;0.05000000819563866;0.37860655784606934;0.13559795916080475;96;4
N02;N02;Normal: Urbano moderado;Normal;Normal;0.050000007078051564;0.050000007078051564;R3_FALSE_KIN;-1;-1;0;0;-1;-1;0;0.05000000819563866;0.041098177433013916;0.07846833020448685;96;4
C01;C01;Critico: Celular em alta velocidade;Critico;Critico;0.5235837906599045;0.5235837906599045;R2_STABLE_RISK;32;44;13;0;34;2;1;0.2618274390697479;0.15298759937286377;0.1690102219581604;96;4
C05;C05;Critico progressivo: Celular em rodovia;Critico;Critico;0.3941377058625221;0.3941377058625221;R1_NORMAL;42;73;32;1;57;15;0;0.05000000819563866;0.3142814636230469;0.11941055208444595;96;4
C10;C10;Critico progressivo: Grooming em rodovia com fadiga;Critico;Critico;0.4884575098752975;0.4884575098752975;R1_NORMAL;40;81;42;1;64;24;1;0.3231922686100006;0.19815920293331146;0.10578396171331406;96;4
C05;C05;Critico progressivo: Celular em rodovia;Critico;Critico;0.4648217231035232;0.4648217231035232;R1_NORMAL;42;73;32;1;61;19;1;0.3055252730846405;0.32066357135772705;0.14684365689754486;96;4
C03;C03;Critico: Celular sem cinto sob chuva;Critico;Critico;0.3752959698438644;0.3752959698438644;R2_STABLE_RISK;26;41;16;0;28;2;0;0.05000000819563866;0.18434126675128937;0.15769724547863007;96;4
N02;N02;Normal: Urbano moderado;Normal;Normal;0.050000007078051564;0.050000007078051564;R3_FALSE_KIN;-1;-1;0;0;-1;-1;0;0.05000000819563866;0.02901240438222885;0.08178666979074478;96;4
C10;C10;Critico progressivo: Grooming em rodovia com fadiga;Critico;Critico;0.4714049011468887;0.4714049011468887;R1_NORMAL;40;81;42;1;59;19;1;0.32225602865219116;0.2088865488767624;0.1591814160346985;96;4
C08;C08;Critico progressivo: Distracao urbana multietapas;Critico;Critico;0.4530006304383277;0.4530006304383277;R1_NORMAL;28;77;50;1;58;30;0;0.05000000819563866;0.3150104284286499;0.1499202996492386;96;4
C05;C05;Critico progressivo: Celular em rodovia;Critico;Critico;0.3931980788707733;0.3931980788707733;R1_NORMAL;42;73;32;1;59;17;0;0.05000000819563866;0.3158511221408844;0.13132333755493164;96;4
N01;N01;Normal: Viagem tranquila em rodovia;Normal;Normal;0.050000007078051564;0.050000007078051564;R2_STABLE_RISK;-1;-1;0;0;-1;-1;0;0.05000000819563866;0.03378158435225487;0.08492273092269897;96;4
N02;N02;Normal: Urbano moderado;Normal;Normal;0.050000007078051564;0.050000007078051564;R2_STABLE_RISK;-1;-1;0;0;-1;-1;0;0.05000000819563866;0.02955637313425541;0.08919060230255127;96;4
N02;N02;Normal: Urbano moderado;Normal;Normal;0.050000007078051564;0.050000007078051564;R1_NORMAL;-1;-1;0;0;-1;-1;0;0.05000000819563866;0.03162326663732529;0.0889323353767395;96;4
N01;N01;Normal: Viagem tranquila em rodovia;Normal;Normal;0.050000007078051564;0.050000007078051564;R2_STABLE_RISK;-1;-1;0;0;-1;-1;0;0.05000000819563866;0.03265249356627464;0.11450415104627609;96;4
C01;C01;Critico: Celular em alta velocidade;Critico;Critico;0.29102678298950196;0.29102678298950196;R2_STABLE_RISK;32;44;13;0;34;2;0;0.05000000819563866;0.1536165177822113;0.12496411055326462;96;4
N01;N01;Normal: Viagem tranquila em rodovia;Normal;Normal;0.050000007078051564;0.050000007078051564;R1_NORMAL;-1;-1;0;0;-1;-1;0;0.05000000819563866;0.031277209520339966;0.1201012134552002;96;4
C03;C03;Critico: Celular sem cinto sob chuva;Critico;Critico;0.3752959698438644;0.3752959698438644;R1_NORMAL;26;41;16;0;28;2;0;0.05000000819563866;0.18864397704601288;0.13116973638534546;96;4
C07;C07;Critico progressivo: Sem cinto sob chuva;Critico;Critico;0.39427040070295327;0.39427040070295327;R3_FALSE_KIN;37;75;39;1;60;23;0;0.05000000819563866;0.36831703782081604;0.10424800962209702;96;4
C03;C03;Critico: Celular sem cinto sob chuva;Critico;Critico;0.3752959698438644;0.3752959698438644;R3_FALSE_KIN;26;41;16;0;28;2;0;0.05000000819563866;0.18416808545589447;0.10332971066236496;96;4
C10;C10;Critico progressivo: Grooming em rodovia com fadiga;Critico;Critico;0.42691866904497144;0.42691866904497144;R1_NORMAL;40;81;42;1;57;17;0;0.05000000819563866;0.200931116938591;0.1449487954378128;96;4
C02;C02;Critico: Fadiga com desvio cinematico;Critico;Critico;0.39378328174352645;0.39378328174352645;R2_STABLE_RISK;29;50;22;0;32;3;0;0.05000000819563866;0.10212577134370804;0.11142557859420776;96;4
C06;C06;Critico progressivo: Fadiga noturna;Critico;Critico;0.4171617329120636;0.4171617329120636;R1_NORMAL;36;81;46;1;65;29;0;0.05000000819563866;0.15311183035373688;0.1360967606306076;96;4
C04;C04;Critico: Multiplas distracoes urbanas;Critico;Critico;0.5785370498895644;0.5785370498895644;R1_NORMAL;22;45;24;0;24;2;1;0.26750603318214417;0.19399283826351166;0.21558339893817902;96;4
N03;N03;Normal: Noite estável;Normal;Normal;0.050000007078051564;0.050000007078051564;R1_NORMAL;-1;-1;0;0;-1;-1;0;0.05000000819563866;0.03362879902124405;0.09744921326637268;96;4
C04;C04;Critico: Multiplas distracoes urbanas;Critico;Critico;0.3713889718055725;0.3713889718055725;R2_STABLE_RISK;22;45;24;0;24;2;0;0.05000000819563866;0.20835833251476288;0.09580516815185547;96;4
N02;N02;Normal: Urbano moderado;Normal;Normal;0.050000007078051564;0.050000007078051564;R3_FALSE_KIN;-1;-1;0;0;-1;-1;0;0.05000000819563866;0.030454060062766075;0.09503170102834702;96;4
N01;N01;Normal: Viagem tranquila em rodovia;Normal;Normal;0.050000007078051564;0.050000007078051564;R3_FALSE_KIN;-1;-1;0;0;-1;-1;0;0.05000000819563866;0.034345388412475586;0.10331183671951294;96;4
C07;C07;Critico progressivo: Sem cinto sob chuva;Critico;Critico;0.40259414464235305;0.40259414464235305;R2_STABLE_RISK;37;75;39;1;61;24;0;0.05000000819563866;0.3642094135284424;0.11341241747140884;96;4
C06;C06;Critico progressivo: Fadiga noturna;Critico;Critico;0.43670999407768246;0.43670999407768246;R2_STABLE_RISK;36;81;46;1;60;24;0;0.05000000819563866;0.1528444141149521;0.13743937015533447;96;4
N02;N02;Normal: Urbano moderado;Normal;Normal;0.050000007078051564;0.050000007078051564;R2_STABLE_RISK;-1;-1;0;0;-1;-1;0;0.05000000819563866;0.03804156184196472;0.08499071002006531;96;4
C01;C01;Critico: Celular em alta velocidade;Critico;Critico;0.29102678298950196;0.29102678298950196;R1_NORMAL;32;44;13;0;34;2;0;0.05000000819563866;0.15869878232479095;0.13654977083206177;96;4
N02;N02;Normal: Urbano moderado;Normal;Normal;0.050000007078051564;0.050000007078051564;R2_STABLE_RISK;-1;-1;0;0;-1;-1;0;0.05000000819563866;0.037300024181604385;0.07127528637647629;96;4
C03;C03;Critico: Celular sem cinto sob chuva;Critico;Critico;0.612465214729309;0.612465214729309;R2_STABLE_RISK;26;41;16;0;28;2;1;0.2210981845855713;0.19151592254638672;0.20833642780780792;96;4
C02;C02;Critico: Fadiga com desvio cinematico;Critico;Critico;0.39378328174352645;0.39378328174352645;R1_NORMAL;29;50;22;0;32;3;0;0.05000000819563866;0.09139911085367203;0.1589822620153427;96;4
N02;N02;Normal: Urbano moderado;Normal;Normal;0.050000007078051564;0.050000007078051564;R1_NORMAL;-1;-1;0;0;-1;-1;0;0.05000000819563866;0.034393370151519775;0.0926474928855896;96;4
C07;C07;Critico progressivo: Sem cinto sob chuva;Critico;Critico;0.40368099212646485;0.40368099212646485;R1_NORMAL;37;75;39;1;58;21;0;0.05000000819563866;0.3836168944835663;0.13597215712070465;96;4
C04;C04;Critico: Multiplas distracoes urbanas;Critico;Critico;0.3713889718055725;0.3713889718055725;R1_NORMAL;22;45;24;0;24;2;0;0.05000000819563866;0.20254938304424286;0.11481758952140808;96;4
C04;C04;Critico: Multiplas distracoes urbanas;Critico;Critico;0.5707550376653671;0.5707550376653671;R3_FALSE_KIN;22;45;24;0;24;2;1;0.23704485595226288;0.1986495703458786;0.16149167716503143;96;4
C06;C06;Critico progressivo: Fadiga noturna;Critico;Critico;0.4094667479395866;0.4094667479395866;R2_STABLE_RISK;36;81;46;1;57;21;0;0.05000000819563866;0.15818415582180023;0.1265636682510376;96;4
C01;C01;Critico: Celular em alta velocidade;Critico;Critico;0.29102678298950196;0.29102678298950196;R1_NORMAL;32;44;13;0;34;2;0;0.05000000819563866;0.15203113853931427;0.18249930441379547;96;4
N03;N03;Normal: Noite estável;Normal;Normal;0.050000007078051564;0.050000007078051564;R1_NORMAL;-1;-1;0;0;-1;-1;0;0.05000000819563866;0.029317766427993774;0.1322416216135025;96;4
C02;C02;Critico: Fadiga com desvio cinematico;Critico;Critico;0.39378328174352645;0.39378328174352645;R1_NORMAL;29;50;22;0;32;3;0;0.05000000819563866;0.1025984063744545;0.11949612945318222;96;4
C08;C08;Critico progressivo: Distracao urbana multietapas;Critico;Critico;0.4603569999337196;0.4603569999337196;R2_STABLE_RISK;28;77;50;1;58;30;0;0.05000000819563866;0.31945064663887024;0.1312742680311203;96;4
C01;C01;Critico: Celular em alta velocidade;Critico;Critico;0.29102678298950196;0.29102678298950196;R1_NORMAL;32;44;13;0;34;2;0;0.05000000819563866;0.1501854807138443;0.1240362897515297;96;4
N02;N02;Normal: Urbano moderado;Normal;Normal;0.050000007078051564;0.050000007078051564;R1_NORMAL;-1;-1;0;0;-1;-1;0;0.05000000819563866;0.0314125120639801;0.09817329794168472;96;4
N03;N03;Normal: Noite estável;Normal;Normal;0.050000007078051564;0.050000007078051564;R2_STABLE_RISK;-1;-1;0;0;-1;-1;0;0.05000000819563866;0.029790451750159264;0.08195170015096664;96;4
N03;N03;Normal: Noite estável;Normal;Normal;0.050000007078051564;0.050000007078051564;R1_NORMAL;-1;-1;0;0;-1;-1;0;0.05000000819563866;0.027085864916443825;0.10782603174448013;96;4
C10;C10;Critico progressivo: Grooming em rodovia com fadiga;Critico;Critico;0.4342262268066406;0.4342262268066406;R1_NORMAL;40;81;42;1;60;20;0;0.05000000819563866;0.21033228933811188;0.09526024013757706;96;4
N02;N02;Normal: Urbano moderado;Normal;Normal;0.050000007078051564;0.050000007078051564;R3_FALSE_KIN;-1;-1;0;0;-1;-1;0;0.05000000819563866;0.04051188752055168;0.05914592370390892;96;4
C02;C02;Critico: Fadiga com desvio cinematico;Critico;Critico;0.5996768712997436;0.5996768712997436;R2_STABLE_RISK;29;50;22;0;32;3;1;0.24605168402194977;0.09664344787597656;0.17144127190113068;96;4
C06;C06;Critico progressivo: Fadiga noturna;Critico;Critico;0.4990603655576706;0.4990603655576706;R3_FALSE_KIN;36;81;46;1;59;23;1;0.34710562229156494;0.15837924182415009;0.1254400610923767;96;4
N02;N02;Normal: Urbano moderado;Normal;Normal;0.050000007078051564;0.050000007078051564;R1_NORMAL;-1;-1;0;0;-1;-1;0;0.05000000819563866;0.03663553670048714;0.10940907150506973;96;4
C02;C02;Critico: Fadiga com desvio cinematico;Critico;Critico;0.39378328174352645;0.39378328174352645;R2_STABLE_RISK;29;50;22;0;32;3;0;0.05000000819563866;0.08639981597661972;0.09576878696680069;96;4
N03;N03;Normal: Noite estável;Normal;Normal;0.050000007078051564;0.050000007078051564;R2_STABLE_RISK;-1;-1;0;0;-1;-1;0;0.05000000819563866;0.027379244565963745;0.08353007584810257;96;4
N02;N02;Normal: Urbano moderado;Normal;Normal;0.050000007078051564;0.050000007078051564;R1_NORMAL;-1;-1;0;0;-1;-1;0;0.05000000819563866;0.02712264470756054;0.1112774908542633;96;4
C04;C04;Critico: Multiplas distracoes urbanas;Critico;Critico;0.3713889718055725;0.3713889718055725;R2_STABLE_RISK;22;45;24;0;24;2;0;0.05000000819563866;0.19871747493743896;0.165696918964386;96;4
C05;C05;Critico progressivo: Celular em rodovia;Critico;Critico;0.44775724112987514;0.44775724112987514;R2_STABLE_RISK;42;73;32;1;61;19;1;0.2776815593242645;0.32008302211761475;0.13841098546981812;96;4
C04;C04;Critico: Multiplas distracoes urbanas;Critico;Critico;0.3713889718055725;0.3713889718055725;R1_NORMAL;22;45;24;0;24;2;0;0.05000000819563866;0.20760835707187653;0.1265137791633606;96;4
C08;C08;Critico progressivo: Distracao urbana multietapas;Critico;Critico;0.48230428993701935;0.48230428993701935;R2_STABLE_RISK;28;77;50;1;47;19;0;0.05000000819563866;0.3251411020755768;0.16141940653324127;96;4
C09;C09;Critico progressivo: Bebida ao volante;Critico;Critico;0.3863191723823547;0.3863191723823547;R1_NORMAL;38;73;36;1;59;21;0;0.05000000819563866;0.2568022906780243;0.16919873654842377;96;4
N02;N02;Normal: Urbano moderado;Normal;Normal;0.050000007078051564;0.050000007078051564;R2_STABLE_RISK;-1;-1;0;0;-1;-1;0;0.05000000819563866;0.02817183919250965;0.0969870314002037;96;4
C07;C07;Critico progressivo: Sem cinto sob chuva;Critico;Critico;0.47403786778450013;0.47403786778450013;R1_NORMAL;37;75;39;1;59;22;1;0.307029664516449;0.37502074241638184;0.16661134362220764;96;4
C05;C05;Critico progressivo: Celular em rodovia;Critico;Critico;0.38385734558105467;0.38385734558105467;R1_NORMAL;42;73;32;1;59;17;0;0.05000000819563866;0.3125822842121124;0.13279521465301514;96;4
C08;C08;Critico progressivo: Distracao urbana multietapas;Critico;Critico;0.4440041407942772;0.4440041407942772;R1_NORMAL;28;77;50;1;55;27;0;0.05000000819563866;0.32246220111846924;0.19741368293762207;96;4
C05;C05;Critico progressivo: Celular em rodovia;Critico;Critico;0.38284070044755936;0.38284070044755936;R1_NORMAL;42;73;32;1;58;16;0;0.05000000819563866;0.3137785494327545;0.16552913188934326;96;4
C07;C07;Critico progressivo: Sem cinto sob chuva;Critico;Critico;0.38759501427412035;0.38759501427412035;R2_STABLE_RISK;37;75;39;1;61;24;0;0.05000000819563866;0.37359419465065;0.1197875514626503;96;4
C05;C05;Critico progressivo: Celular em rodovia;Critico;Critico;0.38423779159784316;0.38423779159784316;R1_NORMAL;42;73;32;1;57;15;0;0.05000000819563866;0.32072964310646057;0.13464908301830292;96;4
N01;N01;Normal: Viagem tranquila em rodovia;Normal;Normal;0.050000007078051564;0.050000007078051564;R2_STABLE_RISK;-1;-1;0;0;-1;-1;0;0.05000000819563866;0.02848297357559204;0.1026553213596344;96;4
C03;C03;Critico: Celular sem cinto sob chuva;Critico;Critico;0.3752959698438644;0.3752959698438644;R1_NORMAL;26;41;16;0;28;2;0;0.05000000819563866;0.18251937627792358;0.13405972719192505;96;4
C10;C10;Critico progressivo: Grooming em rodovia com fadiga;Critico;Critico;0.42769347429275506;0.42769347429275506;R1_NORMAL;40;81;42;1;63;23;0;0.05000000819563866;0.20164985954761505;0.15903547406196594;96;4
C06;C06;Critico progressivo: Fadiga noturna;Critico;Critico;0.5096237570047378;0.5096237570047378;R3_FALSE_KIN;36;81;46;1;61;25;1;0.35138440132141113;0.1613549143075943;0.13645721971988678;96;4
N01;N01;Normal: Viagem tranquila em rodovia;Normal;Normal;0.050000007078051564;0.050000007078051564;R1_NORMAL;-1;-1;0;0;-1;-1;0;0.05000000819563866;0.032553818076848984;0.06852435320615768;96;4
C01;C01;Critico: Celular em alta velocidade;Critico;Critico;0.5347797185182571;0.5347797185182571;R2_STABLE_RISK;32;44;13;0;34;2;1;0.2589920461177826;0.14944803714752197;0.19499509036540985;96;4
C08;C08;Critico progressivo: Distracao urbana multietapas;Critico;Critico;0.5002559304237366;0.5002559304237366;R1_NORMAL;28;77;50;1;52;24;1;0.27471697330474854;0.32232704758644104;0.1453368067741394;96;4
C09;C09;Critico progressivo: Bebida ao volante;Critico;Critico;0.47095495462417597;0.47095495462417597;R1_NORMAL;38;73;36;1;58;20;1;0.24750842154026031;0.2511001527309418;0.1704069972038269;96;4
C06;C06;Critico progressivo: Fadiga noturna;Critico;Critico;0.44106290489435196;0.44106290489435196;R2_STABLE_RISK;36;81;46;1;60;24;0;0.05000000819563866;0.15838523209095;0.12976686656475067;96;4
C02;C02;Critico: Fadiga com desvio cinematico;Critico;Critico;0.39378328174352645;0.39378328174352645;R3_FALSE_KIN;29;50;22;0;32;3;0;0.05000000819563866;0.09721804410219193;0.12213873118162155;96;4
C04;C04;Critico: Multiplas distracoes urbanas;Critico;Critico;0.5653525412082672;0.5653525412082672;R2_STABLE_RISK;22;45;24;0;24;2;1;0.20269666612148285;0.20108628273010254;0.18644535541534424;96;4
C05;C05;Critico progressivo: Celular em rodovia;Critico;Critico;0.48001586496829984;0.48001586496829984;R1_NORMAL;42;73;32;1;57;15;1;0.24714215099811554;0.32019034028053284;0.12380190938711166;96;4
C02;C02;Critico: Fadiga com desvio cinematico;Critico;Critico;0.5927947640419007;0.5927947640419007;R2_STABLE_RISK;29;50;22;0;32;3;1;0.2721516191959381;0.09565287828445435;0.11959924548864365;96;4
C02;C02;Critico: Fadiga com desvio cinematico;Critico;Critico;0.39378328174352645;0.39378328174352645;R2_STABLE_RISK;29;50;22;0;32;3;0;0.05000000819563866;0.09708084911108017;0.09501922130584717;96;4
C01;C01;Critico: Celular em alta velocidade;Critico;Critico;0.29102678298950196;0.29102678298950196;R3_FALSE_KIN;32;44;13;0;34;2;0;0.05000000819563866;0.15793609619140625;0.11818019300699234;96;4
C05;C05;Critico progressivo: Celular em rodovia;Critico;Critico;0.3684193968772888;0.3684193968772888;R2_STABLE_RISK;42;73;32;1;60;18;0;0.05000000819563866;0.3127687871456146;0.11612119525671005;96;4
C09;C09;Critico progressivo: Bebida ao volante;Critico;Critico;0.47675351798534393;0.47675351798534393;R1_NORMAL;38;73;36;1;60;22;1;0.23935002088546753;0.25216761231422424;0.15807922184467316;96;4
C06;C06;Critico progressivo: Fadiga noturna;Critico;Critico;0.4313824102282524;0.4313824102282524;R1_NORMAL;36;81;46;1;58;22;0;0.05000000819563866;0.15182046592235565;0.13941501080989838;96;4
C01;C01;Critico: Celular em alta velocidade;Critico;Critico;0.5194484055042267;0.5194484055042267;R1_NORMAL;32;44;13;0;34;2;1;0.24400298297405243;0.1564759463071823;0.1583642214536667;96;4
N03;N03;Normal: Noite estável;Normal;Normal;0.050000007078051564;0.050000007078051564;R3_FALSE_KIN;-1;-1;0;0;-1;-1;0;0.05000000819563866;0.03337140753865242;0.09573113918304443;96;4
C01;C01;Critico: Celular em alta velocidade;Critico;Critico;0.29102678298950196;0.29102678298950196;R2_STABLE_RISK;32;44;13;0;34;2;0;0.05000000819563866;0.15364806354045868;0.13129861652851105;96;4
C03;C03;Critico: Celular sem cinto sob chuva;Critico;Critico;0.3752959698438644;0.3752959698438644;R1_NORMAL;26;41;16;0;28;2;0;0.05000000819563866;0.18704509735107422;0.09585251659154892;96;4
C06;C06;Critico progressivo: Fadiga noturna;Critico;Critico;0.4188445165753364;0.4188445165753364;R3_FALSE_KIN;36;81;46;1;60;24;0;0.05000000819563866;0.14993886649608612;0.09609673172235489;96;4
C03;C03;Critico: Celular sem cinto sob chuva;Critico;Critico;0.3752959698438644;0.3752959698438644;R1_NORMAL;26;41;16;0;28;2;0;0.05000000819563866;0.1832645684480667;0.12271805852651596;96;4
C03;C03;Critico: Celular sem cinto sob chuva;Critico;Critico;0.3752959698438644;0.3752959698438644;R2_STABLE_RISK;26;41;16;0;28;2;0;0.05000000819563866;0.18246681988239288;0.09298372268676758;96;4
C06;C06;Critico progressivo: Fadiga noturna;Critico;Critico;0.43951197862625124;0.43951197862625124;R1_NORMAL;36;81;46;1;60;24;0;0.05000000819563866;0.15842483937740326;0.1015227809548378;96;4
C07;C07;Critico progressivo: Sem cinto sob chuva;Critico;Critico;0.41258461624383924;0.41258461624383924;R1_NORMAL;37;75;39;1;57;20;0;0.05000000819563866;0.3763488829135895;0.12991903722286224;96;4
N02;N02;Normal: Urbano moderado;Normal;Normal;0.050000007078051564;0.050000007078051564;R2_STABLE_RISK;-1;-1;0;0;-1;-1;0;0.05000000819563866;0.0325903445482254;0.07802408188581467;96;4
C10;C10;Critico progressivo: Grooming em rodovia com fadiga;Critico;Critico;0.4582781583070755;0.4582781583070755;R3_FALSE_KIN;40;81;42;1;61;21;1;0.32844704389572144;0.2008938044309616;0.18089044094085693;96;4
C05;C05;Critico progressivo: Celular em rodovia;Critico;Critico;0.39438481330871583;0.39438481330871583;R2_STABLE_RISK;42;73;32;1;58;16;0;0.05000000819563866;0.31219878792762756;0.13381540775299072;96;4
N01;N01;Normal: Viagem tranquila em rodovia;Normal;Normal;0.050000007078051564;0.050000007078051564;R2_STABLE_RISK;-1;-1;0;0;-1;-1;0;0.05000000819563866;0.02558656968176365;0.06791546195745468;96;4
C02;C02;Critico: Fadiga com desvio cinematico;Critico;Critico;0.6006334275007248;0.6006334275007248;R3_FALSE_KIN;29;50;22;0;32;3;1;0.24262185394763947;0.09863847494125366;0.24776838719844818;96;4
N02;N02;Normal: Urbano moderado;Normal;Normal;0.050000007078051564;0.050000007078051564;R2_STABLE_RISK;-1;-1;0;0;-1;-1;0;0.05000000819563866;0.026717618107795715;0.13202257454395294;96;4
N03;N03;Normal: Noite estável;Normal;Normal;0.050000007078051564;0.050000007078051564;R3_FALSE_KIN;-1;-1;0;0;-1;-1;0;0.05000000819563866;0.030185356736183167;0.08493110537528992;96;4
N03;N03;Normal: Noite estável;Normal;Normal;0.050000007078051564;0.050000007078051564;R2_STABLE_RISK;-1;-1;0;0;-1;-1;0;0.05000000819563866;0.026168325915932655;0.12095508724451065;96;4
C06;C06;Critico progressivo: Fadiga noturna;Critico;Critico;0.4059364125132561;0.4059364125132561;R3_FALSE_KIN;36;81;46;1;60;24;0;0.05000000819563866;0.16094590723514557;0.1184602752327919;96;4
C09;C09;Critico progressivo: Bebida ao volante;Critico;Critico;0.3867468252778053;0.3867468252778053;R2_STABLE_RISK;38;73;36;1;58;20;0;0.05000000819563866;0.25006625056266785;0.1141628846526146;96;4
C03;C03;Critico: Celular sem cinto sob chuva;Critico;Critico;0.6060855239629745;0.6060855239629745;R2_STABLE_RISK;26;41;16;0;28;2;1;0.2541367709636688;0.18907958269119263;0.23310191929340363;96;4
C02;C02;Critico: Fadiga com desvio cinematico;Critico;Critico;0.5991724282503128;0.5991724282503128;R1_NORMAL;29;50;22;0;32;3;1;0.24373705685138702;0.10176406055688858;0.1635599583387375;96;4
C09;C09;Critico progressivo: Bebida ao volante;Critico;Critico;0.45985867083072657;0.45985867083072657;R2_STABLE_RISK;38;73;36;1;61;23;1;0.273342490196228;0.2503485679626465;0.18427692353725433;96;4
C10;C10;Critico progressivo: Grooming em rodovia com fadiga;Critico;Critico;0.4590118438005447;0.4590118438005447;R3_FALSE_KIN;40;81;42;1;58;18;1;0.3277668356895447;0.2046019583940506;0.1567704677581787;96;4
N02;N02;Normal: Urbano moderado;Normal;Normal;0.050000007078051564;0.050000007078051564;R2_STABLE_RISK;-1;-1;0;0;-1;-1;0;0.05000000819563866;0.03865300491452217;0.06704685837030411;96;4
C01;C01;Critico: Celular em alta velocidade;Critico;Critico;0.29102678298950196;0.29102678298950196;R1_NORMAL;32;44;13;0;34;2;0;0.05000000819563866;0.15482257306575775;0.11123478412628174;96;4
C05;C05;Critico progressivo: Celular em rodovia;Critico;Critico;0.382832370698452;0.382832370698452;R2_STABLE_RISK;42;73;32;1;60;18;0;0.05000000819563866;0.31616243720054626;0.13822872936725616;96;4
N03;N03;Normal: Noite estável;Normal;Normal;0.050000007078051564;0.050000007078051564;R1_NORMAL;-1;-1;0;0;-1;-1;0;0.05000000819563866;0.0334671325981617;0.11054912954568863;96;4
N01;N01;Normal: Viagem tranquila em rodovia;Normal;Normal;0.050000007078051564;0.050000007078051564;R1_NORMAL;-1;-1;0;0;-1;-1;0;0.05000000819563866;0.03574593365192413;0.09343979507684708;96;4
C08;C08;Critico progressivo: Distracao urbana multietapas;Critico;Critico;0.43914250731468196;0.43914250731468196;R1_NORMAL;28;77;50;1;47;19;0;0.05000000819563866;0.3128035366535187;0.1614067107439041;96;4
N02;N02;Normal: Urbano moderado;Normal;Normal;0.050000007078051564;0.050000007078051564;R2_STABLE_RISK;-1;-1;0;0;-1;-1;0;0.05000000819563866;0.028492441400885582;0.10564301162958145;96;4
C03;C03;Critico: Celular sem cinto sob chuva;Critico;Critico;0.3752959698438644;0.3752959698438644;R1_NORMAL;26;41;16;0;28;2;0;0.05000000819563866;0.18798625469207764;0.14948193728923798;96;4
N01;N01;Normal: Viagem tranquila em rodovia;Normal;Normal;0.050000007078051564;0.050000007078051564;R2_STABLE_RISK;-1;-1;0;0;-1;-1;0;0.05000000819563866;0.029024774208664894;0.09334693104028702;96;4
C03;C03;Critico: Celular sem cinto sob chuva;Critico;Critico;0.3752959698438644;0.3752959698438644;R2_STABLE_RISK;26;41;16;0;28;2;0;0.05000000819563866;0.18805617094039917;0.13415789604187012;96;4
C03;C03;Critico: Celular sem cinto sob chuva;Critico;Critico;0.613459551334381;0.613459551334381;R1_NORMAL;26;41;16;0;28;2;1;0.2665908634662628;0.18720263242721558;0.19177140295505524;96;4
C04;C04;Critico: Multiplas distracoes urbanas;Critico;Critico;0.3713889718055725;0.3713889718055725;R2_STABLE_RISK;22;45;24;0;24;2;0;0.05000000819563866;0.19450615346431732;0.13311399519443512;96;4
N01;N01;Normal: Viagem tranquila em rodovia;Normal;Normal;0.050000007078051564;0.050000007078051564;R1_NORMAL;-1;-1;0;0;-1;-1;0;0.05000000819563866;0.03400922194123268;0.10495364665985107;96;4
C07;C07;Critico progressivo: Sem cinto sob chuva;Critico;Critico;0.41353956907987593;0.41353956907987593;R3_FALSE_KIN;37;75;39;1;60;23;0;0.05000000819563866;0.3688431978225708;0.15651185810565948;96;4
C09;C09;Critico progressivo: Bebida ao volante;Critico;Critico;0.412956728041172;0.412956728041172;R1_NORMAL;38;73;36;1;57;19;0;0.05000000819563866;0.24871432781219482;0.14872007071971893;96;4
C09;C09;Critico progressivo: Bebida ao volante;Critico;Critico;0.3988505229353904;0.3988505229353904;R1_NORMAL;38;73;36;1;53;15;0;0.05000000819563866;0.2567639946937561;0.10424419492483139;96;4
N01;N01;Normal: Viagem tranquila em rodovia;Normal;Normal;0.050000007078051564;0.050000007078051564;R2_STABLE_RISK;-1;-1;0;0;-1;-1;0;0.05000000819563866;0.032080791890621185;0.1489453911781311;96;4
C04;C04;Critico: Multiplas distracoes urbanas;Critico;Critico;0.3713889718055725;0.3713889718055725;R3_FALSE_KIN;22;45;24;0;24;2;0;0.05000000819563866;0.20373612642288208;0.1572210043668747;96;4
C09;C09;Critico progressivo: Bebida ao volante;Critico;Critico;0.4911816716194152;0.4911816716194152;R1_NORMAL;38;73;36;1;56;18;1;0.28189221024513245;0.25152555108070374;0.15023170411586761;96;4
C01;C01;Critico: Celular em alta velocidade;Critico;Critico;0.29102678298950196;0.29102678298950196;R3_FALSE_KIN;32;44;13;0;34;2;0;0.05000000819563866;0.15365475416183472;0.10513820499181747;96;4
C10;C10;Critico progressivo: Grooming em rodovia com fadiga;Critico;Critico;0.43785274028778076;0.43785274028778076;R2_STABLE_RISK;40;81;42;1;63;23;1;0.313965767621994;0.19654853641986847;0.08928094059228897;96;4
C03;C03;Critico: Celular sem cinto sob chuva;Critico;Critico;0.6263646394014358;0.6263646394014358;R3_FALSE_KIN;26;41;16;0;28;2;1;0.2812117338180542;0.18644504249095917;0.23473231494426727;96;4
C10;C10;Critico progressivo: Grooming em rodovia com fadiga;Critico;Critico;0.40656498521566387;0.40656498521566387;R1_NORMAL;40;81;42;1;61;21;0;0.05000000819563866;0.19759561121463776;0.13187308609485626;96;4
C04;C04;Critico: Multiplas distracoes urbanas;Critico;Critico;0.3713889718055725;0.3713889718055725;R2_STABLE_RISK;22;45;24;0;24;2;0;0.05000000819563866;0.2016318291425705;0.17649781703948975;96;4
C03;C03;Critico: Celular sem cinto sob chuva;Critico;Critico;0.6037015289068222;0.6037015289068222;R1_NORMAL;26;41;16;0;28;2;1;0.18131579458713531;0.186855748295784;0.19600065052509308;96;4
C06;C06;Critico progressivo: Fadiga noturna;Critico;Critico;0.4782377809286117;0.4782377809286117;R1_NORMAL;36;81;46;1;57;21;1;0.3451513350009918;0.16356153786182404;0.09601134061813354;96;4
C10;C10;Critico progressivo: Grooming em rodovia com fadiga;Critico;Critico;0.41451492756605146;0.41451492756605146;R2_STABLE_RISK;40;81;42;1;63;23;0;0.05000000819563866;0.20442092418670654;0.09277575463056564;96;4
