id;recipe_id;nome;categoria;class_name;risk_episode;risk_episode_severity;regime;event_start;event_end;event_duration;progressive;detectable_start_035;onset_gap_035;persistent_tail;last6_mean_clean;mean_eye_gaze;mean_lane_offset;window;sensor_level
C10;C10;Critico progressivo: Grooming em rodovia com fadiga;Critico;Critico;0.4342349827289581;0.4342349827289581;R1_NORMAL;40;81;42;1;59;19;0;0.05000000819563866;0.2032974511384964;0.09122857451438904;96;4
C03;C03;Critico: Celular sem cinto sob chuva;Critico;Critico;0.3752959698438644;0.3752959698438644;R1_NORMAL;26;41;16;0;28;2;0;0.05000000819563866;0.18958444893360138;0.16139261424541473;96;4
C01;C01;Critico: Celular em alta velocidade;Critico;Critico;0.29102678298950196;0.29102678298950196;R2_STABLE_RISK;32;44;13;0;34;2;0;0.05000000819563866;0.15179693698883057;0.15131165087223053;96;4
C05;C05;Critico progressivo: Celular em rodovia;Critico;Critico;0.3589007154107094;0.3589007154107094;R2_STABLE_RISK;42;73;32;1;60;18;0;0.05000000819563866;0.31161823868751526;0.1611153483390808;96;4
C01;C01;Critico: Celular em alta velocidade;Critico;Critico;0.5169609099626541;0.5169609099626541;R1_NORMAL;32;44;13;0;34;2;1;0.22625397145748138;0.15239576995372772;0.16672611236572266;96;4
C08;C08;Critico progressivo: Distracao urbana multietapas;Critico;Critico;0.4169303342700005;0.4169303342700005;R1_NORMAL;28;77;50;1;55;27;0;0.05000000819563866;0.3086082339286804;0.12856213748455048;96;4
N02;N02;Normal: Urbano moderado;Normal;Normal;0.050000007078051564;0.050000007078051564;R2_STABLE_RISK;-1;-1;0;0;-1;-1;0;0.05000000819563866;0.03419734165072441;0.08670791238546371;96;4
C01;C01;Critico: Celular em alta velocidade;Critico;Critico;0.29102678298950196;0.29102678298950196;R3_FALSE_KIN;32;44;13;0;34;2;0;0.05000000819563866;0.15490660071372986;0.08420031517744064;96;4
C02;C02;Critico: Fadiga com desvio cinematico;Critico;Critico;0.39378328174352645;0.39378328174352645;R3_FALSE_KIN;29;50;22;0;32;3;0;0.05000000819563866;0.09299024194478989;0.12210499495267868;96;4
C10;C10;Critico progressivo: Grooming em rodovia com fadiga;Critico;Critico;0.3990476205945015;0.3990476205945015;R1_NORMAL;40;81;42;1;63;23;0;0.05000000819563866;0.19862258434295654;0.11496191471815109;96;4
C07;C07;Critico progressivo: Sem cinto sob chuva;Critico;Critico;0.40759447813034055;0.40759447813034055;R2_STABLE_RISK;37;75;39;1;59;22;0;0.05000000819563866;0.3793468177318573;0.15209536254405975;96;4
C07;C07;Critico progressivo: Sem cinto sob chuva;Critico;Critico;0.3942959442734718;0.3942959442734718;R1_NORMAL;37;75;39;1;58;21;0;0.05000000819563866;0.3755291998386383;0.10914605855941772;96;4
N01;N01;Normal: Viagem tranquila em rodovia;Normal;Normal;0.050000007078051564;0.050000007078051564;R1_NORMAL;-1;-1;0;0;-1;-1;0;0.05000000819563866;0.03192933648824692;0.08000853657722473;96;4
N03;N03;Normal: Noite estável;Normal;Normal;0.050000007078051564;0.050000007078051564;R2_STABLE_RISK;-1;-1;0;0;-1;-1;0;0.05000000819563866;0.02894206903874874;0.07429567724466324;96;4
C01;C01;Critico: Celular em alta velocidade;Critico;Critico;0.29102678298950196;0.29102678298950196;R3_FALSE_KIN;32;44;13;0;34;2;0;0.05000000819563866;0.15268689393997192;0.09962727874517441;96;4
C08;C08;Critico progressivo: Distracao urbana multietapas;Critico;Critico;0.4363252386450768;0.4363252386450768;R3_FALSE_KIN;28;77;50;1;56;28;0;0.05000000819563866;0.3104522228240967;0.14267286658287048;96;4
C09;C09;Critico progressivo: Bebida ao volante;Critico;Critico;0.40714412927627563;0.40714412927627563;R1_NORMAL;38;73;36;1;59;21;0;0.05000000819563866;0.2524412274360657;0.09426351636648178;96;4
C08;C08;Critico progressivo: Distracao urbana multietapas;Critico;Critico;0.5156455129384995;0.5156455129384995;R2_STABLE_RISK;28;77;50;1;58;30;1;0.27618446946144104;0.3165188729763031;0.18988555669784546;96;4
C03;C03;Critico: Celular sem cinto sob chuva;Critico;Critico;0.6077348113059997;0.6077348113059997;R2_STABLE_RISK;26;41;16;0;28;2;1;0.22434765100479126;0.1835157871246338;0.18099963665008545;96;4
C04;C04;Critico: Multiplas distracoes urbanas;Critico;Critico;0.5737960189580917;0.5737960189580917;R1_NORMAL;22;45;24;0;24;2;1;0.24420124292373657;0.2121204137802124;0.18314653635025024;96;4
N01;N01;Normal: Viagem tranquila em rodovia;Normal;Normal;0.050000007078051564;0.050000007078051564;R2_STABLE_RISK;-1;-1;0;0;-1;-1;0;0.05000000819563866;0.03163594380021095;0.09313222020864487;96;4
C02;C02;Critico: Fadiga com desvio cinematico;Critico;Critico;0.5930139273405075;0.5930139273405075;R1_NORMAL;29;50;22;0;32;3;1;0.20693881809711456;0.10326474905014038;0.18614500761032104;96;4
C09;C09;Critico progressivo: Bebida ao volante;Critico;Critico;0.3795270398259163;0.3795270398259163;R2_STABLE_RISK;38;73;36;1;59;21;0;0.05000000819563866;0.252077579498291;0.15750665962696075;96;4
N03;N03;Normal: Noite estável;Normal;Normal;0.050000007078051564;0.050000007078051564;R1_NORMAL;-1;-1;0;0;-1;-1;0;0.05000000819563866;0.03651619330048561;0.10668740421533585;96;4
C10;C10;Critico progressivo: Grooming em rodovia com fadiga;Critico;Critico;0.43606115281581875;0.43606115281581875;R3_FALSE_KIN;40;81;42;1;62;22;1;0.342172235250473;0.1927371472120285;0.14269547164440155;96;4
C06;C06;Critico progressivo: Fadiga noturna;Critico;Critico;0.47719316184520716;0.47719316184520716;R2_STABLE_RISK;36;81;46;1;55;19;1;0.29208239912986755;0.16561758518218994;0.1293911188840866;96;4
C10;C10;Critico progressivo: Grooming em rodovia com fadiga;Critico;Critico;0.44016209542751306;0.44016209542751306;R3_FALSE_KIN;40;81;42;1;63;23;1;0.2915647625923157;0.19804365932941437;0.12165302783250809;96;4
N02;N02;Normal: Urbano moderado;Normal;Normal;0.050000007078051564;0.050000007078051564;R1_NORMAL;-1;-1;0;0;-1;-1;0;0.05000000819563866;0.028889300301671028;0.09047295898199081;96;4
C07;C07;Critico progressivo: Sem cinto sob chuva;Critico;Critico;0.4780490010976791;0.4780490010976791;R1_NORMAL;37;75;39;1;60;23;1;0.30808231234550476;0.37575459480285645;0.1797592043876648;96;4
C08;C08;Critico progressivo: Distracao urbana multietapas;Critico;Critico;0.460356467962265;0.460356467962265;R3_FALSE_KIN;28;77;50;1;58;30;0;0.05000000819563866;0.31790781021118164;0.1662866324186325;96;4
C09;C09;Critico progressivo: Bebida ao volante;Critico;Critico;0.5109866589307784;0.5109866589307784;R2_STABLE_RISK;38;73;36;1;54;16;1;0.2916156053543091;0.2569185197353363;0.15611045062541962;96;4
C10;C10;Critico progressivo: Grooming em rodovia com fadiga;Critico;Critico;0.46218009293079376;0.46218009293079376;R3_FALSE_KIN;40;81;42;1;62;22;1;0.2875688374042511;0.20509004592895508;0.17025761306285858;96;4
N03;N03;Normal: Noite estável;Normal;Normal;0.050000007078051564;0.050000007078051564;R1_NORMAL;-1;-1;0;0;-1;-1;0;0.05000000819563866;0.028873085975646973;0.12401662021875381;96;4
C03;C03;Critico: Celular sem cinto sob chuva;Critico;Critico;0.3752959698438644;0.3752959698438644;R1_NORMAL;26;41;16;0;28;2;0;0.05000000819563866;0.1872759610414505;0.13856099545955658;96;4
C01;C01;Critico: Celular em alta velocidade;Critico;Critico;0.29102678298950196;0.29102678298950196;R2_STABLE_RISK;32;44;13;0;34;2;0;0.05000000819563866;0.15353593230247498;0.14793817698955536;96;4
C09;C09;Critico progressivo: Bebida ao volante;Critico;Critico;0.3722630128264427;0.3722630128264427;R1_NORMAL;38;73;36;1;60;22;0;0.05000000819563866;0.24657447636127472;0.11569610238075256;96;4
C07;C07;Critico progressivo: Sem cinto sob chuva;Critico;Critico;0.46381739675998684;0.46381739675998684;R2_STABLE_RISK;37;75;39;1;59;22;1;0.29360106587409973;0.38221487402915955;0.15437641739845276;96;4
C08;C08;Critico progressivo: Distracao urbana multietapas;Critico;Critico;0.4432240143418312;0.4432240143418312;R1_NORMAL;28;77;50;1;54;26;0;0.05000000819563866;0.31845197081565857;0.1627197563648224;96;4
C09;C09;Critico progressivo: Bebida ao volante;Critico;Critico;0.37496936321258545;0.37496936321258545;R1_NORMAL;38;73;36;1;58;20;0;0.05000000819563866;0.2450452297925949;0.1431458741426468;96;4
C03;C03;Critico: Celular sem cinto sob chuva;Critico;Critico;0.6101235002279282;0.6101235002279282;R1_NORMAL;26;41;16;0;28;2;1;0.20955555140972137;0.1929439753293991;0.1297096163034439;96;4
C03;C03;Critico: Celular sem cinto sob chuva;Critico;Critico;0.3752959698438644;0.3752959698438644;R1_NORMAL;26;41;16;0;28;2;0;0.05000000819563866;0.18082337081432343;0.10525127500295639;96;4
N02;N02;Normal: Urbano moderado;Normal;Normal;0.050000007078051564;0.050000007078051564;R2_STABLE_RISK;-1;-1;0;0;-1;-1;0;0.05000000819563866;0.03160439804196358;0.08496963977813721;96;4
C07;C07;Critico progressivo: Sem cinto sob chuva;Critico;Critico;0.47936618030071254;0.47936618030071254;R1_NORMAL;37;75;39;1;58;21;1;0.3099992871284485;0.3796102702617645;0.15708567202091217;96;4
C02;C02;Critico: Fadiga com desvio cinematico;Critico;Critico;0.6008008986711502;0.6008008986711502;R1_NORMAL;29;50;22;0;32;3;1;0.2434854507446289;0.09753170609474182;0.1231512650847435;96;4
C10;C10;Critico progressivo: Grooming em rodovia com fadiga;Critico;Critico;0.3804377242922783;0.3804377242922783;R1_NORMAL;40;81;42;1;64;24;0;0.05000000819563866;0.19746732711791992;0.10782841593027115;96;4
C10;C10;Critico progressivo: Grooming em rodovia com fadiga;Critico;Critico;0.42100096493959427;0.42100096493959427;R1_NORMAL;40;81;42;1;61;21;0;0.05000000819563866;0.19108450412750244;0.12933291494846344;96;4
C04;C04;Critico: Multiplas distracoes urbanas;Critico;Critico;0.3713889718055725;0.3713889718055725;R2_STABLE_RISK;22;45;24;0;24;2;0;0.05000000819563866;0.19983243942260742;0.13925078511238098;96;4
C06;C06;Critico progressivo: Fadiga noturna;Critico;Critico;0.4004094615578651;0.4004094615578651;R1_NORMAL;36;81;46;1;64;28;0;0.05000000819563866;0.14901377260684967;0.11088786274194717;96;4
C02;C02;Critico: Fadiga com desvio cinematico;Critico;Critico;0.39378328174352645;0.39378328174352645;R2_STABLE_RISK;29;50;22;0;32;3;0;0.05000000819563866;0.09679281711578369;0.10380169004201889;96;4
C10;C10;Critico progressivo: Grooming em rodovia com fadiga;Critico;Critico;0.3935609802603722;0.3935609802603722;R1_NORMAL;40;81;42;1;67;27;0;0.05000000819563866;0.20136941969394684;0.12437059730291367;96;4
C04;C04;Critico: Multiplas distracoes urbanas;Critico;Critico;0.3713889718055725;0.3713889718055725;R3_FALSE_KIN;22;45;24;0;24;2;0;0.05000000819563866;0.20677334070205688;0.1273280829191208;96;4
C03;C03;Critico: Celular sem cinto sob chuva;Critico;Critico;0.6264738976955413;0.6264738976955413;R2_STABLE_RISK;26;41;16;0;28;2;1;0.27382317185401917;0.18337909877300262;0.2003844976425171;96;4
N01;N01;Normal: Viagem tranquila em rodovia;Normal;Normal;0.050000007078051564;0.050000007078051564;R3_FALSE_KIN;-1;-1;0;0;-1;-1;0;0.05000000819563866;0.03527342155575752;0.09457173943519592;96;4
C08;C08;Critico progressivo: Distracao urbana multietapas;Critico;Critico;0.4108604148030281;0.4108604148030281;R1_NORMAL;28;77;50;1;59;31;0;0.05000000819563866;0.3165343701839447;0.11445915699005127;96;4
C02;C02;Critico: Fadiga com desvio cinematico;Critico;Critico;0.39378328174352645;0.39378328174352645;R1_NORMAL;29;50;22;0;32;3;0;0.05000000819563866;0.0953298807144165;0.1204814612865448;96;4
C01;C01;Critico: Celular em alta velocidade;Critico;Critico;0.29102678298950196;0.29102678298950196;R2_STABLE_RISK;32;44;13;0;34;2;0;0.05000000819563866;0.1544361710548401;0.13038143515586853;96;4
C04;C04;Critico: Multiplas distracoes urbanas;Critico;Critico;0.3713889718055725;0.3713889718055725;R2_STABLE_RISK;22;45;24;0;24;2;0;0.05000000819563866;0.20714251697063446;0.12501996755599976;96;4
N03;N03;Normal: Noite estável;Normal;Normal;0.050000007078051564;0.050000007078051564;R1_NORMAL;-1;-1;0;0;-1;-1;0;0.05000000819563866;0.0315631739795208;0.08810224384069443;96;4
C02;C02;Critico: Fadiga com desvio cinematico;Critico;Critico;0.39378328174352645;0.39378328174352645;R3_FALSE_KIN;29;50;22;0;32;3;0;0.05000000819563866;0.09586485475301743;0.1582741141319275;96;4
C05;C05;Critico progressivo: Celular em rodovia;Critico;Critico;0.4036534070968628;0.4036534070968628;R2_STABLE_RISK;42;73;32;1;58;16;0;0.05000000819563866;0.31782451272010803;0.16135971248149872;96;4
N02;N02;Normal: Urbano moderado;Normal;Normal;0.050000007078051564;0.050000007078051564;R2_STABLE_RISK;-1;-1;0;0;-1;-1;0;0.05000000819563866;0.03153453394770622;0.08966299146413803;96;4
C03;C03;Critico: Celular sem cinto sob chuva;Critico;Critico;0.6202797055244444;0.6202797055244444;R2_STABLE_RISK;26;41;16;0;28;2;1;0.2460472583770752;0.18309573829174042;0.19336235523223877;96;4
C09;C09;Critico progressivo: Bebida ao volante;Critico;Critico;0.38890394419431684;0.38890394419431684;R1_NORMAL;38;73;36;1;56;18;0;0.05000000819563866;0.2515452206134796;0.1474018543958664;96;4
N03;N03;Normal: Noite estável;Normal;Normal;0.050000007078051564;0.050000007078051564;R3_FALSE_KIN;-1;-1;0;0;-1;-1;0;0.05000000819563866;0.03272031247615814;0.12294813990592957;96;4
C06;C06;Critico progressivo: Fadiga noturna;Critico;Critico;0.39455339461565014;0.39455339461565014;R2_STABLE_RISK;36;81;46;1;64;28;0;0.05000000819563866;0.15351761877536774;0.1191999539732933;96;4
C08;C08;Critico progressivo: Distracao urbana multietapas;Critico;Critico;0.44092568457126613;0.44092568457126613;R1_NORMAL;28;77;50;1;50;22;0;0.05000000819563866;0.3151397407054901;0.13246138393878937;96;4
N02;N02;Normal: Urbano moderado;Normal;Normal;0.050000007078051564;0.050000007078051564;R2_STABLE_RISK;-1;-1;0;0;-1;-1;0;0.05000000819563866;0.025892041623592377;0.1218060776591301;96;4
C03;C03;Critico: Celular sem cinto sob chuva;Critico;Critico;0.3752959698438644;0.3752959698438644;R3_FALSE_KIN;26;41;16;0;28;2;0;0.05000000819563866;0.1812547892332077;0.1507868617773056;96;4
C05;C05;Critico progressivo: Celular em rodovia;Critico;Critico;0.4039915144443512;0.4039915144443512;R2_STABLE_RISK;42;73;32;1;57;15;0;0.05000000819563866;0.3118429481983185;0.12433987110853195;96;4
C08;C08;Critico progressivo: Distracao urbana multietapas;Critico;Critico;0.4499998167157173;0.4499998167157173;R3_FALSE_KIN;28;77;50;1;57;29;0;0.05000000819563866;0.3111567497253418;0.1253759264945984;96;4
C03;C03;Critico: Celular sem cinto sob chuva;Critico;Critico;0.3752959698438644;0.3752959698438644;R3_FALSE_KIN;26;41;16;0;28;2;0;0.05000000819563866;0.18118011951446533;0.1606387346982956;96;4
C10;C10;Critico progressivo: Grooming em rodovia com fadiga;Critico;Critico;0.39291649460792544;0.39291649460792544;R2_STABLE_RISK;40;81;42;1;64;24;0;0.05000000819563866;0.19692659378051758;0.06572002172470093;96;4
C06;C06;Critico progressivo: Fadiga noturna;Critico;Critico;0.4232963487505913;0.4232963487505913;R3_FALSE_KIN;36;81;46;1;60;24;0;0.05000000819563866;0.1563703417778015;0.09553021937608719;96;4
C10;C10;Critico progressivo: Grooming em rodovia com fadiga;Critico;Critico;0.36851050108671185;0.36851050108671185;R1_NORMAL;40;81;42;1;63;23;0;0.05000000819563866;0.19059611856937408;0.16994839906692505;96;4
N03;N03;Normal: Noite estável;Normal;Normal;0.050000007078051564;0.050000007078051564;R1_NORMAL;-1;-1;0;0;-1;-1;0;0.05000000819563866;0.0371476411819458;0.09295466542243958;96;4
N03;N03;Normal: Noite estável;Normal;Normal;0.050000007078051564;0.050000007078051564;R1_NORMAL;-1;-1;0;0;-1;-1;0;0.05000000819563866;0.0274431761354208;0.07214762270450592;96;4
C03;C03;Critico: Celular sem cinto sob chuva;Critico;Critico;0.6182763129472733;0.6182763129472733;R2_STABLE_RISK;26;41;16;0;28;2;1;0.2639351487159729;0.18821485340595245;0.21837377548217773;96;4
N02;N02;Normal: Urbano moderado;Normal;Normal;0.050000007078051564;0.050000007078051564;R1_NORMAL;-1;-1;0;0;-1;-1;0;0.05000000819563866;0.038188014179468155;0.11235436052083969;96;4
C01;C01;Critico: Celular em alta velocidade;Critico;Critico;0.5365502953529357;0.5365502953529357;R3_FALSE_KIN;32;44;13;0;34;2;1;0.26729896664619446;0.1557718962430954;0.17628376185894012;96;4
C02;C02;Critico: Fadiga com desvio cinematico;Critico;Critico;0.39378328174352645;0.39378328174352645;R1_NORMAL;29;50;22;0;32;3;0;0.05000000819563866;0.08962762355804443;0.11872699856758118;96;4
C07;C07;Critico progressivo: Sem cinto sob chuva;Critico;Critico;0.42835434675216677;0.42835434675216677;R1_NORMAL;37;75;39;1;54;17;0;0.05000000819563866;0.3838406801223755;0.17120157182216644;96;4
C03;C03;Critico: Celular sem cinto sob chuva;Critico;Critico;0.6050801306962967;0.6050801306962967;R1_NORMAL;26;41;16;0;28;2;1;0.20894266664981842;0.1843232363462448;0.1637754887342453;96;4
N03;N03;Normal: Noite estável;Normal;Normal;0.050000007078051564;0.050000007078051564;R1_NORMAL;-1;-1;0;0;-1;-1;0;0.05000000819563866;0.032768476754426956;0.14477629959583282;96;4
C10;C10;Critico progressivo: Grooming em rodovia com fadiga;Critico;Critico;0.47361677587032314;0.47361677587032314;R1_NORMAL;40;81;42;1;59;19;1;0.3494561016559601;0.19939593970775604;0.12783533334732056;96;4
C08;C08;Critico progressivo: Distracao urbana multietapas;Critico;Critico;0.5144806593656539;0.5144806593656539;R3_FALSE_KIN;28;77;50;1;54;26;1;0.31487932801246643;0.31824418902397156;0.16104350984096527;96;4
C05;C05;Critico progressivo: Celular em rodovia;Critico;Critico;0.37681267708539956;0.37681267708539956;R2_STABLE_RISK;42;73;32;1;61;19;0;0.05000000819563866;0.31833747029304504;0.1609349548816681;96;4
N02;N02;Normal: Urbano moderado;Normal;Normal;0.050000007078051564;0.050000007078051564;R1_NORMAL;-1;-1;0;0;-1;-1;0;0.05000000819563866;0.03147411346435547;0.08437139540910721;96;4
C09;C09;Critico progressivo: Bebida ao volante;Critico;Critico;0.4586835116147995;0.4586835116147995;R3_FALSE_KIN;38;73;36;1;58;20;1;0.2950168251991272;0.24829275906085968;0.16804611682891846;96;4
C04;C04;Critico: Multiplas distracoes urbanas;Critico;Critico;0.5748859196901321;0.5748859196901321;R1_NORMAL;22;45;24;0;24;2;1;0.25265827775001526;0.1968761682510376;0.2083948403596878;96;4
C05;C05;Critico progressivo: Celular em rodovia;Critico;Critico;0.46443860828876493;0.46443860828876493;R1_NORMAL;42;73;32;1;56;14;1;0.23562325537204742;0.3226514756679535;0.1947527378797531;96;4
C04;C04;Critico: Multiplas distracoes urbanas;Critico;Critico;0.5664164692163467;0.5664164692163467;R3_FALSE_KIN;22;45;24;0;24;2;1;0.23204831779003143;0.21400608122348785;0.15909768640995026;96;4
N01;N01;Normal: Viagem tranquila em rodovia;Normal;Normal;0.050000007078051564;0.050000007078051564;R1_NORMAL;-1;-1;0;0;-1;-1;0;0.05000000819563866;0.031360793858766556;0.13046017289161682;96;4
N02;N02;Normal: Urbano moderado;Normal;Normal;0.050000007078051564;0.050000007078051564;R1_NORMAL;-1;-1;0;0;-1;-1;0;0.05000000819563866;0.02804870717227459;0.09379800409078598;96;4
C04;C04;Critico: Multiplas distracoes urbanas;Critico;Critico;0.3713889718055725;0.3713889718055725;R2_STABLE_RISK;22;45;24;0;24;2;0;0.05000000819563866;0.19746191799640656;0.16665293276309967;96;4
C01;C01;Critico: Celular em alta velocidade;Critico;Critico;0.29102678298950196;0.29102678298950196;R2_STABLE_RISK;32;44;13;0;34;2;0;0.05000000819563866;0.15718626976013184;0.13238798081874847;96;4
C03;C03;Critico: Celular sem cinto sob chuva;Critico;Critico;0.604470881819725;0.604470881819725;R1_NORMAL;26;41;16;0;28;2;1;0.1958538293838501;0.18840385973453522;0.16347074508666992;96;4
C04;C04;Critico: Multiplas distracoes urbanas;Critico;Critico;0.5680815607309341;0.5680815607309341;R2_STABLE_RISK;22;45;24;0;24;2;1;0.22526980936527252;0.20652681589126587;0.1752036064863205;96;4
N02;N02;Normal: Urbano moderado;Normal;Normal;0.050000007078051564;0.050000007078051564;R1_NORMAL;-1;-1;0;0;-1;-1;0;0.05000000819563866;0.029370779171586037;0.0847504660487175;96;4
C01;C01;Critico: Celular em alta velocidade;Critico;Critico;0.5221152693033217;0.5221152693033217;R1_NORMAL;32;44;13;0;34;2;1;0.27268216013908386;0.15357674658298492;0.18434643745422363;96;4
C09;C09;Critico progressivo: Bebida ao volante;Critico;Critico;0.45862164497375485;0.45862164497375485;R3_FALSE_KIN;38;73;36;1;60;22;1;0.2533544600009918;0.25206291675567627;0.1499725878238678;96;4
C02;C02;Critico: Fadiga com desvio cinematico;Critico;Critico;0.39378328174352645;0.39378328174352645;R2_STABLE_RISK;29;50;22;0;32;3;0;0.05000000819563866;0.1041322723031044;0.1682765930891037;96;4
N02;N02;Normal: Urbano moderado;Normal;Normal;0.050000007078051564;0.050000007078051564;R3_FALSE_KIN;-1;-1;0;0;-1;-1;0;0.05000000819563866;0.034082818776369095;0.10876107960939407;96;4
C09;C09;Critico progressivo: Bebida ao volante;Critico;Critico;0.38276532739400865;0.38276532739400865;R2_STABLE_RISK;38;73;36;1;59;21;0;0.05000000819563866;0.24861711263656616;0.1420891433954239;96;4
C09;C09;Critico progressivo: Bebida ao volante;Critico;Critico;0.4014352306723594;0.4014352306723594;R2_STABLE_RISK;38;73;36;1;57;19;0;0.05000000819563866;0.2566910982131958;0.11126551032066345;96;4
C04;C04;Critico: Multiplas distracoes urbanas;Critico;Critico;0.5722266554832458;0.5722266554832458;R1_NORMAL;22;45;24;0;24;2;1;0.2436428666114807;0.20386607944965363;0.21409422159194946;96;4
C03;C03;Critico: Celular sem cinto sob chuva;Critico;Critico;0.3752959698438644;0.3752959698438644;R2_STABLE_RISK;26;41;16;0;28;2;0;0.05000000819563866;0.18661080300807953;0.14312626421451569;96;4
N03;N03;Normal: Noite estável;Normal;Normal;0.050000007078051564;0.050000007078051564;R2_STABLE_RISK;-1;-1;0;0;-1;-1;0;0.05000000819563866;0.039007533341646194;0.08015742897987366;96;4
N01;N01;Normal: Viagem tranquila em rodovia;Normal;Normal;0.050000007078051564;0.050000007078051564;R1_NORMAL;-1;-1;0;0;-1;-1;0;0.05000000819563866;0.031954359263181686;0.14642272889614105;96;4
C01;C01;Critico: Celular em alta velocidade;Critico;Critico;0.29102678298950196;0.29102678298950196;R2_STABLE_RISK;32;44;13;0;34;2;0;0.05000000819563866;0.15604254603385925;0.10073747485876083;96;4
C04;C04;Critico: Multiplas distracoes urbanas;Critico;Critico;0.3713889718055725;0.3713889718055725;R2_STABLE_RISK;22;45;24;0;24;2;0;0.05000000819563866;0.19783656299114227;0.1290917545557022;96;4
C10;C10;Critico progressivo: Grooming em rodovia com fadiga;Critico;Critico;0.41046865731477733;0.41046865731477733;R1_NORMAL;40;81;42;1;59;19;0;0.05000000819563866;0.1947435587644577;0.08144906908273697;96;4
C05;C05;Critico progressivo: Celular em rodovia;Critico;Critico;0.4567963629961014;0.4567963629961014;R1_NORMAL;42;73;32;1;58;16;1;0.27129754424095154;0.3182659447193146;0.15349195897579193;96;4
C08;C08;Critico progressivo: Distracao urbana multietapas;Critico;Critico;0.43636156916618346;0.43636156916618346;R1_NORMAL;28;77;50;1;53;25;0;0.05000000819563866;0.31927797198295593;0.173478364944458;96;4
C04;C04;Critico: Multiplas distracoes urbanas;Critico;Critico;0.3713889718055725;0.3713889718055725;R2_STABLE_RISK;22;45;24;0;24;2;0;0.05000000819563866;0.20146793127059937;0.14116989076137543;96;4
C01;C01;Critico: Celular em alta velocidade;Critico;Critico;0.5323096424341202;0.5323096424341202;R2_STABLE_RISK;32;44;13;0;34;2;1;0.2474033385515213;0.1656246781349182;0.17191018164157867;96;4
N03;N03;Normal: Noite estável;Normal;Normal;0.050000007078051564;0.050000007078051564;R1_NORMAL;-1;-1;0;0;-1;-1;0;0.05000000819563866;0.02613201178610325;0.10708681493997574;96;4
C08;C08;Critico progressivo: Distracao urbana multietapas;Critico;Critico;0.42899860590696337;0.42899860590696337;R2_STABLE_RISK;28;77;50;1;59;31;0;0.05000000819563866;0.31242242455482483;0.14135396480560303;96;4
N01;N01;Normal: Viagem tranquila em rodovia;Normal;Normal;0.050000007078051564;0.050000007078051564;R1_NORMAL;-1;-1;0;0;-1;-1;0;0.05000000819563866;0.02890922874212265;0.11414161324501038;96;4
C07;C07;Critico progressivo: Sem cinto sob chuva;Critico;Critico;0.4980824291706085;0.4980824291706085;R2_STABLE_RISK;37;75;39;1;59;22;1;0.327002614736557;0.37591424584388733;0.16183535754680634;96;4
C09;C09;Critico progressivo: Bebida ao volante;Critico;Critico;0.4854826301336288;0.4854826301336288;R1_NORMAL;38;73;36;1;58;20;1;0.3253993093967438;0.25248584151268005;0.1640620082616806;96;4
C09;C09;Critico progressivo: Bebida ao volante;Critico;Critico;0.4039215639233589;0.4039215639233589;R2_STABLE_RISK;38;73;36;1;55;17;0;0.05000000819563866;0.2568044662475586;0.11857584863901138;96;4
C10;C10;Critico progressivo: Grooming em rodovia com fadiga;Critico;Critico;0.3806305766105652;0.3806305766105652;R3_FALSE_KIN;40;81;42;1;61;21;0;0.05000000819563866;0.20138053596019745;0.13642507791519165;96;4
C10;C10;Critico progressivo: Grooming em rodovia com fadiga;Critico;Critico;0.4158456191420555;0.4158456191420555;R2_STABLE_RISK;40;81;42;1;61;21;0;0.05000000819563866;0.19410014152526855;0.12875168025493622;96;4
C10;C10;Critico progressivo: Grooming em rodovia com fadiga;Critico;Critico;0.45036689937114716;0.45036689937114716;R2_STABLE_RISK;40;81;42;1;62;22;1;0.35109472274780273;0.19531814754009247;0.1688828021287918;96;4
C08;C08;Critico progressivo: Distracao urbana multietapas;Critico;Critico;0.4904771596193313;0.4904771596193313;R1_NORMAL;28;77;50;1;60;32;1;0.2816821336746216;0.3121368885040283;0.16274365782737732;96;4
C03;C03;Critico: Celular sem cinto sob chuva;Critico;Critico;0.3752959698438644;0.3752959698438644;R1_NORMAL;26;41;16;0;28;2;0;0.05000000819563866;0.1883164793252945;0.11744944006204605;96;4
C03;C03;Critico: Celular sem cinto sob chuva;Critico;Critico;0.3752959698438644;0.3752959698438644;R2_STABLE_RISK;26;41;16;0;28;2;0;0.05000000819563866;0.18322676420211792;0.10936575382947922;96;4
C08;C08;Critico progressivo: Distracao urbana multietapas;Critico;Critico;0.44971536397933953;0.44971536397933953;R1_NORMAL;28;77;50;1;55;27;0;0.05000000819563866;0.31578055024147034;0.11020791530609131;96;4
N03;N03;Normal: Noite estável;Normal;Normal;0.050000007078051564;0.050000007078051564;R1_NORMAL;-1;-1;0;0;-1;-1;0;0.05000000819563866;0.02794015407562256;0.10210903733968735;96;4
C01;C01;Critico: Celular em alta velocidade;Critico;Critico;0.29102678298950196;0.29102678298950196;R2_STABLE_RISK;32;44;13;0;34;2;0;0.05000000819563866;0.15913645923137665;0.0981232151389122;96;4
C01;C01;Critico: Celular em alta velocidade;Critico;Critico;0.29102678298950196;0.29102678298950196;R1_NORMAL;32;44;13;0;34;2;0;0.05000000819563866;0.15062958002090454;0.14282433688640594;96;4
N03;N03;Normal: Noite estável;Normal;Normal;0.050000007078051564;0.050000007078051564;R1_NORMAL;-1;-1;0;0;-1;-1;0;0.05000000819563866;0.03231941536068916;0.09738975018262863;96;4
C05;C05;Critico progressivo: Celular em rodovia;Critico;Critico;0.36064445823431013;0.36064445823431013;R1_NORMAL;42;73;32;1;59;17;0;0.05000000819563866;0.32099413871765137;0.08373043686151505;96;4
N03;N03;Normal: Noite estável;Normal;Normal;0.050000007078051564;0.050000007078051564;R3_FALSE_KIN;-1;-1;0;0;-1;-1;0;0.05000000819563866;0.03205535188317299;0.09375283122062683;96;4
C07;C07;Critico progressivo: Sem cinto sob chuva;Critico;Critico;0.40974668413400644;0.40974668413400644;R2_STABLE_RISK;37;75;39;1;57;20;0;0.05000000819563866;0.3801976144313812;0.17241056263446808;96;4
C08;C08;Critico progressivo: Distracao urbana multietapas;Critico;Critico;0.4890553474426269;0.4890553474426269;R3_FALSE_KIN;28;77;50;1;52;24;0;0.05000000819563866;0.31688937544822693;0.16789937019348145;96;4
C10;C10;Critico progressivo: Grooming em rodovia com fadiga;Critico;Critico;0.46130133271217344;0.46130133271217344;R2_STABLE_RISK;40;81;42;1;66;26;1;0.34167447686195374;0.1906125545501709;0.11865440756082535;96;4
N01;N01;Normal: Viagem tranquila em rodovia;Normal;Normal;0.050000007078051564;0.050000007078051564;R1_NORMAL;-1;-1;0;0;-1;-1;0;0.05000000819563866;0.030646855011582375;0.10960761457681656;96;4
C09;C09;Critico progressivo: Bebida ao volante;Critico;Critico;0.37790022939443585;0.37790022939443585;R2_STABLE_RISK;38;73;36;1;58;20;0;0.05000000819563866;0.25072339177131653;0.13175474107265472;96;4
N01;N01;Normal: Viagem tranquila em rodovia;Normal;Normal;0.050000007078051564;0.050000007078051564;R1_NORMAL;-1;-1;0;0;-1;-1;0;0.05000000819563866;0.030725354328751564;0.09424301981925964;96;4
C01;C01;Critico: Celular em alta velocidade;Critico;Critico;0.5249625772237778;0.5249625772237778;R1_NORMAL;32;44;13;0;34;2;1;0.22664104402065277;0.15936508774757385;0.17125868797302246;96;4
C05;C05;Critico progressivo: Celular em rodovia;Critico;Critico;0.4809712409973145;0.4809712409973145;R1_NORMAL;42;73;32;1;57;15;1;0.2833193838596344;0.31800398230552673;0.17387814819812775;96;4
C03;C03;Critico: Celular sem cinto sob chuva;Critico;Critico;0.3752959698438644;0.3752959698438644;R3_FALSE_KIN;26;41;16;0;28;2;0;0.05000000819563866;0.19362850487232208;0.14893363416194916;96;4
C02;C02;Critico: Fadiga com desvio cinematico;Critico;Critico;0.39378328174352645;0.39378328174352645;R1_NORMAL;29;50;22;0;32;3;0;0.05000000819563866;0.10603749006986618;0.14950048923492432;96;4
C02;C02;Critico: Fadiga com desvio cinematico;Critico;Critico;0.39378328174352645;0.39378328174352645;R2_STABLE_RISK;29;50;22;0;32;3;0;0.05000000819563866;0.09642714262008667;0.11492550373077393;96;4
C01;C01;Critico: Celular em alta velocidade;Critico;Critico;0.29102678298950196;0.29102678298950196;R1_NORMAL;32;44;13;0;34;2;0;0.05000000819563866;0.15442492067813873;0.14520680904388428;96;4
C09;C09;Critico progressivo: Bebida ao volante;Critico;Critico;0.39808107614517213;0.39808107614517213;R3_FALSE_KIN;38;73;36;1;59;21;0;0.05000000819563866;0.25058606266975403;0.14696286618709564;96;4
C03;C03;Critico: Celular sem cinto sob chuva;Critico;Critico;0.612512144446373;0.612512144446373;R2_STABLE_RISK;26;41;16;0;28;2;1;0.23408840596675873;0.19045846164226532;0.16989584267139435;96;4
C01;C01;Critico: Celular em alta velocidade;Critico;Critico;0.5253205716609954;0.5253205716609954;R1_NORMAL;32;44;13;0;34;2;1;0.23751093447208405;0.148085817694664;0.20060479640960693;96;4
C05;C05;Critico progressivo: Celular em rodovia;Critico;Critico;0.39456752091646197;0.39456752091646197;R1_NORMAL;42;73;32;1;56;14;0;0.05000000819563866;0.3174096643924713;0.12910640239715576;96;4
N01;N01;Normal: Viagem tranquila em rodovia;Normal;Normal;0.050000007078051564;0.050000007078051564;R3_FALSE_KIN;-1;-1;0;0;-1;-1;0;0.05000000819563866;0.03300897032022476;0.07612939924001694;96;4
N03;N03;Normal: Noite estável;Normal;Normal;0.050000007078051564;0.050000007078051564;R2_STABLE_RISK;-1;-1;0;0;-1;-1;0;0.05000000819563866;0.03465057536959648;0.11850736290216446;96;4
C04;C04;Critico: Multiplas distracoes urbanas;Critico;Critico;0.5668082118034363;0.5668082118034363;R2_STABLE_RISK;22;45;24;0;24;2;1;0.27059078216552734;0.2050979882478714;0.17119871079921722;96;4
C05;C05;Critico progressivo: Celular em rodovia;Critico;Critico;0.3981875658035278;0.3981875658035278;R2_STABLE_RISK;42;73;32;1;58;16;0;0.05000000819563866;0.32293373346328735;0.12445327639579773;96;4
C02;C02;Critico: Fadiga com desvio cinematico;Critico;Critico;0.6086121320724487;0.6086121320724487;R1_NORMAL;29;50;22;0;32;3;1;0.2892897427082062;0.09780778735876083;0.14036217331886292;96;4
N01;N01;Normal: Viagem tranquila em rodovia;Normal;Normal;0.050000007078051564;0.050000007078051564;R1_NORMAL;-1;-1;0;0;-1;-1;0;0.05000000819563866;0.03106083534657955;0.08548455685377121;96;4
C07;C07;Critico progressivo: Sem cinto sob chuva;Critico;Critico;0.4211828351020813;0.4211828351020813;R1_NORMAL;37;75;39;1;55;18;0;0.05000000819563866;0.3792024552822113;0.1433493047952652;96;4
C01;C01;Critico: Celular em alta velocidade;Critico;Critico;0.5341267734766006;0.5341267734766006;R3_FALSE_KIN;32;44;13;0;34;2;1;0.2559286057949066;0.153519868850708;0.14358855783939362;96;4
C04;C04;Critico: Multiplas distracoes urbanas;Critico;Critico;0.3713889718055725;0.3713889718055725;R1_NORMAL;22;45;24;0;24;2;0;0.05000000819563866;0.2023700326681137;0.1426640748977661;96;4
C05;C05;Critico progressivo: Celular em rodovia;Critico;Critico;0.3885212555527687;0.3885212555527687;R1_NORMAL;42;73;32;1;57;15;0;0.05000000819563866;0.32330599427223206;0.1521017700433731;96;4
C04;C04;Critico: Multiplas distracoes urbanas;Critico;Critico;0.3713889718055725;0.3713889718055725;R1_NORMAL;22;45;24;0;24;2;0;0.05000000819563866;0.20444156229496002;0.10307399183511734;96;4
C10;C10;Critico progressivo: Grooming em rodovia com fadiga;Critico;Critico;0.47003739476203915;0.47003739476203915;R2_STABLE_RISK;40;81;42;1;67;27;1;0.37457969784736633;0.20173881947994232;0.09133198857307434;96;4
C08;C08;Critico progressivo: Distracao urbana multietapas;Critico;Critico;0.4934189677238464;0.4934189677238464;R1_NORMAL;28;77;50;1;54;26;1;0.2968703806400299;0.3166637122631073;0.1613600105047226;96;4
C09;C09;Critico progressivo: Bebida ao volante;Critico;Critico;0.4021097794175148;0.4021097794175148;R2_STABLE_RISK;38;73;36;1;55;17;0;0.05000000819563866;0.2608741819858551;0.11766097694635391;96;4
C10;C10;Critico progressivo: Grooming em rodovia com fadiga;Critico;Critico;0.3879239186644554;0.3879239186644554;R1_NORMAL;40;81;42;1;61;21;0;0.05000000819563866;0.20876753330230713;0.11964263767004013;96;4
N02;N02;Normal: Urbano moderado;Normal;Normal;0.050000007078051564;0.050000007078051564;R2_STABLE_RISK;-1;-1;0;0;-1;-1;0;0.05000000819563866;0.032497063279151917;0.09745770692825317;96;4
C10;C10;Critico progressivo: Grooming em rodovia com fadiga;Critico;Critico;0.4328239053487778;0.4328239053487778;R2_STABLE_RISK;40;81;42;1;66;26;1;0.33883392810821533;0.20017246901988983;0.12711413204669952;96;4
N02;N02;Normal: Urbano moderado;Normal;Normal;0.050000007078051564;0.050000007078051564;R1_NORMAL;-1;-1;0;0;-1;-1;0;0.05000000819563866;0.02603190951049328;0.13267800211906433;96;4
N02;N02;Normal: Urbano moderado;Normal;Normal;0.050000007078051564;0.050000007078051564;R1_NORMAL;-1;-1;0;0;-1;-1;0;0.05000000819563866;0.024442195892333984;0.10516683012247086;96;4
C06;C06;Critico progressivo: Fadiga noturna;Critico;Critico;0.43525590300559996;0.43525590300559996;R3_FALSE_KIN;36;81;46;1;60;24;0;0.05000000819563866;0.1566460132598877;0.10522335767745972;96;4
C07;C07;Critico progressivo: Sem cinto sob chuva;Critico;Critico;0.4057681187987327;0.4057681187987327;R1_NORMAL;37;75;39;1;62;25;0;0.05000000819563866;0.3700294494628906;0.17314434051513672;96;4
C03;C03;Critico: Celular sem cinto sob chuva;Critico;Critico;0.3752959698438644;0.3752959698438644;R3_FALSE_KIN;26;41;16;0;28;2;0;0.05000000819563866;0.1947588175535202;0.10907462239265442;96;4
C09;C09;Critico progressivo: Bebida ao volante;Critico;Critico;0.46893695294857024;0.46893695294857024;R1_NORMAL;38;73;36;1;59;21;1;0.3086383640766144;0.24655838310718536;0.14264915883541107;96;4
C04;C04;Critico: Multiplas distracoes urbanas;Critico;Critico;0.3713889718055725;0.3713889718055725;R1_NORMAL;22;45;24;0;24;2;0;0.05000000819563866;0.1972169131040573;0.12840484082698822;96;4
C07;C07;Critico progressivo: Sem cinto sob chuva;Critico;Critico;0.4031469523906708;0.4031469523906708;R2_STABLE_RISK;37;75;39;1;58;21;0;0.05000000819563866;0.38199615478515625;0.1131463274359703;96;4
C01;C01;Critico: Celular em alta velocidade;Critico;Critico;0.5304591685533524;0.5304591685533524;R1_NORMAL;32;44;13;0;34;2;1;0.2493298053741455;0.15339867770671844;0.19646255671977997;96;4
N02;N02;Normal: Urbano moderado;Normal;Normal;0.050000007078051564;0.050000007078051564;R2_STABLE_RISK;-1;-1;0;0;-1;-1;0;0.05000000819563866;0.0337456539273262;0.07604872435331345;96;4
C05;C05;Critico progressivo: Celular em rodovia;Critico;Critico;0.37327724546194074;0.37327724546194074;R2_STABLE_RISK;42;73;32;1;61;19;0;0.05000000819563866;0.31976184248924255;0.12341868877410889;96;4
N02;N02;Normal: Urbano moderado;Normal;Normal;0.050000007078051564;0.050000007078051564;R3_FALSE_KIN;-1;-1;0;0;-1;-1;0;0.05000000819563866;0.031858477741479874;0.1579311043024063;96;4
N03;N03;Normal: Noite estável;Normal;Normal;0.050000007078051564;0.050000007078051564;R1_NORMAL;-1;-1;0;0;-1;-1;0;0.05000000819563866;0.033436622470617294;0.10811499506235123;96;4
C02;C02;Critico: Fadiga com desvio cinematico;Critico;Critico;0.39378328174352645;0.39378328174352645;R1_NORMAL;29;50;22;0;32;3;0;0.05000000819563866;0.10202991217374802;0.1316913366317749;96;4
C06;C06;Critico progressivo: Fadiga noturna;Critico;Critico;0.4258119598031044;0.4258119598031044;R2_STABLE_RISK;36;81;46;1;62;26;0;0.05000000819563866;0.16294533014297485;0.1235940083861351;96;4
N02;N02;Normal: Urbano moderado;Normal;Normal;0.050000007078051564;0.050000007078051564;R1_NORMAL;-1;-1;0;0;-1;-1;0;0.05000000819563866;0.023741262033581734;0.10952094197273254;96;4
C03;C03;Critico: Celular sem cinto sob chuva;Critico;Critico;0.626661467552185;0.626661467552185;R2_STABLE_RISK;26;41;16;0;28;2;1;0.2746643126010895;0.18309958279132843;0.2127295881509781;96;4
C08;C08;Critico progressivo: Distracao urbana multietapas;Critico;Critico;0.5071832209825515;0.5071832209825515;R1_NORMAL;28;77;50;1;55;27;1;0.28703734278678894;0.31684938073158264;0.18341277539730072;96;4
C02;C02;Critico: Fadiga com desvio cinematico;Critico;Critico;0.6005199819803237;0.6005199819803237;R1_NORMAL;29;50;22;0;32;3;1;0.28079551458358765;0.09979229420423508;0.16526925563812256;96;4
C07;C07;Critico progressivo: Sem cinto sob chuva;Critico;Critico;0.4842548668384552;0.4842548668384552;R2_STABLE_RISK;37;75;39;1;54;17;1;0.2834358811378479;0.38667699694633484;0.19539624452590942;96;4
C08;C08;Critico progressivo: Distracao urbana multietapas;Critico;Critico;0.5295677870512009;0.5295677870512009;R2_STABLE_RISK;28;77;50;1;56;28;1;0.28884080052375793;0.3178039491176605;0.1867416650056839;96;4
C09;C09;Critico progressivo: Bebida ao volante;Critico;Critico;0.3908964335918426;0.3908964335918426;R1_NORMAL;38;73;36;1;58;20;0;0.05000000819563866;0.24647743999958038;0.11250587552785873;96;4
C04;C04;Critico: Multiplas distracoes urbanas;Critico;Critico;0.3713889718055725;0.3713889718055725;R3_FALSE_KIN;22;45;24;0;24;2;0;0.05000000819563866;0.19986438751220703;0.14593328535556793;96;4
C06;C06;Critico progressivo: Fadiga noturna;Critico;Critico;0.402028639614582;0.402028639614582;R1_NORMAL;36;81;46;1;59;23;0;0.05000000819563866;0.15524424612522125;0.09431660175323486;96;4
N02;N02;Normal: Urbano moderado;Normal;Normal;0.050000007078051564;0.050000007078051564;R1_NORMAL;-1;-1;0;0;-1;-1;0;0.05000000819563866;0.02977665700018406;0.12922273576259613;96;4
C10;C10;Critico progressivo: Grooming em rodovia com fadiga;Critico;Critico;0.5037920653820038;0.5037920653820038;R1_NORMAL;40;81;42;1;57;17;1;0.35470402240753174;0.21618491411209106;0.11124518513679504;96;4
C08;C08;Critico progressivo: Distracao urbana multietapas;Critico;Critico;0.4926184415817261;0.4926184415817261;R1_NORMAL;28;77;50;1;60;32;1;0.2717317044734955;0.3179345428943634;0.16882510483264923;96;4
C02;C02;Critico: Fadiga com desvio cinematico;Critico;Critico;0.6024089634418488;0.6024089634418488;R2_STABLE_RISK;29;50;22;0;32;3;1;0.27953413128852844;0.09468267112970352;0.18518413603305817;96;4
N03;N03;Normal: Noite estável;Normal;Normal;0.050000007078051564;0.050000007078051564;R2_STABLE_RISK;-1;-1;0;0;-1;-1;0;0.05000000819563866;0.03223707899451256;0.09215453267097473;96;4
C08;C08;Critico progressivo: Distracao urbana multietapas;Critico;Critico;0.4155564948916435;0.4155564948916435;R2_STABLE_RISK;28;77;50;1;54;26;0;0.05000000819563866;0.31572437286376953;0.16738523542881012;96;4
C04;C04;Critico: Multiplas distracoes urbanas;Critico;Critico;0.5750635534524917;0.5750635534524917;R3_FALSE_KIN;22;45;24;0;24;2;1;0.27978405356407166;0.20614643394947052;0.19015587866306305;96;4
N02;N02;Normal: Urbano moderado;Normal;Normal;0.050000007078051564;0.050000007078051564;R1_NORMAL;-1;-1;0;0;-1;-1;0;0.05000000819563866;0.03215894103050232;0.09802699834108353;96;4
C06;C06;Critico progressivo: Fadiga noturna;Critico;Critico;0.4847339540719986;0.4847339540719986;R3_FALSE_KIN;36;81;46;1;56;20;1;0.31744667887687683;0.16160184144973755;0.12036493420600891;96;4
N03;N03;Normal: Noite estável;Normal;Normal;0.050000007078051564;0.050000007078051564;R3_FALSE_KIN;-1;-1;0;0;-1;-1;0;0.05000000819563866;0.03182673454284668;0.09490487724542618;96;4
C06;C06;Critico progressivo: Fadiga noturna;Critico;Critico;0.4593086570501327;0.4593086570501327;R1_NORMAL;36;81;46;1;58;22;0;0.05000000819563866;0.16130058467388153;0.10745710879564285;96;4
C01;C01;Critico: Celular em alta velocidade;Critico;Critico;0.29102678298950196;0.29102678298950196;R2_STABLE_RISK;32;44;13;0;34;2;0;0.05000000819563866;0.1518748551607132;0.1531779021024704;96;4
C08;C08;Critico progressivo: Distracao urbana multietapas;Critico;Critico;0.4184776484966278;0.4184776484966278;R1_NORMAL;28;77;50;1;58;30;0;0.05000000819563866;0.31646785140037537;0.12488571554422379;96;4
C05;C05;Critico progressivo: Celular em rodovia;Critico;Critico;0.378111469745636;0.378111469745636;R3_FALSE_KIN;42;73;32;1;60;18;0;0.05000000819563866;0.3137749433517456;0.1436198502779007;96;4
C06;C06;Critico progressivo: Fadiga noturna;Critico;Critico;0.44620805978775024;0.44620805978775024;R2_STABLE_RISK;36;81;46;1;61;25;0;0.05000000819563866;0.15277445316314697;0.09007340669631958;96;4
C03;C03;Critico: Celular sem cinto sob chuva;Critico;Critico;0.3752959698438644;0.3752959698438644;R1_NORMAL;26;41;16;0;28;2;0;0.05000000819563866;0.19043660163879395;0.13024623692035675;96;4
C05;C05;Critico progressivo: Celular em rodovia;Critico;Critico;0.46031021475791933;0.46031021475791933;R3_FALSE_KIN;42;73;32;1;58;16;1;0.29984772205352783;0.32309186458587646;0.13390827178955078;96;4
N01;N01;Normal: Viagem tranquila em rodovia;Normal;Normal;0.050000007078051564;0.050000007078051564;R1_NORMAL;-1;-1;0;0;-1;-1;0;0.05000000819563866;0.03558860346674919;0.10628321021795273;96;4
C02;C02;Critico: Fadiga com desvio cinematico;Critico;Critico;0.6038234412670136;0.6038234412670136;R2_STABLE_RISK;29;50;22;0;32;3;1;0.2751947343349457;0.10399169474840164;0.1797279566526413;96;4
N02;N02;Normal: Urbano moderado;Normal;Normal;0.050000007078051564;0.050000007078051564;R1_NORMAL;-1;-1;0;0;-1;-1;0;0.05000000819563866;0.03553849831223488;0.09197809547185898;96;4
N02;N02;Normal: Urbano moderado;Normal;Normal;0.050000007078051564;0.050000007078051564;R1_NORMAL;-1;-1;0;0;-1;-1;0;0.05000000819563866;0.030511818826198578;0.11781110614538193;96;4
C04;C04;Critico: Multiplas distracoes urbanas;Critico;Critico;0.3713889718055725;0.3713889718055725;R2_STABLE_RISK;22;45;24;0;24;2;0;0.05000000819563866;0.1938631534576416;0.12789523601531982;96;4
C01;C01;Critico: Celular em alta velocidade;Critico;Critico;0.29102678298950196;0.29102678298950196;R2_STABLE_RISK;32;44;13;0;34;2;0;0.05000000819563866;0.15184129774570465;0.12013395875692368;96;4
C07;C07;Critico progressivo: Sem cinto sob chuva;Critico;Critico;0.4941085040569305;0.4941085040569305;R2_STABLE_RISK;37;75;39;1;56;19;1;0.3152545988559723;0.3915960490703583;0.1394108086824417;96;4
C06;C06;Critico progressivo: Fadiga noturna;Critico;Critico;0.44539336264133456;0.44539336264133456;R2_STABLE_RISK;36;81;46;1;56;20;0;0.05000000819563866;0.15856949985027313;0.13915055990219116;96;4
N02;N02;Normal: Urbano moderado;Normal;Normal;0.050000007078051564;0.050000007078051564;R2_STABLE_RISK;-1;-1;0;0;-1;-1;0;0.05000000819563866;0.03324878588318825;0.09818438440561295;96;4
C05;C05;Critico progressivo: Celular em rodovia;Critico;Critico;0.3632974192500114;0.3632974192500114;R2_STABLE_RISK;42;73;32;1;59;17;0;0.05000000819563866;0.3154681622982025;0.11942518502473831;96;4
C10;C10;Critico progressivo: Grooming em rodovia com fadiga;Critico;Critico;0.4279784634709358;0.4279784634709358;R2_STABLE_RISK;40;81;42;1;66;26;0;0.05000000819563866;0.20352673530578613;0.09544563293457031;96;4
C09;C09;Critico progressivo: Bebida ao volante;Critico;Critico;0.503192538022995;0.503192538022995;R1_NORMAL;38;73;36;1;56;18;1;0.2792181670665741;0.25432923436164856;0.17539405822753906;96;4
N03;N03;Normal: Noite estável;Normal;Normal;0.050000007078051564;0.050000007078051564;R2_STABLE_RISK;-1;-1;0;0;-1;-1;0;0.05000000819563866;0.02768545411527157;0.09497103840112686;96;4
N02;N02;Normal: Urbano moderado;Normal;Normal;0.050000007078051564;0.050000007078051564;R2_STABLE_RISK;-1;-1;0;0;-1;-1;0;0.05000000819563866;0.025073150172829628;0.10934422165155411;96;4
N01;N01;Normal: Viagem tranquila em rodovia;Normal;Normal;0.050000007078051564;0.050000007078051564;R3_FALSE_KIN;-1;-1;0;0;-1;-1;0;0.05000000819563866;0.03858251869678497;0.12472070008516312;96;4
C07;C07;Critico progressivo: Sem cinto sob chuva;Critico;Critico;0.4028761401772499;0.4028761401772499;R2_STABLE_RISK;37;75;39;1;57;20;0;0.05000000819563866;0.3805631399154663;0.14714191854000092;96;4
N01;N01;Normal: Viagem tranquila em rodovia;Normal;Normal;0.050000007078051564;0.050000007078051564;R2_STABLE_RISK;-1;-1;0;0;-1;-1;0;0.05000000819563866;0.03104051761329174;0.11461778730154037;96;4
C01;C01;Critico: Celular em alta velocidade;Critico;Critico;0.29102678298950196;0.29102678298950196;R2_STABLE_RISK;32;44;13;0;34;2;0;0.05000000819563866;0.1573476344347;0.10323747247457504;96;4
C07;C07;Critico progressivo: Sem cinto sob chuva;Critico;Critico;0.4771469861268997;0.4771469861268997;R2_STABLE_RISK;37;75;39;1;57;20;1;0.3265051245689392;0.38213253021240234;0.1687176674604416;96;4
C06;C06;Critico progressivo: Fadiga noturna;Critico;Critico;0.4876114964485168;0.4876114964485168;R3_FALSE_KIN;36;81;46;1;64;28;1;0.3235819637775421;0.1501343697309494;0.1000429019331932;96;4
C08;C08;Critico progressivo: Distracao urbana multietapas;Critico;Critico;0.44526628255844114;0.44526628255844114;R3_FALSE_KIN;28;77;50;1;56;28;0;0.05000000819563866;0.3091852068901062;0.16713368892669678;96;4
C06;C06;Critico progressivo: Fadiga noturna;Critico;Critico;0.43723994493484497;0.43723994493484497;R1_NORMAL;36;81;46;1;64;28;0;0.05000000819563866;0.1522248238325119;0.1084861159324646;96;4
C02;C02;Critico: Fadiga com desvio cinematico;Critico;Critico;0.6052278727293015;0.6052278727293015;R3_FALSE_KIN;29;50;22;0;32;3;1;0.26631852984428406;0.09862775355577469;0.11774799227714539;96;4
C09;C09;Critico progressivo: Bebida ao volante;Critico;Critico;0.3951213479042053;0.3951213479042053;R3_FALSE_KIN;38;73;36;1;55;17;0;0.05000000819563866;0.2525578439235687;0.09907718747854233;96;4
C07;C07;Critico progressivo: Sem cinto sob chuva;Critico;Critico;0.4175366044044494;0.4175366044044494;R2_STABLE_RISK;37;75;39;1;61;24;0;0.05000000819563866;0.37210941314697266;0.13201090693473816;96;4
N03;N03;Normal: Noite estável;Normal;Normal;0.050000007078051564;0.050000007078051564;R1_NORMAL;-1;-1;0;0;-1;-1;0;0.05000000819563866;0.029296373948454857;0.12352626770734787;96;4
C06;C06;Critico progressivo: Fadiga noturna;Critico;Critico;0.4697074621915817;0.4697074621915817;R2_STABLE_RISK;36;81;46;1;63;27;1;0.340201735496521;0.16453278064727783;0.15585218369960785;96;4
C09;C09;Critico progressivo: Bebida ao volante;Critico;Critico;0.46881145536899566;0.46881145536899566;R1_NORMAL;38;73;36;1;60;22;1;0.24879930913448334;0.24419410526752472;0.15847499668598175;96;4
C06;C06;Critico progressivo: Fadiga noturna;Critico;Critico;0.4545058280229568;0.4545058280229568;R2_STABLE_RISK;36;81;46;1;61;25;1;0.31620165705680847;0.16048288345336914;0.1306905895471573;96;4
N01;N01;Normal: Viagem tranquila em rodovia;Normal;Normal;0.050000007078051564;0.050000007078051564;R2_STABLE_RISK;-1;-1;0;0;-1;-1;0;0.05000000819563866;0.028984667733311653;0.09169580787420273;96;4
C03;C03;Critico: Celular sem cinto sob chuva;Critico;Critico;0.6268412679433822;0.6268412679433822;R1_NORMAL;26;41;16;0;28;2;1;0.2754705250263214;0.18840330839157104;0.1993556022644043;96;4
C09;C09;Critico progressivo: Bebida ao volante;Critico;Critico;0.4063927665352821;0.4063927665352821;R2_STABLE_RISK;38;73;36;1;57;19;0;0.05000000819563866;0.2581285238265991;0.12811700999736786;96;4
C02;C02;Critico: Fadiga com desvio cinematico;Critico;Critico;0.39378328174352645;0.39378328174352645;R2_STABLE_RISK;29;50;22;0;32;3;0;0.05000000819563866;0.09645015746355057;0.1298314481973648;96;4
N02;N02;Normal: Urbano moderado;Normal;Normal;0.050000007078051564;0.050000007078051564;R2_STABLE_RISK;-1;-1;0;0;-1;-1;0;0.05000000819563866;0.029400980100035667;0.10227620601654053;96;4
C03;C03;Critico: Celular sem cinto sob chuva;Critico;Critico;0.3752959698438644;0.3752959698438644;R1_NORMAL;26;41;16;0;28;2;0;0.05000000819563866;0.1951202154159546;0.1390419602394104;96;4
C04;C04;Critico: Multiplas distracoes urbanas;Critico;Critico;0.3713889718055725;0.3713889718055725;R2_STABLE_RISK;22;45;24;0;24;2;0;0.05000000819563866;0.20214204490184784;0.1375085711479187;96;4
C03;C03;Critico: Celular sem cinto sob chuva;Critico;Critico;0.3752959698438644;0.3752959698438644;R2_STABLE_RISK;26;41;16;0;28;2;0;0.05000000819563866;0.19202178716659546;0.13575725257396698;96;4
C04;C04;Critico: Multiplas distracoes urbanas;Critico;Critico;0.3713889718055725;0.3713889718055725;R1_NORMAL;22;45;24;0;24;2;0;0.05000000819563866;0.20854538679122925;0.13514257967472076;96;4
C06;C06;Critico progressivo: Fadiga noturna;Critico;Critico;0.3973976388573646;0.3973976388573646;R1_NORMAL;36;81;46;1;65;29;0;0.05000000819563866;0.15871413052082062;0.09342175722122192;96;4
N03;N03;Normal: Noite estável;Normal;Normal;0.050000007078051564;0.050000007078051564;R2_STABLE_RISK;-1;-1;0;0;-1;-1;0;0.05000000819563866;0.03509644418954849;0.10617416352033615;96;4
C05;C05;Critico progressivo: Celular em rodovia;Critico;Critico;0.4590918481349945;0.4590918481349945;R2_STABLE_RISK;42;73;32;1;58;16;1;0.2423696517944336;0.3082289397716522;0.15646368265151978;96;4
C06;C06;Critico progressivo: Fadiga noturna;Critico;Critico;0.41491567045450206;0.41491567045450206;R1_NORMAL;36;81;46;1;61;25;0;0.05000000819563866;0.1589570939540863;0.11135867983102798;96;4
C06;C06;Critico progressivo: Fadiga noturna;Critico;Critico;0.4534404814243317;0.4534404814243317;R1_NORMAL;36;81;46;1;64;28;1;0.36556005477905273;0.1550862193107605;0.1302746683359146;96;4
C02;C02;Critico: Fadiga com desvio cinematico;Critico;Critico;0.39378328174352645;0.39378328174352645;R2_STABLE_RISK;29;50;22;0;32;3;0;0.05000000819563866;0.0927320197224617;0.13105978071689606;96;4
C04;C04;Critico: Multiplas distracoes urbanas;Critico;Critico;0.3713889718055725;0.3713889718055725;R1_NORMAL;22;45;24;0;24;2;0;0.05000000819563866;0.20220249891281128;0.12822526693344116;96;4
C08;C08;Critico progressivo: Distracao urbana multietapas;Critico;Critico;0.5330041676759719;0.5330041676759719;R1_NORMAL;28;77;50;1;44;16;1;0.2955187261104584;0.32367268204689026;0.19670231640338898;96;4
C07;C07;Critico progressivo: Sem cinto sob chuva;Critico;Critico;0.40976552516222;0.40976552516222;R3_FALSE_KIN;37;75;39;1;56;19;0;0.05000000819563866;0.3769104480743408;0.1294979602098465;96;4
C06;C06;Critico progressivo: Fadiga noturna;Critico;Critico;0.4371559306979179;0.4371559306979179;R1_NORMAL;36;81;46;1;57;21;0;0.05000000819563866;0.16127385199069977;0.12601344287395477;96;4
C10;C10;Critico progressivo: Grooming em rodovia com fadiga;Critico;Critico;0.4625014305114746;0.4625014305114746;R3_FALSE_KIN;40;81;42;1;66;26;1;0.29812246561050415;0.19373683631420135;0.10672316700220108;96;4
C06;C06;Critico progressivo: Fadiga noturna;Critico;Critico;0.46249866187572475;0.46249866187572475;R1_NORMAL;36;81;46;1;61;25;1;0.30608394742012024;0.1618579775094986;0.09981360286474228;96;4
N03;N03;Normal: Noite estável;Normal;Normal;0.050000007078051564;0.050000007078051564;R3_FALSE_KIN;-1;-1;0;0;-1;-1;0;0.05000000819563866;0.03090803325176239;0.07303372770547867;96;4
N02;N02;Normal: Urbano moderado;Normal;Normal;0.050000007078051564;0.050000007078051564;R2_STABLE_RISK;-1;-1;0;0;-1;-1;0;0.05000000819563866;0.03426152095198631;0.09885654598474503;96;4
N02;N02;Normal: Urbano moderado;Normal;Normal;0.050000007078051564;0.050000007078051564;R1_NORMAL;-1;-1;0;0;-1;-1;0;0.05000000819563866;0.034308046102523804;0.10708903521299362;96;4
C04;C04;Critico: Multiplas distracoes urbanas;Critico;Critico;0.3713889718055725;0.3713889718055725;R3_FALSE_KIN;22;45;24;0;24;2;0;0.05000000819563866;0.20017285645008087;0.09741556644439697;96;4
C02;C02;Critico: Fadiga com desvio cinematico;Critico;Critico;0.39378328174352645;0.39378328174352645;R1_NORMAL;29;50;22;0;32;3;0;0.05000000819563866;0.09555846452713013;0.1242789551615715;96;4
C02;C02;Critico: Fadiga com desvio cinematico;Critico;Critico;0.6056084960699081;0.6056084960699081;R3_FALSE_KIN;29;50;22;0;32;3;1;0.274890273809433;0.10269072651863098;0.18446601927280426;96;4
C10;C10;Critico progressivo: Grooming em rodovia com fadiga;Critico;Critico;0.4115843221545219;0.4115843221545219;R3_FALSE_KIN;40;81;42;1;62;22;0;0.05000000819563866;0.1991107016801834;0.10009024292230606;96;4
C10;C10;Critico progressivo: Grooming em rodovia com fadiga;Critico;Critico;0.47290656864643094;0.47290656864643094;R1_NORMAL;40;81;42;1;65;25;1;0.32785171270370483;0.20169512927532196;0.11246493458747864;96;4
C03;C03;Critico: Celular sem cinto sob chuva;Critico;Critico;0.62009117603302;0.62009117603302;R2_STABLE_RISK;26;41;16;0;28;2;1;0.2649923861026764;0.1938679963350296;0.19242514669895172;96;4
N03;N03;Normal: Noite estável;Normal;Normal;0.050000007078051564;0.050000007078051564;R1_NORMAL;-1;-1;0;0;-1;-1;0;0.05000000819563866;0.03850341960787773;0.08884018659591675;96;4
C07;C07;Critico progressivo: Sem cinto sob chuva;Critico;Critico;0.5210633873939514;0.5210633873939514;R3_FALSE_KIN;37;75;39;1;53;16;1;0.2911292612552643;0.3853973150253296;0.15538235008716583;96;4
C07;C07;Critico progressivo: Sem cinto sob chuva;Critico;Critico;0.48475421965122223;0.48475421965122223;R1_NORMAL;37;75;39;1;56;19;1;0.3213483393192291;0.37867727875709534;0.14725880324840546;96;4
C04;C04;Critico: Multiplas distracoes urbanas;Critico;Critico;0.3713889718055725;0.3713889718055725;R1_NORMAL;22;45;24;0;24;2;0;0.05000000819563866;0.19973509013652802;0.11550664901733398;96;4
N03;N03;Normal: Noite estável;Normal;Normal;0.050000007078051564;0.050000007078051564;R1_NORMAL;-1;-1;0;0;-1;-1;0;0.05000000819563866;0.022360900416970253;0.07416235655546188;96;4
C04;C04;Critico: Multiplas distracoes urbanas;Critico;Critico;0.3713889718055725;0.3713889718055725;R2_STABLE_RISK;22;45;24;0;24;2;0;0.05000000819563866;0.20455043017864227;0.11809901148080826;96;4
C07;C07;Critico progressivo: Sem cinto sob chuva;Critico;Critico;0.48782910704612725;0.48782910704612725;R1_NORMAL;37;75;39;1;60;23;1;0.30758461356163025;0.38253167271614075;0.17539159953594208;96;4
N03;N03;Normal: Noite estável;Normal;Normal;0.050000007078051564;0.050000007078051564;R3_FALSE_KIN;-1;-1;0;0;-1;-1;0;0.05000000819563866;0.030893154442310333;0.08149707317352295;96;4
N03;N03;Normal: Noite estável;Normal;Normal;0.050000007078051564;0.050000007078051564;R2_STABLE_RISK;-1;-1;0;0;-1;-1;0;0.05000000819563866;0.035462457686662674;0.1393975168466568;96;4
C03;C03;Critico: Celular sem cinto sob chuva;Critico;Critico;0.3752959698438644;0.3752959698438644;R1_NORMAL;26;41;16;0;28;2;0;0.05000000819563866;0.18581660091876984;0.11869361251592636;96;4
C01;C01;Critico: Celular em alta velocidade;Critico;Critico;0.29102678298950196;0.29102678298950196;R1_NORMAL;32;44;13;0;34;2;0;0.05000000819563866;0.1548425555229187;0.13763539493083954;96;4
C09;C09;Critico progressivo: Bebida ao volante;Critico;Critico;0.3845694184303284;0.3845694184303284;R3_FALSE_KIN;38;73;36;1;57;19;0;0.05000000819563866;0.2559073567390442;0.19064182043075562;96;4
N03;N03;Normal: Noite estável;Normal;Normal;0.050000007078051564;0.050000007078051564;R1_NORMAL;-1;-1;0;0;-1;-1;0;0.05000000819563866;0.037170927971601486;0.07317694276571274;96;4
C05;C05;Critico progressivo: Celular em rodovia;Critico;Critico;0.3796273052692413;0.3796273052692413;R1_NORMAL;42;73;32;1;58;16;0;0.05000000819563866;0.31618210673332214;0.155771404504776;96;4
C05;C05;Critico progressivo: Celular em rodovia;Critico;Critico;0.36537483185529707;0.36537483185529707;R2_STABLE_RISK;42;73;32;1;59;17;0;0.05000000819563866;0.31793391704559326;0.13120007514953613;96;4
N03;N03;Normal: Noite estável;Normal;Normal;0.050000007078051564;0.050000007078051564;R1_NORMAL;-1;-1;0;0;-1;-1;0;0.05000000819563866;0.03184117376804352;0.14683407545089722;96;4
C08;C08;Critico progressivo: Distracao urbana multietapas;Critico;Critico;0.5185000509023666;0.5185000509023666;R1_NORMAL;28;77;50;1;57;29;1;0.26749929785728455;0.31617459654808044;0.14629706740379333;96;4
C06;C06;Critico progressivo: Fadiga noturna;Critico;Critico;0.44913293123245235;0.44913293123245235;R2_STABLE_RISK;36;81;46;1;57;21;0;0.05000000819563866;0.1597093790769577;0.12309920787811279;96;4
N03;N03;Normal: Noite estável;Normal;Normal;0.050000007078051564;0.050000007078051564;R3_FALSE_KIN;-1;-1;0;0;-1;-1;0;0.05000000819563866;0.03014015220105648;0.08225714415311813;96;4
C06;C06;Critico progressivo: Fadiga noturna;Critico;Critico;0.45224625170230864;0.45224625170230864;R1_NORMAL;36;81;46;1;58;22;0;0.05000000819563866;0.16120417416095734;0.14148086309432983;96;4
N01;N01;Normal: Viagem tranquila em rodovia;Normal;Normal;0.050000007078051564;0.050000007078051564;R2_STABLE_RISK;-1;-1;0;0;-1;-1;0;0.05000000819563866;0.0321686677634716;0.08068635314702988;96;4
N02;N02;Normal: Urbano moderado;Normal;Normal;0.050000007078051564;0.050000007078051564;R1_NORMAL;-1;-1;0;0;-1;-1;0;0.05000000819563866;0.030373631045222282;0.10094761848449707;96;4
N01;N01;Normal: Viagem tranquila em rodovia;Normal;Normal;0.050000007078051564;0.050000007078051564;R1_NORMAL;-1;-1;0;0;-1;-1;0;0.05000000819563866;0.02560308389365673;0.10366809368133545;96;4
N01;N01;Normal: Viagem tranquila em rodovia;Normal;Normal;0.050000007078051564;0.050000007078051564;R1_NORMAL;-1;-1;0;0;-1;-1;0;0.05000000819563866;0.03042706660926342;0.07644665986299515;96;4
C03;C03;Critico: Celular sem cinto sob chuva;Critico;Critico;0.3752959698438644;0.3752959698438644;R1_NORMAL;26;41;16;0;28;2;0;0.05000000819563866;0.186440110206604;0.16643786430358887;96;4
C02;C02;Critico: Fadiga com desvio cinematico;Critico;Critico;0.6022166281938552;0.6022166281938552;R1_NORMAL;29;50;22;0;32;3;1;0.25756171345710754;0.0985073521733284;0.15099269151687622;96;4
N01;N01;Normal: Viagem tranquila em rodovia;Normal;Normal;0.050000007078051564;0.050000007078051564;R1_NORMAL;-1;-1;0;0;-1;-1;0;0.05000000819563866;0.031613681465387344;0.0934235081076622;96;4
C08;C08;Critico progressivo: Distracao urbana multietapas;Critico;Critico;0.4826294273138046;0.4826294273138046;R1_NORMAL;28;77;50;1;48;20;0;0.05000000819563866;0.3167981803417206;0.17340488731861115;96;4
C05;C05;Critico progressivo: Celular em rodovia;Critico;Critico;0.39901870936155315;0.39901870936155315;R2_STABLE_RISK;42;73;32;1;57;15;0;0.05000000819563866;0.3152194321155548;0.12248142808675766;96;4
N02;N02;Normal: Urbano moderado;Normal;Normal;0.050000007078051564;0.050000007078051564;R1_NORMAL;-1;-1;0;0;-1;-1;0;0.05000000819563866;0.024251310154795647;0.10193314403295517;96;4
C09;C09;Critico progressivo: Bebida ao volante;Critico;Critico;0.4818516582250595;0.4818516582250595;R3_FALSE_KIN;38;73;36;1;58;20;1;0.2923714816570282;0.24881677329540253;0.16666007041931152;96;4
C09;C09;Critico progressivo: Bebida ao volante;Critico;Critico;0.3752815350890159;0.3752815350890159;R2_STABLE_RISK;38;73;36;1;60;22;0;0.05000000819563866;0.25068655610084534;0.09587656706571579;96;4
C06;C06;Critico progressivo: Fadiga noturna;Critico;Critico;0.43990267664194105;0.43990267664194105;R1_NORMAL;36;81;46;1;61;25;0;0.05000000819563866;0.15602929890155792;0.11608165502548218;96;4
C01;C01;Critico: Celular em alta velocidade;Critico;Critico;0.529035872220993;0.529035872220993;R2_STABLE_RISK;32;44;13;0;34;2;1;0.2320435494184494;0.15745298564434052;0.22582854330539703;96;4
C09;C09;Critico progressivo: Bebida ao volante;Critico;Critico;0.39988441616296766;0.39988441616296766;R3_FALSE_KIN;38;73;36;1;56;18;0;0.05000000819563866;0.2504647672176361;0.12574349343776703;96;4
N03;N03;Normal: Noite estável;Normal;Normal;0.050000007078051564;0.050000007078051564;R1_NORMAL;-1;-1;0;0;-1;-1;0;0.05000000819563866;0.034072887152433395;0.08106679469347;96;4
C10;C10;Critico progressivo: Grooming em rodovia com fadiga;Critico;Critico;0.45472992956638336;0.45472992956638336;R2_STABLE_RISK;40;81;42;1;66;26;1;0.31628528237342834;0.2069641351699829;0.12088755518198013;96;4
C06;C06;Critico progressivo: Fadiga noturna;Critico;Critico;0.44791808426380153;0.44791808426380153;R1_NORMAL;36;81;46;1;57;21;0;0.05000000819563866;0.16233208775520325;0.084539033472538;96;4
C05;C05;Critico progressivo: Celular em rodovia;Critico;Critico;0.37375881224870683;0.37375881224870683;R2_STABLE_RISK;42;73;32;1;58;16;0;0.05000000819563866;0.31787723302841187;0.12951795756816864;96;4
C01;C01;Critico: Celular em alta velocidade;Critico;Critico;0.5340215921401977;0.5340215921401977;R1_NORMAL;32;44;13;0;34;2;1;0.2612575888633728;0.15135683119297028;0.20985101163387299;96;4
N01;N01;Normal: Viagem tranquila em rodovia;Normal;Normal;0.050000007078051564;0.050000007078051564;R1_NORMAL;-1;-1;0;0;-1;-1;0;0.05000000819563866;0.03478676825761795;0.09985723346471786;96;4
C09;C09;Critico progressivo: Bebida ao volante;Critico;Critico;0.41251054555177685;0.41251054555177685;R1_NORMAL;38;73;36;1;58;20;0;0.05000000819563866;0.252812922000885;0.13917814195156097;96;4
C06;C06;Critico progressivo: Fadiga noturna;Critico;Critico;0.4729659289121627;0.4729659289121627;R1_NORMAL;36;81;46;1;59;23;1;0.3012066185474396;0.16557730734348297;0.10873550176620483;96;4
N02;N02;Normal: Urbano moderado;Normal;Normal;0.050000007078051564;0.050000007078051564;R3_FALSE_KIN;-1;-1;0;0;-1;-1;0;0.05000000819563866;0.030176714062690735;0.09122750908136368;96;4
C06;C06;Critico progressivo: Fadiga noturna;Critico;Critico;0.4420245483517647;0.4420245483517647;R1_NORMAL;36;81;46;1;60;24;0;0.05000000819563866;0.15970268845558167;0.13174451887607574;96;4
C03;C03;Critico: Celular sem cinto sob chuva;Critico;Critico;0.3752959698438644;0.3752959698438644;R2_STABLE_RISK;26;41;16;0;28;2;0;0.05000000819563866;0.186886727809906;0.1385090947151184;96;4
C04;C04;Critico: Multiplas distracoes urbanas;Critico;Critico;0.3713889718055725;0.3713889718055725;R2_STABLE_RISK;22;45;24;0;24;2;0;0.05000000819563866;0.193684920668602;0.12340302020311356;96;4
C01;C01;Critico: Celular em alta velocidade;Critico;Critico;0.29102678298950196;0.29102678298950196;R3_FALSE_KIN;32;44;13;0;34;2;0;0.05000000819563866;0.1604693979024887;0.13065961003303528;96;4
C07;C07;Critico progressivo: Sem cinto sob chuva;Critico;Critico;0.41084986478090285;0.41084986478090285;R1_NORMAL;37;75;39;1;59;22;0;0.05000000819563866;0.3777707815170288;0.13102835416793823;96;4
C07;C07;Critico progressivo: Sem cinto sob chuva;Critico;Critico;0.3992376163601875;0.3992376163601875;R3_FALSE_KIN;37;75;39;1;61;24;0;0.05000000819563866;0.3707720935344696;0.14064477384090424;96;4
C09;C09;Critico progressivo: Bebida ao volante;Critico;Critico;0.4734968572854995;0.4734968572854995;R2_STABLE_RISK;38;73;36;1;59;21;1;0.3151685297489166;0.2527798116207123;0.1865835338830948;96;4
C03;C03;Critico: Celular sem cinto sob chuva;Critico;Critico;0.3752959698438644;0.3752959698438644;R1_NORMAL;26;41;16;0;28;2;0;0.05000000819563866;0.18413619697093964;0.10643015056848526;96;4
C10;C10;Critico progressivo: Grooming em rodovia com fadiga;Critico;Critico;0.3934865817427635;0.3934865817427635;R1_NORMAL;40;81;42;1;64;24;0;0.05000000819563866;0.20045626163482666;0.13929148018360138;96;4
C07;C07;Critico progressivo: Sem cinto sob chuva;Critico;Critico;0.40244156271219256;0.40244156271219256;R3_FALSE_KIN;37;75;39;1;60;23;0;0.05000000819563866;0.3758303225040436;0.13047222793102264;96;4
C10;C10;Critico progressivo: Grooming em rodovia com fadiga;Critico;Critico;0.4036897540092468;0.4036897540092468;R3_FALSE_KIN;40;81;42;1;62;22;0;0.05000000819563866;0.19513536989688873;0.09941301494836807;96;4
N02;N02;Normal: Urbano moderado;Normal;Normal;0.050000007078051564;0.050000007078051564;R2_STABLE_RISK;-1;-1;0;0;-1;-1;0;0.05000000819563866;0.0318850576877594;0.09751687198877335;96;4
C03;C03;Critico: Celular sem cinto sob chuva;Critico;Critico;0.3752959698438644;0.3752959698438644;R1_NORMAL;26;41;16;0;28;2;0;0.05000000819563866;0.1839330792427063;0.14236976206302643;96;4
C07;C07;Critico progressivo: Sem cinto sob chuva;Critico;Critico;0.4057651683688164;0.4057651683688164;R2_STABLE_RISK;37;75;39;1;54;17;0;0.05000000819563866;0.3768942356109619;0.17041607201099396;96;4
N03;N03;Normal: Noite estável;Normal;Normal;0.050000007078051564;0.050000007078051564;R3_FALSE_KIN;-1;-1;0;0;-1;-1;0;0.05000000819563866;0.03046703152358532;0.08674859255552292;96;4
C03;C03;Critico: Celular sem cinto sob chuva;Critico;Critico;0.3752959698438644;0.3752959698438644;R2_STABLE_RISK;26;41;16;0;28;2;0;0.05000000819563866;0.18716371059417725;0.10773316770792007;96;4
N03;N03;Normal: Noite estável;Normal;Normal;0.050000007078051564;0.050000007078051564;R3_FALSE_KIN;-1;-1;0;0;-1;-1;0;0.05000000819563866;0.03278422728180885;0.1023406907916069;96;4
C07;C07;Critico progressivo: Sem cinto sob chuva;Critico;Critico;0.3937611892819404;0.3937611892819404;R1_NORMAL;37;75;39;1;60;23;0;0.05000000819563866;0.36484408378601074;0.1372404247522354;96;4
C06;C06;Critico progressivo: Fadiga noturna;Critico;Critico;0.48022710382938383;0.48022710382938383;R2_STABLE_RISK;36;81;46;1;61;25;1;0.353400856256485;0.16083481907844543;0.13797736167907715;96;4
C10;C10;Critico progressivo: Grooming em rodovia com fadiga;Critico;Critico;0.40477810353040694;0.40477810353040694;R1_NORMAL;40;81;42;1;65;25;0;0.05000000819563866;0.2003813534975052;0.1693241000175476;96;4
N03;N03;Normal: Noite estável;Normal;Normal;0.050000007078051564;0.050000007078051564;R1_NORMAL;-1;-1;0;0;-1;-1;0;0.05000000819563866;0.029419070109725;0.09564194828271866;96;4
C09;C09;Critico progressivo: Bebida ao volante;Critico;Critico;0.4707964390516281;0.4707964390516281;R2_STABLE_RISK;38;73;36;1;59;21;1;0.26623788475990295;0.2511155903339386;0.17977456748485565;96;4
C05;C05;Critico progressivo: Celular em rodovia;Critico;Critico;0.35547431856393813;0.35547431856393813;R1_NORMAL;42;73;32;1;61;19;0;0.05000000819563866;0.3131091892719269;0.13860680162906647;96;4
C02;C02;Critico: Fadiga com desvio cinematico;Critico;Critico;0.6032923460006714;0.6032923460006714;R1_NORMAL;29;50;22;0;32;3;1;0.2563357353210449;0.09461822360754013;0.19173185527324677;96;4
C08;C08;Critico progressivo: Distracao urbana multietapas;Critico;Critico;0.497234770655632;0.497234770655632;R2_STABLE_RISK;28;77;50;1;52;24;1;0.317250519990921;0.31172654032707214;0.1893864870071411;96;4
C06;C06;Critico progressivo: Fadiga noturna;Critico;Critico;0.46126801818609237;0.46126801818609237;R1_NORMAL;36;81;46;1;61;25;0;0.05000000819563866;0.15841296315193176;0.09682595729827881;96;4
N02;N02;Normal: Urbano moderado;Normal;Normal;0.050000007078051564;0.050000007078051564;R3_FALSE_KIN;-1;-1;0;0;-1;-1;0;0.05000000819563866;0.02906234748661518;0.0930221751332283;96;4
N01;N01;Normal: Viagem tranquila em rodovia;Normal;Normal;0.050000007078051564;0.050000007078051564;R1_NORMAL;-1;-1;0;0;-1;-1;0;0.05000000819563866;0.02818426489830017;0.09779984503984451;96;4
C01;C01;Critico: Celular em alta velocidade;Critico;Critico;0.29102678298950196;0.29102678298950196;R1_NORMAL;32;44;13;0;34;2;0;0.05000000819563866;0.15710709989070892;0.13836102187633514;96;4
C08;C08;Critico progressivo: Distracao urbana multietapas;Critico;Critico;0.5367498189210892;0.5367498189210892;R1_NORMAL;28;77;50;1;50;22;1;0.2954810857772827;0.3206028342247009;0.16511861979961395;96;4
N01;N01;Normal: Viagem tranquila em rodovia;Normal;Normal;0.050000007078051564;0.050000007078051564;R1_NORMAL;-1;-1;0;0;-1;-1;0;0.05000000819563866;0.03582447022199631;0.15339820086956024;96;4
C03;C03;Critico: Celular sem cinto sob chuva;Critico;Critico;0.3752959698438644;0.3752959698438644;R2_STABLE_RISK;26;41;16;0;28;2;0;0.05000000819563866;0.18204303085803986;0.15406663715839386;96;4
C04;C04;Critico: Multiplas distracoes urbanas;Critico;Critico;0.3713889718055725;0.3713889718055725;R2_STABLE_RISK;22;45;24;0;24;2;0;0.05000000819563866;0.19969122111797333;0.14316289126873016;96;4
N01;N01;Normal: Viagem tranquila em rodovia;Normal;Normal;0.050000007078051564;0.050000007078051564;R1_NORMAL;-1;-1;0;0;-1;-1;0;0.05000000819563866;0.03159632161259651;0.0851627066731453;96;4
C04;C04;Critico: Multiplas distracoes urbanas;Critico;Critico;0.3713889718055725;0.3713889718055725;R2_STABLE_RISK;22;45;24;0;24;2;0;0.05000000819563866;0.20275016129016876;0.17800311744213104;96;4
C02;C02;Critico: Fadiga com desvio cinematico;Critico;Critico;0.39378328174352645;0.39378328174352645;R1_NORMAL;29;50;22;0;32;3;0;0.05000000819563866;0.09510335326194763;0.13623927533626556;96;4
C01;C01;Critico: Celular em alta velocidade;Critico;Critico;0.29102678298950196;0.29102678298950196;R2_STABLE_RISK;32;44;13;0;34;2;0;0.05000000819563866;0.15341483056545258;0.11097455769777298;96;4
C07;C07;Critico progressivo: Sem cinto sob chuva;Critico;Critico;0.40268794447183603;0.40268794447183603;R2_STABLE_RISK;37;75;39;1;61;24;0;0.05000000819563866;0.37032008171081543;0.1358780413866043;96;4
C08;C08;Critico progressivo: Distracao urbana multietapas;Critico;Critico;0.48238592743873593;0.48238592743873593;R2_STABLE_RISK;28;77;50;1;49;21;0;0.05000000819563866;0.3259582817554474;0.16953004896640778;96;4
C05;C05;Critico progressivo: Celular em rodovia;Critico;Critico;0.38201167732477187;0.38201167732477187;R3_FALSE_KIN;42;73;32;1;58;16;0;0.05000000819563866;0.31223657727241516;0.14832843840122223;96;4
C09;C09;Critico progressivo: Bebida ao volante;Critico;Critico;0.38721643537282946;0.38721643537282946;R1_NORMAL;38;73;36;1;59;21;0;0.05000000819563866;0.24421851336956024;0.10821900516748428;96;4
C10;C10;Critico progressivo: Grooming em rodovia com fadiga;Critico;Critico;0.42123480290174486;0.42123480290174486;R2_STABLE_RISK;40;81;42;1;64;24;0;0.05000000819563866;0.19425658881664276;0.1317606419324875;96;4
C03;C03;Critico: Celular sem cinto sob chuva;Critico;Critico;0.3752959698438644;0.3752959698438644;R1_NORMAL;26;41;16;0;28;2;0;0.05000000819563866;0.18523924052715302;0.18068985641002655;96;4
C03;C03;Critico: Celular sem cinto sob chuva;Critico;Critico;0.3752959698438644;0.3752959698438644;R3_FALSE_KIN;26;41;16;0;28;2;0;0.05000000819563866;0.18810983002185822;0.18625998497009277;96;4
N03;N03;Normal: Noite estável;Normal;Normal;0.050000007078051564;0.050000007078051564;R3_FALSE_KIN;-1;-1;0;0;-1;-1;0;0.05000000819563866;0.030062317848205566;0.10614988952875137;96;4
N03;N03;Normal: Noite estável;Normal;Normal;0.050000007078051564;0.050000007078051564;R2_STABLE_RISK;-1;-1;0;0;-1;-1;0;0.05000000819563866;0.027562471106648445;0.12006866931915283;96;4
C04;C04;Critico: Multiplas distracoes urbanas;Critico;Critico;0.5725311130285262;0.5725311130285262;R2_STABLE_RISK;22;45;24;0;24;2;1;0.23798353970050812;0.2043824940919876;0.21842575073242188;96;4
C04;C04;Critico: Multiplas distracoes urbanas;Critico;Critico;0.5683615595102309;0.5683615595102309;R1_NORMAL;22;45;24;0;24;2;1;0.2439998835325241;0.20279951393604279;0.1707320362329483;96;4
C08;C08;Critico progressivo: Distracao urbana multietapas;Critico;Critico;0.444277112185955;0.444277112185955;R1_NORMAL;28;77;50;1;54;26;0;0.05000000819563866;0.3171774446964264;0.1344950795173645;96;4
C09;C09;Critico progressivo: Bebida ao volante;Critico;Critico;0.38847709149122234;0.38847709149122234;R3_FALSE_KIN;38;73;36;1;56;18;0;0.05000000819563866;0.2586735785007477;0.13455885648727417;96;4
C08;C08;Critico progressivo: Distracao urbana multietapas;Critico;Critico;0.4755290746688843;0.4755290746688843;R1_NORMAL;28;77;50;1;57;29;1;0.3215425908565521;0.3084530532360077;0.14021381735801697;96;4
C09;C09;Critico progressivo: Bebida ao volante;Critico;Critico;0.3750521168112755;0.3750521168112755;R2_STABLE_RISK;38;73;36;1;56;18;0;0.05000000819563866;0.24378609657287598;0.1341976374387741;96;4
C04;C04;Critico: Multiplas distracoes urbanas;Critico;Critico;0.3713889718055725;0.3713889718055725;R1_NORMAL;22;45;24;0;24;2;0;0.05000000819563866;0.19632668793201447;0.133444145321846;96;4
C10;C10;Critico progressivo: Grooming em rodovia com fadiga;Critico;Critico;0.37449387758970254;0.37449387758970254;R1_NORMAL;40;81;42;1;66;26;0;0.05000000819563866;0.195547416806221;0.08483382314443588;96;4
C03;C03;Critico: Celular sem cinto sob chuva;Critico;Critico;0.3752959698438644;0.3752959698438644;R1_NORMAL;26;41;16;0;28;2;0;0.05000000819563866;0.18887634575366974;0.1569996029138565;96;4
C08;C08;Critico progressivo: Distracao urbana multietapas;Critico;Critico;0.4130419313907623;0.4130419313907623;R1_NORMAL;28;77;50;1;58;30;0;0.05000000819563866;0.30944135785102844;0.14916759729385376;96;4
C07;C07;Critico progressivo: Sem cinto sob chuva;Critico;Critico;0.42330835610628126;0.42330835610628126;R3_FALSE_KIN;37;75;39;1;57;20;0;0.05000000819563866;0.37888088822364807;0.15624414384365082;96;4
C01;C01;Critico: Celular em alta velocidade;Critico;Critico;0.5189671993255616;0.5189671993255616;R2_STABLE_RISK;32;44;13;0;34;2;1;0.2227676659822464;0.15725040435791016;0.15734565258026123;96;4
C08;C08;Critico progressivo: Distracao urbana multietapas;Critico;Critico;0.4771851748228073;0.4771851748228073;R2_STABLE_RISK;28;77;50;1;48;20;0;0.05000000819563866;0.3224146068096161;0.1868714690208435;96;4
C05;C05;Critico progressivo: Celular em rodovia;Critico;Critico;0.3766359552741051;0.3766359552741051;R1_NORMAL;42;73;32;1;57;15;0;0.05000000819563866;0.3128204345703125;0.14896337687969208;96;4
C08;C08;Critico progressivo: Distracao urbana multietapas;Critico;Critico;0.408768306672573;0.408768306672573;R1_NORMAL;28;77;50;1;59;31;0;0.05000000819563866;0.3060879707336426;0.13056643307209015;96;4
C10;C10;Critico progressivo: Grooming em rodovia com fadiga;Critico;Critico;0.5146778464317321;0.5146778464317321;R2_STABLE_RISK;40;81;42;1;56;16;1;0.31466665863990784;0.21101732552051544;0.15842919051647186;96;4
N01;N01;Normal: Viagem tranquila em rodovia;Normal;Normal;0.050000007078051564;0.050000007078051564;R2_STABLE_RISK;-1;-1;0;0;-1;-1;0;0.05000000819563866;0.03855510428547859;0.08118829876184464;96;4
C10;C10;Critico progressivo: Grooming em rodovia com fadiga;Critico;Critico;0.39906664937734604;0.39906664937734604;R1_NORMAL;40;81;42;1;63;23;0;0.05000000819563866;0.19563277065753937;0.1272277683019638;96;4
N01;N01;Normal: Viagem tranquila em rodovia;Normal;Normal;0.050000007078051564;0.050000007078051564;R1_NORMAL;-1;-1;0;0;-1;-1;0;0.05000000819563866;0.03487219661474228;0.0902605727314949;96;4
C10;C10;Critico progressivo: Grooming em rodovia com fadiga;Critico;Critico;0.43379524499177935;0.43379524499177935;R2_STABLE_RISK;40;81;42;1;58;18;0;0.05000000819563866;0.2006734162569046;0.08535174280405045;96;4
N02;N02;Normal: Urbano moderado;Normal;Normal;0.050000007078051564;0.050000007078051564;R2_STABLE_RISK;-1;-1;0;0;-1;-1;0;0.05000000819563866;0.034962039440870285;0.11037266999483109;96;4
C07;C07;Critico progressivo: Sem cinto sob chuva;Critico;Critico;0.5098642021417618;0.5098642021417618;R1_NORMAL;37;75;39;1;55;18;1;0.32457736134529114;0.3837757110595703;0.13141785562038422;96;4
C07;C07;Critico progressivo: Sem cinto sob chuva;Critico;Critico;0.46473046243190763;0.46473046243190763;R1_NORMAL;37;75;39;1;59;22;1;0.29069480299949646;0.3765808343887329;0.16760337352752686;96;4
C04;C04;Critico: Multiplas distracoes urbanas;Critico;Critico;0.3713889718055725;0.3713889718055725;R3_FALSE_KIN;22;45;24;0;24;2;0;0.05000000819563866;0.20171229541301727;0.13144564628601074;96;4
C06;C06;Critico progressivo: Fadiga noturna;Critico;Critico;0.41539131999015805;0.41539131999015805;R2_STABLE_RISK;36;81;46;1;60;24;0;0.05000000819563866;0.1603126972913742;0.09458687156438828;96;4
C02;C02;Critico: Fadiga com desvio cinematico;Critico;Critico;0.39378328174352645;0.39378328174352645;R1_NORMAL;29;50;22;0;32;3;0;0.05000000819563866;0.09827045351266861;0.12429427355527878;96;4
C06;C06;Critico progressivo: Fadiga noturna;Critico;Critico;0.4457487240433693;0.4457487240433693;R1_NORMAL;36;81;46;1;58;22;0;0.05000000819563866;0.16109421849250793;0.11086022853851318;96;4
C04;C04;Critico: Multiplas distracoes urbanas;Critico;Critico;0.3713889718055725;0.3713889718055725;R2_STABLE_RISK;22;45;24;0;24;2;0;0.05000000819563866;0.1986081600189209;0.14191864430904388;96;4
C09;C09;Critico progressivo: Bebida ao volante;Critico;Critico;0.44853698313236234;0.44853698313236234;R2_STABLE_RISK;38;73;36;1;57;19;1;0.27599528431892395;0.2572130262851715;0.15223337709903717;96;4
C08;C08;Critico progressivo: Distracao urbana multietapas;Critico;Critico;0.43197868317365645;0.43197868317365645;R2_STABLE_RISK;28;77;50;1;56;28;0;0.05000000819563866;0.3194039463996887;0.17539173364639282;96;4
N03;N03;Normal: Noite estável;Normal;Normal;0.050000007078051564;0.050000007078051564;R1_NORMAL;-1;-1;0;0;-1;-1;0;0.05000000819563866;0.031333256512880325;0.111486054956913;96;4
C10;C10;Critico progressivo: Grooming em rodovia com fadiga;Critico;Critico;0.4077649340033531;0.4077649340033531;R1_NORMAL;40;81;42;1;62;22;0;0.05000000819563866;0.19738145172595978;0.07924484461545944;96;4
C04;C04;Critico: Multiplas distracoes urbanas;Critico;Critico;0.3713889718055725;0.3713889718055725;R1_NORMAL;22;45;24;0;24;2;0;0.05000000819563866;0.20358915627002716;0.11208000034093857;96;4
C02;C02;Critico: Fadiga com desvio cinematico;Critico;Critico;0.39378328174352645;0.39378328174352645;R2_STABLE_RISK;29;50;22;0;32;3;0;0.05000000819563866;0.0913761630654335;0.1257941573858261;96;4
C02;C02;Critico: Fadiga com desvio cinematico;Critico;Critico;0.591297271847725;0.591297271847725;R3_FALSE_KIN;29;50;22;0;32;3;1;0.20029442012310028;0.09676816314458847;0.12906448543071747;96;4
C05;C05;Critico progressivo: Celular em rodovia;Critico;Critico;0.3839858785271644;0.3839858785271644;R1_NORMAL;42;73;32;1;59;17;0;0.05000000819563866;0.32154226303100586;0.14900964498519897;96;4
C04;C04;Critico: Multiplas distracoes urbanas;Critico;Critico;0.3713889718055725;0.3713889718055725;R1_NORMAL;22;45;24;0;24;2;0;0.05000000819563866;0.19611580669879913;0.1678566187620163;96;4
C03;C03;Critico: Celular sem cinto sob chuva;Critico;Critico;0.6127993941307067;0.6127993941307067;R2_STABLE_RISK;26;41;16;0;28;2;1;0.21250420808792114;0.1842789500951767;0.2281365543603897;96;4
N02;N02;Normal: Urbano moderado;Normal;Normal;0.050000007078051564;0.050000007078051564;R2_STABLE_RISK;-1;-1;0;0;-1;-1;0;0.05000000819563866;0.03557155653834343;0.06586235016584396;96;4
C07;C07;Critico progressivo: Sem cinto sob chuva;Critico;Critico;0.49004924297332764;0.49004924297332764;R2_STABLE_RISK;37;75;39;1;59;22;1;0.24014179408550262;0.38534319400787354;0.21935071051120758;96;4
C08;C08;Critico progressivo: Distracao urbana multietapas;Critico;Critico;0.4823122650384903;0.4823122650384903;R2_STABLE_RISK;28;77;50;1;60;32;1;0.2860754728317261;0.3094659745693207;0.21027375757694244;96;4
C09;C09;Critico progressivo: Bebida ao volante;Critico;Critico;0.4040816411375999;0.4040816411375999;R1_NORMAL;38;73;36;1;58;20;0;0.05000000819563866;0.25434771180152893;0.137396901845932;96;4
N03;N03;Normal: Noite estável;Normal;Normal;0.050000007078051564;0.050000007078051564;R3_FALSE_KIN;-1;-1;0;0;-1;-1;0;0.05000000819563866;0.03204386308789253;0.10312771052122116;96;4
C06;C06;Critico progressivo: Fadiga noturna;Critico;Critico;0.4365079522132873;0.4365079522132873;R1_NORMAL;36;81;46;1;59;23;0;0.05000000819563866;0.16275513172149658;0.11102539300918579;96;4
C08;C08;Critico progressivo: Distracao urbana multietapas;Critico;Critico;0.411326353251934;0.411326353251934;R2_STABLE_RISK;28;77;50;1;60;32;0;0.05000000819563866;0.30716073513031006;0.13682770729064941;96;4
C02;C02;Critico: Fadiga com desvio cinematico;Critico;Critico;0.5974838763475419;0.5974838763475419;R1_NORMAL;29;50;22;0;32;3;1;0.23779624700546265;0.10294445604085922;0.13879729807376862;96;4
C03;C03;Critico: Celular sem cinto sob chuva;Critico;Critico;0.3752959698438644;0.3752959698438644;R3_FALSE_KIN;26;41;16;0;28;2;0;0.05000000819563866;0.18514995276927948;0.13874469697475433;96;4
C10;C10;Critico progressivo: Grooming em rodovia com fadiga;Critico;Critico;0.4371468141674995;0.4371468141674995;R1_NORMAL;40;81;42;1;59;19;0;0.05000000819563866;0.20111989974975586;0.0975198745727539;96;4
C04;C04;Critico: Multiplas distracoes urbanas;Critico;Critico;0.3713889718055725;0.3713889718055725;R1_NORMAL;22;45;24;0;24;2;0;0.05000000819563866;0.20772342383861542;0.12749795615673065;96;4
C07;C07;Critico progressivo: Sem cinto sob chuva;Critico;Critico;0.42504271864891047;0.42504271864891047;R3_FALSE_KIN;37;75;39;1;59;22;0;0.05000000819563866;0.3798471987247467;0.18314319849014282;96;4
C07;C07;Critico progressivo: Sem cinto sob chuva;Critico;Critico;0.47901030778884884;0.47901030778884884;R1_NORMAL;37;75;39;1;56;19;1;0.31012704968452454;0.38665756583213806;0.1792464256286621;96;4
N01;N01;Normal: Viagem tranquila em rodovia;Normal;Normal;0.050000007078051564;0.050000007078051564;R2_STABLE_RISK;-1;-1;0;0;-1;-1;0;0.05000000819563866;0.03188686445355415;0.0720420554280281;96;4
C10;C10;Critico progressivo: Grooming em rodovia com fadiga;Critico;Critico;0.4890177488327026;0.4890177488327026;R2_STABLE_RISK;40;81;42;1;59;19;1;0.3377293348312378;0.20846207439899445;0.17558865249156952;96;4
C10;C10;Critico progressivo: Grooming em rodovia com fadiga;Critico;Critico;0.4506523579359054;0.4506523579359054;R3_FALSE_KIN;40;81;42;1;61;21;1;0.3282703459262848;0.19786763191223145;0.10758570581674576;96;4
C01;C01;Critico: Celular em alta velocidade;Critico;Critico;0.29102678298950196;0.29102678298950196;R1_NORMAL;32;44;13;0;34;2;0;0.05000000819563866;0.14861378073692322;0.09181457757949829;96;4
C06;C06;Critico progressivo: Fadiga noturna;Critico;Critico;0.4224734708666801;0.4224734708666801;R1_NORMAL;36;81;46;1;58;22;0;0.05000000819563866;0.16694624722003937;0.14774125814437866;96;4
C03;C03;Critico: Celular sem cinto sob chuva;Critico;Critico;0.3752959698438644;0.3752959698438644;R1_NORMAL;26;41;16;0;28;2;0;0.05000000819563866;0.195224329829216;0.11312216520309448;96;4
N03;N03;Normal: Noite estável;Normal;Normal;0.050000007078051564;0.050000007078051564;R3_FALSE_KIN;-1;-1;0;0;-1;-1;0;0.05000000819563866;0.035806942731142044;0.10802862048149109;96;4
C09;C09;Critico progressivo: Bebida ao volante;Critico;Critico;0.42165533304214475;0.42165533304214475;R2_STABLE_RISK;38;73;36;1;56;18;0;0.05000000819563866;0.24994434416294098;0.16361004114151;96;4
C05;C05;Critico progressivo: Celular em rodovia;Critico;Critico;0.3615455135703087;0.3615455135703087;R1_NORMAL;42;73;32;1;59;17;0;0.05000000819563866;0.3160453140735626;0.16352415084838867;96;4
C03;C03;Critico: Celular sem cinto sob chuva;Critico;Critico;0.3752959698438644;0.3752959698438644;R1_NORMAL;26;41;16;0;28;2;0;0.05000000819563866;0.18213419616222382;0.11067003011703491;96;4
C05;C05;Critico progressivo: Celular em rodovia;Critico;Critico;0.3881504788994789;0.3881504788994789;R1_NORMAL;42;73;32;1;57;15;0;0.05000000819563866;0.31345710158348083;0.11932361125946045;96;4
N02;N02;Normal: Urbano moderado;Normal;Normal;0.050000007078051564;0.050000007078051564;R2_STABLE_RISK;-1;-1;0;0;-1;-1;0;0.05000000819563866;0.04454014077782631;0.12716180086135864;96;4
N01;N01;Normal: Viagem tranquila em rodovia;Normal;Normal;0.050000007078051564;0.050000007078051564;R1_NORMAL;-1;-1;0;0;-1;-1;0;0.05000000819563866;0.03045484982430935;0.11198803037405014;96;4
C04;C04;Critico: Multiplas distracoes urbanas;Critico;Critico;0.3713889718055725;0.3713889718055725;R1_NORMAL;22;45;24;0;24;2;0;0.05000000819563866;0.2057224065065384;0.1628509908914566;96;4
N01;N01;Normal: Viagem tranquila em rodovia;Normal;Normal;0.050000007078051564;0.050000007078051564;R1_NORMAL;-1;-1;0;0;-1;-1;0;0.05000000819563866;0.030768120661377907;0.09200701117515564;96;4
C04;C04;Critico: Multiplas distracoes urbanas;Critico;Critico;0.3713889718055725;0.3713889718055725;R1_NORMAL;22;45;24;0;24;2;0;0.05000000819563866;0.19862844049930573;0.17352867126464844;96;4
C06;C06;Critico progressivo: Fadiga noturna;Critico;Critico;0.42979011684656143;0.42979011684656143;R2_STABLE_RISK;36;81;46;1;58;22;0;0.05000000819563866;0.15721432864665985;0.15488050878047943;96;4
N01;N01;Normal: Viagem tranquila em rodovia;Normal;Normal;0.050000007078051564;0.050000007078051564;R2_STABLE_RISK;-1;-1;0;0;-1;-1;0;0.05000000819563866;0.02716217376291752;0.10209106653928757;96;4
C07;C07;Critico progressivo: Sem cinto sob chuva;Critico;Critico;0.39069801717996594;0.39069801717996594;R1_NORMAL;37;75;39;1;58;21;0;0.05000000819563866;0.3753329813480377;0.17497096955776215;96;4
N01;N01;Normal: Viagem tranquila em rodovia;Normal;Normal;0.050000007078051564;0.050000007078051564;R2_STABLE_RISK;-1;-1;0;0;-1;-1;0;0.05000000819563866;0.03797857463359833;0.08798447996377945;96;4
C07;C07;Critico progressivo: Sem cinto sob chuva;Critico;Critico;0.3915890350937843;0.3915890350937843;R1_NORMAL;37;75;39;1;61;24;0;0.05000000819563866;0.369211345911026;0.10521427541971207;96;4
C02;C02;Critico: Fadiga com desvio cinematico;Critico;Critico;0.39378328174352645;0.39378328174352645;R2_STABLE_RISK;29;50;22;0;32;3;0;0.05000000819563866;0.09186401218175888;0.10857407003641129;96;4
C10;C10;Critico progressivo: Grooming em rodovia com fadiga;Critico;Critico;0.4279686257243156;0.4279686257243156;R2_STABLE_RISK;40;81;42;1;62;22;0;0.05000000819563866;0.19370849430561066;0.15361441671848297;96;4
C10;C10;Critico progressivo: Grooming em rodovia com fadiga;Critico;Critico;0.4108731642365455;0.4108731642365455;R1_NORMAL;40;81;42;1;62;22;0;0.05000000819563866;0.20710153877735138;0.1401996910572052;96;4
C02;C02;Critico: Fadiga com desvio cinematico;Critico;Critico;0.39378328174352645;0.39378328174352645;R1_NORMAL;29;50;22;0;32;3;0;0.05000000819563866;0.0994558110833168;0.09807685017585754;96;4
C07;C07;Critico progressivo: Sem cinto sob chuva;Critico;Critico;0.4781849920749664;0.4781849920749664;R3_FALSE_KIN;37;75;39;1;57;20;1;0.2641708552837372;0.3790278434753418;0.15555326640605927;96;4
N03;N03;Normal: Noite estável;Normal;Normal;0.050000007078051564;0.050000007078051564;R2_STABLE_RISK;-1;-1;0;0;-1;-1;0;0.05000000819563866;0.032184701412916183;0.11059889197349548;96;4
C02;C02;Critico: Fadiga com desvio cinematico;Critico;Critico;0.5929966449737548;0.5929966449737548;R1_NORMAL;29;50;22;0;32;3;1;0.2713547945022583;0.10155931860208511;0.19097626209259033;96;4
N02;N02;Normal: Urbano moderado;Normal;Normal;0.050000007078051564;0.050000007078051564;R1_NORMAL;-1;-1;0;0;-1;-1;0;0.05000000819563866;0.03413354232907295;0.10281825065612793;96;4
C07;C07;Critico progressivo: Sem cinto sob chuva;Critico;Critico;0.42112076878547666;0.42112076878547666;R1_NORMAL;37;75;39;1;56;19;0;0.05000000819563866;0.3777737617492676;0.15352481603622437;96;4
C07;C07;Critico progressivo: Sem cinto sob chuva;Critico;Critico;0.4085403427481651;0.4085403427481651;R2_STABLE_RISK;37;75;39;1;59;22;0;0.05000000819563866;0.3716120719909668;0.1319502592086792;96;4
C02;C02;Critico: Fadiga com desvio cinematico;Critico;Critico;0.6013341844081879;0.6013341844081879;R2_STABLE_RISK;29;50;22;0;32;3;1;0.25009962916374207;0.10027431696653366;0.11777187138795853;96;4
N01;N01;Normal: Viagem tranquila em rodovia;Normal;Normal;0.050000007078051564;0.050000007078051564;R1_NORMAL;-1;-1;0;0;-1;-1;0;0.05000000819563866;0.03256811201572418;0.1012708768248558;96;4
N01;N01;Normal: Viagem tranquila em rodovia;Normal;Normal;0.050000007078051564;0.050000007078051564;R2_STABLE_RISK;-1;-1;0;0;-1;-1;0;0.05000000819563866;0.029528876766562462;0.1253122240304947;96;4
N02;N02;Normal: Urbano moderado;Normal;Normal;0.050000007078051564;0.050000007078051564;R2_STABLE_RISK;-1;-1;0;0;-1;-1;0;0.05000000819563866;0.031872641295194626;0.09606152027845383;96;4
C02;C02;Critico: Fadiga com desvio cinematico;Critico;Critico;0.39378328174352645;0.39378328174352645;R1_NORMAL;29;50;22;0;32;3;0;0.05000000819563866;0.09371433407068253;0.13047750294208527;96;4
C10;C10;Critico progressivo: Grooming em rodovia com fadiga;Critico;Critico;0.4247800931334495;0.4247800931334495;R2_STABLE_RISK;40;81;42;1;67;27;0;0.05000000819563866;0.20122922956943512;0.11825906485319138;96;4
N02;N02;Normal: Urbano moderado;Normal;Normal;0.050000007078051564;0.050000007078051564;R2_STABLE_RISK;-1;-1;0;0;-1;-1;0;0.05000000819563866;0.03515300899744034;0.09440747648477554;96;4
C04;C04;Critico: Multiplas distracoes urbanas;Critico;Critico;0.5618541002273559;0.5618541002273559;R1_NORMAL;22;45;24;0;24;2;1;0.1943386197090149;0.2040446549654007;0.21011821925640106;96;4
C10;C10;Critico progressivo: Grooming em rodovia com fadiga;Critico;Critico;0.44340059757232664;0.44340059757232664;R2_STABLE_RISK;40;81;42;1;67;27;1;0.34664836525917053;0.19841589033603668;0.09652668237686157;96;4
C02;C02;Critico: Fadiga com desvio cinematico;Critico;Critico;0.39378328174352645;0.39378328174352645;R3_FALSE_KIN;29;50;22;0;32;3;0;0.05000000819563866;0.09594539552927017;0.13508237898349762;96;4
N01;N01;Normal: Viagem tranquila em rodovia;Normal;Normal;0.050000007078051564;0.050000007078051564;R1_NORMAL;-1;-1;0;0;-1;-1;0;0.05000000819563866;0.02894114889204502;0.10752174258232117;96;4
C05;C05;Critico progressivo: Celular em rodovia;Critico;Critico;0.47690095901489254;0.47690095901489254;R3_FALSE_KIN;42;73;32;1;57;15;1;0.29136160016059875;0.3276570439338684;0.1755352020263672;96;4
C04;C04;Critico: Multiplas distracoes urbanas;Critico;Critico;0.3713889718055725;0.3713889718055725;R2_STABLE_RISK;22;45;24;0;24;2;0;0.05000000819563866;0.19946829974651337;0.12741480767726898;96;4
C03;C03;Critico: Celular sem cinto sob chuva;Critico;Critico;0.3752959698438644;0.3752959698438644;R1_NORMAL;26;41;16;0;28;2;0;0.05000000819563866;0.18468306958675385;0.1647796630859375;96;4
C03;C03;Critico: Celular sem cinto sob chuva;Critico;Critico;0.6240021795034407;0.6240021795034407;R2_STABLE_RISK;26;41;16;0;28;2;1;0.2627394497394562;0.1855156421661377;0.1862269788980484;96;4
C06;C06;Critico progressivo: Fadiga noturna;Critico;Critico;0.49546950757503505;0.49546950757503505;R2_STABLE_RISK;36;81;46;1;60;24;1;0.3466058671474457;0.15877407789230347;0.14967913925647736;96;4
C02;C02;Critico: Fadiga com desvio cinematico;Critico;Critico;0.39378328174352645;0.39378328174352645;R2_STABLE_RISK;29;50;22;0;32;3;0;0.05000000819563866;0.09470862150192261;0.11596854776144028;96;4
C04;C04;Critico: Multiplas distracoes urbanas;Critico;Critico;0.5601419687271117;0.5601419687271117;R2_STABLE_RISK;22;45;24;0;24;2;1;0.20745019614696503;0.20179907977581024;0.14950603246688843;96;4
C05;C05;Critico progressivo: Celular em rodovia;Critico;Critico;0.4412091642618179;0.4412091642618179;R1_NORMAL;42;73;32;1;61;19;1;0.24184544384479523;0.3066002130508423;0.1926891803741455;96;4
N02;N02;Normal: Urbano moderado;Normal;Normal;0.050000007078051564;0.050000007078051564;R2_STABLE_RISK;-1;-1;0;0;-1;-1;0;0.05000000819563866;0.03279726207256317;0.07603422552347183;96;4
C04;C04;Critico: Multiplas distracoes urbanas;Critico;Critico;0.3713889718055725;0.3713889718055725;R2_STABLE_RISK;22;45;24;0;24;2;0;0.05000000819563866;0.1984342485666275;0.11665616184473038;96;4
C02;C02;Critico: Fadiga com desvio cinematico;Critico;Critico;0.39378328174352645;0.39378328174352645;R1_NORMAL;29;50;22;0;32;3;0;0.05000000819563866;0.09667011350393295;0.17305304110050201;96;4
N03;N03;Normal: Noite estável;Normal;Normal;0.050000007078051564;0.050000007078051564;R1_NORMAL;-1;-1;0;0;-1;-1;0;0.05000000819563866;0.030909867957234383;0.143086239695549;96;4
C04;C04;Critico: Multiplas distracoes urbanas;Critico;Critico;0.3713889718055725;0.3713889718055725;R2_STABLE_RISK;22;45;24;0;24;2;0;0.05000000819563866;0.19902555644512177;0.14329396188259125;96;4
C05;C05;Critico progressivo: Celular em rodovia;Critico;Critico;0.4054899618029594;0.4054899618029594;R2_STABLE_RISK;42;73;32;1;58;16;0;0.05000000819563866;0.3212742507457733;0.15192639827728271;96;4
C07;C07;Critico progressivo: Sem cinto sob chuva;Critico;Critico;0.42364454865455625;0.42364454865455625;R3_FALSE_KIN;37;75;39;1;54;17;0;0.05000000819563866;0.39326825737953186;0.11272533982992172;96;4
C03;C03;Critico: Celular sem cinto sob chuva;Critico;Critico;0.3752959698438644;0.3752959698438644;R3_FALSE_KIN;26;41;16;0;28;2;0;0.05000000819563866;0.18298546969890594;0.11089444160461426;96;4
C10;C10;Critico progressivo: Grooming em rodovia com fadiga;Critico;Critico;0.4441922515630722;0.4441922515630722;R2_STABLE_RISK;40;81;42;1;62;22;1;0.35217300057411194;0.20270295441150665;0.1034451425075531;96;4
N02;N02;Normal: Urbano moderado;Normal;Normal;0.050000007078051564;0.050000007078051564;R1_NORMAL;-1;-1;0;0;-1;-1;0;0.05000000819563866;0.029533997178077698;0.08912394195795059;96;4
N02;N02;Normal: Urbano moderado;Normal;Normal;0.050000007078051564;0.050000007078051564;R3_FALSE_KIN;-1;-1;0;0;-1;-1;0;0.05000000819563866;0.028680047020316124;0.10445347428321838;96;4
N03;N03;Normal: Noite estável;Normal;Normal;0.050000007078051564;0.050000007078051564;R3_FALSE_KIN;-1;-1;0;0;-1;-1;0;0.05000000819563866;0.032046154141426086;0.09333711117506027;96;4
C07;C07;Critico progressivo: Sem cinto sob chuva;Critico;Critico;0.40677328109741206;0.40677328109741206;R1_NORMAL;37;75;39;1;56;19;0;0.05000000819563866;0.3825525939464569;0.11876378208398819;96;4
C03;C03;Critico: Celular sem cinto sob chuva;Critico;Critico;0.3752959698438644;0.3752959698438644;R1_NORMAL;26;41;16;0;28;2;0;0.05000000819563866;0.1850086897611618;0.14205829799175262;96;4
N01;N01;Normal: Viagem tranquila em rodovia;Normal;Normal;0.050000007078051564;0.050000007078051564;R3_FALSE_KIN;-1;-1;0;0;-1;-1;0;0.05000000819563866;0.03241220489144325;0.09133549779653549;96;4
N02;N02;Normal: Urbano moderado;Normal;Normal;0.050000007078051564;0.050000007078051564;R1_NORMAL;-1;-1;0;0;-1;-1;0;0.05000000819563866;0.03457976505160332;0.09667325019836426;96;4
C05;C05;Critico progressivo: Celular em rodovia;Critico;Critico;0.47929530441761015;0.47929530441761015;R1_NORMAL;42;73;32;1;58;16;1;0.2945277690887451;0.3166256248950958;0.15412640571594238;96;4
C10;C10;Critico progressivo: Grooming em rodovia com fadiga;Critico;Critico;0.4031741335988045;0.4031741335988045;R1_NORMAL;40;81;42;1;67;27;0;0.05000000819563866;0.19980978965759277;0.1234573945403099;96;4
N02;N02;Normal: Urbano moderado;Normal;Normal;0.050000007078051564;0.050000007078051564;R2_STABLE_RISK;-1;-1;0;0;-1;-1;0;0.05000000819563866;0.03300018236041069;0.06356942653656006;96;4
N01;N01;Normal: Viagem tranquila em rodovia;Normal;Normal;0.050000007078051564;0.050000007078051564;R2_STABLE_RISK;-1;-1;0;0;-1;-1;0;0.05000000819563866;0.03282953426241875;0.11720149964094162;96;4
C07;C07;Critico progressivo: Sem cinto sob chuva;Critico;Critico;0.4814774125814437;0.4814774125814437;R2_STABLE_RISK;37;75;39;1;56;19;1;0.2684995234012604;0.3841158151626587;0.19373081624507904;96;4
C06;C06;Critico progressivo: Fadiga noturna;Critico;Critico;0.4288403585553169;0.4288403585553169;R1_NORMAL;36;81;46;1;59;23;0;0.05000000819563866;0.1533978432416916;0.09588686376810074;96;4
C06;C06;Critico progressivo: Fadiga noturna;Critico;Critico;0.432610447704792;0.432610447704792;R3_FALSE_KIN;36;81;46;1;58;22;0;0.05000000819563866;0.16394858062267303;0.1435525268316269;96;4
C02;C02;Critico: Fadiga com desvio cinematico;Critico;Critico;0.39378328174352645;0.39378328174352645;R3_FALSE_KIN;29;50;22;0;32;3;0;0.05000000819563866;0.09781631827354431;0.11187686771154404;96;4
N03;N03;Normal: Noite estável;Normal;Normal;0.050000007078051564;0.050000007078051564;R1_NORMAL;-1;-1;0;0;-1;-1;0;0.05000000819563866;0.027439428493380547;0.1160200759768486;96;4
C01;C01;Critico: Celular em alta velocidade;Critico;Critico;0.29102678298950196;0.29102678298950196;R1_NORMAL;32;44;13;0;34;2;0;0.05000000819563866;0.1581374555826187;0.1335868388414383;96;4
C01;C01;Critico: Celular em alta velocidade;Critico;Critico;0.29102678298950196;0.29102678298950196;R2_STABLE_RISK;32;44;13;0;34;2;0;0.05000000819563866;0.15249456465244293;0.15234142541885376;96;4
C01;C01;Critico: Celular em alta velocidade;Critico;Critico;0.29102678298950196;0.29102678298950196;R1_NORMAL;32;44;13;0;34;2;0;0.05000000819563866;0.15442200005054474;0.12518218159675598;96;4
N03;N03;Normal: Noite estável;Normal;Normal;0.050000007078051564;0.050000007078051564;R3_FALSE_KIN;-1;-1;0;0;-1;-1;0;0.05000000819563866;0.027123605832457542;0.09673064947128296;96;4
C02;C02;Critico: Fadiga com desvio cinematico;Critico;Critico;0.39378328174352645;0.39378328174352645;R1_NORMAL;29;50;22;0;32;3;0;0.05000000819563866;0.10614375025033951;0.10776331275701523;96;4
C06;C06;Critico progressivo: Fadiga noturna;Critico;Critico;0.4504134535789489;0.4504134535789489;R2_STABLE_RISK;36;81;46;1;63;27;0;0.05000000819563866;0.162613645195961;0.09602365642786026;96;4
C06;C06;Critico progressivo: Fadiga noturna;Critico;Critico;0.42679141759872435;0.42679141759872435;R2_STABLE_RISK;36;81;46;1;61;25;0;0.05000000819563866;0.15926508605480194;0.13319657742977142;96;4
N03;N03;Normal: Noite estável;Normal;Normal;0.050000007078051564;0.050000007078051564;R1_NORMAL;-1;-1;0;0;-1;-1;0;0.05000000819563866;0.023928314447402954;0.12083452939987183;96;4
C02;C02;Critico: Fadiga com desvio cinematico;Critico;Critico;0.39378328174352645;0.39378328174352645;R3_FALSE_KIN;29;50;22;0;32;3;0;0.05000000819563866;0.10044551640748978;0.11537132412195206;96;4
C05;C05;Critico progressivo: Celular em rodovia;Critico;Critico;0.3922905683517456;0.3922905683517456;R3_FALSE_KIN;42;73;32;1;59;17;0;0.05000000819563866;0.3191174864768982;0.13434714078903198;96;4
N02;N02;Normal: Urbano moderado;Normal;Normal;0.050000007078051564;0.050000007078051564;R2_STABLE_RISK;-1;-1;0;0;-1;-1;0;0.05000000819563866;0.030181288719177246;0.09402694553136826;96;4
C01;C01;Critico: Celular em alta velocidade;Critico;Critico;0.29102678298950196;0.29102678298950196;R2_STABLE_RISK;32;44;13;0;34;2;0;0.05000000819563866;0.14721699059009552;0.13497455418109894;96;4
C04;C04;Critico: Multiplas distracoes urbanas;Critico;Critico;0.3713889718055725;0.3713889718055725;R1_NORMAL;22;45;24;0;24;2;0;0.05000000819563866;0.19921524822711945;0.09550774097442627;96;4
N02;N02;Normal: Urbano moderado;Normal;Normal;0.050000007078051564;0.050000007078051564;R2_STABLE_RISK;-1;-1;0;0;-1;-1;0;0.05000000819563866;0.028215033933520317;0.12684829533100128;96;4
C04;C04;Critico: Multiplas distracoes urbanas;Critico;Critico;0.3713889718055725;0.3713889718055725;R2_STABLE_RISK;22;45;24;0;24;2;0;0.05000000819563866;0.2023303508758545;0.10537219047546387;96;4
C03;C03;Critico: Celular sem cinto sob chuva;Critico;Critico;0.6252433151006698;0.6252433151006698;R2_STABLE_RISK;26;41;16;0;28;2;1;0.2683051824569702;0.18578647077083588;0.19277603924274445;96;4
N01;N01;Normal: Viagem tranquila em rodovia;Normal;Normal;0.050000007078051564;0.050000007078051564;R2_STABLE_RISK;-1;-1;0;0;-1;-1;0;0.05000000819563866;0.03425902873277664;0.08067824691534042;96;4
C10;C10;Critico progressivo: Grooming em rodovia com fadiga;Critico;Critico;0.40288802832365034;0.40288802832365034;R3_FALSE_KIN;40;81;42;1;65;25;0;0.05000000819563866;0.20218606293201447;0.1512726992368698;96;4
C06;C06;Critico progressivo: Fadiga noturna;Critico;Critico;0.4300985261797905;0.4300985261797905;R1_NORMAL;36;81;46;1;58;22;0;0.05000000819563866;0.15108144283294678;0.11431494355201721;96;4
C09;C09;Critico progressivo: Bebida ao volante;Critico;Critico;0.4065824314951897;0.4065824314951897;R3_FALSE_KIN;38;73;36;1;58;20;0;0.05000000819563866;0.2519569396972656;0.1106894388794899;96;4
C06;C06;Critico progressivo: Fadiga noturna;Critico;Critico;0.45788072645664213;0.45788072645664213;R1_NORMAL;36;81;46;1;57;21;1;0.36498984694480896;0.1527756005525589;0.11764893680810928;96;4
C05;C05;Critico progressivo: Celular em rodovia;Critico;Critico;0.45553530156612393;0.45553530156612393;R1_NORMAL;42;73;32;1;62;20;1;0.27321484684944153;0.3153299391269684;0.17029504477977753;96;4
C10;C10;Critico progressivo: Grooming em rodovia com fadiga;Critico;Critico;0.4454352334141731;0.4454352334141731;R1_NORMAL;40;81;42;1;58;18;0;0.05000000819563866;0.21126295626163483;0.10991585999727249;96;4
C07;C07;Critico progressivo: Sem cinto sob chuva;Critico;Critico;0.4877637714147568;0.4877637714147568;R2_STABLE_RISK;37;75;39;1;57;20;1;0.27572229504585266;0.3801391124725342;0.144591823220253;96;4
C06;C06;Critico progressivo: Fadiga noturna;Critico;Critico;0.4367984339594841;0.4367984339594841;R2_STABLE_RISK;36;81;46;1;59;23;0;0.05000000819563866;0.15516676008701324;0.12370362132787704;96;4
C04;C04;Critico: Multiplas distracoes urbanas;Critico;Critico;0.3713889718055725;0.3713889718055725;R1_NORMAL;22;45;24;0;24;2;0;0.05000000819563866;0.2051820158958435;0.14981450140476227;96;4
C06;C06;Critico progressivo: Fadiga noturna;Critico;Critico;0.4285304099321365;0.4285304099321365;R3_FALSE_KIN;36;81;46;1;55;19;0;0.05000000819563866;0.1626937836408615;0.12067746371030807;96;4
C07;C07;Critico progressivo: Sem cinto sob chuva;Critico;Critico;0.4926941305398941;0.4926941305398941;R2_STABLE_RISK;37;75;39;1;59;22;1;0.2549019157886505;0.37605270743370056;0.1458049863576889;96;4
C08;C08;Critico progressivo: Distracao urbana multietapas;Critico;Critico;0.4299497038125991;0.4299497038125991;R1_NORMAL;28;77;50;1;51;23;0;0.05000000819563866;0.3188571631908417;0.181224063038826;96;4
C10;C10;Critico progressivo: Grooming em rodovia com fadiga;Critico;Critico;0.41939819306135173;0.41939819306135173;R1_NORMAL;40;81;42;1;60;20;0;0.05000000819563866;0.19801051914691925;0.13258691132068634;96;4
C09;C09;Critico progressivo: Bebida ao volante;Critico;Critico;0.40288778096437455;0.40288778096437455;R2_STABLE_RISK;38;73;36;1;60;22;0;0.05000000819563866;0.2478010207414627;0.1006338819861412;96;4
C06;C06;Critico progressivo: Fadiga noturna;Critico;Critico;0.42057119607925414;0.42057119607925414;R3_FALSE_KIN;36;81;46;1;61;25;0;0.05000000819563866;0.15497387945652008;0.12993104755878448;96;4
C09;C09;Critico progressivo: Bebida ao volante;Critico;Critico;0.46216253936290735;0.46216253936290735;R1_NORMAL;38;73;36;1;59;21;1;0.2659691274166107;0.25050249695777893;0.161858931183815;96;4
C10;C10;Critico progressivo: Grooming em rodovia com fadiga;Critico;Critico;0.39084592312574384;0.39084592312574384;R3_FALSE_KIN;40;81;42;1;62;22;0;0.05000000819563866;0.19941049814224243;0.08673093467950821;96;4
C07;C07;Critico progressivo: Sem cinto sob chuva;Critico;Critico;0.39588447213172906;0.39588447213172906;R2_STABLE_RISK;37;75;39;1;60;23;0;0.05000000819563866;0.37976911664009094;0.13209682703018188;96;4
N02;N02;Normal: Urbano moderado;Normal;Normal;0.050000007078051564;0.050000007078051564;R1_NORMAL;-1;-1;0;0;-1;-1;0;0.05000000819563866;0.0334281325340271;0.07686751335859299;96;4
N02;N02;Normal: Urbano moderado;Normal;Normal;0.050000007078051564;0.050000007078051564;R2_STABLE_RISK;-1;-1;0;0;-1;-1;0;0.05000000819563866;0.030509116128087044;0.11621252447366714;96;4
C02;C02;Critico: Fadiga com desvio cinematico;Critico;Critico;0.39378328174352645;0.39378328174352645;R1_NORMAL;29;50;22;0;32;3;0;0.05000000819563866;0.09968509525060654;0.16201861202716827;96;4
C03;C03;Critico: Celular sem cinto sob chuva;Critico;Critico;0.3752959698438644;0.3752959698438644;R1_NORMAL;26;41;16;0;28;2;0;0.05000000819563866;0.18644988536834717;0.10699466615915298;96;4
N03;N03;Normal: Noite estável;Normal;Normal;0.050000007078051564;0.050000007078051564;R2_STABLE_RISK;-1;-1;0;0;-1;-1;0;0.05000000819563866;0.03469938039779663;0.10992375761270523;96;4
C02;C02;Critico: Fadiga com desvio cinematico;Critico;Critico;0.6055665343999862;0.6055665343999862;R1_NORMAL;29;50;22;0;32;3;1;0.2680652439594269;0.09584280103445053;0.14057888090610504;96;4
N03;N03;Normal: Noite estável;Normal;Normal;0.050000007078051564;0.050000007078051564;R1_NORMAL;-1;-1;0;0;-1;-1;0;0.05000000819563866;0.03162899240851402;0.10494927316904068;96;4
C10;C10;Critico progressivo: Grooming em rodovia com fadiga;Critico;Critico;0.421409361064434;0.421409361064434;R3_FALSE_KIN;40;81;42;1;63;23;0;0.05000000819563866;0.1981370896100998;0.11943168193101883;96;4
C08;C08;Critico progressivo: Distracao urbana multietapas;Critico;Critico;0.5310410648584365;0.5310410648584365;R1_NORMAL;28;77;50;1;48;20;1;0.28875890374183655;0.31612300872802734;0.1527353674173355;96;4
C01;C01;Critico: Celular em alta velocidade;Critico;Critico;0.29102678298950196;0.29102678298950196;R1_NORMAL;32;44;13;0;34;2;0;0.05000000819563866;0.15118764340877533;0.09667879343032837;96;4
N03;N03;Normal: Noite estável;Normal;Normal;0.050000007078051564;0.050000007078051564;R2_STABLE_RISK;-1;-1;0;0;-1;-1;0;0.05000000819563866;0.02850414253771305;0.11163058131933212;96;4
N02;N02;Normal: Urbano moderado;Normal;Normal;0.050000007078051564;0.050000007078051564;R1_NORMAL;-1;-1;0;0;-1;-1;0;0.05000000819563866;0.03962093964219093;0.1320924162864685;96;4
C07;C07;Critico progressivo: Sem cinto sob chuva;Critico;Critico;0.41102324873208995;0.41102324873208995;R1_NORMAL;37;75;39;1;60;23;0;0.05000000819563866;0.36868998408317566;0.19116424024105072;96;4
C08;C08;Critico progressivo: Distracao urbana multietapas;Critico;Critico;0.4501228749752044;0.4501228749752044;R1_NORMAL;28;77;50;1;49;21;0;0.05000000819563866;0.3181685507297516;0.1340012401342392;96;4
C10;C10;Critico progressivo: Grooming em rodovia com fadiga;Critico;Critico;0.401398366689682;0.401398366689682;R1_NORMAL;40;81;42;1;62;22;0;0.05000000819563866;0.20231382548809052;0.11118298023939133;96;4
C04;C04;Critico: Multiplas distracoes urbanas;Critico;Critico;0.3713889718055725;0.3713889718055725;R2_STABLE_RISK;22;45;24;0;24;2;0;0.05000000819563866;0.20245271921157837;0.11984147876501083;96;4
C07;C07;Critico progressivo: Sem cinto sob chuva;Critico;Critico;0.4200708389282226;0.4200708389282226;R2_STABLE_RISK;37;75;39;1;58;21;0;0.05000000819563866;0.37869134545326233;0.12476513534784317;96;4
C10;C10;Critico progressivo: Grooming em rodovia com fadiga;Critico;Critico;0.416629272699356;0.416629272699356;R2_STABLE_RISK;40;81;42;1;65;25;0;0.05000000819563866;0.19558505713939667;0.10366842895746231;96;4
C04;C04;Critico: Multiplas distracoes urbanas;Critico;Critico;0.3713889718055725;0.3713889718055725;R2_STABLE_RISK;22;45;24;0;24;2;0;0.05000000819563866;0.21133224666118622;0.1085701584815979;96;4
C06;C06;Critico progressivo: Fadiga noturna;Critico;Critico;0.4571867227554321;0.4571867227554321;R1_NORMAL;36;81;46;1;62;26;1;0.3548382818698883;0.15575747191905975;0.1381247192621231;96;4
C01;C01;Critico: Celular em alta velocidade;Critico;Critico;0.29102678298950196;0.29102678298950196;R1_NORMAL;32;44;13;0;34;2;0;0.05000000819563866;0.15292924642562866;0.14199765026569366;96;4
C03;C03;Critico: Celular sem cinto sob chuva;Critico;Critico;0.6093098104000092;0.6093098104000092;R2_STABLE_RISK;26;41;16;0;28;2;1;0.24788832664489746;0.18668097257614136;0.15554286539554596;96;4
C08;C08;Critico progressivo: Distracao urbana multietapas;Critico;Critico;0.42228134423494335;0.42228134423494335;R3_FALSE_KIN;28;77;50;1;55;27;0;0.05000000819563866;0.3130984902381897;0.09734687954187393;96;4
N01;N01;Normal: Viagem tranquila em rodovia;Normal;Normal;0.050000007078051564;0.050000007078051564;R1_NORMAL;-1;-1;0;0;-1;-1;0;0.05000000819563866;0.033666517585515976;0.07689353078603745;96;4
C09;C09;Critico progressivo: Bebida ao volante;Critico;Critico;0.4866984724998474;0.4866984724998474;R1_NORMAL;38;73;36;1;60;22;1;0.2990483343601227;0.24889548122882843;0.1512431502342224;96;4
C01;C01;Critico: Celular em alta velocidade;Critico;Critico;0.5299935936927795;0.5299935936927795;R1_NORMAL;32;44;13;0;34;2;1;0.2519037425518036;0.15135608613491058;0.1966584175825119;96;4
N03;N03;Normal: Noite estável;Normal;Normal;0.050000007078051564;0.050000007078051564;R1_NORMAL;-1;-1;0;0;-1;-1;0;0.05000000819563866;0.03501059114933014;0.1347569078207016;96;4
C06;C06;Critico progressivo: Fadiga noturna;Critico;Critico;0.4317280903458595;0.4317280903458595;R2_STABLE_RISK;36;81;46;1;55;19;0;0.05000000819563866;0.15407419204711914;0.09827133268117905;96;4
C10;C10;Critico progressivo: Grooming em rodovia com fadiga;Critico;Critico;0.42876399904489515;0.42876399904489515;R3_FALSE_KIN;40;81;42;1;61;21;0;0.05000000819563866;0.20017987489700317;0.12468836456537247;96;4
C05;C05;Critico progressivo: Celular em rodovia;Critico;Critico;0.47012467682361603;0.47012467682361603;R1_NORMAL;42;73;32;1;59;17;1;0.2412814348936081;0.3179292380809784;0.13514356315135956;96;4
N02;N02;Normal: Urbano moderado;Normal;Normal;0.050000007078051564;0.050000007078051564;R2_STABLE_RISK;-1;-1;0;0;-1;-1;0;0.05000000819563866;0.02841266430914402;0.08952251821756363;96;4
C01;C01;Critico: Celular em alta velocidade;Critico;Critico;0.29102678298950196;0.29102678298950196;R1_NORMAL;32;44;13;0;34;2;0;0.05000000819563866;0.157357856631279;0.12312094122171402;96;4
C07;C07;Critico progressivo: Sem cinto sob chuva;Critico;Critico;0.4635871440172195;0.4635871440172195;R2_STABLE_RISK;37;75;39;1;59;22;1;0.30126747488975525;0.3772672116756439;0.15698090195655823;96;4
N03;N03;Normal: Noite estável;Normal;Normal;0.050000007078051564;0.050000007078051564;R1_NORMAL;-1;-1;0;0;-1;-1;0;0.05000000819563866;0.031467776745557785;0.1071687713265419;96;4
C09;C09;Critico progressivo: Bebida ao volante;Critico;Critico;0.45723209381103513;0.45723209381103513;R3_FALSE_KIN;38;73;36;1;59;21;1;0.288051575422287;0.2510129511356354;0.13033615052700043;96;4
N01;N01;Normal: Viagem tranquila em rodovia;Normal;Normal;0.050000007078051564;0.050000007078051564;R1_NORMAL;-1;-1;0;0;-1;-1;0;0.05000000819563866;0.0378255695104599;0.11636848002672195;96;4
N01;N01;Normal: Viagem tranquila em rodovia;Normal;Normal;0.050000007078051564;0.050000007078051564;R2_STABLE_RISK;-1;-1;0;0;-1;-1;0;0.05000000819563866;0.031864434480667114;0.08418625593185425;96;4
C07;C07;Critico progressivo: Sem cinto sob chuva;Critico;Critico;0.41541160196065896;0.41541160196065896;R2_STABLE_RISK;37;75;39;1;61;24;0;0.05000000819563866;0.37961718440055847;0.12290336936712265;96;4
C04;C04;Critico: Multiplas distracoes urbanas;Critico;Critico;0.5696673661470413;0.5696673661470413;R1_NORMAL;22;45;24;0;24;2;1;0.2263328582048416;0.20381005108356476;0.16648761928081512;96;4
C05;C05;Critico progressivo: Celular em rodovia;Critico;Critico;0.45471314191818235;0.45471314191818235;R2_STABLE_RISK;42;73;32;1;60;18;1;0.25743213295936584;0.3132212460041046;0.1858091503381729;96;4
C08;C08;Critico progressivo: Distracao urbana multietapas;Critico;Critico;0.4284773722290992;0.4284773722290992;R1_NORMAL;28;77;50;1;53;25;0;0.05000000819563866;0.3166845440864563;0.184512197971344;96;4
C01;C01;Critico: Celular em alta velocidade;Critico;Critico;0.29102678298950196;0.29102678298950196;R2_STABLE_RISK;32;44;13;0;34;2;0;0.05000000819563866;0.15321265161037445;0.11371877789497375;96;4
C02;C02;Critico: Fadiga com desvio cinematico;Critico;Critico;0.6062365084886551;0.6062365084886551;R1_NORMAL;29;50;22;0;32;3;1;0.2715209424495697;0.09470042586326599;0.19888512790203094;96;4
C01;C01;Critico: Celular em alta velocidade;Critico;Critico;0.29102678298950196;0.29102678298950196;R2_STABLE_RISK;32;44;13;0;34;2;0;0.05000000819563866;0.15070326626300812;0.11776980757713318;96;4
C01;C01;Critico: Celular em alta velocidade;Critico;Critico;0.29102678298950196;0.29102678298950196;R1_NORMAL;32;44;13;0;34;2;0;0.05000000819563866;0.15799586474895477;0.10054975748062134;96;4
C05;C05;Critico progressivo: Celular em rodovia;Critico;Critico;0.381372021138668;0.381372021138668;R2_STABLE_RISK;42;73;32;1;61;19;0;0.05000000819563866;0.31537187099456787;0.20138049125671387;96;4
C07;C07;Critico progressivo: Sem cinto sob chuva;Critico;Critico;0.38074187636375423;0.38074187636375423;R2_STABLE_RISK;37;75;39;1;57;20;0;0.05000000819563866;0.37426623702049255;0.1398051232099533;96;4
N02;N02;Normal: Urbano moderado;Normal;Normal;0.050000007078051564;0.050000007078051564;R1_NORMAL;-1;-1;0;0;-1;-1;0;0.05000000819563866;0.03347207233309746;0.12955652177333832;96;4
C06;C06;Critico progressivo: Fadiga noturna;Critico;Critico;0.4928536891937256;0.4928536891937256;R3_FALSE_KIN;36;81;46;1;57;21;1;0.3151629865169525;0.16218037903308868;0.15457643568515778;96;4
C10;C10;Critico progressivo: Grooming em rodovia com fadiga;Critico;Critico;0.4378139495849609;0.4378139495849609;R1_NORMAL;40;81;42;1;64;24;1;0.280405193567276;0.2027295082807541;0.10810628533363342;96;4
C04;C04;Critico: Multiplas distracoes urbanas;Critico;Critico;0.575040778517723;0.575040778517723;R1_NORMAL;22;45;24;0;24;2;1;0.2547062933444977;0.20017148554325104;0.13185115158557892;96;4
N03;N03;Normal: Noite estável;Normal;Normal;0.050000007078051564;0.050000007078051564;R1_NORMAL;-1;-1;0;0;-1;-1;0;0.05000000819563866;0.030916666612029076;0.10612455755472183;96;4
C01;C01;Critico: Celular em alta velocidade;Critico;Critico;0.29102678298950196;0.29102678298950196;R1_NORMAL;32;44;13;0;34;2;0;0.05000000819563866;0.1557096689939499;0.08516669273376465;96;4
C02;C02;Critico: Fadiga com desvio cinematico;Critico;Critico;0.39378328174352645;0.39378328174352645;R2_STABLE_RISK;29;50;22;0;32;3;0;0.05000000819563866;0.09571333974599838;0.14354537427425385;96;4
C02;C02;Critico: Fadiga com desvio cinematico;Critico;Critico;0.5902652323246003;0.5902652323246003;R3_FALSE_KIN;29;50;22;0;32;3;1;0.2156876176595688;0.09380076080560684;0.18985144793987274;96;4
C04;C04;Critico: Multiplas distracoes urbanas;Critico;Critico;0.3713889718055725;0.3713889718055725;R3_FALSE_KIN;22;45;24;0;24;2;0;0.05000000819563866;0.20237065851688385;0.1364862471818924;96;4
N02;N02;Normal: Urbano moderado;Normal;Normal;0.050000007078051564;0.050000007078051564;R1_NORMAL;-1;-1;0;0;-1;-1;0;0.05000000819563866;0.02975202538073063;0.11744604259729385;96;4
C09;C09;Critico progressivo: Bebida ao volante;Critico;Critico;0.3871766313910484;0.3871766313910484;R2_STABLE_RISK;38;73;36;1;54;16;0;0.05000000819563866;0.24971382319927216;0.1598750501871109;96;4
C01;C01;Critico: Celular em alta velocidade;Critico;Critico;0.29102678298950196;0.29102678298950196;R2_STABLE_RISK;32;44;13;0;34;2;0;0.05000000819563866;0.15137648582458496;0.1201927661895752;96;4
N02;N02;Normal: Urbano moderado;Normal;Normal;0.050000007078051564;0.050000007078051564;R2_STABLE_RISK;-1;-1;0;0;-1;-1;0;0.05000000819563866;0.026872744783759117;0.08737411350011826;96;4
C08;C08;Critico progressivo: Distracao urbana multietapas;Critico;Critico;0.438461622595787;0.438461622595787;R1_NORMAL;28;77;50;1;51;23;0;0.05000000819563866;0.31903985142707825;0.15454965829849243;96;4
N02;N02;Normal: Urbano moderado;Normal;Normal;0.050000007078051564;0.050000007078051564;R2_STABLE_RISK;-1;-1;0;0;-1;-1;0;0.05000000819563866;0.03287908062338829;0.086009681224823;96;4
N02;N02;Normal: Urbano moderado;Normal;Normal;0.050000007078051564;0.050000007078051564;R1_NORMAL;-1;-1;0;0;-1;-1;0;0.05000000819563866;0.034279126673936844;0.08208206295967102;96;4
C10;C10;Critico progressivo: Grooming em rodovia com fadiga;Critico;Critico;0.3894562184810638;0.3894562184810638;R2_STABLE_RISK;40;81;42;1;65;25;0;0.05000000819563866;0.2092217653989792;0.10250527411699295;96;4
N01;N01;Normal: Viagem tranquila em rodovia;Normal;Normal;0.050000007078051564;0.050000007078051564;R2_STABLE_RISK;-1;-1;0;0;-1;-1;0;0.05000000819563866;0.02960815280675888;0.11763989180326462;96;4
C06;C06;Critico progressivo: Fadiga noturna;Critico;Critico;0.39408403635025024;0.39408403635025024;R1_NORMAL;36;81;46;1;63;27;0;0.05000000819563866;0.15507306158542633;0.07590880990028381;96;4
C05;C05;Critico progressivo: Celular em rodovia;Critico;Critico;0.47776435911655424;0.47776435911655424;R1_NORMAL;42;73;32;1;58;16;1;0.30064651370048523;0.31563040614128113;0.13712316751480103;96;4
C03;C03;Critico: Celular sem cinto sob chuva;Critico;Critico;0.62214495241642;0.62214495241642;R2_STABLE_RISK;26;41;16;0;28;2;1;0.2544114589691162;0.18889202177524567;0.1745995283126831;96;4
C07;C07;Critico progressivo: Sem cinto sob chuva;Critico;Critico;0.49445751607418054;0.49445751607418054;R1_NORMAL;37;75;39;1;56;19;1;0.2914319932460785;0.38426390290260315;0.1227121353149414;96;4
C02;C02;Critico: Fadiga com desvio cinematico;Critico;Critico;0.39378328174352645;0.39378328174352645;R1_NORMAL;29;50;22;0;32;3;0;0.05000000819563866;0.09478624910116196;0.0972118005156517;96;4
C07;C07;Critico progressivo: Sem cinto sob chuva;Critico;Critico;0.41633389741182325;0.41633389741182325;R2_STABLE_RISK;37;75;39;1;59;22;0;0.05000000819563866;0.38343897461891174;0.13433492183685303;96;4
C09;C09;Critico progressivo: Bebida ao volante;Critico;Critico;0.4167508229613304;0.4167508229613304;R1_NORMAL;38;73;36;1;53;15;0;0.05000000819563866;0.25592291355133057;0.11940286308526993;96;4
N02;N02;Normal: Urbano moderado;Normal;Normal;0.050000007078051564;0.050000007078051564;R3_FALSE_KIN;-1;-1;0;0;-1;-1;0;0.05000000819563866;0.027351101860404015;0.10133511573076248;96;4
N01;N01;Normal: Viagem tranquila em rodovia;Normal;Normal;0.050000007078051564;0.050000007078051564;R1_NORMAL;-1;-1;0;0;-1;-1;0;0.05000000819563866;0.033522944897413254;0.08738706260919571;96;4
C08;C08;Critico progressivo: Distracao urbana multietapas;Critico;Critico;0.4574351787567138;0.4574351787567138;R2_STABLE_RISK;28;77;50;1;57;29;0;0.05000000819563866;0.3122835159301758;0.14561568200588226;96;4
N02;N02;Normal: Urbano moderado;Normal;Normal;0.050000007078051564;0.050000007078051564;R1_NORMAL;-1;-1;0;0;-1;-1;0;0.05000000819563866;0.024045074358582497;0.12243684381246567;96;4
C03;C03;Critico: Celular sem cinto sob chuva;Critico;Critico;0.3752959698438644;0.3752959698438644;R3_FALSE_KIN;26;41;16;0;28;2;0;0.05000000819563866;0.19128234684467316;0.11621246486902237;96;4
C09;C09;Critico progressivo: Bebida ao volante;Critico;Critico;0.365862213075161;0.365862213075161;R2_STABLE_RISK;38;73;36;1;60;22;0;0.05000000819563866;0.2503563463687897;0.12480690330266953;96;4
C07;C07;Critico progressivo: Sem cinto sob chuva;Critico;Critico;0.4795892268419265;0.4795892268419265;R1_NORMAL;37;75;39;1;58;21;1;0.24094748497009277;0.37406015396118164;0.1346142292022705;96;4
C05;C05;Critico progressivo: Celular em rodovia;Critico;Critico;0.4896691679954529;0.4896691679954529;R2_STABLE_RISK;42;73;32;1;57;15;1;0.31932905316352844;0.3295845687389374;0.1513194441795349;96;4
N01;N01;Normal: Viagem tranquila em rodovia;Normal;Normal;0.050000007078051564;0.050000007078051564;R1_NORMAL;-1;-1;0;0;-1;-1;0;0.05000000819563866;0.03459326922893524;0.10735716670751572;96;4
C06;C06;Critico progressivo: Fadiga noturna;Critico;Critico;0.45006190538406365;0.45006190538406365;R3_FALSE_KIN;36;81;46;1;61;25;0;0.05000000819563866;0.1618848294019699;0.11682931333780289;96;4
C04;C04;Critico: Multiplas distracoes urbanas;Critico;Critico;0.3713889718055725;0.3713889718055725;R2_STABLE_RISK;22;45;24;0;24;2;0;0.05000000819563866;0.20214082300662994;0.0998411774635315;96;4
C06;C06;Critico progressivo: Fadiga noturna;Critico;Critico;0.45429728031158445;0.45429728031158445;R2_STABLE_RISK;36;81;46;1;59;23;1;0.32643815875053406;0.16199038922786713;0.10947989672422409;96;4
C09;C09;Critico progressivo: Bebida ao volante;Critico;Critico;0.4007118687033653;0.4007118687033653;R1_NORMAL;38;73;36;1;57;19;0;0.05000000819563866;0.2563703656196594;0.10069910436868668;96;4
C10;C10;Critico progressivo: Grooming em rodovia com fadiga;Critico;Critico;0.470128259062767;0.470128259062767;R1_NORMAL;40;81;42;1;66;26;1;0.3368975818157196;0.2005200833082199;0.10344091057777405;96;4
C08;C08;Critico progressivo: Distracao urbana multietapas;Critico;Critico;0.44111795425415035;0.44111795425415035;R3_FALSE_KIN;28;77;50;1;57;29;0;0.05000000819563866;0.3221760094165802;0.12358704954385757;96;4
C02;C02;Critico: Fadiga com desvio cinematico;Critico;Critico;0.39378328174352645;0.39378328174352645;R3_FALSE_KIN;29;50;22;0;32;3;0;0.05000000819563866;0.09626153856515884;0.12220247834920883;96;4
C03;C03;Critico: Celular sem cinto sob chuva;Critico;Critico;0.3752959698438644;0.3752959698438644;R1_NORMAL;26;41;16;0;28;2;0;0.05000000819563866;0.18634110689163208;0.14652802050113678;96;4
C03;C03;Critico: Celular sem cinto sob chuva;Critico;Critico;0.612180882692337;0.612180882692337;R2_STABLE_RISK;26;41;16;0;28;2;1;0.23198151588439941;0.1849629431962967;0.1841246634721756;96;4
C08;C08;Critico progressivo: Distracao urbana multietapas;Critico;Critico;0.5226143985986709;0.5226143985986709;R1_NORMAL;28;77;50;1;54;26;1;0.28792905807495117;0.3149530589580536;0.11230330914258957;96;4
C03;C03;Critico: Celular sem cinto sob chuva;Critico;Critico;0.3752959698438644;0.3752959698438644;R1_NORMAL;26;41;16;0;28;2;0;0.05000000819563866;0.18635661900043488;0.10138579457998276;96;4
C09;C09;Critico progressivo: Bebida ao volante;Critico;Critico;0.38891137093305583;0.38891137093305583;R2_STABLE_RISK;38;73;36;1;58;20;0;0.05000000819563866;0.24405024945735931;0.16707450151443481;96;4
C04;C04;Critico: Multiplas distracoes urbanas;Critico;Critico;0.3713889718055725;0.3713889718055725;R3_FALSE_KIN;22;45;24;0;24;2;0;0.05000000819563866;0.20708243548870087;0.153825044631958;96;4
C07;C07;Critico progressivo: Sem cinto sob chuva;Critico;Critico;0.39640230983495706;0.39640230983495706;R2_STABLE_RISK;37;75;39;1;58;21;0;0.05000000819563866;0.3804666996002197;0.14888213574886322;96;4
C10;C10;Critico progressivo: Grooming em rodovia com fadiga;Critico;Critico;0.4770245015621185;0.4770245015621185;R2_STABLE_RISK;40;81;42;1;62;22;1;0.3456193506717682;0.20340920984745026;0.12137949466705322;96;4
C07;C07;Critico progressivo: Sem cinto sob chuva;Critico;Critico;0.4265662372112274;0.4265662372112274;R2_STABLE_RISK;37;75;39;1;58;21;0;0.05000000819563866;0.3757599890232086;0.11419526487588882;96;4
C05;C05;Critico progressivo: Celular em rodovia;Critico;Critico;0.38395218998193736;0.38395218998193736;R1_NORMAL;42;73;32;1;60;18;0;0.05000000819563866;0.3162821829319;0.12162872403860092;96;4
N01;N01;Normal: Viagem tranquila em rodovia;Normal;Normal;0.050000007078051564;0.050000007078051564;R3_FALSE_KIN;-1;-1;0;0;-1;-1;0;0.05000000819563866;0.034245241433382034;0.07121479511260986;96;4
C09;C09;Critico progressivo: Bebida ao volante;Critico;Critico;0.3970057502388954;0.3970057502388954;R2_STABLE_RISK;38;73;36;1;58;20;0;0.05000000819563866;0.2554455101490021;0.15890656411647797;96;4
C02;C02;Critico: Fadiga com desvio cinematico;Critico;Critico;0.39378328174352645;0.39378328174352645;R1_NORMAL;29;50;22;0;32;3;0;0.05000000819563866;0.10749474912881851;0.1448422521352768;96;4
C07;C07;Critico progressivo: Sem cinto sob chuva;Critico;Critico;0.41104564815759653;0.41104564815759653;R1_NORMAL;37;75;39;1;58;21;0;0.05000000819563866;0.38275790214538574;0.11910229176282883;96;4
C04;C04;Critico: Multiplas distracoes urbanas;Critico;Critico;0.3713889718055725;0.3713889718055725;R1_NORMAL;22;45;24;0;24;2;0;0.05000000819563866;0.20149798691272736;0.10438438504934311;96;4
C09;C09;Critico progressivo: Bebida ao volante;Critico;Critico;0.4153341829776764;0.4153341829776764;R1_NORMAL;38;73;36;1;57;19;0;0.05000000819563866;0.24786972999572754;0.11668802052736282;96;4
N01;N01;Normal: Viagem tranquila em rodovia;Normal;Normal;0.050000007078051564;0.050000007078051564;R1_NORMAL;-1;-1;0;0;-1;-1;0;0.05000000819563866;0.03331143036484718;0.09611900895833969;96;4
C03;C03;Critico: Celular sem cinto sob chuva;Critico;Critico;0.3752959698438644;0.3752959698438644;R1_NORMAL;26;41;16;0;28;2;0;0.05000000819563866;0.18869930505752563;0.1430603265762329;96;4
N01;N01;Normal: Viagem tranquila em rodovia;Normal;Normal;0.050000007078051564;0.050000007078051564;R1_NORMAL;-1;-1;0;0;-1;-1;0;0.05000000819563866;0.02813410758972168;0.11095571517944336;96;4
C01;C01;Critico: Celular em alta velocidade;Critico;Critico;0.29102678298950196;0.29102678298950196;R2_STABLE_RISK;32;44;13;0;34;2;0;0.05000000819563866;0.1535288542509079;0.11421430855989456;96;4
C01;C01;Critico: Celular em alta velocidade;Critico;Critico;0.5248766154050827;0.5248766154050827;R3_FALSE_KIN;32;44;13;0;34;2;1;0.2560543417930603;0.15558727085590363;0.16062109172344208;96;4
N02;N02;Normal: Urbano moderado;Normal;Normal;0.050000007078051564;0.050000007078051564;R3_FALSE_KIN;-1;-1;0;0;-1;-1;0;0.05000000819563866;0.038291335105895996;0.13139306008815765;96;4
C06;C06;Critico progressivo: Fadiga noturna;Critico;Critico;0.41913925558328624;0.41913925558328624;R2_STABLE_RISK;36;81;46;1;64;28;0;0.05000000819563866;0.15933531522750854;0.07858438789844513;96;4
C05;C05;Critico progressivo: Celular em rodovia;Critico;Critico;0.4027853012084961;0.4027853012084961;R3_FALSE_KIN;42;73;32;1;57;15;0;0.05000000819563866;0.3222605288028717;0.17199666798114777;96;4
C01;C01;Critico: Celular em alta velocidade;Critico;Critico;0.29102678298950196;0.29102678298950196;R3_FALSE_KIN;32;44;13;0;34;2;0;0.05000000819563866;0.15778818726539612;0.10562338680028915;96;4
C07;C07;Critico progressivo: Sem cinto sob chuva;Critico;Critico;0.41734167784452436;0.41734167784452436;R2_STABLE_RISK;37;75;39;1;58;21;0;0.05000000819563866;0.38051509857177734;0.1331581473350525;96;4
C05;C05;Critico progressivo: Celular em rodovia;Critico;Critico;0.3825581789016723;0.3825581789016723;R1_NORMAL;42;73;32;1;59;17;0;0.05000000819563866;0.3210785388946533;0.0887623205780983;96;4
C09;C09;Critico progressivo: Bebida ao volante;Critico;Critico;0.3731400683522224;0.3731400683522224;R2_STABLE_RISK;38;73;36;1;57;19;0;0.05000000819563866;0.24416010081768036;0.08284904807806015;96;4
N01;N01;Normal: Viagem tranquila em rodovia;Normal;Normal;0.050000007078051564;0.050000007078051564;R3_FALSE_KIN;-1;-1;0;0;-1;-1;0;0.05000000819563866;0.03371257707476616;0.08051104843616486;96;4
C05;C05;Critico progressivo: Celular em rodovia;Critico;Critico;0.38391138464212415;0.38391138464212415;R2_STABLE_RISK;42;73;32;1;59;17;0;0.05000000819563866;0.3205404281616211;0.14893443882465363;96;4
C02;C02;Critico: Fadiga com desvio cinematico;Critico;Critico;0.39378328174352645;0.39378328174352645;R2_STABLE_RISK;29;50;22;0;32;3;0;0.05000000819563866;0.09757707267999649;0.11552146077156067;96;4
C01;C01;Critico: Celular em alta velocidade;Critico;Critico;0.29102678298950196;0.29102678298950196;R2_STABLE_RISK;32;44;13;0;34;2;0;0.05000000819563866;0.15709006786346436;0.11647182703018188;96;4
C10;C10;Critico progressivo: Grooming em rodovia com fadiga;Critico;Critico;0.4275307014584541;0.4275307014584541;R1_NORMAL;40;81;42;1;63;23;0;0.05000000819563866;0.1990545392036438;0.09404795616865158;96;4
C06;C06;Critico progressivo: Fadiga noturna;Critico;Critico;0.4846117407083511;0.4846117407083511;R1_NORMAL;36;81;46;1;61;25;1;0.3501870930194855;0.15638186037540436;0.12119048833847046;96;4
C03;C03;Critico: Celular sem cinto sob chuva;Critico;Critico;0.3752959698438644;0.3752959698438644;R2_STABLE_RISK;26;41;16;0;28;2;0;0.05000000819563866;0.18031008541584015;0.13644564151763916;96;4
N01;N01;Normal: Viagem tranquila em rodovia;Normal;Normal;0.050000007078051564;0.050000007078051564;R3_FALSE_KIN;-1;-1;0;0;-1;-1;0;0.05000000819563866;0.03385383263230324;0.10471472889184952;96;4
C08;C08;Critico progressivo: Distracao urbana multietapas;Critico;Critico;0.4886317849159241;0.4886317849159241;R1_NORMAL;28;77;50;1;55;27;1;0.31453123688697815;0.31394410133361816;0.16717080771923065;96;4
C10;C10;Critico progressivo: Grooming em rodovia com fadiga;Critico;Critico;0.4097569823265076;0.4097569823265076;R2_STABLE_RISK;40;81;42;1;66;26;0;0.05000000819563866;0.19899535179138184;0.1153891459107399;96;4
C05;C05;Critico progressivo: Celular em rodovia;Critico;Critico;0.3937689855694771;0.3937689855694771;R1_NORMAL;42;73;32;1;61;19;0;0.05000000819563866;0.31737446784973145;0.1316279023885727;96;4
N03;N03;Normal: Noite estável;Normal;Normal;0.050000007078051564;0.050000007078051564;R2_STABLE_RISK;-1;-1;0;0;-1;-1;0;0.05000000819563866;0.03411618247628212;0.0788860023021698;96;4
C02;C02;Critico: Fadiga com desvio cinematico;Critico;Critico;0.39378328174352645;0.39378328174352645;R3_FALSE_KIN;29;50;22;0;32;3;0;0.05000000819563866;0.09777376800775528;0.1382821947336197;96;4
C04;C04;Critico: Multiplas distracoes urbanas;Critico;Critico;0.5777755737304687;0.5777755737304687;R1_NORMAL;22;45;24;0;24;2;1;0.2637631595134735;0.20747888088226318;0.21560128033161163;96;4
N01;N01;Normal: Viagem tranquila em rodovia;Normal;Normal;0.050000007078051564;0.050000007078051564;R2_STABLE_RISK;-1;-1;0;0;-1;-1;0;0.05000000819563866;0.03258056566119194;0.07741016894578934;96;4
N02;N02;Normal: Urbano moderado;Normal;Normal;0.050000007078051564;0.050000007078051564;R1_NORMAL;-1;-1;0;0;-1;-1;0;0.05000000819563866;0.03291602432727814;0.07295617461204529;96;4
N01;N01;Normal: Viagem tranquila em rodovia;Normal;Normal;0.050000007078051564;0.050000007078051564;R2_STABLE_RISK;-1;-1;0;0;-1;-1;0;0.05000000819563866;0.027819419279694557;0.09765777736902237;96;4
C02;C02;Critico: Fadiga com desvio cinematico;Critico;Critico;0.39378328174352645;0.39378328174352645;R2_STABLE_RISK;29;50;22;0;32;3;0;0.05000000819563866;0.10241319984197617;0.1363588124513626;96;4
C10;C10;Critico progressivo: Grooming em rodovia com fadiga;Critico;Critico;0.4376462563872337;0.4376462563872337;R1_NORMAL;40;81;42;1;61;21;0;0.05000000819563866;0.20463170111179352;0.13261057436466217;96;4
C08;C08;Critico progressivo: Distracao urbana multietapas;Critico;Critico;0.4166016384959221;0.4166016384959221;R2_STABLE_RISK;28;77;50;1;55;27;0;0.05000000819563866;0.3132821023464203;0.12412062287330627;96;4
C06;C06;Critico progressivo: Fadiga noturna;Critico;Critico;0.4739252388477325;0.4739252388477325;R1_NORMAL;36;81;46;1;59;23;1;0.34275922179222107;0.1641429364681244;0.11106738448143005;96;4
C01;C01;Critico: Celular em alta velocidade;Critico;Critico;0.29102678298950196;0.29102678298950196;R1_NORMAL;32;44;13;0;34;2;0;0.05000000819563866;0.15537498891353607;0.11158525943756104;96;4
C05;C05;Critico progressivo: Celular em rodovia;Critico;Critico;0.361166001856327;0.361166001856327;R3_FALSE_KIN;42;73;32;1;60;18;0;0.05000000819563866;0.32168641686439514;0.16922278702259064;96;4
N02;N02;Normal: Urbano moderado;Normal;Normal;0.050000007078051564;0.050000007078051564;R1_NORMAL;-1;-1;0;0;-1;-1;0;0.05000000819563866;0.03236560896039009;0.12993933260440826;96;4
C04;C04;Critico: Multiplas distracoes urbanas;Critico;Critico;0.3713889718055725;0.3713889718055725;R2_STABLE_RISK;22;45;24;0;24;2;0;0.05000000819563866;0.2106250673532486;0.15462081134319305;96;4
C02;C02;Critico: Fadiga com desvio cinematico;Critico;Critico;0.39378328174352645;0.39378328174352645;R2_STABLE_RISK;29;50;22;0;32;3;0;0.05000000819563866;0.1025378480553627;0.13673563301563263;96;4
N01;N01;Normal: Viagem tranquila em rodovia;Normal;Normal;0.050000007078051564;0.050000007078051564;R2_STABLE_RISK;-1;-1;0;0;-1;-1;0;0.05000000819563866;0.0300540030002594;0.15931634604930878;96;4
C01;C01;Critico: Celular em alta velocidade;Critico;Critico;0.29102678298950196;0.29102678298950196;R2_STABLE_RISK;32;44;13;0;34;2;0;0.05000000819563866;0.15315011143684387;0.145003080368042;96;4
C05;C05;Critico progressivo: Celular em rodovia;Critico;Critico;0.3805467844009399;0.3805467844009399;R2_STABLE_RISK;42;73;32;1;62;20;0;0.05000000819563866;0.31721505522727966;0.16070415079593658;96;4
C06;C06;Critico progressivo: Fadiga noturna;Critico;Critico;0.4341671124100685;0.4341671124100685;R1_NORMAL;36;81;46;1;60;24;0;0.05000000819563866;0.16079573333263397;0.09187284111976624;96;4
C05;C05;Critico progressivo: Celular em rodovia;Critico;Critico;0.46374497711658474;0.46374497711658474;R2_STABLE_RISK;42;73;32;1;59;17;1;0.23467011749744415;0.31611791253089905;0.16580085456371307;96;4
N01;N01;Normal: Viagem tranquila em rodovia;Normal;Normal;0.050000007078051564;0.050000007078051564;R3_FALSE_KIN;-1;-1;0;0;-1;-1;0;0.05000000819563866;0.03444499149918556;0.08660385757684708;96;4
C08;C08;Critico progressivo: Distracao urbana multietapas;Critico;Critico;0.4203522756695747;0.4203522756695747;R1_NORMAL;28;77;50;1;55;27;0;0.05000000819563866;0.31369295716285706;0.16309009492397308;96;4
C05;C05;Critico progressivo: Celular em rodovia;Critico;Critico;0.3616517961025238;0.3616517961025238;R3_FALSE_KIN;42;73;32;1;61;19;0;0.05000000819563866;0.3103773593902588;0.11484518647193909;96;4
C02;C02;Critico: Fadiga com desvio cinematico;Critico;Critico;0.6002711802721024;0.6002711802721024;R1_NORMAL;29;50;22;0;32;3;1;0.24075336754322052;0.09806295484304428;0.13440418243408203;96;4
C07;C07;Critico progressivo: Sem cinto sob chuva;Critico;Critico;0.4833289235830307;0.4833289235830307;R3_FALSE_KIN;37;75;39;1;59;22;1;0.24700921773910522;0.37619027495384216;0.18785332143306732;96;4
C05;C05;Critico progressivo: Celular em rodovia;Critico;Critico;0.45645816326141353;0.45645816326141353;R1_NORMAL;42;73;32;1;57;15;1;0.25552332401275635;0.31520506739616394;0.15989169478416443;96;4
C02;C02;Critico: Fadiga com desvio cinematico;Critico;Critico;0.598412075638771;0.598412075638771;R1_NORMAL;29;50;22;0;32;3;1;0.2311645746231079;0.0979289710521698;0.2225169688463211;96;4
C01;C01;Critico: Celular em alta velocidade;Critico;Critico;0.29102678298950196;0.29102678298950196;R2_STABLE_RISK;32;44;13;0;34;2;0;0.05000000819563866;0.15400327742099762;0.0816032886505127;96;4
C04;C04;Critico: Multiplas distracoes urbanas;Critico;Critico;0.5609849959611892;0.5609849959611892;R2_STABLE_RISK;22;45;24;0;24;2;1;0.1986549347639084;0.21100105345249176;0.22522568702697754;96;4
C10;C10;Critico progressivo: Grooming em rodovia com fadiga;Critico;Critico;0.4199660375714302;0.4199660375714302;R1_NORMAL;40;81;42;1;64;24;0;0.05000000819563866;0.20577175915241241;0.09214305877685547;96;4
C05;C05;Critico progressivo: Celular em rodovia;Critico;Critico;0.4730115622282028;0.4730115622282028;R3_FALSE_KIN;42;73;32;1;58;16;1;0.2921201288700104;0.31408989429473877;0.1801830679178238;96;4
N01;N01;Normal: Viagem tranquila em rodovia;Normal;Normal;0.050000007078051564;0.050000007078051564;R3_FALSE_KIN;-1;-1;0;0;-1;-1;0;0.05000000819563866;0.03153606504201889;0.09657128900289536;96;4
C02;C02;Critico: Fadiga com desvio cinematico;Critico;Critico;0.6017104178667068;0.6017104178667068;R1_NORMAL;29;50;22;0;32;3;1;0.26789620518684387;0.09374865144491196;0.14608705043792725;96;4
N03;N03;Normal: Noite estável;Normal;Normal;0.050000007078051564;0.050000007078051564;R3_FALSE_KIN;-1;-1;0;0;-1;-1;0;0.05000000819563866;0.03596559539437294;0.06978779286146164;96;4
C01;C01;Critico: Celular em alta velocidade;Critico;Critico;0.5158826440572739;0.5158826440572739;R2_STABLE_RISK;32;44;13;0;34;2;1;0.18831515312194824;0.15722113847732544;0.13780994713306427;96;4
N02;N02;Normal: Urbano moderado;Normal;Normal;0.050000007078051564;0.050000007078051564;R1_NORMAL;-1;-1;0;0;-1;-1;0;0.05000000819563866;0.03811715170741081;0.10281878709793091;96;4
C09;C09;Critico progressivo: Bebida ao volante;Critico;Critico;0.40159084051847455;0.40159084051847455;R1_NORMAL;38;73;36;1;57;19;0;0.05000000819563866;0.2517211139202118;0.1330985575914383;96;4
C09;C09;Critico progressivo: Bebida ao volante;Critico;Critico;0.3927197858691215;0.3927197858691215;R1_NORMAL;38;73;36;1;56;18;0;0.05000000819563866;0.25094321370124817;0.13958317041397095;96;4
N03;N03;Normal: Noite estável;Normal;Normal;0.050000007078051564;0.050000007078051564;R1_NORMAL;-1;-1;0;0;-1;-1;0;0.05000000819563866;0.032019056379795074;0.07069040089845657;96;4
C08;C08;Critico progressivo: Distracao urbana multietapas;Critico;Critico;0.4875994890928268;0.4875994890928268;R3_FALSE_KIN;28;77;50;1;58;30;1;0.2698165476322174;0.31542935967445374;0.18144623935222626;96;4
C07;C07;Critico progressivo: Sem cinto sob chuva;Critico;Critico;0.3892640694975853;0.3892640694975853;R2_STABLE_RISK;37;75;39;1;58;21;0;0.05000000819563866;0.3787182867527008;0.2072228193283081;96;4
C05;C05;Critico progressivo: Celular em rodovia;Critico;Critico;0.3498682767152786;0.3498682767152786;R3_FALSE_KIN;42;73;32;1;61;19;0;0.05000000819563866;0.31392788887023926;0.08618051558732986;96;4
N03;N03;Normal: Noite estável;Normal;Normal;0.050000007078051564;0.050000007078051564;R2_STABLE_RISK;-1;-1;0;0;-1;-1;0;0.05000000819563866;0.034160349518060684;0.08629222959280014;96;4
C01;C01;Critico: Celular em alta velocidade;Critico;Critico;0.29102678298950196;0.29102678298950196;R1_NORMAL;32;44;13;0;34;2;0;0.05000000819563866;0.1472138911485672;0.1780267208814621;96;4
C05;C05;Critico progressivo: Celular em rodovia;Critico;Critico;0.4590740531682968;0.4590740531682968;R3_FALSE_KIN;42;73;32;1;61;19;1;0.2989499270915985;0.3177519738674164;0.18033044040203094;96;4
C05;C05;Critico progressivo: Celular em rodovia;Critico;Critico;0.4595463275909424;0.4595463275909424;R1_NORMAL;42;73;32;1;59;17;1;0.3157136142253876;0.3129572868347168;0.16389720141887665;96;4
C03;C03;Critico: Celular sem cinto sob chuva;Critico;Critico;0.3752959698438644;0.3752959698438644;R1_NORMAL;26;41;16;0;28;2;0;0.05000000819563866;0.1832813173532486;0.128427192568779;96;4
C06;C06;Critico progressivo: Fadiga noturna;Critico;Critico;0.3818590626120567;0.3818590626120567;R1_NORMAL;36;81;46;1;65;29;0;0.05000000819563866;0.1530880182981491;0.09802365303039551;96;4
C09;C09;Critico progressivo: Bebida ao volante;Critico;Critico;0.46238113641738887;0.46238113641738887;R2_STABLE_RISK;38;73;36;1;56;18;1;0.30565503239631653;0.2530258893966675;0.13293975591659546;96;4
C05;C05;Critico progressivo: Celular em rodovia;Critico;Critico;0.4086863592267036;0.4086863592267036;R2_STABLE_RISK;42;73;32;1;58;16;0;0.05000000819563866;0.320877343416214;0.1422683596611023;96;4
C05;C05;Critico progressivo: Celular em rodovia;Critico;Critico;0.3822205618023872;0.3822205618023872;R3_FALSE_KIN;42;73;32;1;57;15;0;0.05000000819563866;0.3156749904155731;0.12194749712944031;96;4
C06;C06;Critico progressivo: Fadiga noturna;Critico;Critico;0.41177492737770083;0.41177492737770083;R2_STABLE_RISK;36;81;46;1;58;22;0;0.05000000819563866;0.1520967036485672;0.13970895111560822;96;4
N03;N03;Normal: Noite estável;Normal;Normal;0.050000007078051564;0.050000007078051564;R1_NORMAL;-1;-1;0;0;-1;-1;0;0.05000000819563866;0.03197433799505234;0.07522717118263245;96;4
C05;C05;Critico progressivo: Celular em rodovia;Critico;Critico;0.39503359347581857;0.39503359347581857;R1_NORMAL;42;73;32;1;59;17;0;0.05000000819563866;0.3124290704727173;0.1651514619588852;96;4
N03;N03;Normal: Noite estável;Normal;Normal;0.050000007078051564;0.050000007078051564;R1_NORMAL;-1;-1;0;0;-1;-1;0;0.05000000819563866;0.03181399777531624;0.11287356168031693;96;4
C01;C01;Critico: Celular em alta velocidade;Critico;Critico;0.29102678298950196;0.29102678298950196;R1_NORMAL;32;44;13;0;34;2;0;0.05000000819563866;0.15479062497615814;0.08865048736333847;96;4
C02;C02;Critico: Fadiga com desvio cinematico;Critico;Critico;0.6002231895923614;0.6002231895923614;R3_FALSE_KIN;29;50;22;0;32;3;1;0.24053208529949188;0.09836262464523315;0.14415957033634186;96;4
C06;C06;Critico progressivo: Fadiga noturna;Critico;Critico;0.4405318036675453;0.4405318036675453;R1_NORMAL;36;81;46;1;58;22;0;0.05000000819563866;0.15647153556346893;0.141886904835701;96;4
N02;N02;Normal: Urbano moderado;Normal;Normal;0.050000007078051564;0.050000007078051564;R2_STABLE_RISK;-1;-1;0;0;-1;-1;0;0.05000000819563866;0.02949230559170246;0.09284567832946777;96;4
N02;N02;Normal: Urbano moderado;Normal;Normal;0.050000007078051564;0.050000007078051564;R1_NORMAL;-1;-1;0;0;-1;-1;0;0.05000000819563866;0.03326362743973732;0.07394911348819733;96;4
C03;C03;Critico: Celular sem cinto sob chuva;Critico;Critico;0.6211239337921142;0.6211239337921142;R1_NORMAL;26;41;16;0;28;2;1;0.24983304738998413;0.1918107122182846;0.18187445402145386;96;4
C05;C05;Critico progressivo: Celular em rodovia;Critico;Critico;0.4507269710302353;0.4507269710302353;R2_STABLE_RISK;42;73;32;1;62;20;1;0.3033876121044159;0.318461537361145;0.14354044198989868;96;4
C10;C10;Critico progressivo: Grooming em rodovia com fadiga;Critico;Critico;0.41457400321960447;0.41457400321960447;R1_NORMAL;40;81;42;1;62;22;0;0.05000000819563866;0.20266111195087433;0.15855813026428223;96;4
C08;C08;Critico progressivo: Distracao urbana multietapas;Critico;Critico;0.44237658083438874;0.44237658083438874;R2_STABLE_RISK;28;77;50;1;54;26;0;0.05000000819563866;0.3122454881668091;0.15406934916973114;96;4
N01;N01;Normal: Viagem tranquila em rodovia;Normal;Normal;0.050000007078051564;0.050000007078051564;R2_STABLE_RISK;-1;-1;0;0;-1;-1;0;0.05000000819563866;0.032804183661937714;0.13398869335651398;96;4
C10;C10;Critico progressivo: Grooming em rodovia com fadiga;Critico;Critico;0.40939124673604965;0.40939124673604965;R2_STABLE_RISK;40;81;42;1;62;22;0;0.05000000819563866;0.1892169564962387;0.133248969912529;96;4
C06;C06;Critico progressivo: Fadiga noturna;Critico;Critico;0.4316370368003845;0.4316370368003845;R1_NORMAL;36;81;46;1;63;27;0;0.05000000819563866;0.1608336865901947;0.14028528332710266;96;4
C09;C09;Critico progressivo: Bebida ao volante;Critico;Critico;0.47364515960216524;0.47364515960216524;R3_FALSE_KIN;38;73;36;1;57;19;1;0.3139089047908783;0.25413963198661804;0.16553960740566254;96;4
N01;N01;Normal: Viagem tranquila em rodovia;Normal;Normal;0.050000007078051564;0.050000007078051564;R2_STABLE_RISK;-1;-1;0;0;-1;-1;0;0.05000000819563866;0.031914982944726944;0.10560145229101181;96;4
C02;C02;Critico: Fadiga com desvio cinematico;Critico;Critico;0.39378328174352645;0.39378328174352645;R1_NORMAL;29;50;22;0;32;3;0;0.05000000819563866;0.09920459240674973;0.11055702716112137;96;4
C07;C07;Critico progressivo: Sem cinto sob chuva;Critico;Critico;0.5040790826082229;0.5040790826082229;R1_NORMAL;37;75;39;1;58;21;1;0.2752031981945038;0.37809062004089355;0.14150024950504303;96;4
C08;C08;Critico progressivo: Distracao urbana multietapas;Critico;Critico;0.4830021888017654;0.4830021888017654;R2_STABLE_RISK;28;77;50;1;55;27;1;0.33190861344337463;0.30609264969825745;0.1811688095331192;96;4
C07;C07;Critico progressivo: Sem cinto sob chuva;Critico;Critico;0.4246491119265556;0.4246491119265556;R1_NORMAL;37;75;39;1;57;20;0;0.05000000819563866;0.3755023181438446;0.14862467348575592;96;4
C05;C05;Critico progressivo: Celular em rodovia;Critico;Critico;0.44367621243000027;0.44367621243000027;R1_NORMAL;42;73;32;1;59;17;1;0.24139715731143951;0.3157504200935364;0.16016794741153717;96;4
C01;C01;Critico: Celular em alta velocidade;Critico;Critico;0.29102678298950196;0.29102678298950196;R3_FALSE_KIN;32;44;13;0;34;2;0;0.05000000819563866;0.15764851868152618;0.12675122916698456;96;4
C06;C06;Critico progressivo: Fadiga noturna;Critico;Critico;0.4520019710063934;0.4520019710063934;R1_NORMAL;36;81;46;1;57;21;0;0.05000000819563866;0.16870880126953125;0.10281181335449219;96;4
C02;C02;Critico: Fadiga com desvio cinematico;Critico;Critico;0.39378328174352645;0.39378328174352645;R1_NORMAL;29;50;22;0;32;3;0;0.05000000819563866;0.09411878138780594;0.11380469799041748;96;4
C01;C01;Critico: Celular em alta velocidade;Critico;Critico;0.5234851628541946;0.5234851628541946;R1_NORMAL;32;44;13;0;34;2;1;0.2554164230823517;0.15429532527923584;0.18947429955005646;96;4
N03;N03;Normal: Noite estável;Normal;Normal;0.050000007078051564;0.050000007078051564;R2_STABLE_RISK;-1;-1;0;0;-1;-1;0;0.05000000819563866;0.038698140531778336;0.10139670222997665;96;4
C04;C04;Critico: Multiplas distracoes urbanas;Critico;Critico;0.3713889718055725;0.3713889718055725;R2_STABLE_RISK;22;45;24;0;24;2;0;0.05000000819563866;0.2005462497472763;0.1276433914899826;96;4
C01;C01;Critico: Celular em alta velocidade;Critico;Critico;0.29102678298950196;0.29102678298950196;R3_FALSE_KIN;32;44;13;0;34;2;0;0.05000000819563866;0.15342403948307037;0.11990752816200256;96;4
C09;C09;Critico progressivo: Bebida ao volante;Critico;Critico;0.5027710199356079;0.5027710199356079;R2_STABLE_RISK;38;73;36;1;60;22;1;0.26255419850349426;0.25424307584762573;0.12957632541656494;96;4
N01;N01;Normal: Viagem tranquila em rodovia;Normal;Normal;0.050000007078051564;0.050000007078051564;R3_FALSE_KIN;-1;-1;0;0;-1;-1;0;0.05000000819563866;0.033336956053972244;0.09917642921209335;96;4
C10;C10;Critico progressivo: Grooming em rodovia com fadiga;Critico;Critico;0.4514083474874496;0.4514083474874496;R1_NORMAL;40;81;42;1;65;25;1;0.3595718443393707;0.1986151784658432;0.14459963142871857;96;4
C01;C01;Critico: Celular em alta velocidade;Critico;Critico;0.29102678298950196;0.29102678298950196;R3_FALSE_KIN;32;44;13;0;34;2;0;0.05000000819563866;0.15364862978458405;0.10872737318277359;96;4
C04;C04;Critico: Multiplas distracoes urbanas;Critico;Critico;0.3713889718055725;0.3713889718055725;R2_STABLE_RISK;22;45;24;0;24;2;0;0.05000000819563866;0.20264190435409546;0.18153361976146698;96;4
C01;C01;Critico: Celular em alta velocidade;Critico;Critico;0.29102678298950196;0.29102678298950196;R2_STABLE_RISK;32;44;13;0;34;2;0;0.05000000819563866;0.1555464118719101;0.12727521359920502;96;4
C05;C05;Critico progressivo: Celular em rodovia;Critico;Critico;0.38391271978616714;0.38391271978616714;R3_FALSE_KIN;42;73;32;1;60;18;0;0.05000000819563866;0.31345391273498535;0.17096436023712158;96;4
C05;C05;Critico progressivo: Celular em rodovia;Critico;Critico;0.4013086214661598;0.4013086214661598;R2_STABLE_RISK;42;73;32;1;58;16;0;0.05000000819563866;0.31974300742149353;0.14331914484500885;96;4
C09;C09;Critico progressivo: Bebida ao volante;Critico;Critico;0.398406083881855;0.398406083881855;R1_NORMAL;38;73;36;1;57;19;0;0.05000000819563866;0.250137060880661;0.1305922269821167;96;4
C08;C08;Critico progressivo: Distracao urbana multietapas;Critico;Critico;0.43799217343330377;0.43799217343330377;R1_NORMAL;28;77;50;1;54;26;0;0.05000000819563866;0.32161349058151245;0.17515505850315094;96;4
C07;C07;Critico progressivo: Sem cinto sob chuva;Critico;Critico;0.39953375905752175;0.39953375905752175;R1_NORMAL;37;75;39;1;61;24;0;0.05000000819563866;0.3776627480983734;0.13073663413524628;96;4
C04;C04;Critico: Multiplas distracoes urbanas;Critico;Critico;0.3713889718055725;0.3713889718055725;R1_NORMAL;22;45;24;0;24;2;0;0.05000000819563866;0.20555002987384796;0.17163591086864471;96;4
C03;C03;Critico: Celular sem cinto sob chuva;Critico;Critico;0.617610192298889;0.617610192298889;R1_NORMAL;26;41;16;0;28;2;1;0.2587103545665741;0.1847316473722458;0.1214386448264122;96;4
C10;C10;Critico progressivo: Grooming em rodovia com fadiga;Critico;Critico;0.4462933927774429;0.4462933927774429;R3_FALSE_KIN;40;81;42;1;61;21;1;0.34621623158454895;0.20338214933872223;0.11180931329727173;96;4
C06;C06;Critico progressivo: Fadiga noturna;Critico;Critico;0.4116913020610809;0.4116913020610809;R2_STABLE_RISK;36;81;46;1;62;26;0;0.05000000819563866;0.1585911512374878;0.07200171798467636;96;4
N03;N03;Normal: Noite estável;Normal;Normal;0.050000007078051564;0.050000007078051564;R1_NORMAL;-1;-1;0;0;-1;-1;0;0.05000000819563866;0.030622145161032677;0.11455521732568741;96;4
C09;C09;Critico progressivo: Bebida ao volante;Critico;Critico;0.381504873931408;0.381504873931408;R2_STABLE_RISK;38;73;36;1;58;20;0;0.05000000819563866;0.25602903962135315;0.1390063613653183;96;4
N01;N01;Normal: Viagem tranquila em rodovia;Normal;Normal;0.050000007078051564;0.050000007078051564;R1_NORMAL;-1;-1;0;0;-1;-1;0;0.05000000819563866;0.03355615586042404;0.11313807964324951;96;4
C01;C01;Critico: Celular em alta velocidade;Critico;Critico;0.29102678298950196;0.29102678298950196;R1_NORMAL;32;44;13;0;34;2;0;0.05000000819563866;0.16005773842334747;0.13103047013282776;96;4
C08;C08;Critico progressivo: Distracao urbana multietapas;Critico;Critico;0.4378284007310867;0.4378284007310867;R2_STABLE_RISK;28;77;50;1;53;25;0;0.05000000819563866;0.31577324867248535;0.10666489601135254;96;4
C03;C03;Critico: Celular sem cinto sob chuva;Critico;Critico;0.6204822331666946;0.6204822331666946;R1_NORMAL;26;41;16;0;28;2;1;0.2806134521961212;0.18864791095256805;0.17392225563526154;96;4
C04;C04;Critico: Multiplas distracoes urbanas;Critico;Critico;0.5597060590982437;0.5597060590982437;R1_NORMAL;22;45;24;0;24;2;1;0.2080494612455368;0.20496141910552979;0.17979033291339874;96;4
C06;C06;Critico progressivo: Fadiga noturna;Critico;Critico;0.41507388353347774;0.41507388353347774;R2_STABLE_RISK;36;81;46;1;60;24;0;0.05000000819563866;0.15601547062397003;0.1239234134554863;96;4
C10;C10;Critico progressivo: Grooming em rodovia com fadiga;Critico;Critico;0.38000248223543165;0.38000248223543165;R2_STABLE_RISK;40;81;42;1;63;23;0;0.05000000819563866;0.19872058928012848;0.10519834607839584;96;4
C02;C02;Critico: Fadiga com desvio cinematico;Critico;Critico;0.39378328174352645;0.39378328174352645;R3_FALSE_KIN;29;50;22;0;32;3;0;0.05000000819563866;0.09194924682378769;0.12422081083059311;96;4
C06;C06;Critico progressivo: Fadiga noturna;Critico;Critico;0.4103949427604675;0.4103949427604675;R2_STABLE_RISK;36;81;46;1;62;26;0;0.05000000819563866;0.15674614906311035;0.11234131455421448;96;4
C06;C06;Critico progressivo: Fadiga noturna;Critico;Critico;0.5138421744108199;0.5138421744108199;R1_NORMAL;36;81;46;1;59;23;1;0.35339486598968506;0.15621908009052277;0.13009382784366608;96;4
C09;C09;Critico progressivo: Bebida ao volante;Critico;Critico;0.36412904411554337;0.36412904411554337;R1_NORMAL;38;73;36;1;57;19;0;0.05000000819563866;0.25133928656578064;0.13405351340770721;96;4
C05;C05;Critico progressivo: Celular em rodovia;Critico;Critico;0.398626446723938;0.398626446723938;R3_FALSE_KIN;42;73;32;1;60;18;0;0.05000000819563866;0.3065599501132965;0.18369215726852417;96;4
N01;N01;Normal: Viagem tranquila em rodovia;Normal;Normal;0.050000007078051564;0.050000007078051564;R2_STABLE_RISK;-1;-1;0;0;-1;-1;0;0.05000000819563866;0.03443901613354683;0.07327736169099808;96;4
C10;C10;Critico progressivo: Grooming em rodovia com fadiga;Critico;Critico;0.419399781525135;0.419399781525135;R3_FALSE_KIN;40;81;42;1;67;27;0;0.05000000819563866;0.19674403965473175;0.12221469730138779;96;4
C02;C02;Critico: Fadiga com desvio cinematico;Critico;Critico;0.39378328174352645;0.39378328174352645;R1_NORMAL;29;50;22;0;32;3;0;0.05000000819563866;0.09623434394598007;0.14281924068927765;96;4
C01;C01;Critico: Celular em alta velocidade;Critico;Critico;0.29102678298950196;0.29102678298950196;R2_STABLE_RISK;32;44;13;0;34;2;0;0.05000000819563866;0.15372119843959808;0.10403814166784286;96;4
N02;N02;Normal: Urbano moderado;Normal;Normal;0.050000007078051564;0.050000007078051564;R2_STABLE_RISK;-1;-1;0;0;-1;-1;0;0.05000000819563866;0.0296787116676569;0.08935479074716568;96;4
N03;N03;Normal: Noite estável;Normal;Normal;0.050000007078051564;0.050000007078051564;R1_NORMAL;-1;-1;0;0;-1;-1;0;0.05000000819563866;0.033459533005952835;0.10940202325582504;96;4
C06;C06;Critico progressivo: Fadiga noturna;Critico;Critico;0.467815101146698;0.467815101146698;R3_FALSE_KIN;36;81;46;1;57;21;1;0.3455672562122345;0.15538817644119263;0.1377953141927719;96;4
C07;C07;Critico progressivo: Sem cinto sob chuva;Critico;Critico;0.39086139798164365;0.39086139798164365;R2_STABLE_RISK;37;75;39;1;62;25;0;0.05000000819563866;0.3774533271789551;0.1448034793138504;96;4
C08;C08;Critico progressivo: Distracao urbana multietapas;Critico;Critico;0.4147976592183113;0.4147976592183113;R1_NORMAL;28;77;50;1;56;28;0;0.05000000819563866;0.30916455388069153;0.1547490358352661;96;4
C08;C08;Critico progressivo: Distracao urbana multietapas;Critico;Critico;0.5133694022893905;0.5133694022893905;R1_NORMAL;28;77;50;1;49;21;1;0.329765260219574;0.3166697323322296;0.20042379200458527;96;4
N01;N01;Normal: Viagem tranquila em rodovia;Normal;Normal;0.050000007078051564;0.050000007078051564;R1_NORMAL;-1;-1;0;0;-1;-1;0;0.05000000819563866;0.032126765698194504;0.08986762911081314;96;4
C02;C02;Critico: Fadiga com desvio cinematico;Critico;Critico;0.39378328174352645;0.39378328174352645;R2_STABLE_RISK;29;50;22;0;32;3;0;0.05000000819563866;0.09010788798332214;0.08596813678741455;96;4
C06;C06;Critico progressivo: Fadiga noturna;Critico;Critico;0.48690555393695834;0.48690555393695834;R1_NORMAL;36;81;46;1;60;24;1;0.30761265754699707;0.15610146522521973;0.11637843400239944;96;4
C06;C06;Critico progressivo: Fadiga noturna;Critico;Critico;0.4493845626711845;0.4493845626711845;R2_STABLE_RISK;36;81;46;1;61;25;0;0.05000000819563866;0.15411271154880524;0.15593767166137695;96;4
N02;N02;Normal: Urbano moderado;Normal;Normal;0.050000007078051564;0.050000007078051564;R2_STABLE_RISK;-1;-1;0;0;-1;-1;0;0.05000000819563866;0.028752679005265236;0.06456269323825836;96;4
C01;C01;Critico: Celular em alta velocidade;Critico;Critico;0.29102678298950196;0.29102678298950196;R2_STABLE_RISK;32;44;13;0;34;2;0;0.05000000819563866;0.1554824262857437;0.13380523025989532;96;4
N01;N01;Normal: Viagem tranquila em rodovia;Normal;Normal;0.050000007078051564;0.050000007078051564;R1_NORMAL;-1;-1;0;0;-1;-1;0;0.05000000819563866;0.03146200254559517;0.11211975663900375;96;4
C09;C09;Critico progressivo: Bebida ao volante;Critico;Critico;0.40328650474548333;0.40328650474548333;R2_STABLE_RISK;38;73;36;1;61;23;0;0.05000000819563866;0.25359389185905457;0.11314942687749863;96;4
C07;C07;Critico progressivo: Sem cinto sob chuva;Critico;Critico;0.41061662286520006;0.41061662286520006;R2_STABLE_RISK;37;75;39;1;59;22;0;0.05000000819563866;0.38054969906806946;0.11049272865056992;96;4
N03;N03;Normal: Noite estável;Normal;Normal;0.050000007078051564;0.050000007078051564;R1_NORMAL;-1;-1;0;0;-1;-1;0;0.05000000819563866;0.03510681539773941;0.08475112915039062;96;4
C02;C02;Critico: Fadiga com desvio cinematico;Critico;Critico;0.6030524611473083;0.6030524611473083;R1_NORMAL;29;50;22;0;32;3;1;0.25567740201950073;0.10180461406707764;0.18379396200180054;96;4
C06;C06;Critico progressivo: Fadiga noturna;Critico;Critico;0.4477477952837944;0.4477477952837944;R2_STABLE_RISK;36;81;46;1;62;26;0;0.05000000819563866;0.16760607063770294;0.1087953969836235;96;4
C05;C05;Critico progressivo: Celular em rodovia;Critico;Critico;0.3747097000479698;0.3747097000479698;R2_STABLE_RISK;42;73;32;1;58;16;0;0.05000000819563866;0.3233373463153839;0.16661325097084045;96;4
C08;C08;Critico progressivo: Distracao urbana multietapas;Critico;Critico;0.4526953890919685;0.4526953890919685;R1_NORMAL;28;77;50;1;54;26;0;0.05000000819563866;0.3174476623535156;0.12257397174835205;96;4
N02;N02;Normal: Urbano moderado;Normal;Normal;0.050000007078051564;0.050000007078051564;R1_NORMAL;-1;-1;0;0;-1;-1;0;0.05000000819563866;0.03188074007630348;0.0892128124833107;96;4
C02;C02;Critico: Fadiga com desvio cinematico;Critico;Critico;0.39378328174352645;0.39378328174352645;R2_STABLE_RISK;29;50;22;0;32;3;0;0.05000000819563866;0.1009107232093811;0.1079242005944252;96;4
N01;N01;Normal: Viagem tranquila em rodovia;Normal;Normal;0.050000007078051564;0.050000007078051564;R2_STABLE_RISK;-1;-1;0;0;-1;-1;0;0.05000000819563866;0.02892419695854187;0.10112013667821884;96;4
C08;C08;Critico progressivo: Distracao urbana multietapas;Critico;Critico;0.4620003253221512;0.4620003253221512;R2_STABLE_RISK;28;77;50;1;54;26;0;0.05000000819563866;0.3088698983192444;0.17843401432037354;96;4
N02;N02;Normal: Urbano moderado;Normal;Normal;0.050000007078051564;0.050000007078051564;R3_FALSE_KIN;-1;-1;0;0;-1;-1;0;0.05000000819563866;0.02964569628238678;0.12005347013473511;96;4
C06;C06;Critico progressivo: Fadiga noturna;Critico;Critico;0.4174159839749336;0.4174159839749336;R2_STABLE_RISK;36;81;46;1;64;28;0;0.05000000819563866;0.16119079291820526;0.11321837455034256;96;4
C09;C09;Critico progressivo: Bebida ao volante;Critico;Critico;0.3773986160755157;0.3773986160755157;R1_NORMAL;38;73;36;1;57;19;0;0.05000000819563866;0.251743882894516;0.1171473041176796;96;4
C03;C03;Critico: Celular sem cinto sob chuva;Critico;Critico;0.3752959698438644;0.3752959698438644;R2_STABLE_RISK;26;41;16;0;28;2;0;0.05000000819563866;0.1822199821472168;0.14832252264022827;96;4
N01;N01;Normal: Viagem tranquila em rodovia;Normal;Normal;0.050000007078051564;0.050000007078051564;R2_STABLE_RISK;-1;-1;0;0;-1;-1;0;0.05000000819563866;0.03520595282316208;0.08774459362030029;96;4
C06;C06;Critico progressivo: Fadiga noturna;Critico;Critico;0.4160860851407051;0.4160860851407051;R3_FALSE_KIN;36;81;46;1;57;21;0;0.05000000819563866;0.15686346590518951;0.13014210760593414;96;4
C09;C09;Critico progressivo: Bebida ao volante;Critico;Critico;0.45797346830368035;0.45797346830368035;R2_STABLE_RISK;38;73;36;1;58;20;1;0.3061912953853607;0.2527559697628021;0.11584175378084183;96;4
N02;N02;Normal: Urbano moderado;Normal;Normal;0.050000007078051564;0.050000007078051564;R1_NORMAL;-1;-1;0;0;-1;-1;0;0.05000000819563866;0.03902224823832512;0.1447725147008896;96;4
C07;C07;Critico progressivo: Sem cinto sob chuva;Critico;Critico;0.5027153789997101;0.5027153789997101;R2_STABLE_RISK;37;75;39;1;58;21;1;0.29312312602996826;0.3882664740085602;0.158500075340271;96;4
C06;C06;Critico progressivo: Fadiga noturna;Critico;Critico;0.4016612961888313;0.4016612961888313;R3_FALSE_KIN;36;81;46;1;61;25;0;0.05000000819563866;0.16901355981826782;0.12164312601089478;96;4
C09;C09;Critico progressivo: Bebida ao volante;Critico;Critico;0.4082427397370338;0.4082427397370338;R2_STABLE_RISK;38;73;36;1;57;19;0;0.05000000819563866;0.25499090552330017;0.18397171795368195;96;4
C10;C10;Critico progressivo: Grooming em rodovia com fadiga;Critico;Critico;0.3835753366351128;0.3835753366351128;R1_NORMAL;40;81;42;1;62;22;0;0.05000000819563866;0.21083883941173553;0.13827602565288544;96;4
C07;C07;Critico progressivo: Sem cinto sob chuva;Critico;Critico;0.4766571015119553;0.4766571015119553;R1_NORMAL;37;75;39;1;58;21;1;0.3270283043384552;0.37359118461608887;0.16515851020812988;96;4
C01;C01;Critico: Celular em alta velocidade;Critico;Critico;0.29102678298950196;0.29102678298950196;R1_NORMAL;32;44;13;0;34;2;0;0.05000000819563866;0.1572980284690857;0.09026790410280228;96;4
C03;C03;Critico: Celular sem cinto sob chuva;Critico;Critico;0.3752959698438644;0.3752959698438644;R2_STABLE_RISK;26;41;16;0;28;2;0;0.05000000819563866;0.17984481155872345;0.12023881822824478;96;4
C03;C03;Critico: Celular sem cinto sob chuva;Critico;Critico;0.3752959698438644;0.3752959698438644;R1_NORMAL;26;41;16;0;28;2;0;0.05000000819563866;0.18555831909179688;0.1457744687795639;96;4
N03;N03;Normal: Noite estável;Normal;Normal;0.050000007078051564;0.050000007078051564;R1_NORMAL;-1;-1;0;0;-1;-1;0;0.05000000819563866;0.030412396416068077;0.08508149534463882;96;4
N01;N01;Normal: Viagem tranquila em rodovia;Normal;Normal;0.050000007078051564;0.050000007078051564;R3_FALSE_KIN;-1;-1;0;0;-1;-1;0;0.05000000819563866;0.03616484999656677;0.09354722499847412;96;4
C02;C02;Critico: Fadiga com desvio cinematico;Critico;Critico;0.5935037106275558;0.5935037106275558;R2_STABLE_RISK;29;50;22;0;32;3;1;0.23679935932159424;0.09822512418031693;0.14927084743976593;96;4
N02;N02;Normal: Urbano moderado;Normal;Normal;0.050000007078051564;0.050000007078051564;R2_STABLE_RISK;-1;-1;0;0;-1;-1;0;0.05000000819563866;0.026485318318009377;0.10732671618461609;96;4
C10;C10;Critico progressivo: Grooming em rodovia com fadiga;Critico;Critico;0.4577489525079727;0.4577489525079727;R1_NORMAL;40;81;42;1;64;24;1;0.3110261559486389;0.2035033255815506;0.14078198373317719;96;4
N01;N01;Normal: Viagem tranquila em rodovia;Normal;Normal;0.050000007078051564;0.050000007078051564;R1_NORMAL;-1;-1;0;0;-1;-1;0;0.05000000819563866;0.0329449363052845;0.1120867133140564;96;4
C02;C02;Critico: Fadiga com desvio cinematico;Critico;Critico;0.39378328174352645;0.39378328174352645;R3_FALSE_KIN;29;50;22;0;32;3;0;0.05000000819563866;0.09708497673273087;0.14041270315647125;96;4
N02;N02;Normal: Urbano moderado;Normal;Normal;0.050000007078051564;0.050000007078051564;R1_NORMAL;-1;-1;0;0;-1;-1;0;0.05000000819563866;0.03146350756287575;0.11764856427907944;96;4
C07;C07;Critico progressivo: Sem cinto sob chuva;Critico;Critico;0.4168422892689705;0.4168422892689705;R2_STABLE_RISK;37;75;39;1;53;16;0;0.05000000819563866;0.38411179184913635;0.1713947057723999;96;4
C07;C07;Critico progressivo: Sem cinto sob chuva;Critico;Critico;0.5047007173299789;0.5047007173299789;R2_STABLE_RISK;37;75;39;1;59;22;1;0.30771929025650024;0.385311484336853;0.15767304599285126;96;4
C03;C03;Critico: Celular sem cinto sob chuva;Critico;Critico;0.3752959698438644;0.3752959698438644;R1_NORMAL;26;41;16;0;28;2;0;0.05000000819563866;0.1878937929868698;0.14497263729572296;96;4
C08;C08;Critico progressivo: Distracao urbana multietapas;Critico;Critico;0.41771869510412213;0.41771869510412213;R2_STABLE_RISK;28;77;50;1;55;27;0;0.05000000819563866;0.3086678385734558;0.14987440407276154;96;4
N02;N02;Normal: Urbano moderado;Normal;Normal;0.050000007078051564;0.050000007078051564;R2_STABLE_RISK;-1;-1;0;0;-1;-1;0;0.05000000819563866;0.030795080587267876;0.0929519310593605;96;4
C09;C09;Critico progressivo: Bebida ao volante;Critico;Critico;0.39880109876394265;0.39880109876394265;R1_NORMAL;38;73;36;1;58;20;0;0.05000000819563866;0.2516964375972748;0.14414441585540771;96;4
C04;C04;Critico: Multiplas distracoes urbanas;Critico;Critico;0.3713889718055725;0.3713889718055725;R3_FALSE_KIN;22;45;24;0;24;2;0;0.05000000819563866;0.20303983986377716;0.1356702446937561;96;4
N02;N02;Normal: Urbano moderado;Normal;Normal;0.050000007078051564;0.050000007078051564;R3_FALSE_KIN;-1;-1;0;0;-1;-1;0;0.05000000819563866;0.03537709638476372;0.0810820460319519;96;4
N02;N02;Normal: Urbano moderado;Normal;Normal;0.050000007078051564;0.050000007078051564;R2_STABLE_RISK;-1;-1;0;0;-1;-1;0;0.05000000819563866;0.03493775799870491;0.08531457185745239;96;4
C03;C03;Critico: Celular sem cinto sob chuva;Critico;Critico;0.6162594109773636;0.6162594109773636;R3_FALSE_KIN;26;41;16;0;28;2;1;0.27058908343315125;0.18300537765026093;0.18150676786899567;96;4
C02;C02;Critico: Fadiga com desvio cinematico;Critico;Critico;0.39378328174352645;0.39378328174352645;R2_STABLE_RISK;29;50;22;0;32;3;0;0.05000000819563866;0.10411152988672256;0.11372030526399612;96;4
N01;N01;Normal: Viagem tranquila em rodovia;Normal;Normal;0.050000007078051564;0.050000007078051564;R2_STABLE_RISK;-1;-1;0;0;-1;-1;0;0.05000000819563866;0.04005112871527672;0.10077167302370071;96;4
N02;N02;Normal: Urbano moderado;Normal;Normal;0.050000007078051564;0.050000007078051564;R2_STABLE_RISK;-1;-1;0;0;-1;-1;0;0.05000000819563866;0.031527306884527206;0.08089867979288101;96;4
N02;N02;Normal: Urbano moderado;Normal;Normal;0.050000007078051564;0.050000007078051564;R1_NORMAL;-1;-1;0;0;-1;-1;0;0.05000000819563866;0.030608179047703743;0.06105751916766167;96;4
N03;N03;Normal: Noite estável;Normal;Normal;0.050000007078051564;0.050000007078051564;R3_FALSE_KIN;-1;-1;0;0;-1;-1;0;0.05000000819563866;0.031113989651203156;0.09882882982492447;96;4
C10;C10;Critico progressivo: Grooming em rodovia com fadiga;Critico;Critico;0.4289733424782753;0.4289733424782753;R1_NORMAL;40;81;42;1;62;22;0;0.05000000819563866;0.20318174362182617;0.10741312056779861;96;4
C03;C03;Critico: Celular sem cinto sob chuva;Critico;Critico;0.3752959698438644;0.3752959698438644;R2_STABLE_RISK;26;41;16;0;28;2;0;0.05000000819563866;0.1861957162618637;0.11737898737192154;96;4
C07;C07;Critico progressivo: Sem cinto sob chuva;Critico;Critico;0.4244567975401878;0.4244567975401878;R1_NORMAL;37;75;39;1;58;21;0;0.05000000819563866;0.3799327313899994;0.14026209712028503;96;4
C09;C09;Critico progressivo: Bebida ao volante;Critico;Critico;0.42486809641122814;0.42486809641122814;R1_NORMAL;38;73;36;1;54;16;0;0.05000000819563866;0.25548338890075684;0.12997965514659882;96;4
C01;C01;Critico: Celular em alta velocidade;Critico;Critico;0.5329919815063476;0.5329919815063476;R3_FALSE_KIN;32;44;13;0;34;2;1;0.26601096987724304;0.15499578416347504;0.15905512869358063;96;4
C09;C09;Critico progressivo: Bebida ao volante;Critico;Critico;0.3807358548045159;0.3807358548045159;R2_STABLE_RISK;38;73;36;1;57;19;0;0.05000000819563866;0.2512413561344147;0.17676492035388947;96;4
N03;N03;Normal: Noite estável;Normal;Normal;0.050000007078051564;0.050000007078051564;R1_NORMAL;-1;-1;0;0;-1;-1;0;0.05000000819563866;0.027127375826239586;0.09192302078008652;96;4
C03;C03;Critico: Celular sem cinto sob chuva;Critico;Critico;0.3752959698438644;0.3752959698438644;R1_NORMAL;26;41;16;0;28;2;0;0.05000000819563866;0.18839985132217407;0.1473817676305771;96;4
C05;C05;Critico progressivo: Celular em rodovia;Critico;Critico;0.3819312885403633;0.3819312885403633;R2_STABLE_RISK;42;73;32;1;58;16;0;0.05000000819563866;0.31590914726257324;0.12820903956890106;96;4
N01;N01;Normal: Viagem tranquila em rodovia;Normal;Normal;0.050000007078051564;0.050000007078051564;R2_STABLE_RISK;-1;-1;0;0;-1;-1;0;0.05000000819563866;0.028263254091143608;0.11676909774541855;96;4
C02;C02;Critico: Fadiga com desvio cinematico;Critico;Critico;0.39378328174352645;0.39378328174352645;R1_NORMAL;29;50;22;0;32;3;0;0.05000000819563866;0.10048333555459976;0.11917746067047119;96;4
C02;C02;Critico: Fadiga com desvio cinematico;Critico;Critico;0.39378328174352645;0.39378328174352645;R1_NORMAL;29;50;22;0;32;3;0;0.05000000819563866;0.10257347673177719;0.13231666386127472;96;4
C08;C08;Critico progressivo: Distracao urbana multietapas;Critico;Critico;0.4382053017616272;0.4382053017616272;R1_NORMAL;28;77;50;1;53;25;0;0.05000000819563866;0.310592383146286;0.1641923189163208;96;4
N02;N02;Normal: Urbano moderado;Normal;Normal;0.050000007078051564;0.050000007078051564;R2_STABLE_RISK;-1;-1;0;0;-1;-1;0;0.05000000819563866;0.026050686836242676;0.07112684100866318;96;4
C09;C09;Critico progressivo: Bebida ao volante;Critico;Critico;0.477006733417511;0.477006733417511;R2_STABLE_RISK;38;73;36;1;60;22;1;0.31750544905662537;0.2507050931453705;0.15635626018047333;96;4
C08;C08;Critico progressivo: Distracao urbana multietapas;Critico;Critico;0.460269346833229;0.460269346833229;R3_FALSE_KIN;28;77;50;1;54;26;0;0.05000000819563866;0.3112661838531494;0.1761685609817505;96;4
C05;C05;Critico progressivo: Celular em rodovia;Critico;Critico;0.3877844452857971;0.3877844452857971;R1_NORMAL;42;73;32;1;59;17;0;0.05000000819563866;0.30895963311195374;0.12868644297122955;96;4
C10;C10;Critico progressivo: Grooming em rodovia com fadiga;Critico;Critico;0.402841967344284;0.402841967344284;R3_FALSE_KIN;40;81;42;1;61;21;0;0.05000000819563866;0.19900061190128326;0.0982312560081482;96;4
N01;N01;Normal: Viagem tranquila em rodovia;Normal;Normal;0.050000007078051564;0.050000007078051564;R1_NORMAL;-1;-1;0;0;-1;-1;0;0.05000000819563866;0.032050859183073044;0.1235494390130043;96;4
C10;C10;Critico progressivo: Grooming em rodovia com fadiga;Critico;Critico;0.418653404712677;0.418653404712677;R1_NORMAL;40;81;42;1;63;23;0;0.05000000819563866;0.19433026015758514;0.12311727553606033;96;4
C08;C08;Critico progressivo: Distracao urbana multietapas;Critico;Critico;0.5085922867059707;0.5085922867059707;R3_FALSE_KIN;28;77;50;1;50;22;1;0.3186270296573639;0.32425299286842346;0.1568860411643982;96;4
C07;C07;Critico progressivo: Sem cinto sob chuva;Critico;Critico;0.4062721088528633;0.4062721088528633;R3_FALSE_KIN;37;75;39;1;58;21;0;0.05000000819563866;0.3748347759246826;0.12821073830127716;96;4
N03;N03;Normal: Noite estável;Normal;Normal;0.050000007078051564;0.050000007078051564;R1_NORMAL;-1;-1;0;0;-1;-1;0;0.05000000819563866;0.028614677488803864;0.13804440200328827;96;4
N02;N02;Normal: Urbano moderado;Normal;Normal;0.050000007078051564;0.050000007078051564;R1_NORMAL;-1;-1;0;0;-1;-1;0;0.05000000819563866;0.03440287709236145;0.09492387622594833;96;4
C07;C07;Critico progressivo: Sem cinto sob chuva;Critico;Critico;0.41508428007364273;0.41508428007364273;R1_NORMAL;37;75;39;1;61;24;0;0.05000000819563866;0.37949028611183167;0.17712466418743134;96;4
N01;N01;Normal: Viagem tranquila em rodovia;Normal;Normal;0.050000007078051564;0.050000007078051564;R1_NORMAL;-1;-1;0;0;-1;-1;0;0.05000000819563866;0.029430514201521873;0.09129953384399414;96;4
C05;C05;Critico progressivo: Celular em rodovia;Critico;Critico;0.46243258416652677;0.46243258416652677;R2_STABLE_RISK;42;73;32;1;59;17;1;0.2309296578168869;0.3232147991657257;0.1756659746170044;96;4
N01;N01;Normal: Viagem tranquila em rodovia;Normal;Normal;0.050000007078051564;0.050000007078051564;R2_STABLE_RISK;-1;-1;0;0;-1;-1;0;0.05000000819563866;0.027456626296043396;0.12986983358860016;96;4
C09;C09;Critico progressivo: Bebida ao volante;Critico;Critico;0.4828444838523865;0.4828444838523865;R2_STABLE_RISK;38;73;36;1;57;19;1;0.31124094128608704;0.2471942901611328;0.13972897827625275;96;4
N01;N01;Normal: Viagem tranquila em rodovia;Normal;Normal;0.050000007078051564;0.050000007078051564;R1_NORMAL;-1;-1;0;0;-1;-1;0;0.05000000819563866;0.036622121930122375;0.12496694922447205;96;4
C02;C02;Critico: Fadiga com desvio cinematico;Critico;Critico;0.6042658895254134;0.6042658895254134;R2_STABLE_RISK;29;50;22;0;32;3;1;0.2761665880680084;0.10476893186569214;0.14900080859661102;96;4
C01;C01;Critico: Celular em alta velocidade;Critico;Critico;0.5241785138845443;0.5241785138845443;R1_NORMAL;32;44;13;0;34;2;1;0.2514432966709137;0.15506099164485931;0.14830811321735382;96;4
C10;C10;Critico progressivo: Grooming em rodovia com fadiga;Critico;Critico;0.41062053591012954;0.41062053591012954;R1_NORMAL;40;81;42;1;63;23;0;0.05000000819563866;0.19720341265201569;0.10284978151321411;96;4
N03;N03;Normal: Noite estável;Normal;Normal;0.050000007078051564;0.050000007078051564;R1_NORMAL;-1;-1;0;0;-1;-1;0;0.05000000819563866;0.032007988542318344;0.09332097321748734;96;4
C08;C08;Critico progressivo: Distracao urbana multietapas;Critico;Critico;0.43821635842323303;0.43821635842323303;R1_NORMAL;28;77;50;1;55;27;0;0.05000000819563866;0.31957128643989563;0.13155250251293182;96;4
C05;C05;Critico progressivo: Celular em rodovia;Critico;Critico;0.4571630477905273;0.4571630477905273;R1_NORMAL;42;73;32;1;60;18;1;0.24905698001384735;0.31178924441337585;0.15944373607635498;96;4
N03;N03;Normal: Noite estável;Normal;Normal;0.050000007078051564;0.050000007078051564;R1_NORMAL;-1;-1;0;0;-1;-1;0;0.05000000819563866;0.03136071190237999;0.09066272526979446;96;4
C05;C05;Critico progressivo: Celular em rodovia;Critico;Critico;0.4933157354593277;0.4933157354593277;R1_NORMAL;42;73;32;1;58;16;1;0.2890600562095642;0.3170192539691925;0.1575450748205185;96;4
C03;C03;Critico: Celular sem cinto sob chuva;Critico;Critico;0.6171751111745833;0.6171751111745833;R1_NORMAL;26;41;16;0;28;2;1;0.2403334528207779;0.19056443870067596;0.16704463958740234;96;4
C09;C09;Critico progressivo: Bebida ao volante;Critico;Critico;0.4564895063638687;0.4564895063638687;R1_NORMAL;38;73;36;1;59;21;1;0.25842681527137756;0.24331898987293243;0.15665149688720703;96;4
C09;C09;Critico progressivo: Bebida ao volante;Critico;Critico;0.3696372404694557;0.3696372404694557;R1_NORMAL;38;73;36;1;60;22;0;0.05000000819563866;0.25064975023269653;0.13046236336231232;96;4
C10;C10;Critico progressivo: Grooming em rodovia com fadiga;Critico;Critico;0.43134236782789226;0.43134236782789226;R1_NORMAL;40;81;42;1;60;20;0;0.05000000819563866;0.20642852783203125;0.10089067369699478;96;4
N01;N01;Normal: Viagem tranquila em rodovia;Normal;Normal;0.050000007078051564;0.050000007078051564;R2_STABLE_RISK;-1;-1;0;0;-1;-1;0;0.05000000819563866;0.03678031638264656;0.09632454067468643;96;4
C08;C08;Critico progressivo: Distracao urbana multietapas;Critico;Critico;0.4405061930418014;0.4405061930418014;R2_STABLE_RISK;28;77;50;1;56;28;0;0.05000000819563866;0.31902876496315;0.1711478978395462;96;4
C09;C09;Critico progressivo: Bebida ao volante;Critico;Critico;0.40543875247240063;0.40543875247240063;R1_NORMAL;38;73;36;1;60;22;0;0.05000000819563866;0.2530325651168823;0.12537983059883118;96;4
C04;C04;Critico: Multiplas distracoes urbanas;Critico;Critico;0.3713889718055725;0.3713889718055725;R2_STABLE_RISK;22;45;24;0;24;2;0;0.05000000819563866;0.20231108367443085;0.09194263070821762;96;4
C04;C04;Critico: Multiplas distracoes urbanas;Critico;Critico;0.5676904767751694;0.5676904767751694;R1_NORMAL;22;45;24;0;24;2;1;0.23568743467330933;0.1996166706085205;0.17468512058258057;96;4
C01;C01;Critico: Celular em alta velocidade;Critico;Critico;0.29102678298950196;0.29102678298950196;R2_STABLE_RISK;32;44;13;0;34;2;0;0.05000000819563866;0.15073585510253906;0.11495370417833328;96;4
C01;C01;Critico: Celular em alta velocidade;Critico;Critico;0.29102678298950196;0.29102678298950196;R1_NORMAL;32;44;13;0;34;2;0;0.05000000819563866;0.15662281215190887;0.1630750447511673;96;4
C08;C08;Critico progressivo: Distracao urbana multietapas;Critico;Critico;0.4554125964641571;0.4554125964641571;R3_FALSE_KIN;28;77;50;1;50;22;0;0.05000000819563866;0.3202098309993744;0.13824810087680817;96;4
C09;C09;Critico progressivo: Bebida ao volante;Critico;Critico;0.41260408759117123;0.41260408759117123;R1_NORMAL;38;73;36;1;61;23;0;0.05000000819563866;0.25420424342155457;0.12114127725362778;96;4
C10;C10;Critico progressivo: Grooming em rodovia com fadiga;Critico;Critico;0.4105371758341789;0.4105371758341789;R1_NORMAL;40;81;42;1;63;23;0;0.05000000819563866;0.20204150676727295;0.11414257436990738;96;4
N02;N02;Normal: Urbano moderado;Normal;Normal;0.050000007078051564;0.050000007078051564;R2_STABLE_RISK;-1;-1;0;0;-1;-1;0;0.05000000819563866;0.038652244955301285;0.10669195652008057;96;4
C07;C07;Critico progressivo: Sem cinto sob chuva;Critico;Critico;0.40541002303361895;0.40541002303361895;R1_NORMAL;37;75;39;1;58;21;0;0.05000000819563866;0.3802417814731598;0.13708387315273285;96;4
C03;C03;Critico: Celular sem cinto sob chuva;Critico;Critico;0.3752959698438644;0.3752959698438644;R1_NORMAL;26;41;16;0;28;2;0;0.05000000819563866;0.18172617256641388;0.12524189054965973;96;4
C01;C01;Critico: Celular em alta velocidade;Critico;Critico;0.29102678298950196;0.29102678298950196;R1_NORMAL;32;44;13;0;34;2;0;0.05000000819563866;0.15568798780441284;0.1447191834449768;96;4
C01;C01;Critico: Celular em alta velocidade;Critico;Critico;0.5356420665979384;0.5356420665979384;R1_NORMAL;32;44;13;0;34;2;1;0.2637092173099518;0.15459494292736053;0.21295122802257538;96;4
C01;C01;Critico: Celular em alta velocidade;Critico;Critico;0.29102678298950196;0.29102678298950196;R1_NORMAL;32;44;13;0;34;2;0;0.05000000819563866;0.15041343867778778;0.11918807774782181;96;4
C05;C05;Critico progressivo: Celular em rodovia;Critico;Critico;0.47428539693355554;0.47428539693355554;R3_FALSE_KIN;42;73;32;1;57;15;1;0.2814041078090668;0.32577624917030334;0.1700313836336136;96;4
C09;C09;Critico progressivo: Bebida ao volante;Critico;Critico;0.41310535222291944;0.41310535222291944;R2_STABLE_RISK;38;73;36;1;59;21;0;0.05000000819563866;0.24936215579509735;0.16058507561683655;96;4
N03;N03;Normal: Noite estável;Normal;Normal;0.050000007078051564;0.050000007078051564;R2_STABLE_RISK;-1;-1;0;0;-1;-1;0;0.05000000819563866;0.02947363443672657;0.10110092163085938;96;4
C08;C08;Critico progressivo: Distracao urbana multietapas;Critico;Critico;0.45236923098564147;0.45236923098564147;R2_STABLE_RISK;28;77;50;1;53;25;0;0.05000000819563866;0.3222897946834564;0.1849067360162735;96;4
C08;C08;Critico progressivo: Distracao urbana multietapas;Critico;Critico;0.43694373220205307;0.43694373220205307;R2_STABLE_RISK;28;77;50;1;56;28;0;0.05000000819563866;0.3148637115955353;0.1389922946691513;96;4
N03;N03;Normal: Noite estável;Normal;Normal;0.050000007078051564;0.050000007078051564;R1_NORMAL;-1;-1;0;0;-1;-1;0;0.05000000819563866;0.028894690796732903;0.08440294861793518;96;4
C07;C07;Critico progressivo: Sem cinto sob chuva;Critico;Critico;0.47290865480899813;0.47290865480899813;R2_STABLE_RISK;37;75;39;1;58;21;1;0.2773931920528412;0.3795042932033539;0.1229710504412651;96;4
N03;N03;Normal: Noite estável;Normal;Normal;0.050000007078051564;0.050000007078051564;R1_NORMAL;-1;-1;0;0;-1;-1;0;0.05000000819563866;0.03265029937028885;0.06747918576002121;96;4
C03;C03;Critico: Celular sem cinto sob chuva;Critico;Critico;0.3752959698438644;0.3752959698438644;R1_NORMAL;26;41;16;0;28;2;0;0.05000000819563866;0.18185824155807495;0.12039376050233841;96;4
C07;C07;Critico progressivo: Sem cinto sob chuva;Critico;Critico;0.46648537218570707;0.46648537218570707;R1_NORMAL;37;75;39;1;59;22;1;0.2506243586540222;0.3792257606983185;0.13279496133327484;96;4
C01;C01;Critico: Celular em alta velocidade;Critico;Critico;0.29102678298950196;0.29102678298950196;R1_NORMAL;32;44;13;0;34;2;0;0.05000000819563866;0.15512095391750336;0.10522621870040894;96;4
C08;C08;Critico progressivo: Distracao urbana multietapas;Critico;Critico;0.4672693431377411;0.4672693431377411;R2_STABLE_RISK;28;77;50;1;53;25;0;0.05000000819563866;0.31960737705230713;0.1887369006872177;96;4
C09;C09;Critico progressivo: Bebida ao volante;Critico;Critico;0.4738870292901992;0.4738870292901992;R3_FALSE_KIN;38;73;36;1;60;22;1;0.2975698709487915;0.24731145799160004;0.12545020878314972;96;4
C04;C04;Critico: Multiplas distracoes urbanas;Critico;Critico;0.3713889718055725;0.3713889718055725;R2_STABLE_RISK;22;45;24;0;24;2;0;0.05000000819563866;0.20157170295715332;0.1682087928056717;96;4
C08;C08;Critico progressivo: Distracao urbana multietapas;Critico;Critico;0.5202476948499679;0.5202476948499679;R1_NORMAL;28;77;50;1;51;23;1;0.32112160325050354;0.3207800090312958;0.13771574199199677;96;4
C05;C05;Critico progressivo: Celular em rodovia;Critico;Critico;0.36833212822675704;0.36833212822675704;R3_FALSE_KIN;42;73;32;1;58;16;0;0.05000000819563866;0.31217294931411743;0.11603539437055588;96;4
C05;C05;Critico progressivo: Celular em rodovia;Critico;Critico;0.39649713486433025;0.39649713486433025;R1_NORMAL;42;73;32;1;61;19;0;0.05000000819563866;0.31564661860466003;0.1436106115579605;96;4
C04;C04;Critico: Multiplas distracoes urbanas;Critico;Critico;0.3713889718055725;0.3713889718055725;R1_NORMAL;22;45;24;0;24;2;0;0.05000000819563866;0.19782759249210358;0.17830558121204376;96;4
C04;C04;Critico: Multiplas distracoes urbanas;Critico;Critico;0.5635808378458023;0.5635808378458023;R1_NORMAL;22;45;24;0;24;2;1;0.23294901847839355;0.1999349594116211;0.21150410175323486;96;4
N01;N01;Normal: Viagem tranquila em rodovia;Normal;Normal;0.050000007078051564;0.050000007078051564;R1_NORMAL;-1;-1;0;0;-1;-1;0;0.05000000819563866;0.028095290064811707;0.09113725274801254;96;4
C03;C03;Critico: Celular sem cinto sob chuva;Critico;Critico;0.6104322075843811;0.6104322075843811;R3_FALSE_KIN;26;41;16;0;28;2;1;0.2358863204717636;0.18874450027942657;0.18272186815738678;96;4
C07;C07;Critico progressivo: Sem cinto sob chuva;Critico;Critico;0.4030071124434471;0.4030071124434471;R1_NORMAL;37;75;39;1;59;22;0;0.05000000819563866;0.3773794174194336;0.16389064490795135;96;4
C04;C04;Critico: Multiplas distracoes urbanas;Critico;Critico;0.3713889718055725;0.3713889718055725;R1_NORMAL;22;45;24;0;24;2;0;0.05000000819563866;0.19308720529079437;0.10683751106262207;96;4
N03;N03;Normal: Noite estável;Normal;Normal;0.050000007078051564;0.050000007078051564;R3_FALSE_KIN;-1;-1;0;0;-1;-1;0;0.05000000819563866;0.03282885625958443;0.08119521290063858;96;4
C02;C02;Critico: Fadiga com desvio cinematico;Critico;Critico;0.6054626882076263;0.6054626882076263;R3_FALSE_KIN;29;50;22;0;32;3;1;0.2675296366214752;0.09707734733819962;0.1355995386838913;96;4
C02;C02;Critico: Fadiga com desvio cinematico;Critico;Critico;0.39378328174352645;0.39378328174352645;R1_NORMAL;29;50;22;0;32;3;0;0.05000000819563866;0.09763386100530624;0.08941540867090225;96;4
C04;C04;Critico: Multiplas distracoes urbanas;Critico;Critico;0.5675950795412064;0.5675950795412064;R3_FALSE_KIN;22;45;24;0;24;2;1;0.2366321086883545;0.2016693353652954;0.18099653720855713;96;4
C08;C08;Critico progressivo: Distracao urbana multietapas;Critico;Critico;0.4345476314425468;0.4345476314425468;R1_NORMAL;28;77;50;1;54;26;0;0.05000000819563866;0.3213946521282196;0.16468726098537445;96;4
C04;C04;Critico: Multiplas distracoes urbanas;Critico;Critico;0.3713889718055725;0.3713889718055725;R1_NORMAL;22;45;24;0;24;2;0;0.05000000819563866;0.2036065310239792;0.11556535214185715;96;4
C02;C02;Critico: Fadiga com desvio cinematico;Critico;Critico;0.39378328174352645;0.39378328174352645;R1_NORMAL;29;50;22;0;32;3;0;0.05000000819563866;0.10002736002206802;0.10291338711977005;96;4
C03;C03;Critico: Celular sem cinto sob chuva;Critico;Critico;0.3752959698438644;0.3752959698438644;R2_STABLE_RISK;26;41;16;0;28;2;0;0.05000000819563866;0.1913074254989624;0.13487842679023743;96;4
C03;C03;Critico: Celular sem cinto sob chuva;Critico;Critico;0.6226751863956451;0.6226751863956451;R2_STABLE_RISK;26;41;16;0;28;2;1;0.25678905844688416;0.18452517688274384;0.1917525976896286;96;4
C06;C06;Critico progressivo: Fadiga noturna;Critico;Critico;0.4532162934541702;0.4532162934541702;R1_NORMAL;36;81;46;1;61;25;1;0.32788100838661194;0.16045783460140228;0.12683703005313873;96;4
C10;C10;Critico progressivo: Grooming em rodovia com fadiga;Critico;Critico;0.41028079986572263;0.41028079986572263;R1_NORMAL;40;81;42;1;61;21;0;0.05000000819563866;0.19032450020313263;0.1648436039686203;96;4
C02;C02;Critico: Fadiga com desvio cinematico;Critico;Critico;0.39378328174352645;0.39378328174352645;R3_FALSE_KIN;29;50;22;0;32;3;0;0.05000000819563866;0.09377435594797134;0.0929727554321289;96;4
C07;C07;Critico progressivo: Sem cinto sob chuva;Critico;Critico;0.3955530449748039;0.3955530449748039;R2_STABLE_RISK;37;75;39;1;58;21;0;0.05000000819563866;0.37456586956977844;0.1414371281862259;96;4
C03;C03;Critico: Celular sem cinto sob chuva;Critico;Critico;0.3752959698438644;0.3752959698438644;R2_STABLE_RISK;26;41;16;0;28;2;0;0.05000000819563866;0.18890702724456787;0.10423640161752701;96;4
C04;C04;Critico: Multiplas distracoes urbanas;Critico;Critico;0.3713889718055725;0.3713889718055725;R1_NORMAL;22;45;24;0;24;2;0;0.05000000819563866;0.19819198548793793;0.11190962791442871;96;4
C03;C03;Critico: Celular sem cinto sob chuva;Critico;Critico;0.3752959698438644;0.3752959698438644;R2_STABLE_RISK;26;41;16;0;28;2;0;0.05000000819563866;0.19068467617034912;0.11379829794168472;96;4
C01;C01;Critico: Celular em alta velocidade;Critico;Critico;0.5201394945383071;0.5201394945383071;R3_FALSE_KIN;32;44;13;0;34;2;1;0.23269492387771606;0.15669755637645721;0.22071363031864166;96;4
C09;C09;Critico progressivo: Bebida ao volante;Critico;Critico;0.4354848936200142;0.4354848936200142;R1_NORMAL;38;73;36;1;54;16;0;0.05000000819563866;0.24796657264232635;0.1357179433107376;96;4
C07;C07;Critico progressivo: Sem cinto sob chuva;Critico;Critico;0.4382270395755768;0.4382270395755768;R2_STABLE_RISK;37;75;39;1;53;16;0;0.05000000819563866;0.3886025846004486;0.12744255363941193;96;4
C08;C08;Critico progressivo: Distracao urbana multietapas;Critico;Critico;0.4614322632551193;0.4614322632551193;R1_NORMAL;28;77;50;1;55;27;0;0.05000000819563866;0.31745198369026184;0.11795512586832047;96;4
C03;C03;Critico: Celular sem cinto sob chuva;Critico;Critico;0.3752959698438644;0.3752959698438644;R1_NORMAL;26;41;16;0;28;2;0;0.05000000819563866;0.18526296317577362;0.16411085426807404;96;4
C02;C02;Critico: Fadiga com desvio cinematico;Critico;Critico;0.39378328174352645;0.39378328174352645;R3_FALSE_KIN;29;50;22;0;32;3;0;0.05000000819563866;0.10133037716150284;0.0705178827047348;96;4
C08;C08;Critico progressivo: Distracao urbana multietapas;Critico;Critico;0.4406238883733749;0.4406238883733749;R2_STABLE_RISK;28;77;50;1;50;22;0;0.05000000819563866;0.3112346827983856;0.1751735657453537;96;4
C05;C05;Critico progressivo: Celular em rodovia;Critico;Critico;0.3871443152427673;0.3871443152427673;R2_STABLE_RISK;42;73;32;1;59;17;0;0.05000000819563866;0.3173385262489319;0.17120182514190674;96;4
C02;C02;Critico: Fadiga com desvio cinematico;Critico;Critico;0.39378328174352645;0.39378328174352645;R2_STABLE_RISK;29;50;22;0;32;3;0;0.05000000819563866;0.09378603100776672;0.1253938525915146;96;4
C06;C06;Critico progressivo: Fadiga noturna;Critico;Critico;0.409388929605484;0.409388929605484;R1_NORMAL;36;81;46;1;60;24;0;0.05000000819563866;0.15032154321670532;0.10921957343816757;96;4
C10;C10;Critico progressivo: Grooming em rodovia com fadiga;Critico;Critico;0.422068589925766;0.422068589925766;R3_FALSE_KIN;40;81;42;1;59;19;0;0.05000000819563866;0.19470398128032684;0.10501883178949356;96;4
C01;C01;Critico: Celular em alta velocidade;Critico;Critico;0.29102678298950196;0.29102678298950196;R2_STABLE_RISK;32;44;13;0;34;2;0;0.05000000819563866;0.15020155906677246;0.12063080072402954;96;4
C06;C06;Critico progressivo: Fadiga noturna;Critico;Critico;0.4172876641154289;0.4172876641154289;R3_FALSE_KIN;36;81;46;1;62;26;0;0.05000000819563866;0.15253666043281555;0.13982953131198883;96;4
C02;C02;Critico: Fadiga com desvio cinematico;Critico;Critico;0.606919240951538;0.606919240951538;R3_FALSE_KIN;29;50;22;0;32;3;1;0.275042325258255;0.10074002295732498;0.16928695142269135;96;4
C09;C09;Critico progressivo: Bebida ao volante;Critico;Critico;0.38082613945007326;0.38082613945007326;R2_STABLE_RISK;38;73;36;1;56;18;0;0.05000000819563866;0.2504245340824127;0.17098049819469452;96;4
C01;C01;Critico: Celular em alta velocidade;Critico;Critico;0.29102678298950196;0.29102678298950196;R2_STABLE_RISK;32;44;13;0;34;2;0;0.05000000819563866;0.15509198606014252;0.12766124308109283;96;4
N03;N03;Normal: Noite estável;Normal;Normal;0.050000007078051564;0.050000007078051564;R1_NORMAL;-1;-1;0;0;-1;-1;0;0.05000000819563866;0.02461395226418972;0.0896066427230835;96;4
N03;N03;Normal: Noite estável;Normal;Normal;0.050000007078051564;0.050000007078051564;R1_NORMAL;-1;-1;0;0;-1;-1;0;0.05000000819563866;0.03129476308822632;0.08477287739515305;96;4
C05;C05;Critico progressivo: Celular em rodovia;Critico;Critico;0.3880883693695068;0.3880883693695068;R1_NORMAL;42;73;32;1;61;19;0;0.05000000819563866;0.3171229958534241;0.16699214279651642;96;4
C10;C10;Critico progressivo: Grooming em rodovia com fadiga;Critico;Critico;0.44290096461772915;0.44290096461772915;R1_NORMAL;40;81;42;1;62;22;1;0.34070396423339844;0.20772457122802734;0.15350715816020966;96;4
C05;C05;Critico progressivo: Celular em rodovia;Critico;Critico;0.47513317763805385;0.47513317763805385;R1_NORMAL;42;73;32;1;59;17;1;0.2671855390071869;0.31343135237693787;0.14257213473320007;96;4
N01;N01;Normal: Viagem tranquila em rodovia;Normal;Normal;0.050000007078051564;0.050000007078051564;R2_STABLE_RISK;-1;-1;0;0;-1;-1;0;0.05000000819563866;0.030870571732521057;0.09719958156347275;96;4
C05;C05;Critico progressivo: Celular em rodovia;Critico;Critico;0.3888610303401947;0.3888610303401947;R1_NORMAL;42;73;32;1;59;17;0;0.05000000819563866;0.31731122732162476;0.13358545303344727;96;4
C04;C04;Critico: Multiplas distracoes urbanas;Critico;Critico;0.3713889718055725;0.3713889718055725;R1_NORMAL;22;45;24;0;24;2;0;0.05000000819563866;0.19698290526866913;0.14658571779727936;96;4
C01;C01;Critico: Celular em alta velocidade;Critico;Critico;0.29102678298950196;0.29102678298950196;R1_NORMAL;32;44;13;0;34;2;0;0.05000000819563866;0.15037111937999725;0.11186494678258896;96;4
C06;C06;Critico progressivo: Fadiga noturna;Critico;Critico;0.40758835226297374;0.40758835226297374;R2_STABLE_RISK;36;81;46;1;59;23;0;0.05000000819563866;0.15627732872962952;0.10696238279342651;96;4
C06;C06;Critico progressivo: Fadiga noturna;Critico;Critico;0.41636327058076855;0.41636327058076855;R2_STABLE_RISK;36;81;46;1;61;25;0;0.05000000819563866;0.15953436493873596;0.11712765693664551;96;4
C09;C09;Critico progressivo: Bebida ao volante;Critico;Critico;0.38148007839918135;0.38148007839918135;R2_STABLE_RISK;38;73;36;1;55;17;0;0.05000000819563866;0.25037887692451477;0.13603128492832184;96;4
N03;N03;Normal: Noite estável;Normal;Normal;0.050000007078051564;0.050000007078051564;R2_STABLE_RISK;-1;-1;0;0;-1;-1;0;0.05000000819563866;0.029183590784668922;0.08958989381790161;96;4
C05;C05;Critico progressivo: Celular em rodovia;Critico;Critico;0.37618849128484727;0.37618849128484727;R1_NORMAL;42;73;32;1;60;18;0;0.05000000819563866;0.32224228978157043;0.11700204759836197;96;4
N01;N01;Normal: Viagem tranquila em rodovia;Normal;Normal;0.050000007078051564;0.050000007078051564;R2_STABLE_RISK;-1;-1;0;0;-1;-1;0;0.05000000819563866;0.026553040370345116;0.10649796575307846;96;4
C09;C09;Critico progressivo: Bebida ao volante;Critico;Critico;0.37680672258138653;0.37680672258138653;R2_STABLE_RISK;38;73;36;1;60;22;0;0.05000000819563866;0.2500404417514801;0.11507454514503479;96;4
C05;C05;Critico progressivo: Celular em rodovia;Critico;Critico;0.3896748587489128;0.3896748587489128;R3_FALSE_KIN;42;73;32;1;60;18;0;0.05000000819563866;0.31389138102531433;0.12023645639419556;96;4
C02;C02;Critico: Fadiga com desvio cinematico;Critico;Critico;0.39378328174352645;0.39378328174352645;R1_NORMAL;29;50;22;0;32;3;0;0.05000000819563866;0.09644860029220581;0.13080884516239166;96;4
C06;C06;Critico progressivo: Fadiga noturna;Critico;Critico;0.4492972090840339;0.4492972090840339;R1_NORMAL;36;81;46;1;58;22;0;0.05000000819563866;0.16429196298122406;0.13497567176818848;96;4
C03;C03;Critico: Celular sem cinto sob chuva;Critico;Critico;0.3752959698438644;0.3752959698438644;R1_NORMAL;26;41;16;0;28;2;0;0.05000000819563866;0.1906343251466751;0.11956819146871567;96;4
C10;C10;Critico progressivo: Grooming em rodovia com fadiga;Critico;Critico;0.43195549249649046;0.43195549249649046;R2_STABLE_RISK;40;81;42;1;62;22;0;0.05000000819563866;0.2089623212814331;0.11553474515676498;96;4
C09;C09;Critico progressivo: Bebida ao volante;Critico;Critico;0.39434526711702345;0.39434526711702345;R3_FALSE_KIN;38;73;36;1;57;19;0;0.05000000819563866;0.2556889057159424;0.11900827288627625;96;4
C05;C05;Critico progressivo: Celular em rodovia;Critico;Critico;0.36633940786123276;0.36633940786123276;R1_NORMAL;42;73;32;1;58;16;0;0.05000000819563866;0.3132930099964142;0.11657426506280899;96;4
C10;C10;Critico progressivo: Grooming em rodovia com fadiga;Critico;Critico;0.440432558953762;0.440432558953762;R3_FALSE_KIN;40;81;42;1;60;20;0;0.05000000819563866;0.1947338581085205;0.1265484243631363;96;4
N03;N03;Normal: Noite estável;Normal;Normal;0.050000007078051564;0.050000007078051564;R2_STABLE_RISK;-1;-1;0;0;-1;-1;0;0.05000000819563866;0.03942849114537239;0.08930779248476028;96;4
N03;N03;Normal: Noite estável;Normal;Normal;0.050000007078051564;0.050000007078051564;R2_STABLE_RISK;-1;-1;0;0;-1;-1;0;0.05000000819563866;0.03732118010520935;0.07133819907903671;96;4
C03;C03;Critico: Celular sem cinto sob chuva;Critico;Critico;0.3752959698438644;0.3752959698438644;R1_NORMAL;26;41;16;0;28;2;0;0.05000000819563866;0.18473994731903076;0.11947082728147507;96;4
N03;N03;Normal: Noite estável;Normal;Normal;0.050000007078051564;0.050000007078051564;R1_NORMAL;-1;-1;0;0;-1;-1;0;0.05000000819563866;0.030423669144511223;0.12010994553565979;96;4
N02;N02;Normal: Urbano moderado;Normal;Normal;0.050000007078051564;0.050000007078051564;R2_STABLE_RISK;-1;-1;0;0;-1;-1;0;0.05000000819563866;0.03254237398505211;0.07233070582151413;96;4
C02;C02;Critico: Fadiga com desvio cinematico;Critico;Critico;0.39378328174352645;0.39378328174352645;R3_FALSE_KIN;29;50;22;0;32;3;0;0.05000000819563866;0.09896678477525711;0.1142953410744667;96;4
C01;C01;Critico: Celular em alta velocidade;Critico;Critico;0.29102678298950196;0.29102678298950196;R2_STABLE_RISK;32;44;13;0;34;2;0;0.05000000819563866;0.1564067155122757;0.14848166704177856;96;4
C04;C04;Critico: Multiplas distracoes urbanas;Critico;Critico;0.3713889718055725;0.3713889718055725;R2_STABLE_RISK;22;45;24;0;24;2;0;0.05000000819563866;0.21107268333435059;0.08913307636976242;96;4
N03;N03;Normal: Noite estável;Normal;Normal;0.050000007078051564;0.050000007078051564;R2_STABLE_RISK;-1;-1;0;0;-1;-1;0;0.05000000819563866;0.03488496318459511;0.09990501403808594;96;4
N01;N01;Normal: Viagem tranquila em rodovia;Normal;Normal;0.050000007078051564;0.050000007078051564;R3_FALSE_KIN;-1;-1;0;0;-1;-1;0;0.05000000819563866;0.031288549304008484;0.09650319069623947;96;4
C06;C06;Critico progressivo: Fadiga noturna;Critico;Critico;0.46596903502941134;0.46596903502941134;R1_NORMAL;36;81;46;1;59;23;1;0.3125072717666626;0.15617845952510834;0.0991395115852356;96;4
C01;C01;Critico: Celular em alta velocidade;Critico;Critico;0.29102678298950196;0.29102678298950196;R2_STABLE_RISK;32;44;13;0;34;2;0;0.05000000819563866;0.15441197156906128;0.10601025819778442;96;4
C05;C05;Critico progressivo: Celular em rodovia;Critico;Critico;0.40188866406679147;0.40188866406679147;R3_FALSE_KIN;42;73;32;1;57;15;0;0.05000000819563866;0.32604071497917175;0.1316024214029312;96;4
C03;C03;Critico: Celular sem cinto sob chuva;Critico;Critico;0.3752959698438644;0.3752959698438644;R3_FALSE_KIN;26;41;16;0;28;2;0;0.05000000819563866;0.1868523806333542;0.12116726487874985;96;4
C02;C02;Critico: Fadiga com desvio cinematico;Critico;Critico;0.39378328174352645;0.39378328174352645;R3_FALSE_KIN;29;50;22;0;32;3;0;0.05000000819563866;0.09436291456222534;0.14254344999790192;96;4
C07;C07;Critico progressivo: Sem cinto sob chuva;Critico;Critico;0.4066413834691048;0.4066413834691048;R1_NORMAL;37;75;39;1;54;17;0;0.05000000819563866;0.3850562572479248;0.15053702890872955;96;4
C06;C06;Critico progressivo: Fadiga noturna;Critico;Critico;0.415419028699398;0.415419028699398;R1_NORMAL;36;81;46;1;60;24;0;0.05000000819563866;0.16022062301635742;0.13319994509220123;96;4
N03;N03;Normal: Noite estável;Normal;Normal;0.050000007078051564;0.050000007078051564;R2_STABLE_RISK;-1;-1;0;0;-1;-1;0;0.05000000819563866;0.0363742932677269;0.08966764062643051;96;4
N01;N01;Normal: Viagem tranquila em rodovia;Normal;Normal;0.050000007078051564;0.050000007078051564;R2_STABLE_RISK;-1;-1;0;0;-1;-1;0;0.05000000819563866;0.0298266913741827;0.10768953710794449;96;4
C07;C07;Critico progressivo: Sem cinto sob chuva;Critico;Critico;0.41827395111322396;0.41827395111322396;R1_NORMAL;37;75;39;1;59;22;0;0.05000000819563866;0.3748116195201874;0.14503149688243866;96;4
C07;C07;Critico progressivo: Sem cinto sob chuva;Critico;Critico;0.5018102705478669;0.5018102705478669;R1_NORMAL;37;75;39;1;56;19;1;0.26613715291023254;0.3764759600162506;0.15406160056591034;96;4
C03;C03;Critico: Celular sem cinto sob chuva;Critico;Critico;0.3752959698438644;0.3752959698438644;R3_FALSE_KIN;26;41;16;0;28;2;0;0.05000000819563866;0.18734653294086456;0.11752913147211075;96;4
C07;C07;Critico progressivo: Sem cinto sob chuva;Critico;Critico;0.48120511472225186;0.48120511472225186;R3_FALSE_KIN;37;75;39;1;57;20;1;0.30230048298835754;0.3855379521846771;0.14677578210830688;96;4
C08;C08;Critico progressivo: Distracao urbana multietapas;Critico;Critico;0.4583538919687271;0.4583538919687271;R1_NORMAL;28;77;50;1;53;25;0;0.05000000819563866;0.3118967115879059;0.13941091299057007;96;4
C10;C10;Critico progressivo: Grooming em rodovia com fadiga;Critico;Critico;0.4110355719923973;0.4110355719923973;R3_FALSE_KIN;40;81;42;1;59;19;0;0.05000000819563866;0.21021412312984467;0.13433295488357544;96;4
N01;N01;Normal: Viagem tranquila em rodovia;Normal;Normal;0.050000007078051564;0.050000007078051564;R1_NORMAL;-1;-1;0;0;-1;-1;0;0.05000000819563866;0.037621576339006424;0.0897204801440239;96;4
N01;N01;Normal: Viagem tranquila em rodovia;Normal;Normal;0.050000007078051564;0.050000007078051564;R3_FALSE_KIN;-1;-1;0;0;-1;-1;0;0.05000000819563866;0.03249203786253929;0.16353438794612885;96;4
C01;C01;Critico: Celular em alta velocidade;Critico;Critico;0.29102678298950196;0.29102678298950196;R1_NORMAL;32;44;13;0;34;2;0;0.05000000819563866;0.15699630975723267;0.16064171493053436;96;4
C10;C10;Critico progressivo: Grooming em rodovia com fadiga;Critico;Critico;0.4012248590588569;0.4012248590588569;R3_FALSE_KIN;40;81;42;1;62;22;0;0.05000000819563866;0.20131462812423706;0.11080596596002579;96;4
C04;C04;Critico: Multiplas distracoes urbanas;Critico;Critico;0.3713889718055725;0.3713889718055725;R2_STABLE_RISK;22;45;24;0;24;2;0;0.05000000819563866;0.19642801582813263;0.18532811105251312;96;4
C03;C03;Critico: Celular sem cinto sob chuva;Critico;Critico;0.3752959698438644;0.3752959698438644;R2_STABLE_RISK;26;41;16;0;28;2;0;0.05000000819563866;0.18557532131671906;0.14066869020462036;96;4
C04;C04;Critico: Multiplas distracoes urbanas;Critico;Critico;0.3713889718055725;0.3713889718055725;R1_NORMAL;22;45;24;0;24;2;0;0.05000000819563866;0.1983550786972046;0.13642694056034088;96;4
C01;C01;Critico: Celular em alta velocidade;Critico;Critico;0.5317592561244964;0.5317592561244964;R2_STABLE_RISK;32;44;13;0;34;2;1;0.24482087790966034;0.14995284378528595;0.21052367985248566;96;4
N03;N03;Normal: Noite estável;Normal;Normal;0.050000007078051564;0.050000007078051564;R2_STABLE_RISK;-1;-1;0;0;-1;-1;0;0.05000000819563866;0.03557104244828224;0.12959642708301544;96;4
C08;C08;Critico progressivo: Distracao urbana multietapas;Critico;Critico;0.4519446119666099;0.4519446119666099;R2_STABLE_RISK;28;77;50;1;59;31;0;0.05000000819563866;0.3144003450870514;0.1696520447731018;96;4
C05;C05;Critico progressivo: Celular em rodovia;Critico;Critico;0.3701749503612518;0.3701749503612518;R1_NORMAL;42;73;32;1;59;17;0;0.05000000819563866;0.3186943531036377;0.16107837855815887;96;4
C03;C03;Critico: Celular sem cinto sob chuva;Critico;Critico;0.3752959698438644;0.3752959698438644;R1_NORMAL;26;41;16;0;28;2;0;0.05000000819563866;0.19166593253612518;0.13840629160404205;96;4
N02;N02;Normal: Urbano moderado;Normal;Normal;0.050000007078051564;0.050000007078051564;R1_NORMAL;-1;-1;0;0;-1;-1;0;0.05000000819563866;0.026230767369270325;0.15220260620117188;96;4
N02;N02;Normal: Urbano moderado;Normal;Normal;0.050000007078051564;0.050000007078051564;R3_FALSE_KIN;-1;-1;0;0;-1;-1;0;0.05000000819563866;0.036977462470531464;0.08886001259088516;96;4
C08;C08;Critico progressivo: Distracao urbana multietapas;Critico;Critico;0.44890749305486677;0.44890749305486677;R1_NORMAL;28;77;50;1;56;28;0;0.05000000819563866;0.31775709986686707;0.1618642807006836;96;4
C04;C04;Critico: Multiplas distracoes urbanas;Critico;Critico;0.5654348462820054;0.5654348462820054;R1_NORMAL;22;45;24;0;24;2;1;0.20459027588367462;0.21001899242401123;0.1627526879310608;96;4
N01;N01;Normal: Viagem tranquila em rodovia;Normal;Normal;0.050000007078051564;0.050000007078051564;R2_STABLE_RISK;-1;-1;0;0;-1;-1;0;0.05000000819563866;0.03240206465125084;0.11473574489355087;96;4
C08;C08;Critico progressivo: Distracao urbana multietapas;Critico;Critico;0.5041212290525436;0.5041212290525436;R1_NORMAL;28;77;50;1;56;28;1;0.32379379868507385;0.31888821721076965;0.1648114174604416;96;4
C04;C04;Critico: Multiplas distracoes urbanas;Critico;Critico;0.3713889718055725;0.3713889718055725;R1_NORMAL;22;45;24;0;24;2;0;0.05000000819563866;0.20166242122650146;0.14200548827648163;96;4
N02;N02;Normal: Urbano moderado;Normal;Normal;0.050000007078051564;0.050000007078051564;R2_STABLE_RISK;-1;-1;0;0;-1;-1;0;0.05000000819563866;0.03141048923134804;0.08895022422075272;96;4
C03;C03;Critico: Celular sem cinto sob chuva;Critico;Critico;0.612316420674324;0.612316420674324;R2_STABLE_RISK;26;41;16;0;28;2;1;0.2761075794696808;0.19308269023895264;0.21335549652576447;96;4
N01;N01;Normal: Viagem tranquila em rodovia;Normal;Normal;0.050000007078051564;0.050000007078051564;R1_NORMAL;-1;-1;0;0;-1;-1;0;0.05000000819563866;0.033597663044929504;0.07822218537330627;96;4
C09;C09;Critico progressivo: Bebida ao volante;Critico;Critico;0.40894096344709396;0.40894096344709396;R3_FALSE_KIN;38;73;36;1;60;22;0;0.05000000819563866;0.2538248598575592;0.13804347813129425;96;4
C05;C05;Critico progressivo: Celular em rodovia;Critico;Critico;0.38227109760046;0.38227109760046;R2_STABLE_RISK;42;73;32;1;61;19;0;0.05000000819563866;0.312984436750412;0.14014694094657898;96;4
N03;N03;Normal: Noite estável;Normal;Normal;0.050000007078051564;0.050000007078051564;R1_NORMAL;-1;-1;0;0;-1;-1;0;0.05000000819563866;0.03483574092388153;0.0972125232219696;96;4
C09;C09;Critico progressivo: Bebida ao volante;Critico;Critico;0.39192945510148997;0.39192945510148997;R2_STABLE_RISK;38;73;36;1;58;20;0;0.05000000819563866;0.2522885501384735;0.09948259592056274;96;4
C02;C02;Critico: Fadiga com desvio cinematico;Critico;Critico;0.39378328174352645;0.39378328174352645;R1_NORMAL;29;50;22;0;32;3;0;0.05000000819563866;0.10414343327283859;0.11045500636100769;96;4
N01;N01;Normal: Viagem tranquila em rodovia;Normal;Normal;0.050000007078051564;0.050000007078051564;R2_STABLE_RISK;-1;-1;0;0;-1;-1;0;0.05000000819563866;0.031230822205543518;0.09127676486968994;96;4
C01;C01;Critico: Celular em alta velocidade;Critico;Critico;0.29102678298950196;0.29102678298950196;R1_NORMAL;32;44;13;0;34;2;0;0.05000000819563866;0.15939216315746307;0.1324329823255539;96;4
C03;C03;Critico: Celular sem cinto sob chuva;Critico;Critico;0.3752959698438644;0.3752959698438644;R2_STABLE_RISK;26;41;16;0;28;2;0;0.05000000819563866;0.18616600334644318;0.14500150084495544;96;4
C05;C05;Critico progressivo: Celular em rodovia;Critico;Critico;0.3993898034095764;0.3993898034095764;R1_NORMAL;42;73;32;1;60;18;0;0.05000000819563866;0.31595471501350403;0.17188112437725067;96;4
C08;C08;Critico progressivo: Distracao urbana multietapas;Critico;Critico;0.4106088861823082;0.4106088861823082;R3_FALSE_KIN;28;77;50;1;58;30;0;0.05000000819563866;0.3086143732070923;0.19981932640075684;96;4
C09;C09;Critico progressivo: Bebida ao volante;Critico;Critico;0.39767873734235765;0.39767873734235765;R1_NORMAL;38;73;36;1;60;22;0;0.05000000819563866;0.2544994652271271;0.12082365155220032;96;4
C04;C04;Critico: Multiplas distracoes urbanas;Critico;Critico;0.3713889718055725;0.3713889718055725;R1_NORMAL;22;45;24;0;24;2;0;0.05000000819563866;0.206156924366951;0.11181779950857162;96;4
C06;C06;Critico progressivo: Fadiga noturna;Critico;Critico;0.4540035098791122;0.4540035098791122;R3_FALSE_KIN;36;81;46;1;64;28;1;0.3591354787349701;0.15939782559871674;0.15373897552490234;96;4
C09;C09;Critico progressivo: Bebida ao volante;Critico;Critico;0.3956951633095741;0.3956951633095741;R3_FALSE_KIN;38;73;36;1;56;18;0;0.05000000819563866;0.24962766468524933;0.12055051326751709;96;4
C02;C02;Critico: Fadiga com desvio cinematico;Critico;Critico;0.39378328174352645;0.39378328174352645;R2_STABLE_RISK;29;50;22;0;32;3;0;0.05000000819563866;0.098429836332798;0.13866794109344482;96;4
C06;C06;Critico progressivo: Fadiga noturna;Critico;Critico;0.43718177229166033;0.43718177229166033;R3_FALSE_KIN;36;81;46;1;65;29;0;0.05000000819563866;0.14830245077610016;0.13198581337928772;96;4
C08;C08;Critico progressivo: Distracao urbana multietapas;Critico;Critico;0.43931563198566437;0.43931563198566437;R1_NORMAL;28;77;50;1;54;26;0;0.05000000819563866;0.3178616166114807;0.1690259724855423;96;4
C08;C08;Critico progressivo: Distracao urbana multietapas;Critico;Critico;0.4365621611475944;0.4365621611475944;R2_STABLE_RISK;28;77;50;1;57;29;0;0.05000000819563866;0.3160559833049774;0.1266271024942398;96;4
C08;C08;Critico progressivo: Distracao urbana multietapas;Critico;Critico;0.5019781023263932;0.5019781023263932;R1_NORMAL;28;77;50;1;53;25;1;0.26763617992401123;0.31919679045677185;0.19044113159179688;96;4
C06;C06;Critico progressivo: Fadiga noturna;Critico;Critico;0.4287202894687653;0.4287202894687653;R2_STABLE_RISK;36;81;46;1;59;23;0;0.05000000819563866;0.15814118087291718;0.16794484853744507;96;4
C07;C07;Critico progressivo: Sem cinto sob chuva;Critico;Critico;0.41791694313287736;0.41791694313287736;R2_STABLE_RISK;37;75;39;1;56;19;0;0.05000000819563866;0.3798331320285797;0.12260431051254272;96;4
N03;N03;Normal: Noite estável;Normal;Normal;0.050000007078051564;0.050000007078051564;R1_NORMAL;-1;-1;0;0;-1;-1;0;0.05000000819563866;0.03680488094687462;0.12797953188419342;96;4
C05;C05;Critico progressivo: Celular em rodovia;Critico;Critico;0.38370554298162457;0.38370554298162457;R1_NORMAL;42;73;32;1;61;19;0;0.05000000819563866;0.31604263186454773;0.15242421627044678;96;4
C02;C02;Critico: Fadiga com desvio cinematico;Critico;Critico;0.39378328174352645;0.39378328174352645;R2_STABLE_RISK;29;50;22;0;32;3;0;0.05000000819563866;0.09375622123479843;0.121924988925457;96;4
C08;C08;Critico progressivo: Distracao urbana multietapas;Critico;Critico;0.5262134104967117;0.5262134104967117;R3_FALSE_KIN;28;77;50;1;53;25;1;0.28387436270713806;0.3213459551334381;0.15289680659770966;96;4
C04;C04;Critico: Multiplas distracoes urbanas;Critico;Critico;0.3713889718055725;0.3713889718055725;R1_NORMAL;22;45;24;0;24;2;0;0.05000000819563866;0.20714449882507324;0.14382557570934296;96;4
C01;C01;Critico: Celular em alta velocidade;Critico;Critico;0.29102678298950196;0.29102678298950196;R1_NORMAL;32;44;13;0;34;2;0;0.05000000819563866;0.1549813151359558;0.12554197013378143;96;4
C01;C01;Critico: Celular em alta velocidade;Critico;Critico;0.29102678298950196;0.29102678298950196;R2_STABLE_RISK;32;44;13;0;34;2;0;0.05000000819563866;0.1445610672235489;0.1426129788160324;96;4
N01;N01;Normal: Viagem tranquila em rodovia;Normal;Normal;0.050000007078051564;0.050000007078051564;R3_FALSE_KIN;-1;-1;0;0;-1;-1;0;0.05000000819563866;0.04153509438037872;0.06641515344381332;96;4
C09;C09;Critico progressivo: Bebida ao volante;Critico;Critico;0.4725410610437393;0.4725410610437393;R2_STABLE_RISK;38;73;36;1;59;21;1;0.25142404437065125;0.25191959738731384;0.13471783697605133;96;4
N02;N02;Normal: Urbano moderado;Normal;Normal;0.050000007078051564;0.050000007078051564;R2_STABLE_RISK;-1;-1;0;0;-1;-1;0;0.05000000819563866;0.032570045441389084;0.0901043638586998;96;4
C04;C04;Critico: Multiplas distracoes urbanas;Critico;Critico;0.3713889718055725;0.3713889718055725;R1_NORMAL;22;45;24;0;24;2;0;0.05000000819563866;0.2036207765340805;0.1722988486289978;96;4
C04;C04;Critico: Multiplas distracoes urbanas;Critico;Critico;0.5685992181301116;0.5685992181301116;R3_FALSE_KIN;22;45;24;0;24;2;1;0.25568628311157227;0.20206235349178314;0.19587232172489166;96;4
C08;C08;Critico progressivo: Distracao urbana multietapas;Critico;Critico;0.4511197745800018;0.4511197745800018;R2_STABLE_RISK;28;77;50;1;58;30;0;0.05000000819563866;0.3187349736690521;0.13141410052776337;96;4
