id;recipe_id;nome;categoria;class_name;risk_episode;risk_episode_severity;regime;event_start;event_end;event_duration;progressive;detectable_start_035;onset_gap_035;persistent_tail;last6_mean_clean;mean_eye_gaze;mean_lane_offset;window;sensor_level
N01;N01;Normal: Viagem tranquila em rodovia;Normal;Normal;0.050000007078051564;0.050000007078051564;R2_STABLE_RISK;-1;-1;0;0;-1;-1;0;0.05000000819563866;0.03676149249076843;0.12253772467374802;96;4
C10;C10;Critico progressivo: Grooming em rodovia com fadiga;Critico;Critico;0.3892514243721962;0.3892514243721962;R1_NORMAL;40;81;42;1;66;26;0;0.05000000819563866;0.19207508862018585;0.09089542180299759;96;4
C03;C03;Critico: Celular sem cinto sob chuva;Critico;Critico;0.3752959698438644;0.3752959698438644;R1_NORMAL;26;41;16;0;28;2;0;0.05000000819563866;0.18782760202884674;0.14317522943019867;96;4
N02;N02;Normal: Urbano moderado;Normal;Normal;0.050000007078051564;0.050000007078051564;R2_STABLE_RISK;-1;-1;0;0;-1;-1;0;0.05000000819563866;0.030032774433493614;0.09548336267471313;96;4
C03;C03;Critico: Celular sem cinto sob chuva;Critico;Critico;0.3752959698438644;0.3752959698438644;R2_STABLE_RISK;26;41;16;0;28;2;0;0.05000000819563866;0.1859435886144638;0.10882674902677536;96;4
C07;C07;Critico progressivo: Sem cinto sob chuva;Critico;Critico;0.426136189699173;0.426136189699173;R1_NORMAL;37;75;39;1;57;20;0;0.05000000819563866;0.37722048163414;0.13802994787693024;96;4
C09;C09;Critico progressivo: Bebida ao volante;Critico;Critico;0.4704751342535019;0.4704751342535019;R2_STABLE_RISK;38;73;36;1;56;18;1;0.2813015878200531;0.2558046281337738;0.17342154681682587;96;4
C03;C03;Critico: Celular sem cinto sob chuva;Critico;Critico;0.3752959698438644;0.3752959698438644;R1_NORMAL;26;41;16;0;28;2;0;0.05000000819563866;0.1883620172739029;0.17320692539215088;96;4
C10;C10;Critico progressivo: Grooming em rodovia com fadiga;Critico;Critico;0.3887320935726165;0.3887320935726165;R2_STABLE_RISK;40;81;42;1;66;26;0;0.05000000819563866;0.19130146503448486;0.11634065955877304;96;4
C02;C02;Critico: Fadiga com desvio cinematico;Critico;Critico;0.39378328174352645;0.39378328174352645;R2_STABLE_RISK;29;50;22;0;32;3;0;0.05000000819563866;0.09189925342798233;0.11316940188407898;96;4
C04;C04;Critico: Multiplas distracoes urbanas;Critico;Critico;0.3713889718055725;0.3713889718055725;R2_STABLE_RISK;22;45;24;0;24;2;0;0.05000000819563866;0.1986122876405716;0.10317287594079971;96;4
C05;C05;Critico progressivo: Celular em rodovia;Critico;Critico;0.45404783189296716;0.45404783189296716;R3_FALSE_KIN;42;73;32;1;59;17;1;0.23813964426517487;0.31558021903038025;0.14065302908420563;96;4
C01;C01;Critico: Celular em alta velocidade;Critico;Critico;0.5315527975559233;0.5315527975559233;R1_NORMAL;32;44;13;0;34;2;1;0.26843515038490295;0.1520092934370041;0.2196497917175293;96;4
C10;C10;Critico progressivo: Grooming em rodovia com fadiga;Critico;Critico;0.4660456985235214;0.4660456985235214;R3_FALSE_KIN;40;81;42;1;59;19;1;0.3161621689796448;0.20088398456573486;0.12649285793304443;96;4
N01;N01;Normal: Viagem tranquila em rodovia;Normal;Normal;0.050000007078051564;0.050000007078051564;R1_NORMAL;-1;-1;0;0;-1;-1;0;0.05000000819563866;0.028378093615174294;0.11912619322538376;96;4
N03;N03;Normal: Noite estável;Normal;Normal;0.050000007078051564;0.050000007078051564;R2_STABLE_RISK;-1;-1;0;0;-1;-1;0;0.05000000819563866;0.03350115939974785;0.08531445264816284;96;4
C06;C06;Critico progressivo: Fadiga noturna;Critico;Critico;0.44453626722097395;0.44453626722097395;R2_STABLE_RISK;36;81;46;1;57;21;0;0.05000000819563866;0.1626283973455429;0.18788807094097137;96;4
N03;N03;Normal: Noite estável;Normal;Normal;0.050000007078051564;0.050000007078051564;R1_NORMAL;-1;-1;0;0;-1;-1;0;0.05000000819563866;0.028853630647063255;0.08269382268190384;96;4
N01;N01;Normal: Viagem tranquila em rodovia;Normal;Normal;0.050000007078051564;0.050000007078051564;R1_NORMAL;-1;-1;0;0;-1;-1;0;0.05000000819563866;0.03822801262140274;0.10677329450845718;96;4
N02;N02;Normal: Urbano moderado;Normal;Normal;0.050000007078051564;0.050000007078051564;R3_FALSE_KIN;-1;-1;0;0;-1;-1;0;0.05000000819563866;0.03482523187994957;0.1098785325884819;96;4
C06;C06;Critico progressivo: Fadiga noturna;Critico;Critico;0.454463729262352;0.454463729262352;R1_NORMAL;36;81;46;1;64;28;1;0.3067223131656647;0.15397369861602783;0.09977513551712036;96;4
C05;C05;Critico progressivo: Celular em rodovia;Critico;Critico;0.46752579510211945;0.46752579510211945;R2_STABLE_RISK;42;73;32;1;61;19;1;0.29396072030067444;0.3176909387111664;0.18052268028259277;96;4
C01;C01;Critico: Celular em alta velocidade;Critico;Critico;0.29102678298950196;0.29102678298950196;R2_STABLE_RISK;32;44;13;0;34;2;0;0.05000000819563866;0.1553249955177307;0.10665104538202286;96;4
C04;C04;Critico: Multiplas distracoes urbanas;Critico;Critico;0.3713889718055725;0.3713889718055725;R1_NORMAL;22;45;24;0;24;2;0;0.05000000819563866;0.2089887112379074;0.08617547154426575;96;4
N03;N03;Normal: Noite estável;Normal;Normal;0.050000007078051564;0.050000007078051564;R1_NORMAL;-1;-1;0;0;-1;-1;0;0.05000000819563866;0.033333227038383484;0.12964044511318207;96;4
C08;C08;Critico progressivo: Distracao urbana multietapas;Critico;Critico;0.47994557619094846;0.47994557619094846;R2_STABLE_RISK;28;77;50;1;58;30;1;0.335868239402771;0.309589147567749;0.15866248309612274;96;4
C10;C10;Critico progressivo: Grooming em rodovia com fadiga;Critico;Critico;0.4596143990755081;0.4596143990755081;R3_FALSE_KIN;40;81;42;1;62;22;1;0.3616410493850708;0.19687752425670624;0.12858237326145172;96;4
N01;N01;Normal: Viagem tranquila em rodovia;Normal;Normal;0.050000007078051564;0.050000007078051564;R1_NORMAL;-1;-1;0;0;-1;-1;0;0.05000000819563866;0.0325998030602932;0.10785118490457535;96;4
C03;C03;Critico: Celular sem cinto sob chuva;Critico;Critico;0.3752959698438644;0.3752959698438644;R1_NORMAL;26;41;16;0;28;2;0;0.05000000819563866;0.19539980590343475;0.1486310511827469;96;4
N01;N01;Normal: Viagem tranquila em rodovia;Normal;Normal;0.050000007078051564;0.050000007078051564;R2_STABLE_RISK;-1;-1;0;0;-1;-1;0;0.05000000819563866;0.030882596969604492;0.08325468748807907;96;4
C05;C05;Critico progressivo: Celular em rodovia;Critico;Critico;0.3963699996471405;0.3963699996471405;R3_FALSE_KIN;42;73;32;1;59;17;0;0.05000000819563866;0.31927934288978577;0.12469472736120224;96;4
C08;C08;Critico progressivo: Distracao urbana multietapas;Critico;Critico;0.46707834601402276;0.46707834601402276;R2_STABLE_RISK;28;77;50;1;51;23;0;0.05000000819563866;0.32580700516700745;0.16363011300563812;96;4
C01;C01;Critico: Celular em alta velocidade;Critico;Critico;0.29102678298950196;0.29102678298950196;R3_FALSE_KIN;32;44;13;0;34;2;0;0.05000000819563866;0.15438303351402283;0.1356806606054306;96;4
C07;C07;Critico progressivo: Sem cinto sob chuva;Critico;Critico;0.4036045059561729;0.4036045059561729;R2_STABLE_RISK;37;75;39;1;56;19;0;0.05000000819563866;0.3811597526073456;0.11962244659662247;96;4
C07;C07;Critico progressivo: Sem cinto sob chuva;Critico;Critico;0.4009221479296684;0.4009221479296684;R1_NORMAL;37;75;39;1;57;20;0;0.05000000819563866;0.3801698684692383;0.1355091780424118;96;4
C02;C02;Critico: Fadiga com desvio cinematico;Critico;Critico;0.39378328174352645;0.39378328174352645;R2_STABLE_RISK;29;50;22;0;32;3;0;0.05000000819563866;0.09457401186227798;0.13950711488723755;96;4
C04;C04;Critico: Multiplas distracoes urbanas;Critico;Critico;0.3713889718055725;0.3713889718055725;R3_FALSE_KIN;22;45;24;0;24;2;0;0.05000000819563866;0.2091844081878662;0.11372842639684677;96;4
C04;C04;Critico: Multiplas distracoes urbanas;Critico;Critico;0.3713889718055725;0.3713889718055725;R2_STABLE_RISK;22;45;24;0;24;2;0;0.05000000819563866;0.20286206901073456;0.152199849486351;96;4
C04;C04;Critico: Multiplas distracoes urbanas;Critico;Critico;0.3713889718055725;0.3713889718055725;R1_NORMAL;22;45;24;0;24;2;0;0.05000000819563866;0.20404793322086334;0.16741381585597992;96;4
C02;C02;Critico: Fadiga com desvio cinematico;Critico;Critico;0.39378328174352645;0.39378328174352645;R1_NORMAL;29;50;22;0;32;3;0;0.05000000819563866;0.09328117966651917;0.13676558434963226;96;4
C06;C06;Critico progressivo: Fadiga noturna;Critico;Critico;0.4494622826576233;0.4494622826576233;R1_NORMAL;36;81;46;1;58;22;0;0.05000000819563866;0.1625792682170868;0.07553128898143768;96;4
C01;C01;Critico: Celular em alta velocidade;Critico;Critico;0.29102678298950196;0.29102678298950196;R1_NORMAL;32;44;13;0;34;2;0;0.05000000819563866;0.15017245709896088;0.1163054034113884;96;4
C02;C02;Critico: Fadiga com desvio cinematico;Critico;Critico;0.39378328174352645;0.39378328174352645;R1_NORMAL;29;50;22;0;32;3;0;0.05000000819563866;0.10010302811861038;0.1300072818994522;96;4
C08;C08;Critico progressivo: Distracao urbana multietapas;Critico;Critico;0.43715959191322323;0.43715959191322323;R1_NORMAL;28;77;50;1;60;32;0;0.05000000819563866;0.3046495020389557;0.11413043737411499;96;4
N02;N02;Normal: Urbano moderado;Normal;Normal;0.050000007078051564;0.050000007078051564;R2_STABLE_RISK;-1;-1;0;0;-1;-1;0;0.05000000819563866;0.026519551873207092;0.0843488946557045;96;4
N03;N03;Normal: Noite estável;Normal;Normal;0.050000007078051564;0.050000007078051564;R3_FALSE_KIN;-1;-1;0;0;-1;-1;0;0.05000000819563866;0.03058699332177639;0.08841948956251144;96;4
C07;C07;Critico progressivo: Sem cinto sob chuva;Critico;Critico;0.41047254055738447;0.41047254055738447;R2_STABLE_RISK;37;75;39;1;56;19;0;0.05000000819563866;0.3813444674015045;0.10723445564508438;96;4
C06;C06;Critico progressivo: Fadiga noturna;Critico;Critico;0.459796392917633;0.459796392917633;R1_NORMAL;36;81;46;1;56;20;0;0.05000000819563866;0.1654801219701767;0.1210997924208641;96;4
C06;C06;Critico progressivo: Fadiga noturna;Critico;Critico;0.44203539490699767;0.44203539490699767;R3_FALSE_KIN;36;81;46;1;63;27;0;0.05000000819563866;0.1621718555688858;0.1037745475769043;96;4
C05;C05;Critico progressivo: Celular em rodovia;Critico;Critico;0.4460235446691513;0.4460235446691513;R1_NORMAL;42;73;32;1;61;19;1;0.2921495735645294;0.31741848587989807;0.15407036244869232;96;4
C02;C02;Critico: Fadiga com desvio cinematico;Critico;Critico;0.5992042124271393;0.5992042124271393;R1_NORMAL;29;50;22;0;32;3;1;0.23525016009807587;0.09831552952528;0.13163048028945923;96;4
C02;C02;Critico: Fadiga com desvio cinematico;Critico;Critico;0.39378328174352645;0.39378328174352645;R2_STABLE_RISK;29;50;22;0;32;3;0;0.05000000819563866;0.09189623594284058;0.09488741308450699;96;4
N03;N03;Normal: Noite estável;Normal;Normal;0.050000007078051564;0.050000007078051564;R1_NORMAL;-1;-1;0;0;-1;-1;0;0.05000000819563866;0.03282218053936958;0.104889415204525;96;4
C04;C04;Critico: Multiplas distracoes urbanas;Critico;Critico;0.3713889718055725;0.3713889718055725;R1_NORMAL;22;45;24;0;24;2;0;0.05000000819563866;0.20215439796447754;0.16200117766857147;96;4
C07;C07;Critico progressivo: Sem cinto sob chuva;Critico;Critico;0.3980095252394676;0.3980095252394676;R1_NORMAL;37;75;39;1;57;20;0;0.05000000819563866;0.3761090338230133;0.10737064480781555;96;4
C03;C03;Critico: Celular sem cinto sob chuva;Critico;Critico;0.3752959698438644;0.3752959698438644;R2_STABLE_RISK;26;41;16;0;28;2;0;0.05000000819563866;0.17873702943325043;0.13434986770153046;96;4
C10;C10;Critico progressivo: Grooming em rodovia com fadiga;Critico;Critico;0.4108291134238243;0.4108291134238243;R2_STABLE_RISK;40;81;42;1;63;23;0;0.05000000819563866;0.19638560712337494;0.11482495814561844;96;4
C05;C05;Critico progressivo: Celular em rodovia;Critico;Critico;0.3698577627539634;0.3698577627539634;R2_STABLE_RISK;42;73;32;1;62;20;0;0.05000000819563866;0.31257519125938416;0.1476311832666397;96;4
C09;C09;Critico progressivo: Bebida ao volante;Critico;Critico;0.3930594682693481;0.3930594682693481;R1_NORMAL;38;73;36;1;57;19;0;0.05000000819563866;0.2500825822353363;0.1705513447523117;96;4
C01;C01;Critico: Celular em alta velocidade;Critico;Critico;0.29102678298950196;0.29102678298950196;R2_STABLE_RISK;32;44;13;0;34;2;0;0.05000000819563866;0.15985386073589325;0.13903898000717163;96;4
C06;C06;Critico progressivo: Fadiga noturna;Critico;Critico;0.47390587627887726;0.47390587627887726;R2_STABLE_RISK;36;81;46;1;59;23;1;0.29365667700767517;0.156571626663208;0.1379854679107666;96;4
C04;C04;Critico: Multiplas distracoes urbanas;Critico;Critico;0.3713889718055725;0.3713889718055725;R2_STABLE_RISK;22;45;24;0;24;2;0;0.05000000819563866;0.20359337329864502;0.16319221258163452;96;4
N01;N01;Normal: Viagem tranquila em rodovia;Normal;Normal;0.050000007078051564;0.050000007078051564;R1_NORMAL;-1;-1;0;0;-1;-1;0;0.05000000819563866;0.03150908276438713;0.09365403652191162;96;4
C03;C03;Critico: Celular sem cinto sob chuva;Critico;Critico;0.6038086742162705;0.6038086742162705;R1_NORMAL;26;41;16;0;28;2;1;0.20147831737995148;0.1927492469549179;0.1862552911043167;96;4
N03;N03;Normal: Noite estável;Normal;Normal;0.050000007078051564;0.050000007078051564;R1_NORMAL;-1;-1;0;0;-1;-1;0;0.05000000819563866;0.03277207911014557;0.10451114177703857;96;4
C01;C01;Critico: Celular em alta velocidade;Critico;Critico;0.5224187642335891;0.5224187642335891;R1_NORMAL;32;44;13;0;34;2;1;0.23268960416316986;0.15808139741420746;0.15813954174518585;96;4
N03;N03;Normal: Noite estável;Normal;Normal;0.050000007078051564;0.050000007078051564;R1_NORMAL;-1;-1;0;0;-1;-1;0;0.05000000819563866;0.03161057457327843;0.1163361668586731;96;4
C08;C08;Critico progressivo: Distracao urbana multietapas;Critico;Critico;0.44995284229516985;0.44995284229516985;R2_STABLE_RISK;28;77;50;1;58;30;0;0.05000000819563866;0.3122135102748871;0.15311001241207123;96;4
C02;C02;Critico: Fadiga com desvio cinematico;Critico;Critico;0.39378328174352645;0.39378328174352645;R2_STABLE_RISK;29;50;22;0;32;3;0;0.05000000819563866;0.09546863287687302;0.13053296506404877;96;4
C04;C04;Critico: Multiplas distracoes urbanas;Critico;Critico;0.5688885897397995;0.5688885897397995;R1_NORMAL;22;45;24;0;24;2;1;0.22007842361927032;0.21014440059661865;0.19955575466156006;96;4
N01;N01;Normal: Viagem tranquila em rodovia;Normal;Normal;0.050000007078051564;0.050000007078051564;R1_NORMAL;-1;-1;0;0;-1;-1;0;0.05000000819563866;0.030614517629146576;0.09823433309793472;96;4
N03;N03;Normal: Noite estável;Normal;Normal;0.050000007078051564;0.050000007078051564;R3_FALSE_KIN;-1;-1;0;0;-1;-1;0;0.05000000819563866;0.030661024153232574;0.09863867610692978;96;4
C10;C10;Critico progressivo: Grooming em rodovia com fadiga;Critico;Critico;0.44546694755554195;0.44546694755554195;R2_STABLE_RISK;40;81;42;1;65;25;1;0.3383167088031769;0.19277095794677734;0.10018682479858398;96;4
C01;C01;Critico: Celular em alta velocidade;Critico;Critico;0.29102678298950196;0.29102678298950196;R3_FALSE_KIN;32;44;13;0;34;2;0;0.05000000819563866;0.15842323005199432;0.1572752445936203;96;4
C09;C09;Critico progressivo: Bebida ao volante;Critico;Critico;0.4827921450138092;0.4827921450138092;R2_STABLE_RISK;38;73;36;1;57;19;1;0.2598276138305664;0.2569650709629059;0.13985209167003632;96;4
C04;C04;Critico: Multiplas distracoes urbanas;Critico;Critico;0.5691183626651763;0.5691183626651763;R2_STABLE_RISK;22;45;24;0;24;2;1;0.22120793163776398;0.2046448439359665;0.20382489264011383;96;4
C10;C10;Critico progressivo: Grooming em rodovia com fadiga;Critico;Critico;0.42033697813749316;0.42033697813749316;R3_FALSE_KIN;40;81;42;1;63;23;0;0.05000000819563866;0.1970847100019455;0.07834639400243759;96;4
N03;N03;Normal: Noite estável;Normal;Normal;0.050000007078051564;0.050000007078051564;R3_FALSE_KIN;-1;-1;0;0;-1;-1;0;0.05000000819563866;0.026452263817191124;0.09113989025354385;96;4
N03;N03;Normal: Noite estável;Normal;Normal;0.050000007078051564;0.050000007078051564;R1_NORMAL;-1;-1;0;0;-1;-1;0;0.05000000819563866;0.03181793540716171;0.09459761530160904;96;4
N03;N03;Normal: Noite estável;Normal;Normal;0.050000007078051564;0.050000007078051564;R1_NORMAL;-1;-1;0;0;-1;-1;0;0.05000000819563866;0.030801964923739433;0.12565560638904572;96;4
C07;C07;Critico progressivo: Sem cinto sob chuva;Critico;Critico;0.3914448007941246;0.3914448007941246;R1_NORMAL;37;75;39;1;56;19;0;0.05000000819563866;0.37661370635032654;0.13120883703231812;96;4
N03;N03;Normal: Noite estável;Normal;Normal;0.050000007078051564;0.050000007078051564;R1_NORMAL;-1;-1;0;0;-1;-1;0;0.05000000819563866;0.02932010591030121;0.08241907507181168;96;4
C06;C06;Critico progressivo: Fadiga noturna;Critico;Critico;0.4490013584494591;0.4490013584494591;R3_FALSE_KIN;36;81;46;1;58;22;0;0.05000000819563866;0.1500941514968872;0.1211368665099144;96;4
C01;C01;Critico: Celular em alta velocidade;Critico;Critico;0.29102678298950196;0.29102678298950196;R2_STABLE_RISK;32;44;13;0;34;2;0;0.05000000819563866;0.1526264250278473;0.15477411448955536;96;4
C04;C04;Critico: Multiplas distracoes urbanas;Critico;Critico;0.5662275552749634;0.5662275552749634;R3_FALSE_KIN;22;45;24;0;24;2;1;0.2570103108882904;0.20799894630908966;0.15183599293231964;96;4
C10;C10;Critico progressivo: Grooming em rodovia com fadiga;Critico;Critico;0.4126464188098907;0.4126464188098907;R3_FALSE_KIN;40;81;42;1;65;25;0;0.05000000819563866;0.20127815008163452;0.13190817832946777;96;4
C04;C04;Critico: Multiplas distracoes urbanas;Critico;Critico;0.3713889718055725;0.3713889718055725;R2_STABLE_RISK;22;45;24;0;24;2;0;0.05000000819563866;0.20242314040660858;0.11809887737035751;96;4
N03;N03;Normal: Noite estável;Normal;Normal;0.050000007078051564;0.050000007078051564;R3_FALSE_KIN;-1;-1;0;0;-1;-1;0;0.05000000819563866;0.028759265318512917;0.0894540324807167;96;4
C03;C03;Critico: Celular sem cinto sob chuva;Critico;Critico;0.6230828642845154;0.6230828642845154;R1_NORMAL;26;41;16;0;28;2;1;0.26928162574768066;0.18845070898532867;0.2153872400522232;96;4
C03;C03;Critico: Celular sem cinto sob chuva;Critico;Critico;0.3752959698438644;0.3752959698438644;R3_FALSE_KIN;26;41;16;0;28;2;0;0.05000000819563866;0.18929769098758698;0.11768075078725815;96;4
N03;N03;Normal: Noite estável;Normal;Normal;0.050000007078051564;0.050000007078051564;R1_NORMAL;-1;-1;0;0;-1;-1;0;0.05000000819563866;0.027284035459160805;0.09354887157678604;96;4
C02;C02;Critico: Fadiga com desvio cinematico;Critico;Critico;0.6028992742300032;0.6028992742300032;R1_NORMAL;29;50;22;0;32;3;1;0.2628907859325409;0.09817129373550415;0.12470521777868271;96;4
C06;C06;Critico progressivo: Fadiga noturna;Critico;Critico;0.42532997876405715;0.42532997876405715;R2_STABLE_RISK;36;81;46;1;57;21;0;0.05000000819563866;0.16778446733951569;0.10308309644460678;96;4
N01;N01;Normal: Viagem tranquila em rodovia;Normal;Normal;0.050000007078051564;0.050000007078051564;R3_FALSE_KIN;-1;-1;0;0;-1;-1;0;0.05000000819563866;0.030146420001983643;0.14284731447696686;96;4
C01;C01;Critico: Celular em alta velocidade;Critico;Critico;0.29102678298950196;0.29102678298950196;R2_STABLE_RISK;32;44;13;0;34;2;0;0.05000000819563866;0.15554626286029816;0.12823991477489471;96;4
C10;C10;Critico progressivo: Grooming em rodovia com fadiga;Critico;Critico;0.4977944105863571;0.4977944105863571;R1_NORMAL;40;81;42;1;58;18;1;0.3325372636318207;0.20861364901065826;0.1269255429506302;96;4
N02;N02;Normal: Urbano moderado;Normal;Normal;0.050000007078051564;0.050000007078051564;R2_STABLE_RISK;-1;-1;0;0;-1;-1;0;0.05000000819563866;0.03018925152719021;0.09827729314565659;96;4
C09;C09;Critico progressivo: Bebida ao volante;Critico;Critico;0.378705270588398;0.378705270588398;R1_NORMAL;38;73;36;1;61;23;0;0.05000000819563866;0.2437339425086975;0.10277976840734482;96;4
C07;C07;Critico progressivo: Sem cinto sob chuva;Critico;Critico;0.39428070336580273;0.39428070336580273;R3_FALSE_KIN;37;75;39;1;56;19;0;0.05000000819563866;0.38057422637939453;0.10779548436403275;96;4
C01;C01;Critico: Celular em alta velocidade;Critico;Critico;0.29102678298950196;0.29102678298950196;R2_STABLE_RISK;32;44;13;0;34;2;0;0.05000000819563866;0.1467641144990921;0.15509767830371857;96;4
C03;C03;Critico: Celular sem cinto sob chuva;Critico;Critico;0.621363005042076;0.621363005042076;R2_STABLE_RISK;26;41;16;0;28;2;1;0.2732491195201874;0.18999254703521729;0.2434113472700119;96;4
N03;N03;Normal: Noite estável;Normal;Normal;0.050000007078051564;0.050000007078051564;R2_STABLE_RISK;-1;-1;0;0;-1;-1;0;0.05000000819563866;0.027520930394530296;0.09064176678657532;96;4
N03;N03;Normal: Noite estável;Normal;Normal;0.050000007078051564;0.050000007078051564;R1_NORMAL;-1;-1;0;0;-1;-1;0;0.05000000819563866;0.030188867822289467;0.09337136149406433;96;4
C06;C06;Critico progressivo: Fadiga noturna;Critico;Critico;0.5083689302206039;0.5083689302206039;R2_STABLE_RISK;36;81;46;1;61;25;1;0.3463221788406372;0.1649850755929947;0.15240223705768585;96;4
N02;N02;Normal: Urbano moderado;Normal;Normal;0.050000007078051564;0.050000007078051564;R1_NORMAL;-1;-1;0;0;-1;-1;0;0.05000000819563866;0.027508875355124474;0.07736276835203171;96;4
N03;N03;Normal: Noite estável;Normal;Normal;0.050000007078051564;0.050000007078051564;R2_STABLE_RISK;-1;-1;0;0;-1;-1;0;0.05000000819563866;0.035647884011268616;0.12965479493141174;96;4
C06;C06;Critico progressivo: Fadiga noturna;Critico;Critico;0.4398990079760551;0.4398990079760551;R1_NORMAL;36;81;46;1;58;22;0;0.05000000819563866;0.15514032542705536;0.10824515670537949;96;4
C08;C08;Critico progressivo: Distracao urbana multietapas;Critico;Critico;0.4539518237113952;0.4539518237113952;R1_NORMAL;28;77;50;1;53;25;0;0.05000000819563866;0.31445083022117615;0.22340218722820282;96;4
C02;C02;Critico: Fadiga com desvio cinematico;Critico;Critico;0.39378328174352645;0.39378328174352645;R2_STABLE_RISK;29;50;22;0;32;3;0;0.05000000819563866;0.09237891435623169;0.13975171744823456;96;4
C03;C03;Critico: Celular sem cinto sob chuva;Critico;Critico;0.3752959698438644;0.3752959698438644;R3_FALSE_KIN;26;41;16;0;28;2;0;0.05000000819563866;0.1836376190185547;0.11402665823698044;96;4
C04;C04;Critico: Multiplas distracoes urbanas;Critico;Critico;0.3713889718055725;0.3713889718055725;R1_NORMAL;22;45;24;0;24;2;0;0.05000000819563866;0.20470118522644043;0.1397543102502823;96;4
C04;C04;Critico: Multiplas distracoes urbanas;Critico;Critico;0.5761118531227112;0.5761118531227112;R3_FALSE_KIN;22;45;24;0;24;2;1;0.2555849850177765;0.20444132387638092;0.17764146625995636;96;4
N02;N02;Normal: Urbano moderado;Normal;Normal;0.050000007078051564;0.050000007078051564;R1_NORMAL;-1;-1;0;0;-1;-1;0;0.05000000819563866;0.030691392719745636;0.11206629127264023;96;4
C07;C07;Critico progressivo: Sem cinto sob chuva;Critico;Critico;0.4174106553196907;0.4174106553196907;R2_STABLE_RISK;37;75;39;1;58;21;0;0.05000000819563866;0.3816174566745758;0.10335326939821243;96;4
C08;C08;Critico progressivo: Distracao urbana multietapas;Critico;Critico;0.46520653069019313;0.46520653069019313;R3_FALSE_KIN;28;77;50;1;53;25;0;0.05000000819563866;0.3128097951412201;0.13928405940532684;96;4
C03;C03;Critico: Celular sem cinto sob chuva;Critico;Critico;0.3752959698438644;0.3752959698438644;R1_NORMAL;26;41;16;0;28;2;0;0.05000000819563866;0.1861821860074997;0.12292631715536118;96;4
C10;C10;Critico progressivo: Grooming em rodovia com fadiga;Critico;Critico;0.4224014952778816;0.4224014952778816;R2_STABLE_RISK;40;81;42;1;63;23;0;0.05000000819563866;0.20275790989398956;0.10681041330099106;96;4
C01;C01;Critico: Celular em alta velocidade;Critico;Critico;0.5294213742017746;0.5294213742017746;R2_STABLE_RISK;32;44;13;0;34;2;1;0.23385237157344818;0.15723329782485962;0.17867214977741241;96;4
C03;C03;Critico: Celular sem cinto sob chuva;Critico;Critico;0.3752959698438644;0.3752959698438644;R1_NORMAL;26;41;16;0;28;2;0;0.05000000819563866;0.1883857399225235;0.12348836660385132;96;4
N03;N03;Normal: Noite estável;Normal;Normal;0.050000007078051564;0.050000007078051564;R3_FALSE_KIN;-1;-1;0;0;-1;-1;0;0.05000000819563866;0.027304843068122864;0.09690091013908386;96;4
C08;C08;Critico progressivo: Distracao urbana multietapas;Critico;Critico;0.4347731977701187;0.4347731977701187;R1_NORMAL;28;77;50;1;52;24;0;0.05000000819563866;0.3145473897457123;0.14794549345970154;96;4
C09;C09;Critico progressivo: Bebida ao volante;Critico;Critico;0.40382835268974304;0.40382835268974304;R3_FALSE_KIN;38;73;36;1;57;19;0;0.05000000819563866;0.252934068441391;0.15835438668727875;96;4
N01;N01;Normal: Viagem tranquila em rodovia;Normal;Normal;0.050000007078051564;0.050000007078051564;R3_FALSE_KIN;-1;-1;0;0;-1;-1;0;0.05000000819563866;0.032287225127220154;0.11175820976495743;96;4
C08;C08;Critico progressivo: Distracao urbana multietapas;Critico;Critico;0.43226335793733595;0.43226335793733595;R1_NORMAL;28;77;50;1;56;28;0;0.05000000819563866;0.3167373836040497;0.12899363040924072;96;4
C04;C04;Critico: Multiplas distracoes urbanas;Critico;Critico;0.3713889718055725;0.3713889718055725;R1_NORMAL;22;45;24;0;24;2;0;0.05000000819563866;0.20052079856395721;0.12835079431533813;96;4
C09;C09;Critico progressivo: Bebida ao volante;Critico;Critico;0.4253240600228309;0.4253240600228309;R2_STABLE_RISK;38;73;36;1;54;16;0;0.05000000819563866;0.25534605979919434;0.16006730496883392;96;4
C03;C03;Critico: Celular sem cinto sob chuva;Critico;Critico;0.6176101773977279;0.6176101773977279;R2_STABLE_RISK;26;41;16;0;28;2;1;0.26443222165107727;0.18724745512008667;0.20551176369190216;96;4
C04;C04;Critico: Multiplas distracoes urbanas;Critico;Critico;0.3713889718055725;0.3713889718055725;R1_NORMAL;22;45;24;0;24;2;0;0.05000000819563866;0.20590035617351532;0.09829860180616379;96;4
C05;C05;Critico progressivo: Celular em rodovia;Critico;Critico;0.36745926141738894;0.36745926141738894;R2_STABLE_RISK;42;73;32;1;58;16;0;0.05000000819563866;0.316644549369812;0.1647292524576187;96;4
C04;C04;Critico: Multiplas distracoes urbanas;Critico;Critico;0.3713889718055725;0.3713889718055725;R3_FALSE_KIN;22;45;24;0;24;2;0;0.05000000819563866;0.20623958110809326;0.13929851353168488;96;4
C08;C08;Critico progressivo: Distracao urbana multietapas;Critico;Critico;0.5265044003725051;0.5265044003725051;R1_NORMAL;28;77;50;1;55;27;1;0.3297644555568695;0.31874120235443115;0.17807036638259888;96;4
C10;C10;Critico progressivo: Grooming em rodovia com fadiga;Critico;Critico;0.3854587748646736;0.3854587748646736;R2_STABLE_RISK;40;81;42;1;62;22;0;0.05000000819563866;0.20205043256282806;0.13082215189933777;96;4
C03;C03;Critico: Celular sem cinto sob chuva;Critico;Critico;0.6076559752225875;0.6076559752225875;R2_STABLE_RISK;26;41;16;0;28;2;1;0.2304825335741043;0.18581318855285645;0.2032705694437027;96;4
N02;N02;Normal: Urbano moderado;Normal;Normal;0.050000007078051564;0.050000007078051564;R1_NORMAL;-1;-1;0;0;-1;-1;0;0.05000000819563866;0.034382764250040054;0.08255376666784286;96;4
C09;C09;Critico progressivo: Bebida ao volante;Critico;Critico;0.42670542746782303;0.42670542746782303;R1_NORMAL;38;73;36;1;56;18;0;0.05000000819563866;0.2557189166545868;0.10744116455316544;96;4
N03;N03;Normal: Noite estável;Normal;Normal;0.050000007078051564;0.050000007078051564;R3_FALSE_KIN;-1;-1;0;0;-1;-1;0;0.05000000819563866;0.032992612570524216;0.09582888334989548;96;4
C02;C02;Critico: Fadiga com desvio cinematico;Critico;Critico;0.39378328174352645;0.39378328174352645;R1_NORMAL;29;50;22;0;32;3;0;0.05000000819563866;0.09561555832624435;0.09914646297693253;96;4
N01;N01;Normal: Viagem tranquila em rodovia;Normal;Normal;0.050000007078051564;0.050000007078051564;R2_STABLE_RISK;-1;-1;0;0;-1;-1;0;0.05000000819563866;0.02974478155374527;0.13015611469745636;96;4
C06;C06;Critico progressivo: Fadiga noturna;Critico;Critico;0.41248397231101985;0.41248397231101985;R1_NORMAL;36;81;46;1;64;28;0;0.05000000819563866;0.1614147126674652;0.12616826593875885;96;4
C04;C04;Critico: Multiplas distracoes urbanas;Critico;Critico;0.3713889718055725;0.3713889718055725;R1_NORMAL;22;45;24;0;24;2;0;0.05000000819563866;0.20004893839359283;0.12590566277503967;96;4
N02;N02;Normal: Urbano moderado;Normal;Normal;0.050000007078051564;0.050000007078051564;R1_NORMAL;-1;-1;0;0;-1;-1;0;0.05000000819563866;0.03561295196413994;0.08303537219762802;96;4
C04;C04;Critico: Multiplas distracoes urbanas;Critico;Critico;0.3713889718055725;0.3713889718055725;R1_NORMAL;22;45;24;0;24;2;0;0.05000000819563866;0.20539040863513947;0.1278502345085144;96;4
C09;C09;Critico progressivo: Bebida ao volante;Critico;Critico;0.48624115288257597;0.48624115288257597;R2_STABLE_RISK;38;73;36;1;59;21;1;0.28185462951660156;0.2548971474170685;0.10475251823663712;96;4
C07;C07;Critico progressivo: Sem cinto sob chuva;Critico;Critico;0.46455963551998136;0.46455963551998136;R3_FALSE_KIN;37;75;39;1;58;21;1;0.2830139696598053;0.37211689352989197;0.19516795873641968;96;4
C03;C03;Critico: Celular sem cinto sob chuva;Critico;Critico;0.3752959698438644;0.3752959698438644;R1_NORMAL;26;41;16;0;28;2;0;0.05000000819563866;0.18596725165843964;0.1409543752670288;96;4
C02;C02;Critico: Fadiga com desvio cinematico;Critico;Critico;0.5947685629129409;0.5947685629129409;R1_NORMAL;29;50;22;0;32;3;1;0.2710292637348175;0.09887612611055374;0.1936282515525818;96;4
C07;C07;Critico progressivo: Sem cinto sob chuva;Critico;Critico;0.4027127146720886;0.4027127146720886;R3_FALSE_KIN;37;75;39;1;58;21;0;0.05000000819563866;0.37632444500923157;0.16449102759361267;96;4
N01;N01;Normal: Viagem tranquila em rodovia;Normal;Normal;0.050000007078051564;0.050000007078051564;R2_STABLE_RISK;-1;-1;0;0;-1;-1;0;0.05000000819563866;0.031971048563718796;0.1152786910533905;96;4
C04;C04;Critico: Multiplas distracoes urbanas;Critico;Critico;0.5596158742904662;0.5596158742904662;R3_FALSE_KIN;22;45;24;0;24;2;1;0.21822309494018555;0.19932442903518677;0.19412051141262054;96;4
N02;N02;Normal: Urbano moderado;Normal;Normal;0.050000007078051564;0.050000007078051564;R3_FALSE_KIN;-1;-1;0;0;-1;-1;0;0.05000000819563866;0.0348275788128376;0.12450403720140457;96;4
N02;N02;Normal: Urbano moderado;Normal;Normal;0.050000007078051564;0.050000007078051564;R1_NORMAL;-1;-1;0;0;-1;-1;0;0.05000000819563866;0.028256790712475777;0.09791237115859985;96;4
C04;C04;Critico: Multiplas distracoes urbanas;Critico;Critico;0.5733639448881149;0.5733639448881149;R1_NORMAL;22;45;24;0;24;2;1;0.24207763373851776;0.19797582924365997;0.17288903892040253;96;4
C06;C06;Critico progressivo: Fadiga noturna;Critico;Critico;0.4368571028113365;0.4368571028113365;R3_FALSE_KIN;36;81;46;1;60;24;0;0.05000000819563866;0.1566447615623474;0.15339228510856628;96;4
C03;C03;Critico: Celular sem cinto sob chuva;Critico;Critico;0.603789496421814;0.603789496421814;R2_STABLE_RISK;26;41;16;0;28;2;1;0.20995424687862396;0.18493978679180145;0.16694481670856476;96;4
C02;C02;Critico: Fadiga com desvio cinematico;Critico;Critico;0.599709352850914;0.599709352850914;R2_STABLE_RISK;29;50;22;0;32;3;1;0.26451241970062256;0.09854327887296677;0.1752006560564041;96;4
N01;N01;Normal: Viagem tranquila em rodovia;Normal;Normal;0.050000007078051564;0.050000007078051564;R1_NORMAL;-1;-1;0;0;-1;-1;0;0.05000000819563866;0.03009653277695179;0.1121688261628151;96;4
C01;C01;Critico: Celular em alta velocidade;Critico;Critico;0.29102678298950196;0.29102678298950196;R2_STABLE_RISK;32;44;13;0;34;2;0;0.05000000819563866;0.1470913290977478;0.12628036737442017;96;4
C05;C05;Critico progressivo: Celular em rodovia;Critico;Critico;0.38055066913366314;0.38055066913366314;R1_NORMAL;42;73;32;1;58;16;0;0.05000000819563866;0.3130989968776703;0.15378354489803314;96;4
C08;C08;Critico progressivo: Distracao urbana multietapas;Critico;Critico;0.43843696713447566;0.43843696713447566;R1_NORMAL;28;77;50;1;59;31;0;0.05000000819563866;0.3107701539993286;0.156595379114151;96;4
N02;N02;Normal: Urbano moderado;Normal;Normal;0.050000007078051564;0.050000007078051564;R3_FALSE_KIN;-1;-1;0;0;-1;-1;0;0.05000000819563866;0.029778525233268738;0.13455107808113098;96;4
C07;C07;Critico progressivo: Sem cinto sob chuva;Critico;Critico;0.4982458740472793;0.4982458740472793;R1_NORMAL;37;75;39;1;57;20;1;0.249972864985466;0.38352537155151367;0.15427294373512268;96;4
C03;C03;Critico: Celular sem cinto sob chuva;Critico;Critico;0.3752959698438644;0.3752959698438644;R3_FALSE_KIN;26;41;16;0;28;2;0;0.05000000819563866;0.18056969344615936;0.10536900907754898;96;4
N03;N03;Normal: Noite estável;Normal;Normal;0.050000007078051564;0.050000007078051564;R2_STABLE_RISK;-1;-1;0;0;-1;-1;0;0.05000000819563866;0.030155306681990623;0.13056015968322754;96;4
N01;N01;Normal: Viagem tranquila em rodovia;Normal;Normal;0.050000007078051564;0.050000007078051564;R1_NORMAL;-1;-1;0;0;-1;-1;0;0.05000000819563866;0.0333302766084671;0.09551133960485458;96;4
C10;C10;Critico progressivo: Grooming em rodovia com fadiga;Critico;Critico;0.42092783898115155;0.42092783898115155;R1_NORMAL;40;81;42;1;66;26;0;0.05000000819563866;0.2047300934791565;0.13665936887264252;96;4
N02;N02;Normal: Urbano moderado;Normal;Normal;0.050000007078051564;0.050000007078051564;R2_STABLE_RISK;-1;-1;0;0;-1;-1;0;0.05000000819563866;0.02794514037668705;0.0962279662489891;96;4
C02;C02;Critico: Fadiga com desvio cinematico;Critico;Critico;0.6003933310508728;0.6003933310508728;R2_STABLE_RISK;29;50;22;0;32;3;1;0.24439476430416107;0.09811205416917801;0.134084090590477;96;4
C09;C09;Critico progressivo: Bebida ao volante;Critico;Critico;0.4055382534861564;0.4055382534861564;R1_NORMAL;38;73;36;1;56;18;0;0.05000000819563866;0.25402548909187317;0.13348473608493805;96;4
C07;C07;Critico progressivo: Sem cinto sob chuva;Critico;Critico;0.4109045192599296;0.4109045192599296;R1_NORMAL;37;75;39;1;61;24;0;0.05000000819563866;0.37824371457099915;0.11232838779687881;96;4
C07;C07;Critico progressivo: Sem cinto sob chuva;Critico;Critico;0.4157561898231506;0.4157561898231506;R2_STABLE_RISK;37;75;39;1;56;19;0;0.05000000819563866;0.3846772015094757;0.14843526482582092;96;4
C07;C07;Critico progressivo: Sem cinto sob chuva;Critico;Critico;0.4708780705928802;0.4708780705928802;R1_NORMAL;37;75;39;1;61;24;1;0.26746758818626404;0.37506571412086487;0.16203957796096802;96;4
C04;C04;Critico: Multiplas distracoes urbanas;Critico;Critico;0.3713889718055725;0.3713889718055725;R2_STABLE_RISK;22;45;24;0;24;2;0;0.05000000819563866;0.2061574012041092;0.12053978443145752;96;4
C07;C07;Critico progressivo: Sem cinto sob chuva;Critico;Critico;0.46778904795646664;0.46778904795646664;R1_NORMAL;37;75;39;1;58;21;1;0.2527558207511902;0.3691093921661377;0.15271517634391785;96;4
N01;N01;Normal: Viagem tranquila em rodovia;Normal;Normal;0.050000007078051564;0.050000007078051564;R1_NORMAL;-1;-1;0;0;-1;-1;0;0.05000000819563866;0.02793385647237301;0.10928279161453247;96;4
N02;N02;Normal: Urbano moderado;Normal;Normal;0.050000007078051564;0.050000007078051564;R1_NORMAL;-1;-1;0;0;-1;-1;0;0.05000000819563866;0.03460810333490372;0.08761950582265854;96;4
C07;C07;Critico progressivo: Sem cinto sob chuva;Critico;Critico;0.4138622537255287;0.4138622537255287;R2_STABLE_RISK;37;75;39;1;62;25;0;0.05000000819563866;0.37247589230537415;0.14165915548801422;96;4
C07;C07;Critico progressivo: Sem cinto sob chuva;Critico;Critico;0.4195079669356346;0.4195079669356346;R1_NORMAL;37;75;39;1;60;23;0;0.05000000819563866;0.38016530871391296;0.1406114250421524;96;4
C05;C05;Critico progressivo: Celular em rodovia;Critico;Critico;0.3712962463498115;0.3712962463498115;R2_STABLE_RISK;42;73;32;1;61;19;0;0.05000000819563866;0.31239965558052063;0.13126640021800995;96;4
C07;C07;Critico progressivo: Sem cinto sob chuva;Critico;Critico;0.5027229100465774;0.5027229100465774;R1_NORMAL;37;75;39;1;60;23;1;0.2974947988986969;0.38528528809547424;0.19410379230976105;96;4
N01;N01;Normal: Viagem tranquila em rodovia;Normal;Normal;0.050000007078051564;0.050000007078051564;R1_NORMAL;-1;-1;0;0;-1;-1;0;0.05000000819563866;0.0326383002102375;0.09053415060043335;96;4
C04;C04;Critico: Multiplas distracoes urbanas;Critico;Critico;0.5632218360900878;0.5632218360900878;R2_STABLE_RISK;22;45;24;0;24;2;1;0.19461841881275177;0.2090323120355606;0.23210139572620392;96;4
C02;C02;Critico: Fadiga com desvio cinematico;Critico;Critico;0.5943594425916672;0.5943594425916672;R2_STABLE_RISK;29;50;22;0;32;3;1;0.2166980355978012;0.09824347496032715;0.18081454932689667;96;4
C01;C01;Critico: Celular em alta velocidade;Critico;Critico;0.5233906000852584;0.5233906000852584;R2_STABLE_RISK;32;44;13;0;34;2;1;0.20670507848262787;0.15346963703632355;0.14222677052021027;96;4
N02;N02;Normal: Urbano moderado;Normal;Normal;0.050000007078051564;0.050000007078051564;R2_STABLE_RISK;-1;-1;0;0;-1;-1;0;0.05000000819563866;0.03180524706840515;0.12939968705177307;96;4
C09;C09;Critico progressivo: Bebida ao volante;Critico;Critico;0.3846934214234352;0.3846934214234352;R1_NORMAL;38;73;36;1;55;17;0;0.05000000819563866;0.2566222846508026;0.1286994069814682;96;4
C01;C01;Critico: Celular em alta velocidade;Critico;Critico;0.29102678298950196;0.29102678298950196;R2_STABLE_RISK;32;44;13;0;34;2;0;0.05000000819563866;0.15543311834335327;0.15651960670948029;96;4
C03;C03;Critico: Celular sem cinto sob chuva;Critico;Critico;0.3752959698438644;0.3752959698438644;R1_NORMAL;26;41;16;0;28;2;0;0.05000000819563866;0.18657954037189484;0.10615590214729309;96;4
C01;C01;Critico: Celular em alta velocidade;Critico;Critico;0.29102678298950196;0.29102678298950196;R1_NORMAL;32;44;13;0;34;2;0;0.05000000819563866;0.15395969152450562;0.10480275005102158;96;4
N02;N02;Normal: Urbano moderado;Normal;Normal;0.050000007078051564;0.050000007078051564;R1_NORMAL;-1;-1;0;0;-1;-1;0;0.05000000819563866;0.03532882407307625;0.1048969253897667;96;4
C06;C06;Critico progressivo: Fadiga noturna;Critico;Critico;0.41643697768449783;0.41643697768449783;R1_NORMAL;36;81;46;1;58;22;0;0.05000000819563866;0.1639660894870758;0.12412851303815842;96;4
C08;C08;Critico progressivo: Distracao urbana multietapas;Critico;Critico;0.5061234056949615;0.5061234056949615;R1_NORMAL;28;77;50;1;51;23;1;0.26015451550483704;0.32170411944389343;0.13777008652687073;96;4
C01;C01;Critico: Celular em alta velocidade;Critico;Critico;0.29102678298950196;0.29102678298950196;R2_STABLE_RISK;32;44;13;0;34;2;0;0.05000000819563866;0.16054517030715942;0.13683505356311798;96;4
C01;C01;Critico: Celular em alta velocidade;Critico;Critico;0.5249897480010985;0.5249897480010985;R1_NORMAL;32;44;13;0;34;2;1;0.25439462065696716;0.15940946340560913;0.21648573875427246;96;4
C02;C02;Critico: Fadiga com desvio cinematico;Critico;Critico;0.39378328174352645;0.39378328174352645;R2_STABLE_RISK;29;50;22;0;32;3;0;0.05000000819563866;0.09909365326166153;0.09316068887710571;96;4
C06;C06;Critico progressivo: Fadiga noturna;Critico;Critico;0.4119357213377952;0.4119357213377952;R1_NORMAL;36;81;46;1;63;27;0;0.05000000819563866;0.15460218489170074;0.11684480309486389;96;4
C03;C03;Critico: Celular sem cinto sob chuva;Critico;Critico;0.3752959698438644;0.3752959698438644;R3_FALSE_KIN;26;41;16;0;28;2;0;0.05000000819563866;0.18219244480133057;0.10614468902349472;96;4
C09;C09;Critico progressivo: Bebida ao volante;Critico;Critico;0.38271594196558;0.38271594196558;R1_NORMAL;38;73;36;1;60;22;0;0.05000000819563866;0.24750679731369019;0.14035730063915253;96;4
C02;C02;Critico: Fadiga com desvio cinematico;Critico;Critico;0.39378328174352645;0.39378328174352645;R2_STABLE_RISK;29;50;22;0;32;3;0;0.05000000819563866;0.09425952285528183;0.12776149809360504;96;4
C04;C04;Critico: Multiplas distracoes urbanas;Critico;Critico;0.5717755049467086;0.5717755049467086;R1_NORMAL;22;45;24;0;24;2;1;0.234269380569458;0.2007020264863968;0.19959823787212372;96;4
C01;C01;Critico: Celular em alta velocidade;Critico;Critico;0.29102678298950196;0.29102678298950196;R1_NORMAL;32;44;13;0;34;2;0;0.05000000819563866;0.1595304012298584;0.15111775696277618;96;4
C10;C10;Critico progressivo: Grooming em rodovia com fadiga;Critico;Critico;0.43324365168809886;0.43324365168809886;R1_NORMAL;40;81;42;1;59;19;0;0.05000000819563866;0.21320725977420807;0.12400653958320618;96;4
C08;C08;Critico progressivo: Distracao urbana multietapas;Critico;Critico;0.4262188002467155;0.4262188002467155;R1_NORMAL;28;77;50;1;57;29;0;0.05000000819563866;0.312199205160141;0.16536478698253632;96;4
C03;C03;Critico: Celular sem cinto sob chuva;Critico;Critico;0.6244779855012894;0.6244779855012894;R1_NORMAL;26;41;16;0;28;2;1;0.2648732364177704;0.19216042757034302;0.1610635370016098;96;4
C07;C07;Critico progressivo: Sem cinto sob chuva;Critico;Critico;0.42289361804723735;0.42289361804723735;R1_NORMAL;37;75;39;1;57;20;0;0.05000000819563866;0.3841648995876312;0.13077138364315033;96;4
N01;N01;Normal: Viagem tranquila em rodovia;Normal;Normal;0.050000007078051564;0.050000007078051564;R3_FALSE_KIN;-1;-1;0;0;-1;-1;0;0.05000000819563866;0.0325283408164978;0.10704854875802994;96;4
C02;C02;Critico: Fadiga com desvio cinematico;Critico;Critico;0.39378328174352645;0.39378328174352645;R2_STABLE_RISK;29;50;22;0;32;3;0;0.05000000819563866;0.09937617182731628;0.10369998961687088;96;4
N02;N02;Normal: Urbano moderado;Normal;Normal;0.050000007078051564;0.050000007078051564;R1_NORMAL;-1;-1;0;0;-1;-1;0;0.05000000819563866;0.033454280346632004;0.08278228342533112;96;4
C08;C08;Critico progressivo: Distracao urbana multietapas;Critico;Critico;0.44661232829093933;0.44661232829093933;R2_STABLE_RISK;28;77;50;1;57;29;0;0.05000000819563866;0.31641387939453125;0.14413803815841675;96;4
C03;C03;Critico: Celular sem cinto sob chuva;Critico;Critico;0.6077172607183456;0.6077172607183456;R2_STABLE_RISK;26;41;16;0;28;2;1;0.19966791570186615;0.19594931602478027;0.2063002586364746;96;4
C01;C01;Critico: Celular em alta velocidade;Critico;Critico;0.29102678298950196;0.29102678298950196;R2_STABLE_RISK;32;44;13;0;34;2;0;0.05000000819563866;0.16036143898963928;0.13676466047763824;96;4
C09;C09;Critico progressivo: Bebida ao volante;Critico;Critico;0.3886878862977028;0.3886878862977028;R1_NORMAL;38;73;36;1;56;18;0;0.05000000819563866;0.24675887823104858;0.20719079673290253;96;4
N03;N03;Normal: Noite estável;Normal;Normal;0.050000007078051564;0.050000007078051564;R2_STABLE_RISK;-1;-1;0;0;-1;-1;0;0.05000000819563866;0.03354121744632721;0.10193157196044922;96;4
C04;C04;Critico: Multiplas distracoes urbanas;Critico;Critico;0.3713889718055725;0.3713889718055725;R3_FALSE_KIN;22;45;24;0;24;2;0;0.05000000819563866;0.20445537567138672;0.13637316226959229;96;4
C02;C02;Critico: Fadiga com desvio cinematico;Critico;Critico;0.39378328174352645;0.39378328174352645;R3_FALSE_KIN;29;50;22;0;32;3;0;0.05000000819563866;0.10142099857330322;0.12478428333997726;96;4
C09;C09;Critico progressivo: Bebida ao volante;Critico;Critico;0.38784319311380383;0.38784319311380383;R1_NORMAL;38;73;36;1;59;21;0;0.05000000819563866;0.2496262937784195;0.13082528114318848;96;4
C06;C06;Critico progressivo: Fadiga noturna;Critico;Critico;0.4729857474565506;0.4729857474565506;R3_FALSE_KIN;36;81;46;1;65;29;1;0.30814042687416077;0.1522422581911087;0.09425743669271469;96;4
N01;N01;Normal: Viagem tranquila em rodovia;Normal;Normal;0.050000007078051564;0.050000007078051564;R1_NORMAL;-1;-1;0;0;-1;-1;0;0.05000000819563866;0.03257887437939644;0.09020152688026428;96;4
C07;C07;Critico progressivo: Sem cinto sob chuva;Critico;Critico;0.42621454596519465;0.42621454596519465;R3_FALSE_KIN;37;75;39;1;56;19;0;0.05000000819563866;0.37460970878601074;0.114219069480896;96;4
C02;C02;Critico: Fadiga com desvio cinematico;Critico;Critico;0.5930431693792343;0.5930431693792343;R1_NORMAL;29;50;22;0;32;3;1;0.20983056724071503;0.1010398268699646;0.1809266060590744;96;4
C04;C04;Critico: Multiplas distracoes urbanas;Critico;Critico;0.3713889718055725;0.3713889718055725;R1_NORMAL;22;45;24;0;24;2;0;0.05000000819563866;0.20664256811141968;0.14420486986637115;96;4
C10;C10;Critico progressivo: Grooming em rodovia com fadiga;Critico;Critico;0.4031753227114677;0.4031753227114677;R1_NORMAL;40;81;42;1;64;24;0;0.05000000819563866;0.19912360608577728;0.10586924105882645;96;4
C09;C09;Critico progressivo: Bebida ao volante;Critico;Critico;0.407401005923748;0.407401005923748;R2_STABLE_RISK;38;73;36;1;60;22;0;0.05000000819563866;0.24681955575942993;0.13664734363555908;96;4
C10;C10;Critico progressivo: Grooming em rodovia com fadiga;Critico;Critico;0.39440009444952007;0.39440009444952007;R1_NORMAL;40;81;42;1;63;23;0;0.05000000819563866;0.2048533707857132;0.11377497762441635;96;4
C10;C10;Critico progressivo: Grooming em rodovia com fadiga;Critico;Critico;0.46414878964424133;0.46414878964424133;R2_STABLE_RISK;40;81;42;1;63;23;1;0.31110721826553345;0.20123659074306488;0.07555851340293884;96;4
C08;C08;Critico progressivo: Distracao urbana multietapas;Critico;Critico;0.4280904054641723;0.4280904054641723;R2_STABLE_RISK;28;77;50;1;58;30;0;0.05000000819563866;0.3140617311000824;0.13977079093456268;96;4
C01;C01;Critico: Celular em alta velocidade;Critico;Critico;0.5231925725936889;0.5231925725936889;R2_STABLE_RISK;32;44;13;0;34;2;1;0.20978794991970062;0.14684374630451202;0.15200667083263397;96;4
C02;C02;Critico: Fadiga com desvio cinematico;Critico;Critico;0.5959614545106888;0.5959614545106888;R1_NORMAL;29;50;22;0;32;3;1;0.2587934136390686;0.09740439057350159;0.17878635227680206;96;4
C07;C07;Critico progressivo: Sem cinto sob chuva;Critico;Critico;0.4085863664746284;0.4085863664746284;R1_NORMAL;37;75;39;1;57;20;0;0.05000000819563866;0.38218608498573303;0.15964004397392273;96;4
C03;C03;Critico: Celular sem cinto sob chuva;Critico;Critico;0.3752959698438644;0.3752959698438644;R1_NORMAL;26;41;16;0;28;2;0;0.05000000819563866;0.19113266468048096;0.13198652863502502;96;4
C08;C08;Critico progressivo: Distracao urbana multietapas;Critico;Critico;0.45221590250730515;0.45221590250730515;R1_NORMAL;28;77;50;1;58;30;0;0.05000000819563866;0.31331413984298706;0.16741126775741577;96;4
N03;N03;Normal: Noite estável;Normal;Normal;0.050000007078051564;0.050000007078051564;R1_NORMAL;-1;-1;0;0;-1;-1;0;0.05000000819563866;0.03304477408528328;0.07480031251907349;96;4
C06;C06;Critico progressivo: Fadiga noturna;Critico;Critico;0.43828478008508676;0.43828478008508676;R2_STABLE_RISK;36;81;46;1;61;25;0;0.05000000819563866;0.16017867624759674;0.10659638047218323;96;4
C08;C08;Critico progressivo: Distracao urbana multietapas;Critico;Critico;0.4973686128854752;0.4973686128854752;R3_FALSE_KIN;28;77;50;1;56;28;1;0.3090672791004181;0.3103483021259308;0.17693068087100983;96;4
C07;C07;Critico progressivo: Sem cinto sob chuva;Critico;Critico;0.4913071125745773;0.4913071125745773;R2_STABLE_RISK;37;75;39;1;57;20;1;0.2619447410106659;0.37991657853126526;0.2257964164018631;96;4
C02;C02;Critico: Fadiga com desvio cinematico;Critico;Critico;0.39378328174352645;0.39378328174352645;R2_STABLE_RISK;29;50;22;0;32;3;0;0.05000000819563866;0.09881758689880371;0.13416235148906708;96;4
N02;N02;Normal: Urbano moderado;Normal;Normal;0.050000007078051564;0.050000007078051564;R2_STABLE_RISK;-1;-1;0;0;-1;-1;0;0.05000000819563866;0.027707448229193687;0.10794457048177719;96;4
C04;C04;Critico: Multiplas distracoes urbanas;Critico;Critico;0.3713889718055725;0.3713889718055725;R2_STABLE_RISK;22;45;24;0;24;2;0;0.05000000819563866;0.20255285501480103;0.14687782526016235;96;4
C02;C02;Critico: Fadiga com desvio cinematico;Critico;Critico;0.39378328174352645;0.39378328174352645;R1_NORMAL;29;50;22;0;32;3;0;0.05000000819563866;0.09248168021440506;0.11595837026834488;96;4
C05;C05;Critico progressivo: Celular em rodovia;Critico;Critico;0.38952941149473186;0.38952941149473186;R2_STABLE_RISK;42;73;32;1;59;17;0;0.05000000819563866;0.31692007184028625;0.11687207967042923;96;4
N01;N01;Normal: Viagem tranquila em rodovia;Normal;Normal;0.050000007078051564;0.050000007078051564;R1_NORMAL;-1;-1;0;0;-1;-1;0;0.05000000819563866;0.02521747350692749;0.10167232155799866;96;4
C06;C06;Critico progressivo: Fadiga noturna;Critico;Critico;0.4139237776398659;0.4139237776398659;R2_STABLE_RISK;36;81;46;1;61;25;0;0.05000000819563866;0.1607370227575302;0.10627306252717972;96;4
C05;C05;Critico progressivo: Celular em rodovia;Critico;Critico;0.40357880145311353;0.40357880145311353;R3_FALSE_KIN;42;73;32;1;59;17;0;0.05000000819563866;0.31739500164985657;0.11146542429924011;96;4
N03;N03;Normal: Noite estável;Normal;Normal;0.050000007078051564;0.050000007078051564;R1_NORMAL;-1;-1;0;0;-1;-1;0;0.05000000819563866;0.03566596284508705;0.10335632413625717;96;4
C03;C03;Critico: Celular sem cinto sob chuva;Critico;Critico;0.3752959698438644;0.3752959698438644;R3_FALSE_KIN;26;41;16;0;28;2;0;0.05000000819563866;0.18527992069721222;0.11925884336233139;96;4
C08;C08;Critico progressivo: Distracao urbana multietapas;Critico;Critico;0.5181893706321716;0.5181893706321716;R2_STABLE_RISK;28;77;50;1;52;24;1;0.33006027340888977;0.3198353052139282;0.179523304104805;96;4
C05;C05;Critico progressivo: Celular em rodovia;Critico;Critico;0.4725532174110412;0.4725532174110412;R1_NORMAL;42;73;32;1;58;16;1;0.2778990864753723;0.31508639454841614;0.17489077150821686;96;4
C04;C04;Critico: Multiplas distracoes urbanas;Critico;Critico;0.5776642322540283;0.5776642322540283;R2_STABLE_RISK;22;45;24;0;24;2;1;0.2764720022678375;0.20280517637729645;0.18690341711044312;96;4
N01;N01;Normal: Viagem tranquila em rodovia;Normal;Normal;0.050000007078051564;0.050000007078051564;R2_STABLE_RISK;-1;-1;0;0;-1;-1;0;0.05000000819563866;0.03484835848212242;0.10073482990264893;96;4
N01;N01;Normal: Viagem tranquila em rodovia;Normal;Normal;0.050000007078051564;0.050000007078051564;R1_NORMAL;-1;-1;0;0;-1;-1;0;0.05000000819563866;0.02898012101650238;0.08030768483877182;96;4
N03;N03;Normal: Noite estável;Normal;Normal;0.050000007078051564;0.050000007078051564;R3_FALSE_KIN;-1;-1;0;0;-1;-1;0;0.05000000819563866;0.029703473672270775;0.09038841724395752;96;4
N01;N01;Normal: Viagem tranquila em rodovia;Normal;Normal;0.050000007078051564;0.050000007078051564;R2_STABLE_RISK;-1;-1;0;0;-1;-1;0;0.05000000819563866;0.03036191314458847;0.0878794714808464;96;4
C05;C05;Critico progressivo: Celular em rodovia;Critico;Critico;0.4612473040819168;0.4612473040819168;R1_NORMAL;42;73;32;1;61;19;1;0.28752651810646057;0.31727397441864014;0.12992091476917267;96;4
C06;C06;Critico progressivo: Fadiga noturna;Critico;Critico;0.4474612191319466;0.4474612191319466;R1_NORMAL;36;81;46;1;61;25;0;0.05000000819563866;0.15582869946956635;0.1679961234331131;96;4
C02;C02;Critico: Fadiga com desvio cinematico;Critico;Critico;0.39378328174352645;0.39378328174352645;R1_NORMAL;29;50;22;0;32;3;0;0.05000000819563866;0.09389551728963852;0.12088922411203384;96;4
N01;N01;Normal: Viagem tranquila em rodovia;Normal;Normal;0.050000007078051564;0.050000007078051564;R2_STABLE_RISK;-1;-1;0;0;-1;-1;0;0.05000000819563866;0.03129507973790169;0.12716680765151978;96;4
C06;C06;Critico progressivo: Fadiga noturna;Critico;Critico;0.40726385116577146;0.40726385116577146;R2_STABLE_RISK;36;81;46;1;60;24;0;0.05000000819563866;0.15849637985229492;0.11611589044332504;96;4
C04;C04;Critico: Multiplas distracoes urbanas;Critico;Critico;0.5789633363485336;0.5789633363485336;R3_FALSE_KIN;22;45;24;0;24;2;1;0.2696016728878021;0.20890092849731445;0.20193910598754883;96;4
C05;C05;Critico progressivo: Celular em rodovia;Critico;Critico;0.3990999266505242;0.3990999266505242;R1_NORMAL;42;73;32;1;57;15;0;0.05000000819563866;0.3152919113636017;0.12669849395751953;96;4
C08;C08;Critico progressivo: Distracao urbana multietapas;Critico;Critico;0.429560911655426;0.429560911655426;R1_NORMAL;28;77;50;1;49;21;0;0.05000000819563866;0.3155938982963562;0.12065974622964859;96;4
N01;N01;Normal: Viagem tranquila em rodovia;Normal;Normal;0.050000007078051564;0.050000007078051564;R3_FALSE_KIN;-1;-1;0;0;-1;-1;0;0.05000000819563866;0.028025275096297264;0.12219926714897156;96;4
N02;N02;Normal: Urbano moderado;Normal;Normal;0.050000007078051564;0.050000007078051564;R2_STABLE_RISK;-1;-1;0;0;-1;-1;0;0.05000000819563866;0.03500350937247276;0.10690126568078995;96;4
C05;C05;Critico progressivo: Celular em rodovia;Critico;Critico;0.45810623764991754;0.45810623764991754;R1_NORMAL;42;73;32;1;59;17;1;0.3089916408061981;0.32138577103614807;0.14031706750392914;96;4
C01;C01;Critico: Celular em alta velocidade;Critico;Critico;0.29102678298950196;0.29102678298950196;R1_NORMAL;32;44;13;0;34;2;0;0.05000000819563866;0.1563843935728073;0.14562258124351501;96;4
C06;C06;Critico progressivo: Fadiga noturna;Critico;Critico;0.4003285825252533;0.4003285825252533;R3_FALSE_KIN;36;81;46;1;62;26;0;0.05000000819563866;0.1548435539007187;0.11848040670156479;96;4
C08;C08;Critico progressivo: Distracao urbana multietapas;Critico;Critico;0.4236541673541069;0.4236541673541069;R3_FALSE_KIN;28;77;50;1;54;26;0;0.05000000819563866;0.3140285313129425;0.1787906438112259;96;4
C03;C03;Critico: Celular sem cinto sob chuva;Critico;Critico;0.3752959698438644;0.3752959698438644;R2_STABLE_RISK;26;41;16;0;28;2;0;0.05000000819563866;0.18550576269626617;0.1311269998550415;96;4
C06;C06;Critico progressivo: Fadiga noturna;Critico;Critico;0.4382554411888122;0.4382554411888122;R1_NORMAL;36;81;46;1;58;22;0;0.05000000819563866;0.1670352965593338;0.11715856939554214;96;4
C01;C01;Critico: Celular em alta velocidade;Critico;Critico;0.5162877768278122;0.5162877768278122;R1_NORMAL;32;44;13;0;34;2;1;0.18331317603588104;0.163569375872612;0.20716793835163116;96;4
C07;C07;Critico progressivo: Sem cinto sob chuva;Critico;Critico;0.40637424737215044;0.40637424737215044;R3_FALSE_KIN;37;75;39;1;58;21;0;0.05000000819563866;0.37938404083251953;0.16591137647628784;96;4
N01;N01;Normal: Viagem tranquila em rodovia;Normal;Normal;0.050000007078051564;0.050000007078051564;R2_STABLE_RISK;-1;-1;0;0;-1;-1;0;0.05000000819563866;0.034306254237890244;0.09474877268075943;96;4
C06;C06;Critico progressivo: Fadiga noturna;Critico;Critico;0.3991871669888496;0.3991871669888496;R2_STABLE_RISK;36;81;46;1;62;26;0;0.05000000819563866;0.15347622334957123;0.12348759174346924;96;4
C05;C05;Critico progressivo: Celular em rodovia;Critico;Critico;0.39075898975133894;0.39075898975133894;R3_FALSE_KIN;42;73;32;1;60;18;0;0.05000000819563866;0.31216374039649963;0.1279131919145584;96;4
C09;C09;Critico progressivo: Bebida ao volante;Critico;Critico;0.4958266288042068;0.4958266288042068;R1_NORMAL;38;73;36;1;60;22;1;0.2501079738140106;0.2529296576976776;0.14759905636310577;96;4
C06;C06;Critico progressivo: Fadiga noturna;Critico;Critico;0.4221832618117332;0.4221832618117332;R2_STABLE_RISK;36;81;46;1;62;26;0;0.05000000819563866;0.1541101485490799;0.10992687940597534;96;4
N01;N01;Normal: Viagem tranquila em rodovia;Normal;Normal;0.050000007078051564;0.050000007078051564;R3_FALSE_KIN;-1;-1;0;0;-1;-1;0;0.05000000819563866;0.036006275564432144;0.09200247377157211;96;4
N03;N03;Normal: Noite estável;Normal;Normal;0.050000007078051564;0.050000007078051564;R2_STABLE_RISK;-1;-1;0;0;-1;-1;0;0.05000000819563866;0.03473249822854996;0.10103771835565567;96;4
C10;C10;Critico progressivo: Grooming em rodovia com fadiga;Critico;Critico;0.42215547710657114;0.42215547710657114;R2_STABLE_RISK;40;81;42;1;64;24;0;0.05000000819563866;0.2057897299528122;0.11172166466712952;96;4
N01;N01;Normal: Viagem tranquila em rodovia;Normal;Normal;0.050000007078051564;0.050000007078051564;R1_NORMAL;-1;-1;0;0;-1;-1;0;0.05000000819563866;0.0334647037088871;0.09776695817708969;96;4
N02;N02;Normal: Urbano moderado;Normal;Normal;0.050000007078051564;0.050000007078051564;R1_NORMAL;-1;-1;0;0;-1;-1;0;0.05000000819563866;0.0314367301762104;0.07997915148735046;96;4
C06;C06;Critico progressivo: Fadiga noturna;Critico;Critico;0.42837574183940885;0.42837574183940885;R2_STABLE_RISK;36;81;46;1;55;19;0;0.05000000819563866;0.15604352951049805;0.12628066539764404;96;4
C09;C09;Critico progressivo: Bebida ao volante;Critico;Critico;0.4800845563411712;0.4800845563411712;R1_NORMAL;38;73;36;1;56;18;1;0.31048932671546936;0.24982553720474243;0.19031862914562225;96;4
C09;C09;Critico progressivo: Bebida ao volante;Critico;Critico;0.4842988848686218;0.4842988848686218;R2_STABLE_RISK;38;73;36;1;58;20;1;0.31808218359947205;0.2584663927555084;0.14548560976982117;96;4
C06;C06;Critico progressivo: Fadiga noturna;Critico;Critico;0.44821181595325466;0.44821181595325466;R1_NORMAL;36;81;46;1;57;21;0;0.05000000819563866;0.16502022743225098;0.11848330497741699;96;4
C10;C10;Critico progressivo: Grooming em rodovia com fadiga;Critico;Critico;0.3967008590698242;0.3967008590698242;R1_NORMAL;40;81;42;1;63;23;0;0.05000000819563866;0.20069493353366852;0.11108097434043884;96;4
N01;N01;Normal: Viagem tranquila em rodovia;Normal;Normal;0.050000007078051564;0.050000007078051564;R3_FALSE_KIN;-1;-1;0;0;-1;-1;0;0.05000000819563866;0.037541475147008896;0.12352022528648376;96;4
N02;N02;Normal: Urbano moderado;Normal;Normal;0.050000007078051564;0.050000007078051564;R1_NORMAL;-1;-1;0;0;-1;-1;0;0.05000000819563866;0.02798040211200714;0.10361375659704208;96;4
C04;C04;Critico: Multiplas distracoes urbanas;Critico;Critico;0.5746403247117996;0.5746403247117996;R2_STABLE_RISK;22;45;24;0;24;2;1;0.25507310032844543;0.20426233112812042;0.20064502954483032;96;4
C04;C04;Critico: Multiplas distracoes urbanas;Critico;Critico;0.3713889718055725;0.3713889718055725;R1_NORMAL;22;45;24;0;24;2;0;0.05000000819563866;0.20447278022766113;0.14392076432704926;96;4
N02;N02;Normal: Urbano moderado;Normal;Normal;0.050000007078051564;0.050000007078051564;R1_NORMAL;-1;-1;0;0;-1;-1;0;0.05000000819563866;0.02694639563560486;0.091054268181324;96;4
C01;C01;Critico: Celular em alta velocidade;Critico;Critico;0.29102678298950196;0.29102678298950196;R3_FALSE_KIN;32;44;13;0;34;2;0;0.05000000819563866;0.1543525904417038;0.13648337125778198;96;4
C08;C08;Critico progressivo: Distracao urbana multietapas;Critico;Critico;0.4887260884046555;0.4887260884046555;R1_NORMAL;28;77;50;1;55;27;1;0.2759055197238922;0.3151325583457947;0.2577260136604309;96;4
C08;C08;Critico progressivo: Distracao urbana multietapas;Critico;Critico;0.5032398015260696;0.5032398015260696;R3_FALSE_KIN;28;77;50;1;53;25;1;0.30960384011268616;0.3277435302734375;0.15993589162826538;96;4
C03;C03;Critico: Celular sem cinto sob chuva;Critico;Critico;0.3752959698438644;0.3752959698438644;R1_NORMAL;26;41;16;0;28;2;0;0.05000000819563866;0.19107897579669952;0.12494519352912903;96;4
N01;N01;Normal: Viagem tranquila em rodovia;Normal;Normal;0.050000007078051564;0.050000007078051564;R2_STABLE_RISK;-1;-1;0;0;-1;-1;0;0.05000000819563866;0.029926195740699768;0.07838848978281021;96;4
C08;C08;Critico progressivo: Distracao urbana multietapas;Critico;Critico;0.4600796073675155;0.4600796073675155;R1_NORMAL;28;77;50;1;52;24;0;0.05000000819563866;0.31853312253952026;0.1458211988210678;96;4
C01;C01;Critico: Celular em alta velocidade;Critico;Critico;0.5231186598539352;0.5231186598539352;R1_NORMAL;32;44;13;0;34;2;1;0.21111546456813812;0.14900213479995728;0.20831720530986786;96;4
N03;N03;Normal: Noite estável;Normal;Normal;0.050000007078051564;0.050000007078051564;R2_STABLE_RISK;-1;-1;0;0;-1;-1;0;0.05000000819563866;0.03105529583990574;0.10596945136785507;96;4
C03;C03;Critico: Celular sem cinto sob chuva;Critico;Critico;0.3752959698438644;0.3752959698438644;R3_FALSE_KIN;26;41;16;0;28;2;0;0.05000000819563866;0.18775786459445953;0.1091512143611908;96;4
N01;N01;Normal: Viagem tranquila em rodovia;Normal;Normal;0.050000007078051564;0.050000007078051564;R1_NORMAL;-1;-1;0;0;-1;-1;0;0.05000000819563866;0.036613404750823975;0.1015055775642395;96;4
C09;C09;Critico progressivo: Bebida ao volante;Critico;Critico;0.47091138958930967;0.47091138958930967;R1_NORMAL;38;73;36;1;56;18;1;0.2716246247291565;0.25559088587760925;0.19838976860046387;96;4
C10;C10;Critico progressivo: Grooming em rodovia com fadiga;Critico;Critico;0.3891637995839119;0.3891637995839119;R1_NORMAL;40;81;42;1;64;24;0;0.05000000819563866;0.19765357673168182;0.08837604522705078;96;4
C03;C03;Critico: Celular sem cinto sob chuva;Critico;Critico;0.3752959698438644;0.3752959698438644;R1_NORMAL;26;41;16;0;28;2;0;0.05000000819563866;0.18446104228496552;0.13462375104427338;96;4
C03;C03;Critico: Celular sem cinto sob chuva;Critico;Critico;0.604025164246559;0.604025164246559;R1_NORMAL;26;41;16;0;28;2;1;0.21350811421871185;0.19093076884746552;0.22112496197223663;96;4
C09;C09;Critico progressivo: Bebida ao volante;Critico;Critico;0.39858872443437576;0.39858872443437576;R2_STABLE_RISK;38;73;36;1;57;19;0;0.05000000819563866;0.25210317969322205;0.12280391901731491;96;4
C03;C03;Critico: Celular sem cinto sob chuva;Critico;Critico;0.3752959698438644;0.3752959698438644;R1_NORMAL;26;41;16;0;28;2;0;0.05000000819563866;0.19026945531368256;0.08715302497148514;96;4
N02;N02;Normal: Urbano moderado;Normal;Normal;0.050000007078051564;0.050000007078051564;R2_STABLE_RISK;-1;-1;0;0;-1;-1;0;0.05000000819563866;0.03526918217539787;0.08341372758150101;96;4
C09;C09;Critico progressivo: Bebida ao volante;Critico;Critico;0.47089412510395046;0.47089412510395046;R1_NORMAL;38;73;36;1;60;22;1;0.3117769658565521;0.24821726977825165;0.14026105403900146;96;4
C06;C06;Critico progressivo: Fadiga noturna;Critico;Critico;0.47357387542724605;0.47357387542724605;R3_FALSE_KIN;36;81;46;1;55;19;1;0.31166186928749084;0.1663333922624588;0.14086668193340302;96;4
C06;C06;Critico progressivo: Fadiga noturna;Critico;Critico;0.4119590878486633;0.4119590878486633;R1_NORMAL;36;81;46;1;60;24;0;0.05000000819563866;0.15360914170742035;0.12069416046142578;96;4
C08;C08;Critico progressivo: Distracao urbana multietapas;Critico;Critico;0.44859002679586407;0.44859002679586407;R2_STABLE_RISK;28;77;50;1;54;26;0;0.05000000819563866;0.3133556842803955;0.1741834133863449;96;4
C08;C08;Critico progressivo: Distracao urbana multietapas;Critico;Critico;0.4555173277854919;0.4555173277854919;R1_NORMAL;28;77;50;1;53;25;0;0.05000000819563866;0.3173536956310272;0.1595848947763443;96;4
C08;C08;Critico progressivo: Distracao urbana multietapas;Critico;Critico;0.49357174932956693;0.49357174932956693;R2_STABLE_RISK;28;77;50;1;56;28;1;0.3232060372829437;0.31217941641807556;0.19120490550994873;96;4
C06;C06;Critico progressivo: Fadiga noturna;Critico;Critico;0.4177116513252258;0.4177116513252258;R1_NORMAL;36;81;46;1;59;23;0;0.05000000819563866;0.15882863104343414;0.08767199516296387;96;4
C07;C07;Critico progressivo: Sem cinto sob chuva;Critico;Critico;0.3869642779231071;0.3869642779231071;R1_NORMAL;37;75;39;1;61;24;0;0.05000000819563866;0.37814202904701233;0.11782541126012802;96;4
C01;C01;Critico: Celular em alta velocidade;Critico;Critico;0.5356632679700851;0.5356632679700851;R1_NORMAL;32;44;13;0;34;2;1;0.2631373703479767;0.15432889759540558;0.15633021295070648;96;4
N01;N01;Normal: Viagem tranquila em rodovia;Normal;Normal;0.050000007078051564;0.050000007078051564;R2_STABLE_RISK;-1;-1;0;0;-1;-1;0;0.05000000819563866;0.033351730555295944;0.06661833077669144;96;4
C07;C07;Critico progressivo: Sem cinto sob chuva;Critico;Critico;0.40068438053131106;0.40068438053131106;R1_NORMAL;37;75;39;1;60;23;0;0.05000000819563866;0.39103737473487854;0.13026487827301025;96;4
C02;C02;Critico: Fadiga com desvio cinematico;Critico;Critico;0.39378328174352645;0.39378328174352645;R2_STABLE_RISK;29;50;22;0;32;3;0;0.05000000819563866;0.09742527455091476;0.11342696100473404;96;4
C10;C10;Critico progressivo: Grooming em rodovia com fadiga;Critico;Critico;0.45073423087596887;0.45073423087596887;R2_STABLE_RISK;40;81;42;1;63;23;1;0.33156153559684753;0.19775013625621796;0.11803468316793442;96;4
C06;C06;Critico progressivo: Fadiga noturna;Critico;Critico;0.5027670919895172;0.5027670919895172;R1_NORMAL;36;81;46;1;58;22;1;0.3067028820514679;0.1675630807876587;0.1352207064628601;96;4
C07;C07;Critico progressivo: Sem cinto sob chuva;Critico;Critico;0.39154270142316816;0.39154270142316816;R3_FALSE_KIN;37;75;39;1;58;21;0;0.05000000819563866;0.38027623295783997;0.13161486387252808;96;4
C02;C02;Critico: Fadiga com desvio cinematico;Critico;Critico;0.39378328174352645;0.39378328174352645;R1_NORMAL;29;50;22;0;32;3;0;0.05000000819563866;0.09372905641794205;0.0994749590754509;96;4
C03;C03;Critico: Celular sem cinto sob chuva;Critico;Critico;0.3752959698438644;0.3752959698438644;R2_STABLE_RISK;26;41;16;0;28;2;0;0.05000000819563866;0.19312524795532227;0.11009065061807632;96;4
C08;C08;Critico progressivo: Distracao urbana multietapas;Critico;Critico;0.4310280725359916;0.4310280725359916;R1_NORMAL;28;77;50;1;54;26;0;0.05000000819563866;0.3124619126319885;0.1636427789926529;96;4
C03;C03;Critico: Celular sem cinto sob chuva;Critico;Critico;0.3752959698438644;0.3752959698438644;R1_NORMAL;26;41;16;0;28;2;0;0.05000000819563866;0.1820811778306961;0.13380229473114014;96;4
N02;N02;Normal: Urbano moderado;Normal;Normal;0.050000007078051564;0.050000007078051564;R3_FALSE_KIN;-1;-1;0;0;-1;-1;0;0.05000000819563866;0.03674192726612091;0.12052860110998154;96;4
C08;C08;Critico progressivo: Distracao urbana multietapas;Critico;Critico;0.4396982952952385;0.4396982952952385;R1_NORMAL;28;77;50;1;59;31;0;0.05000000819563866;0.31407496333122253;0.19813323020935059;96;4
C05;C05;Critico progressivo: Celular em rodovia;Critico;Critico;0.3962805554270744;0.3962805554270744;R2_STABLE_RISK;42;73;32;1;60;18;0;0.05000000819563866;0.3094853460788727;0.11750280857086182;96;4
C04;C04;Critico: Multiplas distracoes urbanas;Critico;Critico;0.3713889718055725;0.3713889718055725;R1_NORMAL;22;45;24;0;24;2;0;0.05000000819563866;0.20077235996723175;0.17138569056987762;96;4
C09;C09;Critico progressivo: Bebida ao volante;Critico;Critico;0.40818348377943037;0.40818348377943037;R2_STABLE_RISK;38;73;36;1;56;18;0;0.05000000819563866;0.2580772340297699;0.13423798978328705;96;4
N03;N03;Normal: Noite estável;Normal;Normal;0.050000007078051564;0.050000007078051564;R2_STABLE_RISK;-1;-1;0;0;-1;-1;0;0.05000000819563866;0.030580660328269005;0.09006962180137634;96;4
C05;C05;Critico progressivo: Celular em rodovia;Critico;Critico;0.37860098183155055;0.37860098183155055;R2_STABLE_RISK;42;73;32;1;61;19;0;0.05000000819563866;0.3175697922706604;0.12203973531723022;96;4
C03;C03;Critico: Celular sem cinto sob chuva;Critico;Critico;0.3752959698438644;0.3752959698438644;R3_FALSE_KIN;26;41;16;0;28;2;0;0.05000000819563866;0.1828099936246872;0.10911350697278976;96;4
C09;C09;Critico progressivo: Bebida ao volante;Critico;Critico;0.4943722128868102;0.4943722128868102;R2_STABLE_RISK;38;73;36;1;55;17;1;0.27974167466163635;0.25294724106788635;0.22887785732746124;96;4
C03;C03;Critico: Celular sem cinto sob chuva;Critico;Critico;0.6268910855054854;0.6268910855054854;R1_NORMAL;26;41;16;0;28;2;1;0.2756939232349396;0.19138114154338837;0.20149248838424683;96;4
N01;N01;Normal: Viagem tranquila em rodovia;Normal;Normal;0.050000007078051564;0.050000007078051564;R1_NORMAL;-1;-1;0;0;-1;-1;0;0.05000000819563866;0.032492343336343765;0.09541040658950806;96;4
C03;C03;Critico: Celular sem cinto sob chuva;Critico;Critico;0.3752959698438644;0.3752959698438644;R2_STABLE_RISK;26;41;16;0;28;2;0;0.05000000819563866;0.19243723154067993;0.16892655193805695;96;4
C04;C04;Critico: Multiplas distracoes urbanas;Critico;Critico;0.3713889718055725;0.3713889718055725;R1_NORMAL;22;45;24;0;24;2;0;0.05000000819563866;0.20056693255901337;0.12552018463611603;96;4
C03;C03;Critico: Celular sem cinto sob chuva;Critico;Critico;0.6204322725534439;0.6204322725534439;R1_NORMAL;26;41;16;0;28;2;1;0.24891115725040436;0.19087810814380646;0.20938988029956818;96;4
C05;C05;Critico progressivo: Celular em rodovia;Critico;Critico;0.38726031333208083;0.38726031333208083;R3_FALSE_KIN;42;73;32;1;58;16;0;0.05000000819563866;0.3153284192085266;0.13687758147716522;96;4
N01;N01;Normal: Viagem tranquila em rodovia;Normal;Normal;0.050000007078051564;0.050000007078051564;R1_NORMAL;-1;-1;0;0;-1;-1;0;0.05000000819563866;0.029052043333649635;0.07419349998235703;96;4
C08;C08;Critico progressivo: Distracao urbana multietapas;Critico;Critico;0.436906686425209;0.436906686425209;R2_STABLE_RISK;28;77;50;1;50;22;0;0.05000000819563866;0.3131597340106964;0.1789034754037857;96;4
N03;N03;Normal: Noite estável;Normal;Normal;0.050000007078051564;0.050000007078051564;R2_STABLE_RISK;-1;-1;0;0;-1;-1;0;0.05000000819563866;0.03550367057323456;0.1328635960817337;96;4
N02;N02;Normal: Urbano moderado;Normal;Normal;0.050000007078051564;0.050000007078051564;R1_NORMAL;-1;-1;0;0;-1;-1;0;0.05000000819563866;0.028432970866560936;0.1007220521569252;96;4
C05;C05;Critico progressivo: Celular em rodovia;Critico;Critico;0.48160602152347565;0.48160602152347565;R2_STABLE_RISK;42;73;32;1;59;17;1;0.29117339849472046;0.3188225030899048;0.14586663246154785;96;4
C04;C04;Critico: Multiplas distracoes urbanas;Critico;Critico;0.5682621717453002;0.5682621717453002;R1_NORMAL;22;45;24;0;24;2;1;0.21699917316436768;0.2069135159254074;0.17306344211101532;96;4
C07;C07;Critico progressivo: Sem cinto sob chuva;Critico;Critico;0.40696682780981064;0.40696682780981064;R1_NORMAL;37;75;39;1;57;20;0;0.05000000819563866;0.37481316924095154;0.12639406323432922;96;4
C10;C10;Critico progressivo: Grooming em rodovia com fadiga;Critico;Critico;0.43867664188146593;0.43867664188146593;R2_STABLE_RISK;40;81;42;1;62;22;0;0.05000000819563866;0.20489895343780518;0.13938675820827484;96;4
C10;C10;Critico progressivo: Grooming em rodovia com fadiga;Critico;Critico;0.40145944356918334;0.40145944356918334;R1_NORMAL;40;81;42;1;63;23;0;0.05000000819563866;0.1968674212694168;0.11886294931173325;96;4
C01;C01;Critico: Celular em alta velocidade;Critico;Critico;0.29102678298950196;0.29102678298950196;R1_NORMAL;32;44;13;0;34;2;0;0.05000000819563866;0.15274713933467865;0.1484222561120987;96;4
C04;C04;Critico: Multiplas distracoes urbanas;Critico;Critico;0.5656312733888625;0.5656312733888625;R2_STABLE_RISK;22;45;24;0;24;2;1;0.22371762990951538;0.2097892016172409;0.19792990386486053;96;4
C02;C02;Critico: Fadiga com desvio cinematico;Critico;Critico;0.39378328174352645;0.39378328174352645;R1_NORMAL;29;50;22;0;32;3;0;0.05000000819563866;0.09682291746139526;0.09476598352193832;96;4
C10;C10;Critico progressivo: Grooming em rodovia com fadiga;Critico;Critico;0.4773751318454742;0.4773751318454742;R2_STABLE_RISK;40;81;42;1;63;23;1;0.37264466285705566;0.2028847187757492;0.1332632452249527;96;4
C08;C08;Critico progressivo: Distracao urbana multietapas;Critico;Critico;0.4409048333764076;0.4409048333764076;R2_STABLE_RISK;28;77;50;1;59;31;0;0.05000000819563866;0.31218221783638;0.13855774700641632;96;4
C09;C09;Critico progressivo: Bebida ao volante;Critico;Critico;0.3843130826950073;0.3843130826950073;R3_FALSE_KIN;38;73;36;1;60;22;0;0.05000000819563866;0.24752359092235565;0.13435454666614532;96;4
C07;C07;Critico progressivo: Sem cinto sob chuva;Critico;Critico;0.42179480344057085;0.42179480344057085;R1_NORMAL;37;75;39;1;57;20;0;0.05000000819563866;0.3784947097301483;0.12612378597259521;96;4
N02;N02;Normal: Urbano moderado;Normal;Normal;0.050000007078051564;0.050000007078051564;R2_STABLE_RISK;-1;-1;0;0;-1;-1;0;0.05000000819563866;0.03647772595286369;0.11415261775255203;96;4
N02;N02;Normal: Urbano moderado;Normal;Normal;0.050000007078051564;0.050000007078051564;R2_STABLE_RISK;-1;-1;0;0;-1;-1;0;0.05000000819563866;0.031096549704670906;0.0860237255692482;96;4
N02;N02;Normal: Urbano moderado;Normal;Normal;0.050000007078051564;0.050000007078051564;R1_NORMAL;-1;-1;0;0;-1;-1;0;0.05000000819563866;0.0320901982486248;0.07127262651920319;96;4
C01;C01;Critico: Celular em alta velocidade;Critico;Critico;0.29102678298950196;0.29102678298950196;R1_NORMAL;32;44;13;0;34;2;0;0.05000000819563866;0.15683965384960175;0.15886402130126953;96;4
C10;C10;Critico progressivo: Grooming em rodovia com fadiga;Critico;Critico;0.40819236785173413;0.40819236785173413;R1_NORMAL;40;81;42;1;63;23;0;0.05000000819563866;0.20136964321136475;0.08751041442155838;96;4
C05;C05;Critico progressivo: Celular em rodovia;Critico;Critico;0.44549989402294154;0.44549989402294154;R3_FALSE_KIN;42;73;32;1;61;19;1;0.23230379819869995;0.3061741590499878;0.16723962128162384;96;4
C02;C02;Critico: Fadiga com desvio cinematico;Critico;Critico;0.39378328174352645;0.39378328174352645;R2_STABLE_RISK;29;50;22;0;32;3;0;0.05000000819563866;0.09326083213090897;0.09999515861272812;96;4
C04;C04;Critico: Multiplas distracoes urbanas;Critico;Critico;0.3713889718055725;0.3713889718055725;R1_NORMAL;22;45;24;0;24;2;0;0.05000000819563866;0.20288850367069244;0.08956754207611084;96;4
C08;C08;Critico progressivo: Distracao urbana multietapas;Critico;Critico;0.5051966428756713;0.5051966428756713;R2_STABLE_RISK;28;77;50;1;60;32;1;0.3354337215423584;0.3168315589427948;0.19862352311611176;96;4
C02;C02;Critico: Fadiga com desvio cinematico;Critico;Critico;0.39378328174352645;0.39378328174352645;R1_NORMAL;29;50;22;0;32;3;0;0.05000000819563866;0.09881230443716049;0.1423027217388153;96;4
C05;C05;Critico progressivo: Celular em rodovia;Critico;Critico;0.38479774743318557;0.38479774743318557;R1_NORMAL;42;73;32;1;60;18;0;0.05000000819563866;0.30988335609436035;0.12750770151615143;96;4
C03;C03;Critico: Celular sem cinto sob chuva;Critico;Critico;0.3752959698438644;0.3752959698438644;R2_STABLE_RISK;26;41;16;0;28;2;0;0.05000000819563866;0.19368375837802887;0.14701490104198456;96;4
C06;C06;Critico progressivo: Fadiga noturna;Critico;Critico;0.44057722240686414;0.44057722240686414;R1_NORMAL;36;81;46;1;62;26;0;0.05000000819563866;0.15819992125034332;0.13972364366054535;96;4
C02;C02;Critico: Fadiga com desvio cinematico;Critico;Critico;0.39378328174352645;0.39378328174352645;R3_FALSE_KIN;29;50;22;0;32;3;0;0.05000000819563866;0.09617847204208374;0.12305732816457748;96;4
C01;C01;Critico: Celular em alta velocidade;Critico;Critico;0.29102678298950196;0.29102678298950196;R1_NORMAL;32;44;13;0;34;2;0;0.05000000819563866;0.15837614238262177;0.1327752023935318;96;4
C10;C10;Critico progressivo: Grooming em rodovia com fadiga;Critico;Critico;0.39913392066955566;0.39913392066955566;R1_NORMAL;40;81;42;1;62;22;0;0.05000000819563866;0.1951940506696701;0.10861790180206299;96;4
C07;C07;Critico progressivo: Sem cinto sob chuva;Critico;Critico;0.3938742861151695;0.3938742861151695;R1_NORMAL;37;75;39;1;59;22;0;0.05000000819563866;0.36749696731567383;0.11299482733011246;96;4
N01;N01;Normal: Viagem tranquila em rodovia;Normal;Normal;0.050000007078051564;0.050000007078051564;R1_NORMAL;-1;-1;0;0;-1;-1;0;0.05000000819563866;0.03208661079406738;0.09720554202795029;96;4
N03;N03;Normal: Noite estável;Normal;Normal;0.050000007078051564;0.050000007078051564;R1_NORMAL;-1;-1;0;0;-1;-1;0;0.05000000819563866;0.03306113928556442;0.07876923680305481;96;4
C10;C10;Critico progressivo: Grooming em rodovia com fadiga;Critico;Critico;0.38895588368177414;0.38895588368177414;R1_NORMAL;40;81;42;1;62;22;0;0.05000000819563866;0.20742960274219513;0.12864850461483002;96;4
C05;C05;Critico progressivo: Celular em rodovia;Critico;Critico;0.3762682721018791;0.3762682721018791;R1_NORMAL;42;73;32;1;59;17;0;0.05000000819563866;0.3200843334197998;0.08860635757446289;96;4
C03;C03;Critico: Celular sem cinto sob chuva;Critico;Critico;0.3752959698438644;0.3752959698438644;R3_FALSE_KIN;26;41;16;0;28;2;0;0.05000000819563866;0.18997125327587128;0.11364204436540604;96;4
C06;C06;Critico progressivo: Fadiga noturna;Critico;Critico;0.4957303643226624;0.4957303643226624;R2_STABLE_RISK;36;81;46;1;62;26;1;0.342741996049881;0.1552325189113617;0.14575225114822388;96;4
C08;C08;Critico progressivo: Distracao urbana multietapas;Critico;Critico;0.46114372462034225;0.46114372462034225;R1_NORMAL;28;77;50;1;60;32;0;0.05000000819563866;0.31258437037467957;0.11885073035955429;96;4
C01;C01;Critico: Celular em alta velocidade;Critico;Critico;0.537600365281105;0.537600365281105;R2_STABLE_RISK;32;44;13;0;34;2;1;0.27307963371276855;0.15252447128295898;0.2206927090883255;96;4
C08;C08;Critico progressivo: Distracao urbana multietapas;Critico;Critico;0.4275771364569664;0.4275771364569664;R2_STABLE_RISK;28;77;50;1;52;24;0;0.05000000819563866;0.3212350308895111;0.14554694294929504;96;4
C01;C01;Critico: Celular em alta velocidade;Critico;Critico;0.5317162185907364;0.5317162185907364;R2_STABLE_RISK;32;44;13;0;34;2;1;0.2446189522743225;0.1558372974395752;0.21292416751384735;96;4
N03;N03;Normal: Noite estável;Normal;Normal;0.050000007078051564;0.050000007078051564;R1_NORMAL;-1;-1;0;0;-1;-1;0;0.05000000819563866;0.04017311707139015;0.09239286184310913;96;4
N02;N02;Normal: Urbano moderado;Normal;Normal;0.050000007078051564;0.050000007078051564;R1_NORMAL;-1;-1;0;0;-1;-1;0;0.05000000819563866;0.029788287356495857;0.10376084595918655;96;4
C10;C10;Critico progressivo: Grooming em rodovia com fadiga;Critico;Critico;0.46499297618865965;0.46499297618865965;R2_STABLE_RISK;40;81;42;1;66;26;1;0.37705543637275696;0.1923072338104248;0.11549974232912064;96;4
N03;N03;Normal: Noite estável;Normal;Normal;0.050000007078051564;0.050000007078051564;R3_FALSE_KIN;-1;-1;0;0;-1;-1;0;0.05000000819563866;0.02943052351474762;0.11551598459482193;96;4
C02;C02;Critico: Fadiga com desvio cinematico;Critico;Critico;0.39378328174352645;0.39378328174352645;R2_STABLE_RISK;29;50;22;0;32;3;0;0.05000000819563866;0.09626239538192749;0.09764870256185532;96;4
N03;N03;Normal: Noite estável;Normal;Normal;0.050000007078051564;0.050000007078051564;R3_FALSE_KIN;-1;-1;0;0;-1;-1;0;0.05000000819563866;0.03979235142469406;0.07556965202093124;96;4
C02;C02;Critico: Fadiga com desvio cinematico;Critico;Critico;0.39378328174352645;0.39378328174352645;R2_STABLE_RISK;29;50;22;0;32;3;0;0.05000000819563866;0.09583321213722229;0.13489186763763428;96;4
C03;C03;Critico: Celular sem cinto sob chuva;Critico;Critico;0.3752959698438644;0.3752959698438644;R2_STABLE_RISK;26;41;16;0;28;2;0;0.05000000819563866;0.1852348893880844;0.08838409185409546;96;4
C10;C10;Critico progressivo: Grooming em rodovia com fadiga;Critico;Critico;0.395373360812664;0.395373360812664;R1_NORMAL;40;81;42;1;65;25;0;0.05000000819563866;0.19783107936382294;0.1340658813714981;96;4
C01;C01;Critico: Celular em alta velocidade;Critico;Critico;0.29102678298950196;0.29102678298950196;R3_FALSE_KIN;32;44;13;0;34;2;0;0.05000000819563866;0.1527479737997055;0.1235940083861351;96;4
C10;C10;Critico progressivo: Grooming em rodovia com fadiga;Critico;Critico;0.40594274550676346;0.40594274550676346;R1_NORMAL;40;81;42;1;61;21;0;0.05000000819563866;0.19477605819702148;0.08820096403360367;96;4
C04;C04;Critico: Multiplas distracoes urbanas;Critico;Critico;0.3713889718055725;0.3713889718055725;R3_FALSE_KIN;22;45;24;0;24;2;0;0.05000000819563866;0.20259936153888702;0.15488962829113007;96;4
C02;C02;Critico: Fadiga com desvio cinematico;Critico;Critico;0.39378328174352645;0.39378328174352645;R2_STABLE_RISK;29;50;22;0;32;3;0;0.05000000819563866;0.09859957545995712;0.10807202011346817;96;4
N03;N03;Normal: Noite estável;Normal;Normal;0.050000007078051564;0.050000007078051564;R1_NORMAL;-1;-1;0;0;-1;-1;0;0.05000000819563866;0.028123030439019203;0.0906032845377922;96;4
C05;C05;Critico progressivo: Celular em rodovia;Critico;Critico;0.3810365796089172;0.3810365796089172;R2_STABLE_RISK;42;73;32;1;57;15;0;0.05000000819563866;0.31366753578186035;0.12009096145629883;96;4
C06;C06;Critico progressivo: Fadiga noturna;Critico;Critico;0.4384281292557716;0.4384281292557716;R1_NORMAL;36;81;46;1;60;24;0;0.05000000819563866;0.15041030943393707;0.10536247491836548;96;4
C07;C07;Critico progressivo: Sem cinto sob chuva;Critico;Critico;0.4036667764186859;0.4036667764186859;R2_STABLE_RISK;37;75;39;1;60;23;0;0.05000000819563866;0.3792801797389984;0.13756243884563446;96;4
N03;N03;Normal: Noite estável;Normal;Normal;0.050000007078051564;0.050000007078051564;R1_NORMAL;-1;-1;0;0;-1;-1;0;0.05000000819563866;0.02881806530058384;0.06949736922979355;96;4
C09;C09;Critico progressivo: Bebida ao volante;Critico;Critico;0.4727429062128067;0.4727429062128067;R2_STABLE_RISK;38;73;36;1;60;22;1;0.2508372366428375;0.24974942207336426;0.1453465074300766;96;4
N02;N02;Normal: Urbano moderado;Normal;Normal;0.050000007078051564;0.050000007078051564;R1_NORMAL;-1;-1;0;0;-1;-1;0;0.05000000819563866;0.03454266116023064;0.08971935510635376;96;4
N03;N03;Normal: Noite estável;Normal;Normal;0.050000007078051564;0.050000007078051564;R1_NORMAL;-1;-1;0;0;-1;-1;0;0.05000000819563866;0.032772257924079895;0.12746074795722961;96;4
C09;C09;Critico progressivo: Bebida ao volante;Critico;Critico;0.4168866828083992;0.4168866828083992;R2_STABLE_RISK;38;73;36;1;54;16;0;0.05000000819563866;0.24508576095104218;0.1643117517232895;96;4
C04;C04;Critico: Multiplas distracoes urbanas;Critico;Critico;0.3713889718055725;0.3713889718055725;R2_STABLE_RISK;22;45;24;0;24;2;0;0.05000000819563866;0.2023380547761917;0.14885200560092926;96;4
C10;C10;Critico progressivo: Grooming em rodovia com fadiga;Critico;Critico;0.4021667063236236;0.4021667063236236;R1_NORMAL;40;81;42;1;61;21;0;0.05000000819563866;0.20601136982440948;0.13630880415439606;96;4
C05;C05;Critico progressivo: Celular em rodovia;Critico;Critico;0.35463570803403854;0.35463570803403854;R2_STABLE_RISK;42;73;32;1;62;20;0;0.05000000819563866;0.3184591233730316;0.11040189862251282;96;4
C09;C09;Critico progressivo: Bebida ao volante;Critico;Critico;0.5020120859146118;0.5020120859146118;R1_NORMAL;38;73;36;1;58;20;1;0.2929248511791229;0.2553923428058624;0.12853525578975677;96;4
C05;C05;Critico progressivo: Celular em rodovia;Critico;Critico;0.40505163669586175;0.40505163669586175;R2_STABLE_RISK;42;73;32;1;57;15;0;0.05000000819563866;0.3138718903064728;0.12437336891889572;96;4
C08;C08;Critico progressivo: Distracao urbana multietapas;Critico;Critico;0.47208960056304927;0.47208960056304927;R1_NORMAL;28;77;50;1;59;31;1;0.26292288303375244;0.32062777876853943;0.18657810986042023;96;4
C10;C10;Critico progressivo: Grooming em rodovia com fadiga;Critico;Critico;0.47092091143131254;0.47092091143131254;R1_NORMAL;40;81;42;1;65;25;1;0.3644156754016876;0.1990213841199875;0.10369133949279785;96;4
C06;C06;Critico progressivo: Fadiga noturna;Critico;Critico;0.4206985369324684;0.4206985369324684;R2_STABLE_RISK;36;81;46;1;64;28;0;0.05000000819563866;0.1519249528646469;0.11097387224435806;96;4
C01;C01;Critico: Celular em alta velocidade;Critico;Critico;0.5377821415662765;0.5377821415662765;R3_FALSE_KIN;32;44;13;0;34;2;1;0.2775851786136627;0.16211821138858795;0.16275709867477417;96;4
C10;C10;Critico progressivo: Grooming em rodovia com fadiga;Critico;Critico;0.4115968108177185;0.4115968108177185;R3_FALSE_KIN;40;81;42;1;60;20;0;0.05000000819563866;0.21064023673534393;0.09805971384048462;96;4
C04;C04;Critico: Multiplas distracoes urbanas;Critico;Critico;0.3713889718055725;0.3713889718055725;R1_NORMAL;22;45;24;0;24;2;0;0.05000000819563866;0.20285387337207794;0.11665090173482895;96;4
C01;C01;Critico: Celular em alta velocidade;Critico;Critico;0.29102678298950196;0.29102678298950196;R2_STABLE_RISK;32;44;13;0;34;2;0;0.05000000819563866;0.15187570452690125;0.10840097814798355;96;4
N02;N02;Normal: Urbano moderado;Normal;Normal;0.050000007078051564;0.050000007078051564;R3_FALSE_KIN;-1;-1;0;0;-1;-1;0;0.05000000819563866;0.03197099268436432;0.09376680850982666;96;4
C02;C02;Critico: Fadiga com desvio cinematico;Critico;Critico;0.5932414561510085;0.5932414561510085;R1_NORMAL;29;50;22;0;32;3;1;0.23226873576641083;0.10149303823709488;0.15716372430324554;96;4
C05;C05;Critico progressivo: Celular em rodovia;Critico;Critico;0.4039097115397453;0.4039097115397453;R1_NORMAL;42;73;32;1;60;18;0;0.05000000819563866;0.3147416114807129;0.1450270265340805;96;4
C05;C05;Critico progressivo: Celular em rodovia;Critico;Critico;0.39583778381347656;0.39583778381347656;R1_NORMAL;42;73;32;1;57;15;0;0.05000000819563866;0.32302942872047424;0.13853336870670319;96;4
C10;C10;Critico progressivo: Grooming em rodovia com fadiga;Critico;Critico;0.42458834797143935;0.42458834797143935;R3_FALSE_KIN;40;81;42;1;60;20;0;0.05000000819563866;0.20575714111328125;0.17572252452373505;96;4
C10;C10;Critico progressivo: Grooming em rodovia com fadiga;Critico;Critico;0.43473740220069884;0.43473740220069884;R2_STABLE_RISK;40;81;42;1;61;21;0;0.05000000819563866;0.20749503374099731;0.1360923796892166;96;4
C09;C09;Critico progressivo: Bebida ao volante;Critico;Critico;0.4008979439735413;0.4008979439735413;R1_NORMAL;38;73;36;1;57;19;0;0.05000000819563866;0.25420811772346497;0.10918506234884262;96;4
N02;N02;Normal: Urbano moderado;Normal;Normal;0.050000007078051564;0.050000007078051564;R2_STABLE_RISK;-1;-1;0;0;-1;-1;0;0.05000000819563866;0.03210904821753502;0.07077622413635254;96;4
N01;N01;Normal: Viagem tranquila em rodovia;Normal;Normal;0.050000007078051564;0.050000007078051564;R1_NORMAL;-1;-1;0;0;-1;-1;0;0.05000000819563866;0.03042200207710266;0.11290084570646286;96;4
C05;C05;Critico progressivo: Celular em rodovia;Critico;Critico;0.4675243526697158;0.4675243526697158;R1_NORMAL;42;73;32;1;57;15;1;0.2759143114089966;0.3135778605937958;0.13805918395519257;96;4
N01;N01;Normal: Viagem tranquila em rodovia;Normal;Normal;0.050000007078051564;0.050000007078051564;R1_NORMAL;-1;-1;0;0;-1;-1;0;0.05000000819563866;0.030685117468237877;0.10842914134263992;96;4
C03;C03;Critico: Celular sem cinto sob chuva;Critico;Critico;0.3752959698438644;0.3752959698438644;R1_NORMAL;26;41;16;0;28;2;0;0.05000000819563866;0.19380377233028412;0.12422976642847061;96;4
C01;C01;Critico: Celular em alta velocidade;Critico;Critico;0.29102678298950196;0.29102678298950196;R3_FALSE_KIN;32;44;13;0;34;2;0;0.05000000819563866;0.15134526789188385;0.11257269233465195;96;4
C02;C02;Critico: Fadiga com desvio cinematico;Critico;Critico;0.39378328174352645;0.39378328174352645;R1_NORMAL;29;50;22;0;32;3;0;0.05000000819563866;0.0977463498711586;0.11885920912027359;96;4
C09;C09;Critico progressivo: Bebida ao volante;Critico;Critico;0.413287878036499;0.413287878036499;R1_NORMAL;38;73;36;1;56;18;0;0.05000000819563866;0.25365400314331055;0.1383426934480667;96;4
N02;N02;Normal: Urbano moderado;Normal;Normal;0.050000007078051564;0.050000007078051564;R3_FALSE_KIN;-1;-1;0;0;-1;-1;0;0.05000000819563866;0.025633178651332855;0.10521596670150757;96;4
C10;C10;Critico progressivo: Grooming em rodovia com fadiga;Critico;Critico;0.4381858021020889;0.4381858021020889;R3_FALSE_KIN;40;81;42;1;66;26;1;0.33731135725975037;0.19422979652881622;0.08498119562864304;96;4
C08;C08;Critico progressivo: Distracao urbana multietapas;Critico;Critico;0.5216516584157943;0.5216516584157943;R1_NORMAL;28;77;50;1;53;25;1;0.31592702865600586;0.32217174768447876;0.15545807778835297;96;4
C04;C04;Critico: Multiplas distracoes urbanas;Critico;Critico;0.3713889718055725;0.3713889718055725;R3_FALSE_KIN;22;45;24;0;24;2;0;0.05000000819563866;0.20430679619312286;0.11827946454286575;96;4
C04;C04;Critico: Multiplas distracoes urbanas;Critico;Critico;0.5763696640729904;0.5763696640729904;R1_NORMAL;22;45;24;0;24;2;1;0.2738727927207947;0.19960446655750275;0.25653091073036194;96;4
C03;C03;Critico: Celular sem cinto sob chuva;Critico;Critico;0.3752959698438644;0.3752959698438644;R2_STABLE_RISK;26;41;16;0;28;2;0;0.05000000819563866;0.19125996530056;0.13167165219783783;96;4
C02;C02;Critico: Fadiga com desvio cinematico;Critico;Critico;0.5986849963665009;0.5986849963665009;R3_FALSE_KIN;29;50;22;0;32;3;1;0.23257231712341309;0.09607743471860886;0.1925859898328781;96;4
C07;C07;Critico progressivo: Sem cinto sob chuva;Critico;Critico;0.50437273979187;0.50437273979187;R1_NORMAL;37;75;39;1;58;21;1;0.29884856939315796;0.37866201996803284;0.14569027721881866;96;4
C09;C09;Critico progressivo: Bebida ao volante;Critico;Critico;0.4001911029219627;0.4001911029219627;R1_NORMAL;38;73;36;1;58;20;0;0.05000000819563866;0.247537299990654;0.14843110740184784;96;4
C03;C03;Critico: Celular sem cinto sob chuva;Critico;Critico;0.3752959698438644;0.3752959698438644;R1_NORMAL;26;41;16;0;28;2;0;0.05000000819563866;0.18450002372264862;0.11245239526033401;96;4
C10;C10;Critico progressivo: Grooming em rodovia com fadiga;Critico;Critico;0.49148604571819304;0.49148604571819304;R1_NORMAL;40;81;42;1;58;18;1;0.30815672874450684;0.19793759286403656;0.09322928637266159;96;4
C01;C01;Critico: Celular em alta velocidade;Critico;Critico;0.5212517648935318;0.5212517648935318;R3_FALSE_KIN;32;44;13;0;34;2;1;0.26328930258750916;0.15882189571857452;0.19099466502666473;96;4
N03;N03;Normal: Noite estável;Normal;Normal;0.050000007078051564;0.050000007078051564;R1_NORMAL;-1;-1;0;0;-1;-1;0;0.05000000819563866;0.030227549374103546;0.09475547820329666;96;4
C09;C09;Critico progressivo: Bebida ao volante;Critico;Critico;0.38469782471656794;0.38469782471656794;R1_NORMAL;38;73;36;1;61;23;0;0.05000000819563866;0.24699534475803375;0.14227907359600067;96;4
C07;C07;Critico progressivo: Sem cinto sob chuva;Critico;Critico;0.4105415865778923;0.4105415865778923;R1_NORMAL;37;75;39;1;57;20;0;0.05000000819563866;0.3864677846431732;0.1525488644838333;96;4
C08;C08;Critico progressivo: Distracao urbana multietapas;Critico;Critico;0.4634826332330704;0.4634826332330704;R2_STABLE_RISK;28;77;50;1;51;23;0;0.05000000819563866;0.317327082157135;0.14976166188716888;96;4
N03;N03;Normal: Noite estável;Normal;Normal;0.050000007078051564;0.050000007078051564;R1_NORMAL;-1;-1;0;0;-1;-1;0;0.05000000819563866;0.030728505924344063;0.11548340320587158;96;4
C05;C05;Critico progressivo: Celular em rodovia;Critico;Critico;0.3777731671929359;0.3777731671929359;R2_STABLE_RISK;42;73;32;1;61;19;0;0.05000000819563866;0.31148532032966614;0.1611187905073166;96;4
C06;C06;Critico progressivo: Fadiga noturna;Critico;Critico;0.505822017788887;0.505822017788887;R3_FALSE_KIN;36;81;46;1;60;24;1;0.32790789008140564;0.1589513123035431;0.16505274176597595;96;4
C07;C07;Critico progressivo: Sem cinto sob chuva;Critico;Critico;0.39306329488754277;0.39306329488754277;R1_NORMAL;37;75;39;1;59;22;0;0.05000000819563866;0.3713073432445526;0.1227058544754982;96;4
N01;N01;Normal: Viagem tranquila em rodovia;Normal;Normal;0.050000007078051564;0.050000007078051564;R2_STABLE_RISK;-1;-1;0;0;-1;-1;0;0.05000000819563866;0.0243917778134346;0.11166087538003922;96;4
C10;C10;Critico progressivo: Grooming em rodovia com fadiga;Critico;Critico;0.43572906255722044;0.43572906255722044;R1_NORMAL;40;81;42;1;61;21;0;0.05000000819563866;0.20322859287261963;0.11738751083612442;96;4
C02;C02;Critico: Fadiga com desvio cinematico;Critico;Critico;0.39378328174352645;0.39378328174352645;R2_STABLE_RISK;29;50;22;0;32;3;0;0.05000000819563866;0.10464952141046524;0.1501346230506897;96;4
C04;C04;Critico: Multiplas distracoes urbanas;Critico;Critico;0.3713889718055725;0.3713889718055725;R3_FALSE_KIN;22;45;24;0;24;2;0;0.05000000819563866;0.20506446063518524;0.14712786674499512;96;4
C09;C09;Critico progressivo: Bebida ao volante;Critico;Critico;0.38687467128038405;0.38687467128038405;R1_NORMAL;38;73;36;1;57;19;0;0.05000000819563866;0.24904967844486237;0.16876576840877533;96;4
N03;N03;Normal: Noite estável;Normal;Normal;0.050000007078051564;0.050000007078051564;R3_FALSE_KIN;-1;-1;0;0;-1;-1;0;0.05000000819563866;0.032388608902692795;0.09631004184484482;96;4
C01;C01;Critico: Celular em alta velocidade;Critico;Critico;0.29102678298950196;0.29102678298950196;R2_STABLE_RISK;32;44;13;0;34;2;0;0.05000000819563866;0.1543148010969162;0.13748829066753387;96;4
C10;C10;Critico progressivo: Grooming em rodovia com fadiga;Critico;Critico;0.4342572718858719;0.4342572718858719;R2_STABLE_RISK;40;81;42;1;64;24;1;0.29958924651145935;0.20732294023036957;0.09153366833925247;96;4
C08;C08;Critico progressivo: Distracao urbana multietapas;Critico;Critico;0.44245348274707796;0.44245348274707796;R3_FALSE_KIN;28;77;50;1;50;22;0;0.05000000819563866;0.32254084944725037;0.18741635978221893;96;4
C04;C04;Critico: Multiplas distracoes urbanas;Critico;Critico;0.574625563621521;0.574625563621521;R2_STABLE_RISK;22;45;24;0;24;2;1;0.2757928669452667;0.2030668705701828;0.20782029628753662;96;4
C10;C10;Critico progressivo: Grooming em rodovia com fadiga;Critico;Critico;0.47293199300765987;0.47293199300765987;R1_NORMAL;40;81;42;1;62;22;1;0.3297322988510132;0.2011163830757141;0.1547614187002182;96;4
C09;C09;Critico progressivo: Bebida ao volante;Critico;Critico;0.4058964505791664;0.4058964505791664;R2_STABLE_RISK;38;73;36;1;54;16;0;0.05000000819563866;0.2527224123477936;0.16027702391147614;96;4
C08;C08;Critico progressivo: Distracao urbana multietapas;Critico;Critico;0.4406713381409645;0.4406713381409645;R2_STABLE_RISK;28;77;50;1;58;30;0;0.05000000819563866;0.31522178649902344;0.14535978436470032;96;4
N03;N03;Normal: Noite estável;Normal;Normal;0.050000007078051564;0.050000007078051564;R1_NORMAL;-1;-1;0;0;-1;-1;0;0.05000000819563866;0.03618962690234184;0.12157698720693588;96;4
C02;C02;Critico: Fadiga com desvio cinematico;Critico;Critico;0.5946788042783737;0.5946788042783737;R1_NORMAL;29;50;22;0;32;3;1;0.2129889875650406;0.09456855058670044;0.22975432872772217;96;4
C07;C07;Critico progressivo: Sem cinto sob chuva;Critico;Critico;0.4112127304077148;0.4112127304077148;R1_NORMAL;37;75;39;1;54;17;0;0.05000000819563866;0.38653111457824707;0.12550562620162964;96;4
C01;C01;Critico: Celular em alta velocidade;Critico;Critico;0.29102678298950196;0.29102678298950196;R3_FALSE_KIN;32;44;13;0;34;2;0;0.05000000819563866;0.15850724279880524;0.12850414216518402;96;4
C01;C01;Critico: Celular em alta velocidade;Critico;Critico;0.29102678298950196;0.29102678298950196;R2_STABLE_RISK;32;44;13;0;34;2;0;0.05000000819563866;0.15380533039569855;0.15663979947566986;96;4
N03;N03;Normal: Noite estável;Normal;Normal;0.050000007078051564;0.050000007078051564;R3_FALSE_KIN;-1;-1;0;0;-1;-1;0;0.05000000819563866;0.028094127774238586;0.09956482797861099;96;4
C08;C08;Critico progressivo: Distracao urbana multietapas;Critico;Critico;0.5446868032217025;0.5446868032217025;R3_FALSE_KIN;28;77;50;1;51;23;1;0.2981880307197571;0.32967671751976013;0.1570195108652115;96;4
N02;N02;Normal: Urbano moderado;Normal;Normal;0.050000007078051564;0.050000007078051564;R2_STABLE_RISK;-1;-1;0;0;-1;-1;0;0.05000000819563866;0.029834335669875145;0.11771053075790405;96;4
C08;C08;Critico progressivo: Distracao urbana multietapas;Critico;Critico;0.47000981271266934;0.47000981271266934;R2_STABLE_RISK;28;77;50;1;51;23;0;0.05000000819563866;0.3293526768684387;0.20736949145793915;96;4
C05;C05;Critico progressivo: Celular em rodovia;Critico;Critico;0.3982539251446724;0.3982539251446724;R3_FALSE_KIN;42;73;32;1;57;15;0;0.05000000819563866;0.32148972153663635;0.10916613787412643;96;4
C04;C04;Critico: Multiplas distracoes urbanas;Critico;Critico;0.5793781489133835;0.5793781489133835;R2_STABLE_RISK;22;45;24;0;24;2;1;0.2716405689716339;0.19896256923675537;0.1674833744764328;96;4
N02;N02;Normal: Urbano moderado;Normal;Normal;0.050000007078051564;0.050000007078051564;R1_NORMAL;-1;-1;0;0;-1;-1;0;0.05000000819563866;0.0321904681622982;0.10617455840110779;96;4
C08;C08;Critico progressivo: Distracao urbana multietapas;Critico;Critico;0.4177909970283508;0.4177909970283508;R1_NORMAL;28;77;50;1;56;28;0;0.05000000819563866;0.3160904347896576;0.1716827154159546;96;4
N02;N02;Normal: Urbano moderado;Normal;Normal;0.050000007078051564;0.050000007078051564;R1_NORMAL;-1;-1;0;0;-1;-1;0;0.05000000819563866;0.03356310352683067;0.09229891747236252;96;4
N01;N01;Normal: Viagem tranquila em rodovia;Normal;Normal;0.050000007078051564;0.050000007078051564;R3_FALSE_KIN;-1;-1;0;0;-1;-1;0;0.05000000819563866;0.03474121913313866;0.0782802626490593;96;4
C04;C04;Critico: Multiplas distracoes urbanas;Critico;Critico;0.3713889718055725;0.3713889718055725;R1_NORMAL;22;45;24;0;24;2;0;0.05000000819563866;0.20043128728866577;0.12271067500114441;96;4
C04;C04;Critico: Multiplas distracoes urbanas;Critico;Critico;0.3713889718055725;0.3713889718055725;R1_NORMAL;22;45;24;0;24;2;0;0.05000000819563866;0.20180106163024902;0.13820518553256989;96;4
N02;N02;Normal: Urbano moderado;Normal;Normal;0.050000007078051564;0.050000007078051564;R2_STABLE_RISK;-1;-1;0;0;-1;-1;0;0.05000000819563866;0.027442023158073425;0.09404036402702332;96;4
C06;C06;Critico progressivo: Fadiga noturna;Critico;Critico;0.4015221908688545;0.4015221908688545;R2_STABLE_RISK;36;81;46;1;60;24;0;0.05000000819563866;0.16157276928424835;0.1252467781305313;96;4
C09;C09;Critico progressivo: Bebida ao volante;Critico;Critico;0.37830386012792583;0.37830386012792583;R1_NORMAL;38;73;36;1;59;21;0;0.05000000819563866;0.25030040740966797;0.10496743768453598;96;4
C07;C07;Critico progressivo: Sem cinto sob chuva;Critico;Critico;0.39115231484174723;0.39115231484174723;R1_NORMAL;37;75;39;1;61;24;0;0.05000000819563866;0.3700697720050812;0.15337392687797546;96;4
N02;N02;Normal: Urbano moderado;Normal;Normal;0.050000007078051564;0.050000007078051564;R1_NORMAL;-1;-1;0;0;-1;-1;0;0.05000000819563866;0.035386789590120316;0.09258387237787247;96;4
N02;N02;Normal: Urbano moderado;Normal;Normal;0.050000007078051564;0.050000007078051564;R1_NORMAL;-1;-1;0;0;-1;-1;0;0.05000000819563866;0.03519735857844353;0.12035719305276871;96;4
C05;C05;Critico progressivo: Celular em rodovia;Critico;Critico;0.37960434854030606;0.37960434854030606;R2_STABLE_RISK;42;73;32;1;61;19;0;0.05000000819563866;0.30931180715560913;0.0860043540596962;96;4
N02;N02;Normal: Urbano moderado;Normal;Normal;0.050000007078051564;0.050000007078051564;R1_NORMAL;-1;-1;0;0;-1;-1;0;0.05000000819563866;0.029803061857819557;0.07074479013681412;96;4
C10;C10;Critico progressivo: Grooming em rodovia com fadiga;Critico;Critico;0.3962719082832336;0.3962719082832336;R1_NORMAL;40;81;42;1;62;22;0;0.05000000819563866;0.20137429237365723;0.12238400429487228;96;4
C07;C07;Critico progressivo: Sem cinto sob chuva;Critico;Critico;0.4259356364607811;0.4259356364607811;R2_STABLE_RISK;37;75;39;1;59;22;0;0.05000000819563866;0.3850853741168976;0.13694331049919128;96;4
C04;C04;Critico: Multiplas distracoes urbanas;Critico;Critico;0.3713889718055725;0.3713889718055725;R1_NORMAL;22;45;24;0;24;2;0;0.05000000819563866;0.19691260159015656;0.1587468385696411;96;4
N01;N01;Normal: Viagem tranquila em rodovia;Normal;Normal;0.050000007078051564;0.050000007078051564;R1_NORMAL;-1;-1;0;0;-1;-1;0;0.05000000819563866;0.026827042922377586;0.09123428910970688;96;4
C03;C03;Critico: Celular sem cinto sob chuva;Critico;Critico;0.3752959698438644;0.3752959698438644;R2_STABLE_RISK;26;41;16;0;28;2;0;0.05000000819563866;0.18806397914886475;0.13419152796268463;96;4
C06;C06;Critico progressivo: Fadiga noturna;Critico;Critico;0.41261860132217404;0.41261860132217404;R2_STABLE_RISK;36;81;46;1;62;26;0;0.05000000819563866;0.15002469718456268;0.11771467328071594;96;4
C01;C01;Critico: Celular em alta velocidade;Critico;Critico;0.29102678298950196;0.29102678298950196;R3_FALSE_KIN;32;44;13;0;34;2;0;0.05000000819563866;0.15127204358577728;0.11149110645055771;96;4
C02;C02;Critico: Fadiga com desvio cinematico;Critico;Critico;0.5936554580926895;0.5936554580926895;R3_FALSE_KIN;29;50;22;0;32;3;1;0.21863986551761627;0.10612881183624268;0.17935816943645477;96;4
C06;C06;Critico progressivo: Fadiga noturna;Critico;Critico;0.47764011323451994;0.47764011323451994;R1_NORMAL;36;81;46;1;61;25;1;0.33746078610420227;0.15140368044376373;0.08647534251213074;96;4
C05;C05;Critico progressivo: Celular em rodovia;Critico;Critico;0.38836622834205625;0.38836622834205625;R3_FALSE_KIN;42;73;32;1;59;17;0;0.05000000819563866;0.3183748424053192;0.15124815702438354;96;4
C05;C05;Critico progressivo: Celular em rodovia;Critico;Critico;0.4811405569314956;0.4811405569314956;R1_NORMAL;42;73;32;1;59;17;1;0.30231186747550964;0.31414109468460083;0.1634354144334793;96;4
N03;N03;Normal: Noite estável;Normal;Normal;0.050000007078051564;0.050000007078051564;R2_STABLE_RISK;-1;-1;0;0;-1;-1;0;0.05000000819563866;0.027281174436211586;0.10778752714395523;96;4
C01;C01;Critico: Celular em alta velocidade;Critico;Critico;0.29102678298950196;0.29102678298950196;R1_NORMAL;32;44;13;0;34;2;0;0.05000000819563866;0.1533677875995636;0.1328069567680359;96;4
C08;C08;Critico progressivo: Distracao urbana multietapas;Critico;Critico;0.43388781100511553;0.43388781100511553;R2_STABLE_RISK;28;77;50;1;53;25;0;0.05000000819563866;0.31132474541664124;0.14844869077205658;96;4
C09;C09;Critico progressivo: Bebida ao volante;Critico;Critico;0.3864808335900306;0.3864808335900306;R1_NORMAL;38;73;36;1;58;20;0;0.05000000819563866;0.24575400352478027;0.1367078274488449;96;4
C01;C01;Critico: Celular em alta velocidade;Critico;Critico;0.5271187156438828;0.5271187156438828;R3_FALSE_KIN;32;44;13;0;34;2;1;0.27570098638534546;0.16170842945575714;0.19587700068950653;96;4
C02;C02;Critico: Fadiga com desvio cinematico;Critico;Critico;0.39378328174352645;0.39378328174352645;R1_NORMAL;29;50;22;0;32;3;0;0.05000000819563866;0.09908488392829895;0.10165325552225113;96;4
N02;N02;Normal: Urbano moderado;Normal;Normal;0.050000007078051564;0.050000007078051564;R1_NORMAL;-1;-1;0;0;-1;-1;0;0.05000000819563866;0.030094385147094727;0.09355472773313522;96;4
N02;N02;Normal: Urbano moderado;Normal;Normal;0.050000007078051564;0.050000007078051564;R2_STABLE_RISK;-1;-1;0;0;-1;-1;0;0.05000000819563866;0.026848381385207176;0.09205784648656845;96;4
C03;C03;Critico: Celular sem cinto sob chuva;Critico;Critico;0.3752959698438644;0.3752959698438644;R1_NORMAL;26;41;16;0;28;2;0;0.05000000819563866;0.1853693276643753;0.10173199325799942;96;4
C09;C09;Critico progressivo: Bebida ao volante;Critico;Critico;0.3937904849648476;0.3937904849648476;R3_FALSE_KIN;38;73;36;1;60;22;0;0.05000000819563866;0.25040575861930847;0.14062190055847168;96;4
C03;C03;Critico: Celular sem cinto sob chuva;Critico;Critico;0.3752959698438644;0.3752959698438644;R1_NORMAL;26;41;16;0;28;2;0;0.05000000819563866;0.18785548210144043;0.15043844282627106;96;4
C07;C07;Critico progressivo: Sem cinto sob chuva;Critico;Critico;0.40709465742111206;0.40709465742111206;R3_FALSE_KIN;37;75;39;1;61;24;0;0.05000000819563866;0.37104058265686035;0.19608022272586823;96;4
N03;N03;Normal: Noite estável;Normal;Normal;0.050000007078051564;0.050000007078051564;R1_NORMAL;-1;-1;0;0;-1;-1;0;0.05000000819563866;0.037692539393901825;0.1186661496758461;96;4
N01;N01;Normal: Viagem tranquila em rodovia;Normal;Normal;0.050000007078051564;0.050000007078051564;R1_NORMAL;-1;-1;0;0;-1;-1;0;0.05000000819563866;0.035147640854120255;0.1203174814581871;96;4
N02;N02;Normal: Urbano moderado;Normal;Normal;0.050000007078051564;0.050000007078051564;R3_FALSE_KIN;-1;-1;0;0;-1;-1;0;0.05000000819563866;0.03262912854552269;0.12613773345947266;96;4
C09;C09;Critico progressivo: Bebida ao volante;Critico;Critico;0.40936583429574963;0.40936583429574963;R1_NORMAL;38;73;36;1;58;20;0;0.05000000819563866;0.25429031252861023;0.09799132496118546;96;4
C05;C05;Critico progressivo: Celular em rodovia;Critico;Critico;0.48700543642044064;0.48700543642044064;R2_STABLE_RISK;42;73;32;1;59;17;1;0.27362483739852905;0.32020896673202515;0.1468580961227417;96;4
C03;C03;Critico: Celular sem cinto sob chuva;Critico;Critico;0.3752959698438644;0.3752959698438644;R1_NORMAL;26;41;16;0;28;2;0;0.05000000819563866;0.1789790838956833;0.1327759325504303;96;4
C04;C04;Critico: Multiplas distracoes urbanas;Critico;Critico;0.5620882481336593;0.5620882481336593;R3_FALSE_KIN;22;45;24;0;24;2;1;0.22846321761608124;0.20682233572006226;0.18840734660625458;96;4
C09;C09;Critico progressivo: Bebida ao volante;Critico;Critico;0.45894765853881836;0.45894765853881836;R1_NORMAL;38;73;36;1;60;22;1;0.26785939931869507;0.2564329206943512;0.1714901477098465;96;4
N02;N02;Normal: Urbano moderado;Normal;Normal;0.050000007078051564;0.050000007078051564;R1_NORMAL;-1;-1;0;0;-1;-1;0;0.05000000819563866;0.033450234681367874;0.1464664787054062;96;4
C06;C06;Critico progressivo: Fadiga noturna;Critico;Critico;0.46031466126441956;0.46031466126441956;R2_STABLE_RISK;36;81;46;1;63;27;1;0.2956526279449463;0.16112525761127472;0.11996195465326309;96;4
N01;N01;Normal: Viagem tranquila em rodovia;Normal;Normal;0.050000007078051564;0.050000007078051564;R3_FALSE_KIN;-1;-1;0;0;-1;-1;0;0.05000000819563866;0.03571357950568199;0.12213011831045151;96;4
C08;C08;Critico progressivo: Distracao urbana multietapas;Critico;Critico;0.4424006775021553;0.4424006775021553;R2_STABLE_RISK;28;77;50;1;56;28;0;0.05000000819563866;0.3187291920185089;0.17166419327259064;96;4
C10;C10;Critico progressivo: Grooming em rodovia com fadiga;Critico;Critico;0.4019352003931999;0.4019352003931999;R3_FALSE_KIN;40;81;42;1;62;22;0;0.05000000819563866;0.19371731579303741;0.1461317539215088;96;4
C10;C10;Critico progressivo: Grooming em rodovia com fadiga;Critico;Critico;0.46071828305721285;0.46071828305721285;R1_NORMAL;40;81;42;1;63;23;1;0.3145340383052826;0.20498721301555634;0.10324978828430176;96;4
N01;N01;Normal: Viagem tranquila em rodovia;Normal;Normal;0.050000007078051564;0.050000007078051564;R1_NORMAL;-1;-1;0;0;-1;-1;0;0.05000000819563866;0.032965779304504395;0.07639452069997787;96;4
N01;N01;Normal: Viagem tranquila em rodovia;Normal;Normal;0.050000007078051564;0.050000007078051564;R3_FALSE_KIN;-1;-1;0;0;-1;-1;0;0.05000000819563866;0.03589686006307602;0.10124284029006958;96;4
C07;C07;Critico progressivo: Sem cinto sob chuva;Critico;Critico;0.41816236823797226;0.41816236823797226;R3_FALSE_KIN;37;75;39;1;57;20;0;0.05000000819563866;0.3812427520751953;0.17430758476257324;96;4
C09;C09;Critico progressivo: Bebida ao volante;Critico;Critico;0.3992539823055268;0.3992539823055268;R2_STABLE_RISK;38;73;36;1;59;21;0;0.05000000819563866;0.254163533449173;0.10918670892715454;96;4
C03;C03;Critico: Celular sem cinto sob chuva;Critico;Critico;0.6213198333978652;0.6213198333978652;R2_STABLE_RISK;26;41;16;0;28;2;1;0.25667712092399597;0.18915720283985138;0.2195851355791092;96;4
C01;C01;Critico: Celular em alta velocidade;Critico;Critico;0.29102678298950196;0.29102678298950196;R3_FALSE_KIN;32;44;13;0;34;2;0;0.05000000819563866;0.14995653927326202;0.1325474977493286;96;4
C05;C05;Critico progressivo: Celular em rodovia;Critico;Critico;0.4543716967105865;0.4543716967105865;R1_NORMAL;42;73;32;1;59;17;1;0.23026250302791595;0.31404122710227966;0.1711767315864563;96;4
N01;N01;Normal: Viagem tranquila em rodovia;Normal;Normal;0.050000007078051564;0.050000007078051564;R1_NORMAL;-1;-1;0;0;-1;-1;0;0.05000000819563866;0.03175000473856926;0.10294582694768906;96;4
C08;C08;Critico progressivo: Distracao urbana multietapas;Critico;Critico;0.4794321209192276;0.4794321209192276;R1_NORMAL;28;77;50;1;59;31;1;0.28250035643577576;0.311502605676651;0.11093560606241226;96;4
C10;C10;Critico progressivo: Grooming em rodovia com fadiga;Critico;Critico;0.42547966241836543;0.42547966241836543;R2_STABLE_RISK;40;81;42;1;60;20;0;0.05000000819563866;0.2066512554883957;0.16528362035751343;96;4
C02;C02;Critico: Fadiga com desvio cinematico;Critico;Critico;0.39378328174352645;0.39378328174352645;R1_NORMAL;29;50;22;0;32;3;0;0.05000000819563866;0.10060155391693115;0.14678366482257843;96;4
C09;C09;Critico progressivo: Bebida ao volante;Critico;Critico;0.3957386329770088;0.3957386329770088;R3_FALSE_KIN;38;73;36;1;57;19;0;0.05000000819563866;0.24345088005065918;0.10722467303276062;96;4
C09;C09;Critico progressivo: Bebida ao volante;Critico;Critico;0.489504337310791;0.489504337310791;R1_NORMAL;38;73;36;1;57;19;1;0.2789376676082611;0.25177666544914246;0.16641433537006378;96;4
N02;N02;Normal: Urbano moderado;Normal;Normal;0.050000007078051564;0.050000007078051564;R3_FALSE_KIN;-1;-1;0;0;-1;-1;0;0.05000000819563866;0.03165096789598465;0.1523902863264084;96;4
N03;N03;Normal: Noite estável;Normal;Normal;0.050000007078051564;0.050000007078051564;R3_FALSE_KIN;-1;-1;0;0;-1;-1;0;0.05000000819563866;0.03348246589303017;0.09152743220329285;96;4
N03;N03;Normal: Noite estável;Normal;Normal;0.050000007078051564;0.050000007078051564;R2_STABLE_RISK;-1;-1;0;0;-1;-1;0;0.05000000819563866;0.039003144949674606;0.10059211403131485;96;4
C09;C09;Critico progressivo: Bebida ao volante;Critico;Critico;0.4605059057474136;0.4605059057474136;R3_FALSE_KIN;38;73;36;1;55;17;1;0.2882518470287323;0.2504551112651825;0.19710274040699005;96;4
N02;N02;Normal: Urbano moderado;Normal;Normal;0.050000007078051564;0.050000007078051564;R2_STABLE_RISK;-1;-1;0;0;-1;-1;0;0.05000000819563866;0.030447473749518394;0.09127678722143173;96;4
C06;C06;Critico progressivo: Fadiga noturna;Critico;Critico;0.4518267512321472;0.4518267512321472;R1_NORMAL;36;81;46;1;60;24;0;0.05000000819563866;0.16376787424087524;0.10069131851196289;96;4
N02;N02;Normal: Urbano moderado;Normal;Normal;0.050000007078051564;0.050000007078051564;R2_STABLE_RISK;-1;-1;0;0;-1;-1;0;0.05000000819563866;0.029146209359169006;0.150529682636261;96;4
C03;C03;Critico: Celular sem cinto sob chuva;Critico;Critico;0.3752959698438644;0.3752959698438644;R2_STABLE_RISK;26;41;16;0;28;2;0;0.05000000819563866;0.18364931643009186;0.13638661801815033;96;4
C03;C03;Critico: Celular sem cinto sob chuva;Critico;Critico;0.3752959698438644;0.3752959698438644;R2_STABLE_RISK;26;41;16;0;28;2;0;0.05000000819563866;0.18462102115154266;0.12843717634677887;96;4
C07;C07;Critico progressivo: Sem cinto sob chuva;Critico;Critico;0.40709438472986215;0.40709438472986215;R2_STABLE_RISK;37;75;39;1;58;21;0;0.05000000819563866;0.3759014904499054;0.13300013542175293;96;4
N02;N02;Normal: Urbano moderado;Normal;Normal;0.050000007078051564;0.050000007078051564;R1_NORMAL;-1;-1;0;0;-1;-1;0;0.05000000819563866;0.037566836923360825;0.10132239013910294;96;4
C08;C08;Critico progressivo: Distracao urbana multietapas;Critico;Critico;0.45687108486890793;0.45687108486890793;R2_STABLE_RISK;28;77;50;1;54;26;0;0.05000000819563866;0.32008829712867737;0.16167284548282623;96;4
N03;N03;Normal: Noite estável;Normal;Normal;0.050000007078051564;0.050000007078051564;R2_STABLE_RISK;-1;-1;0;0;-1;-1;0;0.05000000819563866;0.031215598806738853;0.11784080415964127;96;4
C10;C10;Critico progressivo: Grooming em rodovia com fadiga;Critico;Critico;0.4331743404269218;0.4331743404269218;R1_NORMAL;40;81;42;1;62;22;0;0.05000000819563866;0.200022891163826;0.07081984728574753;96;4
N01;N01;Normal: Viagem tranquila em rodovia;Normal;Normal;0.050000007078051564;0.050000007078051564;R2_STABLE_RISK;-1;-1;0;0;-1;-1;0;0.05000000819563866;0.03058273158967495;0.12155798822641373;96;4
N03;N03;Normal: Noite estável;Normal;Normal;0.050000007078051564;0.050000007078051564;R3_FALSE_KIN;-1;-1;0;0;-1;-1;0;0.05000000819563866;0.03295683488249779;0.09431847184896469;96;4
N01;N01;Normal: Viagem tranquila em rodovia;Normal;Normal;0.050000007078051564;0.050000007078051564;R1_NORMAL;-1;-1;0;0;-1;-1;0;0.05000000819563866;0.03042389638721943;0.1050783023238182;96;4
C09;C09;Critico progressivo: Bebida ao volante;Critico;Critico;0.3967008367180824;0.3967008367180824;R2_STABLE_RISK;38;73;36;1;57;19;0;0.05000000819563866;0.2512805759906769;0.12124978750944138;96;4
C06;C06;Critico progressivo: Fadiga noturna;Critico;Critico;0.4124476909637451;0.4124476909637451;R2_STABLE_RISK;36;81;46;1;58;22;0;0.05000000819563866;0.15439194440841675;0.13280345499515533;96;4
C05;C05;Critico progressivo: Celular em rodovia;Critico;Critico;0.39276251643896104;0.39276251643896104;R2_STABLE_RISK;42;73;32;1;61;19;0;0.05000000819563866;0.3168127238750458;0.15949228405952454;96;4
C07;C07;Critico progressivo: Sem cinto sob chuva;Critico;Critico;0.41014586687088006;0.41014586687088006;R1_NORMAL;37;75;39;1;56;19;0;0.05000000819563866;0.3835672438144684;0.09731415659189224;96;4
C07;C07;Critico progressivo: Sem cinto sob chuva;Critico;Critico;0.42298781126737595;0.42298781126737595;R1_NORMAL;37;75;39;1;61;24;0;0.05000000819563866;0.37388160824775696;0.16201291978359222;96;4
C07;C07;Critico progressivo: Sem cinto sob chuva;Critico;Critico;0.39862038642168046;0.39862038642168046;R3_FALSE_KIN;37;75;39;1;62;25;0;0.05000000819563866;0.3789741098880768;0.15006349980831146;96;4
C01;C01;Critico: Celular em alta velocidade;Critico;Critico;0.29102678298950196;0.29102678298950196;R1_NORMAL;32;44;13;0;34;2;0;0.05000000819563866;0.14998354017734528;0.11989975720643997;96;4
N02;N02;Normal: Urbano moderado;Normal;Normal;0.050000007078051564;0.050000007078051564;R1_NORMAL;-1;-1;0;0;-1;-1;0;0.05000000819563866;0.02895466424524784;0.0995577797293663;96;4
C03;C03;Critico: Celular sem cinto sob chuva;Critico;Critico;0.6092163264751433;0.6092163264751433;R2_STABLE_RISK;26;41;16;0;28;2;1;0.2512214481830597;0.18835024535655975;0.19464893639087677;96;4
C01;C01;Critico: Celular em alta velocidade;Critico;Critico;0.29102678298950196;0.29102678298950196;R1_NORMAL;32;44;13;0;34;2;0;0.05000000819563866;0.1507543921470642;0.11594465374946594;96;4
N03;N03;Normal: Noite estável;Normal;Normal;0.050000007078051564;0.050000007078051564;R1_NORMAL;-1;-1;0;0;-1;-1;0;0.05000000819563866;0.03367144241929054;0.1134447231888771;96;4
C09;C09;Critico progressivo: Bebida ao volante;Critico;Critico;0.4671489685773849;0.4671489685773849;R1_NORMAL;38;73;36;1;59;21;1;0.30099356174468994;0.2508951723575592;0.13884015381336212;96;4
C07;C07;Critico progressivo: Sem cinto sob chuva;Critico;Critico;0.41196668297052386;0.41196668297052386;R1_NORMAL;37;75;39;1;57;20;0;0.05000000819563866;0.3825375735759735;0.15180040895938873;96;4
C01;C01;Critico: Celular em alta velocidade;Critico;Critico;0.29102678298950196;0.29102678298950196;R2_STABLE_RISK;32;44;13;0;34;2;0;0.05000000819563866;0.15369750559329987;0.17734909057617188;96;4
N01;N01;Normal: Viagem tranquila em rodovia;Normal;Normal;0.050000007078051564;0.050000007078051564;R2_STABLE_RISK;-1;-1;0;0;-1;-1;0;0.05000000819563866;0.03057677298784256;0.11689700931310654;96;4
C06;C06;Critico progressivo: Fadiga noturna;Critico;Critico;0.5195128470659256;0.5195128470659256;R1_NORMAL;36;81;46;1;56;20;1;0.36027202010154724;0.16358250379562378;0.1125492975115776;96;4
C02;C02;Critico: Fadiga com desvio cinematico;Critico;Critico;0.39378328174352645;0.39378328174352645;R3_FALSE_KIN;29;50;22;0;32;3;0;0.05000000819563866;0.09914791584014893;0.08735563606023788;96;4
C07;C07;Critico progressivo: Sem cinto sob chuva;Critico;Critico;0.42240422368049624;0.42240422368049624;R2_STABLE_RISK;37;75;39;1;57;20;0;0.05000000819563866;0.3858377933502197;0.1408950686454773;96;4
C08;C08;Critico progressivo: Distracao urbana multietapas;Critico;Critico;0.4622599214315414;0.4622599214315414;R1_NORMAL;28;77;50;1;55;27;0;0.05000000819563866;0.31528013944625854;0.1322924643754959;96;4
C01;C01;Critico: Celular em alta velocidade;Critico;Critico;0.29102678298950196;0.29102678298950196;R1_NORMAL;32;44;13;0;34;2;0;0.05000000819563866;0.1631014347076416;0.1609298586845398;96;4
C04;C04;Critico: Multiplas distracoes urbanas;Critico;Critico;0.3713889718055725;0.3713889718055725;R1_NORMAL;22;45;24;0;24;2;0;0.05000000819563866;0.2078893631696701;0.1346760243177414;96;4
C06;C06;Critico progressivo: Fadiga noturna;Critico;Critico;0.39484795480966567;0.39484795480966567;R2_STABLE_RISK;36;81;46;1;61;25;0;0.05000000819563866;0.15362052619457245;0.11582889407873154;96;4
C04;C04;Critico: Multiplas distracoes urbanas;Critico;Critico;0.3713889718055725;0.3713889718055725;R1_NORMAL;22;45;24;0;24;2;0;0.05000000819563866;0.1999702900648117;0.11633024364709854;96;4
C06;C06;Critico progressivo: Fadiga noturna;Critico;Critico;0.4409770771861076;0.4409770771861076;R1_NORMAL;36;81;46;1;61;25;0;0.05000000819563866;0.15688751637935638;0.1259293109178543;96;4
C05;C05;Critico progressivo: Celular em rodovia;Critico;Critico;0.37649049758911135;0.37649049758911135;R2_STABLE_RISK;42;73;32;1;59;17;0;0.05000000819563866;0.3102894723415375;0.1313299983739853;96;4
C02;C02;Critico: Fadiga com desvio cinematico;Critico;Critico;0.5961388260126114;0.5961388260126114;R3_FALSE_KIN;29;50;22;0;32;3;1;0.2242327332496643;0.10782480239868164;0.17898190021514893;96;4
C06;C06;Critico progressivo: Fadiga noturna;Critico;Critico;0.42776575684547424;0.42776575684547424;R1_NORMAL;36;81;46;1;62;26;0;0.05000000819563866;0.16026343405246735;0.13483160734176636;96;4
C04;C04;Critico: Multiplas distracoes urbanas;Critico;Critico;0.5662689596414565;0.5662689596414565;R1_NORMAL;22;45;24;0;24;2;1;0.24562609195709229;0.20465654134750366;0.15331250429153442;96;4
C02;C02;Critico: Fadiga com desvio cinematico;Critico;Critico;0.39378328174352645;0.39378328174352645;R1_NORMAL;29;50;22;0;32;3;0;0.05000000819563866;0.09659627825021744;0.14177639782428741;96;4
C01;C01;Critico: Celular em alta velocidade;Critico;Critico;0.29102678298950196;0.29102678298950196;R1_NORMAL;32;44;13;0;34;2;0;0.05000000819563866;0.15240998566150665;0.07689285278320312;96;4
N01;N01;Normal: Viagem tranquila em rodovia;Normal;Normal;0.050000007078051564;0.050000007078051564;R2_STABLE_RISK;-1;-1;0;0;-1;-1;0;0.05000000819563866;0.028760993853211403;0.08889464288949966;96;4
C02;C02;Critico: Fadiga com desvio cinematico;Critico;Critico;0.39378328174352645;0.39378328174352645;R1_NORMAL;29;50;22;0;32;3;0;0.05000000819563866;0.10679284483194351;0.14996586740016937;96;4
C01;C01;Critico: Celular em alta velocidade;Critico;Critico;0.29102678298950196;0.29102678298950196;R1_NORMAL;32;44;13;0;34;2;0;0.05000000819563866;0.14808882772922516;0.12865720689296722;96;4
N02;N02;Normal: Urbano moderado;Normal;Normal;0.050000007078051564;0.050000007078051564;R1_NORMAL;-1;-1;0;0;-1;-1;0;0.05000000819563866;0.03431209549307823;0.09889910370111465;96;4
C07;C07;Critico progressivo: Sem cinto sob chuva;Critico;Critico;0.49009257555007935;0.49009257555007935;R3_FALSE_KIN;37;75;39;1;55;18;1;0.3260359466075897;0.38577112555503845;0.11620763689279556;96;4
C05;C05;Critico progressivo: Celular em rodovia;Critico;Critico;0.40110830515623097;0.40110830515623097;R1_NORMAL;42;73;32;1;58;16;0;0.05000000819563866;0.31609657406806946;0.16326464712619781;96;4
C03;C03;Critico: Celular sem cinto sob chuva;Critico;Critico;0.3752959698438644;0.3752959698438644;R3_FALSE_KIN;26;41;16;0;28;2;0;0.05000000819563866;0.18873949348926544;0.16340886056423187;96;4
C04;C04;Critico: Multiplas distracoes urbanas;Critico;Critico;0.5661354631185531;0.5661354631185531;R1_NORMAL;22;45;24;0;24;2;1;0.2660726308822632;0.20884084701538086;0.161947101354599;96;4
C10;C10;Critico progressivo: Grooming em rodovia com fadiga;Critico;Critico;0.438151927292347;0.438151927292347;R1_NORMAL;40;81;42;1;64;24;0;0.05000000819563866;0.2002953290939331;0.1015150174498558;96;4
C10;C10;Critico progressivo: Grooming em rodovia com fadiga;Critico;Critico;0.41304760575294497;0.41304760575294497;R1_NORMAL;40;81;42;1;61;21;0;0.05000000819563866;0.2059088945388794;0.1252613663673401;96;4
C08;C08;Critico progressivo: Distracao urbana multietapas;Critico;Critico;0.4312209904193878;0.4312209904193878;R2_STABLE_RISK;28;77;50;1;58;30;0;0.05000000819563866;0.31468889117240906;0.13141605257987976;96;4
C09;C09;Critico progressivo: Bebida ao volante;Critico;Critico;0.42081909924745553;0.42081909924745553;R1_NORMAL;38;73;36;1;55;17;0;0.05000000819563866;0.2525556981563568;0.14569158852100372;96;4
C08;C08;Critico progressivo: Distracao urbana multietapas;Critico;Critico;0.47242523431777955;0.47242523431777955;R3_FALSE_KIN;28;77;50;1;51;23;0;0.05000000819563866;0.31828710436820984;0.1680395007133484;96;4
C04;C04;Critico: Multiplas distracoes urbanas;Critico;Critico;0.3713889718055725;0.3713889718055725;R1_NORMAL;22;45;24;0;24;2;0;0.05000000819563866;0.19841007888317108;0.14072281122207642;96;4
C08;C08;Critico progressivo: Distracao urbana multietapas;Critico;Critico;0.5099324494600296;0.5099324494600296;R2_STABLE_RISK;28;77;50;1;52;24;1;0.31682124733924866;0.3185966908931732;0.18644963204860687;96;4
C04;C04;Critico: Multiplas distracoes urbanas;Critico;Critico;0.566923514008522;0.566923514008522;R1_NORMAL;22;45;24;0;24;2;1;0.23497875034809113;0.20068998634815216;0.15870216488838196;96;4
N01;N01;Normal: Viagem tranquila em rodovia;Normal;Normal;0.050000007078051564;0.050000007078051564;R1_NORMAL;-1;-1;0;0;-1;-1;0;0.05000000819563866;0.028445594012737274;0.07078155130147934;96;4
C05;C05;Critico progressivo: Celular em rodovia;Critico;Critico;0.4056285366415977;0.4056285366415977;R1_NORMAL;42;73;32;1;56;14;0;0.05000000819563866;0.32583335041999817;0.1520056277513504;96;4
C05;C05;Critico progressivo: Celular em rodovia;Critico;Critico;0.3983004689216614;0.3983004689216614;R1_NORMAL;42;73;32;1;60;18;0;0.05000000819563866;0.31835803389549255;0.15342627465724945;96;4
C01;C01;Critico: Celular em alta velocidade;Critico;Critico;0.29102678298950196;0.29102678298950196;R3_FALSE_KIN;32;44;13;0;34;2;0;0.05000000819563866;0.15715406835079193;0.10869238525629044;96;4
C02;C02;Critico: Fadiga com desvio cinematico;Critico;Critico;0.39378328174352645;0.39378328174352645;R3_FALSE_KIN;29;50;22;0;32;3;0;0.05000000819563866;0.10319914668798447;0.113425612449646;96;4
N01;N01;Normal: Viagem tranquila em rodovia;Normal;Normal;0.050000007078051564;0.050000007078051564;R3_FALSE_KIN;-1;-1;0;0;-1;-1;0;0.05000000819563866;0.02944415621459484;0.0977386012673378;96;4
C08;C08;Critico progressivo: Distracao urbana multietapas;Critico;Critico;0.4350060909986496;0.4350060909986496;R3_FALSE_KIN;28;77;50;1;50;22;0;0.05000000819563866;0.3210899829864502;0.17001734673976898;96;4
C01;C01;Critico: Celular em alta velocidade;Critico;Critico;0.29102678298950196;0.29102678298950196;R1_NORMAL;32;44;13;0;34;2;0;0.05000000819563866;0.1513253152370453;0.08783385157585144;96;4
C10;C10;Critico progressivo: Grooming em rodovia com fadiga;Critico;Critico;0.4612465471029282;0.4612465471029282;R3_FALSE_KIN;40;81;42;1;65;25;1;0.3645084798336029;0.19980008900165558;0.12947659194469452;96;4
N01;N01;Normal: Viagem tranquila em rodovia;Normal;Normal;0.050000007078051564;0.050000007078051564;R1_NORMAL;-1;-1;0;0;-1;-1;0;0.05000000819563866;0.03395036980509758;0.10048069804906845;96;4
C07;C07;Critico progressivo: Sem cinto sob chuva;Critico;Critico;0.39795881956815715;0.39795881956815715;R2_STABLE_RISK;37;75;39;1;60;23;0;0.05000000819563866;0.37327322363853455;0.13019616901874542;96;4
C06;C06;Critico progressivo: Fadiga noturna;Critico;Critico;0.4172120437026024;0.4172120437026024;R1_NORMAL;36;81;46;1;60;24;0;0.05000000819563866;0.15798306465148926;0.11155253648757935;96;4
C04;C04;Critico: Multiplas distracoes urbanas;Critico;Critico;0.3713889718055725;0.3713889718055725;R1_NORMAL;22;45;24;0;24;2;0;0.05000000819563866;0.20509786903858185;0.1230337992310524;96;4
C05;C05;Critico progressivo: Celular em rodovia;Critico;Critico;0.379419219493866;0.379419219493866;R1_NORMAL;42;73;32;1;61;19;0;0.05000000819563866;0.323777437210083;0.15380926430225372;96;4
C06;C06;Critico progressivo: Fadiga noturna;Critico;Critico;0.49668677151203156;0.49668677151203156;R3_FALSE_KIN;36;81;46;1;60;24;1;0.364774227142334;0.1628752499818802;0.15423493087291718;96;4
C06;C06;Critico progressivo: Fadiga noturna;Critico;Critico;0.4778497606515884;0.4778497606515884;R2_STABLE_RISK;36;81;46;1;61;25;1;0.3515591323375702;0.15863262116909027;0.15033115446567535;96;4
C05;C05;Critico progressivo: Celular em rodovia;Critico;Critico;0.4602263182401657;0.4602263182401657;R1_NORMAL;42;73;32;1;59;17;1;0.278468519449234;0.32099512219429016;0.16737420856952667;96;4
N02;N02;Normal: Urbano moderado;Normal;Normal;0.050000007078051564;0.050000007078051564;R2_STABLE_RISK;-1;-1;0;0;-1;-1;0;0.05000000819563866;0.03136564418673515;0.0845484510064125;96;4
C10;C10;Critico progressivo: Grooming em rodovia com fadiga;Critico;Critico;0.44204815775156014;0.44204815775156014;R3_FALSE_KIN;40;81;42;1;59;19;0;0.05000000819563866;0.20304882526397705;0.08978098630905151;96;4
C01;C01;Critico: Celular em alta velocidade;Critico;Critico;0.29102678298950196;0.29102678298950196;R2_STABLE_RISK;32;44;13;0;34;2;0;0.05000000819563866;0.15535123646259308;0.11451271921396255;96;4
C10;C10;Critico progressivo: Grooming em rodovia com fadiga;Critico;Critico;0.4247241750359535;0.4247241750359535;R3_FALSE_KIN;40;81;42;1;61;21;0;0.05000000819563866;0.20482172071933746;0.10434065014123917;96;4
C09;C09;Critico progressivo: Bebida ao volante;Critico;Critico;0.4609783798456192;0.4609783798456192;R2_STABLE_RISK;38;73;36;1;60;22;1;0.26856115460395813;0.2501395344734192;0.1826879233121872;96;4
C03;C03;Critico: Celular sem cinto sob chuva;Critico;Critico;0.3752959698438644;0.3752959698438644;R2_STABLE_RISK;26;41;16;0;28;2;0;0.05000000819563866;0.1850968599319458;0.14665335416793823;96;4
C06;C06;Critico progressivo: Fadiga noturna;Critico;Critico;0.49457426667213433;0.49457426667213433;R1_NORMAL;36;81;46;1;60;24;1;0.3477005958557129;0.15600468218326569;0.12032994627952576;96;4
C02;C02;Critico: Fadiga com desvio cinematico;Critico;Critico;0.39378328174352645;0.39378328174352645;R1_NORMAL;29;50;22;0;32;3;0;0.05000000819563866;0.09411265701055527;0.1090359091758728;96;4
C10;C10;Critico progressivo: Grooming em rodovia com fadiga;Critico;Critico;0.4233052775263786;0.4233052775263786;R2_STABLE_RISK;40;81;42;1;61;21;0;0.05000000819563866;0.20003299415111542;0.08215511590242386;96;4
C08;C08;Critico progressivo: Distracao urbana multietapas;Critico;Critico;0.42999268323183054;0.42999268323183054;R2_STABLE_RISK;28;77;50;1;56;28;0;0.05000000819563866;0.31066271662712097;0.19688697159290314;96;4
C06;C06;Critico progressivo: Fadiga noturna;Critico;Critico;0.4851657062768936;0.4851657062768936;R2_STABLE_RISK;36;81;46;1;58;22;1;0.327390193939209;0.16320186853408813;0.09983780235052109;96;4
C02;C02;Critico: Fadiga com desvio cinematico;Critico;Critico;0.5943170279264449;0.5943170279264449;R3_FALSE_KIN;29;50;22;0;32;3;1;0.21959252655506134;0.09875819087028503;0.15469926595687866;96;4
C07;C07;Critico progressivo: Sem cinto sob chuva;Critico;Critico;0.403249591588974;0.403249591588974;R2_STABLE_RISK;37;75;39;1;56;19;0;0.05000000819563866;0.37769556045532227;0.13755331933498383;96;4
C07;C07;Critico progressivo: Sem cinto sob chuva;Critico;Critico;0.4930674105882644;0.4930674105882644;R1_NORMAL;37;75;39;1;56;19;1;0.3205418884754181;0.38456305861473083;0.16475383937358856;96;4
N02;N02;Normal: Urbano moderado;Normal;Normal;0.050000007078051564;0.050000007078051564;R1_NORMAL;-1;-1;0;0;-1;-1;0;0.05000000819563866;0.026846423745155334;0.10711511224508286;96;4
C04;C04;Critico: Multiplas distracoes urbanas;Critico;Critico;0.3713889718055725;0.3713889718055725;R1_NORMAL;22;45;24;0;24;2;0;0.05000000819563866;0.20811085402965546;0.16305969655513763;96;4
N01;N01;Normal: Viagem tranquila em rodovia;Normal;Normal;0.050000007078051564;0.050000007078051564;R1_NORMAL;-1;-1;0;0;-1;-1;0;0.05000000819563866;0.034141313284635544;0.13243530690670013;96;4
C05;C05;Critico progressivo: Celular em rodovia;Critico;Critico;0.3817360833287239;0.3817360833287239;R3_FALSE_KIN;42;73;32;1;58;16;0;0.05000000819563866;0.3136667311191559;0.14365361630916595;96;4
N03;N03;Normal: Noite estável;Normal;Normal;0.050000007078051564;0.050000007078051564;R2_STABLE_RISK;-1;-1;0;0;-1;-1;0;0.05000000819563866;0.031013017520308495;0.10766469687223434;96;4
N03;N03;Normal: Noite estável;Normal;Normal;0.050000007078051564;0.050000007078051564;R2_STABLE_RISK;-1;-1;0;0;-1;-1;0;0.05000000819563866;0.03273441269993782;0.08629202097654343;96;4
C09;C09;Critico progressivo: Bebida ao volante;Critico;Critico;0.39693050384521483;0.39693050384521483;R2_STABLE_RISK;38;73;36;1;56;18;0;0.05000000819563866;0.25750425457954407;0.12716948986053467;96;4
C02;C02;Critico: Fadiga com desvio cinematico;Critico;Critico;0.39378328174352645;0.39378328174352645;R2_STABLE_RISK;29;50;22;0;32;3;0;0.05000000819563866;0.09882670640945435;0.126572385430336;96;4
N02;N02;Normal: Urbano moderado;Normal;Normal;0.050000007078051564;0.050000007078051564;R1_NORMAL;-1;-1;0;0;-1;-1;0;0.05000000819563866;0.032209720462560654;0.0793105810880661;96;4
N03;N03;Normal: Noite estável;Normal;Normal;0.050000007078051564;0.050000007078051564;R2_STABLE_RISK;-1;-1;0;0;-1;-1;0;0.05000000819563866;0.032594189047813416;0.09776762872934341;96;4
C02;C02;Critico: Fadiga com desvio cinematico;Critico;Critico;0.39378328174352645;0.39378328174352645;R2_STABLE_RISK;29;50;22;0;32;3;0;0.05000000819563866;0.08830887079238892;0.10672668367624283;96;4
N02;N02;Normal: Urbano moderado;Normal;Normal;0.050000007078051564;0.050000007078051564;R1_NORMAL;-1;-1;0;0;-1;-1;0;0.05000000819563866;0.03033236600458622;0.09419076889753342;96;4
C10;C10;Critico progressivo: Grooming em rodovia com fadiga;Critico;Critico;0.3871388182044029;0.3871388182044029;R3_FALSE_KIN;40;81;42;1;58;18;0;0.05000000819563866;0.20769603550434113;0.10843796283006668;96;4
C03;C03;Critico: Celular sem cinto sob chuva;Critico;Critico;0.3752959698438644;0.3752959698438644;R3_FALSE_KIN;26;41;16;0;28;2;0;0.05000000819563866;0.18447960913181305;0.12707030773162842;96;4
N01;N01;Normal: Viagem tranquila em rodovia;Normal;Normal;0.050000007078051564;0.050000007078051564;R1_NORMAL;-1;-1;0;0;-1;-1;0;0.05000000819563866;0.032804060727357864;0.15566733479499817;96;4
N03;N03;Normal: Noite estável;Normal;Normal;0.050000007078051564;0.050000007078051564;R1_NORMAL;-1;-1;0;0;-1;-1;0;0.05000000819563866;0.02849351055920124;0.1021830216050148;96;4
C07;C07;Critico progressivo: Sem cinto sob chuva;Critico;Critico;0.4251457884907722;0.4251457884907722;R3_FALSE_KIN;37;75;39;1;61;24;0;0.05000000819563866;0.38119497895240784;0.11902409046888351;96;4
C03;C03;Critico: Celular sem cinto sob chuva;Critico;Critico;0.617902860045433;0.617902860045433;R3_FALSE_KIN;26;41;16;0;28;2;1;0.23852621018886566;0.1927632838487625;0.15411655604839325;96;4
C01;C01;Critico: Celular em alta velocidade;Critico;Critico;0.520962393283844;0.520962393283844;R1_NORMAL;32;44;13;0;34;2;1;0.20659776031970978;0.15258239209651947;0.1840701699256897;96;4
C09;C09;Critico progressivo: Bebida ao volante;Critico;Critico;0.4627490997314453;0.4627490997314453;R1_NORMAL;38;73;36;1;58;20;1;0.2653532922267914;0.2585330009460449;0.11736498028039932;96;4
C07;C07;Critico progressivo: Sem cinto sob chuva;Critico;Critico;0.40511373877525325;0.40511373877525325;R1_NORMAL;37;75;39;1;58;21;0;0.05000000819563866;0.3863717019557953;0.1357719451189041;96;4
C01;C01;Critico: Celular em alta velocidade;Critico;Critico;0.29102678298950196;0.29102678298950196;R1_NORMAL;32;44;13;0;34;2;0;0.05000000819563866;0.15277428925037384;0.13553433120250702;96;4
N02;N02;Normal: Urbano moderado;Normal;Normal;0.050000007078051564;0.050000007078051564;R2_STABLE_RISK;-1;-1;0;0;-1;-1;0;0.05000000819563866;0.03516401723027229;0.07683232426643372;96;4
C01;C01;Critico: Celular em alta velocidade;Critico;Critico;0.29102678298950196;0.29102678298950196;R2_STABLE_RISK;32;44;13;0;34;2;0;0.05000000819563866;0.15198767185211182;0.1541818529367447;96;4
C05;C05;Critico progressivo: Celular em rodovia;Critico;Critico;0.39624631553888323;0.39624631553888323;R2_STABLE_RISK;42;73;32;1;57;15;0;0.05000000819563866;0.3221565783023834;0.18391136825084686;96;4
C07;C07;Critico progressivo: Sem cinto sob chuva;Critico;Critico;0.495989915728569;0.495989915728569;R2_STABLE_RISK;37;75;39;1;58;21;1;0.32421576976776123;0.3809179365634918;0.18527479469776154;96;4
C05;C05;Critico progressivo: Celular em rodovia;Critico;Critico;0.38273600339889524;0.38273600339889524;R1_NORMAL;42;73;32;1;58;16;0;0.05000000819563866;0.3126673996448517;0.11886139959096909;96;4
C10;C10;Critico progressivo: Grooming em rodovia com fadiga;Critico;Critico;0.4533541247248649;0.4533541247248649;R1_NORMAL;40;81;42;1;58;18;0;0.05000000819563866;0.20631344616413116;0.17516861855983734;96;4
N02;N02;Normal: Urbano moderado;Normal;Normal;0.050000007078051564;0.050000007078051564;R1_NORMAL;-1;-1;0;0;-1;-1;0;0.05000000819563866;0.035230785608291626;0.09864290803670883;96;4
C10;C10;Critico progressivo: Grooming em rodovia com fadiga;Critico;Critico;0.42578607350587844;0.42578607350587844;R2_STABLE_RISK;40;81;42;1;58;18;0;0.05000000819563866;0.20048706233501434;0.08403990417718887;96;4
C03;C03;Critico: Celular sem cinto sob chuva;Critico;Critico;0.3752959698438644;0.3752959698438644;R3_FALSE_KIN;26;41;16;0;28;2;0;0.05000000819563866;0.1900760382413864;0.14630748331546783;96;4
C10;C10;Critico progressivo: Grooming em rodovia com fadiga;Critico;Critico;0.416039477288723;0.416039477288723;R1_NORMAL;40;81;42;1;62;22;0;0.05000000819563866;0.19559042155742645;0.1233249083161354;96;4
C01;C01;Critico: Celular em alta velocidade;Critico;Critico;0.29102678298950196;0.29102678298950196;R1_NORMAL;32;44;13;0;34;2;0;0.05000000819563866;0.1531616896390915;0.0714695155620575;96;4
C01;C01;Critico: Celular em alta velocidade;Critico;Critico;0.29102678298950196;0.29102678298950196;R2_STABLE_RISK;32;44;13;0;34;2;0;0.05000000819563866;0.149763822555542;0.13178060948848724;96;4
N02;N02;Normal: Urbano moderado;Normal;Normal;0.050000007078051564;0.050000007078051564;R2_STABLE_RISK;-1;-1;0;0;-1;-1;0;0.05000000819563866;0.03455984219908714;0.1020464301109314;96;4
C03;C03;Critico: Celular sem cinto sob chuva;Critico;Critico;0.3752959698438644;0.3752959698438644;R1_NORMAL;26;41;16;0;28;2;0;0.05000000819563866;0.1896851658821106;0.13543222844600677;96;4
C09;C09;Critico progressivo: Bebida ao volante;Critico;Critico;0.390804673731327;0.390804673731327;R1_NORMAL;38;73;36;1;56;18;0;0.05000000819563866;0.25003623962402344;0.12499769777059555;96;4
C08;C08;Critico progressivo: Distracao urbana multietapas;Critico;Critico;0.4574057549238205;0.4574057549238205;R1_NORMAL;28;77;50;1;55;27;0;0.05000000819563866;0.3176461458206177;0.14290647208690643;96;4
C09;C09;Critico progressivo: Bebida ao volante;Critico;Critico;0.37725265026092525;0.37725265026092525;R2_STABLE_RISK;38;73;36;1;59;21;0;0.05000000819563866;0.25626716017723083;0.1375071406364441;96;4
C04;C04;Critico: Multiplas distracoes urbanas;Critico;Critico;0.3713889718055725;0.3713889718055725;R2_STABLE_RISK;22;45;24;0;24;2;0;0.05000000819563866;0.1997431069612503;0.089169941842556;96;4
C03;C03;Critico: Celular sem cinto sob chuva;Critico;Critico;0.6245174974203109;0.6245174974203109;R2_STABLE_RISK;26;41;16;0;28;2;1;0.27711477875709534;0.18559293448925018;0.17842364311218262;96;4
C07;C07;Critico progressivo: Sem cinto sob chuva;Critico;Critico;0.39794328212738034;0.39794328212738034;R2_STABLE_RISK;37;75;39;1;57;20;0;0.05000000819563866;0.3793428838253021;0.15820111334323883;96;4
C08;C08;Critico progressivo: Distracao urbana multietapas;Critico;Critico;0.4297204121947288;0.4297204121947288;R2_STABLE_RISK;28;77;50;1;59;31;0;0.05000000819563866;0.3146913945674896;0.13095279037952423;96;4
C01;C01;Critico: Celular em alta velocidade;Critico;Critico;0.29102678298950196;0.29102678298950196;R2_STABLE_RISK;32;44;13;0;34;2;0;0.05000000819563866;0.15963806211948395;0.13982586562633514;96;4
C07;C07;Critico progressivo: Sem cinto sob chuva;Critico;Critico;0.3964495941996574;0.3964495941996574;R2_STABLE_RISK;37;75;39;1;59;22;0;0.05000000819563866;0.3697853088378906;0.11087385565042496;96;4
C05;C05;Critico progressivo: Celular em rodovia;Critico;Critico;0.3984384417533874;0.3984384417533874;R1_NORMAL;42;73;32;1;58;16;0;0.05000000819563866;0.31231948733329773;0.11450233310461044;96;4
C02;C02;Critico: Fadiga com desvio cinematico;Critico;Critico;0.39378328174352645;0.39378328174352645;R1_NORMAL;29;50;22;0;32;3;0;0.05000000819563866;0.09482318162918091;0.11070064455270767;96;4
C06;C06;Critico progressivo: Fadiga noturna;Critico;Critico;0.48106748759746554;0.48106748759746554;R3_FALSE_KIN;36;81;46;1;61;25;1;0.3405129015445709;0.1557614952325821;0.10847580432891846;96;4
C09;C09;Critico progressivo: Bebida ao volante;Critico;Critico;0.39355737566947935;0.39355737566947935;R2_STABLE_RISK;38;73;36;1;55;17;0;0.05000000819563866;0.24641776084899902;0.13178245723247528;96;4
C07;C07;Critico progressivo: Sem cinto sob chuva;Critico;Critico;0.4241589531302452;0.4241589531302452;R1_NORMAL;37;75;39;1;61;24;0;0.05000000819563866;0.3764589726924896;0.1572788804769516;96;4
N03;N03;Normal: Noite estável;Normal;Normal;0.050000007078051564;0.050000007078051564;R3_FALSE_KIN;-1;-1;0;0;-1;-1;0;0.05000000819563866;0.03527307137846947;0.08426152914762497;96;4
C02;C02;Critico: Fadiga com desvio cinematico;Critico;Critico;0.39378328174352645;0.39378328174352645;R1_NORMAL;29;50;22;0;32;3;0;0.05000000819563866;0.09639847278594971;0.09987098723649979;96;4
N03;N03;Normal: Noite estável;Normal;Normal;0.050000007078051564;0.050000007078051564;R1_NORMAL;-1;-1;0;0;-1;-1;0;0.05000000819563866;0.031111130490899086;0.08971405774354935;96;4
C08;C08;Critico progressivo: Distracao urbana multietapas;Critico;Critico;0.5136473417282104;0.5136473417282104;R1_NORMAL;28;77;50;1;56;28;1;0.2961674630641937;0.3125542104244232;0.14473934471607208;96;4
N02;N02;Normal: Urbano moderado;Normal;Normal;0.050000007078051564;0.050000007078051564;R2_STABLE_RISK;-1;-1;0;0;-1;-1;0;0.05000000819563866;0.02587416023015976;0.0904339924454689;96;4
C05;C05;Critico progressivo: Celular em rodovia;Critico;Critico;0.37833748012781143;0.37833748012781143;R1_NORMAL;42;73;32;1;61;19;0;0.05000000819563866;0.31245508790016174;0.11848422139883041;96;4
C03;C03;Critico: Celular sem cinto sob chuva;Critico;Critico;0.3752959698438644;0.3752959698438644;R2_STABLE_RISK;26;41;16;0;28;2;0;0.05000000819563866;0.1882701963186264;0.10380017757415771;96;4
C05;C05;Critico progressivo: Celular em rodovia;Critico;Critico;0.46229874789714814;0.46229874789714814;R1_NORMAL;42;73;32;1;57;15;1;0.29901817440986633;0.3172994554042816;0.13521552085876465;96;4
N02;N02;Normal: Urbano moderado;Normal;Normal;0.050000007078051564;0.050000007078051564;R1_NORMAL;-1;-1;0;0;-1;-1;0;0.05000000819563866;0.027462264522910118;0.08403810858726501;96;4
C01;C01;Critico: Celular em alta velocidade;Critico;Critico;0.29102678298950196;0.29102678298950196;R2_STABLE_RISK;32;44;13;0;34;2;0;0.05000000819563866;0.15367743372917175;0.12704624235630035;96;4
C10;C10;Critico progressivo: Grooming em rodovia com fadiga;Critico;Critico;0.42774465829133984;0.42774465829133984;R2_STABLE_RISK;40;81;42;1;60;20;0;0.05000000819563866;0.19862163066864014;0.11970877647399902;96;4
C10;C10;Critico progressivo: Grooming em rodovia com fadiga;Critico;Critico;0.4327528193593025;0.4327528193593025;R2_STABLE_RISK;40;81;42;1;61;21;0;0.05000000819563866;0.19931471347808838;0.11258465051651001;96;4
N02;N02;Normal: Urbano moderado;Normal;Normal;0.050000007078051564;0.050000007078051564;R2_STABLE_RISK;-1;-1;0;0;-1;-1;0;0.05000000819563866;0.03330571576952934;0.13824234902858734;96;4
C07;C07;Critico progressivo: Sem cinto sob chuva;Critico;Critico;0.41390984207391734;0.41390984207391734;R2_STABLE_RISK;37;75;39;1;58;21;0;0.05000000819563866;0.3789958953857422;0.16061292588710785;96;4
C07;C07;Critico progressivo: Sem cinto sob chuva;Critico;Critico;0.3847825095057487;0.3847825095057487;R3_FALSE_KIN;37;75;39;1;57;20;0;0.05000000819563866;0.3739737570285797;0.14425522089004517;96;4
C03;C03;Critico: Celular sem cinto sob chuva;Critico;Critico;0.3752959698438644;0.3752959698438644;R2_STABLE_RISK;26;41;16;0;28;2;0;0.05000000819563866;0.1891828030347824;0.14438320696353912;96;4
C07;C07;Critico progressivo: Sem cinto sob chuva;Critico;Critico;0.39356863945722576;0.39356863945722576;R1_NORMAL;37;75;39;1;61;24;0;0.05000000819563866;0.3813517093658447;0.1749657541513443;96;4
C10;C10;Critico progressivo: Grooming em rodovia com fadiga;Critico;Critico;0.3887541651725769;0.3887541651725769;R3_FALSE_KIN;40;81;42;1;60;20;0;0.05000000819563866;0.196597158908844;0.1430755853652954;96;4
C07;C07;Critico progressivo: Sem cinto sob chuva;Critico;Critico;0.4077731609344482;0.4077731609344482;R1_NORMAL;37;75;39;1;58;21;0;0.05000000819563866;0.3771528899669647;0.154487743973732;96;4
C01;C01;Critico: Celular em alta velocidade;Critico;Critico;0.29102678298950196;0.29102678298950196;R3_FALSE_KIN;32;44;13;0;34;2;0;0.05000000819563866;0.15480850636959076;0.11850917339324951;96;4
N01;N01;Normal: Viagem tranquila em rodovia;Normal;Normal;0.050000007078051564;0.050000007078051564;R2_STABLE_RISK;-1;-1;0;0;-1;-1;0;0.05000000819563866;0.030095085501670837;0.11466320604085922;96;4
C05;C05;Critico progressivo: Celular em rodovia;Critico;Critico;0.4870459198951721;0.4870459198951721;R3_FALSE_KIN;42;73;32;1;57;15;1;0.3116433620452881;0.3167440891265869;0.19103610515594482;96;4
C04;C04;Critico: Multiplas distracoes urbanas;Critico;Critico;0.3713889718055725;0.3713889718055725;R1_NORMAL;22;45;24;0;24;2;0;0.05000000819563866;0.206687331199646;0.1130223497748375;96;4
N01;N01;Normal: Viagem tranquila em rodovia;Normal;Normal;0.050000007078051564;0.050000007078051564;R2_STABLE_RISK;-1;-1;0;0;-1;-1;0;0.05000000819563866;0.028763897716999054;0.10725170373916626;96;4
N02;N02;Normal: Urbano moderado;Normal;Normal;0.050000007078051564;0.050000007078051564;R1_NORMAL;-1;-1;0;0;-1;-1;0;0.05000000819563866;0.028992561623454094;0.0647144541144371;96;4
N03;N03;Normal: Noite estável;Normal;Normal;0.050000007078051564;0.050000007078051564;R1_NORMAL;-1;-1;0;0;-1;-1;0;0.05000000819563866;0.030763857066631317;0.09576012939214706;96;4
C10;C10;Critico progressivo: Grooming em rodovia com fadiga;Critico;Critico;0.4596472918987274;0.4596472918987274;R1_NORMAL;40;81;42;1;67;27;1;0.2984673082828522;0.20769882202148438;0.13319820165634155;96;4
C10;C10;Critico progressivo: Grooming em rodovia com fadiga;Critico;Critico;0.5001707285642624;0.5001707285642624;R3_FALSE_KIN;40;81;42;1;62;22;1;0.3511253297328949;0.20635773241519928;0.07041919231414795;96;4
N01;N01;Normal: Viagem tranquila em rodovia;Normal;Normal;0.050000007078051564;0.050000007078051564;R1_NORMAL;-1;-1;0;0;-1;-1;0;0.05000000819563866;0.036569744348526;0.09030592441558838;96;4
C08;C08;Critico progressivo: Distracao urbana multietapas;Critico;Critico;0.43252300471067423;0.43252300471067423;R3_FALSE_KIN;28;77;50;1;55;27;0;0.05000000819563866;0.3144407272338867;0.16107769310474396;96;4
N02;N02;Normal: Urbano moderado;Normal;Normal;0.050000007078051564;0.050000007078051564;R1_NORMAL;-1;-1;0;0;-1;-1;0;0.05000000819563866;0.027078770101070404;0.10809541493654251;96;4
C05;C05;Critico progressivo: Celular em rodovia;Critico;Critico;0.4734746813774109;0.4734746813774109;R2_STABLE_RISK;42;73;32;1;61;19;1;0.2795466184616089;0.32159391045570374;0.12408856302499771;96;4
C09;C09;Critico progressivo: Bebida ao volante;Critico;Critico;0.46487682759761806;0.46487682759761806;R1_NORMAL;38;73;36;1;59;21;1;0.28387847542762756;0.25285863876342773;0.12680232524871826;96;4
C06;C06;Critico progressivo: Fadiga noturna;Critico;Critico;0.4119961366057396;0.4119961366057396;R1_NORMAL;36;81;46;1;57;21;0;0.05000000819563866;0.1611274778842926;0.1145046129822731;96;4
C03;C03;Critico: Celular sem cinto sob chuva;Critico;Critico;0.3752959698438644;0.3752959698438644;R1_NORMAL;26;41;16;0;28;2;0;0.05000000819563866;0.18767954409122467;0.11286308616399765;96;4
C09;C09;Critico progressivo: Bebida ao volante;Critico;Critico;0.40179847478866576;0.40179847478866576;R2_STABLE_RISK;38;73;36;1;56;18;0;0.05000000819563866;0.2548787295818329;0.15069915354251862;96;4
C09;C09;Critico progressivo: Bebida ao volante;Critico;Critico;0.3857818961143493;0.3857818961143493;R1_NORMAL;38;73;36;1;58;20;0;0.05000000819563866;0.25488799810409546;0.13950203359127045;96;4
C10;C10;Critico progressivo: Grooming em rodovia com fadiga;Critico;Critico;0.4030896306037902;0.4030896306037902;R2_STABLE_RISK;40;81;42;1;64;24;0;0.05000000819563866;0.19923192262649536;0.10053900629281998;96;4
N02;N02;Normal: Urbano moderado;Normal;Normal;0.050000007078051564;0.050000007078051564;R1_NORMAL;-1;-1;0;0;-1;-1;0;0.05000000819563866;0.02857324481010437;0.08062785118818283;96;4
C02;C02;Critico: Fadiga com desvio cinematico;Critico;Critico;0.5994617879390716;0.5994617879390716;R1_NORMAL;29;50;22;0;32;3;1;0.24003075063228607;0.10048403590917587;0.18054060637950897;96;4
N01;N01;Normal: Viagem tranquila em rodovia;Normal;Normal;0.050000007078051564;0.050000007078051564;R3_FALSE_KIN;-1;-1;0;0;-1;-1;0;0.05000000819563866;0.027113154530525208;0.08930912613868713;96;4
C08;C08;Critico progressivo: Distracao urbana multietapas;Critico;Critico;0.4448857754468918;0.4448857754468918;R1_NORMAL;28;77;50;1;48;20;0;0.05000000819563866;0.31705641746520996;0.11406636238098145;96;4
C06;C06;Critico progressivo: Fadiga noturna;Critico;Critico;0.4224270105361938;0.4224270105361938;R1_NORMAL;36;81;46;1;61;25;0;0.05000000819563866;0.1486961394548416;0.08698689192533493;96;4
C02;C02;Critico: Fadiga com desvio cinematico;Critico;Critico;0.39378328174352645;0.39378328174352645;R1_NORMAL;29;50;22;0;32;3;0;0.05000000819563866;0.0895770862698555;0.11080992221832275;96;4
C10;C10;Critico progressivo: Grooming em rodovia com fadiga;Critico;Critico;0.3696187332272529;0.3696187332272529;R1_NORMAL;40;81;42;1;67;27;0;0.05000000819563866;0.1981087177991867;0.08958423137664795;96;4
N01;N01;Normal: Viagem tranquila em rodovia;Normal;Normal;0.050000007078051564;0.050000007078051564;R1_NORMAL;-1;-1;0;0;-1;-1;0;0.05000000819563866;0.03317572548985481;0.0810568556189537;96;4
N02;N02;Normal: Urbano moderado;Normal;Normal;0.050000007078051564;0.050000007078051564;R1_NORMAL;-1;-1;0;0;-1;-1;0;0.05000000819563866;0.03498164936900139;0.10092902183532715;96;4
N03;N03;Normal: Noite estável;Normal;Normal;0.050000007078051564;0.050000007078051564;R1_NORMAL;-1;-1;0;0;-1;-1;0;0.05000000819563866;0.034690599888563156;0.07696593552827835;96;4
C05;C05;Critico progressivo: Celular em rodovia;Critico;Critico;0.3882200956344604;0.3882200956344604;R1_NORMAL;42;73;32;1;58;16;0;0.05000000819563866;0.31545624136924744;0.10350503772497177;96;4
N03;N03;Normal: Noite estável;Normal;Normal;0.050000007078051564;0.050000007078051564;R1_NORMAL;-1;-1;0;0;-1;-1;0;0.05000000819563866;0.034995097666978836;0.08507596701383591;96;4
N03;N03;Normal: Noite estável;Normal;Normal;0.050000007078051564;0.050000007078051564;R1_NORMAL;-1;-1;0;0;-1;-1;0;0.05000000819563866;0.0312812440097332;0.11211147159337997;96;4
N02;N02;Normal: Urbano moderado;Normal;Normal;0.050000007078051564;0.050000007078051564;R1_NORMAL;-1;-1;0;0;-1;-1;0;0.05000000819563866;0.030679898336529732;0.11330095678567886;96;4
C02;C02;Critico: Fadiga com desvio cinematico;Critico;Critico;0.5992742091417312;0.5992742091417312;R1_NORMAL;29;50;22;0;32;3;1;0.2772301137447357;0.09214308112859726;0.16011519730091095;96;4
N01;N01;Normal: Viagem tranquila em rodovia;Normal;Normal;0.050000007078051564;0.050000007078051564;R1_NORMAL;-1;-1;0;0;-1;-1;0;0.05000000819563866;0.032851412892341614;0.09082788228988647;96;4
C09;C09;Critico progressivo: Bebida ao volante;Critico;Critico;0.40475547313690186;0.40475547313690186;R1_NORMAL;38;73;36;1;56;18;0;0.05000000819563866;0.25192728638648987;0.11743203550577164;96;4
N03;N03;Normal: Noite estável;Normal;Normal;0.050000007078051564;0.050000007078051564;R2_STABLE_RISK;-1;-1;0;0;-1;-1;0;0.05000000819563866;0.0353785865008831;0.1013001799583435;96;4
C02;C02;Critico: Fadiga com desvio cinematico;Critico;Critico;0.39378328174352645;0.39378328174352645;R1_NORMAL;29;50;22;0;32;3;0;0.05000000819563866;0.09504912048578262;0.13023729622364044;96;4
N03;N03;Normal: Noite estável;Normal;Normal;0.050000007078051564;0.050000007078051564;R1_NORMAL;-1;-1;0;0;-1;-1;0;0.05000000819563866;0.030396992340683937;0.10656177997589111;96;4
C06;C06;Critico progressivo: Fadiga noturna;Critico;Critico;0.4632859796285629;0.4632859796285629;R2_STABLE_RISK;36;81;46;1;60;24;1;0.3240929841995239;0.1536567658185959;0.09501747041940689;96;4
C05;C05;Critico progressivo: Celular em rodovia;Critico;Critico;0.38027440309524535;0.38027440309524535;R1_NORMAL;42;73;32;1;60;18;0;0.05000000819563866;0.315791517496109;0.12971386313438416;96;4
C02;C02;Critico: Fadiga com desvio cinematico;Critico;Critico;0.39378328174352645;0.39378328174352645;R1_NORMAL;29;50;22;0;32;3;0;0.05000000819563866;0.09790905565023422;0.15733467042446136;96;4
N03;N03;Normal: Noite estável;Normal;Normal;0.050000007078051564;0.050000007078051564;R2_STABLE_RISK;-1;-1;0;0;-1;-1;0;0.05000000819563866;0.03343340381979942;0.08816204220056534;96;4
C03;C03;Critico: Celular sem cinto sob chuva;Critico;Critico;0.3752959698438644;0.3752959698438644;R3_FALSE_KIN;26;41;16;0;28;2;0;0.05000000819563866;0.18269748985767365;0.11705046892166138;96;4
N03;N03;Normal: Noite estável;Normal;Normal;0.050000007078051564;0.050000007078051564;R1_NORMAL;-1;-1;0;0;-1;-1;0;0.05000000819563866;0.029394151642918587;0.0911531075835228;96;4
N03;N03;Normal: Noite estável;Normal;Normal;0.050000007078051564;0.050000007078051564;R1_NORMAL;-1;-1;0;0;-1;-1;0;0.05000000819563866;0.03380334749817848;0.17424993216991425;96;4
N02;N02;Normal: Urbano moderado;Normal;Normal;0.050000007078051564;0.050000007078051564;R1_NORMAL;-1;-1;0;0;-1;-1;0;0.05000000819563866;0.0358307845890522;0.09854767471551895;96;4
C08;C08;Critico progressivo: Distracao urbana multietapas;Critico;Critico;0.4533290594816207;0.4533290594816207;R1_NORMAL;28;77;50;1;55;27;0;0.05000000819563866;0.31392183899879456;0.10615433007478714;96;4
C09;C09;Critico progressivo: Bebida ao volante;Critico;Critico;0.414581298828125;0.414581298828125;R1_NORMAL;38;73;36;1;56;18;0;0.05000000819563866;0.26125726103782654;0.1291709542274475;96;4
C08;C08;Critico progressivo: Distracao urbana multietapas;Critico;Critico;0.41705192923545836;0.41705192923545836;R2_STABLE_RISK;28;77;50;1;59;31;0;0.05000000819563866;0.3129771649837494;0.12570810317993164;96;4
N02;N02;Normal: Urbano moderado;Normal;Normal;0.050000007078051564;0.050000007078051564;R1_NORMAL;-1;-1;0;0;-1;-1;0;0.05000000819563866;0.02968669682741165;0.07659846544265747;96;4
C05;C05;Critico progressivo: Celular em rodovia;Critico;Critico;0.3760345101356506;0.3760345101356506;R2_STABLE_RISK;42;73;32;1;59;17;0;0.05000000819563866;0.31696900725364685;0.09479410201311111;96;4
C02;C02;Critico: Fadiga com desvio cinematico;Critico;Critico;0.5970691829919814;0.5970691829919814;R1_NORMAL;29;50;22;0;32;3;1;0.25117623805999756;0.09128744155168533;0.16769693791866302;96;4
N02;N02;Normal: Urbano moderado;Normal;Normal;0.050000007078051564;0.050000007078051564;R1_NORMAL;-1;-1;0;0;-1;-1;0;0.05000000819563866;0.03476126864552498;0.0903579369187355;96;4
C09;C09;Critico progressivo: Bebida ao volante;Critico;Critico;0.39128701537847516;0.39128701537847516;R1_NORMAL;38;73;36;1;56;18;0;0.05000000819563866;0.25290966033935547;0.13364355266094208;96;4
N03;N03;Normal: Noite estável;Normal;Normal;0.050000007078051564;0.050000007078051564;R3_FALSE_KIN;-1;-1;0;0;-1;-1;0;0.05000000819563866;0.035396281629800797;0.07501082122325897;96;4
C02;C02;Critico: Fadiga com desvio cinematico;Critico;Critico;0.39378328174352645;0.39378328174352645;R3_FALSE_KIN;29;50;22;0;32;3;0;0.05000000819563866;0.09637460857629776;0.11507336050271988;96;4
C06;C06;Critico progressivo: Fadiga noturna;Critico;Critico;0.4509728819131851;0.4509728819131851;R2_STABLE_RISK;36;81;46;1;57;21;0;0.05000000819563866;0.15816067159175873;0.12207897752523422;96;4
C07;C07;Critico progressivo: Sem cinto sob chuva;Critico;Critico;0.39209190160036084;0.39209190160036084;R1_NORMAL;37;75;39;1;59;22;0;0.05000000819563866;0.3809235990047455;0.17829519510269165;96;4
C05;C05;Critico progressivo: Celular em rodovia;Critico;Critico;0.38624791949987414;0.38624791949987414;R2_STABLE_RISK;42;73;32;1;57;15;0;0.05000000819563866;0.32664570212364197;0.1194937452673912;96;4
C08;C08;Critico progressivo: Distracao urbana multietapas;Critico;Critico;0.4479437455534935;0.4479437455534935;R2_STABLE_RISK;28;77;50;1;55;27;0;0.05000000819563866;0.31042683124542236;0.12286808341741562;96;4
N01;N01;Normal: Viagem tranquila em rodovia;Normal;Normal;0.050000007078051564;0.050000007078051564;R2_STABLE_RISK;-1;-1;0;0;-1;-1;0;0.05000000819563866;0.03346739709377289;0.08300171047449112;96;4
C05;C05;Critico progressivo: Celular em rodovia;Critico;Critico;0.3680528163909912;0.3680528163909912;R1_NORMAL;42;73;32;1;57;15;0;0.05000000819563866;0.31739339232444763;0.09223594516515732;96;4
C06;C06;Critico progressivo: Fadiga noturna;Critico;Critico;0.4699974000453949;0.4699974000453949;R1_NORMAL;36;81;46;1;60;24;1;0.3371405601501465;0.16494984924793243;0.09389770030975342;96;4
C05;C05;Critico progressivo: Celular em rodovia;Critico;Critico;0.4688836604356766;0.4688836604356766;R2_STABLE_RISK;42;73;32;1;58;16;1;0.295080304145813;0.3214235007762909;0.20953011512756348;96;4
C10;C10;Critico progressivo: Grooming em rodovia com fadiga;Critico;Critico;0.43587485551834104;0.43587485551834104;R2_STABLE_RISK;40;81;42;1;63;23;0;0.05000000819563866;0.20167328417301178;0.1001647338271141;96;4
C02;C02;Critico: Fadiga com desvio cinematico;Critico;Critico;0.5927127331495285;0.5927127331495285;R2_STABLE_RISK;29;50;22;0;32;3;1;0.24222993850708008;0.09405723959207535;0.19270646572113037;96;4
C04;C04;Critico: Multiplas distracoes urbanas;Critico;Critico;0.5668742150068282;0.5668742150068282;R3_FALSE_KIN;22;45;24;0;24;2;1;0.25582948327064514;0.20611818134784698;0.17762374877929688;96;4
C02;C02;Critico: Fadiga com desvio cinematico;Critico;Critico;0.6079404920339584;0.6079404920339584;R2_STABLE_RISK;29;50;22;0;32;3;1;0.2828820049762726;0.10389544814825058;0.1061931625008583;96;4
C04;C04;Critico: Multiplas distracoes urbanas;Critico;Critico;0.3713889718055725;0.3713889718055725;R2_STABLE_RISK;22;45;24;0;24;2;0;0.05000000819563866;0.19334495067596436;0.14467589557170868;96;4
C01;C01;Critico: Celular em alta velocidade;Critico;Critico;0.29102678298950196;0.29102678298950196;R3_FALSE_KIN;32;44;13;0;34;2;0;0.05000000819563866;0.150717094540596;0.09682643413543701;96;4
C08;C08;Critico progressivo: Distracao urbana multietapas;Critico;Critico;0.4473766505718231;0.4473766505718231;R2_STABLE_RISK;28;77;50;1;58;30;0;0.05000000819563866;0.31283560395240784;0.16299112141132355;96;4
C08;C08;Critico progressivo: Distracao urbana multietapas;Critico;Critico;0.475597608089447;0.475597608089447;R2_STABLE_RISK;28;77;50;1;49;21;0;0.05000000819563866;0.326421856880188;0.14793795347213745;96;4
C02;C02;Critico: Fadiga com desvio cinematico;Critico;Critico;0.39378328174352645;0.39378328174352645;R3_FALSE_KIN;29;50;22;0;32;3;0;0.05000000819563866;0.09999241679906845;0.11189838498830795;96;4
N03;N03;Normal: Noite estável;Normal;Normal;0.050000007078051564;0.050000007078051564;R2_STABLE_RISK;-1;-1;0;0;-1;-1;0;0.05000000819563866;0.030261246487498283;0.1106271967291832;96;4
N01;N01;Normal: Viagem tranquila em rodovia;Normal;Normal;0.050000007078051564;0.050000007078051564;R2_STABLE_RISK;-1;-1;0;0;-1;-1;0;0.05000000819563866;0.03415900096297264;0.12220275402069092;96;4
C05;C05;Critico progressivo: Celular em rodovia;Critico;Critico;0.3794984742999077;0.3794984742999077;R1_NORMAL;42;73;32;1;57;15;0;0.05000000819563866;0.31914255023002625;0.11000987142324448;96;4
C06;C06;Critico progressivo: Fadiga noturna;Critico;Critico;0.4000293672084808;0.4000293672084808;R1_NORMAL;36;81;46;1;62;26;0;0.05000000819563866;0.16074229776859283;0.09371665865182877;96;4
C09;C09;Critico progressivo: Bebida ao volante;Critico;Critico;0.4726136147975921;0.4726136147975921;R2_STABLE_RISK;38;73;36;1;55;17;1;0.23679812252521515;0.2575729191303253;0.2081799954175949;96;4
C01;C01;Critico: Celular em alta velocidade;Critico;Critico;0.29102678298950196;0.29102678298950196;R1_NORMAL;32;44;13;0;34;2;0;0.05000000819563866;0.16402088105678558;0.12807907164096832;96;4
N03;N03;Normal: Noite estável;Normal;Normal;0.050000007078051564;0.050000007078051564;R2_STABLE_RISK;-1;-1;0;0;-1;-1;0;0.05000000819563866;0.03525165840983391;0.11604505777359009;96;4
N02;N02;Normal: Urbano moderado;Normal;Normal;0.050000007078051564;0.050000007078051564;R2_STABLE_RISK;-1;-1;0;0;-1;-1;0;0.05000000819563866;0.0331449955701828;0.09685733169317245;96;4
C10;C10;Critico progressivo: Grooming em rodovia com fadiga;Critico;Critico;0.3796311244368553;0.3796311244368553;R2_STABLE_RISK;40;81;42;1;64;24;0;0.05000000819563866;0.20418502390384674;0.07903855293989182;96;4
C05;C05;Critico progressivo: Celular em rodovia;Critico;Critico;0.3881373926997185;0.3881373926997185;R3_FALSE_KIN;42;73;32;1;57;15;0;0.05000000819563866;0.3220295011997223;0.11047212034463882;96;4
C07;C07;Critico progressivo: Sem cinto sob chuva;Critico;Critico;0.41561756283044815;0.41561756283044815;R2_STABLE_RISK;37;75;39;1;60;23;0;0.05000000819563866;0.3772853910923004;0.13274307548999786;96;4
C03;C03;Critico: Celular sem cinto sob chuva;Critico;Critico;0.6264949440956116;0.6264949440956116;R1_NORMAL;26;41;16;0;28;2;1;0.2829667329788208;0.19524113833904266;0.20848768949508667;96;4
C03;C03;Critico: Celular sem cinto sob chuva;Critico;Critico;0.3752959698438644;0.3752959698438644;R2_STABLE_RISK;26;41;16;0;28;2;0;0.05000000819563866;0.18375416100025177;0.1115555465221405;96;4
C01;C01;Critico: Celular em alta velocidade;Critico;Critico;0.29102678298950196;0.29102678298950196;R3_FALSE_KIN;32;44;13;0;34;2;0;0.05000000819563866;0.16021540760993958;0.14938069880008698;96;4
C02;C02;Critico: Fadiga com desvio cinematico;Critico;Critico;0.39378328174352645;0.39378328174352645;R2_STABLE_RISK;29;50;22;0;32;3;0;0.05000000819563866;0.10040366649627686;0.10500814765691757;96;4
C02;C02;Critico: Fadiga com desvio cinematico;Critico;Critico;0.39378328174352645;0.39378328174352645;R2_STABLE_RISK;29;50;22;0;32;3;0;0.05000000819563866;0.09958789497613907;0.11975223571062088;96;4
N01;N01;Normal: Viagem tranquila em rodovia;Normal;Normal;0.050000007078051564;0.050000007078051564;R3_FALSE_KIN;-1;-1;0;0;-1;-1;0;0.05000000819563866;0.03467276692390442;0.08350136131048203;96;4
C06;C06;Critico progressivo: Fadiga noturna;Critico;Critico;0.417948006093502;0.417948006093502;R3_FALSE_KIN;36;81;46;1;63;27;0;0.05000000819563866;0.15765415132045746;0.10780664533376694;96;4
C01;C01;Critico: Celular em alta velocidade;Critico;Critico;0.29102678298950196;0.29102678298950196;R2_STABLE_RISK;32;44;13;0;34;2;0;0.05000000819563866;0.15621639788150787;0.15588872134685516;96;4
C03;C03;Critico: Celular sem cinto sob chuva;Critico;Critico;0.3752959698438644;0.3752959698438644;R2_STABLE_RISK;26;41;16;0;28;2;0;0.05000000819563866;0.18479911983013153;0.14405395090579987;96;4
C02;C02;Critico: Fadiga com desvio cinematico;Critico;Critico;0.39378328174352645;0.39378328174352645;R1_NORMAL;29;50;22;0;32;3;0;0.05000000819563866;0.10298111289739609;0.12613563239574432;96;4
C07;C07;Critico progressivo: Sem cinto sob chuva;Critico;Critico;0.5097181260585785;0.5097181260585785;R2_STABLE_RISK;37;75;39;1;53;16;1;0.33251890540122986;0.38719722628593445;0.1623511165380478;96;4
N03;N03;Normal: Noite estável;Normal;Normal;0.050000007078051564;0.050000007078051564;R2_STABLE_RISK;-1;-1;0;0;-1;-1;0;0.05000000819563866;0.02997106872498989;0.08516327291727066;96;4
C10;C10;Critico progressivo: Grooming em rodovia com fadiga;Critico;Critico;0.41780868768692014;0.41780868768692014;R2_STABLE_RISK;40;81;42;1;58;18;0;0.05000000819563866;0.19945217669010162;0.09714122861623764;96;4
C09;C09;Critico progressivo: Bebida ao volante;Critico;Critico;0.40306644886732096;0.40306644886732096;R2_STABLE_RISK;38;73;36;1;57;19;0;0.05000000819563866;0.25044968724250793;0.13901834189891815;96;4
C02;C02;Critico: Fadiga com desvio cinematico;Critico;Critico;0.39378328174352645;0.39378328174352645;R1_NORMAL;29;50;22;0;32;3;0;0.05000000819563866;0.1003037616610527;0.08797717094421387;96;4
C03;C03;Critico: Celular sem cinto sob chuva;Critico;Critico;0.3752959698438644;0.3752959698438644;R2_STABLE_RISK;26;41;16;0;28;2;0;0.05000000819563866;0.18202625215053558;0.15373535454273224;96;4
N01;N01;Normal: Viagem tranquila em rodovia;Normal;Normal;0.050000007078051564;0.050000007078051564;R2_STABLE_RISK;-1;-1;0;0;-1;-1;0;0.05000000819563866;0.035837918519973755;0.08230135589838028;96;4
C06;C06;Critico progressivo: Fadiga noturna;Critico;Critico;0.4256886407732963;0.4256886407732963;R3_FALSE_KIN;36;81;46;1;56;20;0;0.05000000819563866;0.16116128861904144;0.112147755920887;96;4
C03;C03;Critico: Celular sem cinto sob chuva;Critico;Critico;0.6043561905622482;0.6043561905622482;R1_NORMAL;26;41;16;0;28;2;1;0.18508051335811615;0.19151170551776886;0.16031737625598907;96;4
C06;C06;Critico progressivo: Fadiga noturna;Critico;Critico;0.507865735888481;0.507865735888481;R3_FALSE_KIN;36;81;46;1;59;23;1;0.33388832211494446;0.16091077029705048;0.11048680543899536;96;4
C09;C09;Critico progressivo: Bebida ao volante;Critico;Critico;0.38525349646806717;0.38525349646806717;R2_STABLE_RISK;38;73;36;1;55;17;0;0.05000000819563866;0.25259754061698914;0.14194416999816895;96;4
C03;C03;Critico: Celular sem cinto sob chuva;Critico;Critico;0.3752959698438644;0.3752959698438644;R3_FALSE_KIN;26;41;16;0;28;2;0;0.05000000819563866;0.1848321557044983;0.13035352528095245;96;4
C04;C04;Critico: Multiplas distracoes urbanas;Critico;Critico;0.3713889718055725;0.3713889718055725;R2_STABLE_RISK;22;45;24;0;24;2;0;0.05000000819563866;0.2017524242401123;0.13105107843875885;96;4
C08;C08;Critico progressivo: Distracao urbana multietapas;Critico;Critico;0.45663436651229855;0.45663436651229855;R1_NORMAL;28;77;50;1;54;26;0;0.05000000819563866;0.3197475075721741;0.16330255568027496;96;4
N03;N03;Normal: Noite estável;Normal;Normal;0.050000007078051564;0.050000007078051564;R1_NORMAL;-1;-1;0;0;-1;-1;0;0.05000000819563866;0.03240138292312622;0.08434437960386276;96;4
C02;C02;Critico: Fadiga com desvio cinematico;Critico;Critico;0.6025384694337844;0.6025384694337844;R2_STABLE_RISK;29;50;22;0;32;3;1;0.2599576711654663;0.09636193513870239;0.11775549501180649;96;4
C06;C06;Critico progressivo: Fadiga noturna;Critico;Critico;0.44976480007171626;0.44976480007171626;R2_STABLE_RISK;36;81;46;1;59;23;0;0.05000000819563866;0.16517861187458038;0.10693555325269699;96;4
C09;C09;Critico progressivo: Bebida ao volante;Critico;Critico;0.37131217867136;0.37131217867136;R1_NORMAL;38;73;36;1;60;22;0;0.05000000819563866;0.24194900691509247;0.18932823836803436;96;4
C07;C07;Critico progressivo: Sem cinto sob chuva;Critico;Critico;0.42297307699918746;0.42297307699918746;R3_FALSE_KIN;37;75;39;1;58;21;0;0.05000000819563866;0.3798103332519531;0.1229586973786354;96;4
N02;N02;Normal: Urbano moderado;Normal;Normal;0.050000007078051564;0.050000007078051564;R3_FALSE_KIN;-1;-1;0;0;-1;-1;0;0.05000000819563866;0.03197093307971954;0.10243836790323257;96;4
C10;C10;Critico progressivo: Grooming em rodovia com fadiga;Critico;Critico;0.439052765071392;0.439052765071392;R2_STABLE_RISK;40;81;42;1;62;22;0;0.05000000819563866;0.19733832776546478;0.07845286279916763;96;4
C07;C07;Critico progressivo: Sem cinto sob chuva;Critico;Critico;0.49360744655132294;0.49360744655132294;R1_NORMAL;37;75;39;1;58;21;1;0.3114641010761261;0.37902629375457764;0.14763200283050537;96;4
C01;C01;Critico: Celular em alta velocidade;Critico;Critico;0.29102678298950196;0.29102678298950196;R1_NORMAL;32;44;13;0;34;2;0;0.05000000819563866;0.15728317201137543;0.15108947455883026;96;4
C08;C08;Critico progressivo: Distracao urbana multietapas;Critico;Critico;0.4656213730573654;0.4656213730573654;R1_NORMAL;28;77;50;1;53;25;0;0.05000000819563866;0.3200751841068268;0.14444667100906372;96;4
C07;C07;Critico progressivo: Sem cinto sob chuva;Critico;Critico;0.39317585676908495;0.39317585676908495;R2_STABLE_RISK;37;75;39;1;62;25;0;0.05000000819563866;0.37071549892425537;0.17723023891448975;96;4
C07;C07;Critico progressivo: Sem cinto sob chuva;Critico;Critico;0.3903382316231727;0.3903382316231727;R2_STABLE_RISK;37;75;39;1;61;24;0;0.05000000819563866;0.38285794854164124;0.16262780129909515;96;4
C05;C05;Critico progressivo: Celular em rodovia;Critico;Critico;0.368179677426815;0.368179677426815;R1_NORMAL;42;73;32;1;60;18;0;0.05000000819563866;0.3209940493106842;0.10751252621412277;96;4
C02;C02;Critico: Fadiga com desvio cinematico;Critico;Critico;0.39378328174352645;0.39378328174352645;R1_NORMAL;29;50;22;0;32;3;0;0.05000000819563866;0.1003628596663475;0.14026682078838348;96;4
C03;C03;Critico: Celular sem cinto sob chuva;Critico;Critico;0.609116831421852;0.609116831421852;R2_STABLE_RISK;26;41;16;0;28;2;1;0.21160520613193512;0.1900055855512619;0.15780392289161682;96;4
C05;C05;Critico progressivo: Celular em rodovia;Critico;Critico;0.40406401902437206;0.40406401902437206;R1_NORMAL;42;73;32;1;60;18;0;0.05000000819563866;0.3250022232532501;0.14391331374645233;96;4
C10;C10;Critico progressivo: Grooming em rodovia com fadiga;Critico;Critico;0.4247867718338966;0.4247867718338966;R1_NORMAL;40;81;42;1;61;21;0;0.05000000819563866;0.20343025028705597;0.11818840354681015;96;4
C09;C09;Critico progressivo: Bebida ao volante;Critico;Critico;0.4769123047590255;0.4769123047590255;R3_FALSE_KIN;38;73;36;1;57;19;1;0.26586291193962097;0.25222644209861755;0.11980590969324112;96;4
C07;C07;Critico progressivo: Sem cinto sob chuva;Critico;Critico;0.4230532184243202;0.4230532184243202;R1_NORMAL;37;75;39;1;55;18;0;0.05000000819563866;0.3806532621383667;0.16882582008838654;96;4
C09;C09;Critico progressivo: Bebida ao volante;Critico;Critico;0.38128357529640194;0.38128357529640194;R1_NORMAL;38;73;36;1;60;22;0;0.05000000819563866;0.24420082569122314;0.13788646459579468;96;4
C02;C02;Critico: Fadiga com desvio cinematico;Critico;Critico;0.5945920765399932;0.5945920765399932;R1_NORMAL;29;50;22;0;32;3;1;0.25326475501060486;0.09462200850248337;0.18533366918563843;96;4
C03;C03;Critico: Celular sem cinto sob chuva;Critico;Critico;0.3752959698438644;0.3752959698438644;R1_NORMAL;26;41;16;0;28;2;0;0.05000000819563866;0.18863050639629364;0.12135714292526245;96;4
C04;C04;Critico: Multiplas distracoes urbanas;Critico;Critico;0.3713889718055725;0.3713889718055725;R1_NORMAL;22;45;24;0;24;2;0;0.05000000819563866;0.19992785155773163;0.13960473239421844;96;4
C01;C01;Critico: Celular em alta velocidade;Critico;Critico;0.5315632194280624;0.5315632194280624;R2_STABLE_RISK;32;44;13;0;34;2;1;0.2652592957019806;0.15648041665554047;0.18983371555805206;96;4
C02;C02;Critico: Fadiga com desvio cinematico;Critico;Critico;0.39378328174352645;0.39378328174352645;R1_NORMAL;29;50;22;0;32;3;0;0.05000000819563866;0.10096368193626404;0.09596347063779831;96;4
C03;C03;Critico: Celular sem cinto sob chuva;Critico;Critico;0.3752959698438644;0.3752959698438644;R3_FALSE_KIN;26;41;16;0;28;2;0;0.05000000819563866;0.1911502331495285;0.11277393251657486;96;4
C04;C04;Critico: Multiplas distracoes urbanas;Critico;Critico;0.3713889718055725;0.3713889718055725;R1_NORMAL;22;45;24;0;24;2;0;0.05000000819563866;0.2072496861219406;0.12168819457292557;96;4
C03;C03;Critico: Celular sem cinto sob chuva;Critico;Critico;0.3752959698438644;0.3752959698438644;R1_NORMAL;26;41;16;0;28;2;0;0.05000000819563866;0.19038967788219452;0.161597341299057;96;4
C03;C03;Critico: Celular sem cinto sob chuva;Critico;Critico;0.3752959698438644;0.3752959698438644;R2_STABLE_RISK;26;41;16;0;28;2;0;0.05000000819563866;0.19001531600952148;0.1267520934343338;96;4
C01;C01;Critico: Celular em alta velocidade;Critico;Critico;0.528156366944313;0.528156366944313;R1_NORMAL;32;44;13;0;34;2;1;0.2370217889547348;0.15272466838359833;0.18976719677448273;96;4
C03;C03;Critico: Celular sem cinto sob chuva;Critico;Critico;0.3752959698438644;0.3752959698438644;R1_NORMAL;26;41;16;0;28;2;0;0.05000000819563866;0.18775886297225952;0.11105692386627197;96;4
C02;C02;Critico: Fadiga com desvio cinematico;Critico;Critico;0.39378328174352645;0.39378328174352645;R1_NORMAL;29;50;22;0;32;3;0;0.05000000819563866;0.09439641237258911;0.13758954405784607;96;4
C08;C08;Critico progressivo: Distracao urbana multietapas;Critico;Critico;0.48163879811763766;0.48163879811763766;R2_STABLE_RISK;28;77;50;1;46;18;0;0.05000000819563866;0.32390451431274414;0.14150039851665497;96;4
C05;C05;Critico progressivo: Celular em rodovia;Critico;Critico;0.3707779958844185;0.3707779958844185;R1_NORMAL;42;73;32;1;61;19;0;0.05000000819563866;0.3134784996509552;0.12765030562877655;96;4
C03;C03;Critico: Celular sem cinto sob chuva;Critico;Critico;0.6241745561361313;0.6241745561361313;R3_FALSE_KIN;26;41;16;0;28;2;1;0.28145912289619446;0.19369332492351532;0.1542956382036209;96;4
C09;C09;Critico progressivo: Bebida ao volante;Critico;Critico;0.5011802345514297;0.5011802345514297;R1_NORMAL;38;73;36;1;55;17;1;0.2755260169506073;0.2555384337902069;0.16493584215641022;96;4
C10;C10;Critico progressivo: Grooming em rodovia com fadiga;Critico;Critico;0.44340851008892057;0.44340851008892057;R1_NORMAL;40;81;42;1;62;22;1;0.32266175746917725;0.18974776566028595;0.1342523694038391;96;4
C04;C04;Critico: Multiplas distracoes urbanas;Critico;Critico;0.3713889718055725;0.3713889718055725;R3_FALSE_KIN;22;45;24;0;24;2;0;0.05000000819563866;0.20159001648426056;0.11571741104125977;96;4
N01;N01;Normal: Viagem tranquila em rodovia;Normal;Normal;0.050000007078051564;0.050000007078051564;R1_NORMAL;-1;-1;0;0;-1;-1;0;0.05000000819563866;0.029903516173362732;0.10950872302055359;96;4
C01;C01;Critico: Celular em alta velocidade;Critico;Critico;0.29102678298950196;0.29102678298950196;R1_NORMAL;32;44;13;0;34;2;0;0.05000000819563866;0.15156131982803345;0.12436649948358536;96;4
C06;C06;Critico progressivo: Fadiga noturna;Critico;Critico;0.4377031087875366;0.4377031087875366;R3_FALSE_KIN;36;81;46;1;59;23;0;0.05000000819563866;0.16061535477638245;0.13591371476650238;96;4
C02;C02;Critico: Fadiga com desvio cinematico;Critico;Critico;0.39378328174352645;0.39378328174352645;R1_NORMAL;29;50;22;0;32;3;0;0.05000000819563866;0.09637721627950668;0.12666557729244232;96;4
C07;C07;Critico progressivo: Sem cinto sob chuva;Critico;Critico;0.4919777303934097;0.4919777303934097;R2_STABLE_RISK;37;75;39;1;58;21;1;0.31021982431411743;0.37707018852233887;0.14919602870941162;96;4
C05;C05;Critico progressivo: Celular em rodovia;Critico;Critico;0.4826655179262161;0.4826655179262161;R3_FALSE_KIN;42;73;32;1;59;17;1;0.27287840843200684;0.3155156672000885;0.13000349700450897;96;4
C09;C09;Critico progressivo: Bebida ao volante;Critico;Critico;0.5047687411308288;0.5047687411308288;R1_NORMAL;38;73;36;1;56;18;1;0.25264742970466614;0.2524353265762329;0.11276066303253174;96;4
C07;C07;Critico progressivo: Sem cinto sob chuva;Critico;Critico;0.43108690828084945;0.43108690828084945;R3_FALSE_KIN;37;75;39;1;60;23;0;0.05000000819563866;0.38112178444862366;0.17548225820064545;96;4
C07;C07;Critico progressivo: Sem cinto sob chuva;Critico;Critico;0.4016828581690788;0.4016828581690788;R2_STABLE_RISK;37;75;39;1;61;24;0;0.05000000819563866;0.3712921142578125;0.1322908252477646;96;4
C07;C07;Critico progressivo: Sem cinto sob chuva;Critico;Critico;0.37701916694641113;0.37701916694641113;R3_FALSE_KIN;37;75;39;1;60;23;0;0.05000000819563866;0.3707732856273651;0.1356682926416397;96;4
C08;C08;Critico progressivo: Distracao urbana multietapas;Critico;Critico;0.42340631484985347;0.42340631484985347;R3_FALSE_KIN;28;77;50;1;57;29;0;0.05000000819563866;0.3056371212005615;0.15173494815826416;96;4
N02;N02;Normal: Urbano moderado;Normal;Normal;0.050000007078051564;0.050000007078051564;R1_NORMAL;-1;-1;0;0;-1;-1;0;0.05000000819563866;0.027976887300610542;0.09680966287851334;96;4
C08;C08;Critico progressivo: Distracao urbana multietapas;Critico;Critico;0.4344766914844513;0.4344766914844513;R1_NORMAL;28;77;50;1;51;23;0;0.05000000819563866;0.31379106640815735;0.18581347167491913;96;4
C01;C01;Critico: Celular em alta velocidade;Critico;Critico;0.5304627746343613;0.5304627746343613;R1_NORMAL;32;44;13;0;34;2;1;0.24083685874938965;0.15098243951797485;0.1241711750626564;96;4
C07;C07;Critico progressivo: Sem cinto sob chuva;Critico;Critico;0.41433172821998593;0.41433172821998593;R2_STABLE_RISK;37;75;39;1;60;23;0;0.05000000819563866;0.38461974263191223;0.131872296333313;96;4
C05;C05;Critico progressivo: Celular em rodovia;Critico;Critico;0.46320884525775907;0.46320884525775907;R1_NORMAL;42;73;32;1;60;18;1;0.2562520205974579;0.32272589206695557;0.17472493648529053;96;4
C05;C05;Critico progressivo: Celular em rodovia;Critico;Critico;0.36934508532285687;0.36934508532285687;R2_STABLE_RISK;42;73;32;1;61;19;0;0.05000000819563866;0.31445619463920593;0.1429688185453415;96;4
C10;C10;Critico progressivo: Grooming em rodovia com fadiga;Critico;Critico;0.47302850186824796;0.47302850186824796;R1_NORMAL;40;81;42;1;58;18;1;0.3563591539859772;0.2087361067533493;0.16596487164497375;96;4
C06;C06;Critico progressivo: Fadiga noturna;Critico;Critico;0.4018966794013977;0.4018966794013977;R1_NORMAL;36;81;46;1;63;27;0;0.05000000819563866;0.15568135678768158;0.09975095838308334;96;4
C05;C05;Critico progressivo: Celular em rodovia;Critico;Critico;0.38781188726425164;0.38781188726425164;R2_STABLE_RISK;42;73;32;1;58;16;0;0.05000000819563866;0.3188150227069855;0.14396359026432037;96;4
C08;C08;Critico progressivo: Distracao urbana multietapas;Critico;Critico;0.5007475346326827;0.5007475346326827;R2_STABLE_RISK;28;77;50;1;54;26;1;0.28387293219566345;0.31916067004203796;0.1801578253507614;96;4
C09;C09;Critico progressivo: Bebida ao volante;Critico;Critico;0.3810453608632088;0.3810453608632088;R2_STABLE_RISK;38;73;36;1;57;19;0;0.05000000819563866;0.2499053031206131;0.10466489940881729;96;4
C02;C02;Critico: Fadiga com desvio cinematico;Critico;Critico;0.39378328174352645;0.39378328174352645;R1_NORMAL;29;50;22;0;32;3;0;0.05000000819563866;0.10255348682403564;0.13087429106235504;96;4
C05;C05;Critico progressivo: Celular em rodovia;Critico;Critico;0.3983429655432701;0.3983429655432701;R2_STABLE_RISK;42;73;32;1;60;18;0;0.05000000819563866;0.31708672642707825;0.17219454050064087;96;4
C08;C08;Critico progressivo: Distracao urbana multietapas;Critico;Critico;0.47270463705062865;0.47270463705062865;R2_STABLE_RISK;28;77;50;1;50;22;0;0.05000000819563866;0.3178858458995819;0.13789863884449005;96;4
C02;C02;Critico: Fadiga com desvio cinematico;Critico;Critico;0.5903204411268235;0.5903204411268235;R2_STABLE_RISK;29;50;22;0;32;3;1;0.2073250412940979;0.09827365726232529;0.17105908691883087;96;4
C08;C08;Critico progressivo: Distracao urbana multietapas;Critico;Critico;0.5049770206212998;0.5049770206212998;R2_STABLE_RISK;28;77;50;1;50;22;1;0.2944559156894684;0.32833555340766907;0.13817359507083893;96;4
C04;C04;Critico: Multiplas distracoes urbanas;Critico;Critico;0.3713889718055725;0.3713889718055725;R1_NORMAL;22;45;24;0;24;2;0;0.05000000819563866;0.2054046392440796;0.1804407387971878;96;4
C01;C01;Critico: Celular em alta velocidade;Critico;Critico;0.29102678298950196;0.29102678298950196;R3_FALSE_KIN;32;44;13;0;34;2;0;0.05000000819563866;0.15776629745960236;0.10830698162317276;96;4
C10;C10;Critico progressivo: Grooming em rodovia com fadiga;Critico;Critico;0.4280276775360107;0.4280276775360107;R1_NORMAL;40;81;42;1;60;20;0;0.05000000819563866;0.20524126291275024;0.07709436863660812;96;4
C08;C08;Critico progressivo: Distracao urbana multietapas;Critico;Critico;0.48925627768039703;0.48925627768039703;R1_NORMAL;28;77;50;1;56;28;1;0.2854900658130646;0.3088720142841339;0.20851927995681763;96;4
C09;C09;Critico progressivo: Bebida ao volante;Critico;Critico;0.4815429478883743;0.4815429478883743;R2_STABLE_RISK;38;73;36;1;57;19;1;0.25753599405288696;0.252549409866333;0.13285166025161743;96;4
N01;N01;Normal: Viagem tranquila em rodovia;Normal;Normal;0.050000007078051564;0.050000007078051564;R2_STABLE_RISK;-1;-1;0;0;-1;-1;0;0.05000000819563866;0.03127479553222656;0.10608402639627457;96;4
C06;C06;Critico progressivo: Fadiga noturna;Critico;Critico;0.4035154119133949;0.4035154119133949;R3_FALSE_KIN;36;81;46;1;60;24;0;0.05000000819563866;0.16343428194522858;0.1149589940905571;96;4
C04;C04;Critico: Multiplas distracoes urbanas;Critico;Critico;0.3713889718055725;0.3713889718055725;R1_NORMAL;22;45;24;0;24;2;0;0.05000000819563866;0.2083469033241272;0.179082989692688;96;4
C07;C07;Critico progressivo: Sem cinto sob chuva;Critico;Critico;0.4105184733867645;0.4105184733867645;R2_STABLE_RISK;37;75;39;1;57;20;0;0.05000000819563866;0.38429903984069824;0.13738346099853516;96;4
N02;N02;Normal: Urbano moderado;Normal;Normal;0.050000007078051564;0.050000007078051564;R3_FALSE_KIN;-1;-1;0;0;-1;-1;0;0.05000000819563866;0.03764091059565544;0.10368134826421738;96;4
C04;C04;Critico: Multiplas distracoes urbanas;Critico;Critico;0.3713889718055725;0.3713889718055725;R2_STABLE_RISK;22;45;24;0;24;2;0;0.05000000819563866;0.2021762877702713;0.1295628696680069;96;4
C01;C01;Critico: Celular em alta velocidade;Critico;Critico;0.29102678298950196;0.29102678298950196;R1_NORMAL;32;44;13;0;34;2;0;0.05000000819563866;0.15511183440685272;0.12817852199077606;96;4
C06;C06;Critico progressivo: Fadiga noturna;Critico;Critico;0.4640473902225494;0.4640473902225494;R2_STABLE_RISK;36;81;46;1;56;20;0;0.05000000819563866;0.1741056889295578;0.10128112882375717;96;4
C10;C10;Critico progressivo: Grooming em rodovia com fadiga;Critico;Critico;0.40018620938062666;0.40018620938062666;R2_STABLE_RISK;40;81;42;1;59;19;0;0.05000000819563866;0.19840912520885468;0.11843648552894592;96;4
C07;C07;Critico progressivo: Sem cinto sob chuva;Critico;Critico;0.4116703927516937;0.4116703927516937;R2_STABLE_RISK;37;75;39;1;56;19;0;0.05000000819563866;0.37514111399650574;0.15462461113929749;96;4
C09;C09;Critico progressivo: Bebida ao volante;Critico;Critico;0.4718253165483475;0.4718253165483475;R3_FALSE_KIN;38;73;36;1;60;22;1;0.25348949432373047;0.25261494517326355;0.1520577222108841;96;4
N01;N01;Normal: Viagem tranquila em rodovia;Normal;Normal;0.050000007078051564;0.050000007078051564;R2_STABLE_RISK;-1;-1;0;0;-1;-1;0;0.05000000819563866;0.03538454696536064;0.10135994106531143;96;4
C10;C10;Critico progressivo: Grooming em rodovia com fadiga;Critico;Critico;0.39142709970474243;0.39142709970474243;R1_NORMAL;40;81;42;1;67;27;0;0.05000000819563866;0.20484165847301483;0.11089545488357544;96;4
C03;C03;Critico: Celular sem cinto sob chuva;Critico;Critico;0.3752959698438644;0.3752959698438644;R2_STABLE_RISK;26;41;16;0;28;2;0;0.05000000819563866;0.18577022850513458;0.09855731576681137;96;4
C04;C04;Critico: Multiplas distracoes urbanas;Critico;Critico;0.5743021130561828;0.5743021130561828;R2_STABLE_RISK;22;45;24;0;24;2;1;0.24668915569782257;0.2057182788848877;0.16162186861038208;96;4
N01;N01;Normal: Viagem tranquila em rodovia;Normal;Normal;0.050000007078051564;0.050000007078051564;R3_FALSE_KIN;-1;-1;0;0;-1;-1;0;0.05000000819563866;0.03386862576007843;0.11781879514455795;96;4
C03;C03;Critico: Celular sem cinto sob chuva;Critico;Critico;0.3752959698438644;0.3752959698438644;R3_FALSE_KIN;26;41;16;0;28;2;0;0.05000000819563866;0.1875559538602829;0.13864439725875854;96;4
N02;N02;Normal: Urbano moderado;Normal;Normal;0.050000007078051564;0.050000007078051564;R2_STABLE_RISK;-1;-1;0;0;-1;-1;0;0.05000000819563866;0.02372267097234726;0.0899692252278328;96;4
C01;C01;Critico: Celular em alta velocidade;Critico;Critico;0.29102678298950196;0.29102678298950196;R3_FALSE_KIN;32;44;13;0;34;2;0;0.05000000819563866;0.15745587646961212;0.08520128577947617;96;4
N02;N02;Normal: Urbano moderado;Normal;Normal;0.050000007078051564;0.050000007078051564;R2_STABLE_RISK;-1;-1;0;0;-1;-1;0;0.05000000819563866;0.037219803780317307;0.11430826038122177;96;4
C01;C01;Critico: Celular em alta velocidade;Critico;Critico;0.29102678298950196;0.29102678298950196;R2_STABLE_RISK;32;44;13;0;34;2;0;0.05000000819563866;0.15209446847438812;0.13752107322216034;96;4
C04;C04;Critico: Multiplas distracoes urbanas;Critico;Critico;0.5754200726747513;0.5754200726747513;R1_NORMAL;22;45;24;0;24;2;1;0.2710399925708771;0.2032928615808487;0.18239359557628632;96;4
C01;C01;Critico: Celular em alta velocidade;Critico;Critico;0.29102678298950196;0.29102678298950196;R2_STABLE_RISK;32;44;13;0;34;2;0;0.05000000819563866;0.15740828216075897;0.09138097614049911;96;4
C02;C02;Critico: Fadiga com desvio cinematico;Critico;Critico;0.39378328174352645;0.39378328174352645;R1_NORMAL;29;50;22;0;32;3;0;0.05000000819563866;0.09763147681951523;0.09187847375869751;96;4
C05;C05;Critico progressivo: Celular em rodovia;Critico;Critico;0.3769287064671516;0.3769287064671516;R3_FALSE_KIN;42;73;32;1;58;16;0;0.05000000819563866;0.3236338198184967;0.10039645433425903;96;4
C07;C07;Critico progressivo: Sem cinto sob chuva;Critico;Critico;0.47489914000034333;0.47489914000034333;R1_NORMAL;37;75;39;1;62;25;1;0.3134832978248596;0.37320980429649353;0.18040668964385986;96;4
C01;C01;Critico: Celular em alta velocidade;Critico;Critico;0.29102678298950196;0.29102678298950196;R2_STABLE_RISK;32;44;13;0;34;2;0;0.05000000819563866;0.15448014438152313;0.10380804538726807;96;4
N01;N01;Normal: Viagem tranquila em rodovia;Normal;Normal;0.050000007078051564;0.050000007078051564;R1_NORMAL;-1;-1;0;0;-1;-1;0;0.05000000819563866;0.03452194854617119;0.07445299625396729;96;4
C06;C06;Critico progressivo: Fadiga noturna;Critico;Critico;0.44350119829177853;0.44350119829177853;R3_FALSE_KIN;36;81;46;1;58;22;0;0.05000000819563866;0.16103829443454742;0.1499842405319214;96;4
C07;C07;Critico progressivo: Sem cinto sob chuva;Critico;Critico;0.4050360038876534;0.4050360038876534;R1_NORMAL;37;75;39;1;58;21;0;0.05000000819563866;0.3859100043773651;0.13525457680225372;96;4
C10;C10;Critico progressivo: Grooming em rodovia com fadiga;Critico;Critico;0.4069590151309967;0.4069590151309967;R1_NORMAL;40;81;42;1;60;20;0;0.05000000819563866;0.19951792061328888;0.0872856006026268;96;4
C10;C10;Critico progressivo: Grooming em rodovia com fadiga;Critico;Critico;0.4699482053518295;0.4699482053518295;R2_STABLE_RISK;40;81;42;1;65;25;1;0.37195587158203125;0.19100652635097504;0.14941753447055817;96;4
C01;C01;Critico: Celular em alta velocidade;Critico;Critico;0.29102678298950196;0.29102678298950196;R2_STABLE_RISK;32;44;13;0;34;2;0;0.05000000819563866;0.15158683061599731;0.12799905240535736;96;4
N01;N01;Normal: Viagem tranquila em rodovia;Normal;Normal;0.050000007078051564;0.050000007078051564;R3_FALSE_KIN;-1;-1;0;0;-1;-1;0;0.05000000819563866;0.027083853259682655;0.10286609083414078;96;4
C05;C05;Critico progressivo: Celular em rodovia;Critico;Critico;0.39864797443151473;0.39864797443151473;R1_NORMAL;42;73;32;1;59;17;0;0.05000000819563866;0.31933853030204773;0.09364666789770126;96;4
C06;C06;Critico progressivo: Fadiga noturna;Critico;Critico;0.4360251173377037;0.4360251173377037;R1_NORMAL;36;81;46;1;62;26;0;0.05000000819563866;0.1649310141801834;0.12868018448352814;96;4
C07;C07;Critico progressivo: Sem cinto sob chuva;Critico;Critico;0.4831478029489517;0.4831478029489517;R2_STABLE_RISK;37;75;39;1;61;24;1;0.3141188323497772;0.3738273084163666;0.1684247851371765;96;4
C09;C09;Critico progressivo: Bebida ao volante;Critico;Critico;0.4949026077985763;0.4949026077985763;R1_NORMAL;38;73;36;1;56;18;1;0.29073548316955566;0.2537403404712677;0.1469016820192337;96;4
C08;C08;Critico progressivo: Distracao urbana multietapas;Critico;Critico;0.5081299096345901;0.5081299096345901;R3_FALSE_KIN;28;77;50;1;57;29;1;0.2782871425151825;0.3109000623226166;0.14562392234802246;96;4
C01;C01;Critico: Celular em alta velocidade;Critico;Critico;0.29102678298950196;0.29102678298950196;R3_FALSE_KIN;32;44;13;0;34;2;0;0.05000000819563866;0.15929043292999268;0.17189989984035492;96;4
N01;N01;Normal: Viagem tranquila em rodovia;Normal;Normal;0.050000007078051564;0.050000007078051564;R2_STABLE_RISK;-1;-1;0;0;-1;-1;0;0.05000000819563866;0.030188463628292084;0.095667265355587;96;4
C09;C09;Critico progressivo: Bebida ao volante;Critico;Critico;0.3962422087788582;0.3962422087788582;R2_STABLE_RISK;38;73;36;1;56;18;0;0.05000000819563866;0.24745702743530273;0.15319834649562836;96;4
N03;N03;Normal: Noite estável;Normal;Normal;0.050000007078051564;0.050000007078051564;R3_FALSE_KIN;-1;-1;0;0;-1;-1;0;0.05000000819563866;0.03142828121781349;0.08614396303892136;96;4
N03;N03;Normal: Noite estável;Normal;Normal;0.050000007078051564;0.050000007078051564;R1_NORMAL;-1;-1;0;0;-1;-1;0;0.05000000819563866;0.031136205419898033;0.1148587241768837;96;4
C03;C03;Critico: Celular sem cinto sob chuva;Critico;Critico;0.3752959698438644;0.3752959698438644;R1_NORMAL;26;41;16;0;28;2;0;0.05000000819563866;0.1817602664232254;0.11924943327903748;96;4
C08;C08;Critico progressivo: Distracao urbana multietapas;Critico;Critico;0.42825974375009535;0.42825974375009535;R1_NORMAL;28;77;50;1;53;25;0;0.05000000819563866;0.31176212430000305;0.17651844024658203;96;4
C04;C04;Critico: Multiplas distracoes urbanas;Critico;Critico;0.3713889718055725;0.3713889718055725;R3_FALSE_KIN;22;45;24;0;24;2;0;0.05000000819563866;0.209180548787117;0.13618244230747223;96;4
C08;C08;Critico progressivo: Distracao urbana multietapas;Critico;Critico;0.5333797544240951;0.5333797544240951;R1_NORMAL;28;77;50;1;52;24;1;0.30686190724372864;0.3208432197570801;0.18097370862960815;96;4
C06;C06;Critico progressivo: Fadiga noturna;Critico;Critico;0.4842873841524124;0.4842873841524124;R2_STABLE_RISK;36;81;46;1;60;24;1;0.3215825855731964;0.1588912159204483;0.13256223499774933;96;4
N02;N02;Normal: Urbano moderado;Normal;Normal;0.050000007078051564;0.050000007078051564;R1_NORMAL;-1;-1;0;0;-1;-1;0;0.05000000819563866;0.023211443796753883;0.1089860200881958;96;4
C02;C02;Critico: Fadiga com desvio cinematico;Critico;Critico;0.5927182406187057;0.5927182406187057;R1_NORMAL;29;50;22;0;32;3;1;0.24240751564502716;0.0981607660651207;0.13117317855358124;96;4
N01;N01;Normal: Viagem tranquila em rodovia;Normal;Normal;0.050000007078051564;0.050000007078051564;R1_NORMAL;-1;-1;0;0;-1;-1;0;0.05000000819563866;0.02871260605752468;0.13907776772975922;96;4
N03;N03;Normal: Noite estável;Normal;Normal;0.050000007078051564;0.050000007078051564;R3_FALSE_KIN;-1;-1;0;0;-1;-1;0;0.05000000819563866;0.031138846650719643;0.11247406154870987;96;4
N01;N01;Normal: Viagem tranquila em rodovia;Normal;Normal;0.050000007078051564;0.050000007078051564;R1_NORMAL;-1;-1;0;0;-1;-1;0;0.05000000819563866;0.02933974750339985;0.10070794820785522;96;4
C05;C05;Critico progressivo: Celular em rodovia;Critico;Critico;0.38142473697662355;0.38142473697662355;R3_FALSE_KIN;42;73;32;1;58;16;0;0.05000000819563866;0.31747129559516907;0.16389967501163483;96;4
C06;C06;Critico progressivo: Fadiga noturna;Critico;Critico;0.4703714936971664;0.4703714936971664;R2_STABLE_RISK;36;81;46;1;59;23;1;0.328084260225296;0.16172951459884644;0.1430903822183609;96;4
N01;N01;Normal: Viagem tranquila em rodovia;Normal;Normal;0.050000007078051564;0.050000007078051564;R1_NORMAL;-1;-1;0;0;-1;-1;0;0.05000000819563866;0.033073827624320984;0.07111545652151108;96;4
C06;C06;Critico progressivo: Fadiga noturna;Critico;Critico;0.43153369873762126;0.43153369873762126;R1_NORMAL;36;81;46;1;58;22;0;0.05000000819563866;0.16256175935268402;0.0920192301273346;96;4
C09;C09;Critico progressivo: Bebida ao volante;Critico;Critico;0.3985688731074333;0.3985688731074333;R3_FALSE_KIN;38;73;36;1;57;19;0;0.05000000819563866;0.2593728303909302;0.13081276416778564;96;4
C01;C01;Critico: Celular em alta velocidade;Critico;Critico;0.29102678298950196;0.29102678298950196;R1_NORMAL;32;44;13;0;34;2;0;0.05000000819563866;0.1536201536655426;0.12990868091583252;96;4
C08;C08;Critico progressivo: Distracao urbana multietapas;Critico;Critico;0.4402173489332199;0.4402173489332199;R1_NORMAL;28;77;50;1;54;26;0;0.05000000819563866;0.3126627504825592;0.14280728995800018;96;4
C04;C04;Critico: Multiplas distracoes urbanas;Critico;Critico;0.3713889718055725;0.3713889718055725;R2_STABLE_RISK;22;45;24;0;24;2;0;0.05000000819563866;0.19433899223804474;0.1274971216917038;96;4
C04;C04;Critico: Multiplas distracoes urbanas;Critico;Critico;0.3713889718055725;0.3713889718055725;R2_STABLE_RISK;22;45;24;0;24;2;0;0.05000000819563866;0.20290596783161163;0.12179920822381973;96;4
C05;C05;Critico progressivo: Celular em rodovia;Critico;Critico;0.3907359793782234;0.3907359793782234;R1_NORMAL;42;73;32;1;56;14;0;0.05000000819563866;0.31760355830192566;0.13314460217952728;96;4
N02;N02;Normal: Urbano moderado;Normal;Normal;0.050000007078051564;0.050000007078051564;R1_NORMAL;-1;-1;0;0;-1;-1;0;0.05000000819563866;0.03287521377205849;0.09712143987417221;96;4
N01;N01;Normal: Viagem tranquila em rodovia;Normal;Normal;0.050000007078051564;0.050000007078051564;R1_NORMAL;-1;-1;0;0;-1;-1;0;0.05000000819563866;0.03202051296830177;0.07996907085180283;96;4
C09;C09;Critico progressivo: Bebida ao volante;Critico;Critico;0.4867953330278396;0.4867953330278396;R3_FALSE_KIN;38;73;36;1;58;20;1;0.2887450158596039;0.25648513436317444;0.178993821144104;96;4
C04;C04;Critico: Multiplas distracoes urbanas;Critico;Critico;0.3713889718055725;0.3713889718055725;R2_STABLE_RISK;22;45;24;0;24;2;0;0.05000000819563866;0.20627520978450775;0.15817664563655853;96;4
N03;N03;Normal: Noite estável;Normal;Normal;0.050000007078051564;0.050000007078051564;R1_NORMAL;-1;-1;0;0;-1;-1;0;0.05000000819563866;0.034252703189849854;0.0927286148071289;96;4
C10;C10;Critico progressivo: Grooming em rodovia com fadiga;Critico;Critico;0.4639400243759155;0.4639400243759155;R2_STABLE_RISK;40;81;42;1;61;21;1;0.3136560320854187;0.19905884563922882;0.09974617511034012;96;4
C04;C04;Critico: Multiplas distracoes urbanas;Critico;Critico;0.3713889718055725;0.3713889718055725;R2_STABLE_RISK;22;45;24;0;24;2;0;0.05000000819563866;0.20160718262195587;0.10314202308654785;96;4
C09;C09;Critico progressivo: Bebida ao volante;Critico;Critico;0.38995859473943706;0.38995859473943706;R1_NORMAL;38;73;36;1;60;22;0;0.05000000819563866;0.24582433700561523;0.15705789625644684;96;4
N03;N03;Normal: Noite estável;Normal;Normal;0.050000007078051564;0.050000007078051564;R2_STABLE_RISK;-1;-1;0;0;-1;-1;0;0.05000000819563866;0.026491716504096985;0.10058236122131348;96;4
C05;C05;Critico progressivo: Celular em rodovia;Critico;Critico;0.45177129209041594;0.45177129209041594;R1_NORMAL;42;73;32;1;59;17;1;0.3058585822582245;0.31748172640800476;0.1480606645345688;96;4
C06;C06;Critico progressivo: Fadiga noturna;Critico;Critico;0.4102176189422607;0.4102176189422607;R1_NORMAL;36;81;46;1;65;29;0;0.05000000819563866;0.1543733775615692;0.14322352409362793;96;4
C06;C06;Critico progressivo: Fadiga noturna;Critico;Critico;0.4123216509819031;0.4123216509819031;R1_NORMAL;36;81;46;1;63;27;0;0.05000000819563866;0.16376352310180664;0.09403759241104126;96;4
C01;C01;Critico: Celular em alta velocidade;Critico;Critico;0.29102678298950196;0.29102678298950196;R3_FALSE_KIN;32;44;13;0;34;2;0;0.05000000819563866;0.15460731089115143;0.13442447781562805;96;4
C06;C06;Critico progressivo: Fadiga noturna;Critico;Critico;0.41395465582609176;0.41395465582609176;R2_STABLE_RISK;36;81;46;1;60;24;0;0.05000000819563866;0.16772961616516113;0.14510267972946167;96;4
C06;C06;Critico progressivo: Fadiga noturna;Critico;Critico;0.4616837441921234;0.4616837441921234;R1_NORMAL;36;81;46;1;63;27;1;0.3636731207370758;0.151805579662323;0.1205345168709755;96;4
C09;C09;Critico progressivo: Bebida ao volante;Critico;Critico;0.3801105573773384;0.3801105573773384;R1_NORMAL;38;73;36;1;58;20;0;0.05000000819563866;0.25197237730026245;0.14987163245677948;96;4
C08;C08;Critico progressivo: Distracao urbana multietapas;Critico;Critico;0.4118963718414307;0.4118963718414307;R1_NORMAL;28;77;50;1;54;26;0;0.05000000819563866;0.3092249035835266;0.13970910012722015;96;4
N02;N02;Normal: Urbano moderado;Normal;Normal;0.050000007078051564;0.050000007078051564;R2_STABLE_RISK;-1;-1;0;0;-1;-1;0;0.05000000819563866;0.02887537144124508;0.11374213546514511;96;4
C08;C08;Critico progressivo: Distracao urbana multietapas;Critico;Critico;0.4206593930721283;0.4206593930721283;R1_NORMAL;28;77;50;1;58;30;0;0.05000000819563866;0.31815510988235474;0.14811556041240692;96;4
C01;C01;Critico: Celular em alta velocidade;Critico;Critico;0.5260567218065262;0.5260567218065262;R1_NORMAL;32;44;13;0;34;2;1;0.2330290824174881;0.15505646169185638;0.19491161406040192;96;4
N03;N03;Normal: Noite estável;Normal;Normal;0.050000007078051564;0.050000007078051564;R2_STABLE_RISK;-1;-1;0;0;-1;-1;0;0.05000000819563866;0.026030227541923523;0.09222549200057983;96;4
C07;C07;Critico progressivo: Sem cinto sob chuva;Critico;Critico;0.4073833107948303;0.4073833107948303;R1_NORMAL;37;75;39;1;58;21;0;0.05000000819563866;0.3816167414188385;0.12915605306625366;96;4
C04;C04;Critico: Multiplas distracoes urbanas;Critico;Critico;0.3713889718055725;0.3713889718055725;R1_NORMAL;22;45;24;0;24;2;0;0.05000000819563866;0.19650845229625702;0.12837935984134674;96;4
N03;N03;Normal: Noite estável;Normal;Normal;0.050000007078051564;0.050000007078051564;R3_FALSE_KIN;-1;-1;0;0;-1;-1;0;0.05000000819563866;0.03839031234383583;0.10362466424703598;96;4
N01;N01;Normal: Viagem tranquila em rodovia;Normal;Normal;0.050000007078051564;0.050000007078051564;R3_FALSE_KIN;-1;-1;0;0;-1;-1;0;0.05000000819563866;0.03079953044652939;0.09249740839004517;96;4
C10;C10;Critico progressivo: Grooming em rodovia com fadiga;Critico;Critico;0.4305000364780426;0.4305000364780426;R1_NORMAL;40;81;42;1;64;24;1;0.32303258776664734;0.19826030731201172;0.08719231933355331;96;4
N03;N03;Normal: Noite estável;Normal;Normal;0.050000007078051564;0.050000007078051564;R3_FALSE_KIN;-1;-1;0;0;-1;-1;0;0.05000000819563866;0.028539642691612244;0.08806542307138443;96;4
C09;C09;Critico progressivo: Bebida ao volante;Critico;Critico;0.4837350398302078;0.4837350398302078;R2_STABLE_RISK;38;73;36;1;54;16;1;0.2574184238910675;0.26166948676109314;0.11609848588705063;96;4
C08;C08;Critico progressivo: Distracao urbana multietapas;Critico;Critico;0.4867994040250778;0.4867994040250778;R1_NORMAL;28;77;50;1;54;26;1;0.3297194540500641;0.31725525856018066;0.14558403193950653;96;4
C02;C02;Critico: Fadiga com desvio cinematico;Critico;Critico;0.39378328174352645;0.39378328174352645;R2_STABLE_RISK;29;50;22;0;32;3;0;0.05000000819563866;0.08933762460947037;0.14750118553638458;96;4
C10;C10;Critico progressivo: Grooming em rodovia com fadiga;Critico;Critico;0.3960651993751526;0.3960651993751526;R2_STABLE_RISK;40;81;42;1;60;20;0;0.05000000819563866;0.20529310405254364;0.11257808655500412;96;4
C05;C05;Critico progressivo: Celular em rodovia;Critico;Critico;0.3715412154793739;0.3715412154793739;R3_FALSE_KIN;42;73;32;1;58;16;0;0.05000000819563866;0.313551664352417;0.11552376300096512;96;4
C05;C05;Critico progressivo: Celular em rodovia;Critico;Critico;0.3763349831104278;0.3763349831104278;R3_FALSE_KIN;42;73;32;1;57;15;0;0.05000000819563866;0.3156518340110779;0.13417978584766388;96;4
C08;C08;Critico progressivo: Distracao urbana multietapas;Critico;Critico;0.5398794353008269;0.5398794353008269;R2_STABLE_RISK;28;77;50;1;52;24;1;0.33267149329185486;0.3178788125514984;0.1821538209915161;96;4
C09;C09;Critico progressivo: Bebida ao volante;Critico;Critico;0.3916581928730011;0.3916581928730011;R1_NORMAL;38;73;36;1;57;19;0;0.05000000819563866;0.25155946612358093;0.19922423362731934;96;4
C08;C08;Critico progressivo: Distracao urbana multietapas;Critico;Critico;0.4191868528723717;0.4191868528723717;R2_STABLE_RISK;28;77;50;1;52;24;0;0.05000000819563866;0.32093194127082825;0.111029714345932;96;4
C05;C05;Critico progressivo: Celular em rodovia;Critico;Critico;0.37190838307142254;0.37190838307142254;R1_NORMAL;42;73;32;1;58;16;0;0.05000000819563866;0.3157830536365509;0.16240696609020233;96;4
N02;N02;Normal: Urbano moderado;Normal;Normal;0.050000007078051564;0.050000007078051564;R1_NORMAL;-1;-1;0;0;-1;-1;0;0.05000000819563866;0.03205223008990288;0.07517395913600922;96;4
N02;N02;Normal: Urbano moderado;Normal;Normal;0.050000007078051564;0.050000007078051564;R1_NORMAL;-1;-1;0;0;-1;-1;0;0.05000000819563866;0.03177258372306824;0.09704950451850891;96;4
N01;N01;Normal: Viagem tranquila em rodovia;Normal;Normal;0.050000007078051564;0.050000007078051564;R1_NORMAL;-1;-1;0;0;-1;-1;0;0.05000000819563866;0.03445429354906082;0.1108492910861969;96;4
C03;C03;Critico: Celular sem cinto sob chuva;Critico;Critico;0.3752959698438644;0.3752959698438644;R2_STABLE_RISK;26;41;16;0;28;2;0;0.05000000819563866;0.18285411596298218;0.12412988394498825;96;4
C04;C04;Critico: Multiplas distracoes urbanas;Critico;Critico;0.3713889718055725;0.3713889718055725;R2_STABLE_RISK;22;45;24;0;24;2;0;0.05000000819563866;0.20170676708221436;0.12209657579660416;96;4
C10;C10;Critico progressivo: Grooming em rodovia com fadiga;Critico;Critico;0.4666488736867904;0.4666488736867904;R3_FALSE_KIN;40;81;42;1;66;26;1;0.31463295221328735;0.19971565902233124;0.12493588775396347;96;4
C03;C03;Critico: Celular sem cinto sob chuva;Critico;Critico;0.3752959698438644;0.3752959698438644;R2_STABLE_RISK;26;41;16;0;28;2;0;0.05000000819563866;0.18374685943126678;0.13242179155349731;96;4
C09;C09;Critico progressivo: Bebida ao volante;Critico;Critico;0.37241229563951495;0.37241229563951495;R3_FALSE_KIN;38;73;36;1;58;20;0;0.05000000819563866;0.2502458393573761;0.13167878985404968;96;4
C09;C09;Critico progressivo: Bebida ao volante;Critico;Critico;0.37251319438219066;0.37251319438219066;R1_NORMAL;38;73;36;1;60;22;0;0.05000000819563866;0.24597133696079254;0.11710822582244873;96;4
C04;C04;Critico: Multiplas distracoes urbanas;Critico;Critico;0.3713889718055725;0.3713889718055725;R2_STABLE_RISK;22;45;24;0;24;2;0;0.05000000819563866;0.20192335546016693;0.12260875850915909;96;4
C09;C09;Critico progressivo: Bebida ao volante;Critico;Critico;0.41198715567588806;0.41198715567588806;R2_STABLE_RISK;38;73;36;1;57;19;0;0.05000000819563866;0.25780096650123596;0.18221823871135712;96;4
C07;C07;Critico progressivo: Sem cinto sob chuva;Critico;Critico;0.5046590834856033;0.5046590834856033;R1_NORMAL;37;75;39;1;57;20;1;0.2589133679866791;0.384728342294693;0.15900792181491852;96;4
C06;C06;Critico progressivo: Fadiga noturna;Critico;Critico;0.5132481276988983;0.5132481276988983;R1_NORMAL;36;81;46;1;55;19;1;0.36322322487831116;0.1551194041967392;0.134752556681633;96;4
C06;C06;Critico progressivo: Fadiga noturna;Critico;Critico;0.4495022356510162;0.4495022356510162;R2_STABLE_RISK;36;81;46;1;61;25;0;0.05000000819563866;0.15344947576522827;0.14974068105220795;96;4
C05;C05;Critico progressivo: Celular em rodovia;Critico;Critico;0.37772599458694456;0.37772599458694456;R3_FALSE_KIN;42;73;32;1;57;15;0;0.05000000819563866;0.317394495010376;0.12091497331857681;96;4
N02;N02;Normal: Urbano moderado;Normal;Normal;0.050000007078051564;0.050000007078051564;R2_STABLE_RISK;-1;-1;0;0;-1;-1;0;0.05000000819563866;0.04010753706097603;0.0884101390838623;96;4
C05;C05;Critico progressivo: Celular em rodovia;Critico;Critico;0.4470210939645767;0.4470210939645767;R1_NORMAL;42;73;32;1;59;17;1;0.25778982043266296;0.3182438313961029;0.15195529162883759;96;4
C08;C08;Critico progressivo: Distracao urbana multietapas;Critico;Critico;0.5289580315351485;0.5289580315351485;R1_NORMAL;28;77;50;1;54;26;1;0.26715779304504395;0.30900153517723083;0.16716928780078888;96;4
C09;C09;Critico progressivo: Bebida ao volante;Critico;Critico;0.3830647155642509;0.3830647155642509;R2_STABLE_RISK;38;73;36;1;54;16;0;0.05000000819563866;0.2575207054615021;0.16487917304039001;96;4
N01;N01;Normal: Viagem tranquila em rodovia;Normal;Normal;0.050000007078051564;0.050000007078051564;R1_NORMAL;-1;-1;0;0;-1;-1;0;0.05000000819563866;0.029076481238007545;0.14716626703739166;96;4
C02;C02;Critico: Fadiga com desvio cinematico;Critico;Critico;0.39378328174352645;0.39378328174352645;R1_NORMAL;29;50;22;0;32;3;0;0.05000000819563866;0.0991971492767334;0.11630922555923462;96;4
C04;C04;Critico: Multiplas distracoes urbanas;Critico;Critico;0.3713889718055725;0.3713889718055725;R1_NORMAL;22;45;24;0;24;2;0;0.05000000819563866;0.19745780527591705;0.13968311250209808;96;4
N03;N03;Normal: Noite estável;Normal;Normal;0.050000007078051564;0.050000007078051564;R1_NORMAL;-1;-1;0;0;-1;-1;0;0.05000000819563866;0.03103402443230152;0.13349740207195282;96;4
N01;N01;Normal: Viagem tranquila em rodovia;Normal;Normal;0.050000007078051564;0.050000007078051564;R2_STABLE_RISK;-1;-1;0;0;-1;-1;0;0.05000000819563866;0.02264789305627346;0.10922124236822128;96;4
N03;N03;Normal: Noite estável;Normal;Normal;0.050000007078051564;0.050000007078051564;R1_NORMAL;-1;-1;0;0;-1;-1;0;0.05000000819563866;0.03405575454235077;0.07700810581445694;96;4
N01;N01;Normal: Viagem tranquila em rodovia;Normal;Normal;0.050000007078051564;0.050000007078051564;R2_STABLE_RISK;-1;-1;0;0;-1;-1;0;0.05000000819563866;0.035627901554107666;0.115447498857975;96;4
C03;C03;Critico: Celular sem cinto sob chuva;Critico;Critico;0.3752959698438644;0.3752959698438644;R3_FALSE_KIN;26;41;16;0;28;2;0;0.05000000819563866;0.1855124682188034;0.11916222423315048;96;4
C10;C10;Critico progressivo: Grooming em rodovia com fadiga;Critico;Critico;0.40106867998838425;0.40106867998838425;R1_NORMAL;40;81;42;1;60;20;0;0.05000000819563866;0.1964295655488968;0.09627514332532883;96;4
C06;C06;Critico progressivo: Fadiga noturna;Critico;Critico;0.4918399155139923;0.4918399155139923;R3_FALSE_KIN;36;81;46;1;61;25;1;0.34546127915382385;0.16424690186977386;0.08120252937078476;96;4
C04;C04;Critico: Multiplas distracoes urbanas;Critico;Critico;0.5628545463085174;0.5628545463085174;R1_NORMAL;22;45;24;0;24;2;1;0.25337541103363037;0.19950830936431885;0.23585963249206543;96;4
C09;C09;Critico progressivo: Bebida ao volante;Critico;Critico;0.4089757144451141;0.4089757144451141;R1_NORMAL;38;73;36;1;56;18;0;0.05000000819563866;0.25762441754341125;0.14858083426952362;96;4
C10;C10;Critico progressivo: Grooming em rodovia com fadiga;Critico;Critico;0.4176110446453094;0.4176110446453094;R1_NORMAL;40;81;42;1;62;22;0;0.05000000819563866;0.19796545803546906;0.10110819339752197;96;4
C05;C05;Critico progressivo: Celular em rodovia;Critico;Critico;0.36851485818624496;0.36851485818624496;R2_STABLE_RISK;42;73;32;1;59;17;0;0.05000000819563866;0.3199070990085602;0.1481797844171524;96;4
C02;C02;Critico: Fadiga com desvio cinematico;Critico;Critico;0.39378328174352645;0.39378328174352645;R1_NORMAL;29;50;22;0;32;3;0;0.05000000819563866;0.10027674585580826;0.11423667520284653;96;4
C05;C05;Critico progressivo: Celular em rodovia;Critico;Critico;0.5012348234653473;0.5012348234653473;R2_STABLE_RISK;42;73;32;1;57;15;1;0.2633359134197235;0.31696704030036926;0.1406652331352234;96;4
N02;N02;Normal: Urbano moderado;Normal;Normal;0.050000007078051564;0.050000007078051564;R1_NORMAL;-1;-1;0;0;-1;-1;0;0.05000000819563866;0.03300924599170685;0.1314314603805542;96;4
C05;C05;Critico progressivo: Celular em rodovia;Critico;Critico;0.3802238270640373;0.3802238270640373;R1_NORMAL;42;73;32;1;57;15;0;0.05000000819563866;0.32362571358680725;0.161231130361557;96;4
C02;C02;Critico: Fadiga com desvio cinematico;Critico;Critico;0.39378328174352645;0.39378328174352645;R2_STABLE_RISK;29;50;22;0;32;3;0;0.05000000819563866;0.09127264469861984;0.1167244091629982;96;4
C06;C06;Critico progressivo: Fadiga noturna;Critico;Critico;0.41949315518140795;0.41949315518140795;R2_STABLE_RISK;36;81;46;1;60;24;0;0.05000000819563866;0.15818199515342712;0.12128009647130966;96;4
C01;C01;Critico: Celular em alta velocidade;Critico;Critico;0.536022886633873;0.536022886633873;R2_STABLE_RISK;32;44;13;0;34;2;1;0.2747727632522583;0.1645973175764084;0.18628662824630737;96;4
C06;C06;Critico progressivo: Fadiga noturna;Critico;Critico;0.4180278107523918;0.4180278107523918;R1_NORMAL;36;81;46;1;57;21;0;0.05000000819563866;0.16205312311649323;0.1080150231719017;96;4
C10;C10;Critico progressivo: Grooming em rodovia com fadiga;Critico;Critico;0.46536726057529443;0.46536726057529443;R2_STABLE_RISK;40;81;42;1;61;21;1;0.3333294987678528;0.19911491870880127;0.1570708155632019;96;4
N03;N03;Normal: Noite estável;Normal;Normal;0.050000007078051564;0.050000007078051564;R1_NORMAL;-1;-1;0;0;-1;-1;0;0.05000000819563866;0.03018803894519806;0.12170279771089554;96;4
C02;C02;Critico: Fadiga com desvio cinematico;Critico;Critico;0.6048495680093765;0.6048495680093765;R1_NORMAL;29;50;22;0;32;3;1;0.26436731219291687;0.10147958248853683;0.15416119992733002;96;4
C04;C04;Critico: Multiplas distracoes urbanas;Critico;Critico;0.3713889718055725;0.3713889718055725;R2_STABLE_RISK;22;45;24;0;24;2;0;0.05000000819563866;0.20066559314727783;0.16599832475185394;96;4
C04;C04;Critico: Multiplas distracoes urbanas;Critico;Critico;0.3713889718055725;0.3713889718055725;R2_STABLE_RISK;22;45;24;0;24;2;0;0.05000000819563866;0.19915898144245148;0.12885919213294983;96;4
C07;C07;Critico progressivo: Sem cinto sob chuva;Critico;Critico;0.403760315477848;0.403760315477848;R3_FALSE_KIN;37;75;39;1;61;24;0;0.05000000819563866;0.377029687166214;0.1317664384841919;96;4
C05;C05;Critico progressivo: Celular em rodovia;Critico;Critico;0.3905867114663124;0.3905867114663124;R1_NORMAL;42;73;32;1;59;17;0;0.05000000819563866;0.3205163776874542;0.15635424852371216;96;4
C07;C07;Critico progressivo: Sem cinto sob chuva;Critico;Critico;0.40516150593757627;0.40516150593757627;R2_STABLE_RISK;37;75;39;1;57;20;0;0.05000000819563866;0.37631282210350037;0.09765879064798355;96;4
C06;C06;Critico progressivo: Fadiga noturna;Critico;Critico;0.40956483632326124;0.40956483632326124;R1_NORMAL;36;81;46;1;60;24;0;0.05000000819563866;0.1650344282388687;0.1729428619146347;96;4
N03;N03;Normal: Noite estável;Normal;Normal;0.050000007078051564;0.050000007078051564;R1_NORMAL;-1;-1;0;0;-1;-1;0;0.05000000819563866;0.02893844060599804;0.1082320436835289;96;4
N01;N01;Normal: Viagem tranquila em rodovia;Normal;Normal;0.050000007078051564;0.050000007078051564;R2_STABLE_RISK;-1;-1;0;0;-1;-1;0;0.05000000819563866;0.0336119644343853;0.10330995172262192;96;4
C03;C03;Critico: Celular sem cinto sob chuva;Critico;Critico;0.6148645550012588;0.6148645550012588;R1_NORMAL;26;41;16;0;28;2;1;0.26349306106567383;0.18419577181339264;0.21394193172454834;96;4
C06;C06;Critico progressivo: Fadiga noturna;Critico;Critico;0.44730903804302213;0.44730903804302213;R1_NORMAL;36;81;46;1;56;20;0;0.05000000819563866;0.1583201289176941;0.1446196734905243;96;4
C08;C08;Critico progressivo: Distracao urbana multietapas;Critico;Critico;0.4742627173662185;0.4742627173662185;R3_FALSE_KIN;28;77;50;1;51;23;0;0.05000000819563866;0.3279271423816681;0.15200427174568176;96;4
N03;N03;Normal: Noite estável;Normal;Normal;0.050000007078051564;0.050000007078051564;R1_NORMAL;-1;-1;0;0;-1;-1;0;0.05000000819563866;0.03725503757596016;0.13882683217525482;96;4
N01;N01;Normal: Viagem tranquila em rodovia;Normal;Normal;0.050000007078051564;0.050000007078051564;R2_STABLE_RISK;-1;-1;0;0;-1;-1;0;0.05000000819563866;0.03327219560742378;0.10282355546951294;96;4
