id;recipe_id;nome;categoria;class_name;risk_episode;risk_episode_severity;regime;event_start;event_end;event_duration;progressive;detectable_start_035;onset_gap_035;persistent_tail;last6_mean_clean;mean_eye_gaze;mean_lane_offset;window;sensor_level
C09;C09;Critico progressivo: Bebida ao volante;Critico;Critico;0.4639718323945999;0.4639718323945999;R1_NORMAL;38;73;36;1;56;18;1;0.28515955805778503;0.261345237493515;0.14118897914886475;96;4
C08;C08;Critico progressivo: Distracao urbana multietapas;Critico;Critico;0.46032223403453826;0.46032223403453826;R1_NORMAL;28;77;50;1;51;23;0;0.05000000819563866;0.31912457942962646;0.12029971927404404;96;4
C09;C09;Critico progressivo: Bebida ao volante;Critico;Critico;0.404884634912014;0.404884634912014;R2_STABLE_RISK;38;73;36;1;57;19;0;0.05000000819563866;0.2521020174026489;0.16417674720287323;96;4
C01;C01;Critico: Celular em alta velocidade;Critico;Critico;0.29102678298950196;0.29102678298950196;R1_NORMAL;32;44;13;0;34;2;0;0.05000000819563866;0.1556401252746582;0.10680421441793442;96;4
C03;C03;Critico: Celular sem cinto sob chuva;Critico;Critico;0.3752959698438644;0.3752959698438644;R2_STABLE_RISK;26;41;16;0;28;2;0;0.05000000819563866;0.18458779156208038;0.12391799688339233;96;4
C08;C08;Critico progressivo: Distracao urbana multietapas;Critico;Critico;0.4187482953071594;0.4187482953071594;R2_STABLE_RISK;28;77;50;1;59;31;0;0.05000000819563866;0.31128859519958496;0.09231110662221909;96;4
C03;C03;Critico: Celular sem cinto sob chuva;Critico;Critico;0.3752959698438644;0.3752959698438644;R2_STABLE_RISK;26;41;16;0;28;2;0;0.05000000819563866;0.18709029257297516;0.12255680561065674;96;4
C08;C08;Critico progressivo: Distracao urbana multietapas;Critico;Critico;0.461995629966259;0.461995629966259;R2_STABLE_RISK;28;77;50;1;57;29;0;0.05000000819563866;0.31845974922180176;0.12680186331272125;96;4
C09;C09;Critico progressivo: Bebida ao volante;Critico;Critico;0.3936133101582527;0.3936133101582527;R1_NORMAL;38;73;36;1;60;22;0;0.05000000819563866;0.248549222946167;0.1543155461549759;96;4
C07;C07;Critico progressivo: Sem cinto sob chuva;Critico;Critico;0.4035794258117676;0.4035794258117676;R2_STABLE_RISK;37;75;39;1;57;20;0;0.05000000819563866;0.37746718525886536;0.1519802063703537;96;4
C02;C02;Critico: Fadiga com desvio cinematico;Critico;Critico;0.39378328174352645;0.39378328174352645;R2_STABLE_RISK;29;50;22;0;32;3;0;0.05000000819563866;0.09752187877893448;0.12796467542648315;96;4
C10;C10;Critico progressivo: Grooming em rodovia com fadiga;Critico;Critico;0.40017289519309995;0.40017289519309995;R1_NORMAL;40;81;42;1;64;24;0;0.05000000819563866;0.1950332373380661;0.1498897671699524;96;4
C07;C07;Critico progressivo: Sem cinto sob chuva;Critico;Critico;0.38925871104001997;0.38925871104001997;R1_NORMAL;37;75;39;1;60;23;0;0.05000000819563866;0.37154603004455566;0.13970263302326202;96;4
C10;C10;Critico progressivo: Grooming em rodovia com fadiga;Critico;Critico;0.3886254012584686;0.3886254012584686;R3_FALSE_KIN;40;81;42;1;64;24;0;0.05000000819563866;0.20232701301574707;0.11099108308553696;96;4
C02;C02;Critico: Fadiga com desvio cinematico;Critico;Critico;0.39378328174352645;0.39378328174352645;R1_NORMAL;29;50;22;0;32;3;0;0.05000000819563866;0.10617372393608093;0.15307967364788055;96;4
C10;C10;Critico progressivo: Grooming em rodovia com fadiga;Critico;Critico;0.4326913580298423;0.4326913580298423;R1_NORMAL;40;81;42;1;59;19;0;0.05000000819563866;0.1971501111984253;0.15905040502548218;96;4
C05;C05;Critico progressivo: Celular em rodovia;Critico;Critico;0.3790915712714195;0.3790915712714195;R2_STABLE_RISK;42;73;32;1;59;17;0;0.05000000819563866;0.31772682070732117;0.1277819126844406;96;4
N03;N03;Normal: Noite estável;Normal;Normal;0.050000007078051564;0.050000007078051564;R1_NORMAL;-1;-1;0;0;-1;-1;0;0.05000000819563866;0.02963068149983883;0.11643370985984802;96;4
C05;C05;Critico progressivo: Celular em rodovia;Critico;Critico;0.39271989613771435;0.39271989613771435;R1_NORMAL;42;73;32;1;61;19;0;0.05000000819563866;0.3180982768535614;0.14730925858020782;96;4
N03;N03;Normal: Noite estável;Normal;Normal;0.050000007078051564;0.050000007078051564;R3_FALSE_KIN;-1;-1;0;0;-1;-1;0;0.05000000819563866;0.033586908131837845;0.0771627351641655;96;4
C09;C09;Critico progressivo: Bebida ao volante;Critico;Critico;0.4277699828147888;0.4277699828147888;R1_NORMAL;38;73;36;1;56;18;0;0.05000000819563866;0.25157198309898376;0.15034890174865723;96;4
C06;C06;Critico progressivo: Fadiga noturna;Critico;Critico;0.4402750268578529;0.4402750268578529;R3_FALSE_KIN;36;81;46;1;62;26;0;0.05000000819563866;0.1590932458639145;0.11822328716516495;96;4
N02;N02;Normal: Urbano moderado;Normal;Normal;0.050000007078051564;0.050000007078051564;R1_NORMAL;-1;-1;0;0;-1;-1;0;0.05000000819563866;0.03316396102309227;0.07553515583276749;96;4
N01;N01;Normal: Viagem tranquila em rodovia;Normal;Normal;0.050000007078051564;0.050000007078051564;R1_NORMAL;-1;-1;0;0;-1;-1;0;0.05000000819563866;0.029888173565268517;0.08906807750463486;96;4
C10;C10;Critico progressivo: Grooming em rodovia com fadiga;Critico;Critico;0.4725958615541458;0.4725958615541458;R2_STABLE_RISK;40;81;42;1;66;26;1;0.33564841747283936;0.1983274221420288;0.15488402545452118;96;4
C08;C08;Critico progressivo: Distracao urbana multietapas;Critico;Critico;0.45850723087787626;0.45850723087787626;R1_NORMAL;28;77;50;1;50;22;0;0.05000000819563866;0.3262719511985779;0.1698140650987625;96;4
C08;C08;Critico progressivo: Distracao urbana multietapas;Critico;Critico;0.43158142268657684;0.43158142268657684;R3_FALSE_KIN;28;77;50;1;53;25;0;0.05000000819563866;0.313407301902771;0.15646077692508698;96;4
C04;C04;Critico: Multiplas distracoes urbanas;Critico;Critico;0.3713889718055725;0.3713889718055725;R1_NORMAL;22;45;24;0;24;2;0;0.05000000819563866;0.20992988348007202;0.16932816803455353;96;4
C08;C08;Critico progressivo: Distracao urbana multietapas;Critico;Critico;0.4535046458244324;0.4535046458244324;R1_NORMAL;28;77;50;1;54;26;0;0.05000000819563866;0.3222796618938446;0.1411956548690796;96;4
C01;C01;Critico: Celular em alta velocidade;Critico;Critico;0.29102678298950196;0.29102678298950196;R1_NORMAL;32;44;13;0;34;2;0;0.05000000819563866;0.15492083132266998;0.1028626337647438;96;4
N03;N03;Normal: Noite estável;Normal;Normal;0.050000007078051564;0.050000007078051564;R2_STABLE_RISK;-1;-1;0;0;-1;-1;0;0.05000000819563866;0.03657584264874458;0.12514175474643707;96;4
C04;C04;Critico: Multiplas distracoes urbanas;Critico;Critico;0.3713889718055725;0.3713889718055725;R2_STABLE_RISK;22;45;24;0;24;2;0;0.05000000819563866;0.19772863388061523;0.15356236696243286;96;4
N01;N01;Normal: Viagem tranquila em rodovia;Normal;Normal;0.050000007078051564;0.050000007078051564;R3_FALSE_KIN;-1;-1;0;0;-1;-1;0;0.05000000819563866;0.030271345749497414;0.08914613723754883;96;4
N01;N01;Normal: Viagem tranquila em rodovia;Normal;Normal;0.050000007078051564;0.050000007078051564;R2_STABLE_RISK;-1;-1;0;0;-1;-1;0;0.05000000819563866;0.03656685724854469;0.10848776251077652;96;4
N03;N03;Normal: Noite estável;Normal;Normal;0.050000007078051564;0.050000007078051564;R2_STABLE_RISK;-1;-1;0;0;-1;-1;0;0.05000000819563866;0.026601046323776245;0.12816065549850464;96;4
C02;C02;Critico: Fadiga com desvio cinematico;Critico;Critico;0.6036654740571976;0.6036654740571976;R1_NORMAL;29;50;22;0;32;3;1;0.27862441539764404;0.10018941015005112;0.24402840435504913;96;4
N03;N03;Normal: Noite estável;Normal;Normal;0.050000007078051564;0.050000007078051564;R2_STABLE_RISK;-1;-1;0;0;-1;-1;0;0.05000000819563866;0.032101549208164215;0.08885053545236588;96;4
C02;C02;Critico: Fadiga com desvio cinematico;Critico;Critico;0.6031337141990661;0.6031337141990661;R1_NORMAL;29;50;22;0;32;3;1;0.2555173933506012;0.09803672879934311;0.2156781107187271;96;4
C04;C04;Critico: Multiplas distracoes urbanas;Critico;Critico;0.3713889718055725;0.3713889718055725;R1_NORMAL;22;45;24;0;24;2;0;0.05000000819563866;0.20218591392040253;0.12777358293533325;96;4
C09;C09;Critico progressivo: Bebida ao volante;Critico;Critico;0.3739043414592743;0.3739043414592743;R3_FALSE_KIN;38;73;36;1;57;19;0;0.05000000819563866;0.24327002465724945;0.0989842638373375;96;4
C05;C05;Critico progressivo: Celular em rodovia;Critico;Critico;0.48067208826541896;0.48067208826541896;R2_STABLE_RISK;42;73;32;1;61;19;1;0.3023168742656708;0.3150406777858734;0.15977634489536285;96;4
N01;N01;Normal: Viagem tranquila em rodovia;Normal;Normal;0.050000007078051564;0.050000007078051564;R3_FALSE_KIN;-1;-1;0;0;-1;-1;0;0.05000000819563866;0.033795952796936035;0.11458268016576767;96;4
C10;C10;Critico progressivo: Grooming em rodovia com fadiga;Critico;Critico;0.48550063371658325;0.48550063371658325;R2_STABLE_RISK;40;81;42;1;64;24;1;0.3657280206680298;0.19971533119678497;0.19179189205169678;96;4
C04;C04;Critico: Multiplas distracoes urbanas;Critico;Critico;0.3713889718055725;0.3713889718055725;R3_FALSE_KIN;22;45;24;0;24;2;0;0.05000000819563866;0.20552068948745728;0.14697499573230743;96;4
C07;C07;Critico progressivo: Sem cinto sob chuva;Critico;Critico;0.4190567091107368;0.4190567091107368;R3_FALSE_KIN;37;75;39;1;56;19;0;0.05000000819563866;0.37788641452789307;0.15174107253551483;96;4
N02;N02;Normal: Urbano moderado;Normal;Normal;0.050000007078051564;0.050000007078051564;R3_FALSE_KIN;-1;-1;0;0;-1;-1;0;0.05000000819563866;0.03277691826224327;0.08652177453041077;96;4
N01;N01;Normal: Viagem tranquila em rodovia;Normal;Normal;0.050000007078051564;0.050000007078051564;R1_NORMAL;-1;-1;0;0;-1;-1;0;0.05000000819563866;0.028431326150894165;0.11036545038223267;96;4
C03;C03;Critico: Celular sem cinto sob chuva;Critico;Critico;0.3752959698438644;0.3752959698438644;R1_NORMAL;26;41;16;0;28;2;0;0.05000000819563866;0.1848534792661667;0.18594004213809967;96;4
C10;C10;Critico progressivo: Grooming em rodovia com fadiga;Critico;Critico;0.39526448696851724;0.39526448696851724;R1_NORMAL;40;81;42;1;67;27;0;0.05000000819563866;0.1989247351884842;0.10500460863113403;96;4
C05;C05;Critico progressivo: Celular em rodovia;Critico;Critico;0.39740036576986315;0.39740036576986315;R2_STABLE_RISK;42;73;32;1;61;19;0;0.05000000819563866;0.31374242901802063;0.11266076564788818;96;4
C01;C01;Critico: Celular em alta velocidade;Critico;Critico;0.29102678298950196;0.29102678298950196;R1_NORMAL;32;44;13;0;34;2;0;0.05000000819563866;0.15584759414196014;0.13862957060337067;96;4
C08;C08;Critico progressivo: Distracao urbana multietapas;Critico;Critico;0.4697392106056213;0.4697392106056213;R2_STABLE_RISK;28;77;50;1;51;23;0;0.05000000819563866;0.3229425251483917;0.16472047567367554;96;4
C09;C09;Critico progressivo: Bebida ao volante;Critico;Critico;0.3652613282203674;0.3652613282203674;R1_NORMAL;38;73;36;1;57;19;0;0.05000000819563866;0.24596457183361053;0.098868228495121;96;4
N03;N03;Normal: Noite estável;Normal;Normal;0.050000007078051564;0.050000007078051564;R2_STABLE_RISK;-1;-1;0;0;-1;-1;0;0.05000000819563866;0.02863597869873047;0.11380007117986679;96;4
C03;C03;Critico: Celular sem cinto sob chuva;Critico;Critico;0.3752959698438644;0.3752959698438644;R2_STABLE_RISK;26;41;16;0;28;2;0;0.05000000819563866;0.1914394646883011;0.13561277091503143;96;4
C02;C02;Critico: Fadiga com desvio cinematico;Critico;Critico;0.6018773406744002;0.6018773406744002;R2_STABLE_RISK;29;50;22;0;32;3;1;0.2490374594926834;0.10272753238677979;0.19101403653621674;96;4
C06;C06;Critico progressivo: Fadiga noturna;Critico;Critico;0.44802829474210737;0.44802829474210737;R1_NORMAL;36;81;46;1;60;24;0;0.05000000819563866;0.15643145143985748;0.14096546173095703;96;4
C04;C04;Critico: Multiplas distracoes urbanas;Critico;Critico;0.3713889718055725;0.3713889718055725;R3_FALSE_KIN;22;45;24;0;24;2;0;0.05000000819563866;0.19743113219738007;0.15300442278385162;96;4
N01;N01;Normal: Viagem tranquila em rodovia;Normal;Normal;0.050000007078051564;0.050000007078051564;R1_NORMAL;-1;-1;0;0;-1;-1;0;0.05000000819563866;0.03543144091963768;0.08822047710418701;96;4
C08;C08;Critico progressivo: Distracao urbana multietapas;Critico;Critico;0.42193968445062635;0.42193968445062635;R2_STABLE_RISK;28;77;50;1;54;26;0;0.05000000819563866;0.30858683586120605;0.15082088112831116;96;4
C06;C06;Critico progressivo: Fadiga noturna;Critico;Critico;0.4727787137031555;0.4727787137031555;R3_FALSE_KIN;36;81;46;1;59;23;1;0.3480416536331177;0.15468929708003998;0.15953145921230316;96;4
C01;C01;Critico: Celular em alta velocidade;Critico;Critico;0.5183729499578476;0.5183729499578476;R1_NORMAL;32;44;13;0;34;2;1;0.1900814026594162;0.15769006311893463;0.18985573947429657;96;4
N02;N02;Normal: Urbano moderado;Normal;Normal;0.050000007078051564;0.050000007078051564;R1_NORMAL;-1;-1;0;0;-1;-1;0;0.05000000819563866;0.03557470068335533;0.10563969612121582;96;4
C10;C10;Critico progressivo: Grooming em rodovia com fadiga;Critico;Critico;0.41096538454294207;0.41096538454294207;R3_FALSE_KIN;40;81;42;1;64;24;0;0.05000000819563866;0.19167399406433105;0.10725123435258865;96;4
N02;N02;Normal: Urbano moderado;Normal;Normal;0.050000007078051564;0.050000007078051564;R1_NORMAL;-1;-1;0;0;-1;-1;0;0.05000000819563866;0.030627543106675148;0.12337509542703629;96;4
C08;C08;Critico progressivo: Distracao urbana multietapas;Critico;Critico;0.44289707541465756;0.44289707541465756;R2_STABLE_RISK;28;77;50;1;53;25;0;0.05000000819563866;0.3194812834262848;0.14187654852867126;96;4
C05;C05;Critico progressivo: Celular em rodovia;Critico;Critico;0.4896569371223449;0.4896569371223449;R2_STABLE_RISK;42;73;32;1;58;16;1;0.2634284198284149;0.3220899999141693;0.13686083257198334;96;4
C01;C01;Critico: Celular em alta velocidade;Critico;Critico;0.5315473824739456;0.5315473824739456;R1_NORMAL;32;44;13;0;34;2;1;0.24382679164409637;0.155878946185112;0.20523594319820404;96;4
C01;C01;Critico: Celular em alta velocidade;Critico;Critico;0.29102678298950196;0.29102678298950196;R3_FALSE_KIN;32;44;13;0;34;2;0;0.05000000819563866;0.1512565016746521;0.14539606869220734;96;4
C04;C04;Critico: Multiplas distracoes urbanas;Critico;Critico;0.3713889718055725;0.3713889718055725;R1_NORMAL;22;45;24;0;24;2;0;0.05000000819563866;0.1983686238527298;0.1654731035232544;96;4
C09;C09;Critico progressivo: Bebida ao volante;Critico;Critico;0.3823663309216499;0.3823663309216499;R1_NORMAL;38;73;36;1;57;19;0;0.05000000819563866;0.25053587555885315;0.15932711958885193;96;4
C02;C02;Critico: Fadiga com desvio cinematico;Critico;Critico;0.39378328174352645;0.39378328174352645;R1_NORMAL;29;50;22;0;32;3;0;0.05000000819563866;0.10652071237564087;0.11677640676498413;96;4
C04;C04;Critico: Multiplas distracoes urbanas;Critico;Critico;0.3713889718055725;0.3713889718055725;R1_NORMAL;22;45;24;0;24;2;0;0.05000000819563866;0.20471219718456268;0.13657809793949127;96;4
C07;C07;Critico progressivo: Sem cinto sob chuva;Critico;Critico;0.5021282970905303;0.5021282970905303;R3_FALSE_KIN;37;75;39;1;55;18;1;0.2577384412288666;0.38338908553123474;0.15207457542419434;96;4
C03;C03;Critico: Celular sem cinto sob chuva;Critico;Critico;0.6215375989675522;0.6215375989675522;R3_FALSE_KIN;26;41;16;0;28;2;1;0.2516880929470062;0.18565678596496582;0.21042579412460327;96;4
C05;C05;Critico progressivo: Celular em rodovia;Critico;Critico;0.36698154807090755;0.36698154807090755;R3_FALSE_KIN;42;73;32;1;59;17;0;0.05000000819563866;0.3124023675918579;0.12362593412399292;96;4
C07;C07;Critico progressivo: Sem cinto sob chuva;Critico;Critico;0.3945860862731933;0.3945860862731933;R2_STABLE_RISK;37;75;39;1;60;23;0;0.05000000819563866;0.37715232372283936;0.1408970206975937;96;4
N02;N02;Normal: Urbano moderado;Normal;Normal;0.050000007078051564;0.050000007078051564;R2_STABLE_RISK;-1;-1;0;0;-1;-1;0;0.05000000819563866;0.03176577389240265;0.10041290521621704;96;4
C05;C05;Critico progressivo: Celular em rodovia;Critico;Critico;0.4935613125562668;0.4935613125562668;R1_NORMAL;42;73;32;1;58;16;1;0.315009742975235;0.320445716381073;0.1535247415304184;96;4
C05;C05;Critico progressivo: Celular em rodovia;Critico;Critico;0.3642027884721756;0.3642027884721756;R3_FALSE_KIN;42;73;32;1;61;19;0;0.05000000819563866;0.31250035762786865;0.1106548011302948;96;4
C08;C08;Critico progressivo: Distracao urbana multietapas;Critico;Critico;0.4281899526715278;0.4281899526715278;R1_NORMAL;28;77;50;1;54;26;0;0.05000000819563866;0.32579305768013;0.1263156235218048;96;4
C03;C03;Critico: Celular sem cinto sob chuva;Critico;Critico;0.6184308916330337;0.6184308916330337;R1_NORMAL;26;41;16;0;28;2;1;0.23775696754455566;0.18825089931488037;0.17812149226665497;96;4
C08;C08;Critico progressivo: Distracao urbana multietapas;Critico;Critico;0.42306764572858807;0.42306764572858807;R3_FALSE_KIN;28;77;50;1;57;29;0;0.05000000819563866;0.3144063353538513;0.12965168058872223;96;4
N01;N01;Normal: Viagem tranquila em rodovia;Normal;Normal;0.050000007078051564;0.050000007078051564;R1_NORMAL;-1;-1;0;0;-1;-1;0;0.05000000819563866;0.02889867313206196;0.11073443293571472;96;4
N02;N02;Normal: Urbano moderado;Normal;Normal;0.050000007078051564;0.050000007078051564;R1_NORMAL;-1;-1;0;0;-1;-1;0;0.05000000819563866;0.03423415496945381;0.07072865962982178;96;4
C05;C05;Critico progressivo: Celular em rodovia;Critico;Critico;0.40270414799451826;0.40270414799451826;R2_STABLE_RISK;42;73;32;1;60;18;0;0.05000000819563866;0.3191489279270172;0.12713457643985748;96;4
C04;C04;Critico: Multiplas distracoes urbanas;Critico;Critico;0.3713889718055725;0.3713889718055725;R3_FALSE_KIN;22;45;24;0;24;2;0;0.05000000819563866;0.1996145099401474;0.15405459702014923;96;4
N03;N03;Normal: Noite estável;Normal;Normal;0.050000007078051564;0.050000007078051564;R1_NORMAL;-1;-1;0;0;-1;-1;0;0.05000000819563866;0.03112693317234516;0.1069093719124794;96;4
C06;C06;Critico progressivo: Fadiga noturna;Critico;Critico;0.44893528074026107;0.44893528074026107;R3_FALSE_KIN;36;81;46;1;59;23;0;0.05000000819563866;0.15892894566059113;0.13818258047103882;96;4
N02;N02;Normal: Urbano moderado;Normal;Normal;0.050000007078051564;0.050000007078051564;R1_NORMAL;-1;-1;0;0;-1;-1;0;0.05000000819563866;0.034209851175546646;0.09111080318689346;96;4
C10;C10;Critico progressivo: Grooming em rodovia com fadiga;Critico;Critico;0.424797023832798;0.424797023832798;R2_STABLE_RISK;40;81;42;1;59;19;0;0.05000000819563866;0.21134890615940094;0.12460234761238098;96;4
C01;C01;Critico: Celular em alta velocidade;Critico;Critico;0.5368238717317582;0.5368238717317582;R1_NORMAL;32;44;13;0;34;2;1;0.2685825526714325;0.1517803817987442;0.17742091417312622;96;4
C07;C07;Critico progressivo: Sem cinto sob chuva;Critico;Critico;0.4811214417219162;0.4811214417219162;R1_NORMAL;37;75;39;1;54;17;1;0.2980306148529053;0.3888269364833832;0.15515251457691193;96;4
C06;C06;Critico progressivo: Fadiga noturna;Critico;Critico;0.4925801962614059;0.4925801962614059;R3_FALSE_KIN;36;81;46;1;64;28;1;0.37291792035102844;0.16331081092357635;0.15704308450222015;96;4
N02;N02;Normal: Urbano moderado;Normal;Normal;0.050000007078051564;0.050000007078051564;R3_FALSE_KIN;-1;-1;0;0;-1;-1;0;0.05000000819563866;0.03716505691409111;0.11011596769094467;96;4
N03;N03;Normal: Noite estável;Normal;Normal;0.050000007078051564;0.050000007078051564;R1_NORMAL;-1;-1;0;0;-1;-1;0;0.05000000819563866;0.03059086948633194;0.09110268205404282;96;4
C03;C03;Critico: Celular sem cinto sob chuva;Critico;Critico;0.3752959698438644;0.3752959698438644;R2_STABLE_RISK;26;41;16;0;28;2;0;0.05000000819563866;0.1816212385892868;0.13490726053714752;96;4
N01;N01;Normal: Viagem tranquila em rodovia;Normal;Normal;0.050000007078051564;0.050000007078051564;R3_FALSE_KIN;-1;-1;0;0;-1;-1;0;0.05000000819563866;0.027392031624913216;0.12070384621620178;96;4
C08;C08;Critico progressivo: Distracao urbana multietapas;Critico;Critico;0.4979058533906936;0.4979058533906936;R3_FALSE_KIN;28;77;50;1;56;28;1;0.33614638447761536;0.31451621651649475;0.1401505023241043;96;4
C02;C02;Critico: Fadiga com desvio cinematico;Critico;Critico;0.39378328174352645;0.39378328174352645;R1_NORMAL;29;50;22;0;32;3;0;0.05000000819563866;0.09669757634401321;0.10811202973127365;96;4
C04;C04;Critico: Multiplas distracoes urbanas;Critico;Critico;0.5603409081697464;0.5603409081697464;R3_FALSE_KIN;22;45;24;0;24;2;1;0.23957055807113647;0.2075241059064865;0.14730556309223175;96;4
C02;C02;Critico: Fadiga com desvio cinematico;Critico;Critico;0.39378328174352645;0.39378328174352645;R2_STABLE_RISK;29;50;22;0;32;3;0;0.05000000819563866;0.099040187895298;0.13230568170547485;96;4
C03;C03;Critico: Celular sem cinto sob chuva;Critico;Critico;0.3752959698438644;0.3752959698438644;R2_STABLE_RISK;26;41;16;0;28;2;0;0.05000000819563866;0.19147443771362305;0.11523503065109253;96;4
N03;N03;Normal: Noite estável;Normal;Normal;0.050000007078051564;0.050000007078051564;R3_FALSE_KIN;-1;-1;0;0;-1;-1;0;0.05000000819563866;0.028934473171830177;0.08377337455749512;96;4
C03;C03;Critico: Celular sem cinto sob chuva;Critico;Critico;0.3752959698438644;0.3752959698438644;R3_FALSE_KIN;26;41;16;0;28;2;0;0.05000000819563866;0.18730491399765015;0.12525908648967743;96;4
C07;C07;Critico progressivo: Sem cinto sob chuva;Critico;Critico;0.42467679977416994;0.42467679977416994;R1_NORMAL;37;75;39;1;57;20;0;0.05000000819563866;0.381215900182724;0.13742674887180328;96;4
C02;C02;Critico: Fadiga com desvio cinematico;Critico;Critico;0.39378328174352645;0.39378328174352645;R1_NORMAL;29;50;22;0;32;3;0;0.05000000819563866;0.09412927180528641;0.1479259580373764;96;4
N02;N02;Normal: Urbano moderado;Normal;Normal;0.050000007078051564;0.050000007078051564;R1_NORMAL;-1;-1;0;0;-1;-1;0;0.05000000819563866;0.030801624059677124;0.07407442480325699;96;4
N02;N02;Normal: Urbano moderado;Normal;Normal;0.050000007078051564;0.050000007078051564;R3_FALSE_KIN;-1;-1;0;0;-1;-1;0;0.05000000819563866;0.03227083757519722;0.09078314900398254;96;4
C01;C01;Critico: Celular em alta velocidade;Critico;Critico;0.29102678298950196;0.29102678298950196;R1_NORMAL;32;44;13;0;34;2;0;0.05000000819563866;0.15053948760032654;0.11813215166330338;96;4
C07;C07;Critico progressivo: Sem cinto sob chuva;Critico;Critico;0.4084406986832619;0.4084406986832619;R1_NORMAL;37;75;39;1;60;23;0;0.05000000819563866;0.3796738088130951;0.12935365736484528;96;4
C08;C08;Critico progressivo: Distracao urbana multietapas;Critico;Critico;0.41544360369443895;0.41544360369443895;R1_NORMAL;28;77;50;1;58;30;0;0.05000000819563866;0.30717289447784424;0.1205674409866333;96;4
C01;C01;Critico: Celular em alta velocidade;Critico;Critico;0.29102678298950196;0.29102678298950196;R2_STABLE_RISK;32;44;13;0;34;2;0;0.05000000819563866;0.15114779770374298;0.11563605070114136;96;4
C02;C02;Critico: Fadiga com desvio cinematico;Critico;Critico;0.39378328174352645;0.39378328174352645;R2_STABLE_RISK;29;50;22;0;32;3;0;0.05000000819563866;0.1022796705365181;0.10555160790681839;96;4
C08;C08;Critico progressivo: Distracao urbana multietapas;Critico;Critico;0.42835720777511593;0.42835720777511593;R3_FALSE_KIN;28;77;50;1;58;30;0;0.05000000819563866;0.31656643748283386;0.15369080007076263;96;4
N01;N01;Normal: Viagem tranquila em rodovia;Normal;Normal;0.050000007078051564;0.050000007078051564;R2_STABLE_RISK;-1;-1;0;0;-1;-1;0;0.05000000819563866;0.03371085971593857;0.07179584354162216;96;4
C08;C08;Critico progressivo: Distracao urbana multietapas;Critico;Critico;0.4394449412822723;0.4394449412822723;R1_NORMAL;28;77;50;1;60;32;0;0.05000000819563866;0.31189098954200745;0.1258576363325119;96;4
C09;C09;Critico progressivo: Bebida ao volante;Critico;Critico;0.4054684802889824;0.4054684802889824;R2_STABLE_RISK;38;73;36;1;59;21;0;0.05000000819563866;0.2442886084318161;0.13734453916549683;96;4
C09;C09;Critico progressivo: Bebida ao volante;Critico;Critico;0.40314499139785764;0.40314499139785764;R2_STABLE_RISK;38;73;36;1;56;18;0;0.05000000819563866;0.25293421745300293;0.13745707273483276;96;4
C10;C10;Critico progressivo: Grooming em rodovia com fadiga;Critico;Critico;0.40567501932382577;0.40567501932382577;R1_NORMAL;40;81;42;1;61;21;0;0.05000000819563866;0.20533151924610138;0.10673639923334122;96;4
N01;N01;Normal: Viagem tranquila em rodovia;Normal;Normal;0.050000007078051564;0.050000007078051564;R2_STABLE_RISK;-1;-1;0;0;-1;-1;0;0.05000000819563866;0.03338827192783356;0.0943824052810669;96;4
N02;N02;Normal: Urbano moderado;Normal;Normal;0.050000007078051564;0.050000007078051564;R2_STABLE_RISK;-1;-1;0;0;-1;-1;0;0.05000000819563866;0.03279353678226471;0.10727834701538086;96;4
C02;C02;Critico: Fadiga com desvio cinematico;Critico;Critico;0.39378328174352645;0.39378328174352645;R2_STABLE_RISK;29;50;22;0;32;3;0;0.05000000819563866;0.09383585304021835;0.11145762354135513;96;4
N01;N01;Normal: Viagem tranquila em rodovia;Normal;Normal;0.050000007078051564;0.050000007078051564;R1_NORMAL;-1;-1;0;0;-1;-1;0;0.05000000819563866;0.028072580695152283;0.0873204842209816;96;4
C09;C09;Critico progressivo: Bebida ao volante;Critico;Critico;0.5107878684997558;0.5107878684997558;R1_NORMAL;38;73;36;1;57;19;1;0.30627214908599854;0.258420467376709;0.14414352178573608;96;4
C01;C01;Critico: Celular em alta velocidade;Critico;Critico;0.29102678298950196;0.29102678298950196;R1_NORMAL;32;44;13;0;34;2;0;0.05000000819563866;0.1504182070493698;0.11120378971099854;96;4
C07;C07;Critico progressivo: Sem cinto sob chuva;Critico;Critico;0.48617762029170986;0.48617762029170986;R1_NORMAL;37;75;39;1;61;24;1;0.32202595472335815;0.37663617730140686;0.14402107894420624;96;4
C03;C03;Critico: Celular sem cinto sob chuva;Critico;Critico;0.6252883911132812;0.6252883911132812;R3_FALSE_KIN;26;41;16;0;28;2;1;0.26850730180740356;0.19644534587860107;0.19219721853733063;96;4
N02;N02;Normal: Urbano moderado;Normal;Normal;0.050000007078051564;0.050000007078051564;R3_FALSE_KIN;-1;-1;0;0;-1;-1;0;0.05000000819563866;0.03335009142756462;0.09459090232849121;96;4
C04;C04;Critico: Multiplas distracoes urbanas;Critico;Critico;0.3713889718055725;0.3713889718055725;R1_NORMAL;22;45;24;0;24;2;0;0.05000000819563866;0.20473133027553558;0.15292717516422272;96;4
C05;C05;Critico progressivo: Celular em rodovia;Critico;Critico;0.4864690363407135;0.4864690363407135;R2_STABLE_RISK;42;73;32;1;60;18;1;0.2740657329559326;0.3162757158279419;0.12976102530956268;96;4
N02;N02;Normal: Urbano moderado;Normal;Normal;0.050000007078051564;0.050000007078051564;R3_FALSE_KIN;-1;-1;0;0;-1;-1;0;0.05000000819563866;0.029637455940246582;0.08425851911306381;96;4
C04;C04;Critico: Multiplas distracoes urbanas;Critico;Critico;0.5743081271648407;0.5743081271648407;R2_STABLE_RISK;22;45;24;0;24;2;1;0.24671854078769684;0.20176725089550018;0.1883937120437622;96;4
C05;C05;Critico progressivo: Celular em rodovia;Critico;Critico;0.37468812614679337;0.37468812614679337;R2_STABLE_RISK;42;73;32;1;58;16;0;0.05000000819563866;0.31946861743927;0.16220949590206146;96;4
N02;N02;Normal: Urbano moderado;Normal;Normal;0.050000007078051564;0.050000007078051564;R1_NORMAL;-1;-1;0;0;-1;-1;0;0.05000000819563866;0.034095700830221176;0.11511159688234329;96;4
N02;N02;Normal: Urbano moderado;Normal;Normal;0.050000007078051564;0.050000007078051564;R3_FALSE_KIN;-1;-1;0;0;-1;-1;0;0.05000000819563866;0.02470303140580654;0.13301436603069305;96;4
C04;C04;Critico: Multiplas distracoes urbanas;Critico;Critico;0.3713889718055725;0.3713889718055725;R1_NORMAL;22;45;24;0;24;2;0;0.05000000819563866;0.2008473426103592;0.1600390523672104;96;4
C01;C01;Critico: Celular em alta velocidade;Critico;Critico;0.29102678298950196;0.29102678298950196;R1_NORMAL;32;44;13;0;34;2;0;0.05000000819563866;0.14981459081172943;0.11041861027479172;96;4
C07;C07;Critico progressivo: Sem cinto sob chuva;Critico;Critico;0.4127487733960152;0.4127487733960152;R1_NORMAL;37;75;39;1;58;21;0;0.05000000819563866;0.38044118881225586;0.10048973560333252;96;4
C09;C09;Critico progressivo: Bebida ao volante;Critico;Critico;0.46853352189064024;0.46853352189064024;R2_STABLE_RISK;38;73;36;1;57;19;1;0.28587159514427185;0.2532562017440796;0.16368085145950317;96;4
N02;N02;Normal: Urbano moderado;Normal;Normal;0.050000007078051564;0.050000007078051564;R2_STABLE_RISK;-1;-1;0;0;-1;-1;0;0.05000000819563866;0.027191288769245148;0.09266123920679092;96;4
C10;C10;Critico progressivo: Grooming em rodovia com fadiga;Critico;Critico;0.4102428242564201;0.4102428242564201;R2_STABLE_RISK;40;81;42;1;58;18;0;0.05000000819563866;0.20126104354858398;0.12540723383426666;96;4
C06;C06;Critico progressivo: Fadiga noturna;Critico;Critico;0.4658844798803329;0.4658844798803329;R3_FALSE_KIN;36;81;46;1;56;20;0;0.05000000819563866;0.15970158576965332;0.12542136013507843;96;4
C04;C04;Critico: Multiplas distracoes urbanas;Critico;Critico;0.5622510939836503;0.5622510939836503;R2_STABLE_RISK;22;45;24;0;24;2;1;0.2760820686817169;0.2058412879705429;0.19738231599330902;96;4
N03;N03;Normal: Noite estável;Normal;Normal;0.050000007078051564;0.050000007078051564;R1_NORMAL;-1;-1;0;0;-1;-1;0;0.05000000819563866;0.03458620607852936;0.11069643497467041;96;4
C01;C01;Critico: Celular em alta velocidade;Critico;Critico;0.29102678298950196;0.29102678298950196;R1_NORMAL;32;44;13;0;34;2;0;0.05000000819563866;0.1589270383119583;0.14176364243030548;96;4
C02;C02;Critico: Fadiga com desvio cinematico;Critico;Critico;0.5964262753725051;0.5964262753725051;R2_STABLE_RISK;29;50;22;0;32;3;1;0.24359525740146637;0.09961602091789246;0.1418033391237259;96;4
N03;N03;Normal: Noite estável;Normal;Normal;0.050000007078051564;0.050000007078051564;R1_NORMAL;-1;-1;0;0;-1;-1;0;0.05000000819563866;0.028565747663378716;0.07039595395326614;96;4
N03;N03;Normal: Noite estável;Normal;Normal;0.050000007078051564;0.050000007078051564;R3_FALSE_KIN;-1;-1;0;0;-1;-1;0;0.05000000819563866;0.03629280626773834;0.12054165452718735;96;4
C01;C01;Critico: Celular em alta velocidade;Critico;Critico;0.29102678298950196;0.29102678298950196;R3_FALSE_KIN;32;44;13;0;34;2;0;0.05000000819563866;0.15534624457359314;0.10086394101381302;96;4
C06;C06;Critico progressivo: Fadiga noturna;Critico;Critico;0.44229900091886515;0.44229900091886515;R3_FALSE_KIN;36;81;46;1;56;20;0;0.05000000819563866;0.1638457328081131;0.13176748156547546;96;4
C02;C02;Critico: Fadiga com desvio cinematico;Critico;Critico;0.39378328174352645;0.39378328174352645;R2_STABLE_RISK;29;50;22;0;32;3;0;0.05000000819563866;0.0846157968044281;0.12617824971675873;96;4
C08;C08;Critico progressivo: Distracao urbana multietapas;Critico;Critico;0.47326049506664275;0.47326049506664275;R2_STABLE_RISK;28;77;50;1;48;20;0;0.05000000819563866;0.3169400990009308;0.14747655391693115;96;4
C02;C02;Critico: Fadiga com desvio cinematico;Critico;Critico;0.39378328174352645;0.39378328174352645;R1_NORMAL;29;50;22;0;32;3;0;0.05000000819563866;0.0964139997959137;0.1696247011423111;96;4
C10;C10;Critico progressivo: Grooming em rodovia com fadiga;Critico;Critico;0.4621008515357971;0.4621008515357971;R2_STABLE_RISK;40;81;42;1;62;22;1;0.3583209812641144;0.19451658427715302;0.10468801110982895;96;4
C02;C02;Critico: Fadiga com desvio cinematico;Critico;Critico;0.5968305051326752;0.5968305051326752;R3_FALSE_KIN;29;50;22;0;32;3;1;0.262652188539505;0.09359696507453918;0.08970093727111816;96;4
C09;C09;Critico progressivo: Bebida ao volante;Critico;Critico;0.4131026461720466;0.4131026461720466;R1_NORMAL;38;73;36;1;58;20;0;0.05000000819563866;0.2485252469778061;0.16659444570541382;96;4
C07;C07;Critico progressivo: Sem cinto sob chuva;Critico;Critico;0.39102586060762407;0.39102586060762407;R3_FALSE_KIN;37;75;39;1;58;21;0;0.05000000819563866;0.37914836406707764;0.21717482805252075;96;4
N03;N03;Normal: Noite estável;Normal;Normal;0.050000007078051564;0.050000007078051564;R1_NORMAL;-1;-1;0;0;-1;-1;0;0.05000000819563866;0.030795499682426453;0.10496107488870621;96;4
C10;C10;Critico progressivo: Grooming em rodovia com fadiga;Critico;Critico;0.464233723282814;0.464233723282814;R1_NORMAL;40;81;42;1;66;26;1;0.32277464866638184;0.19856078922748566;0.07084822654724121;96;4
C07;C07;Critico progressivo: Sem cinto sob chuva;Critico;Critico;0.3959944829344749;0.3959944829344749;R1_NORMAL;37;75;39;1;59;22;0;0.05000000819563866;0.37868157029151917;0.11758655309677124;96;4
C02;C02;Critico: Fadiga com desvio cinematico;Critico;Critico;0.39378328174352645;0.39378328174352645;R1_NORMAL;29;50;22;0;32;3;0;0.05000000819563866;0.09243974834680557;0.1414097398519516;96;4
C04;C04;Critico: Multiplas distracoes urbanas;Critico;Critico;0.5609426468610763;0.5609426468610763;R1_NORMAL;22;45;24;0;24;2;1;0.24997425079345703;0.21301893889904022;0.1936219483613968;96;4
C01;C01;Critico: Celular em alta velocidade;Critico;Critico;0.29102678298950196;0.29102678298950196;R1_NORMAL;32;44;13;0;34;2;0;0.05000000819563866;0.15748314559459686;0.09891170263290405;96;4
C03;C03;Critico: Celular sem cinto sob chuva;Critico;Critico;0.61268090903759;0.61268090903759;R3_FALSE_KIN;26;41;16;0;28;2;1;0.252476304769516;0.18870456516742706;0.17390473186969757;96;4
N03;N03;Normal: Noite estável;Normal;Normal;0.050000007078051564;0.050000007078051564;R3_FALSE_KIN;-1;-1;0;0;-1;-1;0;0.05000000819563866;0.028152382001280785;0.11429134756326675;96;4
N02;N02;Normal: Urbano moderado;Normal;Normal;0.050000007078051564;0.050000007078051564;R1_NORMAL;-1;-1;0;0;-1;-1;0;0.05000000819563866;0.03044172376394272;0.11108811944723129;96;4
C05;C05;Critico progressivo: Celular em rodovia;Critico;Critico;0.37729154825210576;0.37729154825210576;R1_NORMAL;42;73;32;1;57;15;0;0.05000000819563866;0.3237781822681427;0.13201938569545746;96;4
C06;C06;Critico progressivo: Fadiga noturna;Critico;Critico;0.46715058684349053;0.46715058684349053;R3_FALSE_KIN;36;81;46;1;55;19;0;0.05000000819563866;0.1594797670841217;0.1053844764828682;96;4
N02;N02;Normal: Urbano moderado;Normal;Normal;0.050000007078051564;0.050000007078051564;R2_STABLE_RISK;-1;-1;0;0;-1;-1;0;0.05000000819563866;0.028175121173262596;0.09037607163190842;96;4
C06;C06;Critico progressivo: Fadiga noturna;Critico;Critico;0.44039631336927415;0.44039631336927415;R1_NORMAL;36;81;46;1;62;26;0;0.05000000819563866;0.15426500141620636;0.14271162450313568;96;4
C03;C03;Critico: Celular sem cinto sob chuva;Critico;Critico;0.3752959698438644;0.3752959698438644;R2_STABLE_RISK;26;41;16;0;28;2;0;0.05000000819563866;0.181825652718544;0.14145445823669434;96;4
C03;C03;Critico: Celular sem cinto sob chuva;Critico;Critico;0.3752959698438644;0.3752959698438644;R1_NORMAL;26;41;16;0;28;2;0;0.05000000819563866;0.19123972952365875;0.14591675996780396;96;4
C10;C10;Critico progressivo: Grooming em rodovia com fadiga;Critico;Critico;0.3971805527806282;0.3971805527806282;R2_STABLE_RISK;40;81;42;1;63;23;0;0.05000000819563866;0.1986052393913269;0.13008706271648407;96;4
C04;C04;Critico: Multiplas distracoes urbanas;Critico;Critico;0.3713889718055725;0.3713889718055725;R2_STABLE_RISK;22;45;24;0;24;2;0;0.05000000819563866;0.20622211694717407;0.17481105029582977;96;4
C03;C03;Critico: Celular sem cinto sob chuva;Critico;Critico;0.3752959698438644;0.3752959698438644;R3_FALSE_KIN;26;41;16;0;28;2;0;0.05000000819563866;0.18760426342487335;0.140878364443779;96;4
N01;N01;Normal: Viagem tranquila em rodovia;Normal;Normal;0.050000007078051564;0.050000007078051564;R2_STABLE_RISK;-1;-1;0;0;-1;-1;0;0.05000000819563866;0.03216133639216423;0.0987616777420044;96;4
C01;C01;Critico: Celular em alta velocidade;Critico;Critico;0.5354025363922119;0.5354025363922119;R1_NORMAL;32;44;13;0;34;2;1;0.26194581389427185;0.15595299005508423;0.16708584129810333;96;4
C01;C01;Critico: Celular em alta velocidade;Critico;Critico;0.29102678298950196;0.29102678298950196;R3_FALSE_KIN;32;44;13;0;34;2;0;0.05000000819563866;0.15508835017681122;0.12814609706401825;96;4
N01;N01;Normal: Viagem tranquila em rodovia;Normal;Normal;0.050000007078051564;0.050000007078051564;R2_STABLE_RISK;-1;-1;0;0;-1;-1;0;0.05000000819563866;0.032496046274900436;0.09250229597091675;96;4
N03;N03;Normal: Noite estável;Normal;Normal;0.050000007078051564;0.050000007078051564;R1_NORMAL;-1;-1;0;0;-1;-1;0;0.05000000819563866;0.036846645176410675;0.08691336959600449;96;4
C03;C03;Critico: Celular sem cinto sob chuva;Critico;Critico;0.6199104398488998;0.6199104398488998;R2_STABLE_RISK;26;41;16;0;28;2;1;0.25318026542663574;0.19151891767978668;0.15941043198108673;96;4
C09;C09;Critico progressivo: Bebida ao volante;Critico;Critico;0.46317992806434627;0.46317992806434627;R1_NORMAL;38;73;36;1;56;18;1;0.25661399960517883;0.2447260618209839;0.21666616201400757;96;4
C09;C09;Critico progressivo: Bebida ao volante;Critico;Critico;0.478173416852951;0.478173416852951;R3_FALSE_KIN;38;73;36;1;60;22;1;0.2911532521247864;0.25385335087776184;0.13531166315078735;96;4
C01;C01;Critico: Celular em alta velocidade;Critico;Critico;0.29102678298950196;0.29102678298950196;R2_STABLE_RISK;32;44;13;0;34;2;0;0.05000000819563866;0.15929915010929108;0.09523287415504456;96;4
C10;C10;Critico progressivo: Grooming em rodovia com fadiga;Critico;Critico;0.4842750310897827;0.4842750310897827;R1_NORMAL;40;81;42;1;62;22;1;0.3580777645111084;0.20417888462543488;0.13997401297092438;96;4
C03;C03;Critico: Celular sem cinto sob chuva;Critico;Critico;0.3752959698438644;0.3752959698438644;R1_NORMAL;26;41;16;0;28;2;0;0.05000000819563866;0.18994136154651642;0.13658718764781952;96;4
N02;N02;Normal: Urbano moderado;Normal;Normal;0.050000007078051564;0.050000007078051564;R1_NORMAL;-1;-1;0;0;-1;-1;0;0.05000000819563866;0.027217110618948936;0.09890153259038925;96;4
C09;C09;Critico progressivo: Bebida ao volante;Critico;Critico;0.4581072509288788;0.4581072509288788;R1_NORMAL;38;73;36;1;58;20;1;0.26058825850486755;0.24449042975902557;0.18627750873565674;96;4
C01;C01;Critico: Celular em alta velocidade;Critico;Critico;0.29102678298950196;0.29102678298950196;R2_STABLE_RISK;32;44;13;0;34;2;0;0.05000000819563866;0.15066149830818176;0.0859382152557373;96;4
C08;C08;Critico progressivo: Distracao urbana multietapas;Critico;Critico;0.4299890398979187;0.4299890398979187;R2_STABLE_RISK;28;77;50;1;54;26;0;0.05000000819563866;0.31320181488990784;0.13334721326828003;96;4
C01;C01;Critico: Celular em alta velocidade;Critico;Critico;0.29102678298950196;0.29102678298950196;R1_NORMAL;32;44;13;0;34;2;0;0.05000000819563866;0.15033026039600372;0.15474969148635864;96;4
C09;C09;Critico progressivo: Bebida ao volante;Critico;Critico;0.4097905233502388;0.4097905233502388;R1_NORMAL;38;73;36;1;57;19;0;0.05000000819563866;0.25619471073150635;0.14385886490345;96;4
C10;C10;Critico progressivo: Grooming em rodovia com fadiga;Critico;Critico;0.48305173218250275;0.48305173218250275;R3_FALSE_KIN;40;81;42;1;65;25;1;0.3275716006755829;0.1955522894859314;0.09473526477813721;96;4
C05;C05;Critico progressivo: Celular em rodovia;Critico;Critico;0.38287885338068006;0.38287885338068006;R1_NORMAL;42;73;32;1;59;17;0;0.05000000819563866;0.3111872673034668;0.15769141912460327;96;4
N01;N01;Normal: Viagem tranquila em rodovia;Normal;Normal;0.050000007078051564;0.050000007078051564;R1_NORMAL;-1;-1;0;0;-1;-1;0;0.05000000819563866;0.041051235049963;0.12307820469141006;96;4
C03;C03;Critico: Celular sem cinto sob chuva;Critico;Critico;0.6145756155252456;0.6145756155252456;R1_NORMAL;26;41;16;0;28;2;1;0.22284124791622162;0.1866578608751297;0.17084713280200958;96;4
C10;C10;Critico progressivo: Grooming em rodovia com fadiga;Critico;Critico;0.43276568651199343;0.43276568651199343;R3_FALSE_KIN;40;81;42;1;63;23;0;0.05000000819563866;0.20771022140979767;0.11693654209375381;96;4
C09;C09;Critico progressivo: Bebida ao volante;Critico;Critico;0.46855008900165557;0.46855008900165557;R2_STABLE_RISK;38;73;36;1;58;20;1;0.2601662278175354;0.2482130378484726;0.14596401154994965;96;4
C06;C06;Critico progressivo: Fadiga noturna;Critico;Critico;0.5074628382921218;0.5074628382921218;R1_NORMAL;36;81;46;1;58;22;1;0.32396140694618225;0.15748849511146545;0.08513485640287399;96;4
N03;N03;Normal: Noite estável;Normal;Normal;0.050000007078051564;0.050000007078051564;R2_STABLE_RISK;-1;-1;0;0;-1;-1;0;0.05000000819563866;0.02938106097280979;0.09315846115350723;96;4
N03;N03;Normal: Noite estável;Normal;Normal;0.050000007078051564;0.050000007078051564;R1_NORMAL;-1;-1;0;0;-1;-1;0;0.05000000819563866;0.03394462540745735;0.10004859417676926;96;4
C05;C05;Critico progressivo: Celular em rodovia;Critico;Critico;0.39470247030258176;0.39470247030258176;R2_STABLE_RISK;42;73;32;1;59;17;0;0.05000000819563866;0.3189586102962494;0.13846498727798462;96;4
C01;C01;Critico: Celular em alta velocidade;Critico;Critico;0.29102678298950196;0.29102678298950196;R3_FALSE_KIN;32;44;13;0;34;2;0;0.05000000819563866;0.1520543396472931;0.09146393090486526;96;4
C05;C05;Critico progressivo: Celular em rodovia;Critico;Critico;0.402958482503891;0.402958482503891;R1_NORMAL;42;73;32;1;59;17;0;0.05000000819563866;0.31602349877357483;0.087645523250103;96;4
N01;N01;Normal: Viagem tranquila em rodovia;Normal;Normal;0.050000007078051564;0.050000007078051564;R1_NORMAL;-1;-1;0;0;-1;-1;0;0.05000000819563866;0.03364856168627739;0.1183680072426796;96;4
N01;N01;Normal: Viagem tranquila em rodovia;Normal;Normal;0.050000007078051564;0.050000007078051564;R1_NORMAL;-1;-1;0;0;-1;-1;0;0.05000000819563866;0.02728281356394291;0.14230619370937347;96;4
C05;C05;Critico progressivo: Celular em rodovia;Critico;Critico;0.3864761993288994;0.3864761993288994;R1_NORMAL;42;73;32;1;61;19;0;0.05000000819563866;0.3118729889392853;0.10965266823768616;96;4
C09;C09;Critico progressivo: Bebida ao volante;Critico;Critico;0.3797838643193245;0.3797838643193245;R2_STABLE_RISK;38;73;36;1;56;18;0;0.05000000819563866;0.2479512095451355;0.14723612368106842;96;4
C06;C06;Critico progressivo: Fadiga noturna;Critico;Critico;0.46618254482746124;0.46618254482746124;R1_NORMAL;36;81;46;1;55;19;0;0.05000000819563866;0.1625046283006668;0.144786074757576;96;4
C07;C07;Critico progressivo: Sem cinto sob chuva;Critico;Critico;0.38391950726509094;0.38391950726509094;R1_NORMAL;37;75;39;1;60;23;0;0.05000000819563866;0.3681928217411041;0.15344929695129395;96;4
C02;C02;Critico: Fadiga com desvio cinematico;Critico;Critico;0.39378328174352645;0.39378328174352645;R1_NORMAL;29;50;22;0;32;3;0;0.05000000819563866;0.09205800294876099;0.11926373094320297;96;4
C05;C05;Critico progressivo: Celular em rodovia;Critico;Critico;0.3781802996993065;0.3781802996993065;R3_FALSE_KIN;42;73;32;1;60;18;0;0.05000000819563866;0.3161282241344452;0.08714091777801514;96;4
C01;C01;Critico: Celular em alta velocidade;Critico;Critico;0.29102678298950196;0.29102678298950196;R2_STABLE_RISK;32;44;13;0;34;2;0;0.05000000819563866;0.15568721294403076;0.1567634493112564;96;4
C02;C02;Critico: Fadiga com desvio cinematico;Critico;Critico;0.39378328174352645;0.39378328174352645;R2_STABLE_RISK;29;50;22;0;32;3;0;0.05000000819563866;0.10067566484212875;0.11901142448186874;96;4
C07;C07;Critico progressivo: Sem cinto sob chuva;Critico;Critico;0.4604952931404114;0.4604952931404114;R2_STABLE_RISK;37;75;39;1;60;23;1;0.3145117163658142;0.37934446334838867;0.18589086830615997;96;4
C10;C10;Critico progressivo: Grooming em rodovia com fadiga;Critico;Critico;0.48317065834999084;0.48317065834999084;R2_STABLE_RISK;40;81;42;1;62;22;1;0.36109766364097595;0.1987236738204956;0.14112623035907745;96;4
C09;C09;Critico progressivo: Bebida ao volante;Critico;Critico;0.3732246711850166;0.3732246711850166;R1_NORMAL;38;73;36;1;58;20;0;0.05000000819563866;0.24516506493091583;0.15122683346271515;96;4
C03;C03;Critico: Celular sem cinto sob chuva;Critico;Critico;0.3752959698438644;0.3752959698438644;R1_NORMAL;26;41;16;0;28;2;0;0.05000000819563866;0.19238872826099396;0.11357051879167557;96;4
C02;C02;Critico: Fadiga com desvio cinematico;Critico;Critico;0.39378328174352645;0.39378328174352645;R1_NORMAL;29;50;22;0;32;3;0;0.05000000819563866;0.09758875519037247;0.13606320321559906;96;4
C04;C04;Critico: Multiplas distracoes urbanas;Critico;Critico;0.3713889718055725;0.3713889718055725;R2_STABLE_RISK;22;45;24;0;24;2;0;0.05000000819563866;0.20934395492076874;0.1373855471611023;96;4
N02;N02;Normal: Urbano moderado;Normal;Normal;0.050000007078051564;0.050000007078051564;R1_NORMAL;-1;-1;0;0;-1;-1;0;0.05000000819563866;0.03320394828915596;0.09448891878128052;96;4
C10;C10;Critico progressivo: Grooming em rodovia com fadiga;Critico;Critico;0.3995290115475654;0.3995290115475654;R2_STABLE_RISK;40;81;42;1;62;22;0;0.05000000819563866;0.20720453560352325;0.11048657447099686;96;4
N03;N03;Normal: Noite estável;Normal;Normal;0.050000007078051564;0.050000007078051564;R3_FALSE_KIN;-1;-1;0;0;-1;-1;0;0.05000000819563866;0.03159964084625244;0.13404826819896698;96;4
C09;C09;Critico progressivo: Bebida ao volante;Critico;Critico;0.37588818520307543;0.37588818520307543;R2_STABLE_RISK;38;73;36;1;57;19;0;0.05000000819563866;0.24966062605381012;0.1236419677734375;96;4
C03;C03;Critico: Celular sem cinto sob chuva;Critico;Critico;0.3752959698438644;0.3752959698438644;R1_NORMAL;26;41;16;0;28;2;0;0.05000000819563866;0.18385441601276398;0.10456166416406631;96;4
C05;C05;Critico progressivo: Celular em rodovia;Critico;Critico;0.39035069346427914;0.39035069346427914;R3_FALSE_KIN;42;73;32;1;60;18;0;0.05000000819563866;0.31946101784706116;0.13334372639656067;96;4
C03;C03;Critico: Celular sem cinto sob chuva;Critico;Critico;0.3752959698438644;0.3752959698438644;R2_STABLE_RISK;26;41;16;0;28;2;0;0.05000000819563866;0.18943370878696442;0.16931267082691193;96;4
N03;N03;Normal: Noite estável;Normal;Normal;0.050000007078051564;0.050000007078051564;R3_FALSE_KIN;-1;-1;0;0;-1;-1;0;0.05000000819563866;0.03353120759129524;0.08127995580434799;96;4
C09;C09;Critico progressivo: Bebida ao volante;Critico;Critico;0.49985109865665434;0.49985109865665434;R1_NORMAL;38;73;36;1;60;22;1;0.32325831055641174;0.24166135489940643;0.1775560826063156;96;4
C10;C10;Critico progressivo: Grooming em rodovia com fadiga;Critico;Critico;0.3740486204624176;0.3740486204624176;R1_NORMAL;40;81;42;1;62;22;0;0.05000000819563866;0.20050697028636932;0.1372247189283371;96;4
C04;C04;Critico: Multiplas distracoes urbanas;Critico;Critico;0.3713889718055725;0.3713889718055725;R2_STABLE_RISK;22;45;24;0;24;2;0;0.05000000819563866;0.20010244846343994;0.12548619508743286;96;4
C10;C10;Critico progressivo: Grooming em rodovia com fadiga;Critico;Critico;0.43522229790687555;0.43522229790687555;R1_NORMAL;40;81;42;1;62;22;0;0.05000000819563866;0.20535250008106232;0.10905469208955765;96;4
C07;C07;Critico progressivo: Sem cinto sob chuva;Critico;Critico;0.49322285950183864;0.49322285950183864;R1_NORMAL;37;75;39;1;62;25;1;0.2972705066204071;0.3829589784145355;0.16781406104564667;96;4
C10;C10;Critico progressivo: Grooming em rodovia com fadiga;Critico;Critico;0.412197582423687;0.412197582423687;R1_NORMAL;40;81;42;1;58;18;0;0.05000000819563866;0.2071363478899002;0.11685647815465927;96;4
C04;C04;Critico: Multiplas distracoes urbanas;Critico;Critico;0.3713889718055725;0.3713889718055725;R1_NORMAL;22;45;24;0;24;2;0;0.05000000819563866;0.19996662437915802;0.13486433029174805;96;4
C02;C02;Critico: Fadiga com desvio cinematico;Critico;Critico;0.5941143989562988;0.5941143989562988;R1_NORMAL;29;50;22;0;32;3;1;0.21755683422088623;0.09624746441841125;0.21333980560302734;96;4
N03;N03;Normal: Noite estável;Normal;Normal;0.050000007078051564;0.050000007078051564;R2_STABLE_RISK;-1;-1;0;0;-1;-1;0;0.05000000819563866;0.02802186645567417;0.11828281730413437;96;4
C01;C01;Critico: Celular em alta velocidade;Critico;Critico;0.5265257149934768;0.5265257149934768;R2_STABLE_RISK;32;44;13;0;34;2;1;0.23180663585662842;0.15482443571090698;0.18144093453884125;96;4
N03;N03;Normal: Noite estável;Normal;Normal;0.050000007078051564;0.050000007078051564;R2_STABLE_RISK;-1;-1;0;0;-1;-1;0;0.05000000819563866;0.03717711567878723;0.089947409927845;96;4
C04;C04;Critico: Multiplas distracoes urbanas;Critico;Critico;0.5650303691625596;0.5650303691625596;R3_FALSE_KIN;22;45;24;0;24;2;1;0.2071385234594345;0.2036396861076355;0.23027874529361725;96;4
N01;N01;Normal: Viagem tranquila em rodovia;Normal;Normal;0.050000007078051564;0.050000007078051564;R1_NORMAL;-1;-1;0;0;-1;-1;0;0.05000000819563866;0.031256262212991714;0.08705905824899673;96;4
C03;C03;Critico: Celular sem cinto sob chuva;Critico;Critico;0.3752959698438644;0.3752959698438644;R3_FALSE_KIN;26;41;16;0;28;2;0;0.05000000819563866;0.17869426310062408;0.11504477262496948;96;4
C08;C08;Critico progressivo: Distracao urbana multietapas;Critico;Critico;0.5111614882946014;0.5111614882946014;R2_STABLE_RISK;28;77;50;1;51;23;1;0.30701902508735657;0.3172452747821808;0.1885787695646286;96;4
C01;C01;Critico: Celular em alta velocidade;Critico;Critico;0.29102678298950196;0.29102678298950196;R1_NORMAL;32;44;13;0;34;2;0;0.05000000819563866;0.1510232836008072;0.1096828356385231;96;4
C07;C07;Critico progressivo: Sem cinto sob chuva;Critico;Critico;0.4012970313429832;0.4012970313429832;R1_NORMAL;37;75;39;1;57;20;0;0.05000000819563866;0.37664666771888733;0.137343168258667;96;4
C07;C07;Critico progressivo: Sem cinto sob chuva;Critico;Critico;0.4938771694898605;0.4938771694898605;R3_FALSE_KIN;37;75;39;1;61;24;1;0.31787315011024475;0.3808497488498688;0.18665003776550293;96;4
C06;C06;Critico progressivo: Fadiga noturna;Critico;Critico;0.3980030968785286;0.3980030968785286;R1_NORMAL;36;81;46;1;60;24;0;0.05000000819563866;0.1612314134836197;0.10748007148504257;96;4
C08;C08;Critico progressivo: Distracao urbana multietapas;Critico;Critico;0.48192743957042694;0.48192743957042694;R1_NORMAL;28;77;50;1;60;32;1;0.2881474792957306;0.3137076795101166;0.1538010686635971;96;4
N03;N03;Normal: Noite estável;Normal;Normal;0.050000007078051564;0.050000007078051564;R3_FALSE_KIN;-1;-1;0;0;-1;-1;0;0.05000000819563866;0.025724753737449646;0.1627465933561325;96;4
C02;C02;Critico: Fadiga com desvio cinematico;Critico;Critico;0.39378328174352645;0.39378328174352645;R2_STABLE_RISK;29;50;22;0;32;3;0;0.05000000819563866;0.0945856049656868;0.12738917768001556;96;4
C07;C07;Critico progressivo: Sem cinto sob chuva;Critico;Critico;0.41872154474258416;0.41872154474258416;R1_NORMAL;37;75;39;1;59;22;0;0.05000000819563866;0.37415552139282227;0.13603340089321136;96;4
C10;C10;Critico progressivo: Grooming em rodovia com fadiga;Critico;Critico;0.38777136653661726;0.38777136653661726;R1_NORMAL;40;81;42;1;63;23;0;0.05000000819563866;0.19655103981494904;0.10822399705648422;96;4
C09;C09;Critico progressivo: Bebida ao volante;Critico;Critico;0.45961094498634336;0.45961094498634336;R1_NORMAL;38;73;36;1;58;20;1;0.28710055351257324;0.25804775953292847;0.15854820609092712;96;4
C03;C03;Critico: Celular sem cinto sob chuva;Critico;Critico;0.3752959698438644;0.3752959698438644;R2_STABLE_RISK;26;41;16;0;28;2;0;0.05000000819563866;0.1897520273923874;0.12345059961080551;96;4
C05;C05;Critico progressivo: Celular em rodovia;Critico;Critico;0.45530966520309446;0.45530966520309446;R3_FALSE_KIN;42;73;32;1;60;18;1;0.2674948275089264;0.32216131687164307;0.13995318114757538;96;4
C06;C06;Critico progressivo: Fadiga noturna;Critico;Critico;0.48739655613899224;0.48739655613899224;R2_STABLE_RISK;36;81;46;1;63;27;1;0.36333906650543213;0.15381033718585968;0.08529549092054367;96;4
C08;C08;Critico progressivo: Distracao urbana multietapas;Critico;Critico;0.42359468936920164;0.42359468936920164;R2_STABLE_RISK;28;77;50;1;51;23;0;0.05000000819563866;0.30788853764533997;0.19667565822601318;96;4
C01;C01;Critico: Celular em alta velocidade;Critico;Critico;0.29102678298950196;0.29102678298950196;R2_STABLE_RISK;32;44;13;0;34;2;0;0.05000000819563866;0.15829163789749146;0.11928293108940125;96;4
C03;C03;Critico: Celular sem cinto sob chuva;Critico;Critico;0.3752959698438644;0.3752959698438644;R2_STABLE_RISK;26;41;16;0;28;2;0;0.05000000819563866;0.1897248774766922;0.12361232191324234;96;4
N02;N02;Normal: Urbano moderado;Normal;Normal;0.050000007078051564;0.050000007078051564;R1_NORMAL;-1;-1;0;0;-1;-1;0;0.05000000819563866;0.027983495965600014;0.0907551571726799;96;4
C06;C06;Critico progressivo: Fadiga noturna;Critico;Critico;0.42112322300672533;0.42112322300672533;R1_NORMAL;36;81;46;1;62;26;0;0.05000000819563866;0.1605120599269867;0.12531456351280212;96;4
N01;N01;Normal: Viagem tranquila em rodovia;Normal;Normal;0.050000007078051564;0.050000007078051564;R3_FALSE_KIN;-1;-1;0;0;-1;-1;0;0.05000000819563866;0.0274027269333601;0.0840090736746788;96;4
C08;C08;Critico progressivo: Distracao urbana multietapas;Critico;Critico;0.4238498747348785;0.4238498747348785;R2_STABLE_RISK;28;77;50;1;52;24;0;0.05000000819563866;0.31189796328544617;0.1087462306022644;96;4
C09;C09;Critico progressivo: Bebida ao volante;Critico;Critico;0.4470483213663101;0.4470483213663101;R1_NORMAL;38;73;36;1;58;20;1;0.22777517139911652;0.2501314878463745;0.12562455236911774;96;4
N01;N01;Normal: Viagem tranquila em rodovia;Normal;Normal;0.050000007078051564;0.050000007078051564;R3_FALSE_KIN;-1;-1;0;0;-1;-1;0;0.05000000819563866;0.033130135387182236;0.09250295162200928;96;4
C07;C07;Critico progressivo: Sem cinto sob chuva;Critico;Critico;0.4164919495582581;0.4164919495582581;R2_STABLE_RISK;37;75;39;1;57;20;0;0.05000000819563866;0.38239216804504395;0.18186664581298828;96;4
N03;N03;Normal: Noite estável;Normal;Normal;0.050000007078051564;0.050000007078051564;R1_NORMAL;-1;-1;0;0;-1;-1;0;0.05000000819563866;0.031600434333086014;0.10750013589859009;96;4
C08;C08;Critico progressivo: Distracao urbana multietapas;Critico;Critico;0.4208070948719978;0.4208070948719978;R1_NORMAL;28;77;50;1;59;31;0;0.05000000819563866;0.3173271119594574;0.11645016819238663;96;4
C08;C08;Critico progressivo: Distracao urbana multietapas;Critico;Critico;0.48641969263553614;0.48641969263553614;R2_STABLE_RISK;28;77;50;1;54;26;1;0.32474029064178467;0.3162410855293274;0.10843624919652939;96;4
C06;C06;Critico progressivo: Fadiga noturna;Critico;Critico;0.43860270380973815;0.43860270380973815;R1_NORMAL;36;81;46;1;56;20;0;0.05000000819563866;0.15990708768367767;0.10837552696466446;96;4
C08;C08;Critico progressivo: Distracao urbana multietapas;Critico;Critico;0.5196249514818191;0.5196249514818191;R3_FALSE_KIN;28;77;50;1;59;31;1;0.29452791810035706;0.30958715081214905;0.16049110889434814;96;4
C06;C06;Critico progressivo: Fadiga noturna;Critico;Critico;0.40691888332366943;0.40691888332366943;R3_FALSE_KIN;36;81;46;1;59;23;0;0.05000000819563866;0.16320516169071198;0.08504628390073776;96;4
N03;N03;Normal: Noite estável;Normal;Normal;0.050000007078051564;0.050000007078051564;R1_NORMAL;-1;-1;0;0;-1;-1;0;0.05000000819563866;0.032817620784044266;0.08706420660018921;96;4
N03;N03;Normal: Noite estável;Normal;Normal;0.050000007078051564;0.050000007078051564;R1_NORMAL;-1;-1;0;0;-1;-1;0;0.05000000819563866;0.031355973333120346;0.11449510604143143;96;4
C07;C07;Critico progressivo: Sem cinto sob chuva;Critico;Critico;0.4221100091934204;0.4221100091934204;R2_STABLE_RISK;37;75;39;1;60;23;0;0.05000000819563866;0.3803175985813141;0.16047807037830353;96;4
C08;C08;Critico progressivo: Distracao urbana multietapas;Critico;Critico;0.46439574658870697;0.46439574658870697;R1_NORMAL;28;77;50;1;51;23;0;0.05000000819563866;0.3148653507232666;0.11093191057443619;96;4
N02;N02;Normal: Urbano moderado;Normal;Normal;0.050000007078051564;0.050000007078051564;R1_NORMAL;-1;-1;0;0;-1;-1;0;0.05000000819563866;0.03279240056872368;0.0940796360373497;96;4
C06;C06;Critico progressivo: Fadiga noturna;Critico;Critico;0.48864127099514004;0.48864127099514004;R2_STABLE_RISK;36;81;46;1;57;21;1;0.2963217496871948;0.16104434430599213;0.14694994688034058;96;4
C09;C09;Critico progressivo: Bebida ao volante;Critico;Critico;0.40659939199686046;0.40659939199686046;R3_FALSE_KIN;38;73;36;1;58;20;0;0.05000000819563866;0.2451315075159073;0.15921668708324432;96;4
N01;N01;Normal: Viagem tranquila em rodovia;Normal;Normal;0.050000007078051564;0.050000007078051564;R2_STABLE_RISK;-1;-1;0;0;-1;-1;0;0.05000000819563866;0.030712515115737915;0.11563374847173691;96;4
C06;C06;Critico progressivo: Fadiga noturna;Critico;Critico;0.42928570955991746;0.42928570955991746;R1_NORMAL;36;81;46;1;60;24;0;0.05000000819563866;0.14956915378570557;0.09414196014404297;96;4
C07;C07;Critico progressivo: Sem cinto sob chuva;Critico;Critico;0.461370512843132;0.461370512843132;R1_NORMAL;37;75;39;1;60;23;1;0.26852908730506897;0.3692675530910492;0.16002479195594788;96;4
C10;C10;Critico progressivo: Grooming em rodovia com fadiga;Critico;Critico;0.4818564265966415;0.4818564265966415;R1_NORMAL;40;81;42;1;60;20;1;0.28577637672424316;0.20803940296173096;0.1133323535323143;96;4
C07;C07;Critico progressivo: Sem cinto sob chuva;Critico;Critico;0.39958927780389786;0.39958927780389786;R2_STABLE_RISK;37;75;39;1;59;22;0;0.05000000819563866;0.37624552845954895;0.13436289131641388;96;4
C06;C06;Critico progressivo: Fadiga noturna;Critico;Critico;0.4616200268268585;0.4616200268268585;R1_NORMAL;36;81;46;1;64;28;1;0.33518242835998535;0.1549306958913803;0.18189306557178497;96;4
C07;C07;Critico progressivo: Sem cinto sob chuva;Critico;Critico;0.5065119057893752;0.5065119057893752;R1_NORMAL;37;75;39;1;56;19;1;0.33599820733070374;0.3782742917537689;0.1328543871641159;96;4
C09;C09;Critico progressivo: Bebida ao volante;Critico;Critico;0.4617712050676346;0.4617712050676346;R1_NORMAL;38;73;36;1;55;17;1;0.27519097924232483;0.24923549592494965;0.13605916500091553;96;4
C09;C09;Critico progressivo: Bebida ao volante;Critico;Critico;0.3864881291985512;0.3864881291985512;R1_NORMAL;38;73;36;1;57;19;0;0.05000000819563866;0.2535456120967865;0.1530808061361313;96;4
C07;C07;Critico progressivo: Sem cinto sob chuva;Critico;Critico;0.4784766167402267;0.4784766167402267;R2_STABLE_RISK;37;75;39;1;59;22;1;0.30266329646110535;0.3762824237346649;0.1509162038564682;96;4
C05;C05;Critico progressivo: Celular em rodovia;Critico;Critico;0.3994784727692604;0.3994784727692604;R1_NORMAL;42;73;32;1;59;17;0;0.05000000819563866;0.3224225342273712;0.17248958349227905;96;4
C03;C03;Critico: Celular sem cinto sob chuva;Critico;Critico;0.3752959698438644;0.3752959698438644;R1_NORMAL;26;41;16;0;28;2;0;0.05000000819563866;0.19261257350444794;0.14569006860256195;96;4
C04;C04;Critico: Multiplas distracoes urbanas;Critico;Critico;0.5791350871324539;0.5791350871324539;R2_STABLE_RISK;22;45;24;0;24;2;1;0.270445853471756;0.2023475617170334;0.2199966460466385;96;4
C06;C06;Critico progressivo: Fadiga noturna;Critico;Critico;0.4855736762285232;0.4855736762285232;R2_STABLE_RISK;36;81;46;1;58;22;1;0.36560991406440735;0.1581072211265564;0.15120992064476013;96;4
C07;C07;Critico progressivo: Sem cinto sob chuva;Critico;Critico;0.40828772336244584;0.40828772336244584;R1_NORMAL;37;75;39;1;57;20;0;0.05000000819563866;0.3766549825668335;0.10697410255670547;96;4
N02;N02;Normal: Urbano moderado;Normal;Normal;0.050000007078051564;0.050000007078051564;R1_NORMAL;-1;-1;0;0;-1;-1;0;0.05000000819563866;0.02963942475616932;0.09615669399499893;96;4
C06;C06;Critico progressivo: Fadiga noturna;Critico;Critico;0.43062671422958376;0.43062671422958376;R1_NORMAL;36;81;46;1;61;25;0;0.05000000819563866;0.15247893333435059;0.12339640408754349;96;4
N02;N02;Normal: Urbano moderado;Normal;Normal;0.050000007078051564;0.050000007078051564;R1_NORMAL;-1;-1;0;0;-1;-1;0;0.05000000819563866;0.035145942121744156;0.1241714134812355;96;4
C09;C09;Critico progressivo: Bebida ao volante;Critico;Critico;0.40863252282142637;0.40863252282142637;R3_FALSE_KIN;38;73;36;1;55;17;0;0.05000000819563866;0.2503794729709625;0.10937517881393433;96;4
C03;C03;Critico: Celular sem cinto sob chuva;Critico;Critico;0.3752959698438644;0.3752959698438644;R2_STABLE_RISK;26;41;16;0;28;2;0;0.05000000819563866;0.1803264170885086;0.09317896515130997;96;4
N02;N02;Normal: Urbano moderado;Normal;Normal;0.050000007078051564;0.050000007078051564;R1_NORMAL;-1;-1;0;0;-1;-1;0;0.05000000819563866;0.032071735709905624;0.13083148002624512;96;4
C03;C03;Critico: Celular sem cinto sob chuva;Critico;Critico;0.3752959698438644;0.3752959698438644;R2_STABLE_RISK;26;41;16;0;28;2;0;0.05000000819563866;0.18687252700328827;0.1181960329413414;96;4
N02;N02;Normal: Urbano moderado;Normal;Normal;0.050000007078051564;0.050000007078051564;R1_NORMAL;-1;-1;0;0;-1;-1;0;0.05000000819563866;0.030174562707543373;0.1187228187918663;96;4
C04;C04;Critico: Multiplas distracoes urbanas;Critico;Critico;0.5762979477643966;0.5762979477643966;R1_NORMAL;22;45;24;0;24;2;1;0.2564997375011444;0.20587752759456635;0.18817855417728424;96;4
C07;C07;Critico progressivo: Sem cinto sob chuva;Critico;Critico;0.45424641072750094;0.45424641072750094;R3_FALSE_KIN;37;75;39;1;61;24;1;0.2855871617794037;0.37866106629371643;0.14038638770580292;96;4
C10;C10;Critico progressivo: Grooming em rodovia com fadiga;Critico;Critico;0.4032696977257728;0.4032696977257728;R2_STABLE_RISK;40;81;42;1;61;21;0;0.05000000819563866;0.2020632028579712;0.0782008171081543;96;4
C08;C08;Critico progressivo: Distracao urbana multietapas;Critico;Critico;0.47290814518928526;0.47290814518928526;R3_FALSE_KIN;28;77;50;1;57;29;1;0.3316301703453064;0.3041386604309082;0.12394984811544418;96;4
C09;C09;Critico progressivo: Bebida ao volante;Critico;Critico;0.403878553211689;0.403878553211689;R3_FALSE_KIN;38;73;36;1;59;21;0;0.05000000819563866;0.25065353512763977;0.13664817810058594;96;4
C02;C02;Critico: Fadiga com desvio cinematico;Critico;Critico;0.39378328174352645;0.39378328174352645;R3_FALSE_KIN;29;50;22;0;32;3;0;0.05000000819563866;0.09716027230024338;0.1393154114484787;96;4
C09;C09;Critico progressivo: Bebida ao volante;Critico;Critico;0.3861758664250373;0.3861758664250373;R1_NORMAL;38;73;36;1;56;18;0;0.05000000819563866;0.2533680498600006;0.11691602319478989;96;4
C02;C02;Critico: Fadiga com desvio cinematico;Critico;Critico;0.39378328174352645;0.39378328174352645;R3_FALSE_KIN;29;50;22;0;32;3;0;0.05000000819563866;0.09551600366830826;0.10809855908155441;96;4
C03;C03;Critico: Celular sem cinto sob chuva;Critico;Critico;0.3752959698438644;0.3752959698438644;R3_FALSE_KIN;26;41;16;0;28;2;0;0.05000000819563866;0.1873890608549118;0.1421678066253662;96;4
C08;C08;Critico progressivo: Distracao urbana multietapas;Critico;Critico;0.432751590013504;0.432751590013504;R1_NORMAL;28;77;50;1;55;27;0;0.05000000819563866;0.31937649846076965;0.16923175752162933;96;4
C03;C03;Critico: Celular sem cinto sob chuva;Critico;Critico;0.3752959698438644;0.3752959698438644;R3_FALSE_KIN;26;41;16;0;28;2;0;0.05000000819563866;0.18318496644496918;0.17504370212554932;96;4
C01;C01;Critico: Celular em alta velocidade;Critico;Critico;0.29102678298950196;0.29102678298950196;R3_FALSE_KIN;32;44;13;0;34;2;0;0.05000000819563866;0.15998034179210663;0.14546233415603638;96;4
C06;C06;Critico progressivo: Fadiga noturna;Critico;Critico;0.4056839570403099;0.4056839570403099;R2_STABLE_RISK;36;81;46;1;60;24;0;0.05000000819563866;0.16258904337882996;0.10137972980737686;96;4
C03;C03;Critico: Celular sem cinto sob chuva;Critico;Critico;0.3752959698438644;0.3752959698438644;R3_FALSE_KIN;26;41;16;0;28;2;0;0.05000000819563866;0.18201375007629395;0.09739980101585388;96;4
N01;N01;Normal: Viagem tranquila em rodovia;Normal;Normal;0.050000007078051564;0.050000007078051564;R3_FALSE_KIN;-1;-1;0;0;-1;-1;0;0.05000000819563866;0.03134085610508919;0.10339042544364929;96;4
C06;C06;Critico progressivo: Fadiga noturna;Critico;Critico;0.47093197107315066;0.47093197107315066;R2_STABLE_RISK;36;81;46;1;60;24;1;0.3156754672527313;0.15740780532360077;0.10366039723157883;96;4
C09;C09;Critico progressivo: Bebida ao volante;Critico;Critico;0.5025609105825424;0.5025609105825424;R2_STABLE_RISK;38;73;36;1;59;21;1;0.2971327006816864;0.25121375918388367;0.1376546323299408;96;4
N02;N02;Normal: Urbano moderado;Normal;Normal;0.050000007078051564;0.050000007078051564;R1_NORMAL;-1;-1;0;0;-1;-1;0;0.05000000819563866;0.027614736929535866;0.12056412547826767;96;4
C08;C08;Critico progressivo: Distracao urbana multietapas;Critico;Critico;0.4650386899709701;0.4650386899709701;R1_NORMAL;28;77;50;1;56;28;0;0.05000000819563866;0.32265087962150574;0.15111058950424194;96;4
C07;C07;Critico progressivo: Sem cinto sob chuva;Critico;Critico;0.39140342473983764;0.39140342473983764;R1_NORMAL;37;75;39;1;57;20;0;0.05000000819563866;0.3767848014831543;0.13495200872421265;96;4
C09;C09;Critico progressivo: Bebida ao volante;Critico;Critico;0.40358024984598156;0.40358024984598156;R1_NORMAL;38;73;36;1;56;18;0;0.05000000819563866;0.2447025030851364;0.13926614820957184;96;4
C06;C06;Critico progressivo: Fadiga noturna;Critico;Critico;0.47427543103694914;0.47427543103694914;R1_NORMAL;36;81;46;1;63;27;1;0.30661293864250183;0.1520332247018814;0.16001436114311218;96;4
C04;C04;Critico: Multiplas distracoes urbanas;Critico;Critico;0.3713889718055725;0.3713889718055725;R1_NORMAL;22;45;24;0;24;2;0;0.05000000819563866;0.20355969667434692;0.14783447980880737;96;4
C01;C01;Critico: Celular em alta velocidade;Critico;Critico;0.5250020503997802;0.5250020503997802;R1_NORMAL;32;44;13;0;34;2;1;0.213118314743042;0.1543271541595459;0.2109464406967163;96;4
N01;N01;Normal: Viagem tranquila em rodovia;Normal;Normal;0.050000007078051564;0.050000007078051564;R1_NORMAL;-1;-1;0;0;-1;-1;0;0.05000000819563866;0.028876667842268944;0.09596846252679825;96;4
N01;N01;Normal: Viagem tranquila em rodovia;Normal;Normal;0.050000007078051564;0.050000007078051564;R2_STABLE_RISK;-1;-1;0;0;-1;-1;0;0.05000000819563866;0.03481876850128174;0.11466791480779648;96;4
N02;N02;Normal: Urbano moderado;Normal;Normal;0.050000007078051564;0.050000007078051564;R1_NORMAL;-1;-1;0;0;-1;-1;0;0.05000000819563866;0.03111192397773266;0.12732142210006714;96;4
C06;C06;Critico progressivo: Fadiga noturna;Critico;Critico;0.44566939473152156;0.44566939473152156;R1_NORMAL;36;81;46;1;64;28;1;0.3144843280315399;0.1507742553949356;0.14588327705860138;96;4
N03;N03;Normal: Noite estável;Normal;Normal;0.050000007078051564;0.050000007078051564;R2_STABLE_RISK;-1;-1;0;0;-1;-1;0;0.05000000819563866;0.023504704236984253;0.10277298837900162;96;4
C04;C04;Critico: Multiplas distracoes urbanas;Critico;Critico;0.5778920501470566;0.5778920501470566;R2_STABLE_RISK;22;45;24;0;24;2;1;0.26433563232421875;0.20410536229610443;0.19582092761993408;96;4
N01;N01;Normal: Viagem tranquila em rodovia;Normal;Normal;0.050000007078051564;0.050000007078051564;R1_NORMAL;-1;-1;0;0;-1;-1;0;0.05000000819563866;0.027903208509087563;0.07782552391290665;96;4
C06;C06;Critico progressivo: Fadiga noturna;Critico;Critico;0.4055670380592346;0.4055670380592346;R1_NORMAL;36;81;46;1;62;26;0;0.05000000819563866;0.1540364772081375;0.14955130219459534;96;4
C05;C05;Critico progressivo: Celular em rodovia;Critico;Critico;0.401160292327404;0.401160292327404;R1_NORMAL;42;73;32;1;56;14;0;0.05000000819563866;0.31645041704177856;0.15167708694934845;96;4
C04;C04;Critico: Multiplas distracoes urbanas;Critico;Critico;0.3713889718055725;0.3713889718055725;R2_STABLE_RISK;22;45;24;0;24;2;0;0.05000000819563866;0.21082331240177155;0.12935908138751984;96;4
C03;C03;Critico: Celular sem cinto sob chuva;Critico;Critico;0.6197335600852967;0.6197335600852967;R1_NORMAL;26;41;16;0;28;2;1;0.24362212419509888;0.18747578561306;0.2151593714952469;96;4
C03;C03;Critico: Celular sem cinto sob chuva;Critico;Critico;0.6132689982652664;0.6132689982652664;R3_FALSE_KIN;26;41;16;0;28;2;1;0.27785804867744446;0.1869325190782547;0.14069366455078125;96;4
C05;C05;Critico progressivo: Celular em rodovia;Critico;Critico;0.452334251999855;0.452334251999855;R2_STABLE_RISK;42;73;32;1;59;17;1;0.2607850134372711;0.31781813502311707;0.144808828830719;96;4
N03;N03;Normal: Noite estável;Normal;Normal;0.050000007078051564;0.050000007078051564;R2_STABLE_RISK;-1;-1;0;0;-1;-1;0;0.05000000819563866;0.02967047691345215;0.10208327323198318;96;4
N01;N01;Normal: Viagem tranquila em rodovia;Normal;Normal;0.050000007078051564;0.050000007078051564;R3_FALSE_KIN;-1;-1;0;0;-1;-1;0;0.05000000819563866;0.030795082449913025;0.09682553261518478;96;4
C10;C10;Critico progressivo: Grooming em rodovia com fadiga;Critico;Critico;0.4084612727165222;0.4084612727165222;R2_STABLE_RISK;40;81;42;1;60;20;0;0.05000000819563866;0.201312854886055;0.10040577501058578;96;4
C01;C01;Critico: Celular em alta velocidade;Critico;Critico;0.519126296043396;0.519126296043396;R2_STABLE_RISK;32;44;13;0;34;2;1;0.22870385646820068;0.16270963847637177;0.17839550971984863;96;4
C07;C07;Critico progressivo: Sem cinto sob chuva;Critico;Critico;0.5081711113452911;0.5081711113452911;R2_STABLE_RISK;37;75;39;1;54;17;1;0.3153303265571594;0.38343068957328796;0.16682016849517822;96;4
N02;N02;Normal: Urbano moderado;Normal;Normal;0.050000007078051564;0.050000007078051564;R1_NORMAL;-1;-1;0;0;-1;-1;0;0.05000000819563866;0.02942887507379055;0.15980136394500732;96;4
C02;C02;Critico: Fadiga com desvio cinematico;Critico;Critico;0.39378328174352645;0.39378328174352645;R2_STABLE_RISK;29;50;22;0;32;3;0;0.05000000819563866;0.10183016210794449;0.1272745281457901;96;4
C05;C05;Critico progressivo: Celular em rodovia;Critico;Critico;0.4014254674315452;0.4014254674315452;R2_STABLE_RISK;42;73;32;1;57;15;0;0.05000000819563866;0.32781296968460083;0.11377818137407303;96;4
N03;N03;Normal: Noite estável;Normal;Normal;0.050000007078051564;0.050000007078051564;R1_NORMAL;-1;-1;0;0;-1;-1;0;0.05000000819563866;0.0342484675347805;0.16189156472682953;96;4
N01;N01;Normal: Viagem tranquila em rodovia;Normal;Normal;0.050000007078051564;0.050000007078051564;R1_NORMAL;-1;-1;0;0;-1;-1;0;0.05000000819563866;0.033818211406469345;0.09888983517885208;96;4
C01;C01;Critico: Celular em alta velocidade;Critico;Critico;0.29102678298950196;0.29102678298950196;R1_NORMAL;32;44;13;0;34;2;0;0.05000000819563866;0.15942087769508362;0.10902795940637589;96;4
C08;C08;Critico progressivo: Distracao urbana multietapas;Critico;Critico;0.4501485839486122;0.4501485839486122;R1_NORMAL;28;77;50;1;55;27;0;0.05000000819563866;0.31209811568260193;0.14643186330795288;96;4
C03;C03;Critico: Celular sem cinto sob chuva;Critico;Critico;0.3752959698438644;0.3752959698438644;R3_FALSE_KIN;26;41;16;0;28;2;0;0.05000000819563866;0.19003921747207642;0.13212604820728302;96;4
C08;C08;Critico progressivo: Distracao urbana multietapas;Critico;Critico;0.4879536718130112;0.4879536718130112;R2_STABLE_RISK;28;77;50;1;55;27;1;0.30629512667655945;0.31568649411201477;0.13379605114459991;96;4
C07;C07;Critico progressivo: Sem cinto sob chuva;Critico;Critico;0.39426608681678765;0.39426608681678765;R2_STABLE_RISK;37;75;39;1;58;21;0;0.05000000819563866;0.37853527069091797;0.15013444423675537;96;4
N01;N01;Normal: Viagem tranquila em rodovia;Normal;Normal;0.050000007078051564;0.050000007078051564;R3_FALSE_KIN;-1;-1;0;0;-1;-1;0;0.05000000819563866;0.032312653958797455;0.11562489718198776;96;4
C08;C08;Critico progressivo: Distracao urbana multietapas;Critico;Critico;0.4984275549650192;0.4984275549650192;R1_NORMAL;28;77;50;1;54;26;1;0.3317652642726898;0.31542813777923584;0.14468823373317719;96;4
C03;C03;Critico: Celular sem cinto sob chuva;Critico;Critico;0.3752959698438644;0.3752959698438644;R2_STABLE_RISK;26;41;16;0;28;2;0;0.05000000819563866;0.18457834422588348;0.13476690649986267;96;4
C03;C03;Critico: Celular sem cinto sob chuva;Critico;Critico;0.3752959698438644;0.3752959698438644;R2_STABLE_RISK;26;41;16;0;28;2;0;0.05000000819563866;0.1907753199338913;0.1759045571088791;96;4
C02;C02;Critico: Fadiga com desvio cinematico;Critico;Critico;0.39378328174352645;0.39378328174352645;R2_STABLE_RISK;29;50;22;0;32;3;0;0.05000000819563866;0.10851303488016129;0.10567232221364975;96;4
N01;N01;Normal: Viagem tranquila em rodovia;Normal;Normal;0.050000007078051564;0.050000007078051564;R3_FALSE_KIN;-1;-1;0;0;-1;-1;0;0.05000000819563866;0.02876339852809906;0.08773794025182724;96;4
C03;C03;Critico: Celular sem cinto sob chuva;Critico;Critico;0.3752959698438644;0.3752959698438644;R1_NORMAL;26;41;16;0;28;2;0;0.05000000819563866;0.1881352812051773;0.12979696691036224;96;4
C08;C08;Critico progressivo: Distracao urbana multietapas;Critico;Critico;0.41954077035188675;0.41954077035188675;R3_FALSE_KIN;28;77;50;1;56;28;0;0.05000000819563866;0.311336487531662;0.11915654689073563;96;4
C06;C06;Critico progressivo: Fadiga noturna;Critico;Critico;0.4738293796777725;0.4738293796777725;R1_NORMAL;36;81;46;1;59;23;1;0.3277435898780823;0.16657932102680206;0.1417415291070938;96;4
N03;N03;Normal: Noite estável;Normal;Normal;0.050000007078051564;0.050000007078051564;R1_NORMAL;-1;-1;0;0;-1;-1;0;0.05000000819563866;0.03064304031431675;0.08779126405715942;96;4
C02;C02;Critico: Fadiga com desvio cinematico;Critico;Critico;0.39378328174352645;0.39378328174352645;R1_NORMAL;29;50;22;0;32;3;0;0.05000000819563866;0.0989152193069458;0.10851305723190308;96;4
C03;C03;Critico: Celular sem cinto sob chuva;Critico;Critico;0.6139293551445006;0.6139293551445006;R2_STABLE_RISK;26;41;16;0;28;2;1;0.2298741340637207;0.19124889373779297;0.20462410151958466;96;4
C10;C10;Critico progressivo: Grooming em rodovia com fadiga;Critico;Critico;0.39768058508634563;0.39768058508634563;R1_NORMAL;40;81;42;1;64;24;0;0.05000000819563866;0.2164187878370285;0.12979736924171448;96;4
C01;C01;Critico: Celular em alta velocidade;Critico;Critico;0.29102678298950196;0.29102678298950196;R1_NORMAL;32;44;13;0;34;2;0;0.05000000819563866;0.15484893321990967;0.12090373039245605;96;4
C01;C01;Critico: Celular em alta velocidade;Critico;Critico;0.29102678298950196;0.29102678298950196;R2_STABLE_RISK;32;44;13;0;34;2;0;0.05000000819563866;0.1589614748954773;0.11106342822313309;96;4
N01;N01;Normal: Viagem tranquila em rodovia;Normal;Normal;0.050000007078051564;0.050000007078051564;R2_STABLE_RISK;-1;-1;0;0;-1;-1;0;0.05000000819563866;0.02770715393126011;0.12944526970386505;96;4
C06;C06;Critico progressivo: Fadiga noturna;Critico;Critico;0.4619338870048523;0.4619338870048523;R1_NORMAL;36;81;46;1;57;21;1;0.30313196778297424;0.1597031205892563;0.13514114916324615;96;4
C10;C10;Critico progressivo: Grooming em rodovia com fadiga;Critico;Critico;0.42157108634710305;0.42157108634710305;R2_STABLE_RISK;40;81;42;1;64;24;0;0.05000000819563866;0.20078422129154205;0.10032490640878677;96;4
C10;C10;Critico progressivo: Grooming em rodovia com fadiga;Critico;Critico;0.4010791480541229;0.4010791480541229;R1_NORMAL;40;81;42;1;60;20;0;0.05000000819563866;0.199398472905159;0.1273329257965088;96;4
N01;N01;Normal: Viagem tranquila em rodovia;Normal;Normal;0.050000007078051564;0.050000007078051564;R2_STABLE_RISK;-1;-1;0;0;-1;-1;0;0.05000000819563866;0.031339991837739944;0.09366849064826965;96;4
C05;C05;Critico progressivo: Celular em rodovia;Critico;Critico;0.4597125083208084;0.4597125083208084;R1_NORMAL;42;73;32;1;57;15;1;0.26599910855293274;0.32177266478538513;0.18516118824481964;96;4
N01;N01;Normal: Viagem tranquila em rodovia;Normal;Normal;0.050000007078051564;0.050000007078051564;R1_NORMAL;-1;-1;0;0;-1;-1;0;0.05000000819563866;0.03223432973027229;0.10167445987462997;96;4
C09;C09;Critico progressivo: Bebida ao volante;Critico;Critico;0.4808617889881134;0.4808617889881134;R1_NORMAL;38;73;36;1;56;18;1;0.26009202003479004;0.2506805956363678;0.1419060230255127;96;4
C10;C10;Critico progressivo: Grooming em rodovia com fadiga;Critico;Critico;0.4014350369572639;0.4014350369572639;R3_FALSE_KIN;40;81;42;1;61;21;0;0.05000000819563866;0.19913136959075928;0.16352976858615875;96;4
C09;C09;Critico progressivo: Bebida ao volante;Critico;Critico;0.3790326952934265;0.3790326952934265;R1_NORMAL;38;73;36;1;59;21;0;0.05000000819563866;0.2523502707481384;0.12830142676830292;96;4
C10;C10;Critico progressivo: Grooming em rodovia com fadiga;Critico;Critico;0.4184893354773521;0.4184893354773521;R2_STABLE_RISK;40;81;42;1;61;21;0;0.05000000819563866;0.2107233852148056;0.10513899475336075;96;4
C03;C03;Critico: Celular sem cinto sob chuva;Critico;Critico;0.3752959698438644;0.3752959698438644;R2_STABLE_RISK;26;41;16;0;28;2;0;0.05000000819563866;0.1883499175310135;0.15108923614025116;96;4
C06;C06;Critico progressivo: Fadiga noturna;Critico;Critico;0.4199746772646904;0.4199746772646904;R2_STABLE_RISK;36;81;46;1;61;25;0;0.05000000819563866;0.16084404289722443;0.08320476114749908;96;4
N02;N02;Normal: Urbano moderado;Normal;Normal;0.050000007078051564;0.050000007078051564;R2_STABLE_RISK;-1;-1;0;0;-1;-1;0;0.05000000819563866;0.035363372415304184;0.09294184297323227;96;4
C08;C08;Critico progressivo: Distracao urbana multietapas;Critico;Critico;0.44621292054653167;0.44621292054653167;R2_STABLE_RISK;28;77;50;1;54;26;0;0.05000000819563866;0.31579485535621643;0.14867044985294342;96;4
C02;C02;Critico: Fadiga com desvio cinematico;Critico;Critico;0.39378328174352645;0.39378328174352645;R3_FALSE_KIN;29;50;22;0;32;3;0;0.05000000819563866;0.09646287560462952;0.13661985099315643;96;4
C01;C01;Critico: Celular em alta velocidade;Critico;Critico;0.29102678298950196;0.29102678298950196;R3_FALSE_KIN;32;44;13;0;34;2;0;0.05000000819563866;0.15122564136981964;0.11174461990594864;96;4
C10;C10;Critico progressivo: Grooming em rodovia com fadiga;Critico;Critico;0.44439177662134166;0.44439177662134166;R2_STABLE_RISK;40;81;42;1;61;21;0;0.05000000819563866;0.2049320787191391;0.1204669252038002;96;4
N02;N02;Normal: Urbano moderado;Normal;Normal;0.050000007078051564;0.050000007078051564;R2_STABLE_RISK;-1;-1;0;0;-1;-1;0;0.05000000819563866;0.026470722630620003;0.07604037970304489;96;4
C05;C05;Critico progressivo: Celular em rodovia;Critico;Critico;0.4000037476420403;0.4000037476420403;R2_STABLE_RISK;42;73;32;1;58;16;0;0.05000000819563866;0.3209037780761719;0.1777820587158203;96;4
N02;N02;Normal: Urbano moderado;Normal;Normal;0.050000007078051564;0.050000007078051564;R3_FALSE_KIN;-1;-1;0;0;-1;-1;0;0.05000000819563866;0.03618025407195091;0.08224567770957947;96;4
C01;C01;Critico: Celular em alta velocidade;Critico;Critico;0.29102678298950196;0.29102678298950196;R3_FALSE_KIN;32;44;13;0;34;2;0;0.05000000819563866;0.15527759492397308;0.13827559351921082;96;4
C04;C04;Critico: Multiplas distracoes urbanas;Critico;Critico;0.3713889718055725;0.3713889718055725;R3_FALSE_KIN;22;45;24;0;24;2;0;0.05000000819563866;0.20088820159435272;0.07642991095781326;96;4
N02;N02;Normal: Urbano moderado;Normal;Normal;0.050000007078051564;0.050000007078051564;R1_NORMAL;-1;-1;0;0;-1;-1;0;0.05000000819563866;0.02744254283607006;0.10716410726308823;96;4
C01;C01;Critico: Celular em alta velocidade;Critico;Critico;0.29102678298950196;0.29102678298950196;R2_STABLE_RISK;32;44;13;0;34;2;0;0.05000000819563866;0.14943701028823853;0.1319122463464737;96;4
C08;C08;Critico progressivo: Distracao urbana multietapas;Critico;Critico;0.43141362965106966;0.43141362965106966;R1_NORMAL;28;77;50;1;50;22;0;0.05000000819563866;0.31728532910346985;0.13307251036167145;96;4
C01;C01;Critico: Celular em alta velocidade;Critico;Critico;0.29102678298950196;0.29102678298950196;R3_FALSE_KIN;32;44;13;0;34;2;0;0.05000000819563866;0.15376481413841248;0.14098255336284637;96;4
C10;C10;Critico progressivo: Grooming em rodovia com fadiga;Critico;Critico;0.40647922605276104;0.40647922605276104;R3_FALSE_KIN;40;81;42;1;63;23;0;0.05000000819563866;0.1987653225660324;0.15875381231307983;96;4
N01;N01;Normal: Viagem tranquila em rodovia;Normal;Normal;0.050000007078051564;0.050000007078051564;R3_FALSE_KIN;-1;-1;0;0;-1;-1;0;0.05000000819563866;0.03510284423828125;0.09489578753709793;96;4
C06;C06;Critico progressivo: Fadiga noturna;Critico;Critico;0.42007077932357784;0.42007077932357784;R1_NORMAL;36;81;46;1;56;20;0;0.05000000819563866;0.16328883171081543;0.1058221235871315;96;4
C04;C04;Critico: Multiplas distracoes urbanas;Critico;Critico;0.3713889718055725;0.3713889718055725;R2_STABLE_RISK;22;45;24;0;24;2;0;0.05000000819563866;0.19850437343120575;0.12777099013328552;96;4
C03;C03;Critico: Celular sem cinto sob chuva;Critico;Critico;0.3752959698438644;0.3752959698438644;R2_STABLE_RISK;26;41;16;0;28;2;0;0.05000000819563866;0.19459058344364166;0.11271222680807114;96;4
N03;N03;Normal: Noite estável;Normal;Normal;0.050000007078051564;0.050000007078051564;R2_STABLE_RISK;-1;-1;0;0;-1;-1;0;0.05000000819563866;0.03593376651406288;0.10389145463705063;96;4
C02;C02;Critico: Fadiga com desvio cinematico;Critico;Critico;0.5955387830734252;0.5955387830734252;R1_NORMAL;29;50;22;0;32;3;1;0.24150551855564117;0.09863090515136719;0.12287333607673645;96;4
C10;C10;Critico progressivo: Grooming em rodovia com fadiga;Critico;Critico;0.3952045440673828;0.3952045440673828;R1_NORMAL;40;81;42;1;62;22;0;0.05000000819563866;0.19625218212604523;0.07269377261400223;96;4
C08;C08;Critico progressivo: Distracao urbana multietapas;Critico;Critico;0.4139221057295799;0.4139221057295799;R1_NORMAL;28;77;50;1;53;25;0;0.05000000819563866;0.3163357079029083;0.17045341432094574;96;4
C08;C08;Critico progressivo: Distracao urbana multietapas;Critico;Critico;0.4304360494017601;0.4304360494017601;R1_NORMAL;28;77;50;1;54;26;0;0.05000000819563866;0.31394729018211365;0.1488773226737976;96;4
C03;C03;Critico: Celular sem cinto sob chuva;Critico;Critico;0.3752959698438644;0.3752959698438644;R2_STABLE_RISK;26;41;16;0;28;2;0;0.05000000819563866;0.18382881581783295;0.11894560605287552;96;4
C06;C06;Critico progressivo: Fadiga noturna;Critico;Critico;0.4067502334713936;0.4067502334713936;R1_NORMAL;36;81;46;1;63;27;0;0.05000000819563866;0.15288595855236053;0.09518176317214966;96;4
C01;C01;Critico: Celular em alta velocidade;Critico;Critico;0.29102678298950196;0.29102678298950196;R3_FALSE_KIN;32;44;13;0;34;2;0;0.05000000819563866;0.15562789142131805;0.11837955564260483;96;4
C07;C07;Critico progressivo: Sem cinto sob chuva;Critico;Critico;0.4163023829460144;0.4163023829460144;R1_NORMAL;37;75;39;1;59;22;0;0.05000000819563866;0.3802323043346405;0.15431590378284454;96;4
N02;N02;Normal: Urbano moderado;Normal;Normal;0.050000007078051564;0.050000007078051564;R2_STABLE_RISK;-1;-1;0;0;-1;-1;0;0.05000000819563866;0.03337772563099861;0.08723444491624832;96;4
C03;C03;Critico: Celular sem cinto sob chuva;Critico;Critico;0.3752959698438644;0.3752959698438644;R1_NORMAL;26;41;16;0;28;2;0;0.05000000819563866;0.18677544593811035;0.12352094054222107;96;4
N01;N01;Normal: Viagem tranquila em rodovia;Normal;Normal;0.050000007078051564;0.050000007078051564;R1_NORMAL;-1;-1;0;0;-1;-1;0;0.05000000819563866;0.033436957746744156;0.12037841230630875;96;4
N01;N01;Normal: Viagem tranquila em rodovia;Normal;Normal;0.050000007078051564;0.050000007078051564;R2_STABLE_RISK;-1;-1;0;0;-1;-1;0;0.05000000819563866;0.03542337939143181;0.13346494734287262;96;4
C04;C04;Critico: Multiplas distracoes urbanas;Critico;Critico;0.3713889718055725;0.3713889718055725;R2_STABLE_RISK;22;45;24;0;24;2;0;0.05000000819563866;0.2031247615814209;0.1053246259689331;96;4
N03;N03;Normal: Noite estável;Normal;Normal;0.050000007078051564;0.050000007078051564;R1_NORMAL;-1;-1;0;0;-1;-1;0;0.05000000819563866;0.022669503465294838;0.08616640418767929;96;4
C04;C04;Critico: Multiplas distracoes urbanas;Critico;Critico;0.5606695860624313;0.5606695860624313;R2_STABLE_RISK;22;45;24;0;24;2;1;0.2245044708251953;0.19987745583057404;0.21459878981113434;96;4
C05;C05;Critico progressivo: Celular em rodovia;Critico;Critico;0.3805900231003761;0.3805900231003761;R2_STABLE_RISK;42;73;32;1;61;19;0;0.05000000819563866;0.3174109160900116;0.10415162891149521;96;4
C01;C01;Critico: Celular em alta velocidade;Critico;Critico;0.29102678298950196;0.29102678298950196;R1_NORMAL;32;44;13;0;34;2;0;0.05000000819563866;0.15347616374492645;0.13296903669834137;96;4
C08;C08;Critico progressivo: Distracao urbana multietapas;Critico;Critico;0.5055679410696029;0.5055679410696029;R1_NORMAL;28;77;50;1;57;29;1;0.3274196982383728;0.3133445084095001;0.14662478864192963;96;4
N01;N01;Normal: Viagem tranquila em rodovia;Normal;Normal;0.050000007078051564;0.050000007078051564;R3_FALSE_KIN;-1;-1;0;0;-1;-1;0;0.05000000819563866;0.03493581339716911;0.14335142076015472;96;4
C07;C07;Critico progressivo: Sem cinto sob chuva;Critico;Critico;0.4621481150388717;0.4621481150388717;R3_FALSE_KIN;37;75;39;1;61;24;1;0.30507341027259827;0.37336602807044983;0.14220334589481354;96;4
C03;C03;Critico: Celular sem cinto sob chuva;Critico;Critico;0.3752959698438644;0.3752959698438644;R2_STABLE_RISK;26;41;16;0;28;2;0;0.05000000819563866;0.1851554661989212;0.11773472279310226;96;4
N03;N03;Normal: Noite estável;Normal;Normal;0.050000007078051564;0.050000007078051564;R1_NORMAL;-1;-1;0;0;-1;-1;0;0.05000000819563866;0.03111385740339756;0.09894520044326782;96;4
C07;C07;Critico progressivo: Sem cinto sob chuva;Critico;Critico;0.49675941765308373;0.49675941765308373;R1_NORMAL;37;75;39;1;56;19;1;0.30765581130981445;0.3732299506664276;0.16295646131038666;96;4
N02;N02;Normal: Urbano moderado;Normal;Normal;0.050000007078051564;0.050000007078051564;R3_FALSE_KIN;-1;-1;0;0;-1;-1;0;0.05000000819563866;0.03448742255568504;0.09274721145629883;96;4
N03;N03;Normal: Noite estável;Normal;Normal;0.050000007078051564;0.050000007078051564;R1_NORMAL;-1;-1;0;0;-1;-1;0;0.05000000819563866;0.028112167492508888;0.10841210931539536;96;4
C04;C04;Critico: Multiplas distracoes urbanas;Critico;Critico;0.3713889718055725;0.3713889718055725;R1_NORMAL;22;45;24;0;24;2;0;0.05000000819563866;0.19917573034763336;0.08245254307985306;96;4
C04;C04;Critico: Multiplas distracoes urbanas;Critico;Critico;0.3713889718055725;0.3713889718055725;R1_NORMAL;22;45;24;0;24;2;0;0.05000000819563866;0.19563430547714233;0.1329152137041092;96;4
C10;C10;Critico progressivo: Grooming em rodovia com fadiga;Critico;Critico;0.46840678751468656;0.46840678751468656;R1_NORMAL;40;81;42;1;62;22;1;0.32077404856681824;0.19830186665058136;0.15713058412075043;96;4
C10;C10;Critico progressivo: Grooming em rodovia com fadiga;Critico;Critico;0.3979271963238716;0.3979271963238716;R1_NORMAL;40;81;42;1;62;22;0;0.05000000819563866;0.19656158983707428;0.10960819572210312;96;4
C03;C03;Critico: Celular sem cinto sob chuva;Critico;Critico;0.3752959698438644;0.3752959698438644;R2_STABLE_RISK;26;41;16;0;28;2;0;0.05000000819563866;0.1862505078315735;0.14122183620929718;96;4
C05;C05;Critico progressivo: Celular em rodovia;Critico;Critico;0.4601326882839203;0.4601326882839203;R3_FALSE_KIN;42;73;32;1;61;19;1;0.30107107758522034;0.31737014651298523;0.15794150531291962;96;4
C04;C04;Critico: Multiplas distracoes urbanas;Critico;Critico;0.3713889718055725;0.3713889718055725;R1_NORMAL;22;45;24;0;24;2;0;0.05000000819563866;0.19568490982055664;0.12932689487934113;96;4
C05;C05;Critico progressivo: Celular em rodovia;Critico;Critico;0.35528362840414046;0.35528362840414046;R1_NORMAL;42;73;32;1;62;20;0;0.05000000819563866;0.31817129254341125;0.12397558242082596;96;4
N02;N02;Normal: Urbano moderado;Normal;Normal;0.050000007078051564;0.050000007078051564;R2_STABLE_RISK;-1;-1;0;0;-1;-1;0;0.05000000819563866;0.03004332445561886;0.10017678141593933;96;4
C04;C04;Critico: Multiplas distracoes urbanas;Critico;Critico;0.3713889718055725;0.3713889718055725;R2_STABLE_RISK;22;45;24;0;24;2;0;0.05000000819563866;0.20077621936798096;0.1282496452331543;96;4
C06;C06;Critico progressivo: Fadiga noturna;Critico;Critico;0.4026793122291564;0.4026793122291564;R2_STABLE_RISK;36;81;46;1;64;28;0;0.05000000819563866;0.15522214770317078;0.08172746747732162;96;4
C06;C06;Critico progressivo: Fadiga noturna;Critico;Critico;0.44718286693096154;0.44718286693096154;R3_FALSE_KIN;36;81;46;1;63;27;1;0.35150790214538574;0.15494169294834137;0.10058096051216125;96;4
C09;C09;Critico progressivo: Bebida ao volante;Critico;Critico;0.3783596158027649;0.3783596158027649;R2_STABLE_RISK;38;73;36;1;57;19;0;0.05000000819563866;0.25233545899391174;0.10147615522146225;96;4
N02;N02;Normal: Urbano moderado;Normal;Normal;0.050000007078051564;0.050000007078051564;R2_STABLE_RISK;-1;-1;0;0;-1;-1;0;0.05000000819563866;0.027445748448371887;0.09387113898992538;96;4
C08;C08;Critico progressivo: Distracao urbana multietapas;Critico;Critico;0.45613081753253937;0.45613081753253937;R3_FALSE_KIN;28;77;50;1;53;25;0;0.05000000819563866;0.3197213411331177;0.14851850271224976;96;4
C04;C04;Critico: Multiplas distracoes urbanas;Critico;Critico;0.3713889718055725;0.3713889718055725;R1_NORMAL;22;45;24;0;24;2;0;0.05000000819563866;0.19719326496124268;0.15519239008426666;96;4
N01;N01;Normal: Viagem tranquila em rodovia;Normal;Normal;0.050000007078051564;0.050000007078051564;R1_NORMAL;-1;-1;0;0;-1;-1;0;0.05000000819563866;0.035569220781326294;0.09801805019378662;96;4
C05;C05;Critico progressivo: Celular em rodovia;Critico;Critico;0.48579364120960233;0.48579364120960233;R2_STABLE_RISK;42;73;32;1;57;15;1;0.30654314160346985;0.32795488834381104;0.12343993782997131;96;4
C01;C01;Critico: Celular em alta velocidade;Critico;Critico;0.5272801607847213;0.5272801607847213;R2_STABLE_RISK;32;44;13;0;34;2;1;0.24063055217266083;0.15902964770793915;0.17215128242969513;96;4
C04;C04;Critico: Multiplas distracoes urbanas;Critico;Critico;0.3713889718055725;0.3713889718055725;R3_FALSE_KIN;22;45;24;0;24;2;0;0.05000000819563866;0.19934622943401337;0.13787908852100372;96;4
C04;C04;Critico: Multiplas distracoes urbanas;Critico;Critico;0.3713889718055725;0.3713889718055725;R2_STABLE_RISK;22;45;24;0;24;2;0;0.05000000819563866;0.2048995941877365;0.11644155532121658;96;4
N01;N01;Normal: Viagem tranquila em rodovia;Normal;Normal;0.050000007078051564;0.050000007078051564;R2_STABLE_RISK;-1;-1;0;0;-1;-1;0;0.05000000819563866;0.032065972685813904;0.09020829200744629;96;4
N03;N03;Normal: Noite estável;Normal;Normal;0.050000007078051564;0.050000007078051564;R3_FALSE_KIN;-1;-1;0;0;-1;-1;0;0.05000000819563866;0.0386214517056942;0.11447606235742569;96;4
N02;N02;Normal: Urbano moderado;Normal;Normal;0.050000007078051564;0.050000007078051564;R3_FALSE_KIN;-1;-1;0;0;-1;-1;0;0.05000000819563866;0.034555524587631226;0.08495698124170303;96;4
C10;C10;Critico progressivo: Grooming em rodovia com fadiga;Critico;Critico;0.4213044345378875;0.4213044345378875;R1_NORMAL;40;81;42;1;59;19;0;0.05000000819563866;0.20213699340820312;0.12196674942970276;96;4
C08;C08;Critico progressivo: Distracao urbana multietapas;Critico;Critico;0.42662075012922285;0.42662075012922285;R1_NORMAL;28;77;50;1;53;25;0;0.05000000819563866;0.3107314705848694;0.15193109214305878;96;4
C10;C10;Critico progressivo: Grooming em rodovia com fadiga;Critico;Critico;0.4143764421343803;0.4143764421343803;R1_NORMAL;40;81;42;1;62;22;0;0.05000000819563866;0.2042948454618454;0.10771546512842178;96;4
N02;N02;Normal: Urbano moderado;Normal;Normal;0.050000007078051564;0.050000007078051564;R2_STABLE_RISK;-1;-1;0;0;-1;-1;0;0.05000000819563866;0.02073807083070278;0.08460148423910141;96;4
C01;C01;Critico: Celular em alta velocidade;Critico;Critico;0.29102678298950196;0.29102678298950196;R2_STABLE_RISK;32;44;13;0;34;2;0;0.05000000819563866;0.1431720107793808;0.11804759502410889;96;4
C06;C06;Critico progressivo: Fadiga noturna;Critico;Critico;0.43070956617593764;0.43070956617593764;R3_FALSE_KIN;36;81;46;1;63;27;0;0.05000000819563866;0.1520337611436844;0.12333402782678604;96;4
C04;C04;Critico: Multiplas distracoes urbanas;Critico;Critico;0.5617862731218337;0.5617862731218337;R1_NORMAL;22;45;24;0;24;2;1;0.20771126449108124;0.2004314512014389;0.1760307103395462;96;4
C04;C04;Critico: Multiplas distracoes urbanas;Critico;Critico;0.3713889718055725;0.3713889718055725;R2_STABLE_RISK;22;45;24;0;24;2;0;0.05000000819563866;0.20114929974079132;0.12634409964084625;96;4
C07;C07;Critico progressivo: Sem cinto sob chuva;Critico;Critico;0.4313713654875755;0.4313713654875755;R1_NORMAL;37;75;39;1;56;19;0;0.05000000819563866;0.3800654113292694;0.13834500312805176;96;4
C09;C09;Critico progressivo: Bebida ao volante;Critico;Critico;0.48978793323040004;0.48978793323040004;R3_FALSE_KIN;38;73;36;1;60;22;1;0.3207371234893799;0.2529813349246979;0.12694565951824188;96;4
C10;C10;Critico progressivo: Grooming em rodovia com fadiga;Critico;Critico;0.4681723237037658;0.4681723237037658;R2_STABLE_RISK;40;81;42;1;63;23;1;0.3428298532962799;0.20524530112743378;0.09116724878549576;96;4
C01;C01;Critico: Celular em alta velocidade;Critico;Critico;0.29102678298950196;0.29102678298950196;R1_NORMAL;32;44;13;0;34;2;0;0.05000000819563866;0.15849772095680237;0.0887937918305397;96;4
N03;N03;Normal: Noite estável;Normal;Normal;0.050000007078051564;0.050000007078051564;R1_NORMAL;-1;-1;0;0;-1;-1;0;0.05000000819563866;0.03868219628930092;0.12273746728897095;96;4
N03;N03;Normal: Noite estável;Normal;Normal;0.050000007078051564;0.050000007078051564;R2_STABLE_RISK;-1;-1;0;0;-1;-1;0;0.05000000819563866;0.030540600419044495;0.10146356374025345;96;4
C08;C08;Critico progressivo: Distracao urbana multietapas;Critico;Critico;0.46468624472618103;0.46468624472618103;R1_NORMAL;28;77;50;1;53;25;0;0.05000000819563866;0.3117826282978058;0.12654340267181396;96;4
C04;C04;Critico: Multiplas distracoes urbanas;Critico;Critico;0.57822944521904;0.57822944521904;R1_NORMAL;22;45;24;0;24;2;1;0.27209094166755676;0.2030094414949417;0.16778887808322906;96;4
C04;C04;Critico: Multiplas distracoes urbanas;Critico;Critico;0.3713889718055725;0.3713889718055725;R2_STABLE_RISK;22;45;24;0;24;2;0;0.05000000819563866;0.1966170072555542;0.21751956641674042;96;4
C08;C08;Critico progressivo: Distracao urbana multietapas;Critico;Critico;0.4877557188272476;0.4877557188272476;R2_STABLE_RISK;28;77;50;1;55;27;1;0.2546500563621521;0.3125030994415283;0.14698998630046844;96;4
C09;C09;Critico progressivo: Bebida ao volante;Critico;Critico;0.5051306158304214;0.5051306158304214;R2_STABLE_RISK;38;73;36;1;54;16;1;0.2466534525156021;0.25815293192863464;0.1711576133966446;96;4
C06;C06;Critico progressivo: Fadiga noturna;Critico;Critico;0.4411894500255584;0.4411894500255584;R3_FALSE_KIN;36;81;46;1;56;20;0;0.05000000819563866;0.1679900735616684;0.11421879380941391;96;4
C06;C06;Critico progressivo: Fadiga noturna;Critico;Critico;0.47147402465343474;0.47147402465343474;R3_FALSE_KIN;36;81;46;1;57;21;1;0.3074549436569214;0.15993599593639374;0.1895694136619568;96;4
C03;C03;Critico: Celular sem cinto sob chuva;Critico;Critico;0.6081788748502731;0.6081788748502731;R2_STABLE_RISK;26;41;16;0;28;2;1;0.2535345256328583;0.18817119300365448;0.15059132874011993;96;4
C05;C05;Critico progressivo: Celular em rodovia;Critico;Critico;0.35816476196050645;0.35816476196050645;R1_NORMAL;42;73;32;1;60;18;0;0.05000000819563866;0.31344926357269287;0.08912236243486404;96;4
C03;C03;Critico: Celular sem cinto sob chuva;Critico;Critico;0.3752959698438644;0.3752959698438644;R1_NORMAL;26;41;16;0;28;2;0;0.05000000819563866;0.18613861501216888;0.15139347314834595;96;4
C06;C06;Critico progressivo: Fadiga noturna;Critico;Critico;0.41810331195592876;0.41810331195592876;R1_NORMAL;36;81;46;1;60;24;0;0.05000000819563866;0.16495656967163086;0.11650368571281433;96;4
N02;N02;Normal: Urbano moderado;Normal;Normal;0.050000007078051564;0.050000007078051564;R2_STABLE_RISK;-1;-1;0;0;-1;-1;0;0.05000000819563866;0.02585945464670658;0.10964781045913696;96;4
C02;C02;Critico: Fadiga com desvio cinematico;Critico;Critico;0.39378328174352645;0.39378328174352645;R2_STABLE_RISK;29;50;22;0;32;3;0;0.05000000819563866;0.10073608160018921;0.10517977923154831;96;4
N02;N02;Normal: Urbano moderado;Normal;Normal;0.050000007078051564;0.050000007078051564;R1_NORMAL;-1;-1;0;0;-1;-1;0;0.05000000819563866;0.03410005941987038;0.09684335440397263;96;4
C04;C04;Critico: Multiplas distracoes urbanas;Critico;Critico;0.3713889718055725;0.3713889718055725;R2_STABLE_RISK;22;45;24;0;24;2;0;0.05000000819563866;0.1994694471359253;0.1376665085554123;96;4
C08;C08;Critico progressivo: Distracao urbana multietapas;Critico;Critico;0.4492528885602951;0.4492528885602951;R2_STABLE_RISK;28;77;50;1;52;24;0;0.05000000819563866;0.32109394669532776;0.15339408814907074;96;4
C01;C01;Critico: Celular em alta velocidade;Critico;Critico;0.29102678298950196;0.29102678298950196;R2_STABLE_RISK;32;44;13;0;34;2;0;0.05000000819563866;0.14704269170761108;0.09842623025178909;96;4
C06;C06;Critico progressivo: Fadiga noturna;Critico;Critico;0.49532391130924225;0.49532391130924225;R3_FALSE_KIN;36;81;46;1;62;26;1;0.33044731616973877;0.14746777713298798;0.15090779960155487;96;4
C07;C07;Critico progressivo: Sem cinto sob chuva;Critico;Critico;0.42350587248802185;0.42350587248802185;R1_NORMAL;37;75;39;1;54;17;0;0.05000000819563866;0.3837525546550751;0.10653889179229736;96;4
N03;N03;Normal: Noite estável;Normal;Normal;0.050000007078051564;0.050000007078051564;R2_STABLE_RISK;-1;-1;0;0;-1;-1;0;0.05000000819563866;0.024401970207691193;0.08914365619421005;96;4
C07;C07;Critico progressivo: Sem cinto sob chuva;Critico;Critico;0.4123730719089508;0.4123730719089508;R1_NORMAL;37;75;39;1;62;25;0;0.05000000819563866;0.37556979060173035;0.14494416117668152;96;4
C08;C08;Critico progressivo: Distracao urbana multietapas;Critico;Critico;0.5101744085550308;0.5101744085550308;R1_NORMAL;28;77;50;1;55;27;1;0.2739737927913666;0.3194179832935333;0.10745304822921753;96;4
N03;N03;Normal: Noite estável;Normal;Normal;0.050000007078051564;0.050000007078051564;R2_STABLE_RISK;-1;-1;0;0;-1;-1;0;0.05000000819563866;0.029795348644256592;0.09110429883003235;96;4
C03;C03;Critico: Celular sem cinto sob chuva;Critico;Critico;0.6090752124786376;0.6090752124786376;R1_NORMAL;26;41;16;0;28;2;1;0.24281232059001923;0.1895875185728073;0.20311684906482697;96;4
C10;C10;Critico progressivo: Grooming em rodovia com fadiga;Critico;Critico;0.40721852034330364;0.40721852034330364;R2_STABLE_RISK;40;81;42;1;61;21;0;0.05000000819563866;0.20643599331378937;0.1066083088517189;96;4
C02;C02;Critico: Fadiga com desvio cinematico;Critico;Critico;0.39378328174352645;0.39378328174352645;R1_NORMAL;29;50;22;0;32;3;0;0.05000000819563866;0.09679967910051346;0.13283474743366241;96;4
N03;N03;Normal: Noite estável;Normal;Normal;0.050000007078051564;0.050000007078051564;R1_NORMAL;-1;-1;0;0;-1;-1;0;0.05000000819563866;0.02816011756658554;0.1079506203532219;96;4
C10;C10;Critico progressivo: Grooming em rodovia com fadiga;Critico;Critico;0.4072722122073173;0.4072722122073173;R1_NORMAL;40;81;42;1;62;22;0;0.05000000819563866;0.19631052017211914;0.08249284327030182;96;4
C07;C07;Critico progressivo: Sem cinto sob chuva;Critico;Critico;0.44396464079618453;0.44396464079618453;R2_STABLE_RISK;37;75;39;1;54;17;0;0.05000000819563866;0.3833603858947754;0.12288100272417068;96;4
C06;C06;Critico progressivo: Fadiga noturna;Critico;Critico;0.45349475741386414;0.45349475741386414;R2_STABLE_RISK;36;81;46;1;54;18;0;0.05000000819563866;0.16591298580169678;0.11280429363250732;96;4
C07;C07;Critico progressivo: Sem cinto sob chuva;Critico;Critico;0.41729872673749924;0.41729872673749924;R1_NORMAL;37;75;39;1;59;22;0;0.05000000819563866;0.3755216598510742;0.144759401679039;96;4
N01;N01;Normal: Viagem tranquila em rodovia;Normal;Normal;0.050000007078051564;0.050000007078051564;R1_NORMAL;-1;-1;0;0;-1;-1;0;0.05000000819563866;0.02717464230954647;0.09451930969953537;96;4
C08;C08;Critico progressivo: Distracao urbana multietapas;Critico;Critico;0.46626966893672944;0.46626966893672944;R2_STABLE_RISK;28;77;50;1;52;24;0;0.05000000819563866;0.31844308972358704;0.16303829848766327;96;4
N01;N01;Normal: Viagem tranquila em rodovia;Normal;Normal;0.050000007078051564;0.050000007078051564;R2_STABLE_RISK;-1;-1;0;0;-1;-1;0;0.05000000819563866;0.039801064878702164;0.09327477216720581;96;4
C01;C01;Critico: Celular em alta velocidade;Critico;Critico;0.5317901402711869;0.5317901402711869;R1_NORMAL;32;44;13;0;34;2;1;0.25086989998817444;0.1518639326095581;0.17166410386562347;96;4
N01;N01;Normal: Viagem tranquila em rodovia;Normal;Normal;0.050000007078051564;0.050000007078051564;R2_STABLE_RISK;-1;-1;0;0;-1;-1;0;0.05000000819563866;0.03253825008869171;0.08243092149496078;96;4
C03;C03;Critico: Celular sem cinto sob chuva;Critico;Critico;0.3752959698438644;0.3752959698438644;R1_NORMAL;26;41;16;0;28;2;0;0.05000000819563866;0.1880735605955124;0.121633380651474;96;4
C08;C08;Critico progressivo: Distracao urbana multietapas;Critico;Critico;0.4864785224199295;0.4864785224199295;R1_NORMAL;28;77;50;1;55;27;1;0.254623144865036;0.3136707842350006;0.13489452004432678;96;4
C09;C09;Critico progressivo: Bebida ao volante;Critico;Critico;0.49167693257331846;0.49167693257331846;R2_STABLE_RISK;38;73;36;1;58;20;1;0.2865249216556549;0.2499818354845047;0.15507249534130096;96;4
C09;C09;Critico progressivo: Bebida ao volante;Critico;Critico;0.4987881422042847;0.4987881422042847;R1_NORMAL;38;73;36;1;55;17;1;0.2829286456108093;0.2571547329425812;0.20118093490600586;96;4
C09;C09;Critico progressivo: Bebida ao volante;Critico;Critico;0.471056854724884;0.471056854724884;R2_STABLE_RISK;38;73;36;1;57;19;1;0.2896142303943634;0.2515253722667694;0.14383001625537872;96;4
C01;C01;Critico: Celular em alta velocidade;Critico;Critico;0.29102678298950196;0.29102678298950196;R1_NORMAL;32;44;13;0;34;2;0;0.05000000819563866;0.14957550168037415;0.1187242642045021;96;4
C05;C05;Critico progressivo: Celular em rodovia;Critico;Critico;0.39800198525190356;0.39800198525190356;R3_FALSE_KIN;42;73;32;1;59;17;0;0.05000000819563866;0.3257034420967102;0.16489562392234802;96;4
C06;C06;Critico progressivo: Fadiga noturna;Critico;Critico;0.4136630773544311;0.4136630773544311;R3_FALSE_KIN;36;81;46;1;64;28;0;0.05000000819563866;0.15304376184940338;0.0996389389038086;96;4
C03;C03;Critico: Celular sem cinto sob chuva;Critico;Critico;0.3752959698438644;0.3752959698438644;R3_FALSE_KIN;26;41;16;0;28;2;0;0.05000000819563866;0.19102303683757782;0.121434785425663;96;4
C05;C05;Critico progressivo: Celular em rodovia;Critico;Critico;0.3581185474991798;0.3581185474991798;R2_STABLE_RISK;42;73;32;1;61;19;0;0.05000000819563866;0.314022034406662;0.11064678430557251;96;4
N02;N02;Normal: Urbano moderado;Normal;Normal;0.050000007078051564;0.050000007078051564;R1_NORMAL;-1;-1;0;0;-1;-1;0;0.05000000819563866;0.029852701351046562;0.10606184601783752;96;4
N03;N03;Normal: Noite estável;Normal;Normal;0.050000007078051564;0.050000007078051564;R1_NORMAL;-1;-1;0;0;-1;-1;0;0.05000000819563866;0.029958629980683327;0.11768263578414917;96;4
C02;C02;Critico: Fadiga com desvio cinematico;Critico;Critico;0.39378328174352645;0.39378328174352645;R3_FALSE_KIN;29;50;22;0;32;3;0;0.05000000819563866;0.10128092765808105;0.1236920952796936;96;4
C10;C10;Critico progressivo: Grooming em rodovia com fadiga;Critico;Critico;0.4075191363692283;0.4075191363692283;R1_NORMAL;40;81;42;1;61;21;0;0.05000000819563866;0.19586674869060516;0.09985077381134033;96;4
N01;N01;Normal: Viagem tranquila em rodovia;Normal;Normal;0.050000007078051564;0.050000007078051564;R1_NORMAL;-1;-1;0;0;-1;-1;0;0.05000000819563866;0.038677867501974106;0.09271687269210815;96;4
C05;C05;Critico progressivo: Celular em rodovia;Critico;Critico;0.4078068733215332;0.4078068733215332;R3_FALSE_KIN;42;73;32;1;56;14;0;0.05000000819563866;0.3275837004184723;0.15117673575878143;96;4
C08;C08;Critico progressivo: Distracao urbana multietapas;Critico;Critico;0.43166316896677015;0.43166316896677015;R1_NORMAL;28;77;50;1;55;27;0;0.05000000819563866;0.31755706667900085;0.12391241639852524;96;4
C04;C04;Critico: Multiplas distracoes urbanas;Critico;Critico;0.5780603080987929;0.5780603080987929;R2_STABLE_RISK;22;45;24;0;24;2;1;0.2651626765727997;0.19571328163146973;0.2278425693511963;96;4
C08;C08;Critico progressivo: Distracao urbana multietapas;Critico;Critico;0.5098296672105789;0.5098296672105789;R2_STABLE_RISK;28;77;50;1;49;21;1;0.2604309320449829;0.3208253085613251;0.14403575658798218;96;4
C08;C08;Critico progressivo: Distracao urbana multietapas;Critico;Critico;0.41200724989175797;0.41200724989175797;R3_FALSE_KIN;28;77;50;1;60;32;0;0.05000000819563866;0.31070637702941895;0.12739792466163635;96;4
C05;C05;Critico progressivo: Celular em rodovia;Critico;Critico;0.3728786304593086;0.3728786304593086;R2_STABLE_RISK;42;73;32;1;59;17;0;0.05000000819563866;0.3164016902446747;0.12697629630565643;96;4
C08;C08;Critico progressivo: Distracao urbana multietapas;Critico;Critico;0.4962459564208984;0.4962459564208984;R2_STABLE_RISK;28;77;50;1;53;25;1;0.25900501012802124;0.31749483942985535;0.1709042340517044;96;4
C04;C04;Critico: Multiplas distracoes urbanas;Critico;Critico;0.5663113981485366;0.5663113981485366;R2_STABLE_RISK;22;45;24;0;24;2;1;0.21040236949920654;0.20881955325603485;0.21460078656673431;96;4
C10;C10;Critico progressivo: Grooming em rodovia com fadiga;Critico;Critico;0.4309618607163429;0.4309618607163429;R1_NORMAL;40;81;42;1;64;24;0;0.05000000819563866;0.20017457008361816;0.09586481004953384;96;4
C09;C09;Critico progressivo: Bebida ao volante;Critico;Critico;0.3818987235426903;0.3818987235426903;R1_NORMAL;38;73;36;1;58;20;0;0.05000000819563866;0.24888138473033905;0.12531796097755432;96;4
C07;C07;Critico progressivo: Sem cinto sob chuva;Critico;Critico;0.4027694523334503;0.4027694523334503;R2_STABLE_RISK;37;75;39;1;58;21;0;0.05000000819563866;0.3787088394165039;0.14448560774326324;96;4
C05;C05;Critico progressivo: Celular em rodovia;Critico;Critico;0.39091214686632153;0.39091214686632153;R2_STABLE_RISK;42;73;32;1;59;17;0;0.05000000819563866;0.3081521689891815;0.1727902889251709;96;4
C09;C09;Critico progressivo: Bebida ao volante;Critico;Critico;0.41655151993036266;0.41655151993036266;R1_NORMAL;38;73;36;1;58;20;0;0.05000000819563866;0.2519531548023224;0.1171114444732666;96;4
C01;C01;Critico: Celular em alta velocidade;Critico;Critico;0.29102678298950196;0.29102678298950196;R2_STABLE_RISK;32;44;13;0;34;2;0;0.05000000819563866;0.1539793759584427;0.12738244235515594;96;4
C02;C02;Critico: Fadiga com desvio cinematico;Critico;Critico;0.6046102255582809;0.6046102255582809;R1_NORMAL;29;50;22;0;32;3;1;0.2655099928379059;0.10197082906961441;0.1499122679233551;96;4
C04;C04;Critico: Multiplas distracoes urbanas;Critico;Critico;0.5757054686546326;0.5757054686546326;R1_NORMAL;22;45;24;0;24;2;1;0.25358739495277405;0.20039205253124237;0.18500500917434692;96;4
C02;C02;Critico: Fadiga com desvio cinematico;Critico;Critico;0.39378328174352645;0.39378328174352645;R2_STABLE_RISK;29;50;22;0;32;3;0;0.05000000819563866;0.09803071618080139;0.12903545796871185;96;4
C09;C09;Critico progressivo: Bebida ao volante;Critico;Critico;0.41352677196264265;0.41352677196264265;R2_STABLE_RISK;38;73;36;1;55;17;0;0.05000000819563866;0.25173255801200867;0.10251397639513016;96;4
C08;C08;Critico progressivo: Distracao urbana multietapas;Critico;Critico;0.5063092976808548;0.5063092976808548;R1_NORMAL;28;77;50;1;51;23;1;0.3052450716495514;0.3156414031982422;0.18645626306533813;96;4
C06;C06;Critico progressivo: Fadiga noturna;Critico;Critico;0.4559931606054306;0.4559931606054306;R1_NORMAL;36;81;46;1;60;24;1;0.3202967941761017;0.15231342613697052;0.11595360189676285;96;4
N02;N02;Normal: Urbano moderado;Normal;Normal;0.050000007078051564;0.050000007078051564;R1_NORMAL;-1;-1;0;0;-1;-1;0;0.05000000819563866;0.03618917241692543;0.07194807380437851;96;4
C10;C10;Critico progressivo: Grooming em rodovia com fadiga;Critico;Critico;0.4427709251642227;0.4427709251642227;R2_STABLE_RISK;40;81;42;1;62;22;1;0.32908302545547485;0.20189155638217926;0.1463179588317871;96;4
N02;N02;Normal: Urbano moderado;Normal;Normal;0.050000007078051564;0.050000007078051564;R1_NORMAL;-1;-1;0;0;-1;-1;0;0.05000000819563866;0.03384191170334816;0.06658056378364563;96;4
C01;C01;Critico: Celular em alta velocidade;Critico;Critico;0.5374031335115432;0.5374031335115432;R3_FALSE_KIN;32;44;13;0;34;2;1;0.27130019664764404;0.15610389411449432;0.1951228380203247;96;4
N02;N02;Normal: Urbano moderado;Normal;Normal;0.050000007078051564;0.050000007078051564;R2_STABLE_RISK;-1;-1;0;0;-1;-1;0;0.05000000819563866;0.03285236656665802;0.08933663368225098;96;4
C03;C03;Critico: Celular sem cinto sob chuva;Critico;Critico;0.3752959698438644;0.3752959698438644;R2_STABLE_RISK;26;41;16;0;28;2;0;0.05000000819563866;0.1824854463338852;0.13036997616291046;96;4
N02;N02;Normal: Urbano moderado;Normal;Normal;0.050000007078051564;0.050000007078051564;R1_NORMAL;-1;-1;0;0;-1;-1;0;0.05000000819563866;0.03147311508655548;0.11603274196386337;96;4
C07;C07;Critico progressivo: Sem cinto sob chuva;Critico;Critico;0.4852124184370041;0.4852124184370041;R2_STABLE_RISK;37;75;39;1;55;18;1;0.3239162564277649;0.3858296871185303;0.12595343589782715;96;4
C07;C07;Critico progressivo: Sem cinto sob chuva;Critico;Critico;0.41295030266046523;0.41295030266046523;R1_NORMAL;37;75;39;1;60;23;0;0.05000000819563866;0.3876475989818573;0.13391973078250885;96;4
C01;C01;Critico: Celular em alta velocidade;Critico;Critico;0.5224465250968933;0.5224465250968933;R3_FALSE_KIN;32;44;13;0;34;2;1;0.2109903246164322;0.1567937731742859;0.160627543926239;96;4
C10;C10;Critico progressivo: Grooming em rodovia com fadiga;Critico;Critico;0.4526132196187973;0.4526132196187973;R1_NORMAL;40;81;42;1;62;22;1;0.3235127031803131;0.19872252643108368;0.11351291090250015;96;4
C01;C01;Critico: Celular em alta velocidade;Critico;Critico;0.29102678298950196;0.29102678298950196;R1_NORMAL;32;44;13;0;34;2;0;0.05000000819563866;0.1577773541212082;0.11888289451599121;96;4
C06;C06;Critico progressivo: Fadiga noturna;Critico;Critico;0.3980934798717498;0.3980934798717498;R1_NORMAL;36;81;46;1;65;29;0;0.05000000819563866;0.15247423946857452;0.13687129318714142;96;4
C02;C02;Critico: Fadiga com desvio cinematico;Critico;Critico;0.39378328174352645;0.39378328174352645;R1_NORMAL;29;50;22;0;32;3;0;0.05000000819563866;0.09140933305025101;0.11198898404836655;96;4
C03;C03;Critico: Celular sem cinto sob chuva;Critico;Critico;0.3752959698438644;0.3752959698438644;R2_STABLE_RISK;26;41;16;0;28;2;0;0.05000000819563866;0.19023407995700836;0.13755130767822266;96;4
C04;C04;Critico: Multiplas distracoes urbanas;Critico;Critico;0.3713889718055725;0.3713889718055725;R3_FALSE_KIN;22;45;24;0;24;2;0;0.05000000819563866;0.20418918132781982;0.11065185070037842;96;4
C09;C09;Critico progressivo: Bebida ao volante;Critico;Critico;0.4214082837104797;0.4214082837104797;R1_NORMAL;38;73;36;1;56;18;0;0.05000000819563866;0.24975751340389252;0.09630966186523438;96;4
C05;C05;Critico progressivo: Celular em rodovia;Critico;Critico;0.3955059349536896;0.3955059349536896;R1_NORMAL;42;73;32;1;59;17;0;0.05000000819563866;0.3185538947582245;0.11084696650505066;96;4
C08;C08;Critico progressivo: Distracao urbana multietapas;Critico;Critico;0.45588768273591995;0.45588768273591995;R2_STABLE_RISK;28;77;50;1;55;27;0;0.05000000819563866;0.3195997178554535;0.1629682332277298;96;4
C03;C03;Critico: Celular sem cinto sob chuva;Critico;Critico;0.3752959698438644;0.3752959698438644;R3_FALSE_KIN;26;41;16;0;28;2;0;0.05000000819563866;0.18527598679065704;0.12073609977960587;96;4
C09;C09;Critico progressivo: Bebida ao volante;Critico;Critico;0.4128887489438057;0.4128887489438057;R1_NORMAL;38;73;36;1;56;18;0;0.05000000819563866;0.2571592628955841;0.11713425070047379;96;4
C10;C10;Critico progressivo: Grooming em rodovia com fadiga;Critico;Critico;0.44773560464382167;0.44773560464382167;R1_NORMAL;40;81;42;1;60;20;1;0.3289715349674225;0.19122888147830963;0.11402375251054764;96;4
N02;N02;Normal: Urbano moderado;Normal;Normal;0.050000007078051564;0.050000007078051564;R3_FALSE_KIN;-1;-1;0;0;-1;-1;0;0.05000000819563866;0.031425219029188156;0.13774780929088593;96;4
C10;C10;Critico progressivo: Grooming em rodovia com fadiga;Critico;Critico;0.4223318055272102;0.4223318055272102;R3_FALSE_KIN;40;81;42;1;63;23;0;0.05000000819563866;0.19701552391052246;0.12046404927968979;96;4
C05;C05;Critico progressivo: Celular em rodovia;Critico;Critico;0.3554536208510399;0.3554536208510399;R2_STABLE_RISK;42;73;32;1;61;19;0;0.05000000819563866;0.3125948905944824;0.14914262294769287;96;4
N02;N02;Normal: Urbano moderado;Normal;Normal;0.050000007078051564;0.050000007078051564;R1_NORMAL;-1;-1;0;0;-1;-1;0;0.05000000819563866;0.02934916503727436;0.08420851826667786;96;4
N03;N03;Normal: Noite estável;Normal;Normal;0.050000007078051564;0.050000007078051564;R1_NORMAL;-1;-1;0;0;-1;-1;0;0.05000000819563866;0.029171830043196678;0.09679105132818222;96;4
C07;C07;Critico progressivo: Sem cinto sob chuva;Critico;Critico;0.4654476672410965;0.4654476672410965;R1_NORMAL;37;75;39;1;58;21;1;0.2479523867368698;0.3771341145038605;0.1275252252817154;96;4
C07;C07;Critico progressivo: Sem cinto sob chuva;Critico;Critico;0.4007524251937866;0.4007524251937866;R1_NORMAL;37;75;39;1;60;23;0;0.05000000819563866;0.3746706545352936;0.14083190262317657;96;4
C04;C04;Critico: Multiplas distracoes urbanas;Critico;Critico;0.3713889718055725;0.3713889718055725;R1_NORMAL;22;45;24;0;24;2;0;0.05000000819563866;0.20381690561771393;0.14389832317829132;96;4
N03;N03;Normal: Noite estável;Normal;Normal;0.050000007078051564;0.050000007078051564;R2_STABLE_RISK;-1;-1;0;0;-1;-1;0;0.05000000819563866;0.025127887725830078;0.11370477825403214;96;4
C08;C08;Critico progressivo: Distracao urbana multietapas;Critico;Critico;0.4591795355081558;0.4591795355081558;R1_NORMAL;28;77;50;1;52;24;0;0.05000000819563866;0.32313311100006104;0.17235153913497925;96;4
N03;N03;Normal: Noite estável;Normal;Normal;0.050000007078051564;0.050000007078051564;R2_STABLE_RISK;-1;-1;0;0;-1;-1;0;0.05000000819563866;0.027754751965403557;0.1278713047504425;96;4
N03;N03;Normal: Noite estável;Normal;Normal;0.050000007078051564;0.050000007078051564;R1_NORMAL;-1;-1;0;0;-1;-1;0;0.05000000819563866;0.031140625476837158;0.1537039577960968;96;4
C06;C06;Critico progressivo: Fadiga noturna;Critico;Critico;0.45241215974092486;0.45241215974092486;R2_STABLE_RISK;36;81;46;1;58;22;0;0.05000000819563866;0.159904345870018;0.10584133863449097;96;4
C07;C07;Critico progressivo: Sem cinto sob chuva;Critico;Critico;0.4118032470345497;0.4118032470345497;R1_NORMAL;37;75;39;1;57;20;0;0.05000000819563866;0.3757396638393402;0.13368377089500427;96;4
C08;C08;Critico progressivo: Distracao urbana multietapas;Critico;Critico;0.42092320173978803;0.42092320173978803;R1_NORMAL;28;77;50;1;59;31;0;0.05000000819563866;0.3202608525753021;0.11106250435113907;96;4
C09;C09;Critico progressivo: Bebida ao volante;Critico;Critico;0.4195752814412117;0.4195752814412117;R2_STABLE_RISK;38;73;36;1;56;18;0;0.05000000819563866;0.2526359260082245;0.1071864664554596;96;4
C05;C05;Critico progressivo: Celular em rodovia;Critico;Critico;0.45946849286556246;0.45946849286556246;R1_NORMAL;42;73;32;1;59;17;1;0.2909962236881256;0.3172677159309387;0.1651458591222763;96;4
C08;C08;Critico progressivo: Distracao urbana multietapas;Critico;Critico;0.5218122631311416;0.5218122631311416;R1_NORMAL;28;77;50;1;57;29;1;0.34097418189048767;0.30964764952659607;0.1792074292898178;96;4
C07;C07;Critico progressivo: Sem cinto sob chuva;Critico;Critico;0.42363150268793104;0.42363150268793104;R1_NORMAL;37;75;39;1;58;21;0;0.05000000819563866;0.3755551874637604;0.1552152931690216;96;4
C07;C07;Critico progressivo: Sem cinto sob chuva;Critico;Critico;0.4255457282066345;0.4255457282066345;R1_NORMAL;37;75;39;1;55;18;0;0.05000000819563866;0.3832535445690155;0.1095019206404686;96;4
C10;C10;Critico progressivo: Grooming em rodovia com fadiga;Critico;Critico;0.46322684586048124;0.46322684586048124;R2_STABLE_RISK;40;81;42;1;62;22;1;0.31358227133750916;0.19426684081554413;0.09289132803678513;96;4
N01;N01;Normal: Viagem tranquila em rodovia;Normal;Normal;0.050000007078051564;0.050000007078051564;R1_NORMAL;-1;-1;0;0;-1;-1;0;0.05000000819563866;0.03476472571492195;0.0951215997338295;96;4
C10;C10;Critico progressivo: Grooming em rodovia com fadiga;Critico;Critico;0.41270112395286557;0.41270112395286557;R1_NORMAL;40;81;42;1;62;22;0;0.05000000819563866;0.20203261077404022;0.09610909223556519;96;4
N02;N02;Normal: Urbano moderado;Normal;Normal;0.050000007078051564;0.050000007078051564;R1_NORMAL;-1;-1;0;0;-1;-1;0;0.05000000819563866;0.035003021359443665;0.09880521148443222;96;4
N02;N02;Normal: Urbano moderado;Normal;Normal;0.050000007078051564;0.050000007078051564;R1_NORMAL;-1;-1;0;0;-1;-1;0;0.05000000819563866;0.031305551528930664;0.10832694917917252;96;4
C07;C07;Critico progressivo: Sem cinto sob chuva;Critico;Critico;0.42128282934427264;0.42128282934427264;R2_STABLE_RISK;37;75;39;1;61;24;0;0.05000000819563866;0.3753697872161865;0.1372389793395996;96;4
C10;C10;Critico progressivo: Grooming em rodovia com fadiga;Critico;Critico;0.40259021073579787;0.40259021073579787;R3_FALSE_KIN;40;81;42;1;63;23;0;0.05000000819563866;0.19626545906066895;0.11332816630601883;96;4
C02;C02;Critico: Fadiga com desvio cinematico;Critico;Critico;0.39378328174352645;0.39378328174352645;R3_FALSE_KIN;29;50;22;0;32;3;0;0.05000000819563866;0.10033104568719864;0.12200697511434555;96;4
C05;C05;Critico progressivo: Celular em rodovia;Critico;Critico;0.3723765790462494;0.3723765790462494;R1_NORMAL;42;73;32;1;58;16;0;0.05000000819563866;0.31967827677726746;0.11944565176963806;96;4
C05;C05;Critico progressivo: Celular em rodovia;Critico;Critico;0.38476071804761885;0.38476071804761885;R1_NORMAL;42;73;32;1;60;18;0;0.05000000819563866;0.31078964471817017;0.1147061213850975;96;4
C04;C04;Critico: Multiplas distracoes urbanas;Critico;Critico;0.5601185530424118;0.5601185530424118;R3_FALSE_KIN;22;45;24;0;24;2;1;0.20911818742752075;0.20039089024066925;0.2065204381942749;96;4
C10;C10;Critico progressivo: Grooming em rodovia com fadiga;Critico;Critico;0.45684251189231867;0.45684251189231867;R1_NORMAL;40;81;42;1;62;22;1;0.34776315093040466;0.20304417610168457;0.11951781064271927;96;4
C03;C03;Critico: Celular sem cinto sob chuva;Critico;Critico;0.6256744980812072;0.6256744980812072;R3_FALSE_KIN;26;41;16;0;28;2;1;0.2702385187149048;0.18181230127811432;0.18515600264072418;96;4
C10;C10;Critico progressivo: Grooming em rodovia com fadiga;Critico;Critico;0.4636233806610107;0.4636233806610107;R3_FALSE_KIN;40;81;42;1;61;21;1;0.31249985098838806;0.19996894896030426;0.12398498505353928;96;4
C01;C01;Critico: Celular em alta velocidade;Critico;Critico;0.29102678298950196;0.29102678298950196;R1_NORMAL;32;44;13;0;34;2;0;0.05000000819563866;0.15674351155757904;0.1414301097393036;96;4
C06;C06;Critico progressivo: Fadiga noturna;Critico;Critico;0.43897063881158827;0.43897063881158827;R3_FALSE_KIN;36;81;46;1;57;21;0;0.05000000819563866;0.15567590296268463;0.1587170511484146;96;4
C04;C04;Critico: Multiplas distracoes urbanas;Critico;Critico;0.3713889718055725;0.3713889718055725;R2_STABLE_RISK;22;45;24;0;24;2;0;0.05000000819563866;0.2036755084991455;0.1469520479440689;96;4
N03;N03;Normal: Noite estável;Normal;Normal;0.050000007078051564;0.050000007078051564;R2_STABLE_RISK;-1;-1;0;0;-1;-1;0;0.05000000819563866;0.03914671018719673;0.09683052450418472;96;4
C10;C10;Critico progressivo: Grooming em rodovia com fadiga;Critico;Critico;0.43570499420166015;0.43570499420166015;R2_STABLE_RISK;40;81;42;1;58;18;0;0.05000000819563866;0.21116136014461517;0.1542942076921463;96;4
C09;C09;Critico progressivo: Bebida ao volante;Critico;Critico;0.41139698773622513;0.41139698773622513;R2_STABLE_RISK;38;73;36;1;60;22;0;0.05000000819563866;0.2493576556444168;0.1254580169916153;96;4
C05;C05;Critico progressivo: Celular em rodovia;Critico;Critico;0.46418371796607966;0.46418371796607966;R3_FALSE_KIN;42;73;32;1;59;17;1;0.25254106521606445;0.3170436918735504;0.1245359554886818;96;4
C01;C01;Critico: Celular em alta velocidade;Critico;Critico;0.29102678298950196;0.29102678298950196;R2_STABLE_RISK;32;44;13;0;34;2;0;0.05000000819563866;0.1475675255060196;0.12096339464187622;96;4
C07;C07;Critico progressivo: Sem cinto sob chuva;Critico;Critico;0.3993339017033577;0.3993339017033577;R1_NORMAL;37;75;39;1;61;24;0;0.05000000819563866;0.3722991943359375;0.1331878900527954;96;4
N01;N01;Normal: Viagem tranquila em rodovia;Normal;Normal;0.050000007078051564;0.050000007078051564;R2_STABLE_RISK;-1;-1;0;0;-1;-1;0;0.05000000819563866;0.0414070300757885;0.07723915576934814;96;4
C03;C03;Critico: Celular sem cinto sob chuva;Critico;Critico;0.3752959698438644;0.3752959698438644;R2_STABLE_RISK;26;41;16;0;28;2;0;0.05000000819563866;0.1867174357175827;0.10794875025749207;96;4
C03;C03;Critico: Celular sem cinto sob chuva;Critico;Critico;0.6072546273469925;0.6072546273469925;R2_STABLE_RISK;26;41;16;0;28;2;1;0.2533862888813019;0.1947750598192215;0.18786604702472687;96;4
C02;C02;Critico: Fadiga com desvio cinematico;Critico;Critico;0.39378328174352645;0.39378328174352645;R3_FALSE_KIN;29;50;22;0;32;3;0;0.05000000819563866;0.0934048667550087;0.16118605434894562;96;4
C02;C02;Critico: Fadiga com desvio cinematico;Critico;Critico;0.5992778092622757;0.5992778092622757;R1_NORMAL;29;50;22;0;32;3;1;0.2533038854598999;0.09754166752099991;0.14947795867919922;96;4
C01;C01;Critico: Celular em alta velocidade;Critico;Critico;0.5159775584936142;0.5159775584936142;R3_FALSE_KIN;32;44;13;0;34;2;1;0.18268615007400513;0.1531629115343094;0.18988923728466034;96;4
C05;C05;Critico progressivo: Celular em rodovia;Critico;Critico;0.49176910519599915;0.49176910519599915;R3_FALSE_KIN;42;73;32;1;58;16;1;0.26362431049346924;0.3235103189945221;0.1537177413702011;96;4
C08;C08;Critico progressivo: Distracao urbana multietapas;Critico;Critico;0.5008332520723342;0.5008332520723342;R3_FALSE_KIN;28;77;50;1;57;29;1;0.31836530566215515;0.31699422001838684;0.125910222530365;96;4
C09;C09;Critico progressivo: Bebida ao volante;Critico;Critico;0.39325184822082515;0.39325184822082515;R2_STABLE_RISK;38;73;36;1;57;19;0;0.05000000819563866;0.24810807406902313;0.14733730256557465;96;4
N01;N01;Normal: Viagem tranquila em rodovia;Normal;Normal;0.050000007078051564;0.050000007078051564;R2_STABLE_RISK;-1;-1;0;0;-1;-1;0;0.05000000819563866;0.03446224704384804;0.09563440084457397;96;4
C01;C01;Critico: Celular em alta velocidade;Critico;Critico;0.536152645945549;0.536152645945549;R3_FALSE_KIN;32;44;13;0;34;2;1;0.2654331922531128;0.15220139920711517;0.16785429418087006;96;4
C01;C01;Critico: Celular em alta velocidade;Critico;Critico;0.29102678298950196;0.29102678298950196;R2_STABLE_RISK;32;44;13;0;34;2;0;0.05000000819563866;0.1584288328886032;0.1347544938325882;96;4
N02;N02;Normal: Urbano moderado;Normal;Normal;0.050000007078051564;0.050000007078051564;R2_STABLE_RISK;-1;-1;0;0;-1;-1;0;0.05000000819563866;0.03235350921750069;0.09991610050201416;96;4
C08;C08;Critico progressivo: Distracao urbana multietapas;Critico;Critico;0.41390856504440304;0.41390856504440304;R2_STABLE_RISK;28;77;50;1;53;25;0;0.05000000819563866;0.3147209882736206;0.13133114576339722;96;4
C08;C08;Critico progressivo: Distracao urbana multietapas;Critico;Critico;0.5325338482856751;0.5325338482856751;R3_FALSE_KIN;28;77;50;1;51;23;1;0.3049246370792389;0.3195752799510956;0.12343278527259827;96;4
N03;N03;Normal: Noite estável;Normal;Normal;0.050000007078051564;0.050000007078051564;R2_STABLE_RISK;-1;-1;0;0;-1;-1;0;0.05000000819563866;0.030128827318549156;0.11276514083147049;96;4
C08;C08;Critico progressivo: Distracao urbana multietapas;Critico;Critico;0.4359620362520218;0.4359620362520218;R2_STABLE_RISK;28;77;50;1;51;23;0;0.05000000819563866;0.3112081289291382;0.15186840295791626;96;4
C04;C04;Critico: Multiplas distracoes urbanas;Critico;Critico;0.5688780516386032;0.5688780516386032;R3_FALSE_KIN;22;45;24;0;24;2;1;0.2547381818294525;0.20053140819072723;0.20422281324863434;96;4
C09;C09;Critico progressivo: Bebida ao volante;Critico;Critico;0.38211600035428994;0.38211600035428994;R3_FALSE_KIN;38;73;36;1;56;18;0;0.05000000819563866;0.25213944911956787;0.14678972959518433;96;4
C09;C09;Critico progressivo: Bebida ao volante;Critico;Critico;0.38762858510017395;0.38762858510017395;R1_NORMAL;38;73;36;1;60;22;0;0.05000000819563866;0.2539582848548889;0.12377726286649704;96;4
C09;C09;Critico progressivo: Bebida ao volante;Critico;Critico;0.38686102628707886;0.38686102628707886;R3_FALSE_KIN;38;73;36;1;57;19;0;0.05000000819563866;0.2490556240081787;0.11428707838058472;96;4
C08;C08;Critico progressivo: Distracao urbana multietapas;Critico;Critico;0.4784595876932144;0.4784595876932144;R1_NORMAL;28;77;50;1;50;22;0;0.05000000819563866;0.32611724734306335;0.16383880376815796;96;4
C01;C01;Critico: Celular em alta velocidade;Critico;Critico;0.29102678298950196;0.29102678298950196;R3_FALSE_KIN;32;44;13;0;34;2;0;0.05000000819563866;0.15530277788639069;0.12258417159318924;96;4
C07;C07;Critico progressivo: Sem cinto sob chuva;Critico;Critico;0.39822827130556104;0.39822827130556104;R2_STABLE_RISK;37;75;39;1;60;23;0;0.05000000819563866;0.3808024823665619;0.1746482402086258;96;4
C06;C06;Critico progressivo: Fadiga noturna;Critico;Critico;0.4204574629664421;0.4204574629664421;R2_STABLE_RISK;36;81;46;1;61;25;0;0.05000000819563866;0.14823460578918457;0.12679226696491241;96;4
C08;C08;Critico progressivo: Distracao urbana multietapas;Critico;Critico;0.43776842057704923;0.43776842057704923;R1_NORMAL;28;77;50;1;53;25;0;0.05000000819563866;0.31570231914520264;0.13434509932994843;96;4
C10;C10;Critico progressivo: Grooming em rodovia com fadiga;Critico;Critico;0.41839336156845086;0.41839336156845086;R2_STABLE_RISK;40;81;42;1;62;22;0;0.05000000819563866;0.19418852031230927;0.12370574474334717;96;4
C05;C05;Critico progressivo: Celular em rodovia;Critico;Critico;0.45210141837596896;0.45210141837596896;R1_NORMAL;42;73;32;1;60;18;1;0.266037255525589;0.32175683975219727;0.12381275743246078;96;4
N03;N03;Normal: Noite estável;Normal;Normal;0.050000007078051564;0.050000007078051564;R1_NORMAL;-1;-1;0;0;-1;-1;0;0.05000000819563866;0.02566097490489483;0.08381297439336777;96;4
N03;N03;Normal: Noite estável;Normal;Normal;0.050000007078051564;0.050000007078051564;R3_FALSE_KIN;-1;-1;0;0;-1;-1;0;0.05000000819563866;0.03135409951210022;0.08990504592657089;96;4
C07;C07;Critico progressivo: Sem cinto sob chuva;Critico;Critico;0.4267421945929527;0.4267421945929527;R1_NORMAL;37;75;39;1;56;19;0;0.05000000819563866;0.38171061873435974;0.1258161962032318;96;4
C01;C01;Critico: Celular em alta velocidade;Critico;Critico;0.29102678298950196;0.29102678298950196;R1_NORMAL;32;44;13;0;34;2;0;0.05000000819563866;0.15734614431858063;0.1073959544301033;96;4
N03;N03;Normal: Noite estável;Normal;Normal;0.050000007078051564;0.050000007078051564;R3_FALSE_KIN;-1;-1;0;0;-1;-1;0;0.05000000819563866;0.033909641206264496;0.09188210964202881;96;4
C01;C01;Critico: Celular em alta velocidade;Critico;Critico;0.29102678298950196;0.29102678298950196;R2_STABLE_RISK;32;44;13;0;34;2;0;0.05000000819563866;0.14981859922409058;0.10901353508234024;96;4
C07;C07;Critico progressivo: Sem cinto sob chuva;Critico;Critico;0.4761526495218277;0.4761526495218277;R3_FALSE_KIN;37;75;39;1;60;23;1;0.2817875146865845;0.3827911913394928;0.1480262279510498;96;4
N02;N02;Normal: Urbano moderado;Normal;Normal;0.050000007078051564;0.050000007078051564;R2_STABLE_RISK;-1;-1;0;0;-1;-1;0;0.05000000819563866;0.02974395453929901;0.11756616085767746;96;4
C09;C09;Critico progressivo: Bebida ao volante;Critico;Critico;0.40813587754964825;0.40813587754964825;R1_NORMAL;38;73;36;1;57;19;0;0.05000000819563866;0.24765457212924957;0.14129884541034698;96;4
C01;C01;Critico: Celular em alta velocidade;Critico;Critico;0.5332928955554961;0.5332928955554961;R1_NORMAL;32;44;13;0;34;2;1;0.2627662718296051;0.15198232233524323;0.13940955698490143;96;4
C05;C05;Critico progressivo: Celular em rodovia;Critico;Critico;0.39447081089019775;0.39447081089019775;R3_FALSE_KIN;42;73;32;1;57;15;0;0.05000000819563866;0.3197878897190094;0.13231788575649261;96;4
C01;C01;Critico: Celular em alta velocidade;Critico;Critico;0.29102678298950196;0.29102678298950196;R1_NORMAL;32;44;13;0;34;2;0;0.05000000819563866;0.15274718403816223;0.15888935327529907;96;4
C01;C01;Critico: Celular em alta velocidade;Critico;Critico;0.5322520822286605;0.5322520822286605;R2_STABLE_RISK;32;44;13;0;34;2;1;0.24887359142303467;0.15443497896194458;0.19079017639160156;96;4
N01;N01;Normal: Viagem tranquila em rodovia;Normal;Normal;0.050000007078051564;0.050000007078051564;R1_NORMAL;-1;-1;0;0;-1;-1;0;0.05000000819563866;0.03526099771261215;0.1241442933678627;96;4
N03;N03;Normal: Noite estável;Normal;Normal;0.050000007078051564;0.050000007078051564;R2_STABLE_RISK;-1;-1;0;0;-1;-1;0;0.05000000819563866;0.03232878819108009;0.08901647478342056;96;4
C06;C06;Critico progressivo: Fadiga noturna;Critico;Critico;0.4165900647640228;0.4165900647640228;R1_NORMAL;36;81;46;1;63;27;0;0.05000000819563866;0.1587609201669693;0.11402367800474167;96;4
C01;C01;Critico: Celular em alta velocidade;Critico;Critico;0.5230134695768356;0.5230134695768356;R2_STABLE_RISK;32;44;13;0;34;2;1;0.20490525662899017;0.15270063281059265;0.20887522399425507;96;4
N03;N03;Normal: Noite estável;Normal;Normal;0.050000007078051564;0.050000007078051564;R1_NORMAL;-1;-1;0;0;-1;-1;0;0.05000000819563866;0.02766038477420807;0.06746376305818558;96;4
N01;N01;Normal: Viagem tranquila em rodovia;Normal;Normal;0.050000007078051564;0.050000007078051564;R1_NORMAL;-1;-1;0;0;-1;-1;0;0.05000000819563866;0.03822750970721245;0.12393561750650406;96;4
N01;N01;Normal: Viagem tranquila em rodovia;Normal;Normal;0.050000007078051564;0.050000007078051564;R2_STABLE_RISK;-1;-1;0;0;-1;-1;0;0.05000000819563866;0.03137867525219917;0.10166225582361221;96;4
C05;C05;Critico progressivo: Celular em rodovia;Critico;Critico;0.4587785333395004;0.4587785333395004;R1_NORMAL;42;73;32;1;59;17;1;0.24372363090515137;0.3131664991378784;0.1452263742685318;96;4
C10;C10;Critico progressivo: Grooming em rodovia com fadiga;Critico;Critico;0.4266783639788627;0.4266783639788627;R2_STABLE_RISK;40;81;42;1;62;22;0;0.05000000819563866;0.19381026923656464;0.10049250721931458;96;4
N01;N01;Normal: Viagem tranquila em rodovia;Normal;Normal;0.050000007078051564;0.050000007078051564;R2_STABLE_RISK;-1;-1;0;0;-1;-1;0;0.05000000819563866;0.03217853978276253;0.10040154308080673;96;4
C05;C05;Critico progressivo: Celular em rodovia;Critico;Critico;0.37518997937440873;0.37518997937440873;R2_STABLE_RISK;42;73;32;1;59;17;0;0.05000000819563866;0.3178645968437195;0.13775724172592163;96;4
C07;C07;Critico progressivo: Sem cinto sob chuva;Critico;Critico;0.49201314449310296;0.49201314449310296;R1_NORMAL;37;75;39;1;54;17;1;0.27861514687538147;0.3835121691226959;0.12402025610208511;96;4
C07;C07;Critico progressivo: Sem cinto sob chuva;Critico;Critico;0.41069966107606887;0.41069966107606887;R2_STABLE_RISK;37;75;39;1;57;20;0;0.05000000819563866;0.3770125210285187;0.15193873643875122;96;4
N02;N02;Normal: Urbano moderado;Normal;Normal;0.050000007078051564;0.050000007078051564;R2_STABLE_RISK;-1;-1;0;0;-1;-1;0;0.05000000819563866;0.02748105674982071;0.12946955859661102;96;4
C10;C10;Critico progressivo: Grooming em rodovia com fadiga;Critico;Critico;0.441134974360466;0.441134974360466;R1_NORMAL;40;81;42;1;62;22;1;0.365261435508728;0.19356660544872284;0.1075461208820343;96;4
C06;C06;Critico progressivo: Fadiga noturna;Critico;Critico;0.42771240472793576;0.42771240472793576;R2_STABLE_RISK;36;81;46;1;58;22;0;0.05000000819563866;0.14930681884288788;0.14806263148784637;96;4
N02;N02;Normal: Urbano moderado;Normal;Normal;0.050000007078051564;0.050000007078051564;R2_STABLE_RISK;-1;-1;0;0;-1;-1;0;0.05000000819563866;0.02587047964334488;0.11104521155357361;96;4
C09;C09;Critico progressivo: Bebida ao volante;Critico;Critico;0.4539950460195541;0.4539950460195541;R3_FALSE_KIN;38;73;36;1;59;21;1;0.30127736926078796;0.24494294822216034;0.16103751957416534;96;4
N03;N03;Normal: Noite estável;Normal;Normal;0.050000007078051564;0.050000007078051564;R1_NORMAL;-1;-1;0;0;-1;-1;0;0.05000000819563866;0.026547953486442566;0.14436447620391846;96;4
C09;C09;Critico progressivo: Bebida ao volante;Critico;Critico;0.3702793166041374;0.3702793166041374;R1_NORMAL;38;73;36;1;57;19;0;0.05000000819563866;0.2535727918148041;0.14097636938095093;96;4
N01;N01;Normal: Viagem tranquila em rodovia;Normal;Normal;0.050000007078051564;0.050000007078051564;R2_STABLE_RISK;-1;-1;0;0;-1;-1;0;0.05000000819563866;0.032759904861450195;0.10120225697755814;96;4
N03;N03;Normal: Noite estável;Normal;Normal;0.050000007078051564;0.050000007078051564;R3_FALSE_KIN;-1;-1;0;0;-1;-1;0;0.05000000819563866;0.03126274049282074;0.11163296550512314;96;4
N03;N03;Normal: Noite estável;Normal;Normal;0.050000007078051564;0.050000007078051564;R1_NORMAL;-1;-1;0;0;-1;-1;0;0.05000000819563866;0.03363850340247154;0.08553272485733032;96;4
C04;C04;Critico: Multiplas distracoes urbanas;Critico;Critico;0.5655845314264297;0.5655845314264297;R1_NORMAL;22;45;24;0;24;2;1;0.22671042382717133;0.20450985431671143;0.2042560577392578;96;4
N03;N03;Normal: Noite estável;Normal;Normal;0.050000007078051564;0.050000007078051564;R2_STABLE_RISK;-1;-1;0;0;-1;-1;0;0.05000000819563866;0.03498072922229767;0.08455678820610046;96;4
C09;C09;Critico progressivo: Bebida ao volante;Critico;Critico;0.39358554333448403;0.39358554333448403;R1_NORMAL;38;73;36;1;53;15;0;0.05000000819563866;0.2503451406955719;0.12574492394924164;96;4
N02;N02;Normal: Urbano moderado;Normal;Normal;0.050000007078051564;0.050000007078051564;R1_NORMAL;-1;-1;0;0;-1;-1;0;0.05000000819563866;0.03534138202667236;0.09165539592504501;96;4
C01;C01;Critico: Celular em alta velocidade;Critico;Critico;0.29102678298950196;0.29102678298950196;R3_FALSE_KIN;32;44;13;0;34;2;0;0.05000000819563866;0.15688306093215942;0.10642538219690323;96;4
C07;C07;Critico progressivo: Sem cinto sob chuva;Critico;Critico;0.4010886505246162;0.4010886505246162;R1_NORMAL;37;75;39;1;58;21;0;0.05000000819563866;0.37625956535339355;0.15869149565696716;96;4
C06;C06;Critico progressivo: Fadiga noturna;Critico;Critico;0.4388657703995704;0.4388657703995704;R1_NORMAL;36;81;46;1;58;22;0;0.05000000819563866;0.16539901494979858;0.13093402981758118;96;4
C05;C05;Critico progressivo: Celular em rodovia;Critico;Critico;0.3630249634385109;0.3630249634385109;R2_STABLE_RISK;42;73;32;1;60;18;0;0.05000000819563866;0.3113817274570465;0.11578896641731262;96;4
C05;C05;Critico progressivo: Celular em rodovia;Critico;Critico;0.483770015835762;0.483770015835762;R2_STABLE_RISK;42;73;32;1;58;16;1;0.2825956344604492;0.323388010263443;0.148407980799675;96;4
C02;C02;Critico: Fadiga com desvio cinematico;Critico;Critico;0.39378328174352645;0.39378328174352645;R3_FALSE_KIN;29;50;22;0;32;3;0;0.05000000819563866;0.09454724192619324;0.12006618827581406;96;4
C02;C02;Critico: Fadiga com desvio cinematico;Critico;Critico;0.39378328174352645;0.39378328174352645;R1_NORMAL;29;50;22;0;32;3;0;0.05000000819563866;0.09129752963781357;0.10529603809118271;96;4
C09;C09;Critico progressivo: Bebida ao volante;Critico;Critico;0.3797306582331657;0.3797306582331657;R1_NORMAL;38;73;36;1;57;19;0;0.05000000819563866;0.2518002688884735;0.15343116223812103;96;4
C02;C02;Critico: Fadiga com desvio cinematico;Critico;Critico;0.39378328174352645;0.39378328174352645;R3_FALSE_KIN;29;50;22;0;32;3;0;0.05000000819563866;0.100806824862957;0.136780247092247;96;4
N03;N03;Normal: Noite estável;Normal;Normal;0.050000007078051564;0.050000007078051564;R1_NORMAL;-1;-1;0;0;-1;-1;0;0.05000000819563866;0.026961445808410645;0.09852942079305649;96;4
C07;C07;Critico progressivo: Sem cinto sob chuva;Critico;Critico;0.4266249522566795;0.4266249522566795;R1_NORMAL;37;75;39;1;57;20;0;0.05000000819563866;0.3839174211025238;0.12501376867294312;96;4
C10;C10;Critico progressivo: Grooming em rodovia com fadiga;Critico;Critico;0.39851607531309124;0.39851607531309124;R3_FALSE_KIN;40;81;42;1;66;26;0;0.05000000819563866;0.19879649579524994;0.13868103921413422;96;4
C02;C02;Critico: Fadiga com desvio cinematico;Critico;Critico;0.39378328174352645;0.39378328174352645;R1_NORMAL;29;50;22;0;32;3;0;0.05000000819563866;0.10440514236688614;0.14385992288589478;96;4
C02;C02;Critico: Fadiga com desvio cinematico;Critico;Critico;0.39378328174352645;0.39378328174352645;R1_NORMAL;29;50;22;0;32;3;0;0.05000000819563866;0.10107263177633286;0.13449031114578247;96;4
C05;C05;Critico progressivo: Celular em rodovia;Critico;Critico;0.3743575155735016;0.3743575155735016;R3_FALSE_KIN;42;73;32;1;61;19;0;0.05000000819563866;0.32393452525138855;0.12091308832168579;96;4
C10;C10;Critico progressivo: Grooming em rodovia com fadiga;Critico;Critico;0.43167335093021386;0.43167335093021386;R2_STABLE_RISK;40;81;42;1;66;26;1;0.33535850048065186;0.19998599588871002;0.08193448930978775;96;4
C03;C03;Critico: Celular sem cinto sob chuva;Critico;Critico;0.3752959698438644;0.3752959698438644;R3_FALSE_KIN;26;41;16;0;28;2;0;0.05000000819563866;0.18238510191440582;0.13414593040943146;96;4
C01;C01;Critico: Celular em alta velocidade;Critico;Critico;0.29102678298950196;0.29102678298950196;R2_STABLE_RISK;32;44;13;0;34;2;0;0.05000000819563866;0.15152497589588165;0.14919821918010712;96;4
C10;C10;Critico progressivo: Grooming em rodovia com fadiga;Critico;Critico;0.41939218193292616;0.41939218193292616;R2_STABLE_RISK;40;81;42;1;64;24;0;0.05000000819563866;0.20111453533172607;0.1204916462302208;96;4
N01;N01;Normal: Viagem tranquila em rodovia;Normal;Normal;0.050000007078051564;0.050000007078051564;R3_FALSE_KIN;-1;-1;0;0;-1;-1;0;0.05000000819563866;0.027631593868136406;0.10291391611099243;96;4
N03;N03;Normal: Noite estável;Normal;Normal;0.050000007078051564;0.050000007078051564;R3_FALSE_KIN;-1;-1;0;0;-1;-1;0;0.05000000819563866;0.03200620785355568;0.09440825134515762;96;4
C04;C04;Critico: Multiplas distracoes urbanas;Critico;Critico;0.560776388645172;0.560776388645172;R1_NORMAL;22;45;24;0;24;2;1;0.19422709941864014;0.2043406218290329;0.18952278792858124;96;4
C05;C05;Critico progressivo: Celular em rodovia;Critico;Critico;0.38485669493675234;0.38485669493675234;R1_NORMAL;42;73;32;1;57;15;0;0.05000000819563866;0.3298470079898834;0.14856505393981934;96;4
C10;C10;Critico progressivo: Grooming em rodovia com fadiga;Critico;Critico;0.4195820093154907;0.4195820093154907;R1_NORMAL;40;81;42;1;67;27;0;0.05000000819563866;0.20110464096069336;0.1252853274345398;96;4
C01;C01;Critico: Celular em alta velocidade;Critico;Critico;0.5276874750852585;0.5276874750852585;R1_NORMAL;32;44;13;0;34;2;1;0.23514600098133087;0.15422748029232025;0.20229731500148773;96;4
C04;C04;Critico: Multiplas distracoes urbanas;Critico;Critico;0.3713889718055725;0.3713889718055725;R3_FALSE_KIN;22;45;24;0;24;2;0;0.05000000819563866;0.20357036590576172;0.11346995830535889;96;4
C04;C04;Critico: Multiplas distracoes urbanas;Critico;Critico;0.3713889718055725;0.3713889718055725;R1_NORMAL;22;45;24;0;24;2;0;0.05000000819563866;0.20287032425403595;0.11574504524469376;96;4
C06;C06;Critico progressivo: Fadiga noturna;Critico;Critico;0.43313590139150615;0.43313590139150615;R2_STABLE_RISK;36;81;46;1;60;24;0;0.05000000819563866;0.16074204444885254;0.15222537517547607;96;4
C09;C09;Critico progressivo: Bebida ao volante;Critico;Critico;0.40111829638481133;0.40111829638481133;R1_NORMAL;38;73;36;1;56;18;0;0.05000000819563866;0.2503666579723358;0.1206921935081482;96;4
C06;C06;Critico progressivo: Fadiga noturna;Critico;Critico;0.4368093565106392;0.4368093565106392;R3_FALSE_KIN;36;81;46;1;60;24;0;0.05000000819563866;0.1505696326494217;0.14157317578792572;96;4
C10;C10;Critico progressivo: Grooming em rodovia com fadiga;Critico;Critico;0.42193617671728134;0.42193617671728134;R3_FALSE_KIN;40;81;42;1;61;21;0;0.05000000819563866;0.19772033393383026;0.14379450678825378;96;4
C01;C01;Critico: Celular em alta velocidade;Critico;Critico;0.29102678298950196;0.29102678298950196;R2_STABLE_RISK;32;44;13;0;34;2;0;0.05000000819563866;0.15303254127502441;0.11832290887832642;96;4
C04;C04;Critico: Multiplas distracoes urbanas;Critico;Critico;0.3713889718055725;0.3713889718055725;R1_NORMAL;22;45;24;0;24;2;0;0.05000000819563866;0.20154224336147308;0.1347687989473343;96;4
N01;N01;Normal: Viagem tranquila em rodovia;Normal;Normal;0.050000007078051564;0.050000007078051564;R1_NORMAL;-1;-1;0;0;-1;-1;0;0.05000000819563866;0.026543503627181053;0.1409907042980194;96;4
N03;N03;Normal: Noite estável;Normal;Normal;0.050000007078051564;0.050000007078051564;R3_FALSE_KIN;-1;-1;0;0;-1;-1;0;0.05000000819563866;0.03372829779982567;0.07356507331132889;96;4
N03;N03;Normal: Noite estável;Normal;Normal;0.050000007078051564;0.050000007078051564;R3_FALSE_KIN;-1;-1;0;0;-1;-1;0;0.05000000819563866;0.03193826600909233;0.06967195868492126;96;4
N02;N02;Normal: Urbano moderado;Normal;Normal;0.050000007078051564;0.050000007078051564;R2_STABLE_RISK;-1;-1;0;0;-1;-1;0;0.05000000819563866;0.029357576742768288;0.08366798609495163;96;4
C05;C05;Critico progressivo: Celular em rodovia;Critico;Critico;0.3888650521636009;0.3888650521636009;R1_NORMAL;42;73;32;1;59;17;0;0.05000000819563866;0.3126007318496704;0.10289113968610764;96;4
C04;C04;Critico: Multiplas distracoes urbanas;Critico;Critico;0.3713889718055725;0.3713889718055725;R2_STABLE_RISK;22;45;24;0;24;2;0;0.05000000819563866;0.20031221210956573;0.09848792105913162;96;4
N03;N03;Normal: Noite estável;Normal;Normal;0.050000007078051564;0.050000007078051564;R2_STABLE_RISK;-1;-1;0;0;-1;-1;0;0.05000000819563866;0.029626086354255676;0.09848973900079727;96;4
N03;N03;Normal: Noite estável;Normal;Normal;0.050000007078051564;0.050000007078051564;R2_STABLE_RISK;-1;-1;0;0;-1;-1;0;0.05000000819563866;0.03032282181084156;0.07974166423082352;96;4
N03;N03;Normal: Noite estável;Normal;Normal;0.050000007078051564;0.050000007078051564;R2_STABLE_RISK;-1;-1;0;0;-1;-1;0;0.05000000819563866;0.02794513665139675;0.11380475759506226;96;4
C03;C03;Critico: Celular sem cinto sob chuva;Critico;Critico;0.3752959698438644;0.3752959698438644;R1_NORMAL;26;41;16;0;28;2;0;0.05000000819563866;0.19061343371868134;0.1252439022064209;96;4
N02;N02;Normal: Urbano moderado;Normal;Normal;0.050000007078051564;0.050000007078051564;R3_FALSE_KIN;-1;-1;0;0;-1;-1;0;0.05000000819563866;0.02927277237176895;0.07164866477251053;96;4
C10;C10;Critico progressivo: Grooming em rodovia com fadiga;Critico;Critico;0.42502543479204175;0.42502543479204175;R2_STABLE_RISK;40;81;42;1;57;17;0;0.05000000819563866;0.20392261445522308;0.11911389231681824;96;4
N01;N01;Normal: Viagem tranquila em rodovia;Normal;Normal;0.050000007078051564;0.050000007078051564;R1_NORMAL;-1;-1;0;0;-1;-1;0;0.05000000819563866;0.027210524305701256;0.10290517657995224;96;4
C09;C09;Critico progressivo: Bebida ao volante;Critico;Critico;0.4563101440668106;0.4563101440668106;R1_NORMAL;38;73;36;1;60;22;1;0.2751657962799072;0.25101712346076965;0.1777859330177307;96;4
C10;C10;Critico progressivo: Grooming em rodovia com fadiga;Critico;Critico;0.41103633195161815;0.41103633195161815;R3_FALSE_KIN;40;81;42;1;62;22;0;0.05000000819563866;0.19786198437213898;0.11205986887216568;96;4
C04;C04;Critico: Multiplas distracoes urbanas;Critico;Critico;0.5719364613294601;0.5719364613294601;R2_STABLE_RISK;22;45;24;0;24;2;1;0.23970597982406616;0.20519500970840454;0.2065356969833374;96;4
C03;C03;Critico: Celular sem cinto sob chuva;Critico;Critico;0.3752959698438644;0.3752959698438644;R1_NORMAL;26;41;16;0;28;2;0;0.05000000819563866;0.18912720680236816;0.10457868129014969;96;4
C10;C10;Critico progressivo: Grooming em rodovia com fadiga;Critico;Critico;0.4995913743972778;0.4995913743972778;R2_STABLE_RISK;40;81;42;1;64;24;1;0.33943629264831543;0.18894511461257935;0.13548462092876434;96;4
N01;N01;Normal: Viagem tranquila em rodovia;Normal;Normal;0.050000007078051564;0.050000007078051564;R2_STABLE_RISK;-1;-1;0;0;-1;-1;0;0.05000000819563866;0.03561558201909065;0.11606448888778687;96;4
N02;N02;Normal: Urbano moderado;Normal;Normal;0.050000007078051564;0.050000007078051564;R2_STABLE_RISK;-1;-1;0;0;-1;-1;0;0.05000000819563866;0.03568779304623604;0.13569754362106323;96;4
C07;C07;Critico progressivo: Sem cinto sob chuva;Critico;Critico;0.418447183072567;0.418447183072567;R2_STABLE_RISK;37;75;39;1;54;17;0;0.05000000819563866;0.3909195363521576;0.1126721203327179;96;4
N03;N03;Normal: Noite estável;Normal;Normal;0.050000007078051564;0.050000007078051564;R1_NORMAL;-1;-1;0;0;-1;-1;0;0.05000000819563866;0.03024963103234768;0.13042734563350677;96;4
C09;C09;Critico progressivo: Bebida ao volante;Critico;Critico;0.40306958109140395;0.40306958109140395;R1_NORMAL;38;73;36;1;56;18;0;0.05000000819563866;0.2514859437942505;0.09153851121664047;96;4
C07;C07;Critico progressivo: Sem cinto sob chuva;Critico;Critico;0.4156304061412811;0.4156304061412811;R2_STABLE_RISK;37;75;39;1;60;23;0;0.05000000819563866;0.376422256231308;0.1433390974998474;96;4
C05;C05;Critico progressivo: Celular em rodovia;Critico;Critico;0.46188002526760097;0.46188002526760097;R2_STABLE_RISK;42;73;32;1;59;17;1;0.30755850672721863;0.3154568672180176;0.1615079939365387;96;4
C09;C09;Critico progressivo: Bebida ao volante;Critico;Critico;0.4827565610408783;0.4827565610408783;R2_STABLE_RISK;38;73;36;1;59;21;1;0.3156560957431793;0.24623997509479523;0.16196571290493011;96;4
C02;C02;Critico: Fadiga com desvio cinematico;Critico;Critico;0.39378328174352645;0.39378328174352645;R2_STABLE_RISK;29;50;22;0;32;3;0;0.05000000819563866;0.10157843679189682;0.10526931285858154;96;4
C04;C04;Critico: Multiplas distracoes urbanas;Critico;Critico;0.3713889718055725;0.3713889718055725;R3_FALSE_KIN;22;45;24;0;24;2;0;0.05000000819563866;0.20108310878276825;0.13041894137859344;96;4
C02;C02;Critico: Fadiga com desvio cinematico;Critico;Critico;0.5972209572792053;0.5972209572792053;R1_NORMAL;29;50;22;0;32;3;1;0.24250876903533936;0.09803551435470581;0.20021481812000275;96;4
N03;N03;Normal: Noite estável;Normal;Normal;0.050000007078051564;0.050000007078051564;R1_NORMAL;-1;-1;0;0;-1;-1;0;0.05000000819563866;0.030887549743056297;0.113652803003788;96;4
C08;C08;Critico progressivo: Distracao urbana multietapas;Critico;Critico;0.4302913144230842;0.4302913144230842;R1_NORMAL;28;77;50;1;57;29;0;0.05000000819563866;0.30600520968437195;0.1593395173549652;96;4
C03;C03;Critico: Celular sem cinto sob chuva;Critico;Critico;0.6065347194671631;0.6065347194671631;R1_NORMAL;26;41;16;0;28;2;1;0.2035294771194458;0.18896853923797607;0.2168322056531906;96;4
C10;C10;Critico progressivo: Grooming em rodovia com fadiga;Critico;Critico;0.40392882078886033;0.40392882078886033;R3_FALSE_KIN;40;81;42;1;61;21;0;0.05000000819563866;0.20377428829669952;0.11748533695936203;96;4
C10;C10;Critico progressivo: Grooming em rodovia com fadiga;Critico;Critico;0.3902246996760368;0.3902246996760368;R2_STABLE_RISK;40;81;42;1;59;19;0;0.05000000819563866;0.20254923403263092;0.13304734230041504;96;4
C03;C03;Critico: Celular sem cinto sob chuva;Critico;Critico;0.3752959698438644;0.3752959698438644;R1_NORMAL;26;41;16;0;28;2;0;0.05000000819563866;0.18865907192230225;0.12970812618732452;96;4
C09;C09;Critico progressivo: Bebida ao volante;Critico;Critico;0.4011938214302063;0.4011938214302063;R3_FALSE_KIN;38;73;36;1;58;20;0;0.05000000819563866;0.2525070011615753;0.11722034960985184;96;4
C01;C01;Critico: Celular em alta velocidade;Critico;Critico;0.29102678298950196;0.29102678298950196;R3_FALSE_KIN;32;44;13;0;34;2;0;0.05000000819563866;0.14978928864002228;0.13314403593540192;96;4
C04;C04;Critico: Multiplas distracoes urbanas;Critico;Critico;0.3713889718055725;0.3713889718055725;R1_NORMAL;22;45;24;0;24;2;0;0.05000000819563866;0.19737116992473602;0.1253194510936737;96;4
C02;C02;Critico: Fadiga com desvio cinematico;Critico;Critico;0.39378328174352645;0.39378328174352645;R1_NORMAL;29;50;22;0;32;3;0;0.05000000819563866;0.09507595747709274;0.1208517774939537;96;4
C07;C07;Critico progressivo: Sem cinto sob chuva;Critico;Critico;0.41702661663293833;0.41702661663293833;R2_STABLE_RISK;37;75;39;1;56;19;0;0.05000000819563866;0.39218637347221375;0.14002056419849396;96;4
C06;C06;Critico progressivo: Fadiga noturna;Critico;Critico;0.4359085917472839;0.4359085917472839;R2_STABLE_RISK;36;81;46;1;59;23;0;0.05000000819563866;0.16060425341129303;0.09757021814584732;96;4
C02;C02;Critico: Fadiga com desvio cinematico;Critico;Critico;0.39378328174352645;0.39378328174352645;R1_NORMAL;29;50;22;0;32;3;0;0.05000000819563866;0.0964365229010582;0.06629496812820435;96;4
C04;C04;Critico: Multiplas distracoes urbanas;Critico;Critico;0.3713889718055725;0.3713889718055725;R2_STABLE_RISK;22;45;24;0;24;2;0;0.05000000819563866;0.20895974338054657;0.12332900613546371;96;4
N03;N03;Normal: Noite estável;Normal;Normal;0.050000007078051564;0.050000007078051564;R1_NORMAL;-1;-1;0;0;-1;-1;0;0.05000000819563866;0.03027447499334812;0.09156209230422974;96;4
C01;C01;Critico: Celular em alta velocidade;Critico;Critico;0.29102678298950196;0.29102678298950196;R1_NORMAL;32;44;13;0;34;2;0;0.05000000819563866;0.15327860414981842;0.09993201494216919;96;4
C02;C02;Critico: Fadiga com desvio cinematico;Critico;Critico;0.39378328174352645;0.39378328174352645;R1_NORMAL;29;50;22;0;32;3;0;0.05000000819563866;0.09775242209434509;0.1200624480843544;96;4
N01;N01;Normal: Viagem tranquila em rodovia;Normal;Normal;0.050000007078051564;0.050000007078051564;R1_NORMAL;-1;-1;0;0;-1;-1;0;0.05000000819563866;0.03340728580951691;0.12710608541965485;96;4
N01;N01;Normal: Viagem tranquila em rodovia;Normal;Normal;0.050000007078051564;0.050000007078051564;R1_NORMAL;-1;-1;0;0;-1;-1;0;0.05000000819563866;0.037025127559900284;0.10227439552545547;96;4
C03;C03;Critico: Celular sem cinto sob chuva;Critico;Critico;0.6263228446245193;0.6263228446245193;R1_NORMAL;26;41;16;0;28;2;1;0.2731459140777588;0.1890549510717392;0.1552589386701584;96;4
C01;C01;Critico: Celular em alta velocidade;Critico;Critico;0.29102678298950196;0.29102678298950196;R1_NORMAL;32;44;13;0;34;2;0;0.05000000819563866;0.15381330251693726;0.1270386129617691;96;4
C05;C05;Critico progressivo: Celular em rodovia;Critico;Critico;0.35343347787857055;0.35343347787857055;R3_FALSE_KIN;42;73;32;1;62;20;0;0.05000000819563866;0.3182571232318878;0.1900854855775833;96;4
C02;C02;Critico: Fadiga com desvio cinematico;Critico;Critico;0.39378328174352645;0.39378328174352645;R2_STABLE_RISK;29;50;22;0;32;3;0;0.05000000819563866;0.09637260437011719;0.14841873943805695;96;4
C08;C08;Critico progressivo: Distracao urbana multietapas;Critico;Critico;0.4323682561516762;0.4323682561516762;R3_FALSE_KIN;28;77;50;1;57;29;0;0.05000000819563866;0.30978846549987793;0.17082469165325165;96;4
N02;N02;Normal: Urbano moderado;Normal;Normal;0.050000007078051564;0.050000007078051564;R3_FALSE_KIN;-1;-1;0;0;-1;-1;0;0.05000000819563866;0.03276820480823517;0.10637781023979187;96;4
C01;C01;Critico: Celular em alta velocidade;Critico;Critico;0.29102678298950196;0.29102678298950196;R3_FALSE_KIN;32;44;13;0;34;2;0;0.05000000819563866;0.15069133043289185;0.09674248844385147;96;4
C04;C04;Critico: Multiplas distracoes urbanas;Critico;Critico;0.5641918748617172;0.5641918748617172;R2_STABLE_RISK;22;45;24;0;24;2;1;0.25134143233299255;0.2006676197052002;0.16377310454845428;96;4
C07;C07;Critico progressivo: Sem cinto sob chuva;Critico;Critico;0.44041502475738525;0.44041502475738525;R2_STABLE_RISK;37;75;39;1;56;19;0;0.05000000819563866;0.3775879442691803;0.12603123486042023;96;4
C05;C05;Critico progressivo: Celular em rodovia;Critico;Critico;0.4763414889574051;0.4763414889574051;R1_NORMAL;42;73;32;1;58;16;1;0.3116931617259979;0.3196171820163727;0.1705443114042282;96;4
C04;C04;Critico: Multiplas distracoes urbanas;Critico;Critico;0.3713889718055725;0.3713889718055725;R1_NORMAL;22;45;24;0;24;2;0;0.05000000819563866;0.20689737796783447;0.13524429500102997;96;4
C01;C01;Critico: Celular em alta velocidade;Critico;Critico;0.5336297571659088;0.5336297571659088;R1_NORMAL;32;44;13;0;34;2;1;0.2535967528820038;0.15072140097618103;0.1273297220468521;96;4
C06;C06;Critico progressivo: Fadiga noturna;Critico;Critico;0.41368414610624316;0.41368414610624316;R2_STABLE_RISK;36;81;46;1;64;28;0;0.05000000819563866;0.16337108612060547;0.1597849577665329;96;4
N03;N03;Normal: Noite estável;Normal;Normal;0.050000007078051564;0.050000007078051564;R2_STABLE_RISK;-1;-1;0;0;-1;-1;0;0.05000000819563866;0.02985524572432041;0.1170211210846901;96;4
C06;C06;Critico progressivo: Fadiga noturna;Critico;Critico;0.40788915753364563;0.40788915753364563;R2_STABLE_RISK;36;81;46;1;62;26;0;0.05000000819563866;0.1562541127204895;0.1213068962097168;96;4
N02;N02;Normal: Urbano moderado;Normal;Normal;0.050000007078051564;0.050000007078051564;R2_STABLE_RISK;-1;-1;0;0;-1;-1;0;0.05000000819563866;0.03322700411081314;0.10094139724969864;96;4
C09;C09;Critico progressivo: Bebida ao volante;Critico;Critico;0.4921289652585983;0.4921289652585983;R2_STABLE_RISK;38;73;36;1;55;17;1;0.3159482181072235;0.2533203363418579;0.1689939945936203;96;4
C08;C08;Critico progressivo: Distracao urbana multietapas;Critico;Critico;0.47164570689201357;0.47164570689201357;R1_NORMAL;28;77;50;1;60;32;1;0.28595468401908875;0.31307873129844666;0.19480709731578827;96;4
C04;C04;Critico: Multiplas distracoes urbanas;Critico;Critico;0.3713889718055725;0.3713889718055725;R1_NORMAL;22;45;24;0;24;2;0;0.05000000819563866;0.2025504857301712;0.13354335725307465;96;4
C09;C09;Critico progressivo: Bebida ao volante;Critico;Critico;0.49659335017204276;0.49659335017204276;R1_NORMAL;38;73;36;1;60;22;1;0.3246168792247772;0.25436198711395264;0.16830682754516602;96;4
C04;C04;Critico: Multiplas distracoes urbanas;Critico;Critico;0.3713889718055725;0.3713889718055725;R2_STABLE_RISK;22;45;24;0;24;2;0;0.05000000819563866;0.2078566700220108;0.09620863199234009;96;4
C06;C06;Critico progressivo: Fadiga noturna;Critico;Critico;0.45312260687351225;0.45312260687351225;R2_STABLE_RISK;36;81;46;1;64;28;1;0.3238452970981598;0.15827733278274536;0.1274694949388504;96;4
C01;C01;Critico: Celular em alta velocidade;Critico;Critico;0.29102678298950196;0.29102678298950196;R2_STABLE_RISK;32;44;13;0;34;2;0;0.05000000819563866;0.16013608872890472;0.15627968311309814;96;4
C09;C09;Critico progressivo: Bebida ao volante;Critico;Critico;0.4967334300279617;0.4967334300279617;R1_NORMAL;38;73;36;1;57;19;1;0.2930567264556885;0.24984031915664673;0.18579773604869843;96;4
C03;C03;Critico: Celular sem cinto sob chuva;Critico;Critico;0.6248784571886062;0.6248784571886062;R3_FALSE_KIN;26;41;16;0;28;2;1;0.26666900515556335;0.18768815696239471;0.1837029606103897;96;4
C06;C06;Critico progressivo: Fadiga noturna;Critico;Critico;0.4212868809700012;0.4212868809700012;R3_FALSE_KIN;36;81;46;1;59;23;0;0.05000000819563866;0.16089054942131042;0.12819726765155792;96;4
N03;N03;Normal: Noite estável;Normal;Normal;0.050000007078051564;0.050000007078051564;R1_NORMAL;-1;-1;0;0;-1;-1;0;0.05000000819563866;0.028056934475898743;0.08864367753267288;96;4
N02;N02;Normal: Urbano moderado;Normal;Normal;0.050000007078051564;0.050000007078051564;R2_STABLE_RISK;-1;-1;0;0;-1;-1;0;0.05000000819563866;0.03352941572666168;0.0870896577835083;96;4
C06;C06;Critico progressivo: Fadiga noturna;Critico;Critico;0.5011113911867141;0.5011113911867141;R3_FALSE_KIN;36;81;46;1;60;24;1;0.366112619638443;0.15773165225982666;0.15090055763721466;96;4
C07;C07;Critico progressivo: Sem cinto sob chuva;Critico;Critico;0.4108610391616821;0.4108610391616821;R3_FALSE_KIN;37;75;39;1;58;21;0;0.05000000819563866;0.3805373013019562;0.1419992297887802;96;4
C06;C06;Critico progressivo: Fadiga noturna;Critico;Critico;0.42541783004999156;0.42541783004999156;R3_FALSE_KIN;36;81;46;1;61;25;0;0.05000000819563866;0.1681382805109024;0.10124317556619644;96;4
C08;C08;Critico progressivo: Distracao urbana multietapas;Critico;Critico;0.43798981606960297;0.43798981606960297;R1_NORMAL;28;77;50;1;55;27;0;0.05000000819563866;0.3189227879047394;0.15138159692287445;96;4
C01;C01;Critico: Celular em alta velocidade;Critico;Critico;0.29102678298950196;0.29102678298950196;R1_NORMAL;32;44;13;0;34;2;0;0.05000000819563866;0.15229441225528717;0.12002941220998764;96;4
C07;C07;Critico progressivo: Sem cinto sob chuva;Critico;Critico;0.40321903079748156;0.40321903079748156;R1_NORMAL;37;75;39;1;58;21;0;0.05000000819563866;0.3767263889312744;0.16734199225902557;96;4
C07;C07;Critico progressivo: Sem cinto sob chuva;Critico;Critico;0.4164599016308784;0.4164599016308784;R1_NORMAL;37;75;39;1;58;21;0;0.05000000819563866;0.3768066465854645;0.13092511892318726;96;4
N01;N01;Normal: Viagem tranquila em rodovia;Normal;Normal;0.050000007078051564;0.050000007078051564;R1_NORMAL;-1;-1;0;0;-1;-1;0;0.05000000819563866;0.03785982355475426;0.09734556823968887;96;4
C08;C08;Critico progressivo: Distracao urbana multietapas;Critico;Critico;0.42687224000692364;0.42687224000692364;R3_FALSE_KIN;28;77;50;1;56;28;0;0.05000000819563866;0.3174738585948944;0.1504031866788864;96;4
C10;C10;Critico progressivo: Grooming em rodovia com fadiga;Critico;Critico;0.4008805453777313;0.4008805453777313;R3_FALSE_KIN;40;81;42;1;63;23;0;0.05000000819563866;0.1912793070077896;0.11789258569478989;96;4
C06;C06;Critico progressivo: Fadiga noturna;Critico;Critico;0.4371929138898849;0.4371929138898849;R2_STABLE_RISK;36;81;46;1;58;22;0;0.05000000819563866;0.1676778346300125;0.10046937316656113;96;4
C09;C09;Critico progressivo: Bebida ao volante;Critico;Critico;0.40731936246156686;0.40731936246156686;R2_STABLE_RISK;38;73;36;1;57;19;0;0.05000000819563866;0.2490096092224121;0.1263395994901657;96;4
N01;N01;Normal: Viagem tranquila em rodovia;Normal;Normal;0.050000007078051564;0.050000007078051564;R1_NORMAL;-1;-1;0;0;-1;-1;0;0.05000000819563866;0.03339735418558121;0.10298790782690048;96;4
C01;C01;Critico: Celular em alta velocidade;Critico;Critico;0.5217356562614441;0.5217356562614441;R1_NORMAL;32;44;13;0;34;2;1;0.20424915850162506;0.1559426188468933;0.18942971527576447;96;4
C05;C05;Critico progressivo: Celular em rodovia;Critico;Critico;0.3748165056109428;0.3748165056109428;R2_STABLE_RISK;42;73;32;1;57;15;0;0.05000000819563866;0.3215111494064331;0.15682165324687958;96;4
C03;C03;Critico: Celular sem cinto sob chuva;Critico;Critico;0.6159738928079604;0.6159738928079604;R1_NORMAL;26;41;16;0;28;2;1;0.26786744594573975;0.1854182481765747;0.19564519822597504;96;4
C04;C04;Critico: Multiplas distracoes urbanas;Critico;Critico;0.5772448539733886;0.5772448539733886;R1_NORMAL;22;45;24;0;24;2;1;0.26263871788978577;0.2026735097169876;0.20435766875743866;96;4
C09;C09;Critico progressivo: Bebida ao volante;Critico;Critico;0.48922692239284515;0.48922692239284515;R2_STABLE_RISK;38;73;36;1;57;19;1;0.28698858618736267;0.2508479952812195;0.15191921591758728;96;4
N03;N03;Normal: Noite estável;Normal;Normal;0.050000007078051564;0.050000007078051564;R2_STABLE_RISK;-1;-1;0;0;-1;-1;0;0.05000000819563866;0.03196478635072708;0.07996083796024323;96;4
C05;C05;Critico progressivo: Celular em rodovia;Critico;Critico;0.37989935129880903;0.37989935129880903;R2_STABLE_RISK;42;73;32;1;58;16;0;0.05000000819563866;0.3162938058376312;0.13065959513187408;96;4
N02;N02;Normal: Urbano moderado;Normal;Normal;0.050000007078051564;0.050000007078051564;R3_FALSE_KIN;-1;-1;0;0;-1;-1;0;0.05000000819563866;0.03504684194922447;0.07908909767866135;96;4
C04;C04;Critico: Multiplas distracoes urbanas;Critico;Critico;0.3713889718055725;0.3713889718055725;R1_NORMAL;22;45;24;0;24;2;0;0.05000000819563866;0.19855208694934845;0.13203634321689606;96;4
C02;C02;Critico: Fadiga com desvio cinematico;Critico;Critico;0.39378328174352645;0.39378328174352645;R2_STABLE_RISK;29;50;22;0;32;3;0;0.05000000819563866;0.09348740428686142;0.10348767042160034;96;4
C03;C03;Critico: Celular sem cinto sob chuva;Critico;Critico;0.6079708665609359;0.6079708665609359;R2_STABLE_RISK;26;41;16;0;28;2;1;0.26372218132019043;0.18990059196949005;0.17889805138111115;96;4
N03;N03;Normal: Noite estável;Normal;Normal;0.050000007078051564;0.050000007078051564;R1_NORMAL;-1;-1;0;0;-1;-1;0;0.05000000819563866;0.025997290387749672;0.12295174598693848;96;4
C03;C03;Critico: Celular sem cinto sob chuva;Critico;Critico;0.6026114970445633;0.6026114970445633;R2_STABLE_RISK;26;41;16;0;28;2;1;0.17928661406040192;0.18872840702533722;0.19639213383197784;96;4
C07;C07;Critico progressivo: Sem cinto sob chuva;Critico;Critico;0.4156687930226326;0.4156687930226326;R3_FALSE_KIN;37;75;39;1;58;21;0;0.05000000819563866;0.3773256242275238;0.1271299570798874;96;4
N01;N01;Normal: Viagem tranquila em rodovia;Normal;Normal;0.050000007078051564;0.050000007078051564;R2_STABLE_RISK;-1;-1;0;0;-1;-1;0;0.05000000819563866;0.0250582005828619;0.10642927139997482;96;4
C02;C02;Critico: Fadiga com desvio cinematico;Critico;Critico;0.5889963179826736;0.5889963179826736;R1_NORMAL;29;50;22;0;32;3;1;0.1909358650445938;0.10165548324584961;0.13687442243099213;96;4
C02;C02;Critico: Fadiga com desvio cinematico;Critico;Critico;0.39378328174352645;0.39378328174352645;R2_STABLE_RISK;29;50;22;0;32;3;0;0.05000000819563866;0.09975096583366394;0.1510927975177765;96;4
C05;C05;Critico progressivo: Celular em rodovia;Critico;Critico;0.3975821569561958;0.3975821569561958;R1_NORMAL;42;73;32;1;57;15;0;0.05000000819563866;0.3204668164253235;0.14474698901176453;96;4
C07;C07;Critico progressivo: Sem cinto sob chuva;Critico;Critico;0.47891212999820704;0.47891212999820704;R1_NORMAL;37;75;39;1;58;21;1;0.3243360221385956;0.3788503110408783;0.18043221533298492;96;4
N03;N03;Normal: Noite estável;Normal;Normal;0.050000007078051564;0.050000007078051564;R2_STABLE_RISK;-1;-1;0;0;-1;-1;0;0.05000000819563866;0.032238785177469254;0.10921090841293335;96;4
C04;C04;Critico: Multiplas distracoes urbanas;Critico;Critico;0.3713889718055725;0.3713889718055725;R2_STABLE_RISK;22;45;24;0;24;2;0;0.05000000819563866;0.20545537769794464;0.16119453310966492;96;4
C06;C06;Critico progressivo: Fadiga noturna;Critico;Critico;0.41220076084136964;0.41220076084136964;R2_STABLE_RISK;36;81;46;1;61;25;0;0.05000000819563866;0.15644598007202148;0.11863133311271667;96;4
C03;C03;Critico: Celular sem cinto sob chuva;Critico;Critico;0.3752959698438644;0.3752959698438644;R2_STABLE_RISK;26;41;16;0;28;2;0;0.05000000819563866;0.1851743459701538;0.1350896656513214;96;4
C01;C01;Critico: Celular em alta velocidade;Critico;Critico;0.29102678298950196;0.29102678298950196;R1_NORMAL;32;44;13;0;34;2;0;0.05000000819563866;0.15571969747543335;0.09346789121627808;96;4
C03;C03;Critico: Celular sem cinto sob chuva;Critico;Critico;0.6059516102075577;0.6059516102075577;R1_NORMAL;26;41;16;0;28;2;1;0.20604580640792847;0.19137440621852875;0.13946518301963806;96;4
C10;C10;Critico progressivo: Grooming em rodovia com fadiga;Critico;Critico;0.42250000834465024;0.42250000834465024;R1_NORMAL;40;81;42;1;58;18;0;0.05000000819563866;0.19834427535533905;0.1262999027967453;96;4
N01;N01;Normal: Viagem tranquila em rodovia;Normal;Normal;0.050000007078051564;0.050000007078051564;R1_NORMAL;-1;-1;0;0;-1;-1;0;0.05000000819563866;0.029802365228533745;0.10527608543634415;96;4
C06;C06;Critico progressivo: Fadiga noturna;Critico;Critico;0.5048614650964737;0.5048614650964737;R3_FALSE_KIN;36;81;46;1;60;24;1;0.3645871579647064;0.1500493735074997;0.13585346937179565;96;4
C01;C01;Critico: Celular em alta velocidade;Critico;Critico;0.5343326956033707;0.5343326956033707;R1_NORMAL;32;44;13;0;34;2;1;0.2568947970867157;0.15936273336410522;0.17317438125610352;96;4
N01;N01;Normal: Viagem tranquila em rodovia;Normal;Normal;0.050000007078051564;0.050000007078051564;R2_STABLE_RISK;-1;-1;0;0;-1;-1;0;0.05000000819563866;0.03468090668320656;0.10590782016515732;96;4
C05;C05;Critico progressivo: Celular em rodovia;Critico;Critico;0.38453575819730756;0.38453575819730756;R3_FALSE_KIN;42;73;32;1;58;16;0;0.05000000819563866;0.3143090009689331;0.13231594860553741;96;4
C06;C06;Critico progressivo: Fadiga noturna;Critico;Critico;0.38642632216215134;0.38642632216215134;R2_STABLE_RISK;36;81;46;1;64;28;0;0.05000000819563866;0.15108413994312286;0.1269579380750656;96;4
N03;N03;Normal: Noite estável;Normal;Normal;0.050000007078051564;0.050000007078051564;R3_FALSE_KIN;-1;-1;0;0;-1;-1;0;0.05000000819563866;0.03493623435497284;0.13561950623989105;96;4
N03;N03;Normal: Noite estável;Normal;Normal;0.050000007078051564;0.050000007078051564;R1_NORMAL;-1;-1;0;0;-1;-1;0;0.05000000819563866;0.032091084867715836;0.10256773233413696;96;4
C03;C03;Critico: Celular sem cinto sob chuva;Critico;Critico;0.3752959698438644;0.3752959698438644;R1_NORMAL;26;41;16;0;28;2;0;0.05000000819563866;0.18430554866790771;0.12359168380498886;96;4
C09;C09;Critico progressivo: Bebida ao volante;Critico;Critico;0.4158616289496422;0.4158616289496422;R2_STABLE_RISK;38;73;36;1;57;19;0;0.05000000819563866;0.2517606019973755;0.09753348678350449;96;4
C06;C06;Critico progressivo: Fadiga noturna;Critico;Critico;0.40869171768426893;0.40869171768426893;R1_NORMAL;36;81;46;1;63;27;0;0.05000000819563866;0.16348695755004883;0.07200480252504349;96;4
C10;C10;Critico progressivo: Grooming em rodovia com fadiga;Critico;Critico;0.42527392506599426;0.42527392506599426;R1_NORMAL;40;81;42;1;61;21;0;0.05000000819563866;0.20034384727478027;0.08869045972824097;96;4
C02;C02;Critico: Fadiga com desvio cinematico;Critico;Critico;0.6059591382741928;0.6059591382741928;R2_STABLE_RISK;29;50;22;0;32;3;1;0.27009037137031555;0.09946437925100327;0.14436060190200806;96;4
C03;C03;Critico: Celular sem cinto sob chuva;Critico;Critico;0.3752959698438644;0.3752959698438644;R2_STABLE_RISK;26;41;16;0;28;2;0;0.05000000819563866;0.18779993057250977;0.103095643222332;96;4
C03;C03;Critico: Celular sem cinto sob chuva;Critico;Critico;0.3752959698438644;0.3752959698438644;R3_FALSE_KIN;26;41;16;0;28;2;0;0.05000000819563866;0.18347735702991486;0.12411195784807205;96;4
C10;C10;Critico progressivo: Grooming em rodovia com fadiga;Critico;Critico;0.393473356962204;0.393473356962204;R1_NORMAL;40;81;42;1;65;25;0;0.05000000819563866;0.19071923196315765;0.1221683993935585;96;4
N03;N03;Normal: Noite estável;Normal;Normal;0.050000007078051564;0.050000007078051564;R2_STABLE_RISK;-1;-1;0;0;-1;-1;0;0.05000000819563866;0.03673966974020004;0.09359516948461533;96;4
N02;N02;Normal: Urbano moderado;Normal;Normal;0.050000007078051564;0.050000007078051564;R3_FALSE_KIN;-1;-1;0;0;-1;-1;0;0.05000000819563866;0.03134940564632416;0.09536224603652954;96;4
C05;C05;Critico progressivo: Celular em rodovia;Critico;Critico;0.4720783770084381;0.4720783770084381;R3_FALSE_KIN;42;73;32;1;58;16;1;0.2858760952949524;0.31485530734062195;0.17586129903793335;96;4
C02;C02;Critico: Fadiga com desvio cinematico;Critico;Critico;0.39378328174352645;0.39378328174352645;R1_NORMAL;29;50;22;0;32;3;0;0.05000000819563866;0.09630012512207031;0.1366667002439499;96;4
N02;N02;Normal: Urbano moderado;Normal;Normal;0.050000007078051564;0.050000007078051564;R2_STABLE_RISK;-1;-1;0;0;-1;-1;0;0.05000000819563866;0.035892561078071594;0.1080155074596405;96;4
C02;C02;Critico: Fadiga com desvio cinematico;Critico;Critico;0.39378328174352645;0.39378328174352645;R3_FALSE_KIN;29;50;22;0;32;3;0;0.05000000819563866;0.09844765812158585;0.10717081278562546;96;4
C01;C01;Critico: Celular em alta velocidade;Critico;Critico;0.29102678298950196;0.29102678298950196;R1_NORMAL;32;44;13;0;34;2;0;0.05000000819563866;0.15977175533771515;0.14258018136024475;96;4
C01;C01;Critico: Celular em alta velocidade;Critico;Critico;0.29102678298950196;0.29102678298950196;R1_NORMAL;32;44;13;0;34;2;0;0.05000000819563866;0.16053132712841034;0.10506737232208252;96;4
N01;N01;Normal: Viagem tranquila em rodovia;Normal;Normal;0.050000007078051564;0.050000007078051564;R2_STABLE_RISK;-1;-1;0;0;-1;-1;0;0.05000000819563866;0.03234482184052467;0.08520103245973587;96;4
N01;N01;Normal: Viagem tranquila em rodovia;Normal;Normal;0.050000007078051564;0.050000007078051564;R3_FALSE_KIN;-1;-1;0;0;-1;-1;0;0.05000000819563866;0.03346175327897072;0.10315480083227158;96;4
C08;C08;Critico progressivo: Distracao urbana multietapas;Critico;Critico;0.5308322995901107;0.5308322995901107;R1_NORMAL;28;77;50;1;53;25;1;0.296810507774353;0.3223879933357239;0.1985561102628708;96;4
N02;N02;Normal: Urbano moderado;Normal;Normal;0.050000007078051564;0.050000007078051564;R3_FALSE_KIN;-1;-1;0;0;-1;-1;0;0.05000000819563866;0.02911669947206974;0.09156427532434464;96;4
C08;C08;Critico progressivo: Distracao urbana multietapas;Critico;Critico;0.5226679801940918;0.5226679801940918;R2_STABLE_RISK;28;77;50;1;48;20;1;0.33150339126586914;0.31996986269950867;0.16829438507556915;96;4
C06;C06;Critico progressivo: Fadiga noturna;Critico;Critico;0.4138989374041557;0.4138989374041557;R2_STABLE_RISK;36;81;46;1;62;26;0;0.05000000819563866;0.15256085991859436;0.18717940151691437;96;4
C05;C05;Critico progressivo: Celular em rodovia;Critico;Critico;0.4459034353494644;0.4459034353494644;R2_STABLE_RISK;42;73;32;1;59;17;1;0.23755967617034912;0.319012850522995;0.16032010316848755;96;4
N01;N01;Normal: Viagem tranquila em rodovia;Normal;Normal;0.050000007078051564;0.050000007078051564;R1_NORMAL;-1;-1;0;0;-1;-1;0;0.05000000819563866;0.02702498622238636;0.10299112647771835;96;4
C06;C06;Critico progressivo: Fadiga noturna;Critico;Critico;0.4686150044202805;0.4686150044202805;R2_STABLE_RISK;36;81;46;1;59;23;1;0.3588263988494873;0.15399691462516785;0.1286066621541977;96;4
C05;C05;Critico progressivo: Celular em rodovia;Critico;Critico;0.3968891024589538;0.3968891024589538;R1_NORMAL;42;73;32;1;59;17;0;0.05000000819563866;0.31278860569000244;0.10090271383523941;96;4
C05;C05;Critico progressivo: Celular em rodovia;Critico;Critico;0.38149021267890926;0.38149021267890926;R1_NORMAL;42;73;32;1;61;19;0;0.05000000819563866;0.3157917857170105;0.10905089229345322;96;4
N02;N02;Normal: Urbano moderado;Normal;Normal;0.050000007078051564;0.050000007078051564;R1_NORMAL;-1;-1;0;0;-1;-1;0;0.05000000819563866;0.030485132709145546;0.10358727723360062;96;4
C05;C05;Critico progressivo: Celular em rodovia;Critico;Critico;0.3865497648715973;0.3865497648715973;R2_STABLE_RISK;42;73;32;1;57;15;0;0.05000000819563866;0.32741984724998474;0.08625759929418564;96;4
C04;C04;Critico: Multiplas distracoes urbanas;Critico;Critico;0.3713889718055725;0.3713889718055725;R1_NORMAL;22;45;24;0;24;2;0;0.05000000819563866;0.2079392671585083;0.12398815155029297;96;4
C02;C02;Critico: Fadiga com desvio cinematico;Critico;Critico;0.39378328174352645;0.39378328174352645;R1_NORMAL;29;50;22;0;32;3;0;0.05000000819563866;0.09841140359640121;0.16685354709625244;96;4
C06;C06;Critico progressivo: Fadiga noturna;Critico;Critico;0.4378949835896492;0.4378949835896492;R2_STABLE_RISK;36;81;46;1;63;27;0;0.05000000819563866;0.15579237043857574;0.12768115103244781;96;4
C01;C01;Critico: Celular em alta velocidade;Critico;Critico;0.29102678298950196;0.29102678298950196;R1_NORMAL;32;44;13;0;34;2;0;0.05000000819563866;0.16389483213424683;0.1107511892914772;96;4
C07;C07;Critico progressivo: Sem cinto sob chuva;Critico;Critico;0.40588159710168836;0.40588159710168836;R3_FALSE_KIN;37;75;39;1;59;22;0;0.05000000819563866;0.38055458664894104;0.1371629238128662;96;4
C04;C04;Critico: Multiplas distracoes urbanas;Critico;Critico;0.3713889718055725;0.3713889718055725;R1_NORMAL;22;45;24;0;24;2;0;0.05000000819563866;0.198921337723732;0.19346438348293304;96;4
N01;N01;Normal: Viagem tranquila em rodovia;Normal;Normal;0.050000007078051564;0.050000007078051564;R1_NORMAL;-1;-1;0;0;-1;-1;0;0.05000000819563866;0.03430376946926117;0.11089589446783066;96;4
N01;N01;Normal: Viagem tranquila em rodovia;Normal;Normal;0.050000007078051564;0.050000007078051564;R2_STABLE_RISK;-1;-1;0;0;-1;-1;0;0.05000000819563866;0.03200593963265419;0.08361705392599106;96;4
C02;C02;Critico: Fadiga com desvio cinematico;Critico;Critico;0.6006923556327819;0.6006923556327819;R1_NORMAL;29;50;22;0;32;3;1;0.24292565882205963;0.09396251291036606;0.16543231904506683;96;4
C09;C09;Critico progressivo: Bebida ao volante;Critico;Critico;0.385751961171627;0.385751961171627;R1_NORMAL;38;73;36;1;58;20;0;0.05000000819563866;0.24762237071990967;0.13278301060199738;96;4
C05;C05;Critico progressivo: Celular em rodovia;Critico;Critico;0.3865010187029838;0.3865010187029838;R3_FALSE_KIN;42;73;32;1;57;15;0;0.05000000819563866;0.31354469060897827;0.12734900414943695;96;4
C04;C04;Critico: Multiplas distracoes urbanas;Critico;Critico;0.3713889718055725;0.3713889718055725;R1_NORMAL;22;45;24;0;24;2;0;0.05000000819563866;0.19971485435962677;0.1466621309518814;96;4
C05;C05;Critico progressivo: Celular em rodovia;Critico;Critico;0.398653207719326;0.398653207719326;R1_NORMAL;42;73;32;1;57;15;0;0.05000000819563866;0.31632256507873535;0.09876906126737595;96;4
C09;C09;Critico progressivo: Bebida ao volante;Critico;Critico;0.48920426666736605;0.48920426666736605;R3_FALSE_KIN;38;73;36;1;54;16;1;0.2979884445667267;0.25890547037124634;0.13884136080741882;96;4
C10;C10;Critico progressivo: Grooming em rodovia com fadiga;Critico;Critico;0.4433554485440254;0.4433554485440254;R1_NORMAL;40;81;42;1;59;19;0;0.05000000819563866;0.2007417529821396;0.14393405616283417;96;4
C03;C03;Critico: Celular sem cinto sob chuva;Critico;Critico;0.6035155057907104;0.6035155057907104;R1_NORMAL;26;41;16;0;28;2;1;0.19029492139816284;0.19422775506973267;0.15414221584796906;96;4
C07;C07;Critico progressivo: Sem cinto sob chuva;Critico;Critico;0.46622605025768277;0.46622605025768277;R1_NORMAL;37;75;39;1;61;24;1;0.3155839145183563;0.37273159623146057;0.1539420187473297;96;4
C02;C02;Critico: Fadiga com desvio cinematico;Critico;Critico;0.39378328174352645;0.39378328174352645;R1_NORMAL;29;50;22;0;32;3;0;0.05000000819563866;0.1007009968161583;0.12959204614162445;96;4
C02;C02;Critico: Fadiga com desvio cinematico;Critico;Critico;0.39378328174352645;0.39378328174352645;R1_NORMAL;29;50;22;0;32;3;0;0.05000000819563866;0.09976128488779068;0.10660441964864731;96;4
N01;N01;Normal: Viagem tranquila em rodovia;Normal;Normal;0.050000007078051564;0.050000007078051564;R1_NORMAL;-1;-1;0;0;-1;-1;0;0.05000000819563866;0.032965756952762604;0.12981055676937103;96;4
C05;C05;Critico progressivo: Celular em rodovia;Critico;Critico;0.4584014117717743;0.4584014117717743;R1_NORMAL;42;73;32;1;58;16;1;0.277894526720047;0.3120570480823517;0.1665041446685791;96;4
C01;C01;Critico: Celular em alta velocidade;Critico;Critico;0.5228472799062729;0.5228472799062729;R1_NORMAL;32;44;13;0;34;2;1;0.2620176076889038;0.15546827018260956;0.23305411636829376;96;4
N02;N02;Normal: Urbano moderado;Normal;Normal;0.050000007078051564;0.050000007078051564;R1_NORMAL;-1;-1;0;0;-1;-1;0;0.05000000819563866;0.02755916677415371;0.10454023629426956;96;4
C07;C07;Critico progressivo: Sem cinto sob chuva;Critico;Critico;0.47394023835659027;0.47394023835659027;R1_NORMAL;37;75;39;1;58;21;1;0.24848216772079468;0.37946248054504395;0.13503111898899078;96;4
C05;C05;Critico progressivo: Celular em rodovia;Critico;Critico;0.3946453973650932;0.3946453973650932;R3_FALSE_KIN;42;73;32;1;59;17;0;0.05000000819563866;0.31914347410202026;0.13487552106380463;96;4
C04;C04;Critico: Multiplas distracoes urbanas;Critico;Critico;0.3713889718055725;0.3713889718055725;R2_STABLE_RISK;22;45;24;0;24;2;0;0.05000000819563866;0.20201356709003448;0.14878465235233307;96;4
C08;C08;Critico progressivo: Distracao urbana multietapas;Critico;Critico;0.5166055887937545;0.5166055887937545;R1_NORMAL;28;77;50;1;53;25;1;0.33498290181159973;0.31952396035194397;0.1399392932653427;96;4
C10;C10;Critico progressivo: Grooming em rodovia com fadiga;Critico;Critico;0.40084612816572185;0.40084612816572185;R2_STABLE_RISK;40;81;42;1;60;20;0;0.05000000819563866;0.20306341350078583;0.07954603433609009;96;4
C09;C09;Critico progressivo: Bebida ao volante;Critico;Critico;0.4041326090693474;0.4041326090693474;R1_NORMAL;38;73;36;1;60;22;0;0.05000000819563866;0.2460273951292038;0.09601954370737076;96;4
C07;C07;Critico progressivo: Sem cinto sob chuva;Critico;Critico;0.3910620331764221;0.3910620331764221;R3_FALSE_KIN;37;75;39;1;56;19;0;0.05000000819563866;0.3792102634906769;0.13436999917030334;96;4
C06;C06;Critico progressivo: Fadiga noturna;Critico;Critico;0.4950592428445816;0.4950592428445816;R1_NORMAL;36;81;46;1;59;23;1;0.3558333218097687;0.15081149339675903;0.14528106153011322;96;4
C08;C08;Critico progressivo: Distracao urbana multietapas;Critico;Critico;0.5122221767902374;0.5122221767902374;R2_STABLE_RISK;28;77;50;1;53;25;1;0.2786656320095062;0.31810519099235535;0.14917753636837006;96;4
N03;N03;Normal: Noite estável;Normal;Normal;0.050000007078051564;0.050000007078051564;R1_NORMAL;-1;-1;0;0;-1;-1;0;0.05000000819563866;0.03149142861366272;0.08798203617334366;96;4
N02;N02;Normal: Urbano moderado;Normal;Normal;0.050000007078051564;0.050000007078051564;R3_FALSE_KIN;-1;-1;0;0;-1;-1;0;0.05000000819563866;0.03053443692624569;0.12497333437204361;96;4
C03;C03;Critico: Celular sem cinto sob chuva;Critico;Critico;0.3752959698438644;0.3752959698438644;R2_STABLE_RISK;26;41;16;0;28;2;0;0.05000000819563866;0.1872875839471817;0.1139163002371788;96;4
C05;C05;Critico progressivo: Celular em rodovia;Critico;Critico;0.45586200058460236;0.45586200058460236;R1_NORMAL;42;73;32;1;60;18;1;0.2659021317958832;0.31418827176094055;0.17837466299533844;96;4
C02;C02;Critico: Fadiga com desvio cinematico;Critico;Critico;0.39378328174352645;0.39378328174352645;R2_STABLE_RISK;29;50;22;0;32;3;0;0.05000000819563866;0.0920361876487732;0.10664994269609451;96;4
C06;C06;Critico progressivo: Fadiga noturna;Critico;Critico;0.4710813492536544;0.4710813492536544;R1_NORMAL;36;81;46;1;60;24;1;0.3611507713794708;0.16252751648426056;0.16839946806430817;96;4
C02;C02;Critico: Fadiga com desvio cinematico;Critico;Critico;0.39378328174352645;0.39378328174352645;R3_FALSE_KIN;29;50;22;0;32;3;0;0.05000000819563866;0.09832924604415894;0.16931438446044922;96;4
C03;C03;Critico: Celular sem cinto sob chuva;Critico;Critico;0.3752959698438644;0.3752959698438644;R2_STABLE_RISK;26;41;16;0;28;2;0;0.05000000819563866;0.17996923625469208;0.10965639352798462;96;4
C06;C06;Critico progressivo: Fadiga noturna;Critico;Critico;0.43564789295196527;0.43564789295196527;R1_NORMAL;36;81;46;1;59;23;0;0.05000000819563866;0.14912772178649902;0.07521244138479233;96;4
C02;C02;Critico: Fadiga com desvio cinematico;Critico;Critico;0.5924993842840194;0.5924993842840194;R2_STABLE_RISK;29;50;22;0;32;3;1;0.27774450182914734;0.1002170667052269;0.11961209774017334;96;4
N03;N03;Normal: Noite estável;Normal;Normal;0.050000007078051564;0.050000007078051564;R1_NORMAL;-1;-1;0;0;-1;-1;0;0.05000000819563866;0.03364941477775574;0.1424025446176529;96;4
C09;C09;Critico progressivo: Bebida ao volante;Critico;Critico;0.3931367352604866;0.3931367352604866;R2_STABLE_RISK;38;73;36;1;57;19;0;0.05000000819563866;0.24960894882678986;0.11855926364660263;96;4
C03;C03;Critico: Celular sem cinto sob chuva;Critico;Critico;0.3752959698438644;0.3752959698438644;R1_NORMAL;26;41;16;0;28;2;0;0.05000000819563866;0.18333323299884796;0.13012546300888062;96;4
C07;C07;Critico progressivo: Sem cinto sob chuva;Critico;Critico;0.4136435732245445;0.4136435732245445;R1_NORMAL;37;75;39;1;62;25;0;0.05000000819563866;0.3737415373325348;0.11519446969032288;96;4
C04;C04;Critico: Multiplas distracoes urbanas;Critico;Critico;0.3713889718055725;0.3713889718055725;R3_FALSE_KIN;22;45;24;0;24;2;0;0.05000000819563866;0.20125479996204376;0.1621893048286438;96;4
C07;C07;Critico progressivo: Sem cinto sob chuva;Critico;Critico;0.4143237754702568;0.4143237754702568;R3_FALSE_KIN;37;75;39;1;58;21;0;0.05000000819563866;0.37117800116539;0.12026682496070862;96;4
C07;C07;Critico progressivo: Sem cinto sob chuva;Critico;Critico;0.4178944185376167;0.4178944185376167;R1_NORMAL;37;75;39;1;58;21;0;0.05000000819563866;0.3815898001194;0.130226731300354;96;4
C05;C05;Critico progressivo: Celular em rodovia;Critico;Critico;0.38930592983961104;0.38930592983961104;R1_NORMAL;42;73;32;1;59;17;0;0.05000000819563866;0.32079410552978516;0.12897007167339325;96;4
N03;N03;Normal: Noite estável;Normal;Normal;0.050000007078051564;0.050000007078051564;R2_STABLE_RISK;-1;-1;0;0;-1;-1;0;0.05000000819563866;0.029682189226150513;0.12321194261312485;96;4
N03;N03;Normal: Noite estável;Normal;Normal;0.050000007078051564;0.050000007078051564;R2_STABLE_RISK;-1;-1;0;0;-1;-1;0;0.05000000819563866;0.030468178912997246;0.10935365408658981;96;4
C05;C05;Critico progressivo: Celular em rodovia;Critico;Critico;0.3778826400637626;0.3778826400637626;R1_NORMAL;42;73;32;1;59;17;0;0.05000000819563866;0.3194141685962677;0.11942249536514282;96;4
C08;C08;Critico progressivo: Distracao urbana multietapas;Critico;Critico;0.5499372959136963;0.5499372959136963;R2_STABLE_RISK;28;77;50;1;49;21;1;0.3064030110836029;0.31963449716567993;0.14496104419231415;96;4
C10;C10;Critico progressivo: Grooming em rodovia com fadiga;Critico;Critico;0.39629421234130857;0.39629421234130857;R1_NORMAL;40;81;42;1;65;25;0;0.05000000819563866;0.19611573219299316;0.1311463862657547;96;4
N01;N01;Normal: Viagem tranquila em rodovia;Normal;Normal;0.050000007078051564;0.050000007078051564;R1_NORMAL;-1;-1;0;0;-1;-1;0;0.05000000819563866;0.036187946796417236;0.10608449578285217;96;4
C06;C06;Critico progressivo: Fadiga noturna;Critico;Critico;0.4013483166694641;0.4013483166694641;R1_NORMAL;36;81;46;1;64;28;0;0.05000000819563866;0.15845966339111328;0.14573468267917633;96;4
C06;C06;Critico progressivo: Fadiga noturna;Critico;Critico;0.4335705041885376;0.4335705041885376;R3_FALSE_KIN;36;81;46;1;57;21;0;0.05000000819563866;0.16232651472091675;0.12363770604133606;96;4
N01;N01;Normal: Viagem tranquila em rodovia;Normal;Normal;0.050000007078051564;0.050000007078051564;R3_FALSE_KIN;-1;-1;0;0;-1;-1;0;0.05000000819563866;0.029904156923294067;0.11561691761016846;96;4
C07;C07;Critico progressivo: Sem cinto sob chuva;Critico;Critico;0.4016685843467712;0.4016685843467712;R1_NORMAL;37;75;39;1;60;23;0;0.05000000819563866;0.38106051087379456;0.12272720783948898;96;4
C04;C04;Critico: Multiplas distracoes urbanas;Critico;Critico;0.3713889718055725;0.3713889718055725;R2_STABLE_RISK;22;45;24;0;24;2;0;0.05000000819563866;0.20079828798770905;0.08891510963439941;96;4
C08;C08;Critico progressivo: Distracao urbana multietapas;Critico;Critico;0.4299616858363151;0.4299616858363151;R3_FALSE_KIN;28;77;50;1;55;27;0;0.05000000819563866;0.3145849406719208;0.1374782919883728;96;4
C05;C05;Critico progressivo: Celular em rodovia;Critico;Critico;0.47715518176555627;0.47715518176555627;R1_NORMAL;42;73;32;1;60;18;1;0.26472029089927673;0.31459537148475647;0.13287003338336945;96;4
C01;C01;Critico: Celular em alta velocidade;Critico;Critico;0.29102678298950196;0.29102678298950196;R2_STABLE_RISK;32;44;13;0;34;2;0;0.05000000819563866;0.159075066447258;0.14198057353496552;96;4
N01;N01;Normal: Viagem tranquila em rodovia;Normal;Normal;0.050000007078051564;0.050000007078051564;R2_STABLE_RISK;-1;-1;0;0;-1;-1;0;0.05000000819563866;0.031735047698020935;0.09159064292907715;96;4
C08;C08;Critico progressivo: Distracao urbana multietapas;Critico;Critico;0.511142212152481;0.511142212152481;R2_STABLE_RISK;28;77;50;1;56;28;1;0.29455211758613586;0.31394633650779724;0.17761099338531494;96;4
C02;C02;Critico: Fadiga com desvio cinematico;Critico;Critico;0.39378328174352645;0.39378328174352645;R1_NORMAL;29;50;22;0;32;3;0;0.05000000819563866;0.08955002576112747;0.12784579396247864;96;4
N03;N03;Normal: Noite estável;Normal;Normal;0.050000007078051564;0.050000007078051564;R1_NORMAL;-1;-1;0;0;-1;-1;0;0.05000000819563866;0.031227046623826027;0.09622421115636826;96;4
C04;C04;Critico: Multiplas distracoes urbanas;Critico;Critico;0.3713889718055725;0.3713889718055725;R1_NORMAL;22;45;24;0;24;2;0;0.05000000819563866;0.2074061632156372;0.12464272975921631;96;4
C05;C05;Critico progressivo: Celular em rodovia;Critico;Critico;0.3856274202466011;0.3856274202466011;R2_STABLE_RISK;42;73;32;1;58;16;0;0.05000000819563866;0.319880872964859;0.11456415802240372;96;4
C01;C01;Critico: Celular em alta velocidade;Critico;Critico;0.29102678298950196;0.29102678298950196;R2_STABLE_RISK;32;44;13;0;34;2;0;0.05000000819563866;0.15628084540367126;0.1195862889289856;96;4
C08;C08;Critico progressivo: Distracao urbana multietapas;Critico;Critico;0.4506392866373062;0.4506392866373062;R1_NORMAL;28;77;50;1;53;25;0;0.05000000819563866;0.3232649564743042;0.1704697608947754;96;4
C10;C10;Critico progressivo: Grooming em rodovia com fadiga;Critico;Critico;0.4216338455677032;0.4216338455677032;R1_NORMAL;40;81;42;1;63;23;0;0.05000000819563866;0.1967017650604248;0.13984905183315277;96;4
C02;C02;Critico: Fadiga com desvio cinematico;Critico;Critico;0.39378328174352645;0.39378328174352645;R3_FALSE_KIN;29;50;22;0;32;3;0;0.05000000819563866;0.09873215109109879;0.13245972990989685;96;4
C06;C06;Critico progressivo: Fadiga noturna;Critico;Critico;0.5002996474504471;0.5002996474504471;R1_NORMAL;36;81;46;1;58;22;1;0.349941611289978;0.15546685457229614;0.11393491178750992;96;4
C08;C08;Critico progressivo: Distracao urbana multietapas;Critico;Critico;0.47130466699600215;0.47130466699600215;R1_NORMAL;28;77;50;1;49;21;0;0.05000000819563866;0.3165564239025116;0.1794237494468689;96;4
C09;C09;Critico progressivo: Bebida ao volante;Critico;Critico;0.48773324489593506;0.48773324489593506;R3_FALSE_KIN;38;73;36;1;56;18;1;0.2985580861568451;0.25044748187065125;0.12237928062677383;96;4
C02;C02;Critico: Fadiga com desvio cinematico;Critico;Critico;0.39378328174352645;0.39378328174352645;R1_NORMAL;29;50;22;0;32;3;0;0.05000000819563866;0.09670397639274597;0.10913634300231934;96;4
N02;N02;Normal: Urbano moderado;Normal;Normal;0.050000007078051564;0.050000007078051564;R1_NORMAL;-1;-1;0;0;-1;-1;0;0.05000000819563866;0.03548048809170723;0.10642775148153305;96;4
N01;N01;Normal: Viagem tranquila em rodovia;Normal;Normal;0.050000007078051564;0.050000007078051564;R2_STABLE_RISK;-1;-1;0;0;-1;-1;0;0.05000000819563866;0.030542418360710144;0.07093697041273117;96;4
C02;C02;Critico: Fadiga com desvio cinematico;Critico;Critico;0.39378328174352645;0.39378328174352645;R1_NORMAL;29;50;22;0;32;3;0;0.05000000819563866;0.1001654639840126;0.11376992613077164;96;4
C03;C03;Critico: Celular sem cinto sob chuva;Critico;Critico;0.3752959698438644;0.3752959698438644;R3_FALSE_KIN;26;41;16;0;28;2;0;0.05000000819563866;0.19181054830551147;0.11710226535797119;96;4
C03;C03;Critico: Celular sem cinto sob chuva;Critico;Critico;0.3752959698438644;0.3752959698438644;R1_NORMAL;26;41;16;0;28;2;0;0.05000000819563866;0.18691003322601318;0.12557350099086761;96;4
N02;N02;Normal: Urbano moderado;Normal;Normal;0.050000007078051564;0.050000007078051564;R1_NORMAL;-1;-1;0;0;-1;-1;0;0.05000000819563866;0.03786501660943031;0.08665299415588379;96;4
C05;C05;Critico progressivo: Celular em rodovia;Critico;Critico;0.3785542711615562;0.3785542711615562;R2_STABLE_RISK;42;73;32;1;58;16;0;0.05000000819563866;0.31296882033348083;0.12094072252511978;96;4
C04;C04;Critico: Multiplas distracoes urbanas;Critico;Critico;0.5633545905351638;0.5633545905351638;R1_NORMAL;22;45;24;0;24;2;1;0.1961328238248825;0.20176935195922852;0.24739639461040497;96;4
C02;C02;Critico: Fadiga com desvio cinematico;Critico;Critico;0.39378328174352645;0.39378328174352645;R2_STABLE_RISK;29;50;22;0;32;3;0;0.05000000819563866;0.09487670660018921;0.1257682591676712;96;4
N02;N02;Normal: Urbano moderado;Normal;Normal;0.050000007078051564;0.050000007078051564;R1_NORMAL;-1;-1;0;0;-1;-1;0;0.05000000819563866;0.030642330646514893;0.13109149038791656;96;4
C05;C05;Critico progressivo: Celular em rodovia;Critico;Critico;0.4827103465795517;0.4827103465795517;R2_STABLE_RISK;42;73;32;1;61;19;1;0.30097001791000366;0.31716832518577576;0.12610657513141632;96;4
C08;C08;Critico progressivo: Distracao urbana multietapas;Critico;Critico;0.4282171607017517;0.4282171607017517;R2_STABLE_RISK;28;77;50;1;52;24;0;0.05000000819563866;0.3173341453075409;0.16777610778808594;96;4
C02;C02;Critico: Fadiga com desvio cinematico;Critico;Critico;0.39378328174352645;0.39378328174352645;R1_NORMAL;29;50;22;0;32;3;0;0.05000000819563866;0.09988045692443848;0.10621500015258789;96;4
C02;C02;Critico: Fadiga com desvio cinematico;Critico;Critico;0.39378328174352645;0.39378328174352645;R3_FALSE_KIN;29;50;22;0;32;3;0;0.05000000819563866;0.09833729267120361;0.14789099991321564;96;4
C07;C07;Critico progressivo: Sem cinto sob chuva;Critico;Critico;0.4175822794437408;0.4175822794437408;R1_NORMAL;37;75;39;1;58;21;0;0.05000000819563866;0.3763260543346405;0.12580986320972443;96;4
C04;C04;Critico: Multiplas distracoes urbanas;Critico;Critico;0.3713889718055725;0.3713889718055725;R1_NORMAL;22;45;24;0;24;2;0;0.05000000819563866;0.19908644258975983;0.11280935257673264;96;4
C06;C06;Critico progressivo: Fadiga noturna;Critico;Critico;0.41463153809309;0.41463153809309;R3_FALSE_KIN;36;81;46;1;58;22;0;0.05000000819563866;0.15673097968101501;0.09354842454195023;96;4
C03;C03;Critico: Celular sem cinto sob chuva;Critico;Critico;0.3752959698438644;0.3752959698438644;R2_STABLE_RISK;26;41;16;0;28;2;0;0.05000000819563866;0.18268035352230072;0.13236136734485626;96;4
C07;C07;Critico progressivo: Sem cinto sob chuva;Critico;Critico;0.42163453549146646;0.42163453549146646;R1_NORMAL;37;75;39;1;61;24;0;0.05000000819563866;0.37806496024131775;0.12983547151088715;96;4
C09;C09;Critico progressivo: Bebida ao volante;Critico;Critico;0.4630103081464767;0.4630103081464767;R1_NORMAL;38;73;36;1;58;20;1;0.2970648407936096;0.24853859841823578;0.1303737908601761;96;4
C09;C09;Critico progressivo: Bebida ao volante;Critico;Critico;0.4614009767770767;0.4614009767770767;R2_STABLE_RISK;38;73;36;1;60;22;1;0.2859882712364197;0.25327253341674805;0.15998221933841705;96;4
C10;C10;Critico progressivo: Grooming em rodovia com fadiga;Critico;Critico;0.4069873213768005;0.4069873213768005;R2_STABLE_RISK;40;81;42;1;64;24;0;0.05000000819563866;0.20914973318576813;0.11783524602651596;96;4
C04;C04;Critico: Multiplas distracoes urbanas;Critico;Critico;0.5661746680736541;0.5661746680736541;R3_FALSE_KIN;22;45;24;0;24;2;1;0.2245876044034958;0.20758159458637238;0.23913578689098358;96;4
C09;C09;Critico progressivo: Bebida ao volante;Critico;Critico;0.38322239369153976;0.38322239369153976;R2_STABLE_RISK;38;73;36;1;56;18;0;0.05000000819563866;0.2514694035053253;0.15496279299259186;96;4
C04;C04;Critico: Multiplas distracoes urbanas;Critico;Critico;0.3713889718055725;0.3713889718055725;R1_NORMAL;22;45;24;0;24;2;0;0.05000000819563866;0.20459888875484467;0.11799969524145126;96;4
N01;N01;Normal: Viagem tranquila em rodovia;Normal;Normal;0.050000007078051564;0.050000007078051564;R1_NORMAL;-1;-1;0;0;-1;-1;0;0.05000000819563866;0.03412872925400734;0.07398902624845505;96;4
C04;C04;Critico: Multiplas distracoes urbanas;Critico;Critico;0.3713889718055725;0.3713889718055725;R3_FALSE_KIN;22;45;24;0;24;2;0;0.05000000819563866;0.2061779499053955;0.13168369233608246;96;4
C04;C04;Critico: Multiplas distracoes urbanas;Critico;Critico;0.3713889718055725;0.3713889718055725;R1_NORMAL;22;45;24;0;24;2;0;0.05000000819563866;0.20246808230876923;0.1268673688173294;96;4
N01;N01;Normal: Viagem tranquila em rodovia;Normal;Normal;0.050000007078051564;0.050000007078051564;R3_FALSE_KIN;-1;-1;0;0;-1;-1;0;0.05000000819563866;0.027616525068879128;0.08431950956583023;96;4
C07;C07;Critico progressivo: Sem cinto sob chuva;Critico;Critico;0.4978069514036178;0.4978069514036178;R3_FALSE_KIN;37;75;39;1;56;19;1;0.2583024203777313;0.38664230704307556;0.1327878087759018;96;4
C05;C05;Critico progressivo: Celular em rodovia;Critico;Critico;0.374054604768753;0.374054604768753;R2_STABLE_RISK;42;73;32;1;60;18;0;0.05000000819563866;0.31087732315063477;0.130814328789711;96;4
N01;N01;Normal: Viagem tranquila em rodovia;Normal;Normal;0.050000007078051564;0.050000007078051564;R3_FALSE_KIN;-1;-1;0;0;-1;-1;0;0.05000000819563866;0.037006933242082596;0.09181860089302063;96;4
C06;C06;Critico progressivo: Fadiga noturna;Critico;Critico;0.4160139337182045;0.4160139337182045;R3_FALSE_KIN;36;81;46;1;60;24;0;0.05000000819563866;0.1528543084859848;0.1331896185874939;96;4
N02;N02;Normal: Urbano moderado;Normal;Normal;0.050000007078051564;0.050000007078051564;R2_STABLE_RISK;-1;-1;0;0;-1;-1;0;0.05000000819563866;0.030308419838547707;0.12681712210178375;96;4
C09;C09;Critico progressivo: Bebida ao volante;Critico;Critico;0.3831816509366035;0.3831816509366035;R2_STABLE_RISK;38;73;36;1;60;22;0;0.05000000819563866;0.24810941517353058;0.11574111133813858;96;4
C08;C08;Critico progressivo: Distracao urbana multietapas;Critico;Critico;0.45618829429149627;0.45618829429149627;R3_FALSE_KIN;28;77;50;1;53;25;0;0.05000000819563866;0.3160274028778076;0.19107608497142792;96;4
N02;N02;Normal: Urbano moderado;Normal;Normal;0.050000007078051564;0.050000007078051564;R3_FALSE_KIN;-1;-1;0;0;-1;-1;0;0.05000000819563866;0.02623395435512066;0.1335153728723526;96;4
C05;C05;Critico progressivo: Celular em rodovia;Critico;Critico;0.4150765791535377;0.4150765791535377;R2_STABLE_RISK;42;73;32;1;56;14;0;0.05000000819563866;0.3135320842266083;0.12666864693164825;96;4
C10;C10;Critico progressivo: Grooming em rodovia com fadiga;Critico;Critico;0.4080109104514122;0.4080109104514122;R2_STABLE_RISK;40;81;42;1;67;27;0;0.05000000819563866;0.1966780424118042;0.1167040541768074;96;4
C06;C06;Critico progressivo: Fadiga noturna;Critico;Critico;0.4358293652534485;0.4358293652534485;R2_STABLE_RISK;36;81;46;1;61;25;0;0.05000000819563866;0.15728454291820526;0.10323825478553772;96;4
C02;C02;Critico: Fadiga com desvio cinematico;Critico;Critico;0.39378328174352645;0.39378328174352645;R2_STABLE_RISK;29;50;22;0;32;3;0;0.05000000819563866;0.10105951875448227;0.14838384091854095;96;4
C02;C02;Critico: Fadiga com desvio cinematico;Critico;Critico;0.5903916150331496;0.5903916150331496;R1_NORMAL;29;50;22;0;32;3;1;0.25308728218078613;0.10308754444122314;0.15435929596424103;96;4
C02;C02;Critico: Fadiga com desvio cinematico;Critico;Critico;0.39378328174352645;0.39378328174352645;R1_NORMAL;29;50;22;0;32;3;0;0.05000000819563866;0.09600403159856796;0.12196511030197144;96;4
C07;C07;Critico progressivo: Sem cinto sob chuva;Critico;Critico;0.40408657938241954;0.40408657938241954;R1_NORMAL;37;75;39;1;55;18;0;0.05000000819563866;0.3858647346496582;0.14770086109638214;96;4
C02;C02;Critico: Fadiga com desvio cinematico;Critico;Critico;0.6015523761510848;0.6015523761510848;R2_STABLE_RISK;29;50;22;0;32;3;1;0.2631913423538208;0.09154311567544937;0.12959833443164825;96;4
C02;C02;Critico: Fadiga com desvio cinematico;Critico;Critico;0.39378328174352645;0.39378328174352645;R3_FALSE_KIN;29;50;22;0;32;3;0;0.05000000819563866;0.09921974688768387;0.13094735145568848;96;4
C04;C04;Critico: Multiplas distracoes urbanas;Critico;Critico;0.3713889718055725;0.3713889718055725;R2_STABLE_RISK;22;45;24;0;24;2;0;0.05000000819563866;0.20343129336833954;0.11260493844747543;96;4
N01;N01;Normal: Viagem tranquila em rodovia;Normal;Normal;0.050000007078051564;0.050000007078051564;R2_STABLE_RISK;-1;-1;0;0;-1;-1;0;0.05000000819563866;0.025681547820568085;0.08710933476686478;96;4
C09;C09;Critico progressivo: Bebida ao volante;Critico;Critico;0.3805466786026954;0.3805466786026954;R1_NORMAL;38;73;36;1;58;20;0;0.05000000819563866;0.24653081595897675;0.12093496322631836;96;4
C03;C03;Critico: Celular sem cinto sob chuva;Critico;Critico;0.3752959698438644;0.3752959698438644;R2_STABLE_RISK;26;41;16;0;28;2;0;0.05000000819563866;0.19086217880249023;0.1183052733540535;96;4
C02;C02;Critico: Fadiga com desvio cinematico;Critico;Critico;0.39378328174352645;0.39378328174352645;R1_NORMAL;29;50;22;0;32;3;0;0.05000000819563866;0.10139274597167969;0.13981635868549347;96;4
C09;C09;Critico progressivo: Bebida ao volante;Critico;Critico;0.49325776398181914;0.49325776398181914;R2_STABLE_RISK;38;73;36;1;60;22;1;0.30769050121307373;0.25030478835105896;0.15129996836185455;96;4
N02;N02;Normal: Urbano moderado;Normal;Normal;0.050000007078051564;0.050000007078051564;R2_STABLE_RISK;-1;-1;0;0;-1;-1;0;0.05000000819563866;0.03522524982690811;0.09254986047744751;96;4
N02;N02;Normal: Urbano moderado;Normal;Normal;0.050000007078051564;0.050000007078051564;R2_STABLE_RISK;-1;-1;0;0;-1;-1;0;0.05000000819563866;0.03143725171685219;0.11114779859781265;96;4
C07;C07;Critico progressivo: Sem cinto sob chuva;Critico;Critico;0.4709429085254669;0.4709429085254669;R2_STABLE_RISK;37;75;39;1;57;20;1;0.2470923662185669;0.3750119209289551;0.12968187034130096;96;4
C09;C09;Critico progressivo: Bebida ao volante;Critico;Critico;0.4803131610155105;0.4803131610155105;R1_NORMAL;38;73;36;1;60;22;1;0.3208563029766083;0.25364866852760315;0.18068893253803253;96;4
C04;C04;Critico: Multiplas distracoes urbanas;Critico;Critico;0.3713889718055725;0.3713889718055725;R1_NORMAL;22;45;24;0;24;2;0;0.05000000819563866;0.19390732049942017;0.12030264735221863;96;4
N01;N01;Normal: Viagem tranquila em rodovia;Normal;Normal;0.050000007078051564;0.050000007078051564;R1_NORMAL;-1;-1;0;0;-1;-1;0;0.05000000819563866;0.032250210642814636;0.09628021717071533;96;4
C10;C10;Critico progressivo: Grooming em rodovia com fadiga;Critico;Critico;0.4279251679778099;0.4279251679778099;R2_STABLE_RISK;40;81;42;1;59;19;0;0.05000000819563866;0.20844654738903046;0.1037677749991417;96;4
N03;N03;Normal: Noite estável;Normal;Normal;0.050000007078051564;0.050000007078051564;R1_NORMAL;-1;-1;0;0;-1;-1;0;0.05000000819563866;0.03276890516281128;0.13012970983982086;96;4
C02;C02;Critico: Fadiga com desvio cinematico;Critico;Critico;0.39378328174352645;0.39378328174352645;R3_FALSE_KIN;29;50;22;0;32;3;0;0.05000000819563866;0.0951051339507103;0.11645639687776566;96;4
C02;C02;Critico: Fadiga com desvio cinematico;Critico;Critico;0.39378328174352645;0.39378328174352645;R2_STABLE_RISK;29;50;22;0;32;3;0;0.05000000819563866;0.10373611003160477;0.07413514703512192;96;4
N01;N01;Normal: Viagem tranquila em rodovia;Normal;Normal;0.050000007078051564;0.050000007078051564;R3_FALSE_KIN;-1;-1;0;0;-1;-1;0;0.05000000819563866;0.030563319101929665;0.06145152449607849;96;4
N01;N01;Normal: Viagem tranquila em rodovia;Normal;Normal;0.050000007078051564;0.050000007078051564;R3_FALSE_KIN;-1;-1;0;0;-1;-1;0;0.05000000819563866;0.030986078083515167;0.12077514082193375;96;4
C10;C10;Critico progressivo: Grooming em rodovia com fadiga;Critico;Critico;0.3899013593792915;0.3899013593792915;R1_NORMAL;40;81;42;1;62;22;0;0.05000000819563866;0.20261995494365692;0.10885301232337952;96;4
N03;N03;Normal: Noite estável;Normal;Normal;0.050000007078051564;0.050000007078051564;R2_STABLE_RISK;-1;-1;0;0;-1;-1;0;0.05000000819563866;0.03154309466481209;0.10711125284433365;96;4
C05;C05;Critico progressivo: Celular em rodovia;Critico;Critico;0.38084555268287656;0.38084555268287656;R2_STABLE_RISK;42;73;32;1;60;18;0;0.05000000819563866;0.3196725845336914;0.18036721646785736;96;4
C02;C02;Critico: Fadiga com desvio cinematico;Critico;Critico;0.39378328174352645;0.39378328174352645;R1_NORMAL;29;50;22;0;32;3;0;0.05000000819563866;0.09346067160367966;0.1270495057106018;96;4
N02;N02;Normal: Urbano moderado;Normal;Normal;0.050000007078051564;0.050000007078051564;R2_STABLE_RISK;-1;-1;0;0;-1;-1;0;0.05000000819563866;0.03370251879096031;0.08137486129999161;96;4
C09;C09;Critico progressivo: Bebida ao volante;Critico;Critico;0.3924418970942497;0.3924418970942497;R1_NORMAL;38;73;36;1;57;19;0;0.05000000819563866;0.24580685794353485;0.12021739035844803;96;4
N02;N02;Normal: Urbano moderado;Normal;Normal;0.050000007078051564;0.050000007078051564;R1_NORMAL;-1;-1;0;0;-1;-1;0;0.05000000819563866;0.02659056894481182;0.13241547346115112;96;4
C07;C07;Critico progressivo: Sem cinto sob chuva;Critico;Critico;0.4032011672854423;0.4032011672854423;R2_STABLE_RISK;37;75;39;1;60;23;0;0.05000000819563866;0.37668266892433167;0.1337033361196518;96;4
N02;N02;Normal: Urbano moderado;Normal;Normal;0.050000007078051564;0.050000007078051564;R2_STABLE_RISK;-1;-1;0;0;-1;-1;0;0.05000000819563866;0.031965818256139755;0.09099256992340088;96;4
C08;C08;Critico progressivo: Distracao urbana multietapas;Critico;Critico;0.4269778534770011;0.4269778534770011;R3_FALSE_KIN;28;77;50;1;50;22;0;0.05000000819563866;0.31209149956703186;0.20559056103229523;96;4
C06;C06;Critico progressivo: Fadiga noturna;Critico;Critico;0.40996959805488586;0.40996959805488586;R2_STABLE_RISK;36;81;46;1;61;25;0;0.05000000819563866;0.16074468195438385;0.11202212423086166;96;4
C09;C09;Critico progressivo: Bebida ao volante;Critico;Critico;0.4129025682806968;0.4129025682806968;R1_NORMAL;38;73;36;1;57;19;0;0.05000000819563866;0.2426476925611496;0.1346375048160553;96;4
C07;C07;Critico progressivo: Sem cinto sob chuva;Critico;Critico;0.49478531777858725;0.49478531777858725;R2_STABLE_RISK;37;75;39;1;56;19;1;0.3061986267566681;0.37792494893074036;0.15477728843688965;96;4
N01;N01;Normal: Viagem tranquila em rodovia;Normal;Normal;0.050000007078051564;0.050000007078051564;R1_NORMAL;-1;-1;0;0;-1;-1;0;0.05000000819563866;0.03358563408255577;0.11355599015951157;96;4
C02;C02;Critico: Fadiga com desvio cinematico;Critico;Critico;0.39378328174352645;0.39378328174352645;R2_STABLE_RISK;29;50;22;0;32;3;0;0.05000000819563866;0.09679850190877914;0.12330973148345947;96;4
C03;C03;Critico: Celular sem cinto sob chuva;Critico;Critico;0.6248161315917968;0.6248161315917968;R2_STABLE_RISK;26;41;16;0;28;2;1;0.26638951897621155;0.19215738773345947;0.17020465433597565;96;4
C10;C10;Critico progressivo: Grooming em rodovia com fadiga;Critico;Critico;0.4285297855734825;0.4285297855734825;R1_NORMAL;40;81;42;1;63;23;0;0.05000000819563866;0.20084209740161896;0.1256774514913559;96;4
C06;C06;Critico progressivo: Fadiga noturna;Critico;Critico;0.42330272048711776;0.42330272048711776;R2_STABLE_RISK;36;81;46;1;60;24;0;0.05000000819563866;0.15938104689121246;0.11837144941091537;96;4
C02;C02;Critico: Fadiga com desvio cinematico;Critico;Critico;0.6054789781570434;0.6054789781570434;R3_FALSE_KIN;29;50;22;0;32;3;1;0.273388147354126;0.0941716656088829;0.11819988489151001;96;4
C06;C06;Critico progressivo: Fadiga noturna;Critico;Critico;0.4408503130078315;0.4408503130078315;R1_NORMAL;36;81;46;1;61;25;0;0.05000000819563866;0.16300512850284576;0.12693332135677338;96;4
C06;C06;Critico progressivo: Fadiga noturna;Critico;Critico;0.40979106575250623;0.40979106575250623;R2_STABLE_RISK;36;81;46;1;58;22;0;0.05000000819563866;0.15072880685329437;0.11423435807228088;96;4
N01;N01;Normal: Viagem tranquila em rodovia;Normal;Normal;0.050000007078051564;0.050000007078051564;R2_STABLE_RISK;-1;-1;0;0;-1;-1;0;0.05000000819563866;0.03595549240708351;0.13628831505775452;96;4
N02;N02;Normal: Urbano moderado;Normal;Normal;0.050000007078051564;0.050000007078051564;R1_NORMAL;-1;-1;0;0;-1;-1;0;0.05000000819563866;0.033307600766420364;0.09964033216238022;96;4
C08;C08;Critico progressivo: Distracao urbana multietapas;Critico;Critico;0.43914410322904585;0.43914410322904585;R1_NORMAL;28;77;50;1;54;26;0;0.05000000819563866;0.31513574719429016;0.17109881341457367;96;4
N01;N01;Normal: Viagem tranquila em rodovia;Normal;Normal;0.050000007078051564;0.050000007078051564;R1_NORMAL;-1;-1;0;0;-1;-1;0;0.05000000819563866;0.03362704813480377;0.0711468979716301;96;4
C07;C07;Critico progressivo: Sem cinto sob chuva;Critico;Critico;0.44126465171575546;0.44126465171575546;R2_STABLE_RISK;37;75;39;1;54;17;0;0.05000000819563866;0.3824916183948517;0.13804316520690918;96;4
C06;C06;Critico progressivo: Fadiga noturna;Critico;Critico;0.4195420444011688;0.4195420444011688;R3_FALSE_KIN;36;81;46;1;58;22;0;0.05000000819563866;0.15907084941864014;0.10445799678564072;96;4
C05;C05;Critico progressivo: Celular em rodovia;Critico;Critico;0.39112526327371594;0.39112526327371594;R1_NORMAL;42;73;32;1;58;16;0;0.05000000819563866;0.326684832572937;0.12794730067253113;96;4
C10;C10;Critico progressivo: Grooming em rodovia com fadiga;Critico;Critico;0.40493129938840866;0.40493129938840866;R2_STABLE_RISK;40;81;42;1;64;24;0;0.05000000819563866;0.20015525817871094;0.10530536621809006;96;4
C03;C03;Critico: Celular sem cinto sob chuva;Critico;Critico;0.3752959698438644;0.3752959698438644;R1_NORMAL;26;41;16;0;28;2;0;0.05000000819563866;0.18682019412517548;0.10668710619211197;96;4
C06;C06;Critico progressivo: Fadiga noturna;Critico;Critico;0.502384877204895;0.502384877204895;R1_NORMAL;36;81;46;1;56;20;1;0.3350047767162323;0.15388241410255432;0.10711386054754257;96;4
C03;C03;Critico: Celular sem cinto sob chuva;Critico;Critico;0.621769842505455;0.621769842505455;R1_NORMAL;26;41;16;0;28;2;1;0.2590554654598236;0.18693840503692627;0.2089470624923706;96;4
C08;C08;Critico progressivo: Distracao urbana multietapas;Critico;Critico;0.4513386875391006;0.4513386875391006;R1_NORMAL;28;77;50;1;43;15;0;0.05000000819563866;0.3227241337299347;0.16592173278331757;96;4
C01;C01;Critico: Celular em alta velocidade;Critico;Critico;0.29102678298950196;0.29102678298950196;R3_FALSE_KIN;32;44;13;0;34;2;0;0.05000000819563866;0.15042643249034882;0.10515185445547104;96;4
C08;C08;Critico progressivo: Distracao urbana multietapas;Critico;Critico;0.5181999593973159;0.5181999593973159;R2_STABLE_RISK;28;77;50;1;52;24;1;0.2744201719760895;0.325323224067688;0.16114191710948944;96;4
C02;C02;Critico: Fadiga com desvio cinematico;Critico;Critico;0.60860935151577;0.60860935151577;R2_STABLE_RISK;29;50;22;0;32;3;1;0.2893930971622467;0.1017751470208168;0.15613679587841034;96;4
C05;C05;Critico progressivo: Celular em rodovia;Critico;Critico;0.39218484014272686;0.39218484014272686;R1_NORMAL;42;73;32;1;59;17;0;0.05000000819563866;0.32318544387817383;0.11726463586091995;96;4
C03;C03;Critico: Celular sem cinto sob chuva;Critico;Critico;0.6180215954780579;0.6180215954780579;R3_FALSE_KIN;26;41;16;0;28;2;1;0.23592156171798706;0.18023276329040527;0.2230207920074463;96;4
C01;C01;Critico: Celular em alta velocidade;Critico;Critico;0.29102678298950196;0.29102678298950196;R1_NORMAL;32;44;13;0;34;2;0;0.05000000819563866;0.15736187994480133;0.1497190296649933;96;4
C10;C10;Critico progressivo: Grooming em rodovia com fadiga;Critico;Critico;0.4288321688771248;0.4288321688771248;R2_STABLE_RISK;40;81;42;1;63;23;0;0.05000000819563866;0.20115305483341217;0.08519329875707626;96;4
C05;C05;Critico progressivo: Celular em rodovia;Critico;Critico;0.3689812794327736;0.3689812794327736;R2_STABLE_RISK;42;73;32;1;57;15;0;0.05000000819563866;0.323760449886322;0.12073946744203568;96;4
N02;N02;Normal: Urbano moderado;Normal;Normal;0.050000007078051564;0.050000007078051564;R3_FALSE_KIN;-1;-1;0;0;-1;-1;0;0.05000000819563866;0.03395466133952141;0.11340916156768799;96;4
C07;C07;Critico progressivo: Sem cinto sob chuva;Critico;Critico;0.5046411961317062;0.5046411961317062;R3_FALSE_KIN;37;75;39;1;59;22;1;0.25706958770751953;0.37385788559913635;0.1461082249879837;96;4
