Seed,config_id,episodio_idx,Tipo,Omissao,TTDef
42,baseline_fixed,0,Abrupt,False,0.1042
42,baseline_fixed,1,Abrupt,False,0.0
42,baseline_fixed,2,Progressive,False,0.0
42,baseline_fixed,3,Progressive,False,0.0
42,baseline_fixed,4,Abrupt,False,0.625
42,baseline_fixed,5,Progressive,False,0.0
42,baseline_fixed,6,Progressive,False,0.0
42,baseline_fixed,7,Abrupt,False,0.1042
42,baseline_fixed,8,Abrupt,False,1.0417
42,baseline_fixed,9,Abrupt,False,0.0
42,baseline_fixed,10,Progressive,False,0.0
42,baseline_fixed,11,Abrupt,False,0.1042
42,baseline_fixed,12,Abrupt,False,0.1042
42,baseline_fixed,13,Progressive,False,0.0
42,baseline_fixed,14,Progressive,False,0.0
42,baseline_fixed,15,Progressive,False,0.0
42,baseline_fixed,16,Progressive,False,0.0
42,baseline_fixed,17,Progressive,False,0.0
42,baseline_fixed,18,Progressive,False,0.0
42,baseline_fixed,19,Progressive,False,0.0
42,baseline_fixed,20,Abrupt,False,0.0
42,baseline_fixed,21,Progressive,False,0.0
42,baseline_fixed,22,Progressive,False,0.0
42,baseline_fixed,23,Progressive,False,0.0
42,baseline_fixed,24,Progressive,False,0.0
42,baseline_fixed,25,Progressive,False,0.0
42,baseline_fixed,26,Abrupt,False,0.1042
42,baseline_fixed,27,Abrupt,False,0.625
42,baseline_fixed,28,Abrupt,False,0.0
42,baseline_fixed,29,Progressive,False,0.0
42,baseline_fixed,30,Progressive,False,0.2083
42,baseline_fixed,31,Abrupt,False,0.1042
42,baseline_fixed,32,Progressive,False,0.0
42,baseline_fixed,33,Progressive,False,0.0
42,baseline_fixed,34,Progressive,False,0.0
42,baseline_fixed,35,Progressive,False,0.0
42,baseline_fixed,36,Progressive,False,0.0
42,baseline_fixed,37,Abrupt,False,0.0
42,baseline_fixed,38,Progressive,False,0.0
42,baseline_fixed,39,Progressive,False,0.0
42,baseline_fixed,40,Abrupt,False,0.0
42,baseline_fixed,41,Progressive,False,0.0
42,baseline_fixed,42,Progressive,False,0.0
42,baseline_fixed,43,Abrupt,False,0.1042
42,baseline_fixed,44,Abrupt,False,0.7292
42,baseline_fixed,45,Abrupt,False,0.0
42,baseline_fixed,46,Progressive,False,0.0
42,baseline_fixed,47,Abrupt,False,0.0
42,baseline_fixed,48,Progressive,False,0.0
42,baseline_fixed,49,Progressive,False,0.0
42,baseline_fixed,50,Abrupt,False,0.1042
42,baseline_fixed,51,Progressive,False,0.0
42,baseline_fixed,52,Progressive,False,0.0
42,baseline_fixed,53,Abrupt,False,0.625
42,baseline_fixed,54,Progressive,False,0.0
42,baseline_fixed,55,Progressive,False,0.0
42,baseline_fixed,56,Abrupt,False,0.1042
42,baseline_fixed,57,Abrupt,False,0.0
42,baseline_fixed,58,Progressive,False,0.0
42,baseline_fixed,59,Progressive,False,0.0
42,baseline_fixed,60,Progressive,False,0.0
42,baseline_fixed,61,Progressive,False,0.0
42,baseline_fixed,62,Abrupt,False,0.1042
42,baseline_fixed,63,Progressive,False,0.0
42,baseline_fixed,64,Progressive,False,0.0
42,baseline_fixed,65,Progressive,False,0.0
42,baseline_fixed,66,Progressive,False,0.0
42,baseline_fixed,67,Progressive,False,0.0
42,baseline_fixed,68,Progressive,False,0.2083
42,baseline_fixed,69,Abrupt,False,0.625
42,baseline_fixed,70,Abrupt,False,0.0
42,baseline_fixed,71,Progressive,False,0.0
42,baseline_fixed,72,Progressive,False,0.0
42,baseline_fixed,73,Progressive,False,0.0
42,baseline_fixed,74,Progressive,False,0.0
42,baseline_fixed,75,Abrupt,False,0.0
42,baseline_fixed,76,Progressive,False,0.0
42,baseline_fixed,77,Abrupt,False,0.0
42,baseline_fixed,78,Progressive,False,0.0
42,baseline_fixed,79,Abrupt,False,0.0
42,baseline_fixed,80,Progressive,False,0.0
42,baseline_fixed,81,Progressive,False,0.0
42,baseline_fixed,82,Progressive,False,0.0
42,baseline_fixed,83,Abrupt,False,0.1042
42,baseline_fixed,84,Progressive,False,0.0
42,baseline_fixed,85,Progressive,False,0.0
42,baseline_fixed,86,Abrupt,False,0.7292
42,baseline_fixed,87,Abrupt,False,0.1042
42,baseline_fixed,88,Progressive,False,0.0
42,baseline_fixed,89,Progressive,False,0.0
42,baseline_fixed,90,Abrupt,False,0.9375
42,baseline_fixed,91,Progressive,False,0.0
42,baseline_fixed,92,Progressive,False,0.0
42,baseline_fixed,93,Abrupt,False,0.1042
42,baseline_fixed,94,Progressive,False,0.0
42,baseline_fixed,95,Progressive,False,0.1042
42,baseline_fixed,96,Abrupt,False,0.0
42,baseline_fixed,97,Progressive,False,0.0
42,baseline_fixed,98,Abrupt,False,0.9375
42,baseline_fixed,99,Progressive,False,0.0
42,baseline_fixed,100,Abrupt,False,0.0
42,baseline_fixed,101,Progressive,False,0.0
42,baseline_fixed,102,Abrupt,False,0.625
42,baseline_fixed,103,Abrupt,False,0.1042
42,baseline_fixed,104,Abrupt,False,0.0
42,baseline_fixed,105,Abrupt,False,0.0
42,baseline_fixed,106,Progressive,False,0.0
42,baseline_fixed,107,Abrupt,False,0.0
42,baseline_fixed,108,Abrupt,False,0.0
42,baseline_fixed,109,Abrupt,False,0.1042
42,baseline_fixed,110,Progressive,False,0.0
42,baseline_fixed,111,Abrupt,False,0.0
42,baseline_fixed,112,Progressive,False,0.0
42,baseline_fixed,113,Abrupt,False,0.1042
42,baseline_fixed,114,Progressive,False,0.1042
42,baseline_fixed,115,Progressive,False,0.0
42,baseline_fixed,116,Abrupt,False,0.1042
42,baseline_fixed,117,Progressive,False,0.0
42,baseline_fixed,118,Abrupt,False,0.0
42,baseline_fixed,119,Progressive,False,0.0
42,baseline_hybrid,0,Abrupt,False,0.1042
42,baseline_hybrid,1,Abrupt,False,0.0
42,baseline_hybrid,2,Progressive,False,0.0
42,baseline_hybrid,3,Progressive,False,0.0
42,baseline_hybrid,4,Abrupt,False,0.625
42,baseline_hybrid,5,Progressive,False,0.0
42,baseline_hybrid,6,Progressive,False,0.0
42,baseline_hybrid,7,Abrupt,False,0.1042
42,baseline_hybrid,8,Abrupt,False,1.0417
42,baseline_hybrid,9,Abrupt,False,0.0
42,baseline_hybrid,10,Progressive,False,0.0
42,baseline_hybrid,11,Abrupt,False,0.1042
42,baseline_hybrid,12,Abrupt,False,0.1042
42,baseline_hybrid,13,Progressive,False,0.0
42,baseline_hybrid,14,Progressive,False,0.0
42,baseline_hybrid,15,Progressive,False,0.0
42,baseline_hybrid,16,Progressive,False,0.0
42,baseline_hybrid,17,Progressive,False,0.0
42,baseline_hybrid,18,Progressive,False,0.0
42,baseline_hybrid,19,Progressive,False,0.0
42,baseline_hybrid,20,Abrupt,False,0.0
42,baseline_hybrid,21,Progressive,False,0.0
42,baseline_hybrid,22,Progressive,False,0.0
42,baseline_hybrid,23,Progressive,False,0.0
42,baseline_hybrid,24,Progressive,False,0.0
42,baseline_hybrid,25,Progressive,False,0.0
42,baseline_hybrid,26,Abrupt,False,0.1042
42,baseline_hybrid,27,Abrupt,False,0.625
42,baseline_hybrid,28,Abrupt,False,0.0
42,baseline_hybrid,29,Progressive,False,0.0
42,baseline_hybrid,30,Progressive,False,0.2083
42,baseline_hybrid,31,Abrupt,False,0.1042
42,baseline_hybrid,32,Progressive,False,0.0
42,baseline_hybrid,33,Progressive,False,0.0
42,baseline_hybrid,34,Progressive,False,0.0
42,baseline_hybrid,35,Progressive,False,0.0
42,baseline_hybrid,36,Progressive,False,0.0
42,baseline_hybrid,37,Abrupt,False,0.0
42,baseline_hybrid,38,Progressive,False,0.0
42,baseline_hybrid,39,Progressive,False,0.0
42,baseline_hybrid,40,Abrupt,False,0.0
42,baseline_hybrid,41,Progressive,False,0.0
42,baseline_hybrid,42,Progressive,False,0.0
42,baseline_hybrid,43,Abrupt,False,0.1042
42,baseline_hybrid,44,Abrupt,False,0.7292
42,baseline_hybrid,45,Abrupt,False,0.0
42,baseline_hybrid,46,Progressive,False,0.0
42,baseline_hybrid,47,Abrupt,False,0.0
42,baseline_hybrid,48,Progressive,False,0.0
42,baseline_hybrid,49,Progressive,False,0.0
42,baseline_hybrid,50,Abrupt,False,0.1042
42,baseline_hybrid,51,Progressive,False,0.0
42,baseline_hybrid,52,Progressive,False,0.0
42,baseline_hybrid,53,Abrupt,False,0.625
42,baseline_hybrid,54,Progressive,False,0.0
42,baseline_hybrid,55,Progressive,False,0.0
42,baseline_hybrid,56,Abrupt,False,0.1042
42,baseline_hybrid,57,Abrupt,False,0.0
42,baseline_hybrid,58,Progressive,False,0.0
42,baseline_hybrid,59,Progressive,False,0.0
42,baseline_hybrid,60,Progressive,False,0.0
42,baseline_hybrid,61,Progressive,False,0.0
42,baseline_hybrid,62,Abrupt,False,0.1042
42,baseline_hybrid,63,Progressive,False,0.0
42,baseline_hybrid,64,Progressive,False,0.0
42,baseline_hybrid,65,Progressive,False,0.0
42,baseline_hybrid,66,Progressive,False,0.0
42,baseline_hybrid,67,Progressive,False,0.0
42,baseline_hybrid,68,Progressive,False,0.2083
42,baseline_hybrid,69,Abrupt,False,0.625
42,baseline_hybrid,70,Abrupt,False,0.0
42,baseline_hybrid,71,Progressive,False,0.0
42,baseline_hybrid,72,Progressive,False,0.0
42,baseline_hybrid,73,Progressive,False,0.0
42,baseline_hybrid,74,Progressive,False,0.0
42,baseline_hybrid,75,Abrupt,False,0.0
42,baseline_hybrid,76,Progressive,False,0.0
42,baseline_hybrid,77,Abrupt,False,0.0
42,baseline_hybrid,78,Progressive,False,0.0
42,baseline_hybrid,79,Abrupt,False,0.0
42,baseline_hybrid,80,Progressive,False,0.0
42,baseline_hybrid,81,Progressive,False,0.0
42,baseline_hybrid,82,Progressive,False,0.0
42,baseline_hybrid,83,Abrupt,False,0.1042
42,baseline_hybrid,84,Progressive,False,0.0
42,baseline_hybrid,85,Progressive,False,0.0
42,baseline_hybrid,86,Abrupt,False,0.7292
42,baseline_hybrid,87,Abrupt,False,0.1042
42,baseline_hybrid,88,Progressive,False,0.0
42,baseline_hybrid,89,Progressive,False,0.0
42,baseline_hybrid,90,Abrupt,False,0.9375
42,baseline_hybrid,91,Progressive,False,0.0
42,baseline_hybrid,92,Progressive,False,0.0
42,baseline_hybrid,93,Abrupt,False,0.1042
42,baseline_hybrid,94,Progressive,False,0.0
42,baseline_hybrid,95,Progressive,False,0.1042
42,baseline_hybrid,96,Abrupt,False,0.0
42,baseline_hybrid,97,Progressive,False,0.0
42,baseline_hybrid,98,Abrupt,False,0.9375
42,baseline_hybrid,99,Progressive,False,0.0
42,baseline_hybrid,100,Abrupt,False,0.0
42,baseline_hybrid,101,Progressive,False,0.0
42,baseline_hybrid,102,Abrupt,False,0.625
42,baseline_hybrid,103,Abrupt,False,0.1042
42,baseline_hybrid,104,Abrupt,False,0.0
42,baseline_hybrid,105,Abrupt,False,0.0
42,baseline_hybrid,106,Progressive,False,0.0
42,baseline_hybrid,107,Abrupt,False,0.0
42,baseline_hybrid,108,Abrupt,False,0.0
42,baseline_hybrid,109,Abrupt,False,0.1042
42,baseline_hybrid,110,Progressive,False,0.0
42,baseline_hybrid,111,Abrupt,False,0.0
42,baseline_hybrid,112,Progressive,False,0.0
42,baseline_hybrid,113,Abrupt,False,0.1042
42,baseline_hybrid,114,Progressive,False,0.1042
42,baseline_hybrid,115,Progressive,False,0.0
42,baseline_hybrid,116,Abrupt,False,0.1042
42,baseline_hybrid,117,Progressive,False,0.0
42,baseline_hybrid,118,Abrupt,False,0.0
42,baseline_hybrid,119,Progressive,False,0.0
42,aftkd_fixed,0,Abrupt,False,0.0
42,aftkd_fixed,1,Abrupt,False,0.0
42,aftkd_fixed,2,Progressive,False,0.0
42,aftkd_fixed,3,Progressive,False,0.0
42,aftkd_fixed,4,Abrupt,False,0.0
42,aftkd_fixed,5,Progressive,False,0.0
42,aftkd_fixed,6,Progressive,False,0.0
42,aftkd_fixed,7,Abrupt,False,0.0
42,aftkd_fixed,8,Abrupt,False,0.0
42,aftkd_fixed,9,Abrupt,False,0.0
42,aftkd_fixed,10,Progressive,False,0.0
42,aftkd_fixed,11,Abrupt,False,0.0
42,aftkd_fixed,12,Abrupt,False,0.0
42,aftkd_fixed,13,Progressive,False,0.0
42,aftkd_fixed,14,Progressive,False,0.1042
42,aftkd_fixed,15,Progressive,False,0.0
42,aftkd_fixed,16,Progressive,False,0.0
42,aftkd_fixed,17,Progressive,False,0.0
42,aftkd_fixed,18,Progressive,False,0.0
42,aftkd_fixed,19,Progressive,False,0.0
42,aftkd_fixed,20,Abrupt,False,0.0
42,aftkd_fixed,21,Progressive,False,0.0
42,aftkd_fixed,22,Progressive,False,0.0
42,aftkd_fixed,23,Progressive,False,0.0
42,aftkd_fixed,24,Progressive,False,0.0
42,aftkd_fixed,25,Progressive,False,0.0
42,aftkd_fixed,26,Abrupt,False,0.0
42,aftkd_fixed,27,Abrupt,False,0.0
42,aftkd_fixed,28,Abrupt,False,0.0
42,aftkd_fixed,29,Progressive,False,0.0
42,aftkd_fixed,30,Progressive,False,0.3125
42,aftkd_fixed,31,Abrupt,False,0.0
42,aftkd_fixed,32,Progressive,False,0.0
42,aftkd_fixed,33,Progressive,False,0.2083
42,aftkd_fixed,34,Progressive,False,0.1042
42,aftkd_fixed,35,Progressive,False,0.0
42,aftkd_fixed,36,Progressive,False,0.0
42,aftkd_fixed,37,Abrupt,False,0.0
42,aftkd_fixed,38,Progressive,False,0.0
42,aftkd_fixed,39,Progressive,False,0.0
42,aftkd_fixed,40,Abrupt,False,0.0
42,aftkd_fixed,41,Progressive,False,0.0
42,aftkd_fixed,42,Progressive,False,0.0
42,aftkd_fixed,43,Abrupt,False,0.0
42,aftkd_fixed,44,Abrupt,False,0.0
42,aftkd_fixed,45,Abrupt,False,0.0
42,aftkd_fixed,46,Progressive,False,0.0
42,aftkd_fixed,47,Abrupt,False,0.0
42,aftkd_fixed,48,Progressive,False,0.0
42,aftkd_fixed,49,Progressive,False,0.0
42,aftkd_fixed,50,Abrupt,False,0.0
42,aftkd_fixed,51,Progressive,False,0.0
42,aftkd_fixed,52,Progressive,False,0.0
42,aftkd_fixed,53,Abrupt,False,0.0
42,aftkd_fixed,54,Progressive,False,0.1042
42,aftkd_fixed,55,Progressive,False,0.0
42,aftkd_fixed,56,Abrupt,False,0.0
42,aftkd_fixed,57,Abrupt,False,0.0
42,aftkd_fixed,58,Progressive,False,0.0
42,aftkd_fixed,59,Progressive,False,0.0
42,aftkd_fixed,60,Progressive,False,0.0
42,aftkd_fixed,61,Progressive,False,0.0
42,aftkd_fixed,62,Abrupt,False,0.0
42,aftkd_fixed,63,Progressive,False,0.0
42,aftkd_fixed,64,Progressive,False,0.0
42,aftkd_fixed,65,Progressive,False,0.0
42,aftkd_fixed,66,Progressive,False,0.0
42,aftkd_fixed,67,Progressive,False,0.0
42,aftkd_fixed,68,Progressive,False,0.2083
42,aftkd_fixed,69,Abrupt,False,0.0
42,aftkd_fixed,70,Abrupt,False,0.0
42,aftkd_fixed,71,Progressive,False,0.0
42,aftkd_fixed,72,Progressive,False,0.0
42,aftkd_fixed,73,Progressive,False,0.1042
42,aftkd_fixed,74,Progressive,False,0.0
42,aftkd_fixed,75,Abrupt,False,0.0
42,aftkd_fixed,76,Progressive,False,0.0
42,aftkd_fixed,77,Abrupt,False,0.0
42,aftkd_fixed,78,Progressive,False,0.0
42,aftkd_fixed,79,Abrupt,False,0.0
42,aftkd_fixed,80,Progressive,False,0.0
42,aftkd_fixed,81,Progressive,False,0.0
42,aftkd_fixed,82,Progressive,False,0.0
42,aftkd_fixed,83,Abrupt,False,0.0
42,aftkd_fixed,84,Progressive,False,0.0
42,aftkd_fixed,85,Progressive,False,0.2083
42,aftkd_fixed,86,Abrupt,False,0.0
42,aftkd_fixed,87,Abrupt,False,0.0
42,aftkd_fixed,88,Progressive,False,0.0
42,aftkd_fixed,89,Progressive,False,0.0
42,aftkd_fixed,90,Abrupt,False,0.0
42,aftkd_fixed,91,Progressive,False,0.0
42,aftkd_fixed,92,Progressive,False,0.0
42,aftkd_fixed,93,Abrupt,False,0.0
42,aftkd_fixed,94,Progressive,False,0.0
42,aftkd_fixed,95,Progressive,False,0.3125
42,aftkd_fixed,96,Abrupt,False,0.0
42,aftkd_fixed,97,Progressive,False,0.0
42,aftkd_fixed,98,Abrupt,False,0.0
42,aftkd_fixed,99,Progressive,False,0.0
42,aftkd_fixed,100,Abrupt,False,0.0
42,aftkd_fixed,101,Progressive,False,0.0
42,aftkd_fixed,102,Abrupt,False,0.0
42,aftkd_fixed,103,Abrupt,False,0.0
42,aftkd_fixed,104,Abrupt,False,0.0
42,aftkd_fixed,105,Abrupt,False,0.0
42,aftkd_fixed,106,Progressive,False,0.1042
42,aftkd_fixed,107,Abrupt,False,0.0
42,aftkd_fixed,108,Abrupt,False,0.0
42,aftkd_fixed,109,Abrupt,False,0.0
42,aftkd_fixed,110,Progressive,False,0.0
42,aftkd_fixed,111,Abrupt,False,0.0
42,aftkd_fixed,112,Progressive,False,0.0
42,aftkd_fixed,113,Abrupt,False,0.0
42,aftkd_fixed,114,Progressive,False,0.1042
42,aftkd_fixed,115,Progressive,False,0.0
42,aftkd_fixed,116,Abrupt,False,0.0
42,aftkd_fixed,117,Progressive,False,0.0
42,aftkd_fixed,118,Abrupt,False,0.0
42,aftkd_fixed,119,Progressive,False,0.0
42,aftkd_hybrid,0,Abrupt,False,0.0
42,aftkd_hybrid,1,Abrupt,False,0.0
42,aftkd_hybrid,2,Progressive,False,0.0
42,aftkd_hybrid,3,Progressive,False,0.0
42,aftkd_hybrid,4,Abrupt,False,0.0
42,aftkd_hybrid,5,Progressive,False,0.0
42,aftkd_hybrid,6,Progressive,False,0.0
42,aftkd_hybrid,7,Abrupt,False,0.0
42,aftkd_hybrid,8,Abrupt,False,0.0
42,aftkd_hybrid,9,Abrupt,False,0.0
42,aftkd_hybrid,10,Progressive,False,0.0
42,aftkd_hybrid,11,Abrupt,False,0.0
42,aftkd_hybrid,12,Abrupt,False,0.0
42,aftkd_hybrid,13,Progressive,False,0.0
42,aftkd_hybrid,14,Progressive,False,0.1042
42,aftkd_hybrid,15,Progressive,False,0.0
42,aftkd_hybrid,16,Progressive,False,0.0
42,aftkd_hybrid,17,Progressive,False,0.0
42,aftkd_hybrid,18,Progressive,False,0.0
42,aftkd_hybrid,19,Progressive,False,0.0
42,aftkd_hybrid,20,Abrupt,False,0.0
42,aftkd_hybrid,21,Progressive,False,0.0
42,aftkd_hybrid,22,Progressive,False,0.0
42,aftkd_hybrid,23,Progressive,False,0.0
42,aftkd_hybrid,24,Progressive,False,0.0
42,aftkd_hybrid,25,Progressive,False,0.0
42,aftkd_hybrid,26,Abrupt,False,0.0
42,aftkd_hybrid,27,Abrupt,False,0.0
42,aftkd_hybrid,28,Abrupt,False,0.0
42,aftkd_hybrid,29,Progressive,False,0.0
42,aftkd_hybrid,30,Progressive,False,0.3125
42,aftkd_hybrid,31,Abrupt,False,0.0
42,aftkd_hybrid,32,Progressive,False,0.0
42,aftkd_hybrid,33,Progressive,False,0.2083
42,aftkd_hybrid,34,Progressive,False,0.1042
42,aftkd_hybrid,35,Progressive,False,0.0
42,aftkd_hybrid,36,Progressive,False,0.0
42,aftkd_hybrid,37,Abrupt,False,0.0
42,aftkd_hybrid,38,Progressive,False,0.0
42,aftkd_hybrid,39,Progressive,False,0.4167
42,aftkd_hybrid,40,Abrupt,False,0.0
42,aftkd_hybrid,41,Progressive,False,0.0
42,aftkd_hybrid,42,Progressive,False,0.0
42,aftkd_hybrid,43,Abrupt,False,0.0
42,aftkd_hybrid,44,Abrupt,False,0.0
42,aftkd_hybrid,45,Abrupt,False,0.0
42,aftkd_hybrid,46,Progressive,False,0.0
42,aftkd_hybrid,47,Abrupt,False,0.0
42,aftkd_hybrid,48,Progressive,False,0.0
42,aftkd_hybrid,49,Progressive,False,0.0
42,aftkd_hybrid,50,Abrupt,False,0.0
42,aftkd_hybrid,51,Progressive,False,0.0
42,aftkd_hybrid,52,Progressive,False,0.0
42,aftkd_hybrid,53,Abrupt,False,0.0
42,aftkd_hybrid,54,Progressive,False,0.1042
42,aftkd_hybrid,55,Progressive,False,0.0
42,aftkd_hybrid,56,Abrupt,False,0.0
42,aftkd_hybrid,57,Abrupt,False,0.0
42,aftkd_hybrid,58,Progressive,False,0.0
42,aftkd_hybrid,59,Progressive,False,0.0
42,aftkd_hybrid,60,Progressive,False,0.0
42,aftkd_hybrid,61,Progressive,False,0.0
42,aftkd_hybrid,62,Abrupt,False,0.0
42,aftkd_hybrid,63,Progressive,False,0.0
42,aftkd_hybrid,64,Progressive,False,0.0
42,aftkd_hybrid,65,Progressive,False,0.0
42,aftkd_hybrid,66,Progressive,False,0.0
42,aftkd_hybrid,67,Progressive,False,0.0
42,aftkd_hybrid,68,Progressive,False,0.3125
42,aftkd_hybrid,69,Abrupt,False,0.0
42,aftkd_hybrid,70,Abrupt,False,0.0
42,aftkd_hybrid,71,Progressive,False,0.0
42,aftkd_hybrid,72,Progressive,False,0.0
42,aftkd_hybrid,73,Progressive,False,0.1042
42,aftkd_hybrid,74,Progressive,False,0.0
42,aftkd_hybrid,75,Abrupt,False,0.0
42,aftkd_hybrid,76,Progressive,False,0.0
42,aftkd_hybrid,77,Abrupt,False,0.0
42,aftkd_hybrid,78,Progressive,False,0.0
42,aftkd_hybrid,79,Abrupt,False,0.0
42,aftkd_hybrid,80,Progressive,False,0.0
42,aftkd_hybrid,81,Progressive,False,0.0
42,aftkd_hybrid,82,Progressive,False,0.4167
42,aftkd_hybrid,83,Abrupt,False,0.0
42,aftkd_hybrid,84,Progressive,False,0.0
42,aftkd_hybrid,85,Progressive,False,0.2083
42,aftkd_hybrid,86,Abrupt,False,0.0
42,aftkd_hybrid,87,Abrupt,False,0.0
42,aftkd_hybrid,88,Progressive,False,0.0
42,aftkd_hybrid,89,Progressive,False,0.0
42,aftkd_hybrid,90,Abrupt,False,0.0
42,aftkd_hybrid,91,Progressive,False,0.0
42,aftkd_hybrid,92,Progressive,False,0.0
42,aftkd_hybrid,93,Abrupt,False,0.0
42,aftkd_hybrid,94,Progressive,False,0.0
42,aftkd_hybrid,95,Progressive,False,0.3125
42,aftkd_hybrid,96,Abrupt,False,0.0
42,aftkd_hybrid,97,Progressive,False,0.0
42,aftkd_hybrid,98,Abrupt,False,0.0
42,aftkd_hybrid,99,Progressive,False,0.0
42,aftkd_hybrid,100,Abrupt,False,0.0
42,aftkd_hybrid,101,Progressive,False,0.0
42,aftkd_hybrid,102,Abrupt,False,0.0
42,aftkd_hybrid,103,Abrupt,False,0.0
42,aftkd_hybrid,104,Abrupt,False,0.0
42,aftkd_hybrid,105,Abrupt,False,0.0
42,aftkd_hybrid,106,Progressive,False,0.1042
42,aftkd_hybrid,107,Abrupt,False,0.0
42,aftkd_hybrid,108,Abrupt,False,0.0
42,aftkd_hybrid,109,Abrupt,False,0.0
42,aftkd_hybrid,110,Progressive,False,0.0
42,aftkd_hybrid,111,Abrupt,False,0.0
42,aftkd_hybrid,112,Progressive,False,0.0
42,aftkd_hybrid,113,Abrupt,False,0.0
42,aftkd_hybrid,114,Progressive,False,0.1042
42,aftkd_hybrid,115,Progressive,False,0.0
42,aftkd_hybrid,116,Abrupt,False,0.0
42,aftkd_hybrid,117,Progressive,False,0.0
42,aftkd_hybrid,118,Abrupt,False,0.0
42,aftkd_hybrid,119,Progressive,False,0.0
43,baseline_fixed,0,Abrupt,False,1.1458
43,baseline_fixed,1,Progressive,False,0.0
43,baseline_fixed,2,Progressive,False,0.1042
43,baseline_fixed,3,Abrupt,False,1.0417
43,baseline_fixed,4,Abrupt,False,1.25
43,baseline_fixed,5,Abrupt,False,1.0417
43,baseline_fixed,6,Abrupt,False,0.0
43,baseline_fixed,7,Progressive,False,0.0
43,baseline_fixed,8,Progressive,False,0.0
43,baseline_fixed,9,Progressive,False,0.0
43,baseline_fixed,10,Progressive,False,0.0
43,baseline_fixed,11,Progressive,False,0.0
43,baseline_fixed,12,Progressive,False,0.0
43,baseline_fixed,13,Progressive,False,0.0
43,baseline_fixed,14,Progressive,False,0.0
43,baseline_fixed,15,Abrupt,False,0.625
43,baseline_fixed,16,Abrupt,True,10.0
43,baseline_fixed,17,Abrupt,False,0.1042
43,baseline_fixed,18,Abrupt,False,1.0417
43,baseline_fixed,19,Abrupt,False,0.5208
43,baseline_fixed,20,Abrupt,False,1.0417
43,baseline_fixed,21,Progressive,False,0.0
43,baseline_fixed,22,Abrupt,False,1.1458
43,baseline_fixed,23,Progressive,False,0.1042
43,baseline_fixed,24,Progressive,False,0.0
43,baseline_fixed,25,Progressive,False,0.0
43,baseline_fixed,26,Progressive,False,0.2083
43,baseline_fixed,27,Abrupt,False,0.8333
43,baseline_fixed,28,Progressive,False,0.0
43,baseline_fixed,29,Abrupt,False,0.1042
43,baseline_fixed,30,Progressive,False,0.0
43,baseline_fixed,31,Progressive,False,0.0
43,baseline_fixed,32,Progressive,False,0.0
43,baseline_fixed,33,Abrupt,False,0.1042
43,baseline_fixed,34,Progressive,False,0.0
43,baseline_fixed,35,Progressive,False,0.0
43,baseline_fixed,36,Progressive,False,0.0
43,baseline_fixed,37,Progressive,False,0.0
43,baseline_fixed,38,Progressive,False,0.1042
43,baseline_fixed,39,Abrupt,False,0.625
43,baseline_fixed,40,Abrupt,False,0.1042
43,baseline_fixed,41,Abrupt,False,1.0417
43,baseline_fixed,42,Progressive,False,0.0
43,baseline_fixed,43,Abrupt,False,0.1042
43,baseline_fixed,44,Abrupt,False,0.0
43,baseline_fixed,45,Abrupt,False,0.1042
43,baseline_fixed,46,Abrupt,False,0.0
43,baseline_fixed,47,Abrupt,False,0.4167
43,baseline_fixed,48,Progressive,False,0.0
43,baseline_fixed,49,Abrupt,False,0.4167
43,baseline_fixed,50,Progressive,False,0.0
43,baseline_fixed,51,Progressive,False,0.0
43,baseline_fixed,52,Progressive,False,0.0
43,baseline_fixed,53,Progressive,False,0.0
43,baseline_fixed,54,Abrupt,False,0.0
43,baseline_fixed,55,Progressive,False,0.0
43,baseline_fixed,56,Abrupt,False,0.0
43,baseline_fixed,57,Progressive,False,0.0
43,baseline_fixed,58,Abrupt,False,0.5208
43,baseline_fixed,59,Progressive,False,0.0
43,baseline_fixed,60,Progressive,False,0.1042
43,baseline_fixed,61,Progressive,False,0.0
43,baseline_fixed,62,Abrupt,False,0.5208
43,baseline_fixed,63,Abrupt,False,0.5208
43,baseline_fixed,64,Abrupt,True,10.0
43,baseline_fixed,65,Abrupt,False,0.9375
43,baseline_fixed,66,Abrupt,False,0.0
43,baseline_fixed,67,Abrupt,False,0.1042
43,baseline_fixed,68,Abrupt,False,1.0417
43,baseline_fixed,69,Progressive,False,0.1042
43,baseline_fixed,70,Progressive,False,0.0
43,baseline_fixed,71,Progressive,False,0.0
43,baseline_fixed,72,Abrupt,False,0.0
43,baseline_fixed,73,Progressive,False,0.0
43,baseline_fixed,74,Progressive,False,0.0
43,baseline_fixed,75,Progressive,False,0.0
43,baseline_fixed,76,Abrupt,False,0.1042
43,baseline_fixed,77,Progressive,False,0.0
43,baseline_fixed,78,Progressive,False,0.0
43,baseline_fixed,79,Progressive,False,0.0
43,baseline_fixed,80,Progressive,False,0.0
43,baseline_fixed,81,Progressive,False,0.0
43,baseline_fixed,82,Progressive,False,0.0
43,baseline_fixed,83,Abrupt,False,0.0
43,baseline_fixed,84,Abrupt,False,0.5208
43,baseline_fixed,85,Progressive,False,0.3125
43,baseline_fixed,86,Progressive,False,0.0
43,baseline_fixed,87,Progressive,False,0.0
43,baseline_fixed,88,Progressive,False,0.0
43,baseline_fixed,89,Progressive,False,0.0
43,baseline_fixed,90,Abrupt,False,0.1042
43,baseline_fixed,91,Progressive,False,0.0
43,baseline_fixed,92,Progressive,False,0.0
43,baseline_fixed,93,Abrupt,False,0.0
43,baseline_fixed,94,Progressive,False,0.0
43,baseline_fixed,95,Abrupt,False,0.5208
43,baseline_fixed,96,Abrupt,False,0.0
43,baseline_fixed,97,Progressive,False,0.2083
43,baseline_fixed,98,Progressive,False,0.0
43,baseline_fixed,99,Progressive,False,0.0
43,baseline_fixed,100,Progressive,False,0.2083
43,baseline_fixed,101,Progressive,False,0.0
43,baseline_fixed,102,Abrupt,False,0.1042
43,baseline_fixed,103,Progressive,False,0.0
43,baseline_fixed,104,Progressive,False,0.1042
43,baseline_fixed,105,Progressive,False,0.0
43,baseline_fixed,106,Abrupt,False,0.5208
43,baseline_fixed,107,Progressive,False,0.1042
43,baseline_fixed,108,Abrupt,False,0.5208
43,baseline_fixed,109,Progressive,False,0.0
43,baseline_fixed,110,Abrupt,False,0.1042
43,baseline_fixed,111,Progressive,False,0.0
43,baseline_fixed,112,Progressive,False,0.0
43,baseline_fixed,113,Progressive,False,0.0
43,baseline_fixed,114,Progressive,False,0.0
43,baseline_fixed,115,Progressive,False,0.1042
43,baseline_fixed,116,Progressive,False,0.0
43,baseline_fixed,117,Abrupt,False,0.0
43,baseline_fixed,118,Progressive,False,0.0
43,baseline_fixed,119,Abrupt,False,0.1042
43,baseline_hybrid,0,Abrupt,False,1.1458
43,baseline_hybrid,1,Progressive,False,0.3125
43,baseline_hybrid,2,Progressive,False,0.4167
43,baseline_hybrid,3,Abrupt,False,1.0417
43,baseline_hybrid,4,Abrupt,False,1.25
43,baseline_hybrid,5,Abrupt,False,1.0417
43,baseline_hybrid,6,Abrupt,False,0.0
43,baseline_hybrid,7,Progressive,False,0.0
43,baseline_hybrid,8,Progressive,False,0.0
43,baseline_hybrid,9,Progressive,False,0.0
43,baseline_hybrid,10,Progressive,False,0.0
43,baseline_hybrid,11,Progressive,False,0.0
43,baseline_hybrid,12,Progressive,False,0.0
43,baseline_hybrid,13,Progressive,False,0.0
43,baseline_hybrid,14,Progressive,False,0.2083
43,baseline_hybrid,15,Abrupt,False,0.625
43,baseline_hybrid,16,Abrupt,True,10.0
43,baseline_hybrid,17,Abrupt,False,0.2083
43,baseline_hybrid,18,Abrupt,False,1.0417
43,baseline_hybrid,19,Abrupt,False,0.5208
43,baseline_hybrid,20,Abrupt,False,1.0417
43,baseline_hybrid,21,Progressive,False,0.0
43,baseline_hybrid,22,Abrupt,False,1.1458
43,baseline_hybrid,23,Progressive,False,0.2083
43,baseline_hybrid,24,Progressive,False,0.0
43,baseline_hybrid,25,Progressive,False,0.0
43,baseline_hybrid,26,Progressive,False,0.9375
43,baseline_hybrid,27,Abrupt,False,0.8333
43,baseline_hybrid,28,Progressive,False,0.0
43,baseline_hybrid,29,Abrupt,False,0.1042
43,baseline_hybrid,30,Progressive,False,0.0
43,baseline_hybrid,31,Progressive,False,0.1042
43,baseline_hybrid,32,Progressive,False,0.2083
43,baseline_hybrid,33,Abrupt,False,0.1042
43,baseline_hybrid,34,Progressive,False,0.0
43,baseline_hybrid,35,Progressive,False,0.0
43,baseline_hybrid,36,Progressive,False,0.0
43,baseline_hybrid,37,Progressive,False,0.0
43,baseline_hybrid,38,Progressive,False,0.1042
43,baseline_hybrid,39,Abrupt,False,0.625
43,baseline_hybrid,40,Abrupt,False,0.1042
43,baseline_hybrid,41,Abrupt,False,1.0417
43,baseline_hybrid,42,Progressive,False,0.0
43,baseline_hybrid,43,Abrupt,False,0.1042
43,baseline_hybrid,44,Abrupt,False,0.0
43,baseline_hybrid,45,Abrupt,False,0.1042
43,baseline_hybrid,46,Abrupt,False,0.0
43,baseline_hybrid,47,Abrupt,False,0.4167
43,baseline_hybrid,48,Progressive,False,0.0
43,baseline_hybrid,49,Abrupt,False,0.4167
43,baseline_hybrid,50,Progressive,False,0.4167
43,baseline_hybrid,51,Progressive,False,0.0
43,baseline_hybrid,52,Progressive,False,0.0
43,baseline_hybrid,53,Progressive,False,0.0
43,baseline_hybrid,54,Abrupt,False,0.0
43,baseline_hybrid,55,Progressive,False,0.0
43,baseline_hybrid,56,Abrupt,False,0.0
43,baseline_hybrid,57,Progressive,False,0.0
43,baseline_hybrid,58,Abrupt,False,0.5208
43,baseline_hybrid,59,Progressive,False,0.1042
43,baseline_hybrid,60,Progressive,False,0.2083
43,baseline_hybrid,61,Progressive,False,0.0
43,baseline_hybrid,62,Abrupt,False,0.5208
43,baseline_hybrid,63,Abrupt,False,0.5208
43,baseline_hybrid,64,Abrupt,True,10.0
43,baseline_hybrid,65,Abrupt,False,0.9375
43,baseline_hybrid,66,Abrupt,False,0.0
43,baseline_hybrid,67,Abrupt,False,0.1042
43,baseline_hybrid,68,Abrupt,False,1.0417
43,baseline_hybrid,69,Progressive,False,0.1042
43,baseline_hybrid,70,Progressive,False,0.0
43,baseline_hybrid,71,Progressive,False,0.0
43,baseline_hybrid,72,Abrupt,False,0.1042
43,baseline_hybrid,73,Progressive,False,0.0
43,baseline_hybrid,74,Progressive,False,0.0
43,baseline_hybrid,75,Progressive,False,0.0
43,baseline_hybrid,76,Abrupt,False,0.1042
43,baseline_hybrid,77,Progressive,False,0.0
43,baseline_hybrid,78,Progressive,False,0.0
43,baseline_hybrid,79,Progressive,False,0.0
43,baseline_hybrid,80,Progressive,False,0.0
43,baseline_hybrid,81,Progressive,False,0.0
43,baseline_hybrid,82,Progressive,False,0.0
43,baseline_hybrid,83,Abrupt,False,0.0
43,baseline_hybrid,84,Abrupt,False,0.5208
43,baseline_hybrid,85,Progressive,False,0.3125
43,baseline_hybrid,86,Progressive,False,0.0
43,baseline_hybrid,87,Progressive,False,0.0
43,baseline_hybrid,88,Progressive,False,0.0
43,baseline_hybrid,89,Progressive,False,0.0
43,baseline_hybrid,90,Abrupt,False,0.1042
43,baseline_hybrid,91,Progressive,False,0.0
43,baseline_hybrid,92,Progressive,False,0.5208
43,baseline_hybrid,93,Abrupt,False,0.0
43,baseline_hybrid,94,Progressive,False,0.0
43,baseline_hybrid,95,Abrupt,False,0.5208
43,baseline_hybrid,96,Abrupt,False,0.0
43,baseline_hybrid,97,Progressive,False,0.2083
43,baseline_hybrid,98,Progressive,False,0.0
43,baseline_hybrid,99,Progressive,False,0.4167
43,baseline_hybrid,100,Progressive,False,0.2083
43,baseline_hybrid,101,Progressive,False,0.1042
43,baseline_hybrid,102,Abrupt,False,0.1042
43,baseline_hybrid,103,Progressive,False,0.0
43,baseline_hybrid,104,Progressive,False,0.1042
43,baseline_hybrid,105,Progressive,False,0.0
43,baseline_hybrid,106,Abrupt,False,0.5208
43,baseline_hybrid,107,Progressive,False,0.1042
43,baseline_hybrid,108,Abrupt,False,0.5208
43,baseline_hybrid,109,Progressive,False,0.0
43,baseline_hybrid,110,Abrupt,False,0.1042
43,baseline_hybrid,111,Progressive,False,0.0
43,baseline_hybrid,112,Progressive,False,0.0
43,baseline_hybrid,113,Progressive,False,0.0
43,baseline_hybrid,114,Progressive,False,0.0
43,baseline_hybrid,115,Progressive,False,0.1042
43,baseline_hybrid,116,Progressive,False,0.0
43,baseline_hybrid,117,Abrupt,False,0.0
43,baseline_hybrid,118,Progressive,False,0.1042
43,baseline_hybrid,119,Abrupt,False,0.1042
43,aftkd_fixed,0,Abrupt,False,0.1042
43,aftkd_fixed,1,Progressive,False,0.0
43,aftkd_fixed,2,Progressive,False,0.0
43,aftkd_fixed,3,Abrupt,False,0.0
43,aftkd_fixed,4,Abrupt,False,0.1042
43,aftkd_fixed,5,Abrupt,False,0.1042
43,aftkd_fixed,6,Abrupt,False,0.0
43,aftkd_fixed,7,Progressive,False,0.0
43,aftkd_fixed,8,Progressive,False,0.0
43,aftkd_fixed,9,Progressive,False,0.0
43,aftkd_fixed,10,Progressive,False,0.0
43,aftkd_fixed,11,Progressive,False,0.0
43,aftkd_fixed,12,Progressive,False,0.0
43,aftkd_fixed,13,Progressive,False,0.0
43,aftkd_fixed,14,Progressive,False,0.0
43,aftkd_fixed,15,Abrupt,False,0.0
43,aftkd_fixed,16,Abrupt,False,0.0
43,aftkd_fixed,17,Abrupt,False,0.0
43,aftkd_fixed,18,Abrupt,False,0.1042
43,aftkd_fixed,19,Abrupt,False,0.0
43,aftkd_fixed,20,Abrupt,False,0.1042
43,aftkd_fixed,21,Progressive,False,0.0
43,aftkd_fixed,22,Abrupt,False,0.0
43,aftkd_fixed,23,Progressive,False,0.2083
43,aftkd_fixed,24,Progressive,False,0.0
43,aftkd_fixed,25,Progressive,False,0.0
43,aftkd_fixed,26,Progressive,False,0.3125
43,aftkd_fixed,27,Abrupt,False,0.0
43,aftkd_fixed,28,Progressive,False,0.0
43,aftkd_fixed,29,Abrupt,False,0.0
43,aftkd_fixed,30,Progressive,False,0.0
43,aftkd_fixed,31,Progressive,False,0.1042
43,aftkd_fixed,32,Progressive,False,0.0
43,aftkd_fixed,33,Abrupt,False,0.0
43,aftkd_fixed,34,Progressive,False,0.0
43,aftkd_fixed,35,Progressive,False,0.0
43,aftkd_fixed,36,Progressive,False,0.0
43,aftkd_fixed,37,Progressive,False,0.0
43,aftkd_fixed,38,Progressive,False,0.1042
43,aftkd_fixed,39,Abrupt,False,0.0
43,aftkd_fixed,40,Abrupt,False,0.0
43,aftkd_fixed,41,Abrupt,False,0.0
43,aftkd_fixed,42,Progressive,False,0.0
43,aftkd_fixed,43,Abrupt,False,0.0
43,aftkd_fixed,44,Abrupt,False,0.0
43,aftkd_fixed,45,Abrupt,False,0.0
43,aftkd_fixed,46,Abrupt,False,0.0
43,aftkd_fixed,47,Abrupt,False,0.0
43,aftkd_fixed,48,Progressive,False,0.0
43,aftkd_fixed,49,Abrupt,False,0.0
43,aftkd_fixed,50,Progressive,False,0.0
43,aftkd_fixed,51,Progressive,False,0.1042
43,aftkd_fixed,52,Progressive,False,0.0
43,aftkd_fixed,53,Progressive,False,0.0
43,aftkd_fixed,54,Abrupt,False,0.0
43,aftkd_fixed,55,Progressive,False,0.0
43,aftkd_fixed,56,Abrupt,False,0.0
43,aftkd_fixed,57,Progressive,False,0.0
43,aftkd_fixed,58,Abrupt,False,0.0
43,aftkd_fixed,59,Progressive,False,0.1042
43,aftkd_fixed,60,Progressive,False,0.1042
43,aftkd_fixed,61,Progressive,False,0.0
43,aftkd_fixed,62,Abrupt,False,0.0
43,aftkd_fixed,63,Abrupt,False,0.0
43,aftkd_fixed,64,Abrupt,False,0.0
43,aftkd_fixed,65,Abrupt,False,0.0
43,aftkd_fixed,66,Abrupt,False,0.0
43,aftkd_fixed,67,Abrupt,False,0.0
43,aftkd_fixed,68,Abrupt,False,0.0
43,aftkd_fixed,69,Progressive,False,0.2083
43,aftkd_fixed,70,Progressive,False,0.0
43,aftkd_fixed,71,Progressive,False,0.0
43,aftkd_fixed,72,Abrupt,False,0.0
43,aftkd_fixed,73,Progressive,False,0.0
43,aftkd_fixed,74,Progressive,False,0.0
43,aftkd_fixed,75,Progressive,False,0.0
43,aftkd_fixed,76,Abrupt,False,0.0
43,aftkd_fixed,77,Progressive,False,0.0
43,aftkd_fixed,78,Progressive,False,0.1042
43,aftkd_fixed,79,Progressive,False,0.0
43,aftkd_fixed,80,Progressive,False,0.0
43,aftkd_fixed,81,Progressive,False,0.0
43,aftkd_fixed,82,Progressive,False,0.0
43,aftkd_fixed,83,Abrupt,False,0.0
43,aftkd_fixed,84,Abrupt,False,0.0
43,aftkd_fixed,85,Progressive,False,0.2083
43,aftkd_fixed,86,Progressive,False,0.0
43,aftkd_fixed,87,Progressive,False,0.0
43,aftkd_fixed,88,Progressive,False,0.0
43,aftkd_fixed,89,Progressive,False,0.0
43,aftkd_fixed,90,Abrupt,False,0.0
43,aftkd_fixed,91,Progressive,False,0.0
43,aftkd_fixed,92,Progressive,False,0.0
43,aftkd_fixed,93,Abrupt,False,0.0
43,aftkd_fixed,94,Progressive,False,0.0
43,aftkd_fixed,95,Abrupt,False,0.0
43,aftkd_fixed,96,Abrupt,False,0.0
43,aftkd_fixed,97,Progressive,False,0.2083
43,aftkd_fixed,98,Progressive,False,0.0
43,aftkd_fixed,99,Progressive,False,0.0
43,aftkd_fixed,100,Progressive,False,0.3125
43,aftkd_fixed,101,Progressive,False,0.0
43,aftkd_fixed,102,Abrupt,False,0.0
43,aftkd_fixed,103,Progressive,False,0.0
43,aftkd_fixed,104,Progressive,False,0.0
43,aftkd_fixed,105,Progressive,False,0.0
43,aftkd_fixed,106,Abrupt,False,0.0
43,aftkd_fixed,107,Progressive,False,0.2083
43,aftkd_fixed,108,Abrupt,False,0.0
43,aftkd_fixed,109,Progressive,False,0.0
43,aftkd_fixed,110,Abrupt,False,0.0
43,aftkd_fixed,111,Progressive,False,0.0
43,aftkd_fixed,112,Progressive,False,0.0
43,aftkd_fixed,113,Progressive,False,0.0
43,aftkd_fixed,114,Progressive,False,0.0
43,aftkd_fixed,115,Progressive,False,0.0
43,aftkd_fixed,116,Progressive,False,0.0
43,aftkd_fixed,117,Abrupt,False,0.0
43,aftkd_fixed,118,Progressive,False,0.0
43,aftkd_fixed,119,Abrupt,False,0.0
43,aftkd_hybrid,0,Abrupt,False,0.1042
43,aftkd_hybrid,1,Progressive,False,0.0
43,aftkd_hybrid,2,Progressive,False,0.0
43,aftkd_hybrid,3,Abrupt,False,0.0
43,aftkd_hybrid,4,Abrupt,False,0.1042
43,aftkd_hybrid,5,Abrupt,False,0.1042
43,aftkd_hybrid,6,Abrupt,False,0.0
43,aftkd_hybrid,7,Progressive,False,0.0
43,aftkd_hybrid,8,Progressive,False,0.0
43,aftkd_hybrid,9,Progressive,False,0.0
43,aftkd_hybrid,10,Progressive,False,0.0
43,aftkd_hybrid,11,Progressive,False,0.0
43,aftkd_hybrid,12,Progressive,False,0.0
43,aftkd_hybrid,13,Progressive,False,0.0
43,aftkd_hybrid,14,Progressive,False,0.0
43,aftkd_hybrid,15,Abrupt,False,0.1042
43,aftkd_hybrid,16,Abrupt,False,0.0
43,aftkd_hybrid,17,Abrupt,False,0.0
43,aftkd_hybrid,18,Abrupt,False,0.1042
43,aftkd_hybrid,19,Abrupt,False,0.0
43,aftkd_hybrid,20,Abrupt,False,0.1042
43,aftkd_hybrid,21,Progressive,False,0.0
43,aftkd_hybrid,22,Abrupt,False,0.0
43,aftkd_hybrid,23,Progressive,False,0.2083
43,aftkd_hybrid,24,Progressive,False,0.0
43,aftkd_hybrid,25,Progressive,False,0.0
43,aftkd_hybrid,26,Progressive,False,0.3125
43,aftkd_hybrid,27,Abrupt,False,0.0
43,aftkd_hybrid,28,Progressive,False,0.0
43,aftkd_hybrid,29,Abrupt,False,0.0
43,aftkd_hybrid,30,Progressive,False,0.0
43,aftkd_hybrid,31,Progressive,False,0.1042
43,aftkd_hybrid,32,Progressive,False,0.0
43,aftkd_hybrid,33,Abrupt,False,0.0
43,aftkd_hybrid,34,Progressive,False,0.0
43,aftkd_hybrid,35,Progressive,False,0.0
43,aftkd_hybrid,36,Progressive,False,0.0
43,aftkd_hybrid,37,Progressive,False,0.0
43,aftkd_hybrid,38,Progressive,False,0.1042
43,aftkd_hybrid,39,Abrupt,False,0.0
43,aftkd_hybrid,40,Abrupt,False,0.0
43,aftkd_hybrid,41,Abrupt,False,0.0
43,aftkd_hybrid,42,Progressive,False,0.0
43,aftkd_hybrid,43,Abrupt,False,0.0
43,aftkd_hybrid,44,Abrupt,False,0.0
43,aftkd_hybrid,45,Abrupt,False,0.0
43,aftkd_hybrid,46,Abrupt,False,0.0
43,aftkd_hybrid,47,Abrupt,False,0.0
43,aftkd_hybrid,48,Progressive,False,0.0
43,aftkd_hybrid,49,Abrupt,False,0.0
43,aftkd_hybrid,50,Progressive,False,0.0
43,aftkd_hybrid,51,Progressive,False,0.1042
43,aftkd_hybrid,52,Progressive,False,0.0
43,aftkd_hybrid,53,Progressive,False,0.0
43,aftkd_hybrid,54,Abrupt,False,0.0
43,aftkd_hybrid,55,Progressive,False,0.0
43,aftkd_hybrid,56,Abrupt,False,0.0
43,aftkd_hybrid,57,Progressive,False,0.0
43,aftkd_hybrid,58,Abrupt,False,0.0
43,aftkd_hybrid,59,Progressive,False,0.1042
43,aftkd_hybrid,60,Progressive,False,0.1042
43,aftkd_hybrid,61,Progressive,False,0.0
43,aftkd_hybrid,62,Abrupt,False,0.0
43,aftkd_hybrid,63,Abrupt,False,0.0
43,aftkd_hybrid,64,Abrupt,False,0.0
43,aftkd_hybrid,65,Abrupt,False,0.0
43,aftkd_hybrid,66,Abrupt,False,0.0
43,aftkd_hybrid,67,Abrupt,False,0.0
43,aftkd_hybrid,68,Abrupt,False,0.0
43,aftkd_hybrid,69,Progressive,False,0.2083
43,aftkd_hybrid,70,Progressive,False,0.0
43,aftkd_hybrid,71,Progressive,False,0.0
43,aftkd_hybrid,72,Abrupt,False,0.1042
43,aftkd_hybrid,73,Progressive,False,0.0
43,aftkd_hybrid,74,Progressive,False,0.0
43,aftkd_hybrid,75,Progressive,False,0.0
43,aftkd_hybrid,76,Abrupt,False,0.0
43,aftkd_hybrid,77,Progressive,False,0.0
43,aftkd_hybrid,78,Progressive,False,0.1042
43,aftkd_hybrid,79,Progressive,False,0.0
43,aftkd_hybrid,80,Progressive,False,0.0
43,aftkd_hybrid,81,Progressive,False,0.0
43,aftkd_hybrid,82,Progressive,False,0.0
43,aftkd_hybrid,83,Abrupt,False,0.0
43,aftkd_hybrid,84,Abrupt,False,0.0
43,aftkd_hybrid,85,Progressive,False,0.2083
43,aftkd_hybrid,86,Progressive,False,0.0
43,aftkd_hybrid,87,Progressive,False,0.0
43,aftkd_hybrid,88,Progressive,False,0.0
43,aftkd_hybrid,89,Progressive,False,0.0
43,aftkd_hybrid,90,Abrupt,False,0.0
43,aftkd_hybrid,91,Progressive,False,0.0
43,aftkd_hybrid,92,Progressive,False,0.0
43,aftkd_hybrid,93,Abrupt,False,0.0
43,aftkd_hybrid,94,Progressive,False,0.0
43,aftkd_hybrid,95,Abrupt,False,0.0
43,aftkd_hybrid,96,Abrupt,False,0.0
43,aftkd_hybrid,97,Progressive,False,0.2083
43,aftkd_hybrid,98,Progressive,False,0.0
43,aftkd_hybrid,99,Progressive,False,0.0
43,aftkd_hybrid,100,Progressive,False,0.3125
43,aftkd_hybrid,101,Progressive,False,0.0
43,aftkd_hybrid,102,Abrupt,False,0.0
43,aftkd_hybrid,103,Progressive,False,0.0
43,aftkd_hybrid,104,Progressive,False,0.0
43,aftkd_hybrid,105,Progressive,False,0.0
43,aftkd_hybrid,106,Abrupt,False,0.0
43,aftkd_hybrid,107,Progressive,False,0.2083
43,aftkd_hybrid,108,Abrupt,False,0.0
43,aftkd_hybrid,109,Progressive,False,0.0
43,aftkd_hybrid,110,Abrupt,False,0.0
43,aftkd_hybrid,111,Progressive,False,0.0
43,aftkd_hybrid,112,Progressive,False,0.0
43,aftkd_hybrid,113,Progressive,False,0.0
43,aftkd_hybrid,114,Progressive,False,0.0
43,aftkd_hybrid,115,Progressive,False,0.0
43,aftkd_hybrid,116,Progressive,False,0.0
43,aftkd_hybrid,117,Abrupt,False,0.0
43,aftkd_hybrid,118,Progressive,False,0.0
43,aftkd_hybrid,119,Abrupt,False,0.0
44,baseline_fixed,0,Abrupt,False,0.625
44,baseline_fixed,1,Progressive,False,0.0
44,baseline_fixed,2,Progressive,False,0.0
44,baseline_fixed,3,Abrupt,False,0.1042
44,baseline_fixed,4,Abrupt,False,1.1458
44,baseline_fixed,5,Abrupt,False,0.625
44,baseline_fixed,6,Progressive,False,0.0
44,baseline_fixed,7,Abrupt,False,0.4167
44,baseline_fixed,8,Progressive,False,0.0
44,baseline_fixed,9,Progressive,False,0.0
44,baseline_fixed,10,Progressive,False,0.0
44,baseline_fixed,11,Progressive,False,0.0
44,baseline_fixed,12,Abrupt,False,0.1042
44,baseline_fixed,13,Progressive,False,0.0
44,baseline_fixed,14,Abrupt,False,0.625
44,baseline_fixed,15,Abrupt,False,0.5208
44,baseline_fixed,16,Progressive,False,0.0
44,baseline_fixed,17,Progressive,False,0.0
44,baseline_fixed,18,Progressive,False,0.0
44,baseline_fixed,19,Abrupt,False,0.5208
44,baseline_fixed,20,Progressive,False,0.0
44,baseline_fixed,21,Progressive,False,0.0
44,baseline_fixed,22,Abrupt,False,0.5208
44,baseline_fixed,23,Abrupt,False,0.2083
44,baseline_fixed,24,Abrupt,False,0.5208
44,baseline_fixed,25,Abrupt,False,0.2083
44,baseline_fixed,26,Progressive,False,0.0
44,baseline_fixed,27,Abrupt,False,0.5208
44,baseline_fixed,28,Progressive,False,0.0
44,baseline_fixed,29,Progressive,False,0.0
44,baseline_fixed,30,Progressive,False,0.0
44,baseline_fixed,31,Abrupt,False,1.1458
44,baseline_fixed,32,Progressive,False,0.0
44,baseline_fixed,33,Progressive,False,0.0
44,baseline_fixed,34,Progressive,False,0.0
44,baseline_fixed,35,Progressive,False,0.0
44,baseline_fixed,36,Progressive,False,0.1042
44,baseline_fixed,37,Progressive,False,0.0
44,baseline_fixed,38,Abrupt,False,0.7292
44,baseline_fixed,39,Abrupt,False,0.1042
44,baseline_fixed,40,Progressive,False,0.0
44,baseline_fixed,41,Progressive,False,0.0
44,baseline_fixed,42,Abrupt,False,0.1042
44,baseline_fixed,43,Progressive,False,0.0
44,baseline_fixed,44,Progressive,False,0.0
44,baseline_fixed,45,Abrupt,False,1.1458
44,baseline_fixed,46,Abrupt,True,10.0
44,baseline_fixed,47,Abrupt,False,1.0417
44,baseline_fixed,48,Abrupt,False,0.8333
44,baseline_fixed,49,Progressive,False,0.0
44,baseline_fixed,50,Progressive,False,0.0
44,baseline_fixed,51,Progressive,False,0.0
44,baseline_fixed,52,Progressive,False,0.0
44,baseline_fixed,53,Progressive,False,0.0
44,baseline_fixed,54,Abrupt,False,0.1042
44,baseline_fixed,55,Progressive,False,0.0
44,baseline_fixed,56,Progressive,False,0.0
44,baseline_fixed,57,Progressive,False,0.0
44,baseline_fixed,58,Abrupt,False,0.5208
44,baseline_fixed,59,Abrupt,False,1.9792
44,baseline_fixed,60,Abrupt,False,0.5208
44,baseline_fixed,61,Abrupt,False,0.2083
44,baseline_fixed,62,Abrupt,False,0.7292
44,baseline_fixed,63,Abrupt,False,0.8333
44,baseline_fixed,64,Progressive,False,0.0
44,baseline_fixed,65,Progressive,False,0.0
44,baseline_fixed,66,Progressive,False,0.0
44,baseline_fixed,67,Progressive,False,0.0
44,baseline_fixed,68,Progressive,False,0.0
44,baseline_fixed,69,Progressive,False,0.0
44,baseline_fixed,70,Progressive,False,0.0
44,baseline_fixed,71,Progressive,False,0.0
44,baseline_fixed,72,Abrupt,False,0.1042
44,baseline_fixed,73,Progressive,False,0.0
44,baseline_fixed,74,Abrupt,True,10.0
44,baseline_fixed,75,Progressive,False,0.0
44,baseline_fixed,76,Abrupt,False,0.9375
44,baseline_fixed,77,Progressive,False,0.0
44,baseline_fixed,78,Abrupt,False,0.5208
44,baseline_fixed,79,Abrupt,False,0.5208
44,baseline_fixed,80,Progressive,False,0.0
44,baseline_fixed,81,Progressive,False,0.0
44,baseline_fixed,82,Abrupt,False,1.1458
44,baseline_fixed,83,Abrupt,False,1.25
44,baseline_fixed,84,Progressive,False,0.0
44,baseline_fixed,85,Progressive,False,0.0
44,baseline_fixed,86,Progressive,False,0.0
44,baseline_fixed,87,Abrupt,False,1.1458
44,baseline_fixed,88,Progressive,False,0.0
44,baseline_fixed,89,Progressive,False,0.0
44,baseline_fixed,90,Progressive,False,0.0
44,baseline_fixed,91,Abrupt,False,1.875
44,baseline_fixed,92,Abrupt,False,1.1458
44,baseline_fixed,93,Abrupt,False,0.5208
44,baseline_fixed,94,Progressive,False,0.0
44,baseline_fixed,95,Progressive,False,0.0
44,baseline_fixed,96,Progressive,False,0.0
44,baseline_fixed,97,Abrupt,False,0.5208
44,baseline_fixed,98,Progressive,False,0.0
44,baseline_fixed,99,Progressive,False,0.0
44,baseline_fixed,100,Abrupt,False,0.625
44,baseline_fixed,101,Abrupt,False,1.1458
44,baseline_fixed,102,Abrupt,False,0.2083
44,baseline_fixed,103,Progressive,False,0.0
44,baseline_fixed,104,Progressive,False,0.0
44,baseline_fixed,105,Progressive,False,0.0
44,baseline_fixed,106,Progressive,False,0.0
44,baseline_fixed,107,Abrupt,False,0.5208
44,baseline_fixed,108,Progressive,False,0.0
44,baseline_fixed,109,Progressive,False,0.0
44,baseline_fixed,110,Progressive,False,0.0
44,baseline_fixed,111,Progressive,False,0.0
44,baseline_fixed,112,Progressive,False,0.0
44,baseline_fixed,113,Abrupt,False,0.2083
44,baseline_fixed,114,Abrupt,False,0.8333
44,baseline_fixed,115,Abrupt,True,10.0
44,baseline_fixed,116,Progressive,False,0.0
44,baseline_fixed,117,Progressive,False,0.0
44,baseline_fixed,118,Progressive,False,0.0
44,baseline_fixed,119,Progressive,False,0.0
44,baseline_hybrid,0,Abrupt,False,0.625
44,baseline_hybrid,1,Progressive,False,0.8333
44,baseline_hybrid,2,Progressive,False,0.0
44,baseline_hybrid,3,Abrupt,False,0.1042
44,baseline_hybrid,4,Abrupt,False,1.1458
44,baseline_hybrid,5,Abrupt,False,0.625
44,baseline_hybrid,6,Progressive,False,0.0
44,baseline_hybrid,7,Abrupt,False,0.4167
44,baseline_hybrid,8,Progressive,False,0.0
44,baseline_hybrid,9,Progressive,False,0.0
44,baseline_hybrid,10,Progressive,False,1.0417
44,baseline_hybrid,11,Progressive,False,0.3125
44,baseline_hybrid,12,Abrupt,False,0.1042
44,baseline_hybrid,13,Progressive,False,0.0
44,baseline_hybrid,14,Abrupt,False,0.625
44,baseline_hybrid,15,Abrupt,False,0.5208
44,baseline_hybrid,16,Progressive,False,0.1042
44,baseline_hybrid,17,Progressive,False,0.0
44,baseline_hybrid,18,Progressive,False,0.0
44,baseline_hybrid,19,Abrupt,False,0.5208
44,baseline_hybrid,20,Progressive,False,0.0
44,baseline_hybrid,21,Progressive,False,0.0
44,baseline_hybrid,22,Abrupt,False,0.5208
44,baseline_hybrid,23,Abrupt,False,0.2083
44,baseline_hybrid,24,Abrupt,False,0.5208
44,baseline_hybrid,25,Abrupt,False,0.2083
44,baseline_hybrid,26,Progressive,False,0.4167
44,baseline_hybrid,27,Abrupt,False,0.5208
44,baseline_hybrid,28,Progressive,False,0.0
44,baseline_hybrid,29,Progressive,False,0.5208
44,baseline_hybrid,30,Progressive,False,0.0
44,baseline_hybrid,31,Abrupt,False,1.1458
44,baseline_hybrid,32,Progressive,False,0.3125
44,baseline_hybrid,33,Progressive,False,0.0
44,baseline_hybrid,34,Progressive,False,0.4167
44,baseline_hybrid,35,Progressive,False,0.0
44,baseline_hybrid,36,Progressive,False,0.4167
44,baseline_hybrid,37,Progressive,False,0.0
44,baseline_hybrid,38,Abrupt,False,0.7292
44,baseline_hybrid,39,Abrupt,False,0.1042
44,baseline_hybrid,40,Progressive,False,0.625
44,baseline_hybrid,41,Progressive,False,0.0
44,baseline_hybrid,42,Abrupt,False,0.1042
44,baseline_hybrid,43,Progressive,False,0.0
44,baseline_hybrid,44,Progressive,False,0.0
44,baseline_hybrid,45,Abrupt,False,1.1458
44,baseline_hybrid,46,Abrupt,True,10.0
44,baseline_hybrid,47,Abrupt,False,1.0417
44,baseline_hybrid,48,Abrupt,False,0.8333
44,baseline_hybrid,49,Progressive,False,0.0
44,baseline_hybrid,50,Progressive,False,0.3125
44,baseline_hybrid,51,Progressive,False,0.0
44,baseline_hybrid,52,Progressive,False,0.0
44,baseline_hybrid,53,Progressive,False,0.0
44,baseline_hybrid,54,Abrupt,False,0.1042
44,baseline_hybrid,55,Progressive,False,0.0
44,baseline_hybrid,56,Progressive,False,0.4167
44,baseline_hybrid,57,Progressive,False,0.0
44,baseline_hybrid,58,Abrupt,False,0.5208
44,baseline_hybrid,59,Abrupt,False,1.9792
44,baseline_hybrid,60,Abrupt,False,0.5208
44,baseline_hybrid,61,Abrupt,False,0.2083
44,baseline_hybrid,62,Abrupt,False,0.7292
44,baseline_hybrid,63,Abrupt,False,0.8333
44,baseline_hybrid,64,Progressive,False,0.0
44,baseline_hybrid,65,Progressive,False,0.1042
44,baseline_hybrid,66,Progressive,False,0.0
44,baseline_hybrid,67,Progressive,False,0.0
44,baseline_hybrid,68,Progressive,False,0.0
44,baseline_hybrid,69,Progressive,False,0.0
44,baseline_hybrid,70,Progressive,False,0.0
44,baseline_hybrid,71,Progressive,False,0.2083
44,baseline_hybrid,72,Abrupt,False,0.1042
44,baseline_hybrid,73,Progressive,False,0.0
44,baseline_hybrid,74,Abrupt,True,10.0
44,baseline_hybrid,75,Progressive,False,0.625
44,baseline_hybrid,76,Abrupt,False,0.9375
44,baseline_hybrid,77,Progressive,False,0.0
44,baseline_hybrid,78,Abrupt,False,0.5208
44,baseline_hybrid,79,Abrupt,False,0.5208
44,baseline_hybrid,80,Progressive,False,0.0
44,baseline_hybrid,81,Progressive,False,0.0
44,baseline_hybrid,82,Abrupt,False,1.1458
44,baseline_hybrid,83,Abrupt,False,1.25
44,baseline_hybrid,84,Progressive,False,0.0
44,baseline_hybrid,85,Progressive,False,0.625
44,baseline_hybrid,86,Progressive,False,0.0
44,baseline_hybrid,87,Abrupt,False,1.1458
44,baseline_hybrid,88,Progressive,False,0.4167
44,baseline_hybrid,89,Progressive,False,0.0
44,baseline_hybrid,90,Progressive,False,0.0
44,baseline_hybrid,91,Abrupt,False,1.875
44,baseline_hybrid,92,Abrupt,False,1.1458
44,baseline_hybrid,93,Abrupt,False,0.5208
44,baseline_hybrid,94,Progressive,False,0.0
44,baseline_hybrid,95,Progressive,False,0.4167
44,baseline_hybrid,96,Progressive,False,0.0
44,baseline_hybrid,97,Abrupt,False,0.5208
44,baseline_hybrid,98,Progressive,False,0.0
44,baseline_hybrid,99,Progressive,False,0.0
44,baseline_hybrid,100,Abrupt,False,0.625
44,baseline_hybrid,101,Abrupt,False,1.1458
44,baseline_hybrid,102,Abrupt,False,0.2083
44,baseline_hybrid,103,Progressive,False,0.0
44,baseline_hybrid,104,Progressive,False,0.4167
44,baseline_hybrid,105,Progressive,False,0.0
44,baseline_hybrid,106,Progressive,False,0.0
44,baseline_hybrid,107,Abrupt,False,0.5208
44,baseline_hybrid,108,Progressive,False,0.0
44,baseline_hybrid,109,Progressive,False,0.2083
44,baseline_hybrid,110,Progressive,False,0.0
44,baseline_hybrid,111,Progressive,False,0.0
44,baseline_hybrid,112,Progressive,False,0.0
44,baseline_hybrid,113,Abrupt,False,0.2083
44,baseline_hybrid,114,Abrupt,False,0.8333
44,baseline_hybrid,115,Abrupt,True,10.0
44,baseline_hybrid,116,Progressive,False,0.0
44,baseline_hybrid,117,Progressive,False,0.3125
44,baseline_hybrid,118,Progressive,False,0.0
44,baseline_hybrid,119,Progressive,False,0.3125
44,aftkd_fixed,0,Abrupt,False,0.0
44,aftkd_fixed,1,Progressive,False,0.0
44,aftkd_fixed,2,Progressive,False,0.0
44,aftkd_fixed,3,Abrupt,False,0.0
44,aftkd_fixed,4,Abrupt,False,0.0
44,aftkd_fixed,5,Abrupt,False,0.0
44,aftkd_fixed,6,Progressive,False,0.0
44,aftkd_fixed,7,Abrupt,False,0.0
44,aftkd_fixed,8,Progressive,False,0.1042
44,aftkd_fixed,9,Progressive,False,0.0
44,aftkd_fixed,10,Progressive,False,0.3125
44,aftkd_fixed,11,Progressive,False,0.0
44,aftkd_fixed,12,Abrupt,False,0.0
44,aftkd_fixed,13,Progressive,False,0.0
44,aftkd_fixed,14,Abrupt,False,0.0
44,aftkd_fixed,15,Abrupt,False,0.0
44,aftkd_fixed,16,Progressive,False,0.1042
44,aftkd_fixed,17,Progressive,False,0.0
44,aftkd_fixed,18,Progressive,False,0.0
44,aftkd_fixed,19,Abrupt,False,0.0
44,aftkd_fixed,20,Progressive,False,0.0
44,aftkd_fixed,21,Progressive,False,0.0
44,aftkd_fixed,22,Abrupt,False,0.0
44,aftkd_fixed,23,Abrupt,False,0.0
44,aftkd_fixed,24,Abrupt,False,0.0
44,aftkd_fixed,25,Abrupt,False,0.0
44,aftkd_fixed,26,Progressive,False,0.0
44,aftkd_fixed,27,Abrupt,False,0.0
44,aftkd_fixed,28,Progressive,False,0.2083
44,aftkd_fixed,29,Progressive,False,0.0
44,aftkd_fixed,30,Progressive,False,0.0
44,aftkd_fixed,31,Abrupt,False,0.0
44,aftkd_fixed,32,Progressive,False,0.0
44,aftkd_fixed,33,Progressive,False,0.0
44,aftkd_fixed,34,Progressive,False,0.0
44,aftkd_fixed,35,Progressive,False,0.0
44,aftkd_fixed,36,Progressive,False,0.1042
44,aftkd_fixed,37,Progressive,False,0.0
44,aftkd_fixed,38,Abrupt,False,0.0
44,aftkd_fixed,39,Abrupt,False,0.0
44,aftkd_fixed,40,Progressive,False,0.1042
44,aftkd_fixed,41,Progressive,False,0.0
44,aftkd_fixed,42,Abrupt,False,0.0
44,aftkd_fixed,43,Progressive,False,0.0
44,aftkd_fixed,44,Progressive,False,0.0
44,aftkd_fixed,45,Abrupt,False,0.0
44,aftkd_fixed,46,Abrupt,False,0.0
44,aftkd_fixed,47,Abrupt,False,0.0
44,aftkd_fixed,48,Abrupt,False,0.0
44,aftkd_fixed,49,Progressive,False,0.0
44,aftkd_fixed,50,Progressive,False,0.2083
44,aftkd_fixed,51,Progressive,False,0.0
44,aftkd_fixed,52,Progressive,False,0.0
44,aftkd_fixed,53,Progressive,False,0.0
44,aftkd_fixed,54,Abrupt,False,0.0
44,aftkd_fixed,55,Progressive,False,0.0
44,aftkd_fixed,56,Progressive,False,0.0
44,aftkd_fixed,57,Progressive,False,0.0
44,aftkd_fixed,58,Abrupt,False,0.0
44,aftkd_fixed,59,Abrupt,False,0.0
44,aftkd_fixed,60,Abrupt,False,0.0
44,aftkd_fixed,61,Abrupt,False,0.0
44,aftkd_fixed,62,Abrupt,False,0.0
44,aftkd_fixed,63,Abrupt,False,0.0
44,aftkd_fixed,64,Progressive,False,0.0
44,aftkd_fixed,65,Progressive,False,0.0
44,aftkd_fixed,66,Progressive,False,0.0
44,aftkd_fixed,67,Progressive,False,0.0
44,aftkd_fixed,68,Progressive,False,0.0
44,aftkd_fixed,69,Progressive,False,0.0
44,aftkd_fixed,70,Progressive,False,0.0
44,aftkd_fixed,71,Progressive,False,0.0
44,aftkd_fixed,72,Abrupt,False,0.0
44,aftkd_fixed,73,Progressive,False,0.1042
44,aftkd_fixed,74,Abrupt,False,0.0
44,aftkd_fixed,75,Progressive,False,0.0
44,aftkd_fixed,76,Abrupt,False,0.0
44,aftkd_fixed,77,Progressive,False,0.0
44,aftkd_fixed,78,Abrupt,False,0.0
44,aftkd_fixed,79,Abrupt,False,0.0
44,aftkd_fixed,80,Progressive,False,0.0
44,aftkd_fixed,81,Progressive,False,0.0
44,aftkd_fixed,82,Abrupt,False,0.0
44,aftkd_fixed,83,Abrupt,False,0.0
44,aftkd_fixed,84,Progressive,False,0.2083
44,aftkd_fixed,85,Progressive,False,0.2083
44,aftkd_fixed,86,Progressive,False,0.0
44,aftkd_fixed,87,Abrupt,False,0.0
44,aftkd_fixed,88,Progressive,False,0.0
44,aftkd_fixed,89,Progressive,False,0.0
44,aftkd_fixed,90,Progressive,False,0.0
44,aftkd_fixed,91,Abrupt,False,0.0
44,aftkd_fixed,92,Abrupt,False,0.0
44,aftkd_fixed,93,Abrupt,False,0.0
44,aftkd_fixed,94,Progressive,False,0.0
44,aftkd_fixed,95,Progressive,False,0.0
44,aftkd_fixed,96,Progressive,False,0.0
44,aftkd_fixed,97,Abrupt,False,0.0
44,aftkd_fixed,98,Progressive,False,0.0
44,aftkd_fixed,99,Progressive,False,0.0
44,aftkd_fixed,100,Abrupt,False,0.0
44,aftkd_fixed,101,Abrupt,False,0.0
44,aftkd_fixed,102,Abrupt,False,0.0
44,aftkd_fixed,103,Progressive,False,0.0
44,aftkd_fixed,104,Progressive,False,0.0
44,aftkd_fixed,105,Progressive,False,0.0
44,aftkd_fixed,106,Progressive,False,0.0
44,aftkd_fixed,107,Abrupt,False,0.0
44,aftkd_fixed,108,Progressive,False,0.0
44,aftkd_fixed,109,Progressive,False,0.0
44,aftkd_fixed,110,Progressive,False,0.0
44,aftkd_fixed,111,Progressive,False,0.0
44,aftkd_fixed,112,Progressive,False,0.2083
44,aftkd_fixed,113,Abrupt,False,0.0
44,aftkd_fixed,114,Abrupt,False,0.0
44,aftkd_fixed,115,Abrupt,False,0.0
44,aftkd_fixed,116,Progressive,False,0.0
44,aftkd_fixed,117,Progressive,False,0.0
44,aftkd_fixed,118,Progressive,False,0.0
44,aftkd_fixed,119,Progressive,False,0.0
44,aftkd_hybrid,0,Abrupt,False,0.0
44,aftkd_hybrid,1,Progressive,False,0.0
44,aftkd_hybrid,2,Progressive,False,0.0
44,aftkd_hybrid,3,Abrupt,False,0.0
44,aftkd_hybrid,4,Abrupt,False,0.0
44,aftkd_hybrid,5,Abrupt,False,0.0
44,aftkd_hybrid,6,Progressive,False,0.0
44,aftkd_hybrid,7,Abrupt,False,0.0
44,aftkd_hybrid,8,Progressive,False,0.1042
44,aftkd_hybrid,9,Progressive,False,0.0
44,aftkd_hybrid,10,Progressive,False,0.3125
44,aftkd_hybrid,11,Progressive,False,0.0
44,aftkd_hybrid,12,Abrupt,False,0.0
44,aftkd_hybrid,13,Progressive,False,0.0
44,aftkd_hybrid,14,Abrupt,False,0.0
44,aftkd_hybrid,15,Abrupt,False,0.0
44,aftkd_hybrid,16,Progressive,False,0.1042
44,aftkd_hybrid,17,Progressive,False,0.0
44,aftkd_hybrid,18,Progressive,False,0.0
44,aftkd_hybrid,19,Abrupt,False,0.0
44,aftkd_hybrid,20,Progressive,False,0.0
44,aftkd_hybrid,21,Progressive,False,0.0
44,aftkd_hybrid,22,Abrupt,False,0.0
44,aftkd_hybrid,23,Abrupt,False,0.0
44,aftkd_hybrid,24,Abrupt,False,0.0
44,aftkd_hybrid,25,Abrupt,False,0.0
44,aftkd_hybrid,26,Progressive,False,0.0
44,aftkd_hybrid,27,Abrupt,False,0.0
44,aftkd_hybrid,28,Progressive,False,0.2083
44,aftkd_hybrid,29,Progressive,False,0.0
44,aftkd_hybrid,30,Progressive,False,0.0
44,aftkd_hybrid,31,Abrupt,False,0.0
44,aftkd_hybrid,32,Progressive,False,0.0
44,aftkd_hybrid,33,Progressive,False,0.0
44,aftkd_hybrid,34,Progressive,False,0.0
44,aftkd_hybrid,35,Progressive,False,0.0
44,aftkd_hybrid,36,Progressive,False,0.1042
44,aftkd_hybrid,37,Progressive,False,0.0
44,aftkd_hybrid,38,Abrupt,False,0.0
44,aftkd_hybrid,39,Abrupt,False,0.0
44,aftkd_hybrid,40,Progressive,False,0.625
44,aftkd_hybrid,41,Progressive,False,0.0
44,aftkd_hybrid,42,Abrupt,False,0.0
44,aftkd_hybrid,43,Progressive,False,0.0
44,aftkd_hybrid,44,Progressive,False,0.0
44,aftkd_hybrid,45,Abrupt,False,0.0
44,aftkd_hybrid,46,Abrupt,False,0.0
44,aftkd_hybrid,47,Abrupt,False,0.0
44,aftkd_hybrid,48,Abrupt,False,0.0
44,aftkd_hybrid,49,Progressive,False,0.0
44,aftkd_hybrid,50,Progressive,False,0.2083
44,aftkd_hybrid,51,Progressive,False,0.0
44,aftkd_hybrid,52,Progressive,False,0.0
44,aftkd_hybrid,53,Progressive,False,0.0
44,aftkd_hybrid,54,Abrupt,False,0.0
44,aftkd_hybrid,55,Progressive,False,0.0
44,aftkd_hybrid,56,Progressive,False,0.0
44,aftkd_hybrid,57,Progressive,False,0.0
44,aftkd_hybrid,58,Abrupt,False,0.0
44,aftkd_hybrid,59,Abrupt,False,0.0
44,aftkd_hybrid,60,Abrupt,False,0.0
44,aftkd_hybrid,61,Abrupt,False,0.0
44,aftkd_hybrid,62,Abrupt,False,0.0
44,aftkd_hybrid,63,Abrupt,False,0.0
44,aftkd_hybrid,64,Progressive,False,0.0
44,aftkd_hybrid,65,Progressive,False,0.0
44,aftkd_hybrid,66,Progressive,False,0.0
44,aftkd_hybrid,67,Progressive,False,0.0
44,aftkd_hybrid,68,Progressive,False,0.0
44,aftkd_hybrid,69,Progressive,False,0.0
44,aftkd_hybrid,70,Progressive,False,0.0
44,aftkd_hybrid,71,Progressive,False,0.0
44,aftkd_hybrid,72,Abrupt,False,0.0
44,aftkd_hybrid,73,Progressive,False,0.1042
44,aftkd_hybrid,74,Abrupt,False,0.0
44,aftkd_hybrid,75,Progressive,False,0.0
44,aftkd_hybrid,76,Abrupt,False,0.0
44,aftkd_hybrid,77,Progressive,False,0.0
44,aftkd_hybrid,78,Abrupt,False,0.0
44,aftkd_hybrid,79,Abrupt,False,0.0
44,aftkd_hybrid,80,Progressive,False,0.0
44,aftkd_hybrid,81,Progressive,False,0.0
44,aftkd_hybrid,82,Abrupt,False,0.0
44,aftkd_hybrid,83,Abrupt,False,0.0
44,aftkd_hybrid,84,Progressive,False,0.2083
44,aftkd_hybrid,85,Progressive,False,0.2083
44,aftkd_hybrid,86,Progressive,False,0.0
44,aftkd_hybrid,87,Abrupt,False,0.0
44,aftkd_hybrid,88,Progressive,False,0.0
44,aftkd_hybrid,89,Progressive,False,0.0
44,aftkd_hybrid,90,Progressive,False,0.0
44,aftkd_hybrid,91,Abrupt,False,0.0
44,aftkd_hybrid,92,Abrupt,False,0.0
44,aftkd_hybrid,93,Abrupt,False,0.0
44,aftkd_hybrid,94,Progressive,False,0.0
44,aftkd_hybrid,95,Progressive,False,0.4167
44,aftkd_hybrid,96,Progressive,False,0.0
44,aftkd_hybrid,97,Abrupt,False,0.0
44,aftkd_hybrid,98,Progressive,False,0.0
44,aftkd_hybrid,99,Progressive,False,0.0
44,aftkd_hybrid,100,Abrupt,False,0.0
44,aftkd_hybrid,101,Abrupt,False,0.0
44,aftkd_hybrid,102,Abrupt,False,0.0
44,aftkd_hybrid,103,Progressive,False,0.0
44,aftkd_hybrid,104,Progressive,False,0.0
44,aftkd_hybrid,105,Progressive,False,0.0
44,aftkd_hybrid,106,Progressive,False,0.0
44,aftkd_hybrid,107,Abrupt,False,0.0
44,aftkd_hybrid,108,Progressive,False,0.0
44,aftkd_hybrid,109,Progressive,False,0.0
44,aftkd_hybrid,110,Progressive,False,0.0
44,aftkd_hybrid,111,Progressive,False,0.0
44,aftkd_hybrid,112,Progressive,False,0.2083
44,aftkd_hybrid,113,Abrupt,False,0.0
44,aftkd_hybrid,114,Abrupt,False,0.0
44,aftkd_hybrid,115,Abrupt,False,0.0
44,aftkd_hybrid,116,Progressive,False,0.0
44,aftkd_hybrid,117,Progressive,False,0.0
44,aftkd_hybrid,118,Progressive,False,0.0
44,aftkd_hybrid,119,Progressive,False,0.0
45,baseline_fixed,0,Abrupt,False,1.6667
45,baseline_fixed,1,Progressive,False,0.0
45,baseline_fixed,2,Progressive,False,0.0
45,baseline_fixed,3,Abrupt,True,10.0
45,baseline_fixed,4,Abrupt,True,10.0
45,baseline_fixed,5,Abrupt,False,0.8333
45,baseline_fixed,6,Abrupt,False,1.25
45,baseline_fixed,7,Progressive,False,0.0
45,baseline_fixed,8,Abrupt,False,0.8333
45,baseline_fixed,9,Abrupt,True,10.0
45,baseline_fixed,10,Progressive,False,0.0
45,baseline_fixed,11,Abrupt,True,10.0
45,baseline_fixed,12,Progressive,False,0.0
45,baseline_fixed,13,Abrupt,True,10.0
45,baseline_fixed,14,Progressive,False,0.0
45,baseline_fixed,15,Progressive,False,0.0
45,baseline_fixed,16,Abrupt,False,0.9375
45,baseline_fixed,17,Abrupt,False,0.1042
45,baseline_fixed,18,Progressive,False,0.0
45,baseline_fixed,19,Abrupt,False,0.1042
45,baseline_fixed,20,Progressive,False,0.2083
45,baseline_fixed,21,Progressive,False,0.0
45,baseline_fixed,22,Abrupt,False,1.4583
45,baseline_fixed,23,Progressive,False,0.0
45,baseline_fixed,24,Progressive,False,0.0
45,baseline_fixed,25,Abrupt,True,10.0
45,baseline_fixed,26,Abrupt,False,0.8333
45,baseline_fixed,27,Progressive,False,0.0
45,baseline_fixed,28,Progressive,False,0.1042
45,baseline_fixed,29,Abrupt,True,10.0
45,baseline_fixed,30,Progressive,False,0.0
45,baseline_fixed,31,Progressive,False,0.0
45,baseline_fixed,32,Progressive,False,0.1042
45,baseline_fixed,33,Progressive,False,0.1042
45,baseline_fixed,34,Abrupt,False,0.1042
45,baseline_fixed,35,Progressive,False,0.0
45,baseline_fixed,36,Abrupt,True,10.0
45,baseline_fixed,37,Progressive,False,0.0
45,baseline_fixed,38,Progressive,False,0.1042
45,baseline_fixed,39,Progressive,False,0.0
45,baseline_fixed,40,Progressive,False,0.0
45,baseline_fixed,41,Progressive,False,0.2083
45,baseline_fixed,42,Progressive,False,0.0
45,baseline_fixed,43,Progressive,False,0.0
45,baseline_fixed,44,Progressive,False,0.0
45,baseline_fixed,45,Progressive,False,0.0
45,baseline_fixed,46,Progressive,False,0.0
45,baseline_fixed,47,Progressive,False,0.0
45,baseline_fixed,48,Progressive,False,0.1042
45,baseline_fixed,49,Progressive,False,0.3125
45,baseline_fixed,50,Abrupt,False,0.8333
45,baseline_fixed,51,Abrupt,False,1.0417
45,baseline_fixed,52,Progressive,False,0.0
45,baseline_fixed,53,Abrupt,False,0.8333
45,baseline_fixed,54,Abrupt,True,10.0
45,baseline_fixed,55,Progressive,False,0.0
45,baseline_fixed,56,Abrupt,False,0.8333
45,baseline_fixed,57,Progressive,False,0.0
45,baseline_fixed,58,Progressive,False,0.0
45,baseline_fixed,59,Abrupt,False,0.625
45,baseline_fixed,60,Abrupt,False,1.5625
45,baseline_fixed,61,Progressive,False,0.0
45,baseline_fixed,62,Progressive,False,0.0
45,baseline_fixed,63,Progressive,False,0.0
45,baseline_fixed,64,Progressive,False,0.0
45,baseline_fixed,65,Abrupt,False,0.7292
45,baseline_fixed,66,Progressive,False,0.0
45,baseline_fixed,67,Abrupt,False,0.1042
45,baseline_fixed,68,Progressive,False,0.0
45,baseline_fixed,69,Progressive,False,0.0
45,baseline_fixed,70,Abrupt,False,0.9375
45,baseline_fixed,71,Abrupt,True,10.0
45,baseline_fixed,72,Abrupt,False,0.8333
45,baseline_fixed,73,Progressive,False,0.0
45,baseline_fixed,74,Progressive,False,0.2083
45,baseline_fixed,75,Abrupt,False,0.1042
45,baseline_fixed,76,Abrupt,True,10.0
45,baseline_fixed,77,Abrupt,False,5.4167
45,baseline_fixed,78,Abrupt,False,0.1042
45,baseline_fixed,79,Abrupt,True,10.0
45,baseline_fixed,80,Progressive,False,0.0
45,baseline_fixed,81,Progressive,False,0.0
45,baseline_fixed,82,Progressive,False,0.0
45,baseline_fixed,83,Abrupt,False,0.1042
45,baseline_fixed,84,Abrupt,False,1.25
45,baseline_fixed,85,Abrupt,False,0.5208
45,baseline_fixed,86,Progressive,False,0.0
45,baseline_fixed,87,Abrupt,False,3.0208
45,baseline_fixed,88,Abrupt,True,10.0
45,baseline_fixed,89,Abrupt,False,0.1042
45,baseline_fixed,90,Abrupt,False,0.2083
45,baseline_fixed,91,Progressive,False,0.0
45,baseline_fixed,92,Progressive,False,0.0
45,baseline_fixed,93,Abrupt,True,10.0
45,baseline_fixed,94,Progressive,False,0.0
45,baseline_fixed,95,Progressive,False,0.1042
45,baseline_fixed,96,Progressive,False,0.2083
45,baseline_fixed,97,Progressive,False,0.0
45,baseline_fixed,98,Progressive,False,0.0
45,baseline_fixed,99,Progressive,False,0.0
45,baseline_fixed,100,Progressive,False,0.0
45,baseline_fixed,101,Abrupt,False,0.8333
45,baseline_fixed,102,Progressive,False,0.0
45,baseline_fixed,103,Progressive,False,0.0
45,baseline_fixed,104,Progressive,False,0.0
45,baseline_fixed,105,Abrupt,False,0.0
45,baseline_fixed,106,Progressive,False,0.2083
45,baseline_fixed,107,Abrupt,False,1.6667
45,baseline_fixed,108,Progressive,False,0.0
45,baseline_fixed,109,Progressive,False,0.0
45,baseline_fixed,110,Progressive,False,0.0
45,baseline_fixed,111,Progressive,False,0.0
45,baseline_fixed,112,Progressive,False,0.0
45,baseline_fixed,113,Progressive,False,0.0
45,baseline_fixed,114,Progressive,False,0.0
45,baseline_fixed,115,Progressive,False,0.1042
45,baseline_fixed,116,Abrupt,False,0.1042
45,baseline_fixed,117,Progressive,False,0.0
45,baseline_fixed,118,Abrupt,False,0.8333
45,baseline_fixed,119,Progressive,False,0.0
45,baseline_hybrid,0,Abrupt,False,1.6667
45,baseline_hybrid,1,Progressive,False,0.0
45,baseline_hybrid,2,Progressive,False,0.0
45,baseline_hybrid,3,Abrupt,True,10.0
45,baseline_hybrid,4,Abrupt,True,10.0
45,baseline_hybrid,5,Abrupt,False,0.8333
45,baseline_hybrid,6,Abrupt,False,1.4583
45,baseline_hybrid,7,Progressive,False,0.9375
45,baseline_hybrid,8,Abrupt,False,0.8333
45,baseline_hybrid,9,Abrupt,True,10.0
45,baseline_hybrid,10,Progressive,False,0.8333
45,baseline_hybrid,11,Abrupt,True,10.0
45,baseline_hybrid,12,Progressive,False,0.9375
45,baseline_hybrid,13,Abrupt,True,10.0
45,baseline_hybrid,14,Progressive,False,0.0
45,baseline_hybrid,15,Progressive,False,0.0
45,baseline_hybrid,16,Abrupt,False,0.9375
45,baseline_hybrid,17,Abrupt,False,0.1042
45,baseline_hybrid,18,Progressive,False,0.625
45,baseline_hybrid,19,Abrupt,False,0.1042
45,baseline_hybrid,20,Progressive,False,0.2083
45,baseline_hybrid,21,Progressive,False,0.0
45,baseline_hybrid,22,Abrupt,False,1.4583
45,baseline_hybrid,23,Progressive,False,0.0
45,baseline_hybrid,24,Progressive,False,0.1042
45,baseline_hybrid,25,Abrupt,True,10.0
45,baseline_hybrid,26,Abrupt,False,1.4583
45,baseline_hybrid,27,Progressive,False,0.0
45,baseline_hybrid,28,Progressive,False,0.4167
45,baseline_hybrid,29,Abrupt,True,10.0
45,baseline_hybrid,30,Progressive,False,0.0
45,baseline_hybrid,31,Progressive,False,0.1042
45,baseline_hybrid,32,Progressive,False,0.2083
45,baseline_hybrid,33,Progressive,False,0.8333
45,baseline_hybrid,34,Abrupt,False,0.1042
45,baseline_hybrid,35,Progressive,False,0.2083
45,baseline_hybrid,36,Abrupt,True,10.0
45,baseline_hybrid,37,Progressive,False,0.5208
45,baseline_hybrid,38,Progressive,False,0.2083
45,baseline_hybrid,39,Progressive,False,0.0
45,baseline_hybrid,40,Progressive,False,0.0
45,baseline_hybrid,41,Progressive,False,0.2083
45,baseline_hybrid,42,Progressive,False,0.0
45,baseline_hybrid,43,Progressive,False,0.0
45,baseline_hybrid,44,Progressive,False,0.0
45,baseline_hybrid,45,Progressive,False,0.0
45,baseline_hybrid,46,Progressive,False,0.0
45,baseline_hybrid,47,Progressive,False,0.0
45,baseline_hybrid,48,Progressive,False,0.1042
45,baseline_hybrid,49,Progressive,False,0.3125
45,baseline_hybrid,50,Abrupt,False,0.8333
45,baseline_hybrid,51,Abrupt,False,1.25
45,baseline_hybrid,52,Progressive,False,0.8333
45,baseline_hybrid,53,Abrupt,False,0.8333
45,baseline_hybrid,54,Abrupt,True,10.0
45,baseline_hybrid,55,Progressive,False,0.3125
45,baseline_hybrid,56,Abrupt,False,0.8333
45,baseline_hybrid,57,Progressive,False,0.0
45,baseline_hybrid,58,Progressive,False,0.625
45,baseline_hybrid,59,Abrupt,False,0.7292
45,baseline_hybrid,60,Abrupt,False,1.6667
45,baseline_hybrid,61,Progressive,False,0.3125
45,baseline_hybrid,62,Progressive,False,0.5208
45,baseline_hybrid,63,Progressive,False,0.0
45,baseline_hybrid,64,Progressive,False,0.3125
45,baseline_hybrid,65,Abrupt,False,0.9375
45,baseline_hybrid,66,Progressive,False,0.0
45,baseline_hybrid,67,Abrupt,False,0.1042
45,baseline_hybrid,68,Progressive,False,0.1042
45,baseline_hybrid,69,Progressive,False,0.5208
45,baseline_hybrid,70,Abrupt,False,1.25
45,baseline_hybrid,71,Abrupt,True,10.0
45,baseline_hybrid,72,Abrupt,False,1.5625
45,baseline_hybrid,73,Progressive,False,0.0
45,baseline_hybrid,74,Progressive,False,0.8333
45,baseline_hybrid,75,Abrupt,False,0.1042
45,baseline_hybrid,76,Abrupt,True,10.0
45,baseline_hybrid,77,Abrupt,False,5.8333
45,baseline_hybrid,78,Abrupt,False,0.1042
45,baseline_hybrid,79,Abrupt,True,10.0
45,baseline_hybrid,80,Progressive,False,0.0
45,baseline_hybrid,81,Progressive,False,0.3125
45,baseline_hybrid,82,Progressive,False,0.0
45,baseline_hybrid,83,Abrupt,False,0.1042
45,baseline_hybrid,84,Abrupt,False,1.25
45,baseline_hybrid,85,Abrupt,False,0.625
45,baseline_hybrid,86,Progressive,False,0.625
45,baseline_hybrid,87,Abrupt,False,3.0208
45,baseline_hybrid,88,Abrupt,True,10.0
45,baseline_hybrid,89,Abrupt,False,0.1042
45,baseline_hybrid,90,Abrupt,False,0.2083
45,baseline_hybrid,91,Progressive,False,0.0
45,baseline_hybrid,92,Progressive,False,0.0
45,baseline_hybrid,93,Abrupt,True,10.0
45,baseline_hybrid,94,Progressive,False,0.4167
45,baseline_hybrid,95,Progressive,False,1.1458
45,baseline_hybrid,96,Progressive,False,0.625
45,baseline_hybrid,97,Progressive,False,0.0
45,baseline_hybrid,98,Progressive,False,0.2083
45,baseline_hybrid,99,Progressive,False,0.1042
45,baseline_hybrid,100,Progressive,False,0.0
45,baseline_hybrid,101,Abrupt,False,0.8333
45,baseline_hybrid,102,Progressive,False,0.0
45,baseline_hybrid,103,Progressive,False,0.0
45,baseline_hybrid,104,Progressive,False,0.1042
45,baseline_hybrid,105,Abrupt,False,0.0
45,baseline_hybrid,106,Progressive,False,0.3125
45,baseline_hybrid,107,Abrupt,False,2.3958
45,baseline_hybrid,108,Progressive,False,1.0417
45,baseline_hybrid,109,Progressive,False,0.1042
45,baseline_hybrid,110,Progressive,False,0.0
45,baseline_hybrid,111,Progressive,False,0.0
45,baseline_hybrid,112,Progressive,False,0.0
45,baseline_hybrid,113,Progressive,False,0.0
45,baseline_hybrid,114,Progressive,False,0.0
45,baseline_hybrid,115,Progressive,False,0.1042
45,baseline_hybrid,116,Abrupt,False,0.1042
45,baseline_hybrid,117,Progressive,False,0.0
45,baseline_hybrid,118,Abrupt,False,0.8333
45,baseline_hybrid,119,Progressive,False,0.4167
45,aftkd_fixed,0,Abrupt,False,0.1042
45,aftkd_fixed,1,Progressive,False,0.0
45,aftkd_fixed,2,Progressive,False,0.0
45,aftkd_fixed,3,Abrupt,False,0.1042
45,aftkd_fixed,4,Abrupt,False,0.1042
45,aftkd_fixed,5,Abrupt,False,0.0
45,aftkd_fixed,6,Abrupt,False,0.1042
45,aftkd_fixed,7,Progressive,False,0.3125
45,aftkd_fixed,8,Abrupt,False,0.0
45,aftkd_fixed,9,Abrupt,False,0.1042
45,aftkd_fixed,10,Progressive,False,0.0
45,aftkd_fixed,11,Abrupt,False,0.1042
45,aftkd_fixed,12,Progressive,False,0.2083
45,aftkd_fixed,13,Abrupt,False,0.0
45,aftkd_fixed,14,Progressive,False,0.1042
45,aftkd_fixed,15,Progressive,False,0.0
45,aftkd_fixed,16,Abrupt,False,0.0
45,aftkd_fixed,17,Abrupt,False,0.2083
45,aftkd_fixed,18,Progressive,False,0.0
45,aftkd_fixed,19,Abrupt,False,0.2083
45,aftkd_fixed,20,Progressive,False,0.5208
45,aftkd_fixed,21,Progressive,False,0.0
45,aftkd_fixed,22,Abrupt,False,0.1042
45,aftkd_fixed,23,Progressive,False,0.3125
45,aftkd_fixed,24,Progressive,False,0.0
45,aftkd_fixed,25,Abrupt,False,0.1042
45,aftkd_fixed,26,Abrupt,False,0.0
45,aftkd_fixed,27,Progressive,False,0.0
45,aftkd_fixed,28,Progressive,False,0.0
45,aftkd_fixed,29,Abrupt,False,0.1042
45,aftkd_fixed,30,Progressive,False,0.0
45,aftkd_fixed,31,Progressive,False,0.0
45,aftkd_fixed,32,Progressive,False,0.3125
45,aftkd_fixed,33,Progressive,False,0.0
45,aftkd_fixed,34,Abrupt,False,1.875
45,aftkd_fixed,35,Progressive,False,0.0
45,aftkd_fixed,36,Abrupt,False,0.1042
45,aftkd_fixed,37,Progressive,False,0.0
45,aftkd_fixed,38,Progressive,False,0.3125
45,aftkd_fixed,39,Progressive,False,0.0
45,aftkd_fixed,40,Progressive,False,0.1042
45,aftkd_fixed,41,Progressive,False,0.2083
45,aftkd_fixed,42,Progressive,False,0.1042
45,aftkd_fixed,43,Progressive,False,0.1042
45,aftkd_fixed,44,Progressive,False,0.0
45,aftkd_fixed,45,Progressive,False,0.2083
45,aftkd_fixed,46,Progressive,False,0.0
45,aftkd_fixed,47,Progressive,False,0.0
45,aftkd_fixed,48,Progressive,False,0.625
45,aftkd_fixed,49,Progressive,False,0.4167
45,aftkd_fixed,50,Abrupt,False,0.0
45,aftkd_fixed,51,Abrupt,False,0.1042
45,aftkd_fixed,52,Progressive,False,0.5208
45,aftkd_fixed,53,Abrupt,False,0.0
45,aftkd_fixed,54,Abrupt,False,0.1042
45,aftkd_fixed,55,Progressive,False,0.0
45,aftkd_fixed,56,Abrupt,False,0.0
45,aftkd_fixed,57,Progressive,False,0.0
45,aftkd_fixed,58,Progressive,False,0.1042
45,aftkd_fixed,59,Abrupt,False,0.1042
45,aftkd_fixed,60,Abrupt,False,0.1042
45,aftkd_fixed,61,Progressive,False,0.1042
45,aftkd_fixed,62,Progressive,False,0.0
45,aftkd_fixed,63,Progressive,False,0.0
45,aftkd_fixed,64,Progressive,False,0.0
45,aftkd_fixed,65,Abrupt,False,0.0
45,aftkd_fixed,66,Progressive,False,0.0
45,aftkd_fixed,67,Abrupt,False,0.2083
45,aftkd_fixed,68,Progressive,False,0.1042
45,aftkd_fixed,69,Progressive,False,0.0
45,aftkd_fixed,70,Abrupt,False,0.0
45,aftkd_fixed,71,Abrupt,False,0.1042
45,aftkd_fixed,72,Abrupt,False,0.0
45,aftkd_fixed,73,Progressive,False,0.0
45,aftkd_fixed,74,Progressive,False,0.3125
45,aftkd_fixed,75,Abrupt,False,0.2083
45,aftkd_fixed,76,Abrupt,False,0.1042
45,aftkd_fixed,77,Abrupt,False,0.1042
45,aftkd_fixed,78,Abrupt,False,0.2083
45,aftkd_fixed,79,Abrupt,False,0.2083
45,aftkd_fixed,80,Progressive,False,0.0
45,aftkd_fixed,81,Progressive,False,0.0
45,aftkd_fixed,82,Progressive,False,0.0
45,aftkd_fixed,83,Abrupt,True,10.0
45,aftkd_fixed,84,Abrupt,False,0.1042
45,aftkd_fixed,85,Abrupt,False,0.1042
45,aftkd_fixed,86,Progressive,False,0.0
45,aftkd_fixed,87,Abrupt,False,0.1042
45,aftkd_fixed,88,Abrupt,False,0.1042
45,aftkd_fixed,89,Abrupt,False,0.2083
45,aftkd_fixed,90,Abrupt,False,1.9792
45,aftkd_fixed,91,Progressive,False,0.0
45,aftkd_fixed,92,Progressive,False,0.1042
45,aftkd_fixed,93,Abrupt,False,0.1042
45,aftkd_fixed,94,Progressive,False,0.0
45,aftkd_fixed,95,Progressive,False,0.1042
45,aftkd_fixed,96,Progressive,False,0.3125
45,aftkd_fixed,97,Progressive,False,0.0
45,aftkd_fixed,98,Progressive,False,0.0
45,aftkd_fixed,99,Progressive,False,0.3125
45,aftkd_fixed,100,Progressive,False,0.0
45,aftkd_fixed,101,Abrupt,False,0.0
45,aftkd_fixed,102,Progressive,False,0.2083
45,aftkd_fixed,103,Progressive,False,0.0
45,aftkd_fixed,104,Progressive,False,0.0
45,aftkd_fixed,105,Abrupt,False,0.2083
45,aftkd_fixed,106,Progressive,False,0.2083
45,aftkd_fixed,107,Abrupt,False,0.1042
45,aftkd_fixed,108,Progressive,False,0.0
45,aftkd_fixed,109,Progressive,False,0.0
45,aftkd_fixed,110,Progressive,False,0.0
45,aftkd_fixed,111,Progressive,False,0.0
45,aftkd_fixed,112,Progressive,False,0.1042
45,aftkd_fixed,113,Progressive,False,0.1042
45,aftkd_fixed,114,Progressive,False,0.0
45,aftkd_fixed,115,Progressive,False,0.1042
45,aftkd_fixed,116,Abrupt,True,10.0
45,aftkd_fixed,117,Progressive,False,0.0
45,aftkd_fixed,118,Abrupt,False,0.0
45,aftkd_fixed,119,Progressive,False,0.0
45,aftkd_hybrid,0,Abrupt,False,0.1042
45,aftkd_hybrid,1,Progressive,False,0.0
45,aftkd_hybrid,2,Progressive,False,0.0
45,aftkd_hybrid,3,Abrupt,False,0.1042
45,aftkd_hybrid,4,Abrupt,False,0.1042
45,aftkd_hybrid,5,Abrupt,False,0.0
45,aftkd_hybrid,6,Abrupt,False,0.8333
45,aftkd_hybrid,7,Progressive,False,0.3125
45,aftkd_hybrid,8,Abrupt,False,0.0
45,aftkd_hybrid,9,Abrupt,False,0.2083
45,aftkd_hybrid,10,Progressive,False,0.0
45,aftkd_hybrid,11,Abrupt,False,0.1042
45,aftkd_hybrid,12,Progressive,False,0.2083
45,aftkd_hybrid,13,Abrupt,False,0.1042
45,aftkd_hybrid,14,Progressive,False,0.1042
45,aftkd_hybrid,15,Progressive,False,0.0
45,aftkd_hybrid,16,Abrupt,False,0.0
45,aftkd_hybrid,17,Abrupt,False,0.2083
45,aftkd_hybrid,18,Progressive,False,0.0
45,aftkd_hybrid,19,Abrupt,False,0.2083
45,aftkd_hybrid,20,Progressive,False,0.5208
45,aftkd_hybrid,21,Progressive,False,0.0
45,aftkd_hybrid,22,Abrupt,False,0.1042
45,aftkd_hybrid,23,Progressive,False,0.3125
45,aftkd_hybrid,24,Progressive,False,0.0
45,aftkd_hybrid,25,Abrupt,False,0.1042
45,aftkd_hybrid,26,Abrupt,False,0.0
45,aftkd_hybrid,27,Progressive,False,0.0
45,aftkd_hybrid,28,Progressive,False,0.0
45,aftkd_hybrid,29,Abrupt,False,0.1042
45,aftkd_hybrid,30,Progressive,False,0.0
45,aftkd_hybrid,31,Progressive,False,0.0
45,aftkd_hybrid,32,Progressive,False,0.3125
45,aftkd_hybrid,33,Progressive,False,0.8333
45,aftkd_hybrid,34,Abrupt,False,1.875
45,aftkd_hybrid,35,Progressive,False,0.0
45,aftkd_hybrid,36,Abrupt,False,0.1042
45,aftkd_hybrid,37,Progressive,False,0.0
45,aftkd_hybrid,38,Progressive,False,0.3125
45,aftkd_hybrid,39,Progressive,False,0.0
45,aftkd_hybrid,40,Progressive,False,0.1042
45,aftkd_hybrid,41,Progressive,False,0.2083
45,aftkd_hybrid,42,Progressive,False,0.1042
45,aftkd_hybrid,43,Progressive,False,0.1042
45,aftkd_hybrid,44,Progressive,False,0.0
45,aftkd_hybrid,45,Progressive,False,0.2083
45,aftkd_hybrid,46,Progressive,False,0.0
45,aftkd_hybrid,47,Progressive,False,0.0
45,aftkd_hybrid,48,Progressive,False,0.625
45,aftkd_hybrid,49,Progressive,False,0.4167
45,aftkd_hybrid,50,Abrupt,False,0.0
45,aftkd_hybrid,51,Abrupt,False,0.1042
45,aftkd_hybrid,52,Progressive,False,0.5208
45,aftkd_hybrid,53,Abrupt,False,0.0
45,aftkd_hybrid,54,Abrupt,False,0.1042
45,aftkd_hybrid,55,Progressive,False,0.3125
45,aftkd_hybrid,56,Abrupt,False,0.0
45,aftkd_hybrid,57,Progressive,False,0.0
45,aftkd_hybrid,58,Progressive,False,0.1042
45,aftkd_hybrid,59,Abrupt,False,0.1042
45,aftkd_hybrid,60,Abrupt,False,0.1042
45,aftkd_hybrid,61,Progressive,False,0.1042
45,aftkd_hybrid,62,Progressive,False,0.0
45,aftkd_hybrid,63,Progressive,False,0.0
45,aftkd_hybrid,64,Progressive,False,0.0
45,aftkd_hybrid,65,Abrupt,False,0.0
45,aftkd_hybrid,66,Progressive,False,0.0
45,aftkd_hybrid,67,Abrupt,False,0.2083
45,aftkd_hybrid,68,Progressive,False,0.1042
45,aftkd_hybrid,69,Progressive,False,0.5208
45,aftkd_hybrid,70,Abrupt,False,0.0
45,aftkd_hybrid,71,Abrupt,False,0.1042
45,aftkd_hybrid,72,Abrupt,False,0.0
45,aftkd_hybrid,73,Progressive,False,0.0
45,aftkd_hybrid,74,Progressive,False,0.3125
45,aftkd_hybrid,75,Abrupt,False,0.2083
45,aftkd_hybrid,76,Abrupt,False,0.1042
45,aftkd_hybrid,77,Abrupt,False,0.1042
45,aftkd_hybrid,78,Abrupt,False,0.2083
45,aftkd_hybrid,79,Abrupt,False,1.9792
45,aftkd_hybrid,80,Progressive,False,0.0
45,aftkd_hybrid,81,Progressive,False,0.0
45,aftkd_hybrid,82,Progressive,False,0.0
45,aftkd_hybrid,83,Abrupt,True,10.0
45,aftkd_hybrid,84,Abrupt,False,0.4167
45,aftkd_hybrid,85,Abrupt,False,0.1042
45,aftkd_hybrid,86,Progressive,False,0.0
45,aftkd_hybrid,87,Abrupt,False,0.1042
45,aftkd_hybrid,88,Abrupt,False,0.1042
45,aftkd_hybrid,89,Abrupt,False,0.2083
45,aftkd_hybrid,90,Abrupt,False,1.9792
45,aftkd_hybrid,91,Progressive,False,0.0
45,aftkd_hybrid,92,Progressive,False,0.1042
45,aftkd_hybrid,93,Abrupt,False,0.1042
45,aftkd_hybrid,94,Progressive,False,0.0
45,aftkd_hybrid,95,Progressive,False,0.1042
45,aftkd_hybrid,96,Progressive,False,0.3125
45,aftkd_hybrid,97,Progressive,False,0.0
45,aftkd_hybrid,98,Progressive,False,0.0
45,aftkd_hybrid,99,Progressive,False,0.3125
45,aftkd_hybrid,100,Progressive,False,0.0
45,aftkd_hybrid,101,Abrupt,False,0.0
45,aftkd_hybrid,102,Progressive,False,0.2083
45,aftkd_hybrid,103,Progressive,False,0.0
45,aftkd_hybrid,104,Progressive,False,0.0
45,aftkd_hybrid,105,Abrupt,False,0.2083
45,aftkd_hybrid,106,Progressive,False,0.2083
45,aftkd_hybrid,107,Abrupt,False,0.1042
45,aftkd_hybrid,108,Progressive,False,0.0
45,aftkd_hybrid,109,Progressive,False,0.1042
45,aftkd_hybrid,110,Progressive,False,0.0
45,aftkd_hybrid,111,Progressive,False,0.0
45,aftkd_hybrid,112,Progressive,False,0.1042
45,aftkd_hybrid,113,Progressive,False,0.1042
45,aftkd_hybrid,114,Progressive,False,0.0
45,aftkd_hybrid,115,Progressive,False,0.1042
45,aftkd_hybrid,116,Abrupt,True,10.0
45,aftkd_hybrid,117,Progressive,False,0.0
45,aftkd_hybrid,118,Abrupt,False,0.0
45,aftkd_hybrid,119,Progressive,False,0.4167
46,baseline_fixed,0,Abrupt,False,0.5208
46,baseline_fixed,1,Progressive,False,0.0
46,baseline_fixed,2,Abrupt,False,0.3125
46,baseline_fixed,3,Abrupt,False,0.5208
46,baseline_fixed,4,Abrupt,False,0.625
46,baseline_fixed,5,Abrupt,False,0.4167
46,baseline_fixed,6,Progressive,False,0.0
46,baseline_fixed,7,Abrupt,False,0.0
46,baseline_fixed,8,Progressive,False,0.0
46,baseline_fixed,9,Progressive,False,0.0
46,baseline_fixed,10,Progressive,False,0.0
46,baseline_fixed,11,Progressive,False,0.0
46,baseline_fixed,12,Progressive,False,0.0
46,baseline_fixed,13,Progressive,False,0.0
46,baseline_fixed,14,Abrupt,False,0.625
46,baseline_fixed,15,Abrupt,False,0.5208
46,baseline_fixed,16,Abrupt,False,0.0
46,baseline_fixed,17,Progressive,False,0.0
46,baseline_fixed,18,Progressive,False,0.0
46,baseline_fixed,19,Abrupt,False,0.625
46,baseline_fixed,20,Abrupt,False,0.0
46,baseline_fixed,21,Progressive,False,0.0
46,baseline_fixed,22,Progressive,False,0.0
46,baseline_fixed,23,Abrupt,False,0.4167
46,baseline_fixed,24,Progressive,False,0.0
46,baseline_fixed,25,Abrupt,False,0.2083
46,baseline_fixed,26,Abrupt,False,1.3542
46,baseline_fixed,27,Progressive,False,0.0
46,baseline_fixed,28,Progressive,False,0.0
46,baseline_fixed,29,Progressive,False,0.0
46,baseline_fixed,30,Abrupt,False,0.2083
46,baseline_fixed,31,Progressive,False,0.0
46,baseline_fixed,32,Abrupt,False,0.0
46,baseline_fixed,33,Abrupt,False,0.3125
46,baseline_fixed,34,Progressive,False,0.0
46,baseline_fixed,35,Progressive,False,0.0
46,baseline_fixed,36,Abrupt,False,0.3125
46,baseline_fixed,37,Progressive,False,0.0
46,baseline_fixed,38,Progressive,False,0.0
46,baseline_fixed,39,Abrupt,False,0.9375
46,baseline_fixed,40,Progressive,False,0.1042
46,baseline_fixed,41,Progressive,False,0.0
46,baseline_fixed,42,Progressive,False,0.0
46,baseline_fixed,43,Abrupt,False,0.4167
46,baseline_fixed,44,Progressive,False,0.0
46,baseline_fixed,45,Progressive,False,0.0
46,baseline_fixed,46,Progressive,False,0.0
46,baseline_fixed,47,Progressive,False,0.0
46,baseline_fixed,48,Abrupt,False,0.5208
46,baseline_fixed,49,Progressive,False,0.0
46,baseline_fixed,50,Progressive,False,0.0
46,baseline_fixed,51,Abrupt,False,1.5625
46,baseline_fixed,52,Progressive,False,0.0
46,baseline_fixed,53,Abrupt,False,0.0
46,baseline_fixed,54,Progressive,False,0.0
46,baseline_fixed,55,Progressive,False,0.0
46,baseline_fixed,56,Abrupt,False,0.625
46,baseline_fixed,57,Progressive,False,0.1042
46,baseline_fixed,58,Abrupt,False,0.5208
46,baseline_fixed,59,Progressive,False,0.0
46,baseline_fixed,60,Progressive,False,0.0
46,baseline_fixed,61,Abrupt,False,0.0
46,baseline_fixed,62,Progressive,False,0.0
46,baseline_fixed,63,Progressive,False,0.0
46,baseline_fixed,64,Progressive,False,0.0
46,baseline_fixed,65,Progressive,False,0.0
46,baseline_fixed,66,Progressive,False,0.0
46,baseline_fixed,67,Progressive,False,0.0
46,baseline_fixed,68,Abrupt,False,0.7292
46,baseline_fixed,69,Progressive,False,0.0
46,baseline_fixed,70,Progressive,False,0.0
46,baseline_fixed,71,Abrupt,False,1.1458
46,baseline_fixed,72,Progressive,False,0.0
46,baseline_fixed,73,Abrupt,False,0.5208
46,baseline_fixed,74,Progressive,False,0.0
46,baseline_fixed,75,Abrupt,False,0.0
46,baseline_fixed,76,Abrupt,False,0.2083
46,baseline_fixed,77,Progressive,False,0.0
46,baseline_fixed,78,Abrupt,False,0.0
46,baseline_fixed,79,Progressive,False,0.0
46,baseline_fixed,80,Progressive,False,0.0
46,baseline_fixed,81,Abrupt,False,0.7292
46,baseline_fixed,82,Abrupt,False,0.0
46,baseline_fixed,83,Progressive,False,0.0
46,baseline_fixed,84,Abrupt,False,0.0
46,baseline_fixed,85,Progressive,False,0.0
46,baseline_fixed,86,Progressive,False,0.0
46,baseline_fixed,87,Abrupt,False,0.3125
46,baseline_fixed,88,Progressive,False,0.0
46,baseline_fixed,89,Progressive,False,0.0
46,baseline_fixed,90,Progressive,False,0.0
46,baseline_fixed,91,Abrupt,False,0.5208
46,baseline_fixed,92,Progressive,False,0.0
46,baseline_fixed,93,Progressive,False,0.0
46,baseline_fixed,94,Progressive,False,0.0
46,baseline_fixed,95,Abrupt,False,0.0
46,baseline_fixed,96,Abrupt,False,0.625
46,baseline_fixed,97,Progressive,False,0.0
46,baseline_fixed,98,Progressive,False,0.0
46,baseline_fixed,99,Abrupt,False,0.8333
46,baseline_fixed,100,Abrupt,False,1.5625
46,baseline_fixed,101,Progressive,False,0.0
46,baseline_fixed,102,Progressive,False,0.0
46,baseline_fixed,103,Progressive,False,0.0
46,baseline_fixed,104,Progressive,False,0.0
46,baseline_fixed,105,Abrupt,False,0.0
46,baseline_fixed,106,Progressive,False,0.0
46,baseline_fixed,107,Progressive,False,0.0
46,baseline_fixed,108,Abrupt,False,0.5208
46,baseline_fixed,109,Abrupt,False,1.1458
46,baseline_fixed,110,Progressive,False,0.1042
46,baseline_fixed,111,Progressive,False,0.0
46,baseline_fixed,112,Abrupt,False,0.0
46,baseline_fixed,113,Abrupt,False,0.4167
46,baseline_fixed,114,Abrupt,False,0.1042
46,baseline_fixed,115,Progressive,False,0.0
46,baseline_fixed,116,Progressive,False,0.0
46,baseline_fixed,117,Progressive,False,0.0
46,baseline_fixed,118,Progressive,False,0.0
46,baseline_fixed,119,Abrupt,False,0.4167
46,baseline_hybrid,0,Abrupt,False,0.5208
46,baseline_hybrid,1,Progressive,False,0.0
46,baseline_hybrid,2,Abrupt,False,0.3125
46,baseline_hybrid,3,Abrupt,False,0.5208
46,baseline_hybrid,4,Abrupt,False,0.625
46,baseline_hybrid,5,Abrupt,False,0.4167
46,baseline_hybrid,6,Progressive,False,0.0
46,baseline_hybrid,7,Abrupt,False,0.0
46,baseline_hybrid,8,Progressive,False,0.0
46,baseline_hybrid,9,Progressive,False,0.0
46,baseline_hybrid,10,Progressive,False,0.3125
46,baseline_hybrid,11,Progressive,False,0.625
46,baseline_hybrid,12,Progressive,False,0.0
46,baseline_hybrid,13,Progressive,False,0.0
46,baseline_hybrid,14,Abrupt,False,0.625
46,baseline_hybrid,15,Abrupt,False,0.5208
46,baseline_hybrid,16,Abrupt,False,0.0
46,baseline_hybrid,17,Progressive,False,0.0
46,baseline_hybrid,18,Progressive,False,0.0
46,baseline_hybrid,19,Abrupt,False,0.625
46,baseline_hybrid,20,Abrupt,False,0.0
46,baseline_hybrid,21,Progressive,False,0.0
46,baseline_hybrid,22,Progressive,False,0.0
46,baseline_hybrid,23,Abrupt,False,0.4167
46,baseline_hybrid,24,Progressive,False,0.0
46,baseline_hybrid,25,Abrupt,False,0.2083
46,baseline_hybrid,26,Abrupt,False,1.3542
46,baseline_hybrid,27,Progressive,False,0.0
46,baseline_hybrid,28,Progressive,False,0.0
46,baseline_hybrid,29,Progressive,False,0.0
46,baseline_hybrid,30,Abrupt,False,0.2083
46,baseline_hybrid,31,Progressive,False,0.0
46,baseline_hybrid,32,Abrupt,False,0.0
46,baseline_hybrid,33,Abrupt,False,0.3125
46,baseline_hybrid,34,Progressive,False,0.0
46,baseline_hybrid,35,Progressive,False,0.1042
46,baseline_hybrid,36,Abrupt,False,0.3125
46,baseline_hybrid,37,Progressive,False,0.0
46,baseline_hybrid,38,Progressive,False,0.0
46,baseline_hybrid,39,Abrupt,False,0.9375
46,baseline_hybrid,40,Progressive,False,0.2083
46,baseline_hybrid,41,Progressive,False,0.1042
46,baseline_hybrid,42,Progressive,False,0.0
46,baseline_hybrid,43,Abrupt,False,0.4167
46,baseline_hybrid,44,Progressive,False,0.0
46,baseline_hybrid,45,Progressive,False,0.0
46,baseline_hybrid,46,Progressive,False,0.3125
46,baseline_hybrid,47,Progressive,False,0.0
46,baseline_hybrid,48,Abrupt,False,0.5208
46,baseline_hybrid,49,Progressive,False,0.0
46,baseline_hybrid,50,Progressive,False,0.625
46,baseline_hybrid,51,Abrupt,False,1.5625
46,baseline_hybrid,52,Progressive,False,0.0
46,baseline_hybrid,53,Abrupt,False,0.0
46,baseline_hybrid,54,Progressive,False,0.0
46,baseline_hybrid,55,Progressive,False,0.4167
46,baseline_hybrid,56,Abrupt,False,0.625
46,baseline_hybrid,57,Progressive,False,0.1042
46,baseline_hybrid,58,Abrupt,False,0.5208
46,baseline_hybrid,59,Progressive,False,1.0417
46,baseline_hybrid,60,Progressive,False,0.0
46,baseline_hybrid,61,Abrupt,False,0.0
46,baseline_hybrid,62,Progressive,True,10.0
46,baseline_hybrid,63,Progressive,False,0.5208
46,baseline_hybrid,64,Progressive,False,0.0
46,baseline_hybrid,65,Progressive,False,0.0
46,baseline_hybrid,66,Progressive,False,0.0
46,baseline_hybrid,67,Progressive,False,0.0
46,baseline_hybrid,68,Abrupt,False,0.7292
46,baseline_hybrid,69,Progressive,False,0.4167
46,baseline_hybrid,70,Progressive,False,0.0
46,baseline_hybrid,71,Abrupt,False,1.1458
46,baseline_hybrid,72,Progressive,False,0.0
46,baseline_hybrid,73,Abrupt,False,0.5208
46,baseline_hybrid,74,Progressive,False,0.4167
46,baseline_hybrid,75,Abrupt,False,0.0
46,baseline_hybrid,76,Abrupt,False,0.2083
46,baseline_hybrid,77,Progressive,False,0.0
46,baseline_hybrid,78,Abrupt,False,0.0
46,baseline_hybrid,79,Progressive,False,0.0
46,baseline_hybrid,80,Progressive,False,0.2083
46,baseline_hybrid,81,Abrupt,False,0.7292
46,baseline_hybrid,82,Abrupt,False,0.0
46,baseline_hybrid,83,Progressive,False,0.0
46,baseline_hybrid,84,Abrupt,False,0.0
46,baseline_hybrid,85,Progressive,False,0.4167
46,baseline_hybrid,86,Progressive,False,0.0
46,baseline_hybrid,87,Abrupt,False,0.3125
46,baseline_hybrid,88,Progressive,False,0.1042
46,baseline_hybrid,89,Progressive,False,0.0
46,baseline_hybrid,90,Progressive,False,0.0
46,baseline_hybrid,91,Abrupt,False,0.5208
46,baseline_hybrid,92,Progressive,False,0.3125
46,baseline_hybrid,93,Progressive,False,0.5208
46,baseline_hybrid,94,Progressive,False,0.0
46,baseline_hybrid,95,Abrupt,False,0.0
46,baseline_hybrid,96,Abrupt,False,0.625
46,baseline_hybrid,97,Progressive,False,0.0
46,baseline_hybrid,98,Progressive,False,0.0
46,baseline_hybrid,99,Abrupt,False,0.8333
46,baseline_hybrid,100,Abrupt,False,1.5625
46,baseline_hybrid,101,Progressive,False,0.0
46,baseline_hybrid,102,Progressive,False,0.0
46,baseline_hybrid,103,Progressive,False,0.0
46,baseline_hybrid,104,Progressive,False,0.0
46,baseline_hybrid,105,Abrupt,False,0.1042
46,baseline_hybrid,106,Progressive,False,0.0
46,baseline_hybrid,107,Progressive,False,0.0
46,baseline_hybrid,108,Abrupt,False,0.5208
46,baseline_hybrid,109,Abrupt,False,1.6667
46,baseline_hybrid,110,Progressive,False,0.1042
46,baseline_hybrid,111,Progressive,False,0.0
46,baseline_hybrid,112,Abrupt,False,0.0
46,baseline_hybrid,113,Abrupt,False,0.4167
46,baseline_hybrid,114,Abrupt,False,0.1042
46,baseline_hybrid,115,Progressive,False,0.0
46,baseline_hybrid,116,Progressive,False,0.0
46,baseline_hybrid,117,Progressive,False,0.0
46,baseline_hybrid,118,Progressive,False,0.0
46,baseline_hybrid,119,Abrupt,False,0.4167
46,aftkd_fixed,0,Abrupt,False,0.0
46,aftkd_fixed,1,Progressive,False,0.0
46,aftkd_fixed,2,Abrupt,False,0.0
46,aftkd_fixed,3,Abrupt,False,0.0
46,aftkd_fixed,4,Abrupt,False,0.0
46,aftkd_fixed,5,Abrupt,False,0.0
46,aftkd_fixed,6,Progressive,False,0.0
46,aftkd_fixed,7,Abrupt,False,0.0
46,aftkd_fixed,8,Progressive,False,0.1042
46,aftkd_fixed,9,Progressive,False,0.0
46,aftkd_fixed,10,Progressive,False,0.0
46,aftkd_fixed,11,Progressive,False,0.0
46,aftkd_fixed,12,Progressive,False,0.0
46,aftkd_fixed,13,Progressive,False,0.0
46,aftkd_fixed,14,Abrupt,False,0.0
46,aftkd_fixed,15,Abrupt,False,0.0
46,aftkd_fixed,16,Abrupt,False,0.0
46,aftkd_fixed,17,Progressive,False,0.0
46,aftkd_fixed,18,Progressive,False,0.0
46,aftkd_fixed,19,Abrupt,False,0.0
46,aftkd_fixed,20,Abrupt,False,0.0
46,aftkd_fixed,21,Progressive,False,0.0
46,aftkd_fixed,22,Progressive,False,0.1042
46,aftkd_fixed,23,Abrupt,False,0.0
46,aftkd_fixed,24,Progressive,False,0.0
46,aftkd_fixed,25,Abrupt,False,0.0
46,aftkd_fixed,26,Abrupt,False,0.0
46,aftkd_fixed,27,Progressive,False,0.0
46,aftkd_fixed,28,Progressive,False,0.2083
46,aftkd_fixed,29,Progressive,False,0.2083
46,aftkd_fixed,30,Abrupt,False,0.0
46,aftkd_fixed,31,Progressive,False,0.0
46,aftkd_fixed,32,Abrupt,False,0.0
46,aftkd_fixed,33,Abrupt,False,0.0
46,aftkd_fixed,34,Progressive,False,0.0
46,aftkd_fixed,35,Progressive,False,0.0
46,aftkd_fixed,36,Abrupt,False,0.0
46,aftkd_fixed,37,Progressive,False,0.1042
46,aftkd_fixed,38,Progressive,False,0.0
46,aftkd_fixed,39,Abrupt,False,0.0
46,aftkd_fixed,40,Progressive,False,0.3125
46,aftkd_fixed,41,Progressive,False,0.0
46,aftkd_fixed,42,Progressive,False,0.0
46,aftkd_fixed,43,Abrupt,False,0.0
46,aftkd_fixed,44,Progressive,False,0.0
46,aftkd_fixed,45,Progressive,False,0.1042
46,aftkd_fixed,46,Progressive,False,0.0
46,aftkd_fixed,47,Progressive,False,0.1042
46,aftkd_fixed,48,Abrupt,False,0.0
46,aftkd_fixed,49,Progressive,False,0.0
46,aftkd_fixed,50,Progressive,False,0.0
46,aftkd_fixed,51,Abrupt,False,0.0
46,aftkd_fixed,52,Progressive,False,0.0
46,aftkd_fixed,53,Abrupt,False,0.0
46,aftkd_fixed,54,Progressive,False,0.1042
46,aftkd_fixed,55,Progressive,False,0.0
46,aftkd_fixed,56,Abrupt,False,0.0
46,aftkd_fixed,57,Progressive,False,0.4167
46,aftkd_fixed,58,Abrupt,False,0.0
46,aftkd_fixed,59,Progressive,False,0.1042
46,aftkd_fixed,60,Progressive,False,0.0
46,aftkd_fixed,61,Abrupt,False,0.0
46,aftkd_fixed,62,Progressive,False,0.1042
46,aftkd_fixed,63,Progressive,False,0.0
46,aftkd_fixed,64,Progressive,False,0.0
46,aftkd_fixed,65,Progressive,False,0.0
46,aftkd_fixed,66,Progressive,False,0.4167
46,aftkd_fixed,67,Progressive,False,0.0
46,aftkd_fixed,68,Abrupt,False,0.0
46,aftkd_fixed,69,Progressive,False,0.2083
46,aftkd_fixed,70,Progressive,False,0.0
46,aftkd_fixed,71,Abrupt,False,0.0
46,aftkd_fixed,72,Progressive,False,0.0
46,aftkd_fixed,73,Abrupt,False,0.0
46,aftkd_fixed,74,Progressive,False,0.0
46,aftkd_fixed,75,Abrupt,False,0.0
46,aftkd_fixed,76,Abrupt,False,0.0
46,aftkd_fixed,77,Progressive,False,0.2083
46,aftkd_fixed,78,Abrupt,False,0.0
46,aftkd_fixed,79,Progressive,False,0.1042
46,aftkd_fixed,80,Progressive,False,0.0
46,aftkd_fixed,81,Abrupt,False,0.0
46,aftkd_fixed,82,Abrupt,False,0.0
46,aftkd_fixed,83,Progressive,False,0.1042
46,aftkd_fixed,84,Abrupt,False,0.0
46,aftkd_fixed,85,Progressive,False,0.0
46,aftkd_fixed,86,Progressive,False,0.0
46,aftkd_fixed,87,Abrupt,False,0.0
46,aftkd_fixed,88,Progressive,False,0.2083
46,aftkd_fixed,89,Progressive,False,0.0
46,aftkd_fixed,90,Progressive,False,0.0
46,aftkd_fixed,91,Abrupt,False,0.0
46,aftkd_fixed,92,Progressive,False,0.0
46,aftkd_fixed,93,Progressive,False,0.1042
46,aftkd_fixed,94,Progressive,False,0.0
46,aftkd_fixed,95,Abrupt,False,0.0
46,aftkd_fixed,96,Abrupt,False,0.0
46,aftkd_fixed,97,Progressive,False,0.1042
46,aftkd_fixed,98,Progressive,False,0.0
46,aftkd_fixed,99,Abrupt,False,0.0
46,aftkd_fixed,100,Abrupt,False,0.0
46,aftkd_fixed,101,Progressive,False,0.0
46,aftkd_fixed,102,Progressive,False,0.2083
46,aftkd_fixed,103,Progressive,False,0.0
46,aftkd_fixed,104,Progressive,False,0.0
46,aftkd_fixed,105,Abrupt,False,0.0
46,aftkd_fixed,106,Progressive,False,0.1042
46,aftkd_fixed,107,Progressive,False,0.0
46,aftkd_fixed,108,Abrupt,False,0.0
46,aftkd_fixed,109,Abrupt,False,0.0
46,aftkd_fixed,110,Progressive,False,0.2083
46,aftkd_fixed,111,Progressive,False,0.0
46,aftkd_fixed,112,Abrupt,False,0.0
46,aftkd_fixed,113,Abrupt,False,0.0
46,aftkd_fixed,114,Abrupt,False,0.0
46,aftkd_fixed,115,Progressive,False,0.0
46,aftkd_fixed,116,Progressive,False,0.1042
46,aftkd_fixed,117,Progressive,False,0.0
46,aftkd_fixed,118,Progressive,False,0.0
46,aftkd_fixed,119,Abrupt,False,0.0
46,aftkd_hybrid,0,Abrupt,False,0.0
46,aftkd_hybrid,1,Progressive,False,0.0
46,aftkd_hybrid,2,Abrupt,False,0.0
46,aftkd_hybrid,3,Abrupt,False,0.0
46,aftkd_hybrid,4,Abrupt,False,0.0
46,aftkd_hybrid,5,Abrupt,False,0.0
46,aftkd_hybrid,6,Progressive,False,0.0
46,aftkd_hybrid,7,Abrupt,False,0.0
46,aftkd_hybrid,8,Progressive,False,0.1042
46,aftkd_hybrid,9,Progressive,False,0.0
46,aftkd_hybrid,10,Progressive,False,0.0
46,aftkd_hybrid,11,Progressive,False,0.0
46,aftkd_hybrid,12,Progressive,False,0.0
46,aftkd_hybrid,13,Progressive,False,0.0
46,aftkd_hybrid,14,Abrupt,False,0.0
46,aftkd_hybrid,15,Abrupt,False,0.0
46,aftkd_hybrid,16,Abrupt,False,0.0
46,aftkd_hybrid,17,Progressive,False,0.0
46,aftkd_hybrid,18,Progressive,False,0.0
46,aftkd_hybrid,19,Abrupt,False,0.1042
46,aftkd_hybrid,20,Abrupt,False,0.0
46,aftkd_hybrid,21,Progressive,False,0.0
46,aftkd_hybrid,22,Progressive,False,0.1042
46,aftkd_hybrid,23,Abrupt,False,0.0
46,aftkd_hybrid,24,Progressive,False,0.0
46,aftkd_hybrid,25,Abrupt,False,0.0
46,aftkd_hybrid,26,Abrupt,False,0.0
46,aftkd_hybrid,27,Progressive,False,0.0
46,aftkd_hybrid,28,Progressive,False,0.2083
46,aftkd_hybrid,29,Progressive,False,0.2083
46,aftkd_hybrid,30,Abrupt,False,0.0
46,aftkd_hybrid,31,Progressive,False,0.0
46,aftkd_hybrid,32,Abrupt,False,0.0
46,aftkd_hybrid,33,Abrupt,False,0.0
46,aftkd_hybrid,34,Progressive,False,0.0
46,aftkd_hybrid,35,Progressive,False,0.0
46,aftkd_hybrid,36,Abrupt,False,0.0
46,aftkd_hybrid,37,Progressive,False,0.1042
46,aftkd_hybrid,38,Progressive,False,0.0
46,aftkd_hybrid,39,Abrupt,False,0.0
46,aftkd_hybrid,40,Progressive,False,0.3125
46,aftkd_hybrid,41,Progressive,False,0.0
46,aftkd_hybrid,42,Progressive,False,0.0
46,aftkd_hybrid,43,Abrupt,False,0.0
46,aftkd_hybrid,44,Progressive,False,0.0
46,aftkd_hybrid,45,Progressive,False,0.1042
46,aftkd_hybrid,46,Progressive,False,0.0
46,aftkd_hybrid,47,Progressive,False,0.1042
46,aftkd_hybrid,48,Abrupt,False,0.0
46,aftkd_hybrid,49,Progressive,False,0.0
46,aftkd_hybrid,50,Progressive,False,0.0
46,aftkd_hybrid,51,Abrupt,False,0.0
46,aftkd_hybrid,52,Progressive,False,0.0
46,aftkd_hybrid,53,Abrupt,False,0.0
46,aftkd_hybrid,54,Progressive,False,0.1042
46,aftkd_hybrid,55,Progressive,False,0.0
46,aftkd_hybrid,56,Abrupt,False,0.0
46,aftkd_hybrid,57,Progressive,False,0.4167
46,aftkd_hybrid,58,Abrupt,False,0.1042
46,aftkd_hybrid,59,Progressive,False,0.1042
46,aftkd_hybrid,60,Progressive,False,0.0
46,aftkd_hybrid,61,Abrupt,False,0.0
46,aftkd_hybrid,62,Progressive,False,0.1042
46,aftkd_hybrid,63,Progressive,False,0.0
46,aftkd_hybrid,64,Progressive,False,0.0
46,aftkd_hybrid,65,Progressive,False,0.0
46,aftkd_hybrid,66,Progressive,False,0.4167
46,aftkd_hybrid,67,Progressive,False,0.0
46,aftkd_hybrid,68,Abrupt,False,0.0
46,aftkd_hybrid,69,Progressive,False,0.2083
46,aftkd_hybrid,70,Progressive,False,0.0
46,aftkd_hybrid,71,Abrupt,False,0.8333
46,aftkd_hybrid,72,Progressive,False,0.0
46,aftkd_hybrid,73,Abrupt,False,0.0
46,aftkd_hybrid,74,Progressive,False,0.0
46,aftkd_hybrid,75,Abrupt,False,0.0
46,aftkd_hybrid,76,Abrupt,False,0.0
46,aftkd_hybrid,77,Progressive,False,0.2083
46,aftkd_hybrid,78,Abrupt,False,0.0
46,aftkd_hybrid,79,Progressive,False,0.1042
46,aftkd_hybrid,80,Progressive,False,0.0
46,aftkd_hybrid,81,Abrupt,False,0.0
46,aftkd_hybrid,82,Abrupt,False,0.0
46,aftkd_hybrid,83,Progressive,False,0.1042
46,aftkd_hybrid,84,Abrupt,False,0.0
46,aftkd_hybrid,85,Progressive,False,0.0
46,aftkd_hybrid,86,Progressive,False,0.0
46,aftkd_hybrid,87,Abrupt,False,0.0
46,aftkd_hybrid,88,Progressive,False,0.2083
46,aftkd_hybrid,89,Progressive,False,0.0
46,aftkd_hybrid,90,Progressive,False,0.0
46,aftkd_hybrid,91,Abrupt,False,0.0
46,aftkd_hybrid,92,Progressive,False,0.0
46,aftkd_hybrid,93,Progressive,False,0.1042
46,aftkd_hybrid,94,Progressive,False,0.0
46,aftkd_hybrid,95,Abrupt,False,0.0
46,aftkd_hybrid,96,Abrupt,False,0.0
46,aftkd_hybrid,97,Progressive,False,0.1042
46,aftkd_hybrid,98,Progressive,False,0.0
46,aftkd_hybrid,99,Abrupt,False,0.0
46,aftkd_hybrid,100,Abrupt,False,0.0
46,aftkd_hybrid,101,Progressive,False,0.0
46,aftkd_hybrid,102,Progressive,False,0.2083
46,aftkd_hybrid,103,Progressive,False,0.0
46,aftkd_hybrid,104,Progressive,False,0.0
46,aftkd_hybrid,105,Abrupt,False,0.0
46,aftkd_hybrid,106,Progressive,False,0.1042
46,aftkd_hybrid,107,Progressive,False,0.0
46,aftkd_hybrid,108,Abrupt,False,0.0
46,aftkd_hybrid,109,Abrupt,False,0.0
46,aftkd_hybrid,110,Progressive,False,0.2083
46,aftkd_hybrid,111,Progressive,False,0.0
46,aftkd_hybrid,112,Abrupt,False,0.0
46,aftkd_hybrid,113,Abrupt,False,0.0
46,aftkd_hybrid,114,Abrupt,False,0.0
46,aftkd_hybrid,115,Progressive,False,0.0
46,aftkd_hybrid,116,Progressive,False,0.1042
46,aftkd_hybrid,117,Progressive,False,0.0
46,aftkd_hybrid,118,Progressive,False,0.0
46,aftkd_hybrid,119,Abrupt,False,0.0
47,baseline_fixed,0,Abrupt,False,0.0
47,baseline_fixed,1,Abrupt,False,0.0
47,baseline_fixed,2,Progressive,False,0.0
47,baseline_fixed,3,Progressive,False,0.0
47,baseline_fixed,4,Progressive,False,0.0
47,baseline_fixed,5,Abrupt,False,0.0
47,baseline_fixed,6,Progressive,False,0.0
47,baseline_fixed,7,Abrupt,False,0.0
47,baseline_fixed,8,Abrupt,False,0.0
47,baseline_fixed,9,Progressive,False,0.0
47,baseline_fixed,10,Progressive,False,0.0
47,baseline_fixed,11,Progressive,False,0.0
47,baseline_fixed,12,Abrupt,False,0.4167
47,baseline_fixed,13,Abrupt,False,0.0
47,baseline_fixed,14,Progressive,False,0.0
47,baseline_fixed,15,Progressive,False,0.0
47,baseline_fixed,16,Progressive,False,0.0
47,baseline_fixed,17,Abrupt,False,0.2083
47,baseline_fixed,18,Progressive,False,0.0
47,baseline_fixed,19,Abrupt,False,0.0
47,baseline_fixed,20,Progressive,False,0.0
47,baseline_fixed,21,Abrupt,False,0.0
47,baseline_fixed,22,Progressive,False,0.0
47,baseline_fixed,23,Progressive,False,0.0
47,baseline_fixed,24,Progressive,False,0.0
47,baseline_fixed,25,Progressive,False,0.0
47,baseline_fixed,26,Progressive,False,0.0
47,baseline_fixed,27,Abrupt,False,0.2083
47,baseline_fixed,28,Abrupt,False,0.0
47,baseline_fixed,29,Progressive,False,0.0
47,baseline_fixed,30,Progressive,False,0.0
47,baseline_fixed,31,Progressive,False,0.3125
47,baseline_fixed,32,Progressive,False,0.0
47,baseline_fixed,33,Progressive,False,0.0
47,baseline_fixed,34,Abrupt,False,0.0
47,baseline_fixed,35,Progressive,False,0.0
47,baseline_fixed,36,Progressive,False,0.0
47,baseline_fixed,37,Progressive,False,0.0
47,baseline_fixed,38,Abrupt,False,0.2083
47,baseline_fixed,39,Progressive,False,0.0
47,baseline_fixed,40,Progressive,False,0.0
47,baseline_fixed,41,Progressive,False,0.0
47,baseline_fixed,42,Abrupt,False,0.0
47,baseline_fixed,43,Progressive,False,0.0
47,baseline_fixed,44,Abrupt,False,0.0
47,baseline_fixed,45,Progressive,False,0.0
47,baseline_fixed,46,Progressive,False,0.4167
47,baseline_fixed,47,Abrupt,False,0.0
47,baseline_fixed,48,Abrupt,False,0.0
47,baseline_fixed,49,Progressive,False,0.0
47,baseline_fixed,50,Abrupt,False,0.2083
47,baseline_fixed,51,Progressive,False,0.0
47,baseline_fixed,52,Abrupt,False,0.0
47,baseline_fixed,53,Abrupt,False,0.0
47,baseline_fixed,54,Progressive,False,0.0
47,baseline_fixed,55,Abrupt,False,0.0
47,baseline_fixed,56,Abrupt,False,0.0
47,baseline_fixed,57,Progressive,False,0.0
47,baseline_fixed,58,Abrupt,False,0.0
47,baseline_fixed,59,Abrupt,False,0.0
47,baseline_fixed,60,Progressive,False,0.0
47,baseline_fixed,61,Abrupt,False,0.0
47,baseline_fixed,62,Abrupt,False,0.0
47,baseline_fixed,63,Progressive,False,0.0
47,baseline_fixed,64,Progressive,False,0.0
47,baseline_fixed,65,Progressive,False,0.0
47,baseline_fixed,66,Abrupt,False,0.0
47,baseline_fixed,67,Progressive,False,0.0
47,baseline_fixed,68,Abrupt,False,0.0
47,baseline_fixed,69,Abrupt,False,0.0
47,baseline_fixed,70,Abrupt,False,0.0
47,baseline_fixed,71,Progressive,False,0.0
47,baseline_fixed,72,Progressive,False,0.0
47,baseline_fixed,73,Progressive,False,0.0
47,baseline_fixed,74,Progressive,False,0.0
47,baseline_fixed,75,Progressive,False,0.0
47,baseline_fixed,76,Progressive,False,0.0
47,baseline_fixed,77,Progressive,False,0.0
47,baseline_fixed,78,Progressive,False,0.0
47,baseline_fixed,79,Progressive,False,0.0
47,baseline_fixed,80,Progressive,False,0.0
47,baseline_fixed,81,Progressive,False,0.0
47,baseline_fixed,82,Progressive,False,0.0
47,baseline_fixed,83,Abrupt,False,0.2083
47,baseline_fixed,84,Progressive,False,0.0
47,baseline_fixed,85,Abrupt,False,0.0
47,baseline_fixed,86,Progressive,False,0.0
47,baseline_fixed,87,Progressive,False,0.0
47,baseline_fixed,88,Progressive,False,0.0
47,baseline_fixed,89,Abrupt,False,0.0
47,baseline_fixed,90,Progressive,False,0.0
47,baseline_fixed,91,Progressive,False,0.0
47,baseline_fixed,92,Abrupt,False,0.0
47,baseline_fixed,93,Progressive,False,0.0
47,baseline_fixed,94,Progressive,False,0.1042
47,baseline_fixed,95,Abrupt,False,0.2083
47,baseline_fixed,96,Abrupt,False,0.2083
47,baseline_fixed,97,Progressive,False,0.0
47,baseline_fixed,98,Progressive,False,0.0
47,baseline_fixed,99,Progressive,False,0.0
47,baseline_fixed,100,Abrupt,False,0.0
47,baseline_fixed,101,Abrupt,False,0.0
47,baseline_fixed,102,Abrupt,False,0.0
47,baseline_fixed,103,Progressive,False,0.0
47,baseline_fixed,104,Progressive,False,0.0
47,baseline_fixed,105,Abrupt,False,0.0
47,baseline_fixed,106,Progressive,False,0.0
47,baseline_fixed,107,Progressive,False,0.0
47,baseline_fixed,108,Progressive,False,0.0
47,baseline_fixed,109,Progressive,False,0.2083
47,baseline_fixed,110,Abrupt,False,0.2083
47,baseline_fixed,111,Abrupt,False,0.0
47,baseline_fixed,112,Progressive,False,0.0
47,baseline_fixed,113,Abrupt,False,0.1042
47,baseline_fixed,114,Abrupt,False,0.0
47,baseline_fixed,115,Abrupt,False,0.0
47,baseline_fixed,116,Abrupt,False,0.2083
47,baseline_fixed,117,Abrupt,False,0.0
47,baseline_fixed,118,Progressive,False,0.0
47,baseline_fixed,119,Progressive,False,0.0
47,baseline_hybrid,0,Abrupt,False,0.0
47,baseline_hybrid,1,Abrupt,False,0.0
47,baseline_hybrid,2,Progressive,False,0.0
47,baseline_hybrid,3,Progressive,False,0.3125
47,baseline_hybrid,4,Progressive,False,0.0
47,baseline_hybrid,5,Abrupt,False,0.0
47,baseline_hybrid,6,Progressive,False,0.3125
47,baseline_hybrid,7,Abrupt,False,0.0
47,baseline_hybrid,8,Abrupt,False,0.0
47,baseline_hybrid,9,Progressive,False,0.2083
47,baseline_hybrid,10,Progressive,False,0.0
47,baseline_hybrid,11,Progressive,False,0.0
47,baseline_hybrid,12,Abrupt,False,0.4167
47,baseline_hybrid,13,Abrupt,False,0.0
47,baseline_hybrid,14,Progressive,False,0.0
47,baseline_hybrid,15,Progressive,False,0.0
47,baseline_hybrid,16,Progressive,False,0.0
47,baseline_hybrid,17,Abrupt,False,0.2083
47,baseline_hybrid,18,Progressive,False,0.0
47,baseline_hybrid,19,Abrupt,False,0.0
47,baseline_hybrid,20,Progressive,False,0.0
47,baseline_hybrid,21,Abrupt,False,0.0
47,baseline_hybrid,22,Progressive,False,0.0
47,baseline_hybrid,23,Progressive,False,0.0
47,baseline_hybrid,24,Progressive,False,0.0
47,baseline_hybrid,25,Progressive,False,0.1042
47,baseline_hybrid,26,Progressive,False,0.0
47,baseline_hybrid,27,Abrupt,False,0.2083
47,baseline_hybrid,28,Abrupt,False,0.0
47,baseline_hybrid,29,Progressive,False,0.0
47,baseline_hybrid,30,Progressive,False,0.1042
47,baseline_hybrid,31,Progressive,False,0.3125
47,baseline_hybrid,32,Progressive,False,0.0
47,baseline_hybrid,33,Progressive,False,0.0
47,baseline_hybrid,34,Abrupt,False,0.0
47,baseline_hybrid,35,Progressive,False,0.1042
47,baseline_hybrid,36,Progressive,False,0.0
47,baseline_hybrid,37,Progressive,False,0.0
47,baseline_hybrid,38,Abrupt,False,0.2083
47,baseline_hybrid,39,Progressive,False,0.5208
47,baseline_hybrid,40,Progressive,False,0.0
47,baseline_hybrid,41,Progressive,False,0.0
47,baseline_hybrid,42,Abrupt,False,0.0
47,baseline_hybrid,43,Progressive,False,0.0
47,baseline_hybrid,44,Abrupt,False,0.0
47,baseline_hybrid,45,Progressive,False,0.0
47,baseline_hybrid,46,Progressive,False,0.9375
47,baseline_hybrid,47,Abrupt,False,0.0
47,baseline_hybrid,48,Abrupt,False,0.0
47,baseline_hybrid,49,Progressive,False,0.0
47,baseline_hybrid,50,Abrupt,False,0.2083
47,baseline_hybrid,51,Progressive,False,0.0
47,baseline_hybrid,52,Abrupt,False,0.0
47,baseline_hybrid,53,Abrupt,False,0.0
47,baseline_hybrid,54,Progressive,False,0.0
47,baseline_hybrid,55,Abrupt,False,0.0
47,baseline_hybrid,56,Abrupt,False,0.0
47,baseline_hybrid,57,Progressive,False,0.0
47,baseline_hybrid,58,Abrupt,False,0.0
47,baseline_hybrid,59,Abrupt,False,0.1042
47,baseline_hybrid,60,Progressive,False,0.0
47,baseline_hybrid,61,Abrupt,False,0.0
47,baseline_hybrid,62,Abrupt,False,0.0
47,baseline_hybrid,63,Progressive,False,0.0
47,baseline_hybrid,64,Progressive,False,0.0
47,baseline_hybrid,65,Progressive,False,0.0
47,baseline_hybrid,66,Abrupt,False,0.0
47,baseline_hybrid,67,Progressive,False,0.1042
47,baseline_hybrid,68,Abrupt,False,0.0
47,baseline_hybrid,69,Abrupt,False,0.0
47,baseline_hybrid,70,Abrupt,False,0.0
47,baseline_hybrid,71,Progressive,False,0.0
47,baseline_hybrid,72,Progressive,False,0.0
47,baseline_hybrid,73,Progressive,False,0.0
47,baseline_hybrid,74,Progressive,False,0.0
47,baseline_hybrid,75,Progressive,False,0.0
47,baseline_hybrid,76,Progressive,False,0.0
47,baseline_hybrid,77,Progressive,False,0.2083
47,baseline_hybrid,78,Progressive,False,0.0
47,baseline_hybrid,79,Progressive,False,0.1042
47,baseline_hybrid,80,Progressive,False,0.3125
47,baseline_hybrid,81,Progressive,False,0.0
47,baseline_hybrid,82,Progressive,False,0.0
47,baseline_hybrid,83,Abrupt,False,0.2083
47,baseline_hybrid,84,Progressive,False,0.2083
47,baseline_hybrid,85,Abrupt,False,0.0
47,baseline_hybrid,86,Progressive,False,0.0
47,baseline_hybrid,87,Progressive,False,0.0
47,baseline_hybrid,88,Progressive,False,0.4167
47,baseline_hybrid,89,Abrupt,False,0.0
47,baseline_hybrid,90,Progressive,False,0.0
47,baseline_hybrid,91,Progressive,False,0.0
47,baseline_hybrid,92,Abrupt,False,0.0
47,baseline_hybrid,93,Progressive,False,0.0
47,baseline_hybrid,94,Progressive,False,0.1042
47,baseline_hybrid,95,Abrupt,False,0.2083
47,baseline_hybrid,96,Abrupt,False,0.2083
47,baseline_hybrid,97,Progressive,False,0.0
47,baseline_hybrid,98,Progressive,False,0.1042
47,baseline_hybrid,99,Progressive,False,0.1042
47,baseline_hybrid,100,Abrupt,False,0.0
47,baseline_hybrid,101,Abrupt,False,0.0
47,baseline_hybrid,102,Abrupt,False,0.0
47,baseline_hybrid,103,Progressive,False,0.0
47,baseline_hybrid,104,Progressive,False,0.0
47,baseline_hybrid,105,Abrupt,False,0.0
47,baseline_hybrid,106,Progressive,False,0.0
47,baseline_hybrid,107,Progressive,False,0.0
47,baseline_hybrid,108,Progressive,False,0.0
47,baseline_hybrid,109,Progressive,False,0.2083
47,baseline_hybrid,110,Abrupt,False,0.2083
47,baseline_hybrid,111,Abrupt,False,0.0
47,baseline_hybrid,112,Progressive,False,0.0
47,baseline_hybrid,113,Abrupt,False,0.1042
47,baseline_hybrid,114,Abrupt,False,0.0
47,baseline_hybrid,115,Abrupt,False,0.0
47,baseline_hybrid,116,Abrupt,False,0.2083
47,baseline_hybrid,117,Abrupt,False,0.0
47,baseline_hybrid,118,Progressive,False,0.3125
47,baseline_hybrid,119,Progressive,False,0.0
47,aftkd_fixed,0,Abrupt,False,0.0
47,aftkd_fixed,1,Abrupt,False,0.0
47,aftkd_fixed,2,Progressive,False,0.0
47,aftkd_fixed,3,Progressive,False,0.0
47,aftkd_fixed,4,Progressive,False,0.0
47,aftkd_fixed,5,Abrupt,False,0.0
47,aftkd_fixed,6,Progressive,False,0.0
47,aftkd_fixed,7,Abrupt,False,0.0
47,aftkd_fixed,8,Abrupt,False,0.0
47,aftkd_fixed,9,Progressive,False,0.0
47,aftkd_fixed,10,Progressive,False,0.0
47,aftkd_fixed,11,Progressive,False,0.0
47,aftkd_fixed,12,Abrupt,False,0.0
47,aftkd_fixed,13,Abrupt,False,0.0
47,aftkd_fixed,14,Progressive,False,0.0
47,aftkd_fixed,15,Progressive,False,0.0
47,aftkd_fixed,16,Progressive,False,0.0
47,aftkd_fixed,17,Abrupt,False,0.0
47,aftkd_fixed,18,Progressive,False,0.1042
47,aftkd_fixed,19,Abrupt,False,0.0
47,aftkd_fixed,20,Progressive,False,0.0
47,aftkd_fixed,21,Abrupt,False,0.0
47,aftkd_fixed,22,Progressive,False,0.0
47,aftkd_fixed,23,Progressive,False,0.2083
47,aftkd_fixed,24,Progressive,False,0.1042
47,aftkd_fixed,25,Progressive,False,0.0
47,aftkd_fixed,26,Progressive,False,0.0
47,aftkd_fixed,27,Abrupt,False,0.0
47,aftkd_fixed,28,Abrupt,False,0.1042
47,aftkd_fixed,29,Progressive,False,0.0
47,aftkd_fixed,30,Progressive,False,0.0
47,aftkd_fixed,31,Progressive,False,0.2083
47,aftkd_fixed,32,Progressive,False,0.1042
47,aftkd_fixed,33,Progressive,False,0.0
47,aftkd_fixed,34,Abrupt,False,0.0
47,aftkd_fixed,35,Progressive,False,0.0
47,aftkd_fixed,36,Progressive,False,0.0
47,aftkd_fixed,37,Progressive,False,0.0
47,aftkd_fixed,38,Abrupt,False,0.0
47,aftkd_fixed,39,Progressive,False,0.0
47,aftkd_fixed,40,Progressive,False,0.2083
47,aftkd_fixed,41,Progressive,False,0.0
47,aftkd_fixed,42,Abrupt,False,0.0
47,aftkd_fixed,43,Progressive,False,0.0
47,aftkd_fixed,44,Abrupt,False,0.0
47,aftkd_fixed,45,Progressive,False,0.0
47,aftkd_fixed,46,Progressive,False,0.3125
47,aftkd_fixed,47,Abrupt,False,0.0
47,aftkd_fixed,48,Abrupt,False,0.0
47,aftkd_fixed,49,Progressive,False,0.0
47,aftkd_fixed,50,Abrupt,False,0.0
47,aftkd_fixed,51,Progressive,False,0.0
47,aftkd_fixed,52,Abrupt,False,0.1042
47,aftkd_fixed,53,Abrupt,False,0.0
47,aftkd_fixed,54,Progressive,False,0.1042
47,aftkd_fixed,55,Abrupt,False,0.0
47,aftkd_fixed,56,Abrupt,False,0.0
47,aftkd_fixed,57,Progressive,False,0.0
47,aftkd_fixed,58,Abrupt,False,0.0
47,aftkd_fixed,59,Abrupt,False,0.1042
47,aftkd_fixed,60,Progressive,False,0.0
47,aftkd_fixed,61,Abrupt,False,0.0
47,aftkd_fixed,62,Abrupt,False,0.1042
47,aftkd_fixed,63,Progressive,False,0.0
47,aftkd_fixed,64,Progressive,False,0.0
47,aftkd_fixed,65,Progressive,False,0.0
47,aftkd_fixed,66,Abrupt,False,0.1042
47,aftkd_fixed,67,Progressive,False,0.0
47,aftkd_fixed,68,Abrupt,False,0.0
47,aftkd_fixed,69,Abrupt,False,0.0
47,aftkd_fixed,70,Abrupt,False,0.0
47,aftkd_fixed,71,Progressive,False,0.0
47,aftkd_fixed,72,Progressive,False,0.3125
47,aftkd_fixed,73,Progressive,False,0.0
47,aftkd_fixed,74,Progressive,False,0.0
47,aftkd_fixed,75,Progressive,False,0.0
47,aftkd_fixed,76,Progressive,False,0.0
47,aftkd_fixed,77,Progressive,False,0.0
47,aftkd_fixed,78,Progressive,False,0.0
47,aftkd_fixed,79,Progressive,False,0.0
47,aftkd_fixed,80,Progressive,False,0.0
47,aftkd_fixed,81,Progressive,False,0.0
47,aftkd_fixed,82,Progressive,False,0.0
47,aftkd_fixed,83,Abrupt,False,0.0
47,aftkd_fixed,84,Progressive,False,0.0
47,aftkd_fixed,85,Abrupt,False,0.1042
47,aftkd_fixed,86,Progressive,False,0.0
47,aftkd_fixed,87,Progressive,False,0.2083
47,aftkd_fixed,88,Progressive,False,0.0
47,aftkd_fixed,89,Abrupt,False,0.0
47,aftkd_fixed,90,Progressive,False,0.0
47,aftkd_fixed,91,Progressive,False,0.0
47,aftkd_fixed,92,Abrupt,False,0.0
47,aftkd_fixed,93,Progressive,False,0.0
47,aftkd_fixed,94,Progressive,False,0.0
47,aftkd_fixed,95,Abrupt,False,0.0
47,aftkd_fixed,96,Abrupt,False,0.0
47,aftkd_fixed,97,Progressive,False,0.1042
47,aftkd_fixed,98,Progressive,False,0.0
47,aftkd_fixed,99,Progressive,False,0.0
47,aftkd_fixed,100,Abrupt,False,0.1042
47,aftkd_fixed,101,Abrupt,False,0.1042
47,aftkd_fixed,102,Abrupt,False,0.0
47,aftkd_fixed,103,Progressive,False,0.0
47,aftkd_fixed,104,Progressive,False,0.1042
47,aftkd_fixed,105,Abrupt,False,0.0
47,aftkd_fixed,106,Progressive,False,0.0
47,aftkd_fixed,107,Progressive,False,0.0
47,aftkd_fixed,108,Progressive,False,0.0
47,aftkd_fixed,109,Progressive,False,0.2083
47,aftkd_fixed,110,Abrupt,False,0.0
47,aftkd_fixed,111,Abrupt,False,0.0
47,aftkd_fixed,112,Progressive,False,0.0
47,aftkd_fixed,113,Abrupt,False,0.0
47,aftkd_fixed,114,Abrupt,False,0.0
47,aftkd_fixed,115,Abrupt,False,0.0
47,aftkd_fixed,116,Abrupt,False,0.0
47,aftkd_fixed,117,Abrupt,False,0.0
47,aftkd_fixed,118,Progressive,False,0.0
47,aftkd_fixed,119,Progressive,False,0.2083
47,aftkd_hybrid,0,Abrupt,False,0.0
47,aftkd_hybrid,1,Abrupt,False,0.0
47,aftkd_hybrid,2,Progressive,False,0.0
47,aftkd_hybrid,3,Progressive,False,0.0
47,aftkd_hybrid,4,Progressive,False,0.0
47,aftkd_hybrid,5,Abrupt,False,0.0
47,aftkd_hybrid,6,Progressive,False,0.0
47,aftkd_hybrid,7,Abrupt,False,0.0
47,aftkd_hybrid,8,Abrupt,False,0.0
47,aftkd_hybrid,9,Progressive,False,0.0
47,aftkd_hybrid,10,Progressive,False,0.0
47,aftkd_hybrid,11,Progressive,False,0.0
47,aftkd_hybrid,12,Abrupt,False,0.0
47,aftkd_hybrid,13,Abrupt,False,0.0
47,aftkd_hybrid,14,Progressive,False,0.0
47,aftkd_hybrid,15,Progressive,False,0.0
47,aftkd_hybrid,16,Progressive,False,0.0
47,aftkd_hybrid,17,Abrupt,False,0.0
47,aftkd_hybrid,18,Progressive,False,0.1042
47,aftkd_hybrid,19,Abrupt,False,0.0
47,aftkd_hybrid,20,Progressive,False,0.0
47,aftkd_hybrid,21,Abrupt,False,0.0
47,aftkd_hybrid,22,Progressive,False,0.0
47,aftkd_hybrid,23,Progressive,False,0.2083
47,aftkd_hybrid,24,Progressive,False,0.1042
47,aftkd_hybrid,25,Progressive,False,0.0
47,aftkd_hybrid,26,Progressive,False,0.0
47,aftkd_hybrid,27,Abrupt,False,0.0
47,aftkd_hybrid,28,Abrupt,False,0.1042
47,aftkd_hybrid,29,Progressive,False,0.0
47,aftkd_hybrid,30,Progressive,False,0.0
47,aftkd_hybrid,31,Progressive,False,0.2083
47,aftkd_hybrid,32,Progressive,False,0.1042
47,aftkd_hybrid,33,Progressive,False,0.0
47,aftkd_hybrid,34,Abrupt,False,0.0
47,aftkd_hybrid,35,Progressive,False,0.1042
47,aftkd_hybrid,36,Progressive,False,0.0
47,aftkd_hybrid,37,Progressive,False,0.0
47,aftkd_hybrid,38,Abrupt,False,0.0
47,aftkd_hybrid,39,Progressive,False,0.0
47,aftkd_hybrid,40,Progressive,False,0.2083
47,aftkd_hybrid,41,Progressive,False,0.0
47,aftkd_hybrid,42,Abrupt,False,0.0
47,aftkd_hybrid,43,Progressive,False,0.0
47,aftkd_hybrid,44,Abrupt,False,0.0
47,aftkd_hybrid,45,Progressive,False,0.0
47,aftkd_hybrid,46,Progressive,False,0.3125
47,aftkd_hybrid,47,Abrupt,False,0.0
47,aftkd_hybrid,48,Abrupt,False,0.0
47,aftkd_hybrid,49,Progressive,False,0.0
47,aftkd_hybrid,50,Abrupt,False,0.0
47,aftkd_hybrid,51,Progressive,False,0.0
47,aftkd_hybrid,52,Abrupt,False,0.1042
47,aftkd_hybrid,53,Abrupt,False,0.0
47,aftkd_hybrid,54,Progressive,False,0.1042
47,aftkd_hybrid,55,Abrupt,False,0.0
47,aftkd_hybrid,56,Abrupt,False,0.0
47,aftkd_hybrid,57,Progressive,False,0.0
47,aftkd_hybrid,58,Abrupt,False,0.0
47,aftkd_hybrid,59,Abrupt,False,0.1042
47,aftkd_hybrid,60,Progressive,False,0.0
47,aftkd_hybrid,61,Abrupt,False,0.0
47,aftkd_hybrid,62,Abrupt,False,0.1042
47,aftkd_hybrid,63,Progressive,False,0.0
47,aftkd_hybrid,64,Progressive,False,0.0
47,aftkd_hybrid,65,Progressive,False,0.0
47,aftkd_hybrid,66,Abrupt,False,0.1042
47,aftkd_hybrid,67,Progressive,False,0.0
47,aftkd_hybrid,68,Abrupt,False,0.0
47,aftkd_hybrid,69,Abrupt,False,0.0
47,aftkd_hybrid,70,Abrupt,False,0.0
47,aftkd_hybrid,71,Progressive,False,0.0
47,aftkd_hybrid,72,Progressive,False,0.3125
47,aftkd_hybrid,73,Progressive,False,0.0
47,aftkd_hybrid,74,Progressive,False,0.0
47,aftkd_hybrid,75,Progressive,False,0.0
47,aftkd_hybrid,76,Progressive,False,0.0
47,aftkd_hybrid,77,Progressive,False,0.0
47,aftkd_hybrid,78,Progressive,False,0.0
47,aftkd_hybrid,79,Progressive,False,0.1042
47,aftkd_hybrid,80,Progressive,False,0.0
47,aftkd_hybrid,81,Progressive,False,0.0
47,aftkd_hybrid,82,Progressive,False,0.0
47,aftkd_hybrid,83,Abrupt,False,0.0
47,aftkd_hybrid,84,Progressive,False,0.0
47,aftkd_hybrid,85,Abrupt,False,0.1042
47,aftkd_hybrid,86,Progressive,False,0.0
47,aftkd_hybrid,87,Progressive,False,0.2083
47,aftkd_hybrid,88,Progressive,False,0.0
47,aftkd_hybrid,89,Abrupt,False,0.0
47,aftkd_hybrid,90,Progressive,False,0.0
47,aftkd_hybrid,91,Progressive,False,0.0
47,aftkd_hybrid,92,Abrupt,False,0.0
47,aftkd_hybrid,93,Progressive,False,0.0
47,aftkd_hybrid,94,Progressive,False,0.0
47,aftkd_hybrid,95,Abrupt,False,0.0
47,aftkd_hybrid,96,Abrupt,False,0.0
47,aftkd_hybrid,97,Progressive,False,0.1042
47,aftkd_hybrid,98,Progressive,False,0.0
47,aftkd_hybrid,99,Progressive,False,0.0
47,aftkd_hybrid,100,Abrupt,False,0.1042
47,aftkd_hybrid,101,Abrupt,False,0.1042
47,aftkd_hybrid,102,Abrupt,False,0.0
47,aftkd_hybrid,103,Progressive,False,0.0
47,aftkd_hybrid,104,Progressive,False,0.1042
47,aftkd_hybrid,105,Abrupt,False,0.0
47,aftkd_hybrid,106,Progressive,False,0.0
47,aftkd_hybrid,107,Progressive,False,0.0
47,aftkd_hybrid,108,Progressive,False,0.0
47,aftkd_hybrid,109,Progressive,False,0.2083
47,aftkd_hybrid,110,Abrupt,False,0.0
47,aftkd_hybrid,111,Abrupt,False,0.0
47,aftkd_hybrid,112,Progressive,False,0.0
47,aftkd_hybrid,113,Abrupt,False,0.0
47,aftkd_hybrid,114,Abrupt,False,0.0
47,aftkd_hybrid,115,Abrupt,False,0.0
47,aftkd_hybrid,116,Abrupt,False,0.0
47,aftkd_hybrid,117,Abrupt,False,0.0
47,aftkd_hybrid,118,Progressive,False,0.3125
47,aftkd_hybrid,119,Progressive,False,0.2083
48,baseline_fixed,0,Abrupt,False,0.1042
48,baseline_fixed,1,Abrupt,False,0.7292
48,baseline_fixed,2,Abrupt,False,0.8333
48,baseline_fixed,3,Abrupt,False,0.1042
48,baseline_fixed,4,Progressive,False,0.0
48,baseline_fixed,5,Abrupt,False,0.0
48,baseline_fixed,6,Progressive,False,0.0
48,baseline_fixed,7,Progressive,False,0.0
48,baseline_fixed,8,Abrupt,False,0.0
48,baseline_fixed,9,Abrupt,False,0.4167
48,baseline_fixed,10,Progressive,False,0.0
48,baseline_fixed,11,Progressive,False,0.0
48,baseline_fixed,12,Progressive,False,0.0
48,baseline_fixed,13,Abrupt,False,0.1042
48,baseline_fixed,14,Abrupt,False,0.8333
48,baseline_fixed,15,Abrupt,False,0.1042
48,baseline_fixed,16,Progressive,False,0.0
48,baseline_fixed,17,Progressive,False,0.0
48,baseline_fixed,18,Progressive,False,0.0
48,baseline_fixed,19,Progressive,False,0.0
48,baseline_fixed,20,Progressive,False,0.0
48,baseline_fixed,21,Abrupt,False,0.1042
48,baseline_fixed,22,Progressive,False,0.0
48,baseline_fixed,23,Progressive,False,0.0
48,baseline_fixed,24,Abrupt,False,0.5208
48,baseline_fixed,25,Progressive,False,0.0
48,baseline_fixed,26,Progressive,False,0.0
48,baseline_fixed,27,Abrupt,False,0.1042
48,baseline_fixed,28,Abrupt,False,1.1458
48,baseline_fixed,29,Progressive,False,0.0
48,baseline_fixed,30,Abrupt,False,0.4167
48,baseline_fixed,31,Progressive,False,0.0
48,baseline_fixed,32,Progressive,False,0.0
48,baseline_fixed,33,Progressive,False,0.0
48,baseline_fixed,34,Progressive,False,0.0
48,baseline_fixed,35,Progressive,False,0.0
48,baseline_fixed,36,Progressive,False,0.0
48,baseline_fixed,37,Abrupt,False,0.5208
48,baseline_fixed,38,Progressive,False,0.0
48,baseline_fixed,39,Abrupt,False,0.0
48,baseline_fixed,40,Progressive,False,0.0
48,baseline_fixed,41,Progressive,False,0.0
48,baseline_fixed,42,Progressive,False,0.0
48,baseline_fixed,43,Abrupt,False,0.0
48,baseline_fixed,44,Progressive,False,0.0
48,baseline_fixed,45,Progressive,False,0.0
48,baseline_fixed,46,Progressive,False,0.0
48,baseline_fixed,47,Progressive,False,0.0
48,baseline_fixed,48,Progressive,False,0.0
48,baseline_fixed,49,Abrupt,False,0.9375
48,baseline_fixed,50,Abrupt,False,0.1042
48,baseline_fixed,51,Abrupt,False,0.5208
48,baseline_fixed,52,Progressive,False,0.0
48,baseline_fixed,53,Abrupt,False,1.4583
48,baseline_fixed,54,Progressive,False,0.0
48,baseline_fixed,55,Progressive,False,0.0
48,baseline_fixed,56,Progressive,False,0.1042
48,baseline_fixed,57,Progressive,False,0.0
48,baseline_fixed,58,Progressive,False,0.0
48,baseline_fixed,59,Abrupt,False,0.1042
48,baseline_fixed,60,Progressive,False,0.0
48,baseline_fixed,61,Abrupt,False,0.8333
48,baseline_fixed,62,Abrupt,False,0.1042
48,baseline_fixed,63,Progressive,False,0.0
48,baseline_fixed,64,Progressive,False,0.0
48,baseline_fixed,65,Progressive,False,0.0
48,baseline_fixed,66,Progressive,False,0.0
48,baseline_fixed,67,Progressive,False,0.0
48,baseline_fixed,68,Abrupt,False,0.7292
48,baseline_fixed,69,Progressive,False,0.0
48,baseline_fixed,70,Progressive,False,0.0
48,baseline_fixed,71,Abrupt,False,0.1042
48,baseline_fixed,72,Abrupt,False,0.3125
48,baseline_fixed,73,Abrupt,False,0.0
48,baseline_fixed,74,Progressive,False,0.0
48,baseline_fixed,75,Progressive,False,0.0
48,baseline_fixed,76,Progressive,False,0.0
48,baseline_fixed,77,Abrupt,False,0.5208
48,baseline_fixed,78,Progressive,False,0.0
48,baseline_fixed,79,Abrupt,False,0.8333
48,baseline_fixed,80,Abrupt,False,0.0
48,baseline_fixed,81,Abrupt,False,0.625
48,baseline_fixed,82,Abrupt,False,0.1042
48,baseline_fixed,83,Progressive,False,0.0
48,baseline_fixed,84,Abrupt,False,0.1042
48,baseline_fixed,85,Progressive,False,0.0
48,baseline_fixed,86,Abrupt,False,0.5208
48,baseline_fixed,87,Progressive,False,0.0
48,baseline_fixed,88,Abrupt,False,0.0
48,baseline_fixed,89,Progressive,False,0.0
48,baseline_fixed,90,Abrupt,False,0.8333
48,baseline_fixed,91,Abrupt,False,0.5208
48,baseline_fixed,92,Progressive,False,0.0
48,baseline_fixed,93,Abrupt,False,0.0
48,baseline_fixed,94,Progressive,False,0.0
48,baseline_fixed,95,Abrupt,False,1.0417
48,baseline_fixed,96,Progressive,False,0.0
48,baseline_fixed,97,Progressive,False,0.0
48,baseline_fixed,98,Abrupt,False,0.0
48,baseline_fixed,99,Progressive,False,0.1042
48,baseline_fixed,100,Abrupt,False,0.1042
48,baseline_fixed,101,Progressive,False,0.0
48,baseline_fixed,102,Abrupt,False,0.4167
48,baseline_fixed,103,Progressive,False,0.0
48,baseline_fixed,104,Progressive,False,0.0
48,baseline_fixed,105,Progressive,False,0.0
48,baseline_fixed,106,Abrupt,False,0.1042
48,baseline_fixed,107,Abrupt,False,0.5208
48,baseline_fixed,108,Progressive,False,0.0
48,baseline_fixed,109,Abrupt,False,1.0417
48,baseline_fixed,110,Progressive,False,0.0
48,baseline_fixed,111,Progressive,False,0.0
48,baseline_fixed,112,Progressive,False,0.0
48,baseline_fixed,113,Progressive,False,0.1042
48,baseline_fixed,114,Progressive,False,0.0
48,baseline_fixed,115,Progressive,False,0.0
48,baseline_fixed,116,Progressive,False,0.0
48,baseline_fixed,117,Progressive,False,0.0
48,baseline_fixed,118,Abrupt,False,0.8333
48,baseline_fixed,119,Progressive,False,0.0
48,baseline_hybrid,0,Abrupt,False,0.1042
48,baseline_hybrid,1,Abrupt,False,0.7292
48,baseline_hybrid,2,Abrupt,False,0.8333
48,baseline_hybrid,3,Abrupt,False,0.1042
48,baseline_hybrid,4,Progressive,False,0.0
48,baseline_hybrid,5,Abrupt,False,0.1042
48,baseline_hybrid,6,Progressive,False,0.0
48,baseline_hybrid,7,Progressive,False,0.625
48,baseline_hybrid,8,Abrupt,False,0.0
48,baseline_hybrid,9,Abrupt,False,0.4167
48,baseline_hybrid,10,Progressive,False,0.0
48,baseline_hybrid,11,Progressive,False,0.0
48,baseline_hybrid,12,Progressive,False,0.3125
48,baseline_hybrid,13,Abrupt,False,0.1042
48,baseline_hybrid,14,Abrupt,False,0.8333
48,baseline_hybrid,15,Abrupt,False,0.1042
48,baseline_hybrid,16,Progressive,False,0.0
48,baseline_hybrid,17,Progressive,False,0.0
48,baseline_hybrid,18,Progressive,False,0.0
48,baseline_hybrid,19,Progressive,False,0.0
48,baseline_hybrid,20,Progressive,False,0.0
48,baseline_hybrid,21,Abrupt,False,0.1042
48,baseline_hybrid,22,Progressive,False,0.1042
48,baseline_hybrid,23,Progressive,False,0.0
48,baseline_hybrid,24,Abrupt,False,0.5208
48,baseline_hybrid,25,Progressive,False,0.0
48,baseline_hybrid,26,Progressive,False,0.0
48,baseline_hybrid,27,Abrupt,False,0.1042
48,baseline_hybrid,28,Abrupt,False,1.1458
48,baseline_hybrid,29,Progressive,False,0.0
48,baseline_hybrid,30,Abrupt,False,0.4167
48,baseline_hybrid,31,Progressive,False,0.0
48,baseline_hybrid,32,Progressive,False,0.0
48,baseline_hybrid,33,Progressive,False,0.625
48,baseline_hybrid,34,Progressive,False,0.0
48,baseline_hybrid,35,Progressive,False,0.0
48,baseline_hybrid,36,Progressive,False,0.0
48,baseline_hybrid,37,Abrupt,False,0.5208
48,baseline_hybrid,38,Progressive,False,0.0
48,baseline_hybrid,39,Abrupt,False,0.0
48,baseline_hybrid,40,Progressive,False,0.0
48,baseline_hybrid,41,Progressive,False,0.4167
48,baseline_hybrid,42,Progressive,False,0.0
48,baseline_hybrid,43,Abrupt,False,0.1042
48,baseline_hybrid,44,Progressive,False,0.0
48,baseline_hybrid,45,Progressive,False,0.0
48,baseline_hybrid,46,Progressive,False,0.0
48,baseline_hybrid,47,Progressive,False,0.0
48,baseline_hybrid,48,Progressive,False,0.0
48,baseline_hybrid,49,Abrupt,False,0.9375
48,baseline_hybrid,50,Abrupt,False,0.1042
48,baseline_hybrid,51,Abrupt,False,0.5208
48,baseline_hybrid,52,Progressive,False,0.0
48,baseline_hybrid,53,Abrupt,False,1.4583
48,baseline_hybrid,54,Progressive,False,0.0
48,baseline_hybrid,55,Progressive,False,1.0417
48,baseline_hybrid,56,Progressive,False,0.1042
48,baseline_hybrid,57,Progressive,False,0.0
48,baseline_hybrid,58,Progressive,False,0.0
48,baseline_hybrid,59,Abrupt,False,0.1042
48,baseline_hybrid,60,Progressive,False,0.0
48,baseline_hybrid,61,Abrupt,False,0.8333
48,baseline_hybrid,62,Abrupt,False,0.1042
48,baseline_hybrid,63,Progressive,False,0.0
48,baseline_hybrid,64,Progressive,False,0.1042
48,baseline_hybrid,65,Progressive,False,0.0
48,baseline_hybrid,66,Progressive,False,0.0
48,baseline_hybrid,67,Progressive,False,0.0
48,baseline_hybrid,68,Abrupt,False,0.7292
48,baseline_hybrid,69,Progressive,True,10.0
48,baseline_hybrid,70,Progressive,False,0.0
48,baseline_hybrid,71,Abrupt,False,0.1042
48,baseline_hybrid,72,Abrupt,True,10.0
48,baseline_hybrid,73,Abrupt,False,0.0
48,baseline_hybrid,74,Progressive,False,0.0
48,baseline_hybrid,75,Progressive,False,0.0
48,baseline_hybrid,76,Progressive,False,0.0
48,baseline_hybrid,77,Abrupt,False,0.5208
48,baseline_hybrid,78,Progressive,False,0.0
48,baseline_hybrid,79,Abrupt,False,0.8333
48,baseline_hybrid,80,Abrupt,False,0.0
48,baseline_hybrid,81,Abrupt,False,0.625
48,baseline_hybrid,82,Abrupt,False,0.1042
48,baseline_hybrid,83,Progressive,False,0.0
48,baseline_hybrid,84,Abrupt,False,0.1042
48,baseline_hybrid,85,Progressive,False,0.1042
48,baseline_hybrid,86,Abrupt,False,0.5208
48,baseline_hybrid,87,Progressive,False,0.0
48,baseline_hybrid,88,Abrupt,False,0.0
48,baseline_hybrid,89,Progressive,False,0.0
48,baseline_hybrid,90,Abrupt,False,0.8333
48,baseline_hybrid,91,Abrupt,False,0.5208
48,baseline_hybrid,92,Progressive,False,0.0
48,baseline_hybrid,93,Abrupt,False,0.0
48,baseline_hybrid,94,Progressive,False,0.0
48,baseline_hybrid,95,Abrupt,False,1.0417
48,baseline_hybrid,96,Progressive,False,0.0
48,baseline_hybrid,97,Progressive,False,0.3125
48,baseline_hybrid,98,Abrupt,False,0.0
48,baseline_hybrid,99,Progressive,False,0.1042
48,baseline_hybrid,100,Abrupt,False,0.1042
48,baseline_hybrid,101,Progressive,False,0.0
48,baseline_hybrid,102,Abrupt,False,0.4167
48,baseline_hybrid,103,Progressive,False,0.0
48,baseline_hybrid,104,Progressive,False,0.0
48,baseline_hybrid,105,Progressive,False,0.0
48,baseline_hybrid,106,Abrupt,False,0.1042
48,baseline_hybrid,107,Abrupt,False,0.5208
48,baseline_hybrid,108,Progressive,False,0.0
48,baseline_hybrid,109,Abrupt,False,1.0417
48,baseline_hybrid,110,Progressive,False,0.0
48,baseline_hybrid,111,Progressive,False,0.0
48,baseline_hybrid,112,Progressive,False,0.0
48,baseline_hybrid,113,Progressive,False,0.5208
48,baseline_hybrid,114,Progressive,False,0.0
48,baseline_hybrid,115,Progressive,False,0.0
48,baseline_hybrid,116,Progressive,False,0.0
48,baseline_hybrid,117,Progressive,False,0.0
48,baseline_hybrid,118,Abrupt,False,0.8333
48,baseline_hybrid,119,Progressive,False,0.0
48,aftkd_fixed,0,Abrupt,False,0.0
48,aftkd_fixed,1,Abrupt,False,0.0
48,aftkd_fixed,2,Abrupt,False,0.0
48,aftkd_fixed,3,Abrupt,False,0.0
48,aftkd_fixed,4,Progressive,False,0.0
48,aftkd_fixed,5,Abrupt,False,0.0
48,aftkd_fixed,6,Progressive,False,0.0
48,aftkd_fixed,7,Progressive,False,0.1042
48,aftkd_fixed,8,Abrupt,False,0.0
48,aftkd_fixed,9,Abrupt,False,0.0
48,aftkd_fixed,10,Progressive,False,0.1042
48,aftkd_fixed,11,Progressive,False,0.1042
48,aftkd_fixed,12,Progressive,False,0.0
48,aftkd_fixed,13,Abrupt,False,0.0
48,aftkd_fixed,14,Abrupt,False,0.0
48,aftkd_fixed,15,Abrupt,False,0.0
48,aftkd_fixed,16,Progressive,False,0.0
48,aftkd_fixed,17,Progressive,False,0.3125
48,aftkd_fixed,18,Progressive,False,0.0
48,aftkd_fixed,19,Progressive,False,0.1042
48,aftkd_fixed,20,Progressive,False,0.2083
48,aftkd_fixed,21,Abrupt,False,0.0
48,aftkd_fixed,22,Progressive,False,0.0
48,aftkd_fixed,23,Progressive,False,0.0
48,aftkd_fixed,24,Abrupt,False,0.0
48,aftkd_fixed,25,Progressive,False,0.0
48,aftkd_fixed,26,Progressive,False,0.0
48,aftkd_fixed,27,Abrupt,False,0.0
48,aftkd_fixed,28,Abrupt,False,2.1875
48,aftkd_fixed,29,Progressive,False,0.0
48,aftkd_fixed,30,Abrupt,False,0.4167
48,aftkd_fixed,31,Progressive,False,0.0
48,aftkd_fixed,32,Progressive,False,0.0
48,aftkd_fixed,33,Progressive,False,0.3125
48,aftkd_fixed,34,Progressive,False,0.0
48,aftkd_fixed,35,Progressive,False,0.0
48,aftkd_fixed,36,Progressive,False,0.2083
48,aftkd_fixed,37,Abrupt,False,0.0
48,aftkd_fixed,38,Progressive,False,0.0
48,aftkd_fixed,39,Abrupt,False,0.0
48,aftkd_fixed,40,Progressive,False,0.0
48,aftkd_fixed,41,Progressive,False,0.0
48,aftkd_fixed,42,Progressive,False,0.0
48,aftkd_fixed,43,Abrupt,False,0.0
48,aftkd_fixed,44,Progressive,False,0.1042
48,aftkd_fixed,45,Progressive,False,0.0
48,aftkd_fixed,46,Progressive,False,0.0
48,aftkd_fixed,47,Progressive,False,0.2083
48,aftkd_fixed,48,Progressive,False,0.0
48,aftkd_fixed,49,Abrupt,False,0.0
48,aftkd_fixed,50,Abrupt,False,0.0
48,aftkd_fixed,51,Abrupt,False,0.0
48,aftkd_fixed,52,Progressive,False,0.0
48,aftkd_fixed,53,Abrupt,False,0.0
48,aftkd_fixed,54,Progressive,False,0.0
48,aftkd_fixed,55,Progressive,False,0.0
48,aftkd_fixed,56,Progressive,False,0.5208
48,aftkd_fixed,57,Progressive,False,0.0
48,aftkd_fixed,58,Progressive,False,0.0
48,aftkd_fixed,59,Abrupt,False,0.0
48,aftkd_fixed,60,Progressive,False,0.0
48,aftkd_fixed,61,Abrupt,False,0.0
48,aftkd_fixed,62,Abrupt,False,0.0
48,aftkd_fixed,63,Progressive,False,0.0
48,aftkd_fixed,64,Progressive,False,0.0
48,aftkd_fixed,65,Progressive,False,0.0
48,aftkd_fixed,66,Progressive,False,0.0
48,aftkd_fixed,67,Progressive,False,0.1042
48,aftkd_fixed,68,Abrupt,False,0.0
48,aftkd_fixed,69,Progressive,False,0.0
48,aftkd_fixed,70,Progressive,False,0.0
48,aftkd_fixed,71,Abrupt,False,0.0
48,aftkd_fixed,72,Abrupt,False,0.0
48,aftkd_fixed,73,Abrupt,False,0.0
48,aftkd_fixed,74,Progressive,False,0.0
48,aftkd_fixed,75,Progressive,False,0.1042
48,aftkd_fixed,76,Progressive,False,0.0
48,aftkd_fixed,77,Abrupt,False,0.0
48,aftkd_fixed,78,Progressive,False,0.0
48,aftkd_fixed,79,Abrupt,False,0.0
48,aftkd_fixed,80,Abrupt,False,0.0
48,aftkd_fixed,81,Abrupt,False,0.0
48,aftkd_fixed,82,Abrupt,False,0.0
48,aftkd_fixed,83,Progressive,False,0.0
48,aftkd_fixed,84,Abrupt,False,0.0
48,aftkd_fixed,85,Progressive,False,0.0
48,aftkd_fixed,86,Abrupt,False,0.0
48,aftkd_fixed,87,Progressive,False,0.0
48,aftkd_fixed,88,Abrupt,False,0.0
48,aftkd_fixed,89,Progressive,False,0.1042
48,aftkd_fixed,90,Abrupt,False,0.0
48,aftkd_fixed,91,Abrupt,False,0.0
48,aftkd_fixed,92,Progressive,False,0.0
48,aftkd_fixed,93,Abrupt,False,0.0
48,aftkd_fixed,94,Progressive,False,0.0
48,aftkd_fixed,95,Abrupt,False,0.0
48,aftkd_fixed,96,Progressive,False,0.0
48,aftkd_fixed,97,Progressive,False,0.0
48,aftkd_fixed,98,Abrupt,False,0.0
48,aftkd_fixed,99,Progressive,False,0.4167
48,aftkd_fixed,100,Abrupt,False,0.0
48,aftkd_fixed,101,Progressive,False,0.0
48,aftkd_fixed,102,Abrupt,False,0.0
48,aftkd_fixed,103,Progressive,False,0.0
48,aftkd_fixed,104,Progressive,False,0.0
48,aftkd_fixed,105,Progressive,False,0.0
48,aftkd_fixed,106,Abrupt,False,0.0
48,aftkd_fixed,107,Abrupt,False,0.0
48,aftkd_fixed,108,Progressive,False,0.0
48,aftkd_fixed,109,Abrupt,False,0.0
48,aftkd_fixed,110,Progressive,False,0.0
48,aftkd_fixed,111,Progressive,False,0.0
48,aftkd_fixed,112,Progressive,False,0.0
48,aftkd_fixed,113,Progressive,False,0.2083
48,aftkd_fixed,114,Progressive,False,0.0
48,aftkd_fixed,115,Progressive,False,0.2083
48,aftkd_fixed,116,Progressive,False,0.0
48,aftkd_fixed,117,Progressive,False,0.4167
48,aftkd_fixed,118,Abrupt,False,0.0
48,aftkd_fixed,119,Progressive,False,0.0
48,aftkd_hybrid,0,Abrupt,False,0.0
48,aftkd_hybrid,1,Abrupt,False,0.0
48,aftkd_hybrid,2,Abrupt,False,0.0
48,aftkd_hybrid,3,Abrupt,False,0.0
48,aftkd_hybrid,4,Progressive,False,0.0
48,aftkd_hybrid,5,Abrupt,False,0.1042
48,aftkd_hybrid,6,Progressive,False,0.0
48,aftkd_hybrid,7,Progressive,False,0.1042
48,aftkd_hybrid,8,Abrupt,False,0.0
48,aftkd_hybrid,9,Abrupt,False,0.0
48,aftkd_hybrid,10,Progressive,False,0.1042
48,aftkd_hybrid,11,Progressive,False,0.1042
48,aftkd_hybrid,12,Progressive,False,0.0
48,aftkd_hybrid,13,Abrupt,False,0.0
48,aftkd_hybrid,14,Abrupt,False,0.0
48,aftkd_hybrid,15,Abrupt,False,0.0
48,aftkd_hybrid,16,Progressive,False,0.0
48,aftkd_hybrid,17,Progressive,False,0.3125
48,aftkd_hybrid,18,Progressive,False,0.0
48,aftkd_hybrid,19,Progressive,False,0.1042
48,aftkd_hybrid,20,Progressive,False,0.2083
48,aftkd_hybrid,21,Abrupt,False,0.0
48,aftkd_hybrid,22,Progressive,False,0.0
48,aftkd_hybrid,23,Progressive,False,0.0
48,aftkd_hybrid,24,Abrupt,False,0.0
48,aftkd_hybrid,25,Progressive,False,0.0
48,aftkd_hybrid,26,Progressive,False,0.0
48,aftkd_hybrid,27,Abrupt,False,0.0
48,aftkd_hybrid,28,Abrupt,False,2.1875
48,aftkd_hybrid,29,Progressive,False,0.0
48,aftkd_hybrid,30,Abrupt,False,0.4167
48,aftkd_hybrid,31,Progressive,False,0.0
48,aftkd_hybrid,32,Progressive,False,0.0
48,aftkd_hybrid,33,Progressive,False,0.3125
48,aftkd_hybrid,34,Progressive,False,0.0
48,aftkd_hybrid,35,Progressive,False,0.0
48,aftkd_hybrid,36,Progressive,False,0.2083
48,aftkd_hybrid,37,Abrupt,False,0.0
48,aftkd_hybrid,38,Progressive,False,0.0
48,aftkd_hybrid,39,Abrupt,False,0.0
48,aftkd_hybrid,40,Progressive,False,0.0
48,aftkd_hybrid,41,Progressive,False,0.0
48,aftkd_hybrid,42,Progressive,False,0.0
48,aftkd_hybrid,43,Abrupt,False,0.0
48,aftkd_hybrid,44,Progressive,False,0.1042
48,aftkd_hybrid,45,Progressive,False,0.0
48,aftkd_hybrid,46,Progressive,False,0.0
48,aftkd_hybrid,47,Progressive,False,0.2083
48,aftkd_hybrid,48,Progressive,False,0.0
48,aftkd_hybrid,49,Abrupt,False,0.0
48,aftkd_hybrid,50,Abrupt,False,0.0
48,aftkd_hybrid,51,Abrupt,False,0.0
48,aftkd_hybrid,52,Progressive,False,0.0
48,aftkd_hybrid,53,Abrupt,False,0.0
48,aftkd_hybrid,54,Progressive,False,0.0
48,aftkd_hybrid,55,Progressive,False,0.0
48,aftkd_hybrid,56,Progressive,False,0.5208
48,aftkd_hybrid,57,Progressive,False,0.0
48,aftkd_hybrid,58,Progressive,False,0.0
48,aftkd_hybrid,59,Abrupt,False,0.0
48,aftkd_hybrid,60,Progressive,False,0.0
48,aftkd_hybrid,61,Abrupt,False,0.0
48,aftkd_hybrid,62,Abrupt,False,0.0
48,aftkd_hybrid,63,Progressive,False,0.0
48,aftkd_hybrid,64,Progressive,False,0.0
48,aftkd_hybrid,65,Progressive,False,0.0
48,aftkd_hybrid,66,Progressive,False,0.0
48,aftkd_hybrid,67,Progressive,False,0.1042
48,aftkd_hybrid,68,Abrupt,False,0.0
48,aftkd_hybrid,69,Progressive,False,0.0
48,aftkd_hybrid,70,Progressive,False,0.0
48,aftkd_hybrid,71,Abrupt,False,0.0
48,aftkd_hybrid,72,Abrupt,False,0.0
48,aftkd_hybrid,73,Abrupt,False,0.0
48,aftkd_hybrid,74,Progressive,False,0.0
48,aftkd_hybrid,75,Progressive,False,0.1042
48,aftkd_hybrid,76,Progressive,False,0.0
48,aftkd_hybrid,77,Abrupt,False,0.0
48,aftkd_hybrid,78,Progressive,False,0.0
48,aftkd_hybrid,79,Abrupt,False,0.0
48,aftkd_hybrid,80,Abrupt,False,0.0
48,aftkd_hybrid,81,Abrupt,False,0.0
48,aftkd_hybrid,82,Abrupt,False,0.0
48,aftkd_hybrid,83,Progressive,False,0.0
48,aftkd_hybrid,84,Abrupt,False,0.0
48,aftkd_hybrid,85,Progressive,False,0.1042
48,aftkd_hybrid,86,Abrupt,False,0.0
48,aftkd_hybrid,87,Progressive,False,0.0
48,aftkd_hybrid,88,Abrupt,False,0.0
48,aftkd_hybrid,89,Progressive,False,0.1042
48,aftkd_hybrid,90,Abrupt,False,0.0
48,aftkd_hybrid,91,Abrupt,False,0.0
48,aftkd_hybrid,92,Progressive,False,0.0
48,aftkd_hybrid,93,Abrupt,False,0.0
48,aftkd_hybrid,94,Progressive,False,0.0
48,aftkd_hybrid,95,Abrupt,False,0.0
48,aftkd_hybrid,96,Progressive,False,0.0
48,aftkd_hybrid,97,Progressive,False,0.0
48,aftkd_hybrid,98,Abrupt,False,0.0
48,aftkd_hybrid,99,Progressive,False,0.4167
48,aftkd_hybrid,100,Abrupt,False,0.1042
48,aftkd_hybrid,101,Progressive,False,0.0
48,aftkd_hybrid,102,Abrupt,False,0.0
48,aftkd_hybrid,103,Progressive,False,0.0
48,aftkd_hybrid,104,Progressive,False,0.0
48,aftkd_hybrid,105,Progressive,False,0.0
48,aftkd_hybrid,106,Abrupt,False,0.0
48,aftkd_hybrid,107,Abrupt,False,0.0
48,aftkd_hybrid,108,Progressive,False,0.0
48,aftkd_hybrid,109,Abrupt,False,0.1042
48,aftkd_hybrid,110,Progressive,False,0.0
48,aftkd_hybrid,111,Progressive,False,0.0
48,aftkd_hybrid,112,Progressive,False,0.0
48,aftkd_hybrid,113,Progressive,False,0.2083
48,aftkd_hybrid,114,Progressive,False,0.0
48,aftkd_hybrid,115,Progressive,False,0.2083
48,aftkd_hybrid,116,Progressive,False,0.0
48,aftkd_hybrid,117,Progressive,False,0.4167
48,aftkd_hybrid,118,Abrupt,False,0.0
48,aftkd_hybrid,119,Progressive,False,0.0
49,baseline_fixed,0,Progressive,False,0.0
49,baseline_fixed,1,Progressive,False,0.0
49,baseline_fixed,2,Abrupt,False,0.625
49,baseline_fixed,3,Abrupt,True,10.0
49,baseline_fixed,4,Progressive,False,0.0
49,baseline_fixed,5,Progressive,False,0.0
49,baseline_fixed,6,Abrupt,False,1.25
49,baseline_fixed,7,Progressive,False,0.0
49,baseline_fixed,8,Progressive,False,0.0
49,baseline_fixed,9,Abrupt,False,1.1458
49,baseline_fixed,10,Progressive,False,0.1042
49,baseline_fixed,11,Abrupt,True,10.0
49,baseline_fixed,12,Progressive,False,0.0
49,baseline_fixed,13,Progressive,False,0.0
49,baseline_fixed,14,Progressive,False,0.0
49,baseline_fixed,15,Abrupt,False,0.7292
49,baseline_fixed,16,Progressive,False,0.0
49,baseline_fixed,17,Progressive,False,0.0
49,baseline_fixed,18,Progressive,False,0.0
49,baseline_fixed,19,Progressive,False,0.0
49,baseline_fixed,20,Progressive,False,0.0
49,baseline_fixed,21,Abrupt,False,0.1042
49,baseline_fixed,22,Progressive,False,0.0
49,baseline_fixed,23,Abrupt,False,0.7292
49,baseline_fixed,24,Progressive,False,0.0
49,baseline_fixed,25,Abrupt,False,1.1458
49,baseline_fixed,26,Abrupt,False,0.625
49,baseline_fixed,27,Abrupt,False,0.0
49,baseline_fixed,28,Abrupt,False,0.625
49,baseline_fixed,29,Abrupt,False,1.25
49,baseline_fixed,30,Abrupt,False,0.625
49,baseline_fixed,31,Abrupt,True,10.0
49,baseline_fixed,32,Progressive,False,0.0
49,baseline_fixed,33,Progressive,False,0.0
49,baseline_fixed,34,Progressive,False,0.0
49,baseline_fixed,35,Progressive,False,0.0
49,baseline_fixed,36,Progressive,False,0.0
49,baseline_fixed,37,Progressive,False,0.0
49,baseline_fixed,38,Progressive,False,0.0
49,baseline_fixed,39,Progressive,False,0.0
49,baseline_fixed,40,Abrupt,False,0.1042
49,baseline_fixed,41,Progressive,False,0.0
49,baseline_fixed,42,Progressive,False,0.0
49,baseline_fixed,43,Progressive,False,0.0
49,baseline_fixed,44,Progressive,False,0.0
49,baseline_fixed,45,Progressive,False,0.0
49,baseline_fixed,46,Progressive,False,0.0
49,baseline_fixed,47,Abrupt,False,1.3542
49,baseline_fixed,48,Progressive,False,0.0
49,baseline_fixed,49,Abrupt,False,0.625
49,baseline_fixed,50,Abrupt,False,1.0417
49,baseline_fixed,51,Progressive,False,0.0
49,baseline_fixed,52,Progressive,False,0.0
49,baseline_fixed,53,Abrupt,False,0.2083
49,baseline_fixed,54,Progressive,False,0.0
49,baseline_fixed,55,Progressive,False,0.0
49,baseline_fixed,56,Abrupt,False,0.625
49,baseline_fixed,57,Abrupt,False,0.2083
49,baseline_fixed,58,Progressive,False,0.0
49,baseline_fixed,59,Abrupt,False,1.1458
49,baseline_fixed,60,Abrupt,False,0.1042
49,baseline_fixed,61,Progressive,False,0.3125
49,baseline_fixed,62,Progressive,False,0.1042
49,baseline_fixed,63,Progressive,False,0.0
49,baseline_fixed,64,Progressive,False,0.0
49,baseline_fixed,65,Abrupt,False,1.1458
49,baseline_fixed,66,Progressive,False,0.0
49,baseline_fixed,67,Abrupt,False,1.25
49,baseline_fixed,68,Progressive,False,0.0
49,baseline_fixed,69,Progressive,False,0.0
49,baseline_fixed,70,Progressive,False,0.0
49,baseline_fixed,71,Progressive,False,0.0
49,baseline_fixed,72,Abrupt,True,10.0
49,baseline_fixed,73,Progressive,False,0.0
49,baseline_fixed,74,Progressive,False,0.0
49,baseline_fixed,75,Abrupt,True,10.0
49,baseline_fixed,76,Abrupt,False,0.625
49,baseline_fixed,77,Progressive,False,0.0
49,baseline_fixed,78,Abrupt,False,0.2083
49,baseline_fixed,79,Abrupt,True,10.0
49,baseline_fixed,80,Progressive,False,0.0
49,baseline_fixed,81,Progressive,False,0.1042
49,baseline_fixed,82,Progressive,False,0.0
49,baseline_fixed,83,Abrupt,False,1.25
49,baseline_fixed,84,Progressive,False,0.0
49,baseline_fixed,85,Abrupt,False,1.1458
49,baseline_fixed,86,Progressive,False,0.1042
49,baseline_fixed,87,Progressive,False,0.0
49,baseline_fixed,88,Progressive,False,0.0
49,baseline_fixed,89,Abrupt,False,0.625
49,baseline_fixed,90,Abrupt,False,0.625
49,baseline_fixed,91,Abrupt,True,10.0
49,baseline_fixed,92,Progressive,False,0.0
49,baseline_fixed,93,Progressive,False,0.2083
49,baseline_fixed,94,Abrupt,False,0.2083
49,baseline_fixed,95,Progressive,False,0.0
49,baseline_fixed,96,Abrupt,False,0.2083
49,baseline_fixed,97,Progressive,False,0.0
49,baseline_fixed,98,Progressive,False,0.0
49,baseline_fixed,99,Abrupt,False,1.25
49,baseline_fixed,100,Progressive,False,0.4167
49,baseline_fixed,101,Progressive,False,0.0
49,baseline_fixed,102,Abrupt,False,0.2083
49,baseline_fixed,103,Progressive,False,0.0
49,baseline_fixed,104,Progressive,False,0.0
49,baseline_fixed,105,Progressive,False,0.0
49,baseline_fixed,106,Progressive,False,0.0
49,baseline_fixed,107,Progressive,False,0.0
49,baseline_fixed,108,Abrupt,False,0.7292
49,baseline_fixed,109,Progressive,False,0.0
49,baseline_fixed,110,Abrupt,False,1.25
49,baseline_fixed,111,Progressive,False,0.0
49,baseline_fixed,112,Abrupt,True,10.0
49,baseline_fixed,113,Progressive,False,0.0
49,baseline_fixed,114,Abrupt,False,0.625
49,baseline_fixed,115,Abrupt,True,10.0
49,baseline_fixed,116,Abrupt,False,0.2083
49,baseline_fixed,117,Progressive,False,0.0
49,baseline_fixed,118,Abrupt,False,0.1042
49,baseline_fixed,119,Abrupt,False,1.25
49,baseline_hybrid,0,Progressive,False,0.0
49,baseline_hybrid,1,Progressive,False,0.1042
49,baseline_hybrid,2,Abrupt,False,0.625
49,baseline_hybrid,3,Abrupt,True,10.0
49,baseline_hybrid,4,Progressive,False,0.0
49,baseline_hybrid,5,Progressive,False,0.0
49,baseline_hybrid,6,Abrupt,False,1.25
49,baseline_hybrid,7,Progressive,False,0.0
49,baseline_hybrid,8,Progressive,False,0.0
49,baseline_hybrid,9,Abrupt,False,1.1458
49,baseline_hybrid,10,Progressive,False,0.1042
49,baseline_hybrid,11,Abrupt,True,10.0
49,baseline_hybrid,12,Progressive,False,0.0
49,baseline_hybrid,13,Progressive,False,0.0
49,baseline_hybrid,14,Progressive,False,0.0
49,baseline_hybrid,15,Abrupt,False,0.7292
49,baseline_hybrid,16,Progressive,False,0.0
49,baseline_hybrid,17,Progressive,False,0.0
49,baseline_hybrid,18,Progressive,False,0.0
49,baseline_hybrid,19,Progressive,False,0.0
49,baseline_hybrid,20,Progressive,False,0.0
49,baseline_hybrid,21,Abrupt,False,0.1042
49,baseline_hybrid,22,Progressive,False,0.0
49,baseline_hybrid,23,Abrupt,False,0.7292
49,baseline_hybrid,24,Progressive,False,0.0
49,baseline_hybrid,25,Abrupt,False,1.1458
49,baseline_hybrid,26,Abrupt,False,0.625
49,baseline_hybrid,27,Abrupt,False,0.0
49,baseline_hybrid,28,Abrupt,False,0.625
49,baseline_hybrid,29,Abrupt,False,1.25
49,baseline_hybrid,30,Abrupt,False,0.625
49,baseline_hybrid,31,Abrupt,True,10.0
49,baseline_hybrid,32,Progressive,False,0.0
49,baseline_hybrid,33,Progressive,False,0.0
49,baseline_hybrid,34,Progressive,False,0.2083
49,baseline_hybrid,35,Progressive,False,0.0
49,baseline_hybrid,36,Progressive,False,0.0
49,baseline_hybrid,37,Progressive,False,0.4167
49,baseline_hybrid,38,Progressive,False,0.0
49,baseline_hybrid,39,Progressive,False,0.0
49,baseline_hybrid,40,Abrupt,False,0.1042
49,baseline_hybrid,41,Progressive,False,0.0
49,baseline_hybrid,42,Progressive,False,0.0
49,baseline_hybrid,43,Progressive,False,0.0
49,baseline_hybrid,44,Progressive,False,0.0
49,baseline_hybrid,45,Progressive,False,0.7292
49,baseline_hybrid,46,Progressive,False,0.0
49,baseline_hybrid,47,Abrupt,False,1.3542
49,baseline_hybrid,48,Progressive,False,0.0
49,baseline_hybrid,49,Abrupt,False,0.625
49,baseline_hybrid,50,Abrupt,False,1.4583
49,baseline_hybrid,51,Progressive,False,0.0
49,baseline_hybrid,52,Progressive,False,0.5208
49,baseline_hybrid,53,Abrupt,False,0.2083
49,baseline_hybrid,54,Progressive,False,0.0
49,baseline_hybrid,55,Progressive,False,0.0
49,baseline_hybrid,56,Abrupt,False,0.625
49,baseline_hybrid,57,Abrupt,False,0.2083
49,baseline_hybrid,58,Progressive,False,0.0
49,baseline_hybrid,59,Abrupt,False,1.1458
49,baseline_hybrid,60,Abrupt,False,0.1042
49,baseline_hybrid,61,Progressive,False,0.3125
49,baseline_hybrid,62,Progressive,False,0.1042
49,baseline_hybrid,63,Progressive,False,0.0
49,baseline_hybrid,64,Progressive,False,0.0
49,baseline_hybrid,65,Abrupt,False,1.1458
49,baseline_hybrid,66,Progressive,False,0.1042
49,baseline_hybrid,67,Abrupt,False,1.25
49,baseline_hybrid,68,Progressive,False,0.0
49,baseline_hybrid,69,Progressive,False,0.0
49,baseline_hybrid,70,Progressive,False,0.4167
49,baseline_hybrid,71,Progressive,False,0.2083
49,baseline_hybrid,72,Abrupt,True,10.0
49,baseline_hybrid,73,Progressive,False,0.0
49,baseline_hybrid,74,Progressive,False,0.0
49,baseline_hybrid,75,Abrupt,True,10.0
49,baseline_hybrid,76,Abrupt,False,0.625
49,baseline_hybrid,77,Progressive,False,0.0
49,baseline_hybrid,78,Abrupt,False,0.2083
49,baseline_hybrid,79,Abrupt,True,10.0
49,baseline_hybrid,80,Progressive,False,0.0
49,baseline_hybrid,81,Progressive,False,0.1042
49,baseline_hybrid,82,Progressive,False,0.0
49,baseline_hybrid,83,Abrupt,False,1.25
49,baseline_hybrid,84,Progressive,False,0.0
49,baseline_hybrid,85,Abrupt,False,1.1458
49,baseline_hybrid,86,Progressive,False,0.1042
49,baseline_hybrid,87,Progressive,False,0.0
49,baseline_hybrid,88,Progressive,False,0.0
49,baseline_hybrid,89,Abrupt,False,0.625
49,baseline_hybrid,90,Abrupt,False,0.625
49,baseline_hybrid,91,Abrupt,True,10.0
49,baseline_hybrid,92,Progressive,False,0.0
49,baseline_hybrid,93,Progressive,False,0.5208
49,baseline_hybrid,94,Abrupt,False,0.2083
49,baseline_hybrid,95,Progressive,False,0.0
49,baseline_hybrid,96,Abrupt,False,0.2083
49,baseline_hybrid,97,Progressive,False,0.0
49,baseline_hybrid,98,Progressive,False,0.0
49,baseline_hybrid,99,Abrupt,False,1.25
49,baseline_hybrid,100,Progressive,False,0.5208
49,baseline_hybrid,101,Progressive,False,0.2083
49,baseline_hybrid,102,Abrupt,False,0.2083
49,baseline_hybrid,103,Progressive,False,0.0
49,baseline_hybrid,104,Progressive,False,0.0
49,baseline_hybrid,105,Progressive,False,0.0
49,baseline_hybrid,106,Progressive,False,0.0
49,baseline_hybrid,107,Progressive,False,0.0
49,baseline_hybrid,108,Abrupt,False,0.9375
49,baseline_hybrid,109,Progressive,False,0.0
49,baseline_hybrid,110,Abrupt,False,1.25
49,baseline_hybrid,111,Progressive,False,0.0
49,baseline_hybrid,112,Abrupt,True,10.0
49,baseline_hybrid,113,Progressive,False,0.0
49,baseline_hybrid,114,Abrupt,False,0.625
49,baseline_hybrid,115,Abrupt,True,10.0
49,baseline_hybrid,116,Abrupt,False,0.2083
49,baseline_hybrid,117,Progressive,False,0.0
49,baseline_hybrid,118,Abrupt,False,0.1042
49,baseline_hybrid,119,Abrupt,False,1.25
49,aftkd_fixed,0,Progressive,False,0.0
49,aftkd_fixed,1,Progressive,False,0.0
49,aftkd_fixed,2,Abrupt,False,0.3125
49,aftkd_fixed,3,Abrupt,False,0.1042
49,aftkd_fixed,4,Progressive,False,0.0
49,aftkd_fixed,5,Progressive,False,0.0
49,aftkd_fixed,6,Abrupt,False,0.2083
49,aftkd_fixed,7,Progressive,False,0.0
49,aftkd_fixed,8,Progressive,False,0.0
49,aftkd_fixed,9,Abrupt,False,0.0
49,aftkd_fixed,10,Progressive,False,0.0
49,aftkd_fixed,11,Abrupt,False,0.1042
49,aftkd_fixed,12,Progressive,False,0.0
49,aftkd_fixed,13,Progressive,False,0.0
49,aftkd_fixed,14,Progressive,False,0.0
49,aftkd_fixed,15,Abrupt,False,0.2083
49,aftkd_fixed,16,Progressive,False,0.0
49,aftkd_fixed,17,Progressive,False,0.0
49,aftkd_fixed,18,Progressive,False,0.0
49,aftkd_fixed,19,Progressive,False,0.0
49,aftkd_fixed,20,Progressive,False,0.0
49,aftkd_fixed,21,Abrupt,False,0.0
49,aftkd_fixed,22,Progressive,False,0.0
49,aftkd_fixed,23,Abrupt,False,0.3125
49,aftkd_fixed,24,Progressive,False,0.0
49,aftkd_fixed,25,Abrupt,False,1.25
49,aftkd_fixed,26,Abrupt,False,0.3125
49,aftkd_fixed,27,Abrupt,False,0.0
49,aftkd_fixed,28,Abrupt,False,0.3125
49,aftkd_fixed,29,Abrupt,False,0.0
49,aftkd_fixed,30,Abrupt,False,0.3125
49,aftkd_fixed,31,Abrupt,False,0.2083
49,aftkd_fixed,32,Progressive,False,0.0
49,aftkd_fixed,33,Progressive,False,0.0
49,aftkd_fixed,34,Progressive,False,0.0
49,aftkd_fixed,35,Progressive,False,0.0
49,aftkd_fixed,36,Progressive,False,0.0
49,aftkd_fixed,37,Progressive,False,0.0
49,aftkd_fixed,38,Progressive,False,0.0
49,aftkd_fixed,39,Progressive,False,0.0
49,aftkd_fixed,40,Abrupt,False,0.0
49,aftkd_fixed,41,Progressive,False,0.0
49,aftkd_fixed,42,Progressive,False,0.0
49,aftkd_fixed,43,Progressive,False,0.0
49,aftkd_fixed,44,Progressive,False,0.0
49,aftkd_fixed,45,Progressive,False,0.0
49,aftkd_fixed,46,Progressive,False,0.0
49,aftkd_fixed,47,Abrupt,False,0.1042
49,aftkd_fixed,48,Progressive,False,0.0
49,aftkd_fixed,49,Abrupt,False,0.4167
49,aftkd_fixed,50,Abrupt,False,0.0
49,aftkd_fixed,51,Progressive,False,0.0
49,aftkd_fixed,52,Progressive,False,0.0
49,aftkd_fixed,53,Abrupt,False,0.0
49,aftkd_fixed,54,Progressive,False,0.0
49,aftkd_fixed,55,Progressive,False,0.0
49,aftkd_fixed,56,Abrupt,False,0.4167
49,aftkd_fixed,57,Abrupt,False,0.0
49,aftkd_fixed,58,Progressive,False,0.0
49,aftkd_fixed,59,Abrupt,False,1.25
49,aftkd_fixed,60,Abrupt,False,0.0
49,aftkd_fixed,61,Progressive,False,0.0
49,aftkd_fixed,62,Progressive,False,0.0
49,aftkd_fixed,63,Progressive,False,0.0
49,aftkd_fixed,64,Progressive,False,0.0
49,aftkd_fixed,65,Abrupt,False,0.0
49,aftkd_fixed,66,Progressive,False,0.0
49,aftkd_fixed,67,Abrupt,False,0.0
49,aftkd_fixed,68,Progressive,False,0.0
49,aftkd_fixed,69,Progressive,False,0.0
49,aftkd_fixed,70,Progressive,False,0.0
49,aftkd_fixed,71,Progressive,False,0.0
49,aftkd_fixed,72,Abrupt,False,0.1042
49,aftkd_fixed,73,Progressive,False,0.0
49,aftkd_fixed,74,Progressive,False,0.0
49,aftkd_fixed,75,Abrupt,False,0.1042
49,aftkd_fixed,76,Abrupt,False,0.4167
49,aftkd_fixed,77,Progressive,False,0.0
49,aftkd_fixed,78,Abrupt,False,0.0
49,aftkd_fixed,79,Abrupt,False,0.2083
49,aftkd_fixed,80,Progressive,False,0.0
49,aftkd_fixed,81,Progressive,False,0.0
49,aftkd_fixed,82,Progressive,False,0.0
49,aftkd_fixed,83,Abrupt,False,0.1042
49,aftkd_fixed,84,Progressive,False,0.0
49,aftkd_fixed,85,Abrupt,False,0.0
49,aftkd_fixed,86,Progressive,False,0.0
49,aftkd_fixed,87,Progressive,False,0.0
49,aftkd_fixed,88,Progressive,False,0.0
49,aftkd_fixed,89,Abrupt,False,0.3125
49,aftkd_fixed,90,Abrupt,False,0.3125
49,aftkd_fixed,91,Abrupt,False,0.2083
49,aftkd_fixed,92,Progressive,False,0.0
49,aftkd_fixed,93,Progressive,False,0.0
49,aftkd_fixed,94,Abrupt,False,0.0
49,aftkd_fixed,95,Progressive,False,0.0
49,aftkd_fixed,96,Abrupt,False,0.0
49,aftkd_fixed,97,Progressive,False,0.0
49,aftkd_fixed,98,Progressive,False,0.0
49,aftkd_fixed,99,Abrupt,False,0.0
49,aftkd_fixed,100,Progressive,False,0.0
49,aftkd_fixed,101,Progressive,False,0.0
49,aftkd_fixed,102,Abrupt,False,0.0
49,aftkd_fixed,103,Progressive,False,0.0
49,aftkd_fixed,104,Progressive,False,0.0
49,aftkd_fixed,105,Progressive,False,0.0
49,aftkd_fixed,106,Progressive,False,0.0
49,aftkd_fixed,107,Progressive,False,0.0
49,aftkd_fixed,108,Abrupt,False,0.3125
49,aftkd_fixed,109,Progressive,False,0.0
49,aftkd_fixed,110,Abrupt,False,0.0
49,aftkd_fixed,111,Progressive,False,0.0
49,aftkd_fixed,112,Abrupt,False,0.1042
49,aftkd_fixed,113,Progressive,False,0.0
49,aftkd_fixed,114,Abrupt,False,0.4167
49,aftkd_fixed,115,Abrupt,False,1.3542
49,aftkd_fixed,116,Abrupt,False,0.0
49,aftkd_fixed,117,Progressive,False,0.0
49,aftkd_fixed,118,Abrupt,False,0.0
49,aftkd_fixed,119,Abrupt,False,0.0
49,aftkd_hybrid,0,Progressive,False,0.0
49,aftkd_hybrid,1,Progressive,False,0.0
49,aftkd_hybrid,2,Abrupt,False,0.3125
49,aftkd_hybrid,3,Abrupt,False,0.1042
49,aftkd_hybrid,4,Progressive,False,0.0
49,aftkd_hybrid,5,Progressive,False,0.0
49,aftkd_hybrid,6,Abrupt,False,0.2083
49,aftkd_hybrid,7,Progressive,False,0.0
49,aftkd_hybrid,8,Progressive,False,0.0
49,aftkd_hybrid,9,Abrupt,False,0.0
49,aftkd_hybrid,10,Progressive,False,0.0
49,aftkd_hybrid,11,Abrupt,False,0.1042
49,aftkd_hybrid,12,Progressive,False,0.0
49,aftkd_hybrid,13,Progressive,False,0.0
49,aftkd_hybrid,14,Progressive,False,0.0
49,aftkd_hybrid,15,Abrupt,False,0.2083
49,aftkd_hybrid,16,Progressive,False,0.0
49,aftkd_hybrid,17,Progressive,False,0.0
49,aftkd_hybrid,18,Progressive,False,0.0
49,aftkd_hybrid,19,Progressive,False,0.0
49,aftkd_hybrid,20,Progressive,False,0.0
49,aftkd_hybrid,21,Abrupt,False,0.0
49,aftkd_hybrid,22,Progressive,False,0.0
49,aftkd_hybrid,23,Abrupt,False,0.3125
49,aftkd_hybrid,24,Progressive,False,0.0
49,aftkd_hybrid,25,Abrupt,False,1.3542
49,aftkd_hybrid,26,Abrupt,False,0.3125
49,aftkd_hybrid,27,Abrupt,False,0.0
49,aftkd_hybrid,28,Abrupt,False,0.3125
49,aftkd_hybrid,29,Abrupt,False,0.0
49,aftkd_hybrid,30,Abrupt,False,0.3125
49,aftkd_hybrid,31,Abrupt,False,0.2083
49,aftkd_hybrid,32,Progressive,False,0.0
49,aftkd_hybrid,33,Progressive,False,0.0
49,aftkd_hybrid,34,Progressive,False,0.0
49,aftkd_hybrid,35,Progressive,False,0.0
49,aftkd_hybrid,36,Progressive,False,0.0
49,aftkd_hybrid,37,Progressive,False,0.4167
49,aftkd_hybrid,38,Progressive,False,0.0
49,aftkd_hybrid,39,Progressive,False,0.0
49,aftkd_hybrid,40,Abrupt,False,0.0
49,aftkd_hybrid,41,Progressive,False,0.0
49,aftkd_hybrid,42,Progressive,False,0.0
49,aftkd_hybrid,43,Progressive,False,0.0
49,aftkd_hybrid,44,Progressive,False,0.0
49,aftkd_hybrid,45,Progressive,False,0.7292
49,aftkd_hybrid,46,Progressive,False,0.0
49,aftkd_hybrid,47,Abrupt,False,0.1042
49,aftkd_hybrid,48,Progressive,False,0.0
49,aftkd_hybrid,49,Abrupt,False,0.4167
49,aftkd_hybrid,50,Abrupt,False,0.0
49,aftkd_hybrid,51,Progressive,False,0.0
49,aftkd_hybrid,52,Progressive,False,0.0
49,aftkd_hybrid,53,Abrupt,False,0.0
49,aftkd_hybrid,54,Progressive,False,0.0
49,aftkd_hybrid,55,Progressive,False,0.0
49,aftkd_hybrid,56,Abrupt,False,0.5208
49,aftkd_hybrid,57,Abrupt,False,0.0
49,aftkd_hybrid,58,Progressive,False,0.0
49,aftkd_hybrid,59,Abrupt,False,1.3542
49,aftkd_hybrid,60,Abrupt,False,0.0
49,aftkd_hybrid,61,Progressive,False,0.0
49,aftkd_hybrid,62,Progressive,False,0.0
49,aftkd_hybrid,63,Progressive,False,0.0
49,aftkd_hybrid,64,Progressive,False,0.0
49,aftkd_hybrid,65,Abrupt,False,0.0
49,aftkd_hybrid,66,Progressive,False,0.0
49,aftkd_hybrid,67,Abrupt,False,0.0
49,aftkd_hybrid,68,Progressive,False,0.0
49,aftkd_hybrid,69,Progressive,False,0.0
49,aftkd_hybrid,70,Progressive,False,0.0
49,aftkd_hybrid,71,Progressive,False,0.0
49,aftkd_hybrid,72,Abrupt,False,0.1042
49,aftkd_hybrid,73,Progressive,False,0.0
49,aftkd_hybrid,74,Progressive,False,0.0
49,aftkd_hybrid,75,Abrupt,False,0.1042
49,aftkd_hybrid,76,Abrupt,False,0.4167
49,aftkd_hybrid,77,Progressive,False,0.0
49,aftkd_hybrid,78,Abrupt,False,0.0
49,aftkd_hybrid,79,Abrupt,False,0.2083
49,aftkd_hybrid,80,Progressive,False,0.0
49,aftkd_hybrid,81,Progressive,False,0.1042
49,aftkd_hybrid,82,Progressive,False,0.0
49,aftkd_hybrid,83,Abrupt,False,0.1042
49,aftkd_hybrid,84,Progressive,False,0.0
49,aftkd_hybrid,85,Abrupt,False,0.0
49,aftkd_hybrid,86,Progressive,False,0.0
49,aftkd_hybrid,87,Progressive,False,0.0
49,aftkd_hybrid,88,Progressive,False,0.0
49,aftkd_hybrid,89,Abrupt,False,0.3125
49,aftkd_hybrid,90,Abrupt,False,0.3125
49,aftkd_hybrid,91,Abrupt,False,0.2083
49,aftkd_hybrid,92,Progressive,False,0.0
49,aftkd_hybrid,93,Progressive,False,0.0
49,aftkd_hybrid,94,Abrupt,False,0.0
49,aftkd_hybrid,95,Progressive,False,0.0
49,aftkd_hybrid,96,Abrupt,False,0.0
49,aftkd_hybrid,97,Progressive,False,0.0
49,aftkd_hybrid,98,Progressive,False,0.0
49,aftkd_hybrid,99,Abrupt,False,0.0
49,aftkd_hybrid,100,Progressive,False,0.0
49,aftkd_hybrid,101,Progressive,False,0.0
49,aftkd_hybrid,102,Abrupt,False,0.0
49,aftkd_hybrid,103,Progressive,False,0.0
49,aftkd_hybrid,104,Progressive,False,0.0
49,aftkd_hybrid,105,Progressive,False,0.0
49,aftkd_hybrid,106,Progressive,False,0.0
49,aftkd_hybrid,107,Progressive,False,0.0
49,aftkd_hybrid,108,Abrupt,False,0.9375
49,aftkd_hybrid,109,Progressive,False,0.0
49,aftkd_hybrid,110,Abrupt,False,0.0
49,aftkd_hybrid,111,Progressive,False,0.0
49,aftkd_hybrid,112,Abrupt,False,0.1042
49,aftkd_hybrid,113,Progressive,False,0.0
49,aftkd_hybrid,114,Abrupt,False,0.4167
49,aftkd_hybrid,115,Abrupt,False,1.6667
49,aftkd_hybrid,116,Abrupt,False,0.0
49,aftkd_hybrid,117,Progressive,False,0.0
49,aftkd_hybrid,118,Abrupt,False,0.0
49,aftkd_hybrid,119,Abrupt,False,0.0
50,baseline_fixed,0,Progressive,False,0.0
50,baseline_fixed,1,Abrupt,False,0.0
50,baseline_fixed,2,Progressive,False,0.0
50,baseline_fixed,3,Progressive,False,0.0
50,baseline_fixed,4,Progressive,False,0.0
50,baseline_fixed,5,Progressive,False,0.0
50,baseline_fixed,6,Abrupt,False,0.0
50,baseline_fixed,7,Progressive,False,0.0
50,baseline_fixed,8,Progressive,False,0.0
50,baseline_fixed,9,Progressive,False,0.0
50,baseline_fixed,10,Abrupt,False,0.0
50,baseline_fixed,11,Progressive,False,0.0
50,baseline_fixed,12,Progressive,False,0.1042
50,baseline_fixed,13,Progressive,False,0.2083
50,baseline_fixed,14,Abrupt,False,0.0
50,baseline_fixed,15,Progressive,False,0.0
50,baseline_fixed,16,Progressive,False,0.0
50,baseline_fixed,17,Abrupt,False,0.0
50,baseline_fixed,18,Progressive,False,0.0
50,baseline_fixed,19,Abrupt,False,0.0
50,baseline_fixed,20,Abrupt,False,0.0
50,baseline_fixed,21,Progressive,False,0.0
50,baseline_fixed,22,Progressive,False,0.0
50,baseline_fixed,23,Progressive,False,0.0
50,baseline_fixed,24,Progressive,False,0.0
50,baseline_fixed,25,Progressive,False,0.0
50,baseline_fixed,26,Abrupt,False,0.0
50,baseline_fixed,27,Progressive,False,0.0
50,baseline_fixed,28,Abrupt,False,0.0
50,baseline_fixed,29,Progressive,False,0.2083
50,baseline_fixed,30,Progressive,False,0.0
50,baseline_fixed,31,Progressive,False,0.0
50,baseline_fixed,32,Abrupt,False,0.0
50,baseline_fixed,33,Abrupt,False,0.0
50,baseline_fixed,34,Progressive,False,0.0
50,baseline_fixed,35,Progressive,False,0.0
50,baseline_fixed,36,Progressive,False,0.0
50,baseline_fixed,37,Progressive,False,0.0
50,baseline_fixed,38,Abrupt,False,0.1042
50,baseline_fixed,39,Progressive,False,0.0
50,baseline_fixed,40,Abrupt,False,0.0
50,baseline_fixed,41,Abrupt,False,0.8333
50,baseline_fixed,42,Abrupt,False,0.0
50,baseline_fixed,43,Progressive,False,0.0
50,baseline_fixed,44,Abrupt,False,0.1042
50,baseline_fixed,45,Progressive,False,0.0
50,baseline_fixed,46,Abrupt,False,0.0
50,baseline_fixed,47,Progressive,False,0.0
50,baseline_fixed,48,Abrupt,False,0.0
50,baseline_fixed,49,Abrupt,False,0.0
50,baseline_fixed,50,Progressive,False,0.0
50,baseline_fixed,51,Progressive,False,0.0
50,baseline_fixed,52,Abrupt,False,0.1042
50,baseline_fixed,53,Progressive,False,0.0
50,baseline_fixed,54,Progressive,False,0.0
50,baseline_fixed,55,Abrupt,False,0.0
50,baseline_fixed,56,Progressive,False,0.0
50,baseline_fixed,57,Progressive,False,0.0
50,baseline_fixed,58,Abrupt,False,0.0
50,baseline_fixed,59,Abrupt,False,0.0
50,baseline_fixed,60,Abrupt,False,0.1042
50,baseline_fixed,61,Progressive,False,0.0
50,baseline_fixed,62,Progressive,False,0.0
50,baseline_fixed,63,Abrupt,False,0.0
50,baseline_fixed,64,Progressive,False,0.0
50,baseline_fixed,65,Abrupt,False,0.0
50,baseline_fixed,66,Abrupt,False,0.0
50,baseline_fixed,67,Abrupt,False,0.0
50,baseline_fixed,68,Abrupt,False,0.0
50,baseline_fixed,69,Progressive,False,0.0
50,baseline_fixed,70,Progressive,False,0.0
50,baseline_fixed,71,Progressive,False,0.0
50,baseline_fixed,72,Abrupt,False,0.8333
50,baseline_fixed,73,Abrupt,False,0.0
50,baseline_fixed,74,Progressive,False,0.0
50,baseline_fixed,75,Abrupt,False,0.0
50,baseline_fixed,76,Progressive,False,0.0
50,baseline_fixed,77,Abrupt,False,0.0
50,baseline_fixed,78,Progressive,False,0.0
50,baseline_fixed,79,Progressive,False,0.0
50,baseline_fixed,80,Abrupt,False,0.0
50,baseline_fixed,81,Abrupt,False,0.0
50,baseline_fixed,82,Progressive,False,0.0
50,baseline_fixed,83,Abrupt,False,0.0
50,baseline_fixed,84,Progressive,False,0.0
50,baseline_fixed,85,Abrupt,False,0.0
50,baseline_fixed,86,Progressive,False,0.0
50,baseline_fixed,87,Progressive,False,0.0
50,baseline_fixed,88,Progressive,False,0.0
50,baseline_fixed,89,Abrupt,False,0.0
50,baseline_fixed,90,Progressive,False,0.2083
50,baseline_fixed,91,Abrupt,False,0.0
50,baseline_fixed,92,Progressive,False,0.0
50,baseline_fixed,93,Progressive,False,0.0
50,baseline_fixed,94,Progressive,False,0.0
50,baseline_fixed,95,Progressive,False,0.0
50,baseline_fixed,96,Abrupt,False,0.0
50,baseline_fixed,97,Abrupt,False,0.0
50,baseline_fixed,98,Progressive,False,0.0
50,baseline_fixed,99,Progressive,False,0.0
50,baseline_fixed,100,Progressive,False,0.0
50,baseline_fixed,101,Progressive,False,0.0
50,baseline_fixed,102,Abrupt,False,0.3125
50,baseline_fixed,103,Progressive,False,0.0
50,baseline_fixed,104,Progressive,False,0.3125
50,baseline_fixed,105,Abrupt,False,0.0
50,baseline_fixed,106,Progressive,False,0.0
50,baseline_fixed,107,Progressive,False,0.0
50,baseline_fixed,108,Progressive,False,0.0
50,baseline_fixed,109,Progressive,False,0.0
50,baseline_fixed,110,Abrupt,False,0.0
50,baseline_fixed,111,Progressive,False,0.0
50,baseline_fixed,112,Abrupt,False,0.0
50,baseline_fixed,113,Abrupt,False,0.0
50,baseline_fixed,114,Progressive,False,0.0
50,baseline_fixed,115,Abrupt,False,0.0
50,baseline_fixed,116,Progressive,False,0.0
50,baseline_fixed,117,Progressive,False,0.0
50,baseline_fixed,118,Progressive,False,0.0
50,baseline_fixed,119,Abrupt,False,0.0
50,baseline_hybrid,0,Progressive,False,0.0
50,baseline_hybrid,1,Abrupt,False,0.0
50,baseline_hybrid,2,Progressive,False,0.0
50,baseline_hybrid,3,Progressive,False,0.0
50,baseline_hybrid,4,Progressive,False,0.0
50,baseline_hybrid,5,Progressive,False,0.0
50,baseline_hybrid,6,Abrupt,False,0.0
50,baseline_hybrid,7,Progressive,False,0.0
50,baseline_hybrid,8,Progressive,False,0.0
50,baseline_hybrid,9,Progressive,False,0.0
50,baseline_hybrid,10,Abrupt,False,0.0
50,baseline_hybrid,11,Progressive,False,0.0
50,baseline_hybrid,12,Progressive,False,0.1042
50,baseline_hybrid,13,Progressive,False,0.7292
50,baseline_hybrid,14,Abrupt,False,0.0
50,baseline_hybrid,15,Progressive,False,0.0
50,baseline_hybrid,16,Progressive,False,0.0
50,baseline_hybrid,17,Abrupt,False,0.0
50,baseline_hybrid,18,Progressive,False,0.0
50,baseline_hybrid,19,Abrupt,False,0.0
50,baseline_hybrid,20,Abrupt,False,0.0
50,baseline_hybrid,21,Progressive,False,0.0
50,baseline_hybrid,22,Progressive,False,0.0
50,baseline_hybrid,23,Progressive,False,0.0
50,baseline_hybrid,24,Progressive,False,0.0
50,baseline_hybrid,25,Progressive,False,0.0
50,baseline_hybrid,26,Abrupt,False,0.0
50,baseline_hybrid,27,Progressive,False,0.0
50,baseline_hybrid,28,Abrupt,False,0.0
50,baseline_hybrid,29,Progressive,False,0.2083
50,baseline_hybrid,30,Progressive,False,0.0
50,baseline_hybrid,31,Progressive,False,0.0
50,baseline_hybrid,32,Abrupt,False,0.0
50,baseline_hybrid,33,Abrupt,False,0.0
50,baseline_hybrid,34,Progressive,False,0.0
50,baseline_hybrid,35,Progressive,False,0.0
50,baseline_hybrid,36,Progressive,False,0.0
50,baseline_hybrid,37,Progressive,False,0.0
50,baseline_hybrid,38,Abrupt,False,0.1042
50,baseline_hybrid,39,Progressive,False,0.0
50,baseline_hybrid,40,Abrupt,False,0.0
50,baseline_hybrid,41,Abrupt,False,0.8333
50,baseline_hybrid,42,Abrupt,False,0.0
50,baseline_hybrid,43,Progressive,False,0.0
50,baseline_hybrid,44,Abrupt,False,0.1042
50,baseline_hybrid,45,Progressive,False,0.0
50,baseline_hybrid,46,Abrupt,False,0.0
50,baseline_hybrid,47,Progressive,False,0.0
50,baseline_hybrid,48,Abrupt,False,0.0
50,baseline_hybrid,49,Abrupt,False,0.0
50,baseline_hybrid,50,Progressive,False,0.0
50,baseline_hybrid,51,Progressive,False,0.0
50,baseline_hybrid,52,Abrupt,False,0.7292
50,baseline_hybrid,53,Progressive,False,0.0
50,baseline_hybrid,54,Progressive,False,0.0
50,baseline_hybrid,55,Abrupt,False,0.0
50,baseline_hybrid,56,Progressive,False,0.0
50,baseline_hybrid,57,Progressive,False,0.0
50,baseline_hybrid,58,Abrupt,False,0.0
50,baseline_hybrid,59,Abrupt,False,0.0
50,baseline_hybrid,60,Abrupt,False,0.1042
50,baseline_hybrid,61,Progressive,False,0.0
50,baseline_hybrid,62,Progressive,False,0.0
50,baseline_hybrid,63,Abrupt,False,0.0
50,baseline_hybrid,64,Progressive,False,0.0
50,baseline_hybrid,65,Abrupt,False,0.0
50,baseline_hybrid,66,Abrupt,False,0.0
50,baseline_hybrid,67,Abrupt,False,0.0
50,baseline_hybrid,68,Abrupt,False,0.0
50,baseline_hybrid,69,Progressive,False,0.1042
50,baseline_hybrid,70,Progressive,False,0.0
50,baseline_hybrid,71,Progressive,False,0.0
50,baseline_hybrid,72,Abrupt,False,0.8333
50,baseline_hybrid,73,Abrupt,False,0.0
50,baseline_hybrid,74,Progressive,False,0.0
50,baseline_hybrid,75,Abrupt,False,0.0
50,baseline_hybrid,76,Progressive,False,0.0
50,baseline_hybrid,77,Abrupt,False,0.0
50,baseline_hybrid,78,Progressive,False,0.0
50,baseline_hybrid,79,Progressive,False,0.0
50,baseline_hybrid,80,Abrupt,False,0.0
50,baseline_hybrid,81,Abrupt,False,0.0
50,baseline_hybrid,82,Progressive,False,0.0
50,baseline_hybrid,83,Abrupt,False,0.0
50,baseline_hybrid,84,Progressive,False,0.0
50,baseline_hybrid,85,Abrupt,False,0.0
50,baseline_hybrid,86,Progressive,False,0.0
50,baseline_hybrid,87,Progressive,False,0.0
50,baseline_hybrid,88,Progressive,False,0.0
50,baseline_hybrid,89,Abrupt,False,0.0
50,baseline_hybrid,90,Progressive,False,0.2083
50,baseline_hybrid,91,Abrupt,False,0.0
50,baseline_hybrid,92,Progressive,False,0.0
50,baseline_hybrid,93,Progressive,False,0.0
50,baseline_hybrid,94,Progressive,False,0.0
50,baseline_hybrid,95,Progressive,False,0.0
50,baseline_hybrid,96,Abrupt,False,0.0
50,baseline_hybrid,97,Abrupt,False,0.0
50,baseline_hybrid,98,Progressive,False,0.0
50,baseline_hybrid,99,Progressive,False,0.0
50,baseline_hybrid,100,Progressive,False,0.0
50,baseline_hybrid,101,Progressive,False,0.0
50,baseline_hybrid,102,Abrupt,False,0.3125
50,baseline_hybrid,103,Progressive,False,0.4167
50,baseline_hybrid,104,Progressive,False,0.3125
50,baseline_hybrid,105,Abrupt,False,0.0
50,baseline_hybrid,106,Progressive,False,0.3125
50,baseline_hybrid,107,Progressive,False,0.0
50,baseline_hybrid,108,Progressive,False,0.1042
50,baseline_hybrid,109,Progressive,False,0.0
50,baseline_hybrid,110,Abrupt,False,0.0
50,baseline_hybrid,111,Progressive,False,0.0
50,baseline_hybrid,112,Abrupt,False,0.0
50,baseline_hybrid,113,Abrupt,False,0.0
50,baseline_hybrid,114,Progressive,False,0.0
50,baseline_hybrid,115,Abrupt,False,0.0
50,baseline_hybrid,116,Progressive,False,0.0
50,baseline_hybrid,117,Progressive,False,0.0
50,baseline_hybrid,118,Progressive,False,0.0
50,baseline_hybrid,119,Abrupt,False,0.0
50,aftkd_fixed,0,Progressive,False,0.0
50,aftkd_fixed,1,Abrupt,False,0.3125
50,aftkd_fixed,2,Progressive,False,0.0
50,aftkd_fixed,3,Progressive,False,0.0
50,aftkd_fixed,4,Progressive,False,0.0
50,aftkd_fixed,5,Progressive,False,0.2083
50,aftkd_fixed,6,Abrupt,False,0.7292
50,aftkd_fixed,7,Progressive,False,0.0
50,aftkd_fixed,8,Progressive,False,0.0
50,aftkd_fixed,9,Progressive,False,0.2083
50,aftkd_fixed,10,Abrupt,False,0.0
50,aftkd_fixed,11,Progressive,False,0.0
50,aftkd_fixed,12,Progressive,False,0.0
50,aftkd_fixed,13,Progressive,False,0.3125
50,aftkd_fixed,14,Abrupt,False,1.6667
50,aftkd_fixed,15,Progressive,False,0.0
50,aftkd_fixed,16,Progressive,False,0.0
50,aftkd_fixed,17,Abrupt,False,1.3542
50,aftkd_fixed,18,Progressive,False,0.0
50,aftkd_fixed,19,Abrupt,False,0.0
50,aftkd_fixed,20,Abrupt,False,0.7292
50,aftkd_fixed,21,Progressive,False,0.0
50,aftkd_fixed,22,Progressive,False,0.0
50,aftkd_fixed,23,Progressive,False,0.0
50,aftkd_fixed,24,Progressive,False,0.0
50,aftkd_fixed,25,Progressive,False,0.0
50,aftkd_fixed,26,Abrupt,False,0.9375
50,aftkd_fixed,27,Progressive,False,0.0
50,aftkd_fixed,28,Abrupt,False,1.6667
50,aftkd_fixed,29,Progressive,False,0.0
50,aftkd_fixed,30,Progressive,False,0.0
50,aftkd_fixed,31,Progressive,False,0.0
50,aftkd_fixed,32,Abrupt,False,1.6667
50,aftkd_fixed,33,Abrupt,False,0.0
50,aftkd_fixed,34,Progressive,False,0.0
50,aftkd_fixed,35,Progressive,False,0.0
50,aftkd_fixed,36,Progressive,False,0.0
50,aftkd_fixed,37,Progressive,False,0.0
50,aftkd_fixed,38,Abrupt,False,0.8333
50,aftkd_fixed,39,Progressive,False,0.0
50,aftkd_fixed,40,Abrupt,False,1.3542
50,aftkd_fixed,41,Abrupt,False,1.7708
50,aftkd_fixed,42,Abrupt,False,0.0
50,aftkd_fixed,43,Progressive,False,0.0
50,aftkd_fixed,44,Abrupt,False,0.1042
50,aftkd_fixed,45,Progressive,False,0.0
50,aftkd_fixed,46,Abrupt,False,0.8333
50,aftkd_fixed,47,Progressive,False,0.0
50,aftkd_fixed,48,Abrupt,False,0.0
50,aftkd_fixed,49,Abrupt,False,1.875
50,aftkd_fixed,50,Progressive,False,0.0
50,aftkd_fixed,51,Progressive,False,0.0
50,aftkd_fixed,52,Abrupt,False,1.6667
50,aftkd_fixed,53,Progressive,False,0.0
50,aftkd_fixed,54,Progressive,False,0.0
50,aftkd_fixed,55,Abrupt,False,0.7292
50,aftkd_fixed,56,Progressive,False,0.0
50,aftkd_fixed,57,Progressive,False,0.0
50,aftkd_fixed,58,Abrupt,False,0.7292
50,aftkd_fixed,59,Abrupt,False,0.7292
50,aftkd_fixed,60,Abrupt,False,1.6667
50,aftkd_fixed,61,Progressive,False,0.0
50,aftkd_fixed,62,Progressive,False,0.0
50,aftkd_fixed,63,Abrupt,False,1.3542
50,aftkd_fixed,64,Progressive,False,0.0
50,aftkd_fixed,65,Abrupt,False,1.5625
50,aftkd_fixed,66,Abrupt,False,0.0
50,aftkd_fixed,67,Abrupt,False,1.25
50,aftkd_fixed,68,Abrupt,False,1.7708
50,aftkd_fixed,69,Progressive,False,0.0
50,aftkd_fixed,70,Progressive,False,0.0
50,aftkd_fixed,71,Progressive,False,0.1042
50,aftkd_fixed,72,Abrupt,False,1.875
50,aftkd_fixed,73,Abrupt,False,0.7292
50,aftkd_fixed,74,Progressive,False,0.0
50,aftkd_fixed,75,Abrupt,False,1.0417
50,aftkd_fixed,76,Progressive,False,0.0
50,aftkd_fixed,77,Abrupt,False,0.0
50,aftkd_fixed,78,Progressive,False,0.0
50,aftkd_fixed,79,Progressive,False,0.0
50,aftkd_fixed,80,Abrupt,False,0.0
50,aftkd_fixed,81,Abrupt,False,0.0
50,aftkd_fixed,82,Progressive,False,0.0
50,aftkd_fixed,83,Abrupt,False,0.7292
50,aftkd_fixed,84,Progressive,False,0.0
50,aftkd_fixed,85,Abrupt,False,1.1458
50,aftkd_fixed,86,Progressive,False,0.0
50,aftkd_fixed,87,Progressive,False,0.0
50,aftkd_fixed,88,Progressive,False,0.0
50,aftkd_fixed,89,Abrupt,False,1.4583
50,aftkd_fixed,90,Progressive,False,0.1042
50,aftkd_fixed,91,Abrupt,False,1.6667
50,aftkd_fixed,92,Progressive,False,0.0
50,aftkd_fixed,93,Progressive,False,0.0
50,aftkd_fixed,94,Progressive,False,0.0
50,aftkd_fixed,95,Progressive,False,0.0
50,aftkd_fixed,96,Abrupt,False,0.7292
50,aftkd_fixed,97,Abrupt,False,0.7292
50,aftkd_fixed,98,Progressive,False,0.0
50,aftkd_fixed,99,Progressive,False,0.4167
50,aftkd_fixed,100,Progressive,False,0.0
50,aftkd_fixed,101,Progressive,False,0.0
50,aftkd_fixed,102,Abrupt,False,0.1042
50,aftkd_fixed,103,Progressive,False,0.1042
50,aftkd_fixed,104,Progressive,False,0.5208
50,aftkd_fixed,105,Abrupt,False,1.6667
50,aftkd_fixed,106,Progressive,False,0.0
50,aftkd_fixed,107,Progressive,False,0.0
50,aftkd_fixed,108,Progressive,False,0.0
50,aftkd_fixed,109,Progressive,False,0.0
50,aftkd_fixed,110,Abrupt,False,0.8333
50,aftkd_fixed,111,Progressive,False,0.0
50,aftkd_fixed,112,Abrupt,False,1.7708
50,aftkd_fixed,113,Abrupt,False,0.1042
50,aftkd_fixed,114,Progressive,False,0.0
50,aftkd_fixed,115,Abrupt,False,1.4583
50,aftkd_fixed,116,Progressive,False,0.0
50,aftkd_fixed,117,Progressive,False,0.0
50,aftkd_fixed,118,Progressive,False,0.0
50,aftkd_fixed,119,Abrupt,False,1.3542
50,aftkd_hybrid,0,Progressive,False,0.0
50,aftkd_hybrid,1,Abrupt,False,0.3125
50,aftkd_hybrid,2,Progressive,False,0.0
50,aftkd_hybrid,3,Progressive,False,0.0
50,aftkd_hybrid,4,Progressive,False,0.0
50,aftkd_hybrid,5,Progressive,False,0.2083
50,aftkd_hybrid,6,Abrupt,False,1.3542
50,aftkd_hybrid,7,Progressive,False,0.0
50,aftkd_hybrid,8,Progressive,False,0.0
50,aftkd_hybrid,9,Progressive,False,0.2083
50,aftkd_hybrid,10,Abrupt,False,0.0
50,aftkd_hybrid,11,Progressive,False,0.4167
50,aftkd_hybrid,12,Progressive,False,0.0
50,aftkd_hybrid,13,Progressive,False,0.7292
50,aftkd_hybrid,14,Abrupt,False,1.6667
50,aftkd_hybrid,15,Progressive,False,0.0
50,aftkd_hybrid,16,Progressive,False,0.0
50,aftkd_hybrid,17,Abrupt,False,1.3542
50,aftkd_hybrid,18,Progressive,False,0.0
50,aftkd_hybrid,19,Abrupt,False,0.0
50,aftkd_hybrid,20,Abrupt,False,0.8333
50,aftkd_hybrid,21,Progressive,False,0.0
50,aftkd_hybrid,22,Progressive,False,0.1042
50,aftkd_hybrid,23,Progressive,False,0.0
50,aftkd_hybrid,24,Progressive,False,0.5208
50,aftkd_hybrid,25,Progressive,False,0.0
50,aftkd_hybrid,26,Abrupt,False,0.9375
50,aftkd_hybrid,27,Progressive,False,0.0
50,aftkd_hybrid,28,Abrupt,False,1.6667
50,aftkd_hybrid,29,Progressive,False,0.0
50,aftkd_hybrid,30,Progressive,False,0.0
50,aftkd_hybrid,31,Progressive,False,0.0
50,aftkd_hybrid,32,Abrupt,False,1.6667
50,aftkd_hybrid,33,Abrupt,False,0.0
50,aftkd_hybrid,34,Progressive,False,0.0
50,aftkd_hybrid,35,Progressive,False,0.0
50,aftkd_hybrid,36,Progressive,False,0.0
50,aftkd_hybrid,37,Progressive,False,0.1042
50,aftkd_hybrid,38,Abrupt,False,1.6667
50,aftkd_hybrid,39,Progressive,False,0.0
50,aftkd_hybrid,40,Abrupt,False,1.3542
50,aftkd_hybrid,41,Abrupt,False,1.7708
50,aftkd_hybrid,42,Abrupt,False,0.0
50,aftkd_hybrid,43,Progressive,False,0.0
50,aftkd_hybrid,44,Abrupt,False,0.1042
50,aftkd_hybrid,45,Progressive,False,0.1042
50,aftkd_hybrid,46,Abrupt,False,1.0417
50,aftkd_hybrid,47,Progressive,False,0.0
50,aftkd_hybrid,48,Abrupt,False,0.0
50,aftkd_hybrid,49,Abrupt,False,1.875
50,aftkd_hybrid,50,Progressive,False,0.0
50,aftkd_hybrid,51,Progressive,False,0.0
50,aftkd_hybrid,52,Abrupt,False,1.6667
50,aftkd_hybrid,53,Progressive,False,0.0
50,aftkd_hybrid,54,Progressive,False,0.0
50,aftkd_hybrid,55,Abrupt,False,0.7292
50,aftkd_hybrid,56,Progressive,False,0.0
50,aftkd_hybrid,57,Progressive,False,0.0
50,aftkd_hybrid,58,Abrupt,False,1.1458
50,aftkd_hybrid,59,Abrupt,False,0.7292
50,aftkd_hybrid,60,Abrupt,False,1.6667
50,aftkd_hybrid,61,Progressive,False,0.0
50,aftkd_hybrid,62,Progressive,False,0.0
50,aftkd_hybrid,63,Abrupt,False,1.3542
50,aftkd_hybrid,64,Progressive,False,0.0
50,aftkd_hybrid,65,Abrupt,False,1.5625
50,aftkd_hybrid,66,Abrupt,False,0.0
50,aftkd_hybrid,67,Abrupt,False,1.25
50,aftkd_hybrid,68,Abrupt,False,1.7708
50,aftkd_hybrid,69,Progressive,False,0.1042
50,aftkd_hybrid,70,Progressive,False,0.0
50,aftkd_hybrid,71,Progressive,False,0.1042
50,aftkd_hybrid,72,Abrupt,False,1.875
50,aftkd_hybrid,73,Abrupt,False,0.7292
50,aftkd_hybrid,74,Progressive,False,0.5208
50,aftkd_hybrid,75,Abrupt,False,1.0417
50,aftkd_hybrid,76,Progressive,False,0.0
50,aftkd_hybrid,77,Abrupt,False,0.0
50,aftkd_hybrid,78,Progressive,False,0.0
50,aftkd_hybrid,79,Progressive,False,0.0
50,aftkd_hybrid,80,Abrupt,False,0.0
50,aftkd_hybrid,81,Abrupt,False,0.0
50,aftkd_hybrid,82,Progressive,False,0.0
50,aftkd_hybrid,83,Abrupt,False,1.1458
50,aftkd_hybrid,84,Progressive,False,0.2083
50,aftkd_hybrid,85,Abrupt,False,1.1458
50,aftkd_hybrid,86,Progressive,False,0.0
50,aftkd_hybrid,87,Progressive,False,0.0
50,aftkd_hybrid,88,Progressive,False,0.0
50,aftkd_hybrid,89,Abrupt,False,1.4583
50,aftkd_hybrid,90,Progressive,False,0.1042
50,aftkd_hybrid,91,Abrupt,False,1.6667
50,aftkd_hybrid,92,Progressive,False,0.0
50,aftkd_hybrid,93,Progressive,False,0.0
50,aftkd_hybrid,94,Progressive,False,0.1042
50,aftkd_hybrid,95,Progressive,False,0.2083
50,aftkd_hybrid,96,Abrupt,False,0.7292
50,aftkd_hybrid,97,Abrupt,False,1.4583
50,aftkd_hybrid,98,Progressive,False,0.0
50,aftkd_hybrid,99,Progressive,False,0.5208
50,aftkd_hybrid,100,Progressive,False,0.0
50,aftkd_hybrid,101,Progressive,False,0.0
50,aftkd_hybrid,102,Abrupt,False,0.1042
50,aftkd_hybrid,103,Progressive,False,0.4167
50,aftkd_hybrid,104,Progressive,False,0.5208
50,aftkd_hybrid,105,Abrupt,False,1.6667
50,aftkd_hybrid,106,Progressive,False,0.3125
50,aftkd_hybrid,107,Progressive,False,0.0
50,aftkd_hybrid,108,Progressive,False,0.1042
50,aftkd_hybrid,109,Progressive,False,0.0
50,aftkd_hybrid,110,Abrupt,False,0.8333
50,aftkd_hybrid,111,Progressive,False,0.625
50,aftkd_hybrid,112,Abrupt,False,1.7708
50,aftkd_hybrid,113,Abrupt,False,0.1042
50,aftkd_hybrid,114,Progressive,False,0.0
50,aftkd_hybrid,115,Abrupt,False,1.4583
50,aftkd_hybrid,116,Progressive,False,0.0
50,aftkd_hybrid,117,Progressive,False,0.0
50,aftkd_hybrid,118,Progressive,False,0.0
50,aftkd_hybrid,119,Abrupt,False,1.3542
51,baseline_fixed,0,Abrupt,False,0.0
51,baseline_fixed,1,Progressive,False,0.0
51,baseline_fixed,2,Progressive,False,0.0
51,baseline_fixed,3,Progressive,False,0.2083
51,baseline_fixed,4,Abrupt,False,0.0
51,baseline_fixed,5,Abrupt,False,0.0
51,baseline_fixed,6,Progressive,False,0.0
51,baseline_fixed,7,Progressive,False,0.0
51,baseline_fixed,8,Abrupt,False,0.0
51,baseline_fixed,9,Abrupt,False,0.0
51,baseline_fixed,10,Progressive,False,0.0
51,baseline_fixed,11,Abrupt,False,0.0
51,baseline_fixed,12,Progressive,False,0.0
51,baseline_fixed,13,Progressive,False,0.1042
51,baseline_fixed,14,Progressive,False,0.0
51,baseline_fixed,15,Progressive,False,0.0
51,baseline_fixed,16,Abrupt,False,0.0
51,baseline_fixed,17,Abrupt,False,0.0
51,baseline_fixed,18,Progressive,False,0.0
51,baseline_fixed,19,Progressive,False,0.0
51,baseline_fixed,20,Progressive,False,0.0
51,baseline_fixed,21,Progressive,False,0.0
51,baseline_fixed,22,Progressive,False,0.0
51,baseline_fixed,23,Progressive,False,0.0
51,baseline_fixed,24,Abrupt,False,0.0
51,baseline_fixed,25,Abrupt,False,0.0
51,baseline_fixed,26,Progressive,False,0.0
51,baseline_fixed,27,Abrupt,False,0.0
51,baseline_fixed,28,Abrupt,False,0.0
51,baseline_fixed,29,Abrupt,False,0.0
51,baseline_fixed,30,Progressive,False,0.0
51,baseline_fixed,31,Abrupt,False,0.0
51,baseline_fixed,32,Abrupt,False,0.0
51,baseline_fixed,33,Progressive,False,0.2083
51,baseline_fixed,34,Abrupt,False,0.0
51,baseline_fixed,35,Progressive,False,0.0
51,baseline_fixed,36,Progressive,False,0.0
51,baseline_fixed,37,Progressive,False,0.0
51,baseline_fixed,38,Abrupt,False,0.0
51,baseline_fixed,39,Progressive,False,0.0
51,baseline_fixed,40,Abrupt,False,0.0
51,baseline_fixed,41,Abrupt,False,0.0
51,baseline_fixed,42,Progressive,False,0.0
51,baseline_fixed,43,Abrupt,False,0.0
51,baseline_fixed,44,Abrupt,False,0.0
51,baseline_fixed,45,Abrupt,False,0.0
51,baseline_fixed,46,Abrupt,False,0.0
51,baseline_fixed,47,Progressive,False,0.0
51,baseline_fixed,48,Progressive,False,0.0
51,baseline_fixed,49,Progressive,False,0.0
51,baseline_fixed,50,Progressive,False,0.0
51,baseline_fixed,51,Progressive,False,0.0
51,baseline_fixed,52,Progressive,False,0.0
51,baseline_fixed,53,Abrupt,False,0.0
51,baseline_fixed,54,Progressive,False,0.0
51,baseline_fixed,55,Abrupt,False,0.0
51,baseline_fixed,56,Abrupt,False,0.0
51,baseline_fixed,57,Abrupt,False,0.0
51,baseline_fixed,58,Progressive,False,0.0
51,baseline_fixed,59,Progressive,False,0.0
51,baseline_fixed,60,Progressive,False,0.0
51,baseline_fixed,61,Progressive,False,0.2083
51,baseline_fixed,62,Abrupt,False,0.0
51,baseline_fixed,63,Abrupt,False,0.0
51,baseline_fixed,64,Abrupt,False,0.0
51,baseline_fixed,65,Abrupt,False,0.0
51,baseline_fixed,66,Progressive,False,0.0
51,baseline_fixed,67,Progressive,False,0.0
51,baseline_fixed,68,Progressive,False,0.0
51,baseline_fixed,69,Abrupt,False,0.0
51,baseline_fixed,70,Progressive,False,0.0
51,baseline_fixed,71,Progressive,False,0.0
51,baseline_fixed,72,Abrupt,False,0.0
51,baseline_fixed,73,Abrupt,False,0.0
51,baseline_fixed,74,Progressive,False,0.0
51,baseline_fixed,75,Abrupt,False,0.0
51,baseline_fixed,76,Progressive,False,0.0
51,baseline_fixed,77,Abrupt,False,0.0
51,baseline_fixed,78,Progressive,False,0.0
51,baseline_fixed,79,Abrupt,False,0.0
51,baseline_fixed,80,Progressive,False,0.0
51,baseline_fixed,81,Progressive,False,0.0
51,baseline_fixed,82,Progressive,False,0.2083
51,baseline_fixed,83,Progressive,False,0.0
51,baseline_fixed,84,Abrupt,False,0.0
51,baseline_fixed,85,Abrupt,False,0.0
51,baseline_fixed,86,Progressive,False,0.0
51,baseline_fixed,87,Abrupt,False,0.0
51,baseline_fixed,88,Progressive,False,0.0
51,baseline_fixed,89,Abrupt,False,0.0
51,baseline_fixed,90,Progressive,False,0.0
51,baseline_fixed,91,Progressive,False,0.0
51,baseline_fixed,92,Progressive,False,0.0
51,baseline_fixed,93,Abrupt,False,0.0
51,baseline_fixed,94,Progressive,False,0.0
51,baseline_fixed,95,Abrupt,False,0.0
51,baseline_fixed,96,Progressive,False,0.0
51,baseline_fixed,97,Progressive,False,0.0
51,baseline_fixed,98,Progressive,False,0.0
51,baseline_fixed,99,Progressive,False,0.0
51,baseline_fixed,100,Progressive,False,0.0
51,baseline_fixed,101,Abrupt,False,0.0
51,baseline_fixed,102,Progressive,False,0.0
51,baseline_fixed,103,Progressive,False,0.1042
51,baseline_fixed,104,Progressive,False,0.0
51,baseline_fixed,105,Progressive,False,0.0
51,baseline_fixed,106,Progressive,False,0.0
51,baseline_fixed,107,Abrupt,False,0.0
51,baseline_fixed,108,Progressive,False,0.0
51,baseline_fixed,109,Progressive,False,0.0
51,baseline_fixed,110,Progressive,False,0.0
51,baseline_fixed,111,Progressive,False,0.0
51,baseline_fixed,112,Abrupt,False,0.0
51,baseline_fixed,113,Progressive,False,0.0
51,baseline_fixed,114,Progressive,False,0.0
51,baseline_fixed,115,Progressive,False,0.0
51,baseline_fixed,116,Abrupt,False,0.0
51,baseline_fixed,117,Progressive,False,0.0
51,baseline_fixed,118,Abrupt,False,0.0
51,baseline_fixed,119,Progressive,False,0.0
51,baseline_hybrid,0,Abrupt,False,0.0
51,baseline_hybrid,1,Progressive,False,0.1042
51,baseline_hybrid,2,Progressive,False,0.0
51,baseline_hybrid,3,Progressive,False,0.4167
51,baseline_hybrid,4,Abrupt,False,0.0
51,baseline_hybrid,5,Abrupt,False,0.0
51,baseline_hybrid,6,Progressive,False,0.0
51,baseline_hybrid,7,Progressive,False,0.0
51,baseline_hybrid,8,Abrupt,False,0.0
51,baseline_hybrid,9,Abrupt,False,0.0
51,baseline_hybrid,10,Progressive,False,0.0
51,baseline_hybrid,11,Abrupt,False,0.0
51,baseline_hybrid,12,Progressive,False,0.0
51,baseline_hybrid,13,Progressive,False,0.1042
51,baseline_hybrid,14,Progressive,False,0.0
51,baseline_hybrid,15,Progressive,False,0.0
51,baseline_hybrid,16,Abrupt,False,0.0
51,baseline_hybrid,17,Abrupt,False,0.0
51,baseline_hybrid,18,Progressive,False,0.0
51,baseline_hybrid,19,Progressive,False,0.0
51,baseline_hybrid,20,Progressive,False,0.0
51,baseline_hybrid,21,Progressive,False,0.0
51,baseline_hybrid,22,Progressive,False,0.0
51,baseline_hybrid,23,Progressive,False,0.0
51,baseline_hybrid,24,Abrupt,False,0.0
51,baseline_hybrid,25,Abrupt,False,0.0
51,baseline_hybrid,26,Progressive,False,0.0
51,baseline_hybrid,27,Abrupt,False,0.0
51,baseline_hybrid,28,Abrupt,False,0.0
51,baseline_hybrid,29,Abrupt,False,0.0
51,baseline_hybrid,30,Progressive,False,0.0
51,baseline_hybrid,31,Abrupt,False,0.0
51,baseline_hybrid,32,Abrupt,False,0.0
51,baseline_hybrid,33,Progressive,False,0.2083
51,baseline_hybrid,34,Abrupt,False,0.0
51,baseline_hybrid,35,Progressive,False,0.0
51,baseline_hybrid,36,Progressive,False,0.0
51,baseline_hybrid,37,Progressive,False,0.0
51,baseline_hybrid,38,Abrupt,False,0.0
51,baseline_hybrid,39,Progressive,False,0.0
51,baseline_hybrid,40,Abrupt,False,0.0
51,baseline_hybrid,41,Abrupt,False,0.2083
51,baseline_hybrid,42,Progressive,False,0.0
51,baseline_hybrid,43,Abrupt,False,0.0
51,baseline_hybrid,44,Abrupt,False,0.0
51,baseline_hybrid,45,Abrupt,False,0.0
51,baseline_hybrid,46,Abrupt,False,0.0
51,baseline_hybrid,47,Progressive,False,0.0
51,baseline_hybrid,48,Progressive,False,0.0
51,baseline_hybrid,49,Progressive,False,0.0
51,baseline_hybrid,50,Progressive,False,0.0
51,baseline_hybrid,51,Progressive,False,0.0
51,baseline_hybrid,52,Progressive,False,0.0
51,baseline_hybrid,53,Abrupt,False,0.0
51,baseline_hybrid,54,Progressive,False,0.0
51,baseline_hybrid,55,Abrupt,False,0.0
51,baseline_hybrid,56,Abrupt,False,0.0
51,baseline_hybrid,57,Abrupt,False,0.0
51,baseline_hybrid,58,Progressive,False,0.0
51,baseline_hybrid,59,Progressive,False,0.0
51,baseline_hybrid,60,Progressive,False,0.0
51,baseline_hybrid,61,Progressive,False,0.4167
51,baseline_hybrid,62,Abrupt,False,0.0
51,baseline_hybrid,63,Abrupt,False,0.1042
51,baseline_hybrid,64,Abrupt,False,0.0
51,baseline_hybrid,65,Abrupt,False,0.0
51,baseline_hybrid,66,Progressive,False,0.0
51,baseline_hybrid,67,Progressive,False,0.0
51,baseline_hybrid,68,Progressive,False,0.0
51,baseline_hybrid,69,Abrupt,False,0.0
51,baseline_hybrid,70,Progressive,False,0.0
51,baseline_hybrid,71,Progressive,False,0.0
51,baseline_hybrid,72,Abrupt,False,0.0
51,baseline_hybrid,73,Abrupt,False,0.0
51,baseline_hybrid,74,Progressive,False,0.0
51,baseline_hybrid,75,Abrupt,False,0.0
51,baseline_hybrid,76,Progressive,False,0.2083
51,baseline_hybrid,77,Abrupt,False,0.0
51,baseline_hybrid,78,Progressive,False,0.0
51,baseline_hybrid,79,Abrupt,False,0.0
51,baseline_hybrid,80,Progressive,False,0.0
51,baseline_hybrid,81,Progressive,False,0.0
51,baseline_hybrid,82,Progressive,False,0.2083
51,baseline_hybrid,83,Progressive,False,0.0
51,baseline_hybrid,84,Abrupt,False,0.0
51,baseline_hybrid,85,Abrupt,False,0.0
51,baseline_hybrid,86,Progressive,False,0.1042
51,baseline_hybrid,87,Abrupt,False,0.0
51,baseline_hybrid,88,Progressive,False,0.0
51,baseline_hybrid,89,Abrupt,False,0.0
51,baseline_hybrid,90,Progressive,False,0.0
51,baseline_hybrid,91,Progressive,False,0.1042
51,baseline_hybrid,92,Progressive,False,0.0
51,baseline_hybrid,93,Abrupt,False,0.0
51,baseline_hybrid,94,Progressive,False,0.0
51,baseline_hybrid,95,Abrupt,False,0.0
51,baseline_hybrid,96,Progressive,False,0.0
51,baseline_hybrid,97,Progressive,False,0.0
51,baseline_hybrid,98,Progressive,False,0.0
51,baseline_hybrid,99,Progressive,False,0.0
51,baseline_hybrid,100,Progressive,False,0.0
51,baseline_hybrid,101,Abrupt,False,0.0
51,baseline_hybrid,102,Progressive,False,0.0
51,baseline_hybrid,103,Progressive,False,0.2083
51,baseline_hybrid,104,Progressive,False,0.0
51,baseline_hybrid,105,Progressive,False,0.2083
51,baseline_hybrid,106,Progressive,False,0.0
51,baseline_hybrid,107,Abrupt,False,0.1042
51,baseline_hybrid,108,Progressive,False,0.0
51,baseline_hybrid,109,Progressive,False,0.0
51,baseline_hybrid,110,Progressive,False,0.0
51,baseline_hybrid,111,Progressive,False,0.0
51,baseline_hybrid,112,Abrupt,False,0.0
51,baseline_hybrid,113,Progressive,False,0.0
51,baseline_hybrid,114,Progressive,False,0.4167
51,baseline_hybrid,115,Progressive,False,0.0
51,baseline_hybrid,116,Abrupt,False,0.0
51,baseline_hybrid,117,Progressive,False,0.4167
51,baseline_hybrid,118,Abrupt,False,0.0
51,baseline_hybrid,119,Progressive,False,0.0
51,aftkd_fixed,0,Abrupt,False,0.3125
51,aftkd_fixed,1,Progressive,False,0.0
51,aftkd_fixed,2,Progressive,False,0.0
51,aftkd_fixed,3,Progressive,False,0.3125
51,aftkd_fixed,4,Abrupt,False,0.0
51,aftkd_fixed,5,Abrupt,False,0.0
51,aftkd_fixed,6,Progressive,False,0.0
51,aftkd_fixed,7,Progressive,False,0.0
51,aftkd_fixed,8,Abrupt,False,0.0
51,aftkd_fixed,9,Abrupt,False,0.0
51,aftkd_fixed,10,Progressive,False,0.0
51,aftkd_fixed,11,Abrupt,False,0.0
51,aftkd_fixed,12,Progressive,False,0.0
51,aftkd_fixed,13,Progressive,False,0.2083
51,aftkd_fixed,14,Progressive,False,0.0
51,aftkd_fixed,15,Progressive,False,0.0
51,aftkd_fixed,16,Abrupt,False,0.0
51,aftkd_fixed,17,Abrupt,False,0.3125
51,aftkd_fixed,18,Progressive,False,0.0
51,aftkd_fixed,19,Progressive,False,0.0
51,aftkd_fixed,20,Progressive,False,0.0
51,aftkd_fixed,21,Progressive,False,0.1042
51,aftkd_fixed,22,Progressive,False,0.0
51,aftkd_fixed,23,Progressive,False,0.0
51,aftkd_fixed,24,Abrupt,False,0.3125
51,aftkd_fixed,25,Abrupt,False,0.0
51,aftkd_fixed,26,Progressive,False,0.0
51,aftkd_fixed,27,Abrupt,False,0.0
51,aftkd_fixed,28,Abrupt,False,0.3125
51,aftkd_fixed,29,Abrupt,False,0.0
51,aftkd_fixed,30,Progressive,False,0.0
51,aftkd_fixed,31,Abrupt,False,0.3125
51,aftkd_fixed,32,Abrupt,False,0.3125
51,aftkd_fixed,33,Progressive,False,0.3125
51,aftkd_fixed,34,Abrupt,False,0.4167
51,aftkd_fixed,35,Progressive,False,0.0
51,aftkd_fixed,36,Progressive,False,0.0
51,aftkd_fixed,37,Progressive,False,0.0
51,aftkd_fixed,38,Abrupt,False,0.0
51,aftkd_fixed,39,Progressive,False,0.0
51,aftkd_fixed,40,Abrupt,False,0.4167
51,aftkd_fixed,41,Abrupt,False,0.0
51,aftkd_fixed,42,Progressive,False,0.0
51,aftkd_fixed,43,Abrupt,False,0.3125
51,aftkd_fixed,44,Abrupt,False,0.0
51,aftkd_fixed,45,Abrupt,False,0.0
51,aftkd_fixed,46,Abrupt,False,0.0
51,aftkd_fixed,47,Progressive,False,0.0
51,aftkd_fixed,48,Progressive,False,0.0
51,aftkd_fixed,49,Progressive,False,0.0
51,aftkd_fixed,50,Progressive,False,0.0
51,aftkd_fixed,51,Progressive,False,0.0
51,aftkd_fixed,52,Progressive,False,0.0
51,aftkd_fixed,53,Abrupt,False,0.0
51,aftkd_fixed,54,Progressive,False,0.0
51,aftkd_fixed,55,Abrupt,False,0.0
51,aftkd_fixed,56,Abrupt,False,0.0
51,aftkd_fixed,57,Abrupt,False,0.0
51,aftkd_fixed,58,Progressive,False,0.0
51,aftkd_fixed,59,Progressive,False,0.0
51,aftkd_fixed,60,Progressive,False,0.0
51,aftkd_fixed,61,Progressive,False,0.3125
51,aftkd_fixed,62,Abrupt,False,0.0
51,aftkd_fixed,63,Abrupt,False,0.0
51,aftkd_fixed,64,Abrupt,False,0.0
51,aftkd_fixed,65,Abrupt,False,0.0
51,aftkd_fixed,66,Progressive,False,0.0
51,aftkd_fixed,67,Progressive,False,0.0
51,aftkd_fixed,68,Progressive,False,0.0
51,aftkd_fixed,69,Abrupt,False,0.0
51,aftkd_fixed,70,Progressive,False,0.0
51,aftkd_fixed,71,Progressive,False,0.0
51,aftkd_fixed,72,Abrupt,False,0.0
51,aftkd_fixed,73,Abrupt,False,0.0
51,aftkd_fixed,74,Progressive,False,0.0
51,aftkd_fixed,75,Abrupt,False,0.0
51,aftkd_fixed,76,Progressive,False,0.0
51,aftkd_fixed,77,Abrupt,False,0.0
51,aftkd_fixed,78,Progressive,False,0.0
51,aftkd_fixed,79,Abrupt,False,0.0
51,aftkd_fixed,80,Progressive,False,0.0
51,aftkd_fixed,81,Progressive,False,0.0
51,aftkd_fixed,82,Progressive,False,0.3125
51,aftkd_fixed,83,Progressive,False,0.0
51,aftkd_fixed,84,Abrupt,False,0.0
51,aftkd_fixed,85,Abrupt,False,0.0
51,aftkd_fixed,86,Progressive,False,0.0
51,aftkd_fixed,87,Abrupt,False,0.0
51,aftkd_fixed,88,Progressive,False,0.0
51,aftkd_fixed,89,Abrupt,False,0.3125
51,aftkd_fixed,90,Progressive,False,0.0
51,aftkd_fixed,91,Progressive,False,0.0
51,aftkd_fixed,92,Progressive,False,0.0
51,aftkd_fixed,93,Abrupt,False,0.0
51,aftkd_fixed,94,Progressive,False,0.0
51,aftkd_fixed,95,Abrupt,False,0.0
51,aftkd_fixed,96,Progressive,False,0.0
51,aftkd_fixed,97,Progressive,False,0.0
51,aftkd_fixed,98,Progressive,False,0.0
51,aftkd_fixed,99,Progressive,False,0.0
51,aftkd_fixed,100,Progressive,False,0.2083
51,aftkd_fixed,101,Abrupt,False,0.0
51,aftkd_fixed,102,Progressive,False,0.0
51,aftkd_fixed,103,Progressive,False,0.1042
51,aftkd_fixed,104,Progressive,False,0.0
51,aftkd_fixed,105,Progressive,False,0.0
51,aftkd_fixed,106,Progressive,False,0.0
51,aftkd_fixed,107,Abrupt,False,0.0
51,aftkd_fixed,108,Progressive,False,0.0
51,aftkd_fixed,109,Progressive,False,0.0
51,aftkd_fixed,110,Progressive,False,0.0
51,aftkd_fixed,111,Progressive,False,0.0
51,aftkd_fixed,112,Abrupt,False,0.3125
51,aftkd_fixed,113,Progressive,False,0.0
51,aftkd_fixed,114,Progressive,False,0.0
51,aftkd_fixed,115,Progressive,False,0.0
51,aftkd_fixed,116,Abrupt,False,0.0
51,aftkd_fixed,117,Progressive,False,0.1042
51,aftkd_fixed,118,Abrupt,False,0.3125
51,aftkd_fixed,119,Progressive,False,0.0
51,aftkd_hybrid,0,Abrupt,False,0.3125
51,aftkd_hybrid,1,Progressive,False,0.1042
51,aftkd_hybrid,2,Progressive,False,0.0
51,aftkd_hybrid,3,Progressive,False,0.4167
51,aftkd_hybrid,4,Abrupt,False,0.0
51,aftkd_hybrid,5,Abrupt,False,0.0
51,aftkd_hybrid,6,Progressive,False,0.0
51,aftkd_hybrid,7,Progressive,False,0.0
51,aftkd_hybrid,8,Abrupt,False,0.0
51,aftkd_hybrid,9,Abrupt,False,0.0
51,aftkd_hybrid,10,Progressive,False,0.0
51,aftkd_hybrid,11,Abrupt,False,0.0
51,aftkd_hybrid,12,Progressive,False,0.0
51,aftkd_hybrid,13,Progressive,False,0.3125
51,aftkd_hybrid,14,Progressive,False,0.0
51,aftkd_hybrid,15,Progressive,False,0.0
51,aftkd_hybrid,16,Abrupt,False,0.0
51,aftkd_hybrid,17,Abrupt,False,0.3125
51,aftkd_hybrid,18,Progressive,False,0.0
51,aftkd_hybrid,19,Progressive,False,0.0
51,aftkd_hybrid,20,Progressive,False,0.0
51,aftkd_hybrid,21,Progressive,False,0.1042
51,aftkd_hybrid,22,Progressive,False,0.0
51,aftkd_hybrid,23,Progressive,False,0.0
51,aftkd_hybrid,24,Abrupt,False,0.4167
51,aftkd_hybrid,25,Abrupt,False,0.0
51,aftkd_hybrid,26,Progressive,False,0.0
51,aftkd_hybrid,27,Abrupt,False,0.0
51,aftkd_hybrid,28,Abrupt,False,0.3125
51,aftkd_hybrid,29,Abrupt,False,0.0
51,aftkd_hybrid,30,Progressive,False,0.0
51,aftkd_hybrid,31,Abrupt,False,0.4167
51,aftkd_hybrid,32,Abrupt,False,0.3125
51,aftkd_hybrid,33,Progressive,False,0.625
51,aftkd_hybrid,34,Abrupt,False,0.4167
51,aftkd_hybrid,35,Progressive,False,0.0
51,aftkd_hybrid,36,Progressive,False,0.0
51,aftkd_hybrid,37,Progressive,False,0.0
51,aftkd_hybrid,38,Abrupt,False,0.0
51,aftkd_hybrid,39,Progressive,False,0.0
51,aftkd_hybrid,40,Abrupt,False,0.4167
51,aftkd_hybrid,41,Abrupt,False,0.2083
51,aftkd_hybrid,42,Progressive,False,0.0
51,aftkd_hybrid,43,Abrupt,False,0.3125
51,aftkd_hybrid,44,Abrupt,False,0.0
51,aftkd_hybrid,45,Abrupt,False,0.0
51,aftkd_hybrid,46,Abrupt,False,0.0
51,aftkd_hybrid,47,Progressive,False,0.0
51,aftkd_hybrid,48,Progressive,False,0.0
51,aftkd_hybrid,49,Progressive,False,0.0
51,aftkd_hybrid,50,Progressive,False,0.0
51,aftkd_hybrid,51,Progressive,False,0.0
51,aftkd_hybrid,52,Progressive,False,0.0
51,aftkd_hybrid,53,Abrupt,False,0.0
51,aftkd_hybrid,54,Progressive,False,0.0
51,aftkd_hybrid,55,Abrupt,False,0.0
51,aftkd_hybrid,56,Abrupt,False,0.0
51,aftkd_hybrid,57,Abrupt,False,0.0
51,aftkd_hybrid,58,Progressive,False,0.0
51,aftkd_hybrid,59,Progressive,False,0.0
51,aftkd_hybrid,60,Progressive,False,0.0
51,aftkd_hybrid,61,Progressive,False,0.4167
51,aftkd_hybrid,62,Abrupt,False,0.0
51,aftkd_hybrid,63,Abrupt,False,0.0
51,aftkd_hybrid,64,Abrupt,False,0.0
51,aftkd_hybrid,65,Abrupt,False,0.0
51,aftkd_hybrid,66,Progressive,False,0.0
51,aftkd_hybrid,67,Progressive,False,0.0
51,aftkd_hybrid,68,Progressive,False,0.0
51,aftkd_hybrid,69,Abrupt,False,0.0
51,aftkd_hybrid,70,Progressive,False,0.0
51,aftkd_hybrid,71,Progressive,False,0.0
51,aftkd_hybrid,72,Abrupt,False,0.0
51,aftkd_hybrid,73,Abrupt,False,0.0
51,aftkd_hybrid,74,Progressive,False,0.0
51,aftkd_hybrid,75,Abrupt,False,0.0
51,aftkd_hybrid,76,Progressive,False,0.0
51,aftkd_hybrid,77,Abrupt,False,0.0
51,aftkd_hybrid,78,Progressive,False,0.0
51,aftkd_hybrid,79,Abrupt,False,0.0
51,aftkd_hybrid,80,Progressive,False,0.0
51,aftkd_hybrid,81,Progressive,False,0.0
51,aftkd_hybrid,82,Progressive,False,0.4167
51,aftkd_hybrid,83,Progressive,False,0.0
51,aftkd_hybrid,84,Abrupt,False,0.0
51,aftkd_hybrid,85,Abrupt,False,0.0
51,aftkd_hybrid,86,Progressive,False,0.0
51,aftkd_hybrid,87,Abrupt,False,0.0
51,aftkd_hybrid,88,Progressive,False,0.0
51,aftkd_hybrid,89,Abrupt,False,0.3125
51,aftkd_hybrid,90,Progressive,False,0.0
51,aftkd_hybrid,91,Progressive,False,0.1042
51,aftkd_hybrid,92,Progressive,False,0.0
51,aftkd_hybrid,93,Abrupt,False,0.0
51,aftkd_hybrid,94,Progressive,False,0.0
51,aftkd_hybrid,95,Abrupt,False,0.0
51,aftkd_hybrid,96,Progressive,False,0.0
51,aftkd_hybrid,97,Progressive,False,0.0
51,aftkd_hybrid,98,Progressive,False,0.0
51,aftkd_hybrid,99,Progressive,False,0.0
51,aftkd_hybrid,100,Progressive,False,0.0
51,aftkd_hybrid,101,Abrupt,False,0.0
51,aftkd_hybrid,102,Progressive,False,0.0
51,aftkd_hybrid,103,Progressive,False,0.2083
51,aftkd_hybrid,104,Progressive,False,0.0
51,aftkd_hybrid,105,Progressive,False,0.2083
51,aftkd_hybrid,106,Progressive,False,0.0
51,aftkd_hybrid,107,Abrupt,False,0.1042
51,aftkd_hybrid,108,Progressive,False,0.0
51,aftkd_hybrid,109,Progressive,False,0.0
51,aftkd_hybrid,110,Progressive,False,0.0
51,aftkd_hybrid,111,Progressive,False,0.0
51,aftkd_hybrid,112,Abrupt,False,0.625
51,aftkd_hybrid,113,Progressive,False,0.0
51,aftkd_hybrid,114,Progressive,False,0.0
51,aftkd_hybrid,115,Progressive,False,0.0
51,aftkd_hybrid,116,Abrupt,False,0.0
51,aftkd_hybrid,117,Progressive,False,0.4167
51,aftkd_hybrid,118,Abrupt,False,0.3125
51,aftkd_hybrid,119,Progressive,False,0.0
52,baseline_fixed,0,Progressive,False,0.0
52,baseline_fixed,1,Progressive,False,0.0
52,baseline_fixed,2,Abrupt,False,1.0417
52,baseline_fixed,3,Abrupt,False,0.625
52,baseline_fixed,4,Progressive,False,0.0
52,baseline_fixed,5,Progressive,False,0.0
52,baseline_fixed,6,Abrupt,False,0.7292
52,baseline_fixed,7,Progressive,False,0.0
52,baseline_fixed,8,Progressive,False,0.0
52,baseline_fixed,9,Progressive,False,0.0
52,baseline_fixed,10,Progressive,False,0.0
52,baseline_fixed,11,Abrupt,False,0.625
52,baseline_fixed,12,Progressive,False,0.0
52,baseline_fixed,13,Progressive,False,0.0
52,baseline_fixed,14,Abrupt,False,0.5208
52,baseline_fixed,15,Progressive,False,0.0
52,baseline_fixed,16,Progressive,False,0.0
52,baseline_fixed,17,Abrupt,False,0.1042
52,baseline_fixed,18,Progressive,False,0.0
52,baseline_fixed,19,Progressive,False,0.0
52,baseline_fixed,20,Abrupt,False,1.875
52,baseline_fixed,21,Progressive,False,0.0
52,baseline_fixed,22,Abrupt,False,1.1458
52,baseline_fixed,23,Progressive,False,0.0
52,baseline_fixed,24,Abrupt,False,1.1458
52,baseline_fixed,25,Abrupt,False,0.7292
52,baseline_fixed,26,Abrupt,False,0.2083
52,baseline_fixed,27,Progressive,False,0.0
52,baseline_fixed,28,Progressive,False,0.0
52,baseline_fixed,29,Progressive,False,0.0
52,baseline_fixed,30,Progressive,False,0.0
52,baseline_fixed,31,Abrupt,False,1.1458
52,baseline_fixed,32,Progressive,False,0.0
52,baseline_fixed,33,Abrupt,False,0.5208
52,baseline_fixed,34,Abrupt,False,0.7292
52,baseline_fixed,35,Progressive,False,0.0
52,baseline_fixed,36,Abrupt,False,0.8333
52,baseline_fixed,37,Abrupt,False,1.1458
52,baseline_fixed,38,Progressive,False,0.0
52,baseline_fixed,39,Abrupt,False,0.5208
52,baseline_fixed,40,Progressive,False,0.0
52,baseline_fixed,41,Abrupt,False,0.625
52,baseline_fixed,42,Progressive,False,0.0
52,baseline_fixed,43,Progressive,False,0.0
52,baseline_fixed,44,Abrupt,False,1.0417
52,baseline_fixed,45,Progressive,False,0.0
52,baseline_fixed,46,Progressive,False,0.0
52,baseline_fixed,47,Progressive,False,0.0
52,baseline_fixed,48,Abrupt,False,0.4167
52,baseline_fixed,49,Abrupt,False,0.2083
52,baseline_fixed,50,Progressive,False,0.0
52,baseline_fixed,51,Progressive,False,0.0
52,baseline_fixed,52,Abrupt,False,0.2083
52,baseline_fixed,53,Abrupt,False,0.7292
52,baseline_fixed,54,Progressive,False,0.0
52,baseline_fixed,55,Abrupt,False,1.0417
52,baseline_fixed,56,Abrupt,False,0.5208
52,baseline_fixed,57,Abrupt,False,0.7292
52,baseline_fixed,58,Progressive,False,0.0
52,baseline_fixed,59,Abrupt,False,0.5208
52,baseline_fixed,60,Abrupt,False,0.5208
52,baseline_fixed,61,Progressive,False,0.0
52,baseline_fixed,62,Progressive,False,0.0
52,baseline_fixed,63,Abrupt,False,1.0417
52,baseline_fixed,64,Progressive,False,0.0
52,baseline_fixed,65,Progressive,False,0.0
52,baseline_fixed,66,Progressive,False,0.0
52,baseline_fixed,67,Abrupt,False,0.5208
52,baseline_fixed,68,Abrupt,False,0.2083
52,baseline_fixed,69,Abrupt,False,0.5208
52,baseline_fixed,70,Progressive,False,0.0
52,baseline_fixed,71,Progressive,False,0.0
52,baseline_fixed,72,Progressive,False,0.0
52,baseline_fixed,73,Abrupt,False,0.2083
52,baseline_fixed,74,Abrupt,False,0.1042
52,baseline_fixed,75,Progressive,False,0.0
52,baseline_fixed,76,Progressive,False,0.0
52,baseline_fixed,77,Progressive,False,0.0
52,baseline_fixed,78,Abrupt,False,0.5208
52,baseline_fixed,79,Abrupt,False,0.1042
52,baseline_fixed,80,Abrupt,False,1.25
52,baseline_fixed,81,Progressive,False,0.0
52,baseline_fixed,82,Progressive,False,0.0
52,baseline_fixed,83,Progressive,False,0.0
52,baseline_fixed,84,Progressive,False,0.0
52,baseline_fixed,85,Abrupt,False,0.1042
52,baseline_fixed,86,Progressive,False,0.0
52,baseline_fixed,87,Abrupt,False,1.0417
52,baseline_fixed,88,Abrupt,False,0.5208
52,baseline_fixed,89,Progressive,False,0.0
52,baseline_fixed,90,Progressive,False,0.0
52,baseline_fixed,91,Progressive,False,0.0
52,baseline_fixed,92,Progressive,False,0.0
52,baseline_fixed,93,Progressive,False,0.0
52,baseline_fixed,94,Progressive,False,0.0
52,baseline_fixed,95,Abrupt,False,0.9375
52,baseline_fixed,96,Abrupt,False,1.1458
52,baseline_fixed,97,Progressive,False,0.0
52,baseline_fixed,98,Progressive,False,0.0
52,baseline_fixed,99,Abrupt,False,0.2083
52,baseline_fixed,100,Progressive,False,0.0
52,baseline_fixed,101,Progressive,False,0.0
52,baseline_fixed,102,Progressive,False,0.0
52,baseline_fixed,103,Abrupt,False,0.5208
52,baseline_fixed,104,Abrupt,False,0.7292
52,baseline_fixed,105,Progressive,False,0.0
52,baseline_fixed,106,Progressive,False,0.0
52,baseline_fixed,107,Progressive,False,0.0
52,baseline_fixed,108,Abrupt,False,0.9375
52,baseline_fixed,109,Progressive,False,0.0
52,baseline_fixed,110,Progressive,False,0.0
52,baseline_fixed,111,Progressive,False,0.0
52,baseline_fixed,112,Progressive,False,0.0
52,baseline_fixed,113,Progressive,False,0.0
52,baseline_fixed,114,Progressive,False,0.0
52,baseline_fixed,115,Progressive,False,0.0
52,baseline_fixed,116,Progressive,False,0.0
52,baseline_fixed,117,Abrupt,False,0.5208
52,baseline_fixed,118,Progressive,False,0.0
52,baseline_fixed,119,Abrupt,False,0.2083
52,baseline_hybrid,0,Progressive,False,0.0
52,baseline_hybrid,1,Progressive,False,0.0
52,baseline_hybrid,2,Abrupt,False,1.25
52,baseline_hybrid,3,Abrupt,False,0.8333
52,baseline_hybrid,4,Progressive,False,0.0
52,baseline_hybrid,5,Progressive,False,0.0
52,baseline_hybrid,6,Abrupt,False,0.9375
52,baseline_hybrid,7,Progressive,False,0.0
52,baseline_hybrid,8,Progressive,False,0.0
52,baseline_hybrid,9,Progressive,False,0.0
52,baseline_hybrid,10,Progressive,False,0.0
52,baseline_hybrid,11,Abrupt,False,0.625
52,baseline_hybrid,12,Progressive,False,0.0
52,baseline_hybrid,13,Progressive,False,0.0
52,baseline_hybrid,14,Abrupt,False,0.7292
52,baseline_hybrid,15,Progressive,False,0.0
52,baseline_hybrid,16,Progressive,False,0.0
52,baseline_hybrid,17,Abrupt,False,0.1042
52,baseline_hybrid,18,Progressive,False,0.0
52,baseline_hybrid,19,Progressive,False,0.0
52,baseline_hybrid,20,Abrupt,False,2.3958
52,baseline_hybrid,21,Progressive,False,0.0
52,baseline_hybrid,22,Abrupt,False,1.1458
52,baseline_hybrid,23,Progressive,False,0.0
52,baseline_hybrid,24,Abrupt,False,1.4583
52,baseline_hybrid,25,Abrupt,False,0.7292
52,baseline_hybrid,26,Abrupt,False,0.4167
52,baseline_hybrid,27,Progressive,False,0.0
52,baseline_hybrid,28,Progressive,False,0.0
52,baseline_hybrid,29,Progressive,False,0.0
52,baseline_hybrid,30,Progressive,False,0.0
52,baseline_hybrid,31,Abrupt,False,1.1458
52,baseline_hybrid,32,Progressive,False,0.0
52,baseline_hybrid,33,Abrupt,False,0.5208
52,baseline_hybrid,34,Abrupt,False,0.8333
52,baseline_hybrid,35,Progressive,False,0.0
52,baseline_hybrid,36,Abrupt,False,0.9375
52,baseline_hybrid,37,Abrupt,False,1.1458
52,baseline_hybrid,38,Progressive,False,0.0
52,baseline_hybrid,39,Abrupt,False,0.8333
52,baseline_hybrid,40,Progressive,False,0.0
52,baseline_hybrid,41,Abrupt,False,0.625
52,baseline_hybrid,42,Progressive,False,0.0
52,baseline_hybrid,43,Progressive,False,0.0
52,baseline_hybrid,44,Abrupt,False,1.1458
52,baseline_hybrid,45,Progressive,False,0.0
52,baseline_hybrid,46,Progressive,False,0.0
52,baseline_hybrid,47,Progressive,False,0.0
52,baseline_hybrid,48,Abrupt,False,0.4167
52,baseline_hybrid,49,Abrupt,False,0.2083
52,baseline_hybrid,50,Progressive,False,0.0
52,baseline_hybrid,51,Progressive,False,0.0
52,baseline_hybrid,52,Abrupt,False,0.2083
52,baseline_hybrid,53,Abrupt,False,1.0417
52,baseline_hybrid,54,Progressive,False,0.0
52,baseline_hybrid,55,Abrupt,False,1.0417
52,baseline_hybrid,56,Abrupt,False,0.7292
52,baseline_hybrid,57,Abrupt,False,0.7292
52,baseline_hybrid,58,Progressive,False,0.0
52,baseline_hybrid,59,Abrupt,False,0.5208
52,baseline_hybrid,60,Abrupt,False,0.5208
52,baseline_hybrid,61,Progressive,False,0.0
52,baseline_hybrid,62,Progressive,False,0.0
52,baseline_hybrid,63,Abrupt,False,1.0417
52,baseline_hybrid,64,Progressive,False,0.0
52,baseline_hybrid,65,Progressive,False,0.0
52,baseline_hybrid,66,Progressive,False,0.0
52,baseline_hybrid,67,Abrupt,False,0.625
52,baseline_hybrid,68,Abrupt,False,0.2083
52,baseline_hybrid,69,Abrupt,False,0.9375
52,baseline_hybrid,70,Progressive,False,0.0
52,baseline_hybrid,71,Progressive,False,0.0
52,baseline_hybrid,72,Progressive,False,0.0
52,baseline_hybrid,73,Abrupt,False,0.3125
52,baseline_hybrid,74,Abrupt,False,0.1042
52,baseline_hybrid,75,Progressive,False,0.0
52,baseline_hybrid,76,Progressive,False,0.0
52,baseline_hybrid,77,Progressive,False,0.0
52,baseline_hybrid,78,Abrupt,False,0.5208
52,baseline_hybrid,79,Abrupt,False,0.1042
52,baseline_hybrid,80,Abrupt,False,1.3542
52,baseline_hybrid,81,Progressive,False,0.0
52,baseline_hybrid,82,Progressive,False,0.0
52,baseline_hybrid,83,Progressive,False,0.0
52,baseline_hybrid,84,Progressive,False,0.2083
52,baseline_hybrid,85,Abrupt,False,0.1042
52,baseline_hybrid,86,Progressive,False,0.0
52,baseline_hybrid,87,Abrupt,False,1.0417
52,baseline_hybrid,88,Abrupt,False,0.5208
52,baseline_hybrid,89,Progressive,False,0.0
52,baseline_hybrid,90,Progressive,False,0.0
52,baseline_hybrid,91,Progressive,False,0.4167
52,baseline_hybrid,92,Progressive,False,0.0
52,baseline_hybrid,93,Progressive,False,0.0
52,baseline_hybrid,94,Progressive,False,0.0
52,baseline_hybrid,95,Abrupt,False,0.9375
52,baseline_hybrid,96,Abrupt,False,1.4583
52,baseline_hybrid,97,Progressive,False,0.0
52,baseline_hybrid,98,Progressive,False,0.0
52,baseline_hybrid,99,Abrupt,False,0.2083
52,baseline_hybrid,100,Progressive,False,0.0
52,baseline_hybrid,101,Progressive,False,0.0
52,baseline_hybrid,102,Progressive,False,0.0
52,baseline_hybrid,103,Abrupt,False,0.5208
52,baseline_hybrid,104,Abrupt,False,0.7292
52,baseline_hybrid,105,Progressive,False,0.0
52,baseline_hybrid,106,Progressive,False,0.0
52,baseline_hybrid,107,Progressive,False,0.0
52,baseline_hybrid,108,Abrupt,False,1.0417
52,baseline_hybrid,109,Progressive,False,0.0
52,baseline_hybrid,110,Progressive,False,0.0
52,baseline_hybrid,111,Progressive,False,0.3125
52,baseline_hybrid,112,Progressive,False,0.0
52,baseline_hybrid,113,Progressive,False,0.0
52,baseline_hybrid,114,Progressive,False,0.0
52,baseline_hybrid,115,Progressive,False,0.0
52,baseline_hybrid,116,Progressive,False,0.0
52,baseline_hybrid,117,Abrupt,False,0.7292
52,baseline_hybrid,118,Progressive,False,0.0
52,baseline_hybrid,119,Abrupt,False,0.2083
52,aftkd_fixed,0,Progressive,False,0.0
52,aftkd_fixed,1,Progressive,False,0.0
52,aftkd_fixed,2,Abrupt,False,0.0
52,aftkd_fixed,3,Abrupt,False,0.0
52,aftkd_fixed,4,Progressive,False,0.0
52,aftkd_fixed,5,Progressive,False,0.0
52,aftkd_fixed,6,Abrupt,False,0.0
52,aftkd_fixed,7,Progressive,False,0.0
52,aftkd_fixed,8,Progressive,False,0.0
52,aftkd_fixed,9,Progressive,False,0.0
52,aftkd_fixed,10,Progressive,False,0.0
52,aftkd_fixed,11,Abrupt,False,0.0
52,aftkd_fixed,12,Progressive,False,0.0
52,aftkd_fixed,13,Progressive,False,0.0
52,aftkd_fixed,14,Abrupt,False,0.0
52,aftkd_fixed,15,Progressive,False,0.0
52,aftkd_fixed,16,Progressive,False,0.0
52,aftkd_fixed,17,Abrupt,False,0.0
52,aftkd_fixed,18,Progressive,False,0.0
52,aftkd_fixed,19,Progressive,False,0.0
52,aftkd_fixed,20,Abrupt,False,0.0
52,aftkd_fixed,21,Progressive,False,0.0
52,aftkd_fixed,22,Abrupt,False,0.0
52,aftkd_fixed,23,Progressive,False,0.0
52,aftkd_fixed,24,Abrupt,False,0.0
52,aftkd_fixed,25,Abrupt,False,0.0
52,aftkd_fixed,26,Abrupt,False,0.0
52,aftkd_fixed,27,Progressive,False,0.0
52,aftkd_fixed,28,Progressive,False,0.0
52,aftkd_fixed,29,Progressive,False,0.0
52,aftkd_fixed,30,Progressive,False,0.0
52,aftkd_fixed,31,Abrupt,False,0.0
52,aftkd_fixed,32,Progressive,False,0.0
52,aftkd_fixed,33,Abrupt,False,0.0
52,aftkd_fixed,34,Abrupt,False,0.0
52,aftkd_fixed,35,Progressive,False,0.0
52,aftkd_fixed,36,Abrupt,False,0.0
52,aftkd_fixed,37,Abrupt,False,0.0
52,aftkd_fixed,38,Progressive,False,0.0
52,aftkd_fixed,39,Abrupt,False,0.0
52,aftkd_fixed,40,Progressive,False,0.0
52,aftkd_fixed,41,Abrupt,False,0.0
52,aftkd_fixed,42,Progressive,False,0.0
52,aftkd_fixed,43,Progressive,False,0.0
52,aftkd_fixed,44,Abrupt,False,0.0
52,aftkd_fixed,45,Progressive,False,0.0
52,aftkd_fixed,46,Progressive,False,0.0
52,aftkd_fixed,47,Progressive,False,0.0
52,aftkd_fixed,48,Abrupt,False,0.0
52,aftkd_fixed,49,Abrupt,False,0.0
52,aftkd_fixed,50,Progressive,False,0.0
52,aftkd_fixed,51,Progressive,False,0.1042
52,aftkd_fixed,52,Abrupt,False,0.0
52,aftkd_fixed,53,Abrupt,False,0.0
52,aftkd_fixed,54,Progressive,False,0.0
52,aftkd_fixed,55,Abrupt,False,0.0
52,aftkd_fixed,56,Abrupt,False,0.0
52,aftkd_fixed,57,Abrupt,False,0.0
52,aftkd_fixed,58,Progressive,False,0.0
52,aftkd_fixed,59,Abrupt,False,0.0
52,aftkd_fixed,60,Abrupt,False,0.0
52,aftkd_fixed,61,Progressive,False,0.0
52,aftkd_fixed,62,Progressive,False,0.0
52,aftkd_fixed,63,Abrupt,False,0.0
52,aftkd_fixed,64,Progressive,False,0.0
52,aftkd_fixed,65,Progressive,False,0.0
52,aftkd_fixed,66,Progressive,False,0.0
52,aftkd_fixed,67,Abrupt,False,0.0
52,aftkd_fixed,68,Abrupt,False,0.0
52,aftkd_fixed,69,Abrupt,False,0.0
52,aftkd_fixed,70,Progressive,False,0.0
52,aftkd_fixed,71,Progressive,False,0.0
52,aftkd_fixed,72,Progressive,False,0.0
52,aftkd_fixed,73,Abrupt,False,0.0
52,aftkd_fixed,74,Abrupt,False,0.0
52,aftkd_fixed,75,Progressive,False,0.0
52,aftkd_fixed,76,Progressive,False,0.0
52,aftkd_fixed,77,Progressive,False,0.0
52,aftkd_fixed,78,Abrupt,False,0.0
52,aftkd_fixed,79,Abrupt,False,0.0
52,aftkd_fixed,80,Abrupt,False,0.0
52,aftkd_fixed,81,Progressive,False,0.0
52,aftkd_fixed,82,Progressive,False,0.0
52,aftkd_fixed,83,Progressive,False,0.0
52,aftkd_fixed,84,Progressive,False,0.0
52,aftkd_fixed,85,Abrupt,False,0.0
52,aftkd_fixed,86,Progressive,False,0.0
52,aftkd_fixed,87,Abrupt,False,0.0
52,aftkd_fixed,88,Abrupt,False,0.0
52,aftkd_fixed,89,Progressive,False,0.0
52,aftkd_fixed,90,Progressive,False,0.0
52,aftkd_fixed,91,Progressive,False,0.3125
52,aftkd_fixed,92,Progressive,False,0.0
52,aftkd_fixed,93,Progressive,False,0.0
52,aftkd_fixed,94,Progressive,False,0.0
52,aftkd_fixed,95,Abrupt,False,0.0
52,aftkd_fixed,96,Abrupt,False,0.0
52,aftkd_fixed,97,Progressive,False,0.0
52,aftkd_fixed,98,Progressive,False,0.0
52,aftkd_fixed,99,Abrupt,False,0.0
52,aftkd_fixed,100,Progressive,False,0.0
52,aftkd_fixed,101,Progressive,False,0.0
52,aftkd_fixed,102,Progressive,False,0.0
52,aftkd_fixed,103,Abrupt,False,0.0
52,aftkd_fixed,104,Abrupt,False,0.0
52,aftkd_fixed,105,Progressive,False,0.1042
52,aftkd_fixed,106,Progressive,False,0.0
52,aftkd_fixed,107,Progressive,False,0.0
52,aftkd_fixed,108,Abrupt,False,0.0
52,aftkd_fixed,109,Progressive,False,0.0
52,aftkd_fixed,110,Progressive,False,0.0
52,aftkd_fixed,111,Progressive,False,0.0
52,aftkd_fixed,112,Progressive,False,0.0
52,aftkd_fixed,113,Progressive,False,0.0
52,aftkd_fixed,114,Progressive,False,0.0
52,aftkd_fixed,115,Progressive,False,0.0
52,aftkd_fixed,116,Progressive,False,0.0
52,aftkd_fixed,117,Abrupt,False,0.0
52,aftkd_fixed,118,Progressive,False,0.0
52,aftkd_fixed,119,Abrupt,False,0.0
52,aftkd_hybrid,0,Progressive,False,0.0
52,aftkd_hybrid,1,Progressive,False,0.0
52,aftkd_hybrid,2,Abrupt,False,0.0
52,aftkd_hybrid,3,Abrupt,False,0.0
52,aftkd_hybrid,4,Progressive,False,0.1042
52,aftkd_hybrid,5,Progressive,False,0.0
52,aftkd_hybrid,6,Abrupt,False,0.0
52,aftkd_hybrid,7,Progressive,False,0.0
52,aftkd_hybrid,8,Progressive,False,0.0
52,aftkd_hybrid,9,Progressive,False,0.0
52,aftkd_hybrid,10,Progressive,False,0.0
52,aftkd_hybrid,11,Abrupt,False,0.1042
52,aftkd_hybrid,12,Progressive,False,0.0
52,aftkd_hybrid,13,Progressive,False,0.0
52,aftkd_hybrid,14,Abrupt,False,0.0
52,aftkd_hybrid,15,Progressive,False,0.0
52,aftkd_hybrid,16,Progressive,False,0.0
52,aftkd_hybrid,17,Abrupt,False,0.0
52,aftkd_hybrid,18,Progressive,False,0.0
52,aftkd_hybrid,19,Progressive,False,0.0
52,aftkd_hybrid,20,Abrupt,False,0.0
52,aftkd_hybrid,21,Progressive,False,0.0
52,aftkd_hybrid,22,Abrupt,False,0.0
52,aftkd_hybrid,23,Progressive,False,0.0
52,aftkd_hybrid,24,Abrupt,False,0.0
52,aftkd_hybrid,25,Abrupt,False,0.0
52,aftkd_hybrid,26,Abrupt,False,0.0
52,aftkd_hybrid,27,Progressive,False,0.0
52,aftkd_hybrid,28,Progressive,False,0.0
52,aftkd_hybrid,29,Progressive,False,0.0
52,aftkd_hybrid,30,Progressive,False,0.0
52,aftkd_hybrid,31,Abrupt,False,0.0
52,aftkd_hybrid,32,Progressive,False,0.0
52,aftkd_hybrid,33,Abrupt,False,0.0
52,aftkd_hybrid,34,Abrupt,False,0.0
52,aftkd_hybrid,35,Progressive,False,0.0
52,aftkd_hybrid,36,Abrupt,False,0.0
52,aftkd_hybrid,37,Abrupt,False,0.1042
52,aftkd_hybrid,38,Progressive,False,0.0
52,aftkd_hybrid,39,Abrupt,False,0.0
52,aftkd_hybrid,40,Progressive,False,0.0
52,aftkd_hybrid,41,Abrupt,False,0.0
52,aftkd_hybrid,42,Progressive,False,0.1042
52,aftkd_hybrid,43,Progressive,False,0.0
52,aftkd_hybrid,44,Abrupt,False,0.0
52,aftkd_hybrid,45,Progressive,False,0.0
52,aftkd_hybrid,46,Progressive,False,0.0
52,aftkd_hybrid,47,Progressive,False,0.0
52,aftkd_hybrid,48,Abrupt,False,0.0
52,aftkd_hybrid,49,Abrupt,False,0.0
52,aftkd_hybrid,50,Progressive,False,0.0
52,aftkd_hybrid,51,Progressive,False,0.1042
52,aftkd_hybrid,52,Abrupt,False,0.0
52,aftkd_hybrid,53,Abrupt,False,0.0
52,aftkd_hybrid,54,Progressive,False,0.0
52,aftkd_hybrid,55,Abrupt,False,0.0
52,aftkd_hybrid,56,Abrupt,False,0.0
52,aftkd_hybrid,57,Abrupt,False,0.1042
52,aftkd_hybrid,58,Progressive,False,0.0
52,aftkd_hybrid,59,Abrupt,False,0.0
52,aftkd_hybrid,60,Abrupt,False,0.0
52,aftkd_hybrid,61,Progressive,False,0.0
52,aftkd_hybrid,62,Progressive,False,0.0
52,aftkd_hybrid,63,Abrupt,False,0.0
52,aftkd_hybrid,64,Progressive,False,0.0
52,aftkd_hybrid,65,Progressive,False,0.0
52,aftkd_hybrid,66,Progressive,False,0.0
52,aftkd_hybrid,67,Abrupt,False,0.0
52,aftkd_hybrid,68,Abrupt,False,0.0
52,aftkd_hybrid,69,Abrupt,False,0.0
52,aftkd_hybrid,70,Progressive,False,0.0
52,aftkd_hybrid,71,Progressive,False,0.0
52,aftkd_hybrid,72,Progressive,False,0.0
52,aftkd_hybrid,73,Abrupt,False,0.0
52,aftkd_hybrid,74,Abrupt,False,0.0
52,aftkd_hybrid,75,Progressive,False,0.0
52,aftkd_hybrid,76,Progressive,False,0.0
52,aftkd_hybrid,77,Progressive,False,0.1042
52,aftkd_hybrid,78,Abrupt,False,0.0
52,aftkd_hybrid,79,Abrupt,False,0.0
52,aftkd_hybrid,80,Abrupt,False,0.0
52,aftkd_hybrid,81,Progressive,False,0.0
52,aftkd_hybrid,82,Progressive,False,0.1042
52,aftkd_hybrid,83,Progressive,False,0.0
52,aftkd_hybrid,84,Progressive,False,0.2083
52,aftkd_hybrid,85,Abrupt,False,0.0
52,aftkd_hybrid,86,Progressive,False,0.0
52,aftkd_hybrid,87,Abrupt,False,0.0
52,aftkd_hybrid,88,Abrupt,False,0.0
52,aftkd_hybrid,89,Progressive,False,0.0
52,aftkd_hybrid,90,Progressive,False,0.0
52,aftkd_hybrid,91,Progressive,False,0.4167
52,aftkd_hybrid,92,Progressive,False,0.0
52,aftkd_hybrid,93,Progressive,False,0.0
52,aftkd_hybrid,94,Progressive,False,0.0
52,aftkd_hybrid,95,Abrupt,False,0.0
52,aftkd_hybrid,96,Abrupt,False,0.0
52,aftkd_hybrid,97,Progressive,False,0.0
52,aftkd_hybrid,98,Progressive,False,0.0
52,aftkd_hybrid,99,Abrupt,False,0.0
52,aftkd_hybrid,100,Progressive,False,0.0
52,aftkd_hybrid,101,Progressive,False,0.0
52,aftkd_hybrid,102,Progressive,False,0.0
52,aftkd_hybrid,103,Abrupt,False,0.0
52,aftkd_hybrid,104,Abrupt,False,0.0
52,aftkd_hybrid,105,Progressive,False,0.5208
52,aftkd_hybrid,106,Progressive,False,0.0
52,aftkd_hybrid,107,Progressive,False,0.0
52,aftkd_hybrid,108,Abrupt,False,0.0
52,aftkd_hybrid,109,Progressive,False,0.0
52,aftkd_hybrid,110,Progressive,False,0.0
52,aftkd_hybrid,111,Progressive,False,0.3125
52,aftkd_hybrid,112,Progressive,False,0.0
52,aftkd_hybrid,113,Progressive,False,0.0
52,aftkd_hybrid,114,Progressive,False,0.0
52,aftkd_hybrid,115,Progressive,False,0.0
52,aftkd_hybrid,116,Progressive,False,0.0
52,aftkd_hybrid,117,Abrupt,False,0.0
52,aftkd_hybrid,118,Progressive,False,0.0
52,aftkd_hybrid,119,Abrupt,False,0.0
53,baseline_fixed,0,Abrupt,False,0.625
53,baseline_fixed,1,Abrupt,False,1.25
53,baseline_fixed,2,Abrupt,True,10.0
53,baseline_fixed,3,Progressive,False,0.0
53,baseline_fixed,4,Progressive,False,0.0
53,baseline_fixed,5,Abrupt,False,0.7292
53,baseline_fixed,6,Progressive,False,0.0
53,baseline_fixed,7,Abrupt,True,10.0
53,baseline_fixed,8,Abrupt,False,1.25
53,baseline_fixed,9,Abrupt,False,0.7292
53,baseline_fixed,10,Progressive,False,0.0
53,baseline_fixed,11,Progressive,False,0.0
53,baseline_fixed,12,Progressive,False,0.0
53,baseline_fixed,13,Progressive,False,0.0
53,baseline_fixed,14,Progressive,False,0.0
53,baseline_fixed,15,Progressive,False,0.1042
53,baseline_fixed,16,Progressive,False,0.0
53,baseline_fixed,17,Progressive,False,0.0
53,baseline_fixed,18,Progressive,False,0.0
53,baseline_fixed,19,Abrupt,False,1.875
53,baseline_fixed,20,Abrupt,True,10.0
53,baseline_fixed,21,Progressive,False,0.0
53,baseline_fixed,22,Abrupt,True,10.0
53,baseline_fixed,23,Abrupt,False,1.3542
53,baseline_fixed,24,Abrupt,True,10.0
53,baseline_fixed,25,Abrupt,False,1.3542
53,baseline_fixed,26,Progressive,False,0.0
53,baseline_fixed,27,Progressive,False,0.0
53,baseline_fixed,28,Abrupt,True,10.0
53,baseline_fixed,29,Abrupt,False,0.7292
53,baseline_fixed,30,Progressive,False,0.0
53,baseline_fixed,31,Progressive,False,0.0
53,baseline_fixed,32,Progressive,False,0.0
53,baseline_fixed,33,Abrupt,True,10.0
53,baseline_fixed,34,Progressive,False,0.1042
53,baseline_fixed,35,Progressive,False,0.0
53,baseline_fixed,36,Abrupt,False,1.1458
53,baseline_fixed,37,Abrupt,False,1.3542
53,baseline_fixed,38,Progressive,False,0.0
53,baseline_fixed,39,Abrupt,False,1.25
53,baseline_fixed,40,Progressive,False,0.0
53,baseline_fixed,41,Abrupt,False,1.1458
53,baseline_fixed,42,Progressive,False,0.0
53,baseline_fixed,43,Progressive,False,0.0
53,baseline_fixed,44,Abrupt,True,10.0
53,baseline_fixed,45,Progressive,False,0.0
53,baseline_fixed,46,Abrupt,False,0.8333
53,baseline_fixed,47,Abrupt,True,10.0
53,baseline_fixed,48,Abrupt,True,10.0
53,baseline_fixed,49,Abrupt,True,10.0
53,baseline_fixed,50,Abrupt,False,1.3542
53,baseline_fixed,51,Progressive,False,0.0
53,baseline_fixed,52,Abrupt,False,1.9792
53,baseline_fixed,53,Abrupt,True,10.0
53,baseline_fixed,54,Progressive,False,0.0
53,baseline_fixed,55,Progressive,False,0.0
53,baseline_fixed,56,Progressive,False,0.0
53,baseline_fixed,57,Progressive,False,0.0
53,baseline_fixed,58,Progressive,False,0.0
53,baseline_fixed,59,Progressive,False,0.0
53,baseline_fixed,60,Progressive,False,0.0
53,baseline_fixed,61,Progressive,False,0.0
53,baseline_fixed,62,Progressive,False,0.0
53,baseline_fixed,63,Progressive,False,0.2083
53,baseline_fixed,64,Abrupt,True,10.0
53,baseline_fixed,65,Progressive,False,0.0
53,baseline_fixed,66,Abrupt,False,1.25
53,baseline_fixed,67,Progressive,False,0.0
53,baseline_fixed,68,Progressive,False,0.0
53,baseline_fixed,69,Progressive,False,0.0
53,baseline_fixed,70,Progressive,False,0.0
53,baseline_fixed,71,Progressive,False,0.0
53,baseline_fixed,72,Abrupt,False,0.7292
53,baseline_fixed,73,Progressive,False,0.0
53,baseline_fixed,74,Progressive,False,0.0
53,baseline_fixed,75,Progressive,False,0.0
53,baseline_fixed,76,Progressive,False,0.0
53,baseline_fixed,77,Progressive,False,0.0
53,baseline_fixed,78,Abrupt,False,1.1458
53,baseline_fixed,79,Progressive,False,0.1042
53,baseline_fixed,80,Abrupt,False,1.25
53,baseline_fixed,81,Abrupt,False,1.1458
53,baseline_fixed,82,Progressive,False,0.0
53,baseline_fixed,83,Abrupt,True,10.0
53,baseline_fixed,84,Abrupt,True,10.0
53,baseline_fixed,85,Abrupt,False,1.9792
53,baseline_fixed,86,Abrupt,False,1.6667
53,baseline_fixed,87,Progressive,False,0.0
53,baseline_fixed,88,Progressive,False,0.0
53,baseline_fixed,89,Progressive,False,0.0
53,baseline_fixed,90,Abrupt,False,0.5208
53,baseline_fixed,91,Progressive,False,0.1042
53,baseline_fixed,92,Progressive,False,0.0
53,baseline_fixed,93,Progressive,False,0.0
53,baseline_fixed,94,Progressive,False,0.0
53,baseline_fixed,95,Progressive,False,0.0
53,baseline_fixed,96,Progressive,False,0.0
53,baseline_fixed,97,Progressive,False,0.0
53,baseline_fixed,98,Progressive,False,0.0
53,baseline_fixed,99,Progressive,False,0.0
53,baseline_fixed,100,Progressive,False,0.0
53,baseline_fixed,101,Progressive,False,0.0
53,baseline_fixed,102,Abrupt,True,10.0
53,baseline_fixed,103,Progressive,False,0.0
53,baseline_fixed,104,Abrupt,False,0.7292
53,baseline_fixed,105,Progressive,False,0.0
53,baseline_fixed,106,Abrupt,False,0.9375
53,baseline_fixed,107,Progressive,False,0.0
53,baseline_fixed,108,Progressive,False,0.0
53,baseline_fixed,109,Abrupt,True,10.0
53,baseline_fixed,110,Progressive,False,0.0
53,baseline_fixed,111,Abrupt,True,10.0
53,baseline_fixed,112,Abrupt,True,10.0
53,baseline_fixed,113,Abrupt,False,0.7292
53,baseline_fixed,114,Abrupt,False,0.7292
53,baseline_fixed,115,Progressive,False,0.0
53,baseline_fixed,116,Abrupt,False,0.8333
53,baseline_fixed,117,Progressive,False,0.1042
53,baseline_fixed,118,Progressive,False,0.0
53,baseline_fixed,119,Progressive,False,0.0
53,baseline_hybrid,0,Abrupt,False,0.625
53,baseline_hybrid,1,Abrupt,False,1.4583
53,baseline_hybrid,2,Abrupt,True,10.0
53,baseline_hybrid,3,Progressive,False,0.1042
53,baseline_hybrid,4,Progressive,False,0.0
53,baseline_hybrid,5,Abrupt,False,0.7292
53,baseline_hybrid,6,Progressive,False,0.0
53,baseline_hybrid,7,Abrupt,True,10.0
53,baseline_hybrid,8,Abrupt,False,1.3542
53,baseline_hybrid,9,Abrupt,False,0.7292
53,baseline_hybrid,10,Progressive,False,0.0
53,baseline_hybrid,11,Progressive,False,0.0
53,baseline_hybrid,12,Progressive,False,0.0
53,baseline_hybrid,13,Progressive,False,0.1042
53,baseline_hybrid,14,Progressive,False,0.0
53,baseline_hybrid,15,Progressive,False,0.1042
53,baseline_hybrid,16,Progressive,False,0.1042
53,baseline_hybrid,17,Progressive,False,0.0
53,baseline_hybrid,18,Progressive,False,0.0
53,baseline_hybrid,19,Abrupt,False,1.875
53,baseline_hybrid,20,Abrupt,True,10.0
53,baseline_hybrid,21,Progressive,False,0.2083
53,baseline_hybrid,22,Abrupt,True,10.0
53,baseline_hybrid,23,Abrupt,False,1.3542
53,baseline_hybrid,24,Abrupt,True,10.0
53,baseline_hybrid,25,Abrupt,False,1.4583
53,baseline_hybrid,26,Progressive,False,0.1042
53,baseline_hybrid,27,Progressive,False,0.0
53,baseline_hybrid,28,Abrupt,True,10.0
53,baseline_hybrid,29,Abrupt,False,0.7292
53,baseline_hybrid,30,Progressive,False,0.0
53,baseline_hybrid,31,Progressive,False,0.0
53,baseline_hybrid,32,Progressive,False,0.0
53,baseline_hybrid,33,Abrupt,True,10.0
53,baseline_hybrid,34,Progressive,False,0.1042
53,baseline_hybrid,35,Progressive,False,0.0
53,baseline_hybrid,36,Abrupt,False,1.1458
53,baseline_hybrid,37,Abrupt,False,1.3542
53,baseline_hybrid,38,Progressive,False,0.0
53,baseline_hybrid,39,Abrupt,False,1.25
53,baseline_hybrid,40,Progressive,False,0.0
53,baseline_hybrid,41,Abrupt,False,1.1458
53,baseline_hybrid,42,Progressive,False,0.0
53,baseline_hybrid,43,Progressive,False,0.0
53,baseline_hybrid,44,Abrupt,True,10.0
53,baseline_hybrid,45,Progressive,False,0.0
53,baseline_hybrid,46,Abrupt,False,0.8333
53,baseline_hybrid,47,Abrupt,True,10.0
53,baseline_hybrid,48,Abrupt,True,10.0
53,baseline_hybrid,49,Abrupt,True,10.0
53,baseline_hybrid,50,Abrupt,False,1.3542
53,baseline_hybrid,51,Progressive,False,0.0
53,baseline_hybrid,52,Abrupt,False,1.9792
53,baseline_hybrid,53,Abrupt,True,10.0
53,baseline_hybrid,54,Progressive,False,0.0
53,baseline_hybrid,55,Progressive,False,0.0
53,baseline_hybrid,56,Progressive,False,0.0
53,baseline_hybrid,57,Progressive,False,0.0
53,baseline_hybrid,58,Progressive,False,0.0
53,baseline_hybrid,59,Progressive,False,0.0
53,baseline_hybrid,60,Progressive,False,0.0
53,baseline_hybrid,61,Progressive,False,0.625
53,baseline_hybrid,62,Progressive,False,0.0
53,baseline_hybrid,63,Progressive,False,0.2083
53,baseline_hybrid,64,Abrupt,True,10.0
53,baseline_hybrid,65,Progressive,False,0.0
53,baseline_hybrid,66,Abrupt,False,1.25
53,baseline_hybrid,67,Progressive,False,0.0
53,baseline_hybrid,68,Progressive,False,0.0
53,baseline_hybrid,69,Progressive,False,0.0
53,baseline_hybrid,70,Progressive,False,0.0
53,baseline_hybrid,71,Progressive,False,0.3125
53,baseline_hybrid,72,Abrupt,False,0.8333
53,baseline_hybrid,73,Progressive,False,0.0
53,baseline_hybrid,74,Progressive,False,0.0
53,baseline_hybrid,75,Progressive,False,0.0
53,baseline_hybrid,76,Progressive,False,0.0
53,baseline_hybrid,77,Progressive,False,0.0
53,baseline_hybrid,78,Abrupt,False,1.4583
53,baseline_hybrid,79,Progressive,False,0.1042
53,baseline_hybrid,80,Abrupt,False,1.3542
53,baseline_hybrid,81,Abrupt,False,1.1458
53,baseline_hybrid,82,Progressive,False,0.0
53,baseline_hybrid,83,Abrupt,True,10.0
53,baseline_hybrid,84,Abrupt,True,10.0
53,baseline_hybrid,85,Abrupt,False,1.9792
53,baseline_hybrid,86,Abrupt,False,1.875
53,baseline_hybrid,87,Progressive,False,0.0
53,baseline_hybrid,88,Progressive,False,0.4167
53,baseline_hybrid,89,Progressive,False,0.0
53,baseline_hybrid,90,Abrupt,False,0.5208
53,baseline_hybrid,91,Progressive,False,0.4167
53,baseline_hybrid,92,Progressive,False,0.1042
53,baseline_hybrid,93,Progressive,False,0.0
53,baseline_hybrid,94,Progressive,False,0.0
53,baseline_hybrid,95,Progressive,False,0.0
53,baseline_hybrid,96,Progressive,False,0.0
53,baseline_hybrid,97,Progressive,False,0.0
53,baseline_hybrid,98,Progressive,False,0.0
53,baseline_hybrid,99,Progressive,False,0.0
53,baseline_hybrid,100,Progressive,False,0.0
53,baseline_hybrid,101,Progressive,False,0.0
53,baseline_hybrid,102,Abrupt,True,10.0
53,baseline_hybrid,103,Progressive,False,0.0
53,baseline_hybrid,104,Abrupt,False,0.7292
53,baseline_hybrid,105,Progressive,False,0.0
53,baseline_hybrid,106,Abrupt,False,0.9375
53,baseline_hybrid,107,Progressive,False,0.625
53,baseline_hybrid,108,Progressive,False,0.0
53,baseline_hybrid,109,Abrupt,True,10.0
53,baseline_hybrid,110,Progressive,False,0.0
53,baseline_hybrid,111,Abrupt,True,10.0
53,baseline_hybrid,112,Abrupt,True,10.0
53,baseline_hybrid,113,Abrupt,False,0.7292
53,baseline_hybrid,114,Abrupt,False,0.7292
53,baseline_hybrid,115,Progressive,False,0.7292
53,baseline_hybrid,116,Abrupt,False,0.8333
53,baseline_hybrid,117,Progressive,False,0.1042
53,baseline_hybrid,118,Progressive,False,0.1042
53,baseline_hybrid,119,Progressive,False,0.0
53,aftkd_fixed,0,Abrupt,False,0.0
53,aftkd_fixed,1,Abrupt,False,0.0
53,aftkd_fixed,2,Abrupt,False,0.0
53,aftkd_fixed,3,Progressive,False,0.0
53,aftkd_fixed,4,Progressive,False,0.0
53,aftkd_fixed,5,Abrupt,False,0.0
53,aftkd_fixed,6,Progressive,False,0.0
53,aftkd_fixed,7,Abrupt,False,0.0
53,aftkd_fixed,8,Abrupt,False,0.0
53,aftkd_fixed,9,Abrupt,False,0.0
53,aftkd_fixed,10,Progressive,False,0.0
53,aftkd_fixed,11,Progressive,False,0.0
53,aftkd_fixed,12,Progressive,False,0.0
53,aftkd_fixed,13,Progressive,False,0.0
53,aftkd_fixed,14,Progressive,False,0.0
53,aftkd_fixed,15,Progressive,False,0.0
53,aftkd_fixed,16,Progressive,False,0.0
53,aftkd_fixed,17,Progressive,False,0.0
53,aftkd_fixed,18,Progressive,False,0.0
53,aftkd_fixed,19,Abrupt,False,0.0
53,aftkd_fixed,20,Abrupt,False,0.0
53,aftkd_fixed,21,Progressive,False,0.0
53,aftkd_fixed,22,Abrupt,False,0.0
53,aftkd_fixed,23,Abrupt,False,0.0
53,aftkd_fixed,24,Abrupt,False,0.0
53,aftkd_fixed,25,Abrupt,False,0.0
53,aftkd_fixed,26,Progressive,False,0.0
53,aftkd_fixed,27,Progressive,False,0.0
53,aftkd_fixed,28,Abrupt,False,0.0
53,aftkd_fixed,29,Abrupt,False,0.0
53,aftkd_fixed,30,Progressive,False,0.0
53,aftkd_fixed,31,Progressive,False,0.0
53,aftkd_fixed,32,Progressive,False,0.0
53,aftkd_fixed,33,Abrupt,False,0.0
53,aftkd_fixed,34,Progressive,False,0.0
53,aftkd_fixed,35,Progressive,False,0.0
53,aftkd_fixed,36,Abrupt,False,0.0
53,aftkd_fixed,37,Abrupt,False,0.0
53,aftkd_fixed,38,Progressive,False,0.0
53,aftkd_fixed,39,Abrupt,False,0.0
53,aftkd_fixed,40,Progressive,False,0.0
53,aftkd_fixed,41,Abrupt,False,0.0
53,aftkd_fixed,42,Progressive,False,0.0
53,aftkd_fixed,43,Progressive,False,0.0
53,aftkd_fixed,44,Abrupt,False,0.0
53,aftkd_fixed,45,Progressive,False,0.0
53,aftkd_fixed,46,Abrupt,False,0.0
53,aftkd_fixed,47,Abrupt,False,0.0
53,aftkd_fixed,48,Abrupt,False,0.0
53,aftkd_fixed,49,Abrupt,False,0.0
53,aftkd_fixed,50,Abrupt,False,0.0
53,aftkd_fixed,51,Progressive,False,0.0
53,aftkd_fixed,52,Abrupt,False,0.0
53,aftkd_fixed,53,Abrupt,False,0.0
53,aftkd_fixed,54,Progressive,False,0.0
53,aftkd_fixed,55,Progressive,False,0.0
53,aftkd_fixed,56,Progressive,False,0.0
53,aftkd_fixed,57,Progressive,False,0.0
53,aftkd_fixed,58,Progressive,False,0.1042
53,aftkd_fixed,59,Progressive,False,0.0
53,aftkd_fixed,60,Progressive,False,0.0
53,aftkd_fixed,61,Progressive,False,0.0
53,aftkd_fixed,62,Progressive,False,0.0
53,aftkd_fixed,63,Progressive,False,0.2083
53,aftkd_fixed,64,Abrupt,False,0.0
53,aftkd_fixed,65,Progressive,False,0.0
53,aftkd_fixed,66,Abrupt,False,0.0
53,aftkd_fixed,67,Progressive,False,0.0
53,aftkd_fixed,68,Progressive,False,0.0
53,aftkd_fixed,69,Progressive,False,0.0
53,aftkd_fixed,70,Progressive,False,0.0
53,aftkd_fixed,71,Progressive,False,0.0
53,aftkd_fixed,72,Abrupt,False,0.0
53,aftkd_fixed,73,Progressive,False,0.0
53,aftkd_fixed,74,Progressive,False,0.0
53,aftkd_fixed,75,Progressive,False,0.0
53,aftkd_fixed,76,Progressive,False,0.0
53,aftkd_fixed,77,Progressive,False,0.0
53,aftkd_fixed,78,Abrupt,False,0.0
53,aftkd_fixed,79,Progressive,False,0.2083
53,aftkd_fixed,80,Abrupt,False,0.0
53,aftkd_fixed,81,Abrupt,False,0.0
53,aftkd_fixed,82,Progressive,False,0.0
53,aftkd_fixed,83,Abrupt,False,0.0
53,aftkd_fixed,84,Abrupt,False,0.0
53,aftkd_fixed,85,Abrupt,False,0.0
53,aftkd_fixed,86,Abrupt,False,0.0
53,aftkd_fixed,87,Progressive,False,0.0
53,aftkd_fixed,88,Progressive,False,0.0
53,aftkd_fixed,89,Progressive,False,0.0
53,aftkd_fixed,90,Abrupt,False,0.0
53,aftkd_fixed,91,Progressive,False,0.3125
53,aftkd_fixed,92,Progressive,False,0.0
53,aftkd_fixed,93,Progressive,False,0.0
53,aftkd_fixed,94,Progressive,False,0.0
53,aftkd_fixed,95,Progressive,False,0.0
53,aftkd_fixed,96,Progressive,False,0.0
53,aftkd_fixed,97,Progressive,False,0.0
53,aftkd_fixed,98,Progressive,False,0.0
53,aftkd_fixed,99,Progressive,False,0.0
53,aftkd_fixed,100,Progressive,False,0.0
53,aftkd_fixed,101,Progressive,False,0.0
53,aftkd_fixed,102,Abrupt,False,0.0
53,aftkd_fixed,103,Progressive,False,0.0
53,aftkd_fixed,104,Abrupt,False,0.0
53,aftkd_fixed,105,Progressive,False,0.0
53,aftkd_fixed,106,Abrupt,False,0.0
53,aftkd_fixed,107,Progressive,False,0.0
53,aftkd_fixed,108,Progressive,False,0.0
53,aftkd_fixed,109,Abrupt,False,0.0
53,aftkd_fixed,110,Progressive,False,0.0
53,aftkd_fixed,111,Abrupt,False,0.0
53,aftkd_fixed,112,Abrupt,False,0.0
53,aftkd_fixed,113,Abrupt,False,0.0
53,aftkd_fixed,114,Abrupt,False,0.0
53,aftkd_fixed,115,Progressive,False,0.0
53,aftkd_fixed,116,Abrupt,False,0.0
53,aftkd_fixed,117,Progressive,False,0.1042
53,aftkd_fixed,118,Progressive,False,0.0
53,aftkd_fixed,119,Progressive,False,0.0
53,aftkd_hybrid,0,Abrupt,False,0.0
53,aftkd_hybrid,1,Abrupt,False,0.0
53,aftkd_hybrid,2,Abrupt,False,0.0
53,aftkd_hybrid,3,Progressive,False,0.0
53,aftkd_hybrid,4,Progressive,False,0.0
53,aftkd_hybrid,5,Abrupt,False,0.0
53,aftkd_hybrid,6,Progressive,False,0.0
53,aftkd_hybrid,7,Abrupt,False,0.0
53,aftkd_hybrid,8,Abrupt,False,0.0
53,aftkd_hybrid,9,Abrupt,False,0.0
53,aftkd_hybrid,10,Progressive,False,0.0
53,aftkd_hybrid,11,Progressive,False,0.0
53,aftkd_hybrid,12,Progressive,False,0.0
53,aftkd_hybrid,13,Progressive,False,0.0
53,aftkd_hybrid,14,Progressive,False,0.0
53,aftkd_hybrid,15,Progressive,False,0.0
53,aftkd_hybrid,16,Progressive,False,0.0
53,aftkd_hybrid,17,Progressive,False,0.0
53,aftkd_hybrid,18,Progressive,False,0.0
53,aftkd_hybrid,19,Abrupt,False,0.0
53,aftkd_hybrid,20,Abrupt,False,0.0
53,aftkd_hybrid,21,Progressive,False,0.0
53,aftkd_hybrid,22,Abrupt,False,0.0
53,aftkd_hybrid,23,Abrupt,False,0.0
53,aftkd_hybrid,24,Abrupt,False,0.0
53,aftkd_hybrid,25,Abrupt,False,0.0
53,aftkd_hybrid,26,Progressive,False,0.0
53,aftkd_hybrid,27,Progressive,False,0.0
53,aftkd_hybrid,28,Abrupt,False,0.0
53,aftkd_hybrid,29,Abrupt,False,0.0
53,aftkd_hybrid,30,Progressive,False,0.0
53,aftkd_hybrid,31,Progressive,False,0.0
53,aftkd_hybrid,32,Progressive,False,0.0
53,aftkd_hybrid,33,Abrupt,False,0.0
53,aftkd_hybrid,34,Progressive,False,0.0
53,aftkd_hybrid,35,Progressive,False,0.0
53,aftkd_hybrid,36,Abrupt,False,0.0
53,aftkd_hybrid,37,Abrupt,False,0.0
53,aftkd_hybrid,38,Progressive,False,0.0
53,aftkd_hybrid,39,Abrupt,False,0.0
53,aftkd_hybrid,40,Progressive,False,0.0
53,aftkd_hybrid,41,Abrupt,False,0.0
53,aftkd_hybrid,42,Progressive,False,0.0
53,aftkd_hybrid,43,Progressive,False,0.0
53,aftkd_hybrid,44,Abrupt,False,0.0
53,aftkd_hybrid,45,Progressive,False,0.0
53,aftkd_hybrid,46,Abrupt,False,0.0
53,aftkd_hybrid,47,Abrupt,False,0.0
53,aftkd_hybrid,48,Abrupt,False,0.0
53,aftkd_hybrid,49,Abrupt,False,0.0
53,aftkd_hybrid,50,Abrupt,False,0.0
53,aftkd_hybrid,51,Progressive,False,0.0
53,aftkd_hybrid,52,Abrupt,False,0.0
53,aftkd_hybrid,53,Abrupt,False,0.0
53,aftkd_hybrid,54,Progressive,False,0.0
53,aftkd_hybrid,55,Progressive,False,0.0
53,aftkd_hybrid,56,Progressive,False,0.0
53,aftkd_hybrid,57,Progressive,False,0.0
53,aftkd_hybrid,58,Progressive,False,0.1042
53,aftkd_hybrid,59,Progressive,False,0.0
53,aftkd_hybrid,60,Progressive,False,0.0
53,aftkd_hybrid,61,Progressive,False,0.0
53,aftkd_hybrid,62,Progressive,False,0.0
53,aftkd_hybrid,63,Progressive,False,0.2083
53,aftkd_hybrid,64,Abrupt,False,0.0
53,aftkd_hybrid,65,Progressive,False,0.0
53,aftkd_hybrid,66,Abrupt,False,0.0
53,aftkd_hybrid,67,Progressive,False,0.0
53,aftkd_hybrid,68,Progressive,False,0.0
53,aftkd_hybrid,69,Progressive,False,0.0
53,aftkd_hybrid,70,Progressive,False,0.0
53,aftkd_hybrid,71,Progressive,False,0.0
53,aftkd_hybrid,72,Abrupt,False,0.0
53,aftkd_hybrid,73,Progressive,False,0.0
53,aftkd_hybrid,74,Progressive,False,0.0
53,aftkd_hybrid,75,Progressive,False,0.0
53,aftkd_hybrid,76,Progressive,False,0.0
53,aftkd_hybrid,77,Progressive,False,0.0
53,aftkd_hybrid,78,Abrupt,False,0.0
53,aftkd_hybrid,79,Progressive,False,0.2083
53,aftkd_hybrid,80,Abrupt,False,0.0
53,aftkd_hybrid,81,Abrupt,False,0.0
53,aftkd_hybrid,82,Progressive,False,0.0
53,aftkd_hybrid,83,Abrupt,False,0.0
53,aftkd_hybrid,84,Abrupt,False,0.0
53,aftkd_hybrid,85,Abrupt,False,0.0
53,aftkd_hybrid,86,Abrupt,False,0.0
53,aftkd_hybrid,87,Progressive,False,0.0
53,aftkd_hybrid,88,Progressive,False,0.0
53,aftkd_hybrid,89,Progressive,False,0.0
53,aftkd_hybrid,90,Abrupt,False,0.0
53,aftkd_hybrid,91,Progressive,False,0.3125
53,aftkd_hybrid,92,Progressive,False,0.0
53,aftkd_hybrid,93,Progressive,False,0.0
53,aftkd_hybrid,94,Progressive,False,0.0
53,aftkd_hybrid,95,Progressive,False,0.0
53,aftkd_hybrid,96,Progressive,False,0.0
53,aftkd_hybrid,97,Progressive,False,0.0
53,aftkd_hybrid,98,Progressive,False,0.0
53,aftkd_hybrid,99,Progressive,False,0.0
53,aftkd_hybrid,100,Progressive,False,0.0
53,aftkd_hybrid,101,Progressive,False,0.0
53,aftkd_hybrid,102,Abrupt,False,0.0
53,aftkd_hybrid,103,Progressive,False,0.0
53,aftkd_hybrid,104,Abrupt,False,0.0
53,aftkd_hybrid,105,Progressive,False,0.0
53,aftkd_hybrid,106,Abrupt,False,0.0
53,aftkd_hybrid,107,Progressive,False,0.0
53,aftkd_hybrid,108,Progressive,False,0.0
53,aftkd_hybrid,109,Abrupt,False,0.0
53,aftkd_hybrid,110,Progressive,False,0.0
53,aftkd_hybrid,111,Abrupt,False,0.0
53,aftkd_hybrid,112,Abrupt,False,0.0
53,aftkd_hybrid,113,Abrupt,False,0.0
53,aftkd_hybrid,114,Abrupt,False,0.0
53,aftkd_hybrid,115,Progressive,False,0.0
53,aftkd_hybrid,116,Abrupt,False,0.0
53,aftkd_hybrid,117,Progressive,False,0.1042
53,aftkd_hybrid,118,Progressive,False,0.0
53,aftkd_hybrid,119,Progressive,False,0.0
