id;recipe_id;nome;categoria;class_name;risk_episode;risk_episode_severity;regime;event_start;event_end;event_duration;progressive;detectable_start_035;onset_gap_035;persistent_tail;last6_mean_clean;mean_eye_gaze;mean_lane_offset;window;sensor_level
C02;C02;Critico: Fadiga com desvio cinematico;Critico;Critico;0.39378328174352645;0.39378328174352645;R2_STABLE_RISK;29;50;22;0;32;3;0;0.05000000819563866;0.09091880917549133;0.0903293564915657;96;4
N01;N01;Normal: Viagem tranquila em rodovia;Normal;Normal;0.050000007078051564;0.050000007078051564;R2_STABLE_RISK;-1;-1;0;0;-1;-1;0;0.05000000819563866;0.02770122140645981;0.09885109215974808;96;4
C02;C02;Critico: Fadiga com desvio cinematico;Critico;Critico;0.5875039428472518;0.5875039428472518;R2_STABLE_RISK;29;50;22;0;32;3;1;0.18405123054981232;0.09635615348815918;0.18803369998931885;96;4
C01;C01;Critico: Celular em alta velocidade;Critico;Critico;0.29102678298950196;0.29102678298950196;R1_NORMAL;32;44;13;0;34;2;0;0.05000000819563866;0.14640219509601593;0.09267038851976395;96;4
N03;N03;Normal: Noite estável;Normal;Normal;0.050000007078051564;0.050000007078051564;R2_STABLE_RISK;-1;-1;0;0;-1;-1;0;0.05000000819563866;0.030369171872735023;0.09703939408063889;96;4
C06;C06;Critico progressivo: Fadiga noturna;Critico;Critico;0.44720589518547055;0.44720589518547055;R1_NORMAL;36;81;46;1;58;22;0;0.05000000819563866;0.16092529892921448;0.15337873995304108;96;4
N01;N01;Normal: Viagem tranquila em rodovia;Normal;Normal;0.050000007078051564;0.050000007078051564;R1_NORMAL;-1;-1;0;0;-1;-1;0;0.05000000819563866;0.032633695751428604;0.08906859904527664;96;4
C08;C08;Critico progressivo: Distracao urbana multietapas;Critico;Critico;0.4219983220100403;0.4219983220100403;R2_STABLE_RISK;28;77;50;1;58;30;0;0.05000000819563866;0.3140636384487152;0.14728905260562897;96;4
C04;C04;Critico: Multiplas distracoes urbanas;Critico;Critico;0.3713889718055725;0.3713889718055725;R3_FALSE_KIN;22;45;24;0;24;2;0;0.05000000819563866;0.2039257287979126;0.1127454861998558;96;4
C02;C02;Critico: Fadiga com desvio cinematico;Critico;Critico;0.5982222288846969;0.5982222288846969;R1_NORMAL;29;50;22;0;32;3;1;0.25132420659065247;0.10052371770143509;0.16504721343517303;96;4
N03;N03;Normal: Noite estável;Normal;Normal;0.050000007078051564;0.050000007078051564;R3_FALSE_KIN;-1;-1;0;0;-1;-1;0;0.05000000819563866;0.036387622356414795;0.09621400386095047;96;4
C07;C07;Critico progressivo: Sem cinto sob chuva;Critico;Critico;0.4872351825237274;0.4872351825237274;R1_NORMAL;37;75;39;1;60;23;1;0.2817811667919159;0.38105666637420654;0.12248057126998901;96;4
C10;C10;Critico progressivo: Grooming em rodovia com fadiga;Critico;Critico;0.4043656781315803;0.4043656781315803;R1_NORMAL;40;81;42;1;62;22;0;0.05000000819563866;0.20103006064891815;0.11645547300577164;96;4
C03;C03;Critico: Celular sem cinto sob chuva;Critico;Critico;0.3752959698438644;0.3752959698438644;R2_STABLE_RISK;26;41;16;0;28;2;0;0.05000000819563866;0.18606139719486237;0.11615868657827377;96;4
C05;C05;Critico progressivo: Celular em rodovia;Critico;Critico;0.37143760919570923;0.37143760919570923;R2_STABLE_RISK;42;73;32;1;59;17;0;0.05000000819563866;0.3146078288555145;0.129836305975914;96;4
C05;C05;Critico progressivo: Celular em rodovia;Critico;Critico;0.3856583178043365;0.3856583178043365;R1_NORMAL;42;73;32;1;58;16;0;0.05000000819563866;0.31794121861457825;0.13738445937633514;96;4
C04;C04;Critico: Multiplas distracoes urbanas;Critico;Critico;0.5789041608572005;0.5789041608572005;R2_STABLE_RISK;22;45;24;0;24;2;1;0.27126291394233704;0.20313429832458496;0.20004236698150635;96;4
N03;N03;Normal: Noite estável;Normal;Normal;0.050000007078051564;0.050000007078051564;R1_NORMAL;-1;-1;0;0;-1;-1;0;0.05000000819563866;0.030879780650138855;0.09004262834787369;96;4
N01;N01;Normal: Viagem tranquila em rodovia;Normal;Normal;0.050000007078051564;0.050000007078051564;R2_STABLE_RISK;-1;-1;0;0;-1;-1;0;0.05000000819563866;0.03482560068368912;0.10227162390947342;96;4
C10;C10;Critico progressivo: Grooming em rodovia com fadiga;Critico;Critico;0.43323457837104795;0.43323457837104795;R1_NORMAL;40;81;42;1;59;19;0;0.05000000819563866;0.2074490338563919;0.14980606734752655;96;4
N01;N01;Normal: Viagem tranquila em rodovia;Normal;Normal;0.050000007078051564;0.050000007078051564;R2_STABLE_RISK;-1;-1;0;0;-1;-1;0;0.05000000819563866;0.032888177782297134;0.08281170576810837;96;4
C06;C06;Critico progressivo: Fadiga noturna;Critico;Critico;0.3957469567656517;0.3957469567656517;R2_STABLE_RISK;36;81;46;1;64;28;0;0.05000000819563866;0.1468140035867691;0.10322463512420654;96;4
C03;C03;Critico: Celular sem cinto sob chuva;Critico;Critico;0.3752959698438644;0.3752959698438644;R3_FALSE_KIN;26;41;16;0;28;2;0;0.05000000819563866;0.19091685116291046;0.12479555606842041;96;4
C10;C10;Critico progressivo: Grooming em rodovia com fadiga;Critico;Critico;0.4841516643762588;0.4841516643762588;R3_FALSE_KIN;40;81;42;1;61;21;1;0.35695862770080566;0.20483577251434326;0.09823889285326004;96;4
C06;C06;Critico progressivo: Fadiga noturna;Critico;Critico;0.4492553323507309;0.4492553323507309;R1_NORMAL;36;81;46;1;57;21;0;0.05000000819563866;0.16859523952007294;0.09187403321266174;96;4
C04;C04;Critico: Multiplas distracoes urbanas;Critico;Critico;0.3713889718055725;0.3713889718055725;R1_NORMAL;22;45;24;0;24;2;0;0.05000000819563866;0.20613433420658112;0.15713387727737427;96;4
C10;C10;Critico progressivo: Grooming em rodovia com fadiga;Critico;Critico;0.4313446149230003;0.4313446149230003;R1_NORMAL;40;81;42;1;63;23;0;0.05000000819563866;0.19698043167591095;0.13180404901504517;96;4
N02;N02;Normal: Urbano moderado;Normal;Normal;0.050000007078051564;0.050000007078051564;R1_NORMAL;-1;-1;0;0;-1;-1;0;0.05000000819563866;0.030299721285700798;0.11815667897462845;96;4
C06;C06;Critico progressivo: Fadiga noturna;Critico;Critico;0.4374936759471893;0.4374936759471893;R3_FALSE_KIN;36;81;46;1;64;28;0;0.05000000819563866;0.15056805312633514;0.13652604818344116;96;4
N02;N02;Normal: Urbano moderado;Normal;Normal;0.050000007078051564;0.050000007078051564;R3_FALSE_KIN;-1;-1;0;0;-1;-1;0;0.05000000819563866;0.03248878940939903;0.09121806174516678;96;4
C10;C10;Critico progressivo: Grooming em rodovia com fadiga;Critico;Critico;0.4173160791397095;0.4173160791397095;R1_NORMAL;40;81;42;1;61;21;0;0.05000000819563866;0.20178185403347015;0.11080488562583923;96;4
C02;C02;Critico: Fadiga com desvio cinematico;Critico;Critico;0.39378328174352645;0.39378328174352645;R1_NORMAL;29;50;22;0;32;3;0;0.05000000819563866;0.09921356290578842;0.18553650379180908;96;4
C07;C07;Critico progressivo: Sem cinto sob chuva;Critico;Critico;0.41535974144935606;0.41535974144935606;R1_NORMAL;37;75;39;1;58;21;0;0.05000000819563866;0.3660256862640381;0.12829531729221344;96;4
N01;N01;Normal: Viagem tranquila em rodovia;Normal;Normal;0.050000007078051564;0.050000007078051564;R1_NORMAL;-1;-1;0;0;-1;-1;0;0.05000000819563866;0.02925792895257473;0.09322068095207214;96;4
C05;C05;Critico progressivo: Celular em rodovia;Critico;Critico;0.4749568909406662;0.4749568909406662;R1_NORMAL;42;73;32;1;60;18;1;0.28609731793403625;0.30449995398521423;0.23279058933258057;96;4
C04;C04;Critico: Multiplas distracoes urbanas;Critico;Critico;0.3713889718055725;0.3713889718055725;R1_NORMAL;22;45;24;0;24;2;0;0.05000000819563866;0.20888729393482208;0.16848933696746826;96;4
C03;C03;Critico: Celular sem cinto sob chuva;Critico;Critico;0.3752959698438644;0.3752959698438644;R3_FALSE_KIN;26;41;16;0;28;2;0;0.05000000819563866;0.18924866616725922;0.13921093940734863;96;4
C05;C05;Critico progressivo: Celular em rodovia;Critico;Critico;0.4800961226224899;0.4800961226224899;R1_NORMAL;42;73;32;1;57;15;1;0.30058783292770386;0.3218577206134796;0.17179684340953827;96;4
C02;C02;Critico: Fadiga com desvio cinematico;Critico;Critico;0.39378328174352645;0.39378328174352645;R1_NORMAL;29;50;22;0;32;3;0;0.05000000819563866;0.10111493617296219;0.11785373836755753;96;4
C06;C06;Critico progressivo: Fadiga noturna;Critico;Critico;0.4601649820804596;0.4601649820804596;R3_FALSE_KIN;36;81;46;1;61;25;1;0.3474368155002594;0.1524936556816101;0.12320676445960999;96;4
C07;C07;Critico progressivo: Sem cinto sob chuva;Critico;Critico;0.40169406086206433;0.40169406086206433;R3_FALSE_KIN;37;75;39;1;59;22;0;0.05000000819563866;0.3752257823944092;0.15091438591480255;96;4
N02;N02;Normal: Urbano moderado;Normal;Normal;0.050000007078051564;0.050000007078051564;R1_NORMAL;-1;-1;0;0;-1;-1;0;0.05000000819563866;0.03161082789301872;0.07464218884706497;96;4
C07;C07;Critico progressivo: Sem cinto sob chuva;Critico;Critico;0.495800644159317;0.495800644159317;R2_STABLE_RISK;37;75;39;1;57;20;1;0.27454057335853577;0.3787824213504791;0.10792931169271469;96;4
C02;C02;Critico: Fadiga com desvio cinematico;Critico;Critico;0.39378328174352645;0.39378328174352645;R3_FALSE_KIN;29;50;22;0;32;3;0;0.05000000819563866;0.0984722152352333;0.1236116886138916;96;4
C04;C04;Critico: Multiplas distracoes urbanas;Critico;Critico;0.3713889718055725;0.3713889718055725;R2_STABLE_RISK;22;45;24;0;24;2;0;0.05000000819563866;0.20314013957977295;0.1291137933731079;96;4
C03;C03;Critico: Celular sem cinto sob chuva;Critico;Critico;0.3752959698438644;0.3752959698438644;R2_STABLE_RISK;26;41;16;0;28;2;0;0.05000000819563866;0.19252876937389374;0.12733806669712067;96;4
N02;N02;Normal: Urbano moderado;Normal;Normal;0.050000007078051564;0.050000007078051564;R1_NORMAL;-1;-1;0;0;-1;-1;0;0.05000000819563866;0.03802969679236412;0.13154852390289307;96;4
C10;C10;Critico progressivo: Grooming em rodovia com fadiga;Critico;Critico;0.4848142474889755;0.4848142474889755;R1_NORMAL;40;81;42;1;60;20;1;0.31137970089912415;0.19728875160217285;0.145685613155365;96;4
C04;C04;Critico: Multiplas distracoes urbanas;Critico;Critico;0.3713889718055725;0.3713889718055725;R1_NORMAL;22;45;24;0;24;2;0;0.05000000819563866;0.20151281356811523;0.11024216562509537;96;4
C08;C08;Critico progressivo: Distracao urbana multietapas;Critico;Critico;0.4472021490335464;0.4472021490335464;R2_STABLE_RISK;28;77;50;1;52;24;0;0.05000000819563866;0.3131427764892578;0.16619126498699188;96;4
C08;C08;Critico progressivo: Distracao urbana multietapas;Critico;Critico;0.501778420805931;0.501778420805931;R2_STABLE_RISK;28;77;50;1;54;26;1;0.31150755286216736;0.31269165873527527;0.13372060656547546;96;4
C05;C05;Critico progressivo: Celular em rodovia;Critico;Critico;0.38235677033662796;0.38235677033662796;R1_NORMAL;42;73;32;1;59;17;0;0.05000000819563866;0.31002888083457947;0.13120245933532715;96;4
N02;N02;Normal: Urbano moderado;Normal;Normal;0.050000007078051564;0.050000007078051564;R1_NORMAL;-1;-1;0;0;-1;-1;0;0.05000000819563866;0.02989593893289566;0.0987076386809349;96;4
N01;N01;Normal: Viagem tranquila em rodovia;Normal;Normal;0.050000007078051564;0.050000007078051564;R1_NORMAL;-1;-1;0;0;-1;-1;0;0.05000000819563866;0.03492274135351181;0.12310376018285751;96;4
C06;C06;Critico progressivo: Fadiga noturna;Critico;Critico;0.39835162907838817;0.39835162907838817;R2_STABLE_RISK;36;81;46;1;61;25;0;0.05000000819563866;0.15312336385250092;0.11607974767684937;96;4
N03;N03;Normal: Noite estável;Normal;Normal;0.050000007078051564;0.050000007078051564;R1_NORMAL;-1;-1;0;0;-1;-1;0;0.05000000819563866;0.030545996502041817;0.08636502176523209;96;4
C02;C02;Critico: Fadiga com desvio cinematico;Critico;Critico;0.39378328174352645;0.39378328174352645;R1_NORMAL;29;50;22;0;32;3;0;0.05000000819563866;0.09499800205230713;0.11972638219594955;96;4
C08;C08;Critico progressivo: Distracao urbana multietapas;Critico;Critico;0.42793428450822824;0.42793428450822824;R2_STABLE_RISK;28;77;50;1;53;25;0;0.05000000819563866;0.3157864809036255;0.11068055033683777;96;4
C06;C06;Critico progressivo: Fadiga noturna;Critico;Critico;0.43199339509010315;0.43199339509010315;R1_NORMAL;36;81;46;1;62;26;0;0.05000000819563866;0.1497759371995926;0.13064216077327728;96;4
C04;C04;Critico: Multiplas distracoes urbanas;Critico;Critico;0.5719356805086135;0.5719356805086135;R3_FALSE_KIN;22;45;24;0;24;2;1;0.23505674302577972;0.20942632853984833;0.16038240492343903;96;4
C06;C06;Critico progressivo: Fadiga noturna;Critico;Critico;0.43679412007331847;0.43679412007331847;R2_STABLE_RISK;36;81;46;1;63;27;0;0.05000000819563866;0.16076244413852692;0.13294070959091187;96;4
C05;C05;Critico progressivo: Celular em rodovia;Critico;Critico;0.39505093097686766;0.39505093097686766;R2_STABLE_RISK;42;73;32;1;57;15;0;0.05000000819563866;0.31639882922172546;0.1564180850982666;96;4
C04;C04;Critico: Multiplas distracoes urbanas;Critico;Critico;0.3713889718055725;0.3713889718055725;R2_STABLE_RISK;22;45;24;0;24;2;0;0.05000000819563866;0.2020161747932434;0.12716594338417053;96;4
C09;C09;Critico progressivo: Bebida ao volante;Critico;Critico;0.37956377416849135;0.37956377416849135;R2_STABLE_RISK;38;73;36;1;60;22;0;0.05000000819563866;0.2483757585287094;0.1118796169757843;96;4
N01;N01;Normal: Viagem tranquila em rodovia;Normal;Normal;0.050000007078051564;0.050000007078051564;R2_STABLE_RISK;-1;-1;0;0;-1;-1;0;0.05000000819563866;0.027297547087073326;0.09316620975732803;96;4
C10;C10;Critico progressivo: Grooming em rodovia com fadiga;Critico;Critico;0.4256842002272606;0.4256842002272606;R3_FALSE_KIN;40;81;42;1;62;22;0;0.05000000819563866;0.2009313851594925;0.09713569283485413;96;4
N01;N01;Normal: Viagem tranquila em rodovia;Normal;Normal;0.050000007078051564;0.050000007078051564;R2_STABLE_RISK;-1;-1;0;0;-1;-1;0;0.05000000819563866;0.023472266271710396;0.07904267311096191;96;4
C02;C02;Critico: Fadiga com desvio cinematico;Critico;Critico;0.39378328174352645;0.39378328174352645;R2_STABLE_RISK;29;50;22;0;32;3;0;0.05000000819563866;0.1014741063117981;0.07638475298881531;96;4
C08;C08;Critico progressivo: Distracao urbana multietapas;Critico;Critico;0.462724569439888;0.462724569439888;R2_STABLE_RISK;28;77;50;1;57;29;0;0.05000000819563866;0.31626924872398376;0.1413048654794693;96;4
N02;N02;Normal: Urbano moderado;Normal;Normal;0.050000007078051564;0.050000007078051564;R1_NORMAL;-1;-1;0;0;-1;-1;0;0.05000000819563866;0.031657874584198;0.08868825435638428;96;4
C10;C10;Critico progressivo: Grooming em rodovia com fadiga;Critico;Critico;0.44799124300479887;0.44799124300479887;R2_STABLE_RISK;40;81;42;1;61;21;1;0.3127138316631317;0.19908802211284637;0.11957257241010666;96;4
C05;C05;Critico progressivo: Celular em rodovia;Critico;Critico;0.3721384897828102;0.3721384897828102;R2_STABLE_RISK;42;73;32;1;60;18;0;0.05000000819563866;0.3145286738872528;0.10978326946496964;96;4
C06;C06;Critico progressivo: Fadiga noturna;Critico;Critico;0.40804742723703386;0.40804742723703386;R3_FALSE_KIN;36;81;46;1;61;25;0;0.05000000819563866;0.15412349998950958;0.11516620963811874;96;4
C04;C04;Critico: Multiplas distracoes urbanas;Critico;Critico;0.5598273634910583;0.5598273634910583;R3_FALSE_KIN;22;45;24;0;24;2;1;0.18348489701747894;0.20120663940906525;0.16949351131916046;96;4
C03;C03;Critico: Celular sem cinto sob chuva;Critico;Critico;0.3752959698438644;0.3752959698438644;R3_FALSE_KIN;26;41;16;0;28;2;0;0.05000000819563866;0.18792177736759186;0.17268894612789154;96;4
C10;C10;Critico progressivo: Grooming em rodovia com fadiga;Critico;Critico;0.42543980628252026;0.42543980628252026;R2_STABLE_RISK;40;81;42;1;64;24;0;0.05000000819563866;0.20081734657287598;0.12022916227579117;96;4
C05;C05;Critico progressivo: Celular em rodovia;Critico;Critico;0.46229766011238094;0.46229766011238094;R2_STABLE_RISK;42;73;32;1;58;16;1;0.3034159243106842;0.316110223531723;0.17897021770477295;96;4
C08;C08;Critico progressivo: Distracao urbana multietapas;Critico;Critico;0.45958274304866786;0.45958274304866786;R2_STABLE_RISK;28;77;50;1;52;24;0;0.05000000819563866;0.3238604962825775;0.14187781512737274;96;4
N02;N02;Normal: Urbano moderado;Normal;Normal;0.050000007078051564;0.050000007078051564;R3_FALSE_KIN;-1;-1;0;0;-1;-1;0;0.05000000819563866;0.028223244473338127;0.08978567272424698;96;4
C04;C04;Critico: Multiplas distracoes urbanas;Critico;Critico;0.5687097936868668;0.5687097936868668;R1_NORMAL;22;45;24;0;24;2;1;0.2675004303455353;0.2009715437889099;0.2168491631746292;96;4
C01;C01;Critico: Celular em alta velocidade;Critico;Critico;0.29102678298950196;0.29102678298950196;R1_NORMAL;32;44;13;0;34;2;0;0.05000000819563866;0.15727536380290985;0.1387781947851181;96;4
N01;N01;Normal: Viagem tranquila em rodovia;Normal;Normal;0.050000007078051564;0.050000007078051564;R1_NORMAL;-1;-1;0;0;-1;-1;0;0.05000000819563866;0.03226977214217186;0.08877924829721451;96;4
C04;C04;Critico: Multiplas distracoes urbanas;Critico;Critico;0.3713889718055725;0.3713889718055725;R1_NORMAL;22;45;24;0;24;2;0;0.05000000819563866;0.20709776878356934;0.11573191732168198;96;4
C07;C07;Critico progressivo: Sem cinto sob chuva;Critico;Critico;0.47766378819942473;0.47766378819942473;R1_NORMAL;37;75;39;1;57;20;1;0.2882589101791382;0.38381433486938477;0.11028323322534561;96;4
C04;C04;Critico: Multiplas distracoes urbanas;Critico;Critico;0.3713889718055725;0.3713889718055725;R1_NORMAL;22;45;24;0;24;2;0;0.05000000819563866;0.20139235258102417;0.13069532811641693;96;4
C08;C08;Critico progressivo: Distracao urbana multietapas;Critico;Critico;0.4378490000963211;0.4378490000963211;R1_NORMAL;28;77;50;1;52;24;0;0.05000000819563866;0.3138493299484253;0.15386901795864105;96;4
C10;C10;Critico progressivo: Grooming em rodovia com fadiga;Critico;Critico;0.4123751565814018;0.4123751565814018;R1_NORMAL;40;81;42;1;67;27;0;0.05000000819563866;0.19882076978683472;0.11495605856180191;96;4
C02;C02;Critico: Fadiga com desvio cinematico;Critico;Critico;0.39378328174352645;0.39378328174352645;R2_STABLE_RISK;29;50;22;0;32;3;0;0.05000000819563866;0.09072660654783249;0.12743230164051056;96;4
C04;C04;Critico: Multiplas distracoes urbanas;Critico;Critico;0.3713889718055725;0.3713889718055725;R2_STABLE_RISK;22;45;24;0;24;2;0;0.05000000819563866;0.19999368488788605;0.13094152510166168;96;4
C10;C10;Critico progressivo: Grooming em rodovia com fadiga;Critico;Critico;0.43704211711883545;0.43704211711883545;R1_NORMAL;40;81;42;1;62;22;1;0.32105138897895813;0.202113077044487;0.12219014763832092;96;4
N03;N03;Normal: Noite estável;Normal;Normal;0.050000007078051564;0.050000007078051564;R3_FALSE_KIN;-1;-1;0;0;-1;-1;0;0.05000000819563866;0.03096708469092846;0.07336300611495972;96;4
N02;N02;Normal: Urbano moderado;Normal;Normal;0.050000007078051564;0.050000007078051564;R1_NORMAL;-1;-1;0;0;-1;-1;0;0.05000000819563866;0.0334826335310936;0.0875202938914299;96;4
C08;C08;Critico progressivo: Distracao urbana multietapas;Critico;Critico;0.5470826804637909;0.5470826804637909;R2_STABLE_RISK;28;77;50;1;50;22;1;0.3229757845401764;0.3231850862503052;0.165871724486351;96;4
N01;N01;Normal: Viagem tranquila em rodovia;Normal;Normal;0.050000007078051564;0.050000007078051564;R1_NORMAL;-1;-1;0;0;-1;-1;0;0.05000000819563866;0.0362389050424099;0.1086701825261116;96;4
C04;C04;Critico: Multiplas distracoes urbanas;Critico;Critico;0.5632406324148178;0.5632406324148178;R2_STABLE_RISK;22;45;24;0;24;2;1;0.25358423590660095;0.20065970718860626;0.18153463304042816;96;4
C07;C07;Critico progressivo: Sem cinto sob chuva;Critico;Critico;0.38342389017343514;0.38342389017343514;R2_STABLE_RISK;37;75;39;1;59;22;0;0.05000000819563866;0.3708854615688324;0.11191578954458237;96;4
C06;C06;Critico progressivo: Fadiga noturna;Critico;Critico;0.44966488629579543;0.44966488629579543;R2_STABLE_RISK;36;81;46;1;58;22;0;0.05000000819563866;0.16019587218761444;0.11371990293264389;96;4
C09;C09;Critico progressivo: Bebida ao volante;Critico;Critico;0.40038636326789856;0.40038636326789856;R1_NORMAL;38;73;36;1;58;20;0;0.05000000819563866;0.2490016222000122;0.09429165720939636;96;4
N02;N02;Normal: Urbano moderado;Normal;Normal;0.050000007078051564;0.050000007078051564;R2_STABLE_RISK;-1;-1;0;0;-1;-1;0;0.05000000819563866;0.03052615188062191;0.10571607202291489;96;4
C07;C07;Critico progressivo: Sem cinto sob chuva;Critico;Critico;0.4156733095645905;0.4156733095645905;R2_STABLE_RISK;37;75;39;1;58;21;0;0.05000000819563866;0.38332709670066833;0.14955571293830872;96;4
C01;C01;Critico: Celular em alta velocidade;Critico;Critico;0.29102678298950196;0.29102678298950196;R1_NORMAL;32;44;13;0;34;2;0;0.05000000819563866;0.15099596977233887;0.11950051784515381;96;4
C06;C06;Critico progressivo: Fadiga noturna;Critico;Critico;0.460580363869667;0.460580363869667;R1_NORMAL;36;81;46;1;59;23;1;0.32913854718208313;0.15336859226226807;0.162644162774086;96;4
C02;C02;Critico: Fadiga com desvio cinematico;Critico;Critico;0.6043681710958481;0.6043681710958481;R1_NORMAL;29;50;22;0;32;3;1;0.2618846297264099;0.09819934517145157;0.15006835758686066;96;4
C07;C07;Critico progressivo: Sem cinto sob chuva;Critico;Critico;0.4686661392450332;0.4686661392450332;R1_NORMAL;37;75;39;1;58;21;1;0.26124799251556396;0.37899529933929443;0.14030204713344574;96;4
N01;N01;Normal: Viagem tranquila em rodovia;Normal;Normal;0.050000007078051564;0.050000007078051564;R1_NORMAL;-1;-1;0;0;-1;-1;0;0.05000000819563866;0.033492106944322586;0.10105153173208237;96;4
C05;C05;Critico progressivo: Celular em rodovia;Critico;Critico;0.36686360388994216;0.36686360388994216;R3_FALSE_KIN;42;73;32;1;60;18;0;0.05000000819563866;0.3139541447162628;0.12998618185520172;96;4
C06;C06;Critico progressivo: Fadiga noturna;Critico;Critico;0.47156511843204496;0.47156511843204496;R1_NORMAL;36;81;46;1;63;27;1;0.3298519551753998;0.15960915386676788;0.104242242872715;96;4
C04;C04;Critico: Multiplas distracoes urbanas;Critico;Critico;0.5722286522388458;0.5722286522388458;R2_STABLE_RISK;22;45;24;0;24;2;1;0.23667782545089722;0.20236432552337646;0.1959782838821411;96;4
C06;C06;Critico progressivo: Fadiga noturna;Critico;Critico;0.46660177409648895;0.46660177409648895;R1_NORMAL;36;81;46;1;57;21;1;0.32820820808410645;0.1600726693868637;0.10746195912361145;96;4
C04;C04;Critico: Multiplas distracoes urbanas;Critico;Critico;0.3713889718055725;0.3713889718055725;R2_STABLE_RISK;22;45;24;0;24;2;0;0.05000000819563866;0.2014080137014389;0.11564174294471741;96;4
C02;C02;Critico: Fadiga com desvio cinematico;Critico;Critico;0.39378328174352645;0.39378328174352645;R1_NORMAL;29;50;22;0;32;3;0;0.05000000819563866;0.0990598127245903;0.1298857182264328;96;4
C04;C04;Critico: Multiplas distracoes urbanas;Critico;Critico;0.5745733052492141;0.5745733052492141;R1_NORMAL;22;45;24;0;24;2;1;0.25566670298576355;0.2037181854248047;0.17740438878536224;96;4
C06;C06;Critico progressivo: Fadiga noturna;Critico;Critico;0.43859747201204297;0.43859747201204297;R3_FALSE_KIN;36;81;46;1;61;25;0;0.05000000819563866;0.15333567559719086;0.11894384026527405;96;4
C02;C02;Critico: Fadiga com desvio cinematico;Critico;Critico;0.6029131770133971;0.6029131770133971;R1_NORMAL;29;50;22;0;32;3;1;0.2543797791004181;0.09358205646276474;0.17221315205097198;96;4
C01;C01;Critico: Celular em alta velocidade;Critico;Critico;0.29102678298950196;0.29102678298950196;R2_STABLE_RISK;32;44;13;0;34;2;0;0.05000000819563866;0.14284886419773102;0.13211892545223236;96;4
C06;C06;Critico progressivo: Fadiga noturna;Critico;Critico;0.4856316596269607;0.4856316596269607;R3_FALSE_KIN;36;81;46;1;63;27;1;0.30700114369392395;0.1628222018480301;0.13447824120521545;96;4
C10;C10;Critico progressivo: Grooming em rodovia com fadiga;Critico;Critico;0.4161710396409034;0.4161710396409034;R1_NORMAL;40;81;42;1;66;26;0;0.05000000819563866;0.19627057015895844;0.1196143627166748;96;4
N01;N01;Normal: Viagem tranquila em rodovia;Normal;Normal;0.050000007078051564;0.050000007078051564;R1_NORMAL;-1;-1;0;0;-1;-1;0;0.05000000819563866;0.02725387178361416;0.10033616423606873;96;4
N01;N01;Normal: Viagem tranquila em rodovia;Normal;Normal;0.050000007078051564;0.050000007078051564;R2_STABLE_RISK;-1;-1;0;0;-1;-1;0;0.05000000819563866;0.03090161643922329;0.09430193156003952;96;4
C09;C09;Critico progressivo: Bebida ao volante;Critico;Critico;0.3734970390796661;0.3734970390796661;R1_NORMAL;38;73;36;1;57;19;0;0.05000000819563866;0.2467687875032425;0.12110140174627304;96;4
C08;C08;Critico progressivo: Distracao urbana multietapas;Critico;Critico;0.5134806424379349;0.5134806424379349;R1_NORMAL;28;77;50;1;54;26;1;0.32983139157295227;0.3166836202144623;0.16163401305675507;96;4
C03;C03;Critico: Celular sem cinto sob chuva;Critico;Critico;0.3752959698438644;0.3752959698438644;R3_FALSE_KIN;26;41;16;0;28;2;0;0.05000000819563866;0.18537990748882294;0.1314784288406372;96;4
C10;C10;Critico progressivo: Grooming em rodovia com fadiga;Critico;Critico;0.42663009166717525;0.42663009166717525;R1_NORMAL;40;81;42;1;64;24;0;0.05000000819563866;0.2003682404756546;0.14840243756771088;96;4
C10;C10;Critico progressivo: Grooming em rodovia com fadiga;Critico;Critico;0.4718944877386093;0.4718944877386093;R2_STABLE_RISK;40;81;42;1;63;23;1;0.3528604507446289;0.20272232592105865;0.10794613510370255;96;4
C01;C01;Critico: Celular em alta velocidade;Critico;Critico;0.29102678298950196;0.29102678298950196;R1_NORMAL;32;44;13;0;34;2;0;0.05000000819563866;0.15807686746120453;0.12159230560064316;96;4
C07;C07;Critico progressivo: Sem cinto sob chuva;Critico;Critico;0.41975471824407573;0.41975471824407573;R1_NORMAL;37;75;39;1;56;19;0;0.05000000819563866;0.37839439511299133;0.13611572980880737;96;4
C02;C02;Critico: Fadiga com desvio cinematico;Critico;Critico;0.39378328174352645;0.39378328174352645;R3_FALSE_KIN;29;50;22;0;32;3;0;0.05000000819563866;0.1003551259636879;0.1475994884967804;96;4
N03;N03;Normal: Noite estável;Normal;Normal;0.050000007078051564;0.050000007078051564;R3_FALSE_KIN;-1;-1;0;0;-1;-1;0;0.05000000819563866;0.03996392339468002;0.1114051342010498;96;4
C04;C04;Critico: Multiplas distracoes urbanas;Critico;Critico;0.3713889718055725;0.3713889718055725;R3_FALSE_KIN;22;45;24;0;24;2;0;0.05000000819563866;0.20242546498775482;0.1746237874031067;96;4
C07;C07;Critico progressivo: Sem cinto sob chuva;Critico;Critico;0.42218868285417555;0.42218868285417555;R2_STABLE_RISK;37;75;39;1;59;22;0;0.05000000819563866;0.3772944211959839;0.13781635463237762;96;4
C02;C02;Critico: Fadiga com desvio cinematico;Critico;Critico;0.39378328174352645;0.39378328174352645;R1_NORMAL;29;50;22;0;32;3;0;0.05000000819563866;0.1013057604432106;0.09521859139204025;96;4
C10;C10;Critico progressivo: Grooming em rodovia com fadiga;Critico;Critico;0.42344451993703836;0.42344451993703836;R2_STABLE_RISK;40;81;42;1;62;22;0;0.05000000819563866;0.2092696875333786;0.09477939456701279;96;4
C10;C10;Critico progressivo: Grooming em rodovia com fadiga;Critico;Critico;0.4029379114508629;0.4029379114508629;R2_STABLE_RISK;40;81;42;1;61;21;0;0.05000000819563866;0.19513238966464996;0.09063909202814102;96;4
C03;C03;Critico: Celular sem cinto sob chuva;Critico;Critico;0.6061004310846329;0.6061004310846329;R1_NORMAL;26;41;16;0;28;2;1;0.24905045330524445;0.19257311522960663;0.23469243943691254;96;4
C06;C06;Critico progressivo: Fadiga noturna;Critico;Critico;0.4529948636889457;0.4529948636889457;R1_NORMAL;36;81;46;1;60;24;0;0.05000000819563866;0.1568128913640976;0.10923445224761963;96;4
C04;C04;Critico: Multiplas distracoes urbanas;Critico;Critico;0.3713889718055725;0.3713889718055725;R1_NORMAL;22;45;24;0;24;2;0;0.05000000819563866;0.19707854092121124;0.1397995501756668;96;4
C08;C08;Critico progressivo: Distracao urbana multietapas;Critico;Critico;0.484663638472557;0.484663638472557;R3_FALSE_KIN;28;77;50;1;56;28;1;0.2936655879020691;0.3166390657424927;0.12849122285842896;96;4
C02;C02;Critico: Fadiga com desvio cinematico;Critico;Critico;0.5913397789001464;0.5913397789001464;R1_NORMAL;29;50;22;0;32;3;1;0.22631879150867462;0.09811408072710037;0.11305123567581177;96;4
C08;C08;Critico progressivo: Distracao urbana multietapas;Critico;Critico;0.48661132752895353;0.48661132752895353;R1_NORMAL;28;77;50;1;54;26;1;0.282335489988327;0.31031665205955505;0.1462278515100479;96;4
N02;N02;Normal: Urbano moderado;Normal;Normal;0.050000007078051564;0.050000007078051564;R2_STABLE_RISK;-1;-1;0;0;-1;-1;0;0.05000000819563866;0.03488960489630699;0.0845390185713768;96;4
N03;N03;Normal: Noite estável;Normal;Normal;0.050000007078051564;0.050000007078051564;R3_FALSE_KIN;-1;-1;0;0;-1;-1;0;0.05000000819563866;0.027634134516119957;0.09255347400903702;96;4
C04;C04;Critico: Multiplas distracoes urbanas;Critico;Critico;0.3713889718055725;0.3713889718055725;R2_STABLE_RISK;22;45;24;0;24;2;0;0.05000000819563866;0.1993563026189804;0.13821950554847717;96;4
N03;N03;Normal: Noite estável;Normal;Normal;0.050000007078051564;0.050000007078051564;R2_STABLE_RISK;-1;-1;0;0;-1;-1;0;0.05000000819563866;0.02892667055130005;0.11221662163734436;96;4
C02;C02;Critico: Fadiga com desvio cinematico;Critico;Critico;0.39378328174352645;0.39378328174352645;R1_NORMAL;29;50;22;0;32;3;0;0.05000000819563866;0.09890011698007584;0.12499966472387314;96;4
C06;C06;Critico progressivo: Fadiga noturna;Critico;Critico;0.4179099395871162;0.4179099395871162;R3_FALSE_KIN;36;81;46;1;61;25;0;0.05000000819563866;0.16009113192558289;0.11169418692588806;96;4
C05;C05;Critico progressivo: Celular em rodovia;Critico;Critico;0.3652854025363922;0.3652854025363922;R1_NORMAL;42;73;32;1;59;17;0;0.05000000819563866;0.319246381521225;0.1379687786102295;96;4
C03;C03;Critico: Celular sem cinto sob chuva;Critico;Critico;0.3752959698438644;0.3752959698438644;R2_STABLE_RISK;26;41;16;0;28;2;0;0.05000000819563866;0.18978840112686157;0.13736097514629364;96;4
C09;C09;Critico progressivo: Bebida ao volante;Critico;Critico;0.3909938409924507;0.3909938409924507;R2_STABLE_RISK;38;73;36;1;56;18;0;0.05000000819563866;0.2524231970310211;0.11476030200719833;96;4
C07;C07;Critico progressivo: Sem cinto sob chuva;Critico;Critico;0.3866170644760132;0.3866170644760132;R2_STABLE_RISK;37;75;39;1;61;24;0;0.05000000819563866;0.37345826625823975;0.1336146742105484;96;4
C06;C06;Critico progressivo: Fadiga noturna;Critico;Critico;0.49048082530498505;0.49048082530498505;R2_STABLE_RISK;36;81;46;1;57;21;1;0.31598642468452454;0.15585021674633026;0.13537591695785522;96;4
C09;C09;Critico progressivo: Bebida ao volante;Critico;Critico;0.37126854807138443;0.37126854807138443;R3_FALSE_KIN;38;73;36;1;57;19;0;0.05000000819563866;0.2496459037065506;0.16798992455005646;96;4
C07;C07;Critico progressivo: Sem cinto sob chuva;Critico;Critico;0.40586857646703717;0.40586857646703717;R3_FALSE_KIN;37;75;39;1;55;18;0;0.05000000819563866;0.3807559013366699;0.12570494413375854;96;4
C10;C10;Critico progressivo: Grooming em rodovia com fadiga;Critico;Critico;0.4225386679172516;0.4225386679172516;R1_NORMAL;40;81;42;1;61;21;0;0.05000000819563866;0.2010297328233719;0.08820024877786636;96;4
N03;N03;Normal: Noite estável;Normal;Normal;0.050000007078051564;0.050000007078051564;R2_STABLE_RISK;-1;-1;0;0;-1;-1;0;0.05000000819563866;0.03432002291083336;0.09676706790924072;96;4
C03;C03;Critico: Celular sem cinto sob chuva;Critico;Critico;0.3752959698438644;0.3752959698438644;R2_STABLE_RISK;26;41;16;0;28;2;0;0.05000000819563866;0.18306303024291992;0.13212285935878754;96;4
C08;C08;Critico progressivo: Distracao urbana multietapas;Critico;Critico;0.4285218492150306;0.4285218492150306;R1_NORMAL;28;77;50;1;57;29;0;0.05000000819563866;0.29907944798469543;0.13308468461036682;96;4
C01;C01;Critico: Celular em alta velocidade;Critico;Critico;0.29102678298950196;0.29102678298950196;R1_NORMAL;32;44;13;0;34;2;0;0.05000000819563866;0.15252812206745148;0.11928508430719376;96;4
C06;C06;Critico progressivo: Fadiga noturna;Critico;Critico;0.45519784986972806;0.45519784986972806;R2_STABLE_RISK;36;81;46;1;59;23;1;0.3062190115451813;0.16076503694057465;0.10316293686628342;96;4
C04;C04;Critico: Multiplas distracoes urbanas;Critico;Critico;0.3713889718055725;0.3713889718055725;R2_STABLE_RISK;22;45;24;0;24;2;0;0.05000000819563866;0.20465052127838135;0.13201816380023956;96;4
N01;N01;Normal: Viagem tranquila em rodovia;Normal;Normal;0.050000007078051564;0.050000007078051564;R2_STABLE_RISK;-1;-1;0;0;-1;-1;0;0.05000000819563866;0.03705000877380371;0.12082376331090927;96;4
N03;N03;Normal: Noite estável;Normal;Normal;0.050000007078051564;0.050000007078051564;R3_FALSE_KIN;-1;-1;0;0;-1;-1;0;0.05000000819563866;0.028789004310965538;0.09078896045684814;96;4
C07;C07;Critico progressivo: Sem cinto sob chuva;Critico;Critico;0.4796358495950699;0.4796358495950699;R1_NORMAL;37;75;39;1;58;21;1;0.27583616971969604;0.37664905190467834;0.13162767887115479;96;4
C03;C03;Critico: Celular sem cinto sob chuva;Critico;Critico;0.6177487522363663;0.6177487522363663;R2_STABLE_RISK;26;41;16;0;28;2;1;0.24184440076351166;0.1902671605348587;0.22899675369262695;96;4
C06;C06;Critico progressivo: Fadiga noturna;Critico;Critico;0.44295556545257564;0.44295556545257564;R3_FALSE_KIN;36;81;46;1;64;28;0;0.05000000819563866;0.1618521362543106;0.09967193752527237;96;4
N01;N01;Normal: Viagem tranquila em rodovia;Normal;Normal;0.050000007078051564;0.050000007078051564;R1_NORMAL;-1;-1;0;0;-1;-1;0;0.05000000819563866;0.03171859681606293;0.11101126670837402;96;4
C04;C04;Critico: Multiplas distracoes urbanas;Critico;Critico;0.5612227201461792;0.5612227201461792;R1_NORMAL;22;45;24;0;24;2;1;0.21199102699756622;0.2039647102355957;0.23657993972301483;96;4
C04;C04;Critico: Multiplas distracoes urbanas;Critico;Critico;0.3713889718055725;0.3713889718055725;R1_NORMAL;22;45;24;0;24;2;0;0.05000000819563866;0.20163822174072266;0.14310269057750702;96;4
N02;N02;Normal: Urbano moderado;Normal;Normal;0.050000007078051564;0.050000007078051564;R2_STABLE_RISK;-1;-1;0;0;-1;-1;0;0.05000000819563866;0.03264554217457771;0.10702822357416153;96;4
N01;N01;Normal: Viagem tranquila em rodovia;Normal;Normal;0.050000007078051564;0.050000007078051564;R3_FALSE_KIN;-1;-1;0;0;-1;-1;0;0.05000000819563866;0.033326249569654465;0.08865359425544739;96;4
C07;C07;Critico progressivo: Sem cinto sob chuva;Critico;Critico;0.5044265955686569;0.5044265955686569;R3_FALSE_KIN;37;75;39;1;58;21;1;0.33067309856414795;0.37907102704048157;0.14727139472961426;96;4
C08;C08;Critico progressivo: Distracao urbana multietapas;Critico;Critico;0.42776965051889415;0.42776965051889415;R1_NORMAL;28;77;50;1;58;30;0;0.05000000819563866;0.3132766783237457;0.1260228008031845;96;4
N02;N02;Normal: Urbano moderado;Normal;Normal;0.050000007078051564;0.050000007078051564;R1_NORMAL;-1;-1;0;0;-1;-1;0;0.05000000819563866;0.03353138640522957;0.10636657476425171;96;4
C05;C05;Critico progressivo: Celular em rodovia;Critico;Critico;0.4923920840024948;0.4923920840024948;R2_STABLE_RISK;42;73;32;1;57;15;1;0.2875542640686035;0.3227027654647827;0.16354180872440338;96;4
C03;C03;Critico: Celular sem cinto sob chuva;Critico;Critico;0.3752959698438644;0.3752959698438644;R1_NORMAL;26;41;16;0;28;2;0;0.05000000819563866;0.18644410371780396;0.09463336318731308;96;4
C07;C07;Critico progressivo: Sem cinto sob chuva;Critico;Critico;0.42105097025632854;0.42105097025632854;R3_FALSE_KIN;37;75;39;1;54;17;0;0.05000000819563866;0.3809327185153961;0.12690535187721252;96;4
C06;C06;Critico progressivo: Fadiga noturna;Critico;Critico;0.5075129240751266;0.5075129240751266;R2_STABLE_RISK;36;81;46;1;56;20;1;0.3656574487686157;0.17040149867534637;0.13210736215114594;96;4
C05;C05;Critico progressivo: Celular em rodovia;Critico;Critico;0.38565506935119626;0.38565506935119626;R1_NORMAL;42;73;32;1;59;17;0;0.05000000819563866;0.3170989751815796;0.11974948644638062;96;4
N03;N03;Normal: Noite estável;Normal;Normal;0.050000007078051564;0.050000007078051564;R1_NORMAL;-1;-1;0;0;-1;-1;0;0.05000000819563866;0.03141677379608154;0.08270151168107986;96;4
N03;N03;Normal: Noite estável;Normal;Normal;0.050000007078051564;0.050000007078051564;R3_FALSE_KIN;-1;-1;0;0;-1;-1;0;0.05000000819563866;0.03417911008000374;0.1522323191165924;96;4
N01;N01;Normal: Viagem tranquila em rodovia;Normal;Normal;0.050000007078051564;0.050000007078051564;R1_NORMAL;-1;-1;0;0;-1;-1;0;0.05000000819563866;0.03362713381648064;0.09356794506311417;96;4
C09;C09;Critico progressivo: Bebida ao volante;Critico;Critico;0.4124626576900482;0.4124626576900482;R3_FALSE_KIN;38;73;36;1;57;19;0;0.05000000819563866;0.2568072974681854;0.1386709064245224;96;4
C01;C01;Critico: Celular em alta velocidade;Critico;Critico;0.29102678298950196;0.29102678298950196;R2_STABLE_RISK;32;44;13;0;34;2;0;0.05000000819563866;0.1549086570739746;0.13487471640110016;96;4
C09;C09;Critico progressivo: Bebida ao volante;Critico;Critico;0.460400253534317;0.460400253534317;R2_STABLE_RISK;38;73;36;1;57;19;1;0.26441022753715515;0.25530967116355896;0.13883157074451447;96;4
C02;C02;Critico: Fadiga com desvio cinematico;Critico;Critico;0.39378328174352645;0.39378328174352645;R2_STABLE_RISK;29;50;22;0;32;3;0;0.05000000819563866;0.0989239290356636;0.16282007098197937;96;4
C03;C03;Critico: Celular sem cinto sob chuva;Critico;Critico;0.3752959698438644;0.3752959698438644;R1_NORMAL;26;41;16;0;28;2;0;0.05000000819563866;0.1840527504682541;0.1637885719537735;96;4
C10;C10;Critico progressivo: Grooming em rodovia com fadiga;Critico;Critico;0.39572520703077313;0.39572520703077313;R1_NORMAL;40;81;42;1;66;26;0;0.05000000819563866;0.20091958343982697;0.10259463638067245;96;4
C03;C03;Critico: Celular sem cinto sob chuva;Critico;Critico;0.3752959698438644;0.3752959698438644;R2_STABLE_RISK;26;41;16;0;28;2;0;0.05000000819563866;0.18606872856616974;0.1584276407957077;96;4
C03;C03;Critico: Celular sem cinto sob chuva;Critico;Critico;0.3752959698438644;0.3752959698438644;R1_NORMAL;26;41;16;0;28;2;0;0.05000000819563866;0.1861296147108078;0.11400201171636581;96;4
C04;C04;Critico: Multiplas distracoes urbanas;Critico;Critico;0.3713889718055725;0.3713889718055725;R3_FALSE_KIN;22;45;24;0;24;2;0;0.05000000819563866;0.206521138548851;0.16918981075286865;96;4
C07;C07;Critico progressivo: Sem cinto sob chuva;Critico;Critico;0.4113194450736046;0.4113194450736046;R1_NORMAL;37;75;39;1;56;19;0;0.05000000819563866;0.3731018602848053;0.12087246030569077;96;4
N02;N02;Normal: Urbano moderado;Normal;Normal;0.050000007078051564;0.050000007078051564;R1_NORMAL;-1;-1;0;0;-1;-1;0;0.05000000819563866;0.02595924772322178;0.09734755009412766;96;4
C05;C05;Critico progressivo: Celular em rodovia;Critico;Critico;0.37090520560741425;0.37090520560741425;R1_NORMAL;42;73;32;1;60;18;0;0.05000000819563866;0.30793219804763794;0.09974215179681778;96;4
N03;N03;Normal: Noite estável;Normal;Normal;0.050000007078051564;0.050000007078051564;R2_STABLE_RISK;-1;-1;0;0;-1;-1;0;0.05000000819563866;0.03121938556432724;0.09164342284202576;96;4
C08;C08;Critico progressivo: Distracao urbana multietapas;Critico;Critico;0.45454722344875337;0.45454722344875337;R1_NORMAL;28;77;50;1;52;24;0;0.05000000819563866;0.3211097717285156;0.14821834862232208;96;4
C10;C10;Critico progressivo: Grooming em rodovia com fadiga;Critico;Critico;0.3778859153389931;0.3778859153389931;R1_NORMAL;40;81;42;1;64;24;0;0.05000000819563866;0.19270114600658417;0.15638770163059235;96;4
N03;N03;Normal: Noite estável;Normal;Normal;0.050000007078051564;0.050000007078051564;R2_STABLE_RISK;-1;-1;0;0;-1;-1;0;0.05000000819563866;0.03286504000425339;0.13871870934963226;96;4
C09;C09;Critico progressivo: Bebida ao volante;Critico;Critico;0.3934846103191375;0.3934846103191375;R2_STABLE_RISK;38;73;36;1;56;18;0;0.05000000819563866;0.24784331023693085;0.09877362847328186;96;4
C03;C03;Critico: Celular sem cinto sob chuva;Critico;Critico;0.3752959698438644;0.3752959698438644;R3_FALSE_KIN;26;41;16;0;28;2;0;0.05000000819563866;0.1860554814338684;0.14122241735458374;96;4
C02;C02;Critico: Fadiga com desvio cinematico;Critico;Critico;0.6053670436143874;0.6053670436143874;R3_FALSE_KIN;29;50;22;0;32;3;1;0.2670365869998932;0.09813126176595688;0.1338246911764145;96;4
N02;N02;Normal: Urbano moderado;Normal;Normal;0.050000007078051564;0.050000007078051564;R1_NORMAL;-1;-1;0;0;-1;-1;0;0.05000000819563866;0.032455239444971085;0.08244817703962326;96;4
C02;C02;Critico: Fadiga com desvio cinematico;Critico;Critico;0.39378328174352645;0.39378328174352645;R1_NORMAL;29;50;22;0;32;3;0;0.05000000819563866;0.10030054301023483;0.14636121690273285;96;4
N03;N03;Normal: Noite estável;Normal;Normal;0.050000007078051564;0.050000007078051564;R1_NORMAL;-1;-1;0;0;-1;-1;0;0.05000000819563866;0.0336715504527092;0.10903523117303848;96;4
C02;C02;Critico: Fadiga com desvio cinematico;Critico;Critico;0.39378328174352645;0.39378328174352645;R2_STABLE_RISK;29;50;22;0;32;3;0;0.05000000819563866;0.10113561153411865;0.11612845212221146;96;4
N01;N01;Normal: Viagem tranquila em rodovia;Normal;Normal;0.050000007078051564;0.050000007078051564;R1_NORMAL;-1;-1;0;0;-1;-1;0;0.05000000819563866;0.027377573773264885;0.0886240229010582;96;4
N02;N02;Normal: Urbano moderado;Normal;Normal;0.050000007078051564;0.050000007078051564;R1_NORMAL;-1;-1;0;0;-1;-1;0;0.05000000819563866;0.0304107666015625;0.09351389855146408;96;4
C04;C04;Critico: Multiplas distracoes urbanas;Critico;Critico;0.5752541542053222;0.5752541542053222;R1_NORMAL;22;45;24;0;24;2;1;0.251368910074234;0.20363207161426544;0.18666915595531464;96;4
C07;C07;Critico progressivo: Sem cinto sob chuva;Critico;Critico;0.4219121158123016;0.4219121158123016;R1_NORMAL;37;75;39;1;60;23;0;0.05000000819563866;0.37394392490386963;0.13656580448150635;96;4
C09;C09;Critico progressivo: Bebida ao volante;Critico;Critico;0.38930389285087585;0.38930389285087585;R1_NORMAL;38;73;36;1;56;18;0;0.05000000819563866;0.25381210446357727;0.14360330998897552;96;4
N02;N02;Normal: Urbano moderado;Normal;Normal;0.050000007078051564;0.050000007078051564;R1_NORMAL;-1;-1;0;0;-1;-1;0;0.05000000819563866;0.04016950726509094;0.09423444420099258;96;4
C08;C08;Critico progressivo: Distracao urbana multietapas;Critico;Critico;0.4495742499828338;0.4495742499828338;R3_FALSE_KIN;28;77;50;1;54;26;0;0.05000000819563866;0.3102063834667206;0.1433619111776352;96;4
C01;C01;Critico: Celular em alta velocidade;Critico;Critico;0.5167737394571303;0.5167737394571303;R2_STABLE_RISK;32;44;13;0;34;2;1;0.19750641286373138;0.1491842269897461;0.15811003744602203;96;4
N03;N03;Normal: Noite estável;Normal;Normal;0.050000007078051564;0.050000007078051564;R2_STABLE_RISK;-1;-1;0;0;-1;-1;0;0.05000000819563866;0.023482119664549828;0.10229108482599258;96;4
N02;N02;Normal: Urbano moderado;Normal;Normal;0.050000007078051564;0.050000007078051564;R2_STABLE_RISK;-1;-1;0;0;-1;-1;0;0.05000000819563866;0.03163933381438255;0.07521659880876541;96;4
C02;C02;Critico: Fadiga com desvio cinematico;Critico;Critico;0.39378328174352645;0.39378328174352645;R2_STABLE_RISK;29;50;22;0;32;3;0;0.05000000819563866;0.09725487977266312;0.13638083636760712;96;4
C03;C03;Critico: Celular sem cinto sob chuva;Critico;Critico;0.6089912623167038;0.6089912623167038;R2_STABLE_RISK;26;41;16;0;28;2;1;0.203552708029747;0.18458445370197296;0.22968824207782745;96;4
C04;C04;Critico: Multiplas distracoes urbanas;Critico;Critico;0.3713889718055725;0.3713889718055725;R1_NORMAL;22;45;24;0;24;2;0;0.05000000819563866;0.21116356551647186;0.12917836010456085;96;4
C10;C10;Critico progressivo: Grooming em rodovia com fadiga;Critico;Critico;0.39826408624649046;0.39826408624649046;R1_NORMAL;40;81;42;1;54;14;0;0.05000000819563866;0.19866569340229034;0.08549755066633224;96;4
N01;N01;Normal: Viagem tranquila em rodovia;Normal;Normal;0.050000007078051564;0.050000007078051564;R2_STABLE_RISK;-1;-1;0;0;-1;-1;0;0.05000000819563866;0.02892155386507511;0.07067809253931046;96;4
C03;C03;Critico: Celular sem cinto sob chuva;Critico;Critico;0.3752959698438644;0.3752959698438644;R2_STABLE_RISK;26;41;16;0;28;2;0;0.05000000819563866;0.18433932960033417;0.1242193654179573;96;4
C05;C05;Critico progressivo: Celular em rodovia;Critico;Critico;0.36886947005987164;0.36886947005987164;R1_NORMAL;42;73;32;1;59;17;0;0.05000000819563866;0.3227035403251648;0.10130181908607483;96;4
C04;C04;Critico: Multiplas distracoes urbanas;Critico;Critico;0.3713889718055725;0.3713889718055725;R1_NORMAL;22;45;24;0;24;2;0;0.05000000819563866;0.20669762790203094;0.12317820638418198;96;4
C05;C05;Critico progressivo: Celular em rodovia;Critico;Critico;0.3940137803554535;0.3940137803554535;R1_NORMAL;42;73;32;1;60;18;0;0.05000000819563866;0.31285360455513;0.15834416449069977;96;4
C03;C03;Critico: Celular sem cinto sob chuva;Critico;Critico;0.605641296505928;0.605641296505928;R1_NORMAL;26;41;16;0;28;2;1;0.1990818828344345;0.18919336795806885;0.20033299922943115;96;4
C10;C10;Critico progressivo: Grooming em rodovia com fadiga;Critico;Critico;0.44214328229427335;0.44214328229427335;R1_NORMAL;40;81;42;1;64;24;1;0.29758691787719727;0.20464842021465302;0.12625184655189514;96;4
C08;C08;Critico progressivo: Distracao urbana multietapas;Critico;Critico;0.4705115884542465;0.4705115884542465;R1_NORMAL;28;77;50;1;51;23;0;0.05000000819563866;0.320890873670578;0.15259365737438202;96;4
C02;C02;Critico: Fadiga com desvio cinematico;Critico;Critico;0.590159186720848;0.590159186720848;R2_STABLE_RISK;29;50;22;0;32;3;1;0.21040666103363037;0.09627700597047806;0.19379860162734985;96;4
C02;C02;Critico: Fadiga com desvio cinematico;Critico;Critico;0.5897996097803115;0.5897996097803115;R2_STABLE_RISK;29;50;22;0;32;3;1;0.22043921053409576;0.09753493219614029;0.17314748466014862;96;4
C07;C07;Critico progressivo: Sem cinto sob chuva;Critico;Critico;0.41774144768714905;0.41774144768714905;R3_FALSE_KIN;37;75;39;1;61;24;0;0.05000000819563866;0.38059505820274353;0.13886085152626038;96;4
C01;C01;Critico: Celular em alta velocidade;Critico;Critico;0.29102678298950196;0.29102678298950196;R3_FALSE_KIN;32;44;13;0;34;2;0;0.05000000819563866;0.15239901840686798;0.09066378325223923;96;4
C06;C06;Critico progressivo: Fadiga noturna;Critico;Critico;0.4849581480026245;0.4849581480026245;R3_FALSE_KIN;36;81;46;1;63;27;1;0.3476722240447998;0.15246227383613586;0.09337075799703598;96;4
C02;C02;Critico: Fadiga com desvio cinematico;Critico;Critico;0.598321121931076;0.598321121931076;R1_NORMAL;29;50;22;0;32;3;1;0.23691485822200775;0.10163988918066025;0.1957448273897171;96;4
C01;C01;Critico: Celular em alta velocidade;Critico;Critico;0.29102678298950196;0.29102678298950196;R3_FALSE_KIN;32;44;13;0;34;2;0;0.05000000819563866;0.15562503039836884;0.11129365116357803;96;4
C02;C02;Critico: Fadiga com desvio cinematico;Critico;Critico;0.39378328174352645;0.39378328174352645;R2_STABLE_RISK;29;50;22;0;32;3;0;0.05000000819563866;0.10076984763145447;0.094554603099823;96;4
C06;C06;Critico progressivo: Fadiga noturna;Critico;Critico;0.39192172288894656;0.39192172288894656;R2_STABLE_RISK;36;81;46;1;61;25;0;0.05000000819563866;0.15753985941410065;0.10562755912542343;96;4
C09;C09;Critico progressivo: Bebida ao volante;Critico;Critico;0.48485688865184784;0.48485688865184784;R1_NORMAL;38;73;36;1;57;19;1;0.25231048464775085;0.24810458719730377;0.144227996468544;96;4
C07;C07;Critico progressivo: Sem cinto sob chuva;Critico;Critico;0.48032936155796047;0.48032936155796047;R1_NORMAL;37;75;39;1;57;20;1;0.3014433681964874;0.37453022599220276;0.17044644057750702;96;4
N03;N03;Normal: Noite estável;Normal;Normal;0.050000007078051564;0.050000007078051564;R3_FALSE_KIN;-1;-1;0;0;-1;-1;0;0.05000000819563866;0.030344819650053978;0.11280927062034607;96;4
N03;N03;Normal: Noite estável;Normal;Normal;0.050000007078051564;0.050000007078051564;R1_NORMAL;-1;-1;0;0;-1;-1;0;0.05000000819563866;0.03617836907505989;0.0857987180352211;96;4
C10;C10;Critico progressivo: Grooming em rodovia com fadiga;Critico;Critico;0.39749308377504344;0.39749308377504344;R2_STABLE_RISK;40;81;42;1;61;21;0;0.05000000819563866;0.19230307638645172;0.10545915365219116;96;4
C01;C01;Critico: Celular em alta velocidade;Critico;Critico;0.29102678298950196;0.29102678298950196;R2_STABLE_RISK;32;44;13;0;34;2;0;0.05000000819563866;0.15818361937999725;0.09228315204381943;96;4
C04;C04;Critico: Multiplas distracoes urbanas;Critico;Critico;0.3713889718055725;0.3713889718055725;R3_FALSE_KIN;22;45;24;0;24;2;0;0.05000000819563866;0.20809394121170044;0.12606073915958405;96;4
C05;C05;Critico progressivo: Celular em rodovia;Critico;Critico;0.4016122207045555;0.4016122207045555;R2_STABLE_RISK;42;73;32;1;58;16;0;0.05000000819563866;0.31875866651535034;0.11616344004869461;96;4
C07;C07;Critico progressivo: Sem cinto sob chuva;Critico;Critico;0.4114666759967804;0.4114666759967804;R2_STABLE_RISK;37;75;39;1;56;19;0;0.05000000819563866;0.3750018775463104;0.11996889859437943;96;4
C01;C01;Critico: Celular em alta velocidade;Critico;Critico;0.29102678298950196;0.29102678298950196;R1_NORMAL;32;44;13;0;34;2;0;0.05000000819563866;0.15290038287639618;0.14288944005966187;96;4
C04;C04;Critico: Multiplas distracoes urbanas;Critico;Critico;0.5733459711074829;0.5733459711074829;R2_STABLE_RISK;22;45;24;0;24;2;1;0.24755187332630157;0.20651774108409882;0.18793292343616486;96;4
C03;C03;Critico: Celular sem cinto sob chuva;Critico;Critico;0.6175599068403244;0.6175599068403244;R3_FALSE_KIN;26;41;16;0;28;2;1;0.2439548522233963;0.18783509731292725;0.1727803498506546;96;4
C10;C10;Critico progressivo: Grooming em rodovia com fadiga;Critico;Critico;0.4131875395774841;0.4131875395774841;R2_STABLE_RISK;40;81;42;1;62;22;0;0.05000000819563866;0.205102801322937;0.14635248482227325;96;4
C08;C08;Critico progressivo: Distracao urbana multietapas;Critico;Critico;0.43392489254474637;0.43392489254474637;R1_NORMAL;28;77;50;1;55;27;0;0.05000000819563866;0.3180125653743744;0.13862454891204834;96;4
C10;C10;Critico progressivo: Grooming em rodovia com fadiga;Critico;Critico;0.39539874345064163;0.39539874345064163;R2_STABLE_RISK;40;81;42;1;62;22;0;0.05000000819563866;0.2037544995546341;0.11011722683906555;96;4
C10;C10;Critico progressivo: Grooming em rodovia com fadiga;Critico;Critico;0.4634298264980316;0.4634298264980316;R1_NORMAL;40;81;42;1;65;25;1;0.3125910460948944;0.2055407017469406;0.089474618434906;96;4
C01;C01;Critico: Celular em alta velocidade;Critico;Critico;0.5293305695056915;0.5293305695056915;R3_FALSE_KIN;32;44;13;0;34;2;1;0.23342646658420563;0.1546510010957718;0.22971729934215546;96;4
C05;C05;Critico progressivo: Celular em rodovia;Critico;Critico;0.4725453853607178;0.4725453853607178;R3_FALSE_KIN;42;73;32;1;59;17;1;0.24965037405490875;0.3180551528930664;0.14096283912658691;96;4
C02;C02;Critico: Fadiga com desvio cinematico;Critico;Critico;0.5993638813495636;0.5993638813495636;R1_NORMAL;29;50;22;0;32;3;1;0.2543655335903168;0.10136514902114868;0.11151618510484695;96;4
C05;C05;Critico progressivo: Celular em rodovia;Critico;Critico;0.4634846359491348;0.4634846359491348;R2_STABLE_RISK;42;73;32;1;58;16;1;0.2906326353549957;0.3193109333515167;0.1618463099002838;96;4
C09;C09;Critico progressivo: Bebida ao volante;Critico;Critico;0.48258996307849883;0.48258996307849883;R1_NORMAL;38;73;36;1;58;20;1;0.26707205176353455;0.24968808889389038;0.14133323729038239;96;4
C10;C10;Critico progressivo: Grooming em rodovia com fadiga;Critico;Critico;0.4152771458029747;0.4152771458029747;R3_FALSE_KIN;40;81;42;1;59;19;0;0.05000000819563866;0.20323701202869415;0.0935765877366066;96;4
C04;C04;Critico: Multiplas distracoes urbanas;Critico;Critico;0.3713889718055725;0.3713889718055725;R1_NORMAL;22;45;24;0;24;2;0;0.05000000819563866;0.20058035850524902;0.10040521621704102;96;4
C10;C10;Critico progressivo: Grooming em rodovia com fadiga;Critico;Critico;0.3825843632221222;0.3825843632221222;R3_FALSE_KIN;40;81;42;1;62;22;0;0.05000000819563866;0.20049460232257843;0.09577960520982742;96;4
C07;C07;Critico progressivo: Sem cinto sob chuva;Critico;Critico;0.4070304870605469;0.4070304870605469;R2_STABLE_RISK;37;75;39;1;58;21;0;0.05000000819563866;0.37977778911590576;0.14785824716091156;96;4
C06;C06;Critico progressivo: Fadiga noturna;Critico;Critico;0.40580525547266005;0.40580525547266005;R1_NORMAL;36;81;46;1;59;23;0;0.05000000819563866;0.157228022813797;0.1418035924434662;96;4
N03;N03;Normal: Noite estável;Normal;Normal;0.050000007078051564;0.050000007078051564;R1_NORMAL;-1;-1;0;0;-1;-1;0;0.05000000819563866;0.037952717393636703;0.0690997838973999;96;4
C08;C08;Critico progressivo: Distracao urbana multietapas;Critico;Critico;0.4285953640937805;0.4285953640937805;R3_FALSE_KIN;28;77;50;1;51;23;0;0.05000000819563866;0.3087752163410187;0.17026729881763458;96;4
N02;N02;Normal: Urbano moderado;Normal;Normal;0.050000007078051564;0.050000007078051564;R1_NORMAL;-1;-1;0;0;-1;-1;0;0.05000000819563866;0.03194328024983406;0.08952926844358444;96;4
N01;N01;Normal: Viagem tranquila em rodovia;Normal;Normal;0.050000007078051564;0.050000007078051564;R2_STABLE_RISK;-1;-1;0;0;-1;-1;0;0.05000000819563866;0.03112086094915867;0.11975353956222534;96;4
N02;N02;Normal: Urbano moderado;Normal;Normal;0.050000007078051564;0.050000007078051564;R2_STABLE_RISK;-1;-1;0;0;-1;-1;0;0.05000000819563866;0.034195203334093094;0.07400240749120712;96;4
C01;C01;Critico: Celular em alta velocidade;Critico;Critico;0.29102678298950196;0.29102678298950196;R2_STABLE_RISK;32;44;13;0;34;2;0;0.05000000819563866;0.14923878014087677;0.12388230115175247;96;4
N02;N02;Normal: Urbano moderado;Normal;Normal;0.050000007078051564;0.050000007078051564;R3_FALSE_KIN;-1;-1;0;0;-1;-1;0;0.05000000819563866;0.03401205316185951;0.11845424026250839;96;4
C01;C01;Critico: Celular em alta velocidade;Critico;Critico;0.29102678298950196;0.29102678298950196;R1_NORMAL;32;44;13;0;34;2;0;0.05000000819563866;0.15407519042491913;0.10596513748168945;96;4
C10;C10;Critico progressivo: Grooming em rodovia com fadiga;Critico;Critico;0.44685574769973757;0.44685574769973757;R2_STABLE_RISK;40;81;42;1;64;24;1;0.33432164788246155;0.20035229623317719;0.09648817032575607;96;4
C02;C02;Critico: Fadiga com desvio cinematico;Critico;Critico;0.39378328174352645;0.39378328174352645;R2_STABLE_RISK;29;50;22;0;32;3;0;0.05000000819563866;0.10380744934082031;0.13869613409042358;96;4
N02;N02;Normal: Urbano moderado;Normal;Normal;0.050000007078051564;0.050000007078051564;R1_NORMAL;-1;-1;0;0;-1;-1;0;0.05000000819563866;0.035719066858291626;0.09864926338195801;96;4
N02;N02;Normal: Urbano moderado;Normal;Normal;0.050000007078051564;0.050000007078051564;R1_NORMAL;-1;-1;0;0;-1;-1;0;0.05000000819563866;0.03864622116088867;0.11585276573896408;96;4
C06;C06;Critico progressivo: Fadiga noturna;Critico;Critico;0.45036573261022567;0.45036573261022567;R2_STABLE_RISK;36;81;46;1;59;23;0;0.05000000819563866;0.16548316180706024;0.11862371116876602;96;4
C01;C01;Critico: Celular em alta velocidade;Critico;Critico;0.29102678298950196;0.29102678298950196;R2_STABLE_RISK;32;44;13;0;34;2;0;0.05000000819563866;0.16116060316562653;0.12390685081481934;96;4
C02;C02;Critico: Fadiga com desvio cinematico;Critico;Critico;0.39378328174352645;0.39378328174352645;R1_NORMAL;29;50;22;0;32;3;0;0.05000000819563866;0.09543704986572266;0.11258504539728165;96;4
C08;C08;Critico progressivo: Distracao urbana multietapas;Critico;Critico;0.45486539900302886;0.45486539900302886;R1_NORMAL;28;77;50;1;57;29;0;0.05000000819563866;0.3162824213504791;0.17578363418579102;96;4
C08;C08;Critico progressivo: Distracao urbana multietapas;Critico;Critico;0.4186617329716682;0.4186617329716682;R2_STABLE_RISK;28;77;50;1;56;28;0;0.05000000819563866;0.30344271659851074;0.10771822929382324;96;4
C08;C08;Critico progressivo: Distracao urbana multietapas;Critico;Critico;0.4216149613261223;0.4216149613261223;R1_NORMAL;28;77;50;1;53;25;0;0.05000000819563866;0.31847983598709106;0.18760214745998383;96;4
N02;N02;Normal: Urbano moderado;Normal;Normal;0.050000007078051564;0.050000007078051564;R3_FALSE_KIN;-1;-1;0;0;-1;-1;0;0.05000000819563866;0.03542587533593178;0.10573741793632507;96;4
C09;C09;Critico progressivo: Bebida ao volante;Critico;Critico;0.4608711987733841;0.4608711987733841;R2_STABLE_RISK;38;73;36;1;60;22;1;0.28301647305488586;0.2483082264661789;0.12614870071411133;96;4
C05;C05;Critico progressivo: Celular em rodovia;Critico;Critico;0.3928635939955711;0.3928635939955711;R2_STABLE_RISK;42;73;32;1;59;17;0;0.05000000819563866;0.3267172574996948;0.1231023445725441;96;4
N01;N01;Normal: Viagem tranquila em rodovia;Normal;Normal;0.050000007078051564;0.050000007078051564;R3_FALSE_KIN;-1;-1;0;0;-1;-1;0;0.05000000819563866;0.03187274560332298;0.10421349853277206;96;4
C08;C08;Critico progressivo: Distracao urbana multietapas;Critico;Critico;0.487797138094902;0.487797138094902;R3_FALSE_KIN;28;77;50;1;53;25;1;0.3206310272216797;0.3143855333328247;0.14567521214485168;96;4
C01;C01;Critico: Celular em alta velocidade;Critico;Critico;0.5240688562393188;0.5240688562393188;R2_STABLE_RISK;32;44;13;0;34;2;1;0.2441529482603073;0.15687136352062225;0.14610128104686737;96;4
C10;C10;Critico progressivo: Grooming em rodovia com fadiga;Critico;Critico;0.414095638692379;0.414095638692379;R1_NORMAL;40;81;42;1;62;22;0;0.05000000819563866;0.19766364991664886;0.11047457903623581;96;4
N02;N02;Normal: Urbano moderado;Normal;Normal;0.050000007078051564;0.050000007078051564;R1_NORMAL;-1;-1;0;0;-1;-1;0;0.05000000819563866;0.03158407285809517;0.09836075454950333;96;4
C09;C09;Critico progressivo: Bebida ao volante;Critico;Critico;0.4021051332354545;0.4021051332354545;R1_NORMAL;38;73;36;1;56;18;0;0.05000000819563866;0.2492377758026123;0.13078711926937103;96;4
C03;C03;Critico: Celular sem cinto sob chuva;Critico;Critico;0.3752959698438644;0.3752959698438644;R2_STABLE_RISK;26;41;16;0;28;2;0;0.05000000819563866;0.1822184920310974;0.1395997405052185;96;4
C05;C05;Critico progressivo: Celular em rodovia;Critico;Critico;0.4652931421995163;0.4652931421995163;R3_FALSE_KIN;42;73;32;1;59;17;1;0.27405983209609985;0.32166817784309387;0.16287855803966522;96;4
C09;C09;Critico progressivo: Bebida ao volante;Critico;Critico;0.4043276950716972;0.4043276950716972;R1_NORMAL;38;73;36;1;59;21;0;0.05000000819563866;0.24824261665344238;0.1397402137517929;96;4
C07;C07;Critico progressivo: Sem cinto sob chuva;Critico;Critico;0.3870245397090911;0.3870245397090911;R1_NORMAL;37;75;39;1;60;23;0;0.05000000819563866;0.37181544303894043;0.12750349938869476;96;4
C03;C03;Critico: Celular sem cinto sob chuva;Critico;Critico;0.6211727172136307;0.6211727172136307;R1_NORMAL;26;41;16;0;28;2;1;0.25005167722702026;0.19210940599441528;0.19093537330627441;96;4
C09;C09;Critico progressivo: Bebida ao volante;Critico;Critico;0.5103653311729431;0.5103653311729431;R1_NORMAL;38;73;36;1;58;20;1;0.2951415479183197;0.2528906762599945;0.10819041728973389;96;4
C07;C07;Critico progressivo: Sem cinto sob chuva;Critico;Critico;0.39632216691970823;0.39632216691970823;R3_FALSE_KIN;37;75;39;1;61;24;0;0.05000000819563866;0.37236925959587097;0.1598450392484665;96;4
C06;C06;Critico progressivo: Fadiga noturna;Critico;Critico;0.5140549093484879;0.5140549093484879;R1_NORMAL;36;81;46;1;57;21;1;0.36428213119506836;0.16353866457939148;0.0987812876701355;96;4
N03;N03;Normal: Noite estável;Normal;Normal;0.050000007078051564;0.050000007078051564;R2_STABLE_RISK;-1;-1;0;0;-1;-1;0;0.05000000819563866;0.027008244767785072;0.14306427538394928;96;4
N01;N01;Normal: Viagem tranquila em rodovia;Normal;Normal;0.050000007078051564;0.050000007078051564;R1_NORMAL;-1;-1;0;0;-1;-1;0;0.05000000819563866;0.03446059301495552;0.15244868397712708;96;4
N02;N02;Normal: Urbano moderado;Normal;Normal;0.050000007078051564;0.050000007078051564;R1_NORMAL;-1;-1;0;0;-1;-1;0;0.05000000819563866;0.03292575478553772;0.08563989400863647;96;4
C05;C05;Critico progressivo: Celular em rodovia;Critico;Critico;0.3804280892014503;0.3804280892014503;R1_NORMAL;42;73;32;1;59;17;0;0.05000000819563866;0.31108951568603516;0.1608426570892334;96;4
C06;C06;Critico progressivo: Fadiga noturna;Critico;Critico;0.42704731971025467;0.42704731971025467;R1_NORMAL;36;81;46;1;54;18;0;0.05000000819563866;0.15747499465942383;0.09643987566232681;96;4
C03;C03;Critico: Celular sem cinto sob chuva;Critico;Critico;0.6269408494234086;0.6269408494234086;R1_NORMAL;26;41;16;0;28;2;1;0.27690795063972473;0.18909764289855957;0.21390962600708008;96;4
C08;C08;Critico progressivo: Distracao urbana multietapas;Critico;Critico;0.42405203729867935;0.42405203729867935;R1_NORMAL;28;77;50;1;54;26;0;0.05000000819563866;0.3210582435131073;0.13066455721855164;96;4
C10;C10;Critico progressivo: Grooming em rodovia com fadiga;Critico;Critico;0.42457822561264036;0.42457822561264036;R1_NORMAL;40;81;42;1;62;22;0;0.05000000819563866;0.19706855714321136;0.08344203233718872;96;4
C10;C10;Critico progressivo: Grooming em rodovia com fadiga;Critico;Critico;0.45807779729366305;0.45807779729366305;R1_NORMAL;40;81;42;1;60;20;1;0.30345746874809265;0.19804422557353973;0.10662221908569336;96;4
C07;C07;Critico progressivo: Sem cinto sob chuva;Critico;Critico;0.4867264628410339;0.4867264628410339;R1_NORMAL;37;75;39;1;57;20;1;0.30954572558403015;0.3752531111240387;0.12418103218078613;96;4
C07;C07;Critico progressivo: Sem cinto sob chuva;Critico;Critico;0.41895052045583725;0.41895052045583725;R1_NORMAL;37;75;39;1;58;21;0;0.05000000819563866;0.3826313018798828;0.13213826715946198;96;4
C10;C10;Critico progressivo: Grooming em rodovia com fadiga;Critico;Critico;0.4014801517128944;0.4014801517128944;R2_STABLE_RISK;40;81;42;1;61;21;0;0.05000000819563866;0.20206491649150848;0.12241312116384506;96;4
C08;C08;Critico progressivo: Distracao urbana multietapas;Critico;Critico;0.43776785135269164;0.43776785135269164;R2_STABLE_RISK;28;77;50;1;52;24;0;0.05000000819563866;0.3176663815975189;0.12551277875900269;96;4
N03;N03;Normal: Noite estável;Normal;Normal;0.050000007078051564;0.050000007078051564;R1_NORMAL;-1;-1;0;0;-1;-1;0;0.05000000819563866;0.03851260244846344;0.09784632921218872;96;4
N03;N03;Normal: Noite estável;Normal;Normal;0.050000007078051564;0.050000007078051564;R2_STABLE_RISK;-1;-1;0;0;-1;-1;0;0.05000000819563866;0.027430502697825432;0.0989253893494606;96;4
C03;C03;Critico: Celular sem cinto sob chuva;Critico;Critico;0.3752959698438644;0.3752959698438644;R1_NORMAL;26;41;16;0;28;2;0;0.05000000819563866;0.1821572333574295;0.13035286962985992;96;4
N03;N03;Normal: Noite estável;Normal;Normal;0.050000007078051564;0.050000007078051564;R1_NORMAL;-1;-1;0;0;-1;-1;0;0.05000000819563866;0.0324479304254055;0.16463644802570343;96;4
N03;N03;Normal: Noite estável;Normal;Normal;0.050000007078051564;0.050000007078051564;R3_FALSE_KIN;-1;-1;0;0;-1;-1;0;0.05000000819563866;0.035978663712739944;0.08676376938819885;96;4
C09;C09;Critico progressivo: Bebida ao volante;Critico;Critico;0.40764463543891905;0.40764463543891905;R2_STABLE_RISK;38;73;36;1;59;21;0;0.05000000819563866;0.25254514813423157;0.10610900074243546;96;4
C09;C09;Critico progressivo: Bebida ao volante;Critico;Critico;0.5145797044038772;0.5145797044038772;R1_NORMAL;38;73;36;1;55;17;1;0.30365368723869324;0.2576919198036194;0.18351010978221893;96;4
C04;C04;Critico: Multiplas distracoes urbanas;Critico;Critico;0.5625841230154037;0.5625841230154037;R1_NORMAL;22;45;24;0;24;2;1;0.2189815491437912;0.1970883011817932;0.2165326476097107;96;4
C08;C08;Critico progressivo: Distracao urbana multietapas;Critico;Critico;0.43675329536199564;0.43675329536199564;R2_STABLE_RISK;28;77;50;1;52;24;0;0.05000000819563866;0.31331631541252136;0.10297250002622604;96;4
C09;C09;Critico progressivo: Bebida ao volante;Critico;Critico;0.48443726897239686;0.48443726897239686;R3_FALSE_KIN;38;73;36;1;56;18;1;0.25290101766586304;0.25671640038490295;0.16042234003543854;96;4
N01;N01;Normal: Viagem tranquila em rodovia;Normal;Normal;0.050000007078051564;0.050000007078051564;R1_NORMAL;-1;-1;0;0;-1;-1;0;0.05000000819563866;0.03413150832056999;0.1156037449836731;96;4
C10;C10;Critico progressivo: Grooming em rodovia com fadiga;Critico;Critico;0.4376020774245262;0.4376020774245262;R2_STABLE_RISK;40;81;42;1;62;22;0;0.05000000819563866;0.20607012510299683;0.15492244064807892;96;4
N01;N01;Normal: Viagem tranquila em rodovia;Normal;Normal;0.050000007078051564;0.050000007078051564;R1_NORMAL;-1;-1;0;0;-1;-1;0;0.05000000819563866;0.026517316699028015;0.0902782678604126;96;4
C09;C09;Critico progressivo: Bebida ao volante;Critico;Critico;0.3980767026543617;0.3980767026543617;R2_STABLE_RISK;38;73;36;1;58;20;0;0.05000000819563866;0.24483174085617065;0.11043300479650497;96;4
C08;C08;Critico progressivo: Distracao urbana multietapas;Critico;Critico;0.5157056331634522;0.5157056331634522;R2_STABLE_RISK;28;77;50;1;52;24;1;0.31410470604896545;0.3229120969772339;0.15351618826389313;96;4
N01;N01;Normal: Viagem tranquila em rodovia;Normal;Normal;0.050000007078051564;0.050000007078051564;R2_STABLE_RISK;-1;-1;0;0;-1;-1;0;0.05000000819563866;0.03104693628847599;0.09076452255249023;96;4
N03;N03;Normal: Noite estável;Normal;Normal;0.050000007078051564;0.050000007078051564;R3_FALSE_KIN;-1;-1;0;0;-1;-1;0;0.05000000819563866;0.03215004876255989;0.08162883669137955;96;4
C06;C06;Critico progressivo: Fadiga noturna;Critico;Critico;0.4130690351128578;0.4130690351128578;R1_NORMAL;36;81;46;1;55;19;0;0.05000000819563866;0.15888139605522156;0.1323094516992569;96;4
C01;C01;Critico: Celular em alta velocidade;Critico;Critico;0.5273880302906035;0.5273880302906035;R1_NORMAL;32;44;13;0;34;2;1;0.22431258857250214;0.15197382867336273;0.17582987248897552;96;4
C05;C05;Critico progressivo: Celular em rodovia;Critico;Critico;0.380525304377079;0.380525304377079;R1_NORMAL;42;73;32;1;59;17;0;0.05000000819563866;0.31651923060417175;0.12431228160858154;96;4
C08;C08;Critico progressivo: Distracao urbana multietapas;Critico;Critico;0.42248809337615967;0.42248809337615967;R2_STABLE_RISK;28;77;50;1;52;24;0;0.05000000819563866;0.3104609549045563;0.15477538108825684;96;4
C02;C02;Critico: Fadiga com desvio cinematico;Critico;Critico;0.39378328174352645;0.39378328174352645;R1_NORMAL;29;50;22;0;32;3;0;0.05000000819563866;0.10013332217931747;0.13039247691631317;96;4
C08;C08;Critico progressivo: Distracao urbana multietapas;Critico;Critico;0.4430166557431221;0.4430166557431221;R2_STABLE_RISK;28;77;50;1;59;31;0;0.05000000819563866;0.3131563365459442;0.13489605486392975;96;4
C06;C06;Critico progressivo: Fadiga noturna;Critico;Critico;0.48290604650974267;0.48290604650974267;R2_STABLE_RISK;36;81;46;1;54;18;1;0.3296385109424591;0.17046384513378143;0.1194242611527443;96;4
C05;C05;Critico progressivo: Celular em rodovia;Critico;Critico;0.3775244429707527;0.3775244429707527;R1_NORMAL;42;73;32;1;57;15;0;0.05000000819563866;0.3140173852443695;0.1403924524784088;96;4
C03;C03;Critico: Celular sem cinto sob chuva;Critico;Critico;0.3752959698438644;0.3752959698438644;R2_STABLE_RISK;26;41;16;0;28;2;0;0.05000000819563866;0.1898616999387741;0.13119223713874817;96;4
N01;N01;Normal: Viagem tranquila em rodovia;Normal;Normal;0.050000007078051564;0.050000007078051564;R2_STABLE_RISK;-1;-1;0;0;-1;-1;0;0.05000000819563866;0.027765125036239624;0.09022539854049683;96;4
C08;C08;Critico progressivo: Distracao urbana multietapas;Critico;Critico;0.5231648296117782;0.5231648296117782;R1_NORMAL;28;77;50;1;54;26;1;0.33409202098846436;0.316206693649292;0.20826132595539093;96;4
N02;N02;Normal: Urbano moderado;Normal;Normal;0.050000007078051564;0.050000007078051564;R1_NORMAL;-1;-1;0;0;-1;-1;0;0.05000000819563866;0.03169912472367287;0.07457190752029419;96;4
C05;C05;Critico progressivo: Celular em rodovia;Critico;Critico;0.4612162262201309;0.4612162262201309;R2_STABLE_RISK;42;73;32;1;59;17;1;0.3230944871902466;0.32013070583343506;0.13446147739887238;96;4
C08;C08;Critico progressivo: Distracao urbana multietapas;Critico;Critico;0.410557322204113;0.410557322204113;R1_NORMAL;28;77;50;1;56;28;0;0.05000000819563866;0.3115791380405426;0.16097711026668549;96;4
N03;N03;Normal: Noite estável;Normal;Normal;0.050000007078051564;0.050000007078051564;R2_STABLE_RISK;-1;-1;0;0;-1;-1;0;0.05000000819563866;0.033365268260240555;0.09324612468481064;96;4
C05;C05;Critico progressivo: Celular em rodovia;Critico;Critico;0.37349811643362046;0.37349811643362046;R2_STABLE_RISK;42;73;32;1;58;16;0;0.05000000819563866;0.31867516040802;0.11403340101242065;96;4
C07;C07;Critico progressivo: Sem cinto sob chuva;Critico;Critico;0.4772297829389572;0.4772297829389572;R1_NORMAL;37;75;39;1;57;20;1;0.30474618077278137;0.3751278817653656;0.1578328013420105;96;4
N03;N03;Normal: Noite estável;Normal;Normal;0.050000007078051564;0.050000007078051564;R3_FALSE_KIN;-1;-1;0;0;-1;-1;0;0.05000000819563866;0.030385831370949745;0.10705772787332535;96;4
C01;C01;Critico: Celular em alta velocidade;Critico;Critico;0.29102678298950196;0.29102678298950196;R3_FALSE_KIN;32;44;13;0;34;2;0;0.05000000819563866;0.15448249876499176;0.12707574665546417;96;4
N02;N02;Normal: Urbano moderado;Normal;Normal;0.050000007078051564;0.050000007078051564;R1_NORMAL;-1;-1;0;0;-1;-1;0;0.05000000819563866;0.030162140727043152;0.16377447545528412;96;4
N03;N03;Normal: Noite estável;Normal;Normal;0.050000007078051564;0.050000007078051564;R3_FALSE_KIN;-1;-1;0;0;-1;-1;0;0.05000000819563866;0.028344029560685158;0.10619805008172989;96;4
C01;C01;Critico: Celular em alta velocidade;Critico;Critico;0.29102678298950196;0.29102678298950196;R1_NORMAL;32;44;13;0;34;2;0;0.05000000819563866;0.1490485668182373;0.1617152839899063;96;4
C03;C03;Critico: Celular sem cinto sob chuva;Critico;Critico;0.3752959698438644;0.3752959698438644;R3_FALSE_KIN;26;41;16;0;28;2;0;0.05000000819563866;0.18886804580688477;0.16621629893779755;96;4
C02;C02;Critico: Fadiga com desvio cinematico;Critico;Critico;0.39378328174352645;0.39378328174352645;R2_STABLE_RISK;29;50;22;0;32;3;0;0.05000000819563866;0.09442492574453354;0.18434695899486542;96;4
C02;C02;Critico: Fadiga com desvio cinematico;Critico;Critico;0.39378328174352645;0.39378328174352645;R1_NORMAL;29;50;22;0;32;3;0;0.05000000819563866;0.1000121459364891;0.11160706728696823;96;4
N02;N02;Normal: Urbano moderado;Normal;Normal;0.050000007078051564;0.050000007078051564;R1_NORMAL;-1;-1;0;0;-1;-1;0;0.05000000819563866;0.02878916822373867;0.08172633498907089;96;4
C08;C08;Critico progressivo: Distracao urbana multietapas;Critico;Critico;0.43901620507240297;0.43901620507240297;R1_NORMAL;28;77;50;1;52;24;0;0.05000000819563866;0.3140476942062378;0.1596694439649582;96;4
C10;C10;Critico progressivo: Grooming em rodovia com fadiga;Critico;Critico;0.4488216504454613;0.4488216504454613;R2_STABLE_RISK;40;81;42;1;58;18;0;0.05000000819563866;0.19912724196910858;0.13582782447338104;96;4
C03;C03;Critico: Celular sem cinto sob chuva;Critico;Critico;0.3752959698438644;0.3752959698438644;R1_NORMAL;26;41;16;0;28;2;0;0.05000000819563866;0.18660517036914825;0.11643169075250626;96;4
C02;C02;Critico: Fadiga com desvio cinematico;Critico;Critico;0.39378328174352645;0.39378328174352645;R2_STABLE_RISK;29;50;22;0;32;3;0;0.05000000819563866;0.09226474910974503;0.12036480754613876;96;4
C04;C04;Critico: Multiplas distracoes urbanas;Critico;Critico;0.5667896538972854;0.5667896538972854;R1_NORMAL;22;45;24;0;24;2;1;0.24321751296520233;0.19795994460582733;0.16432170569896698;96;4
C06;C06;Critico progressivo: Fadiga noturna;Critico;Critico;0.4054581806063652;0.4054581806063652;R3_FALSE_KIN;36;81;46;1;58;22;0;0.05000000819563866;0.16159790754318237;0.09272582083940506;96;4
C01;C01;Critico: Celular em alta velocidade;Critico;Critico;0.527382493019104;0.527382493019104;R2_STABLE_RISK;32;44;13;0;34;2;1;0.22428657114505768;0.15576423704624176;0.18798084557056427;96;4
C02;C02;Critico: Fadiga com desvio cinematico;Critico;Critico;0.6086547762155532;0.6086547762155532;R2_STABLE_RISK;29;50;22;0;32;3;1;0.2898585796356201;0.09803052991628647;0.12216553092002869;96;4
C08;C08;Critico progressivo: Distracao urbana multietapas;Critico;Critico;0.49447421729564667;0.49447421729564667;R1_NORMAL;28;77;50;1;57;29;1;0.25875094532966614;0.31244468688964844;0.17350099980831146;96;4
N02;N02;Normal: Urbano moderado;Normal;Normal;0.050000007078051564;0.050000007078051564;R3_FALSE_KIN;-1;-1;0;0;-1;-1;0;0.05000000819563866;0.025863707065582275;0.1756429225206375;96;4
C09;C09;Critico progressivo: Bebida ao volante;Critico;Critico;0.38488171249628067;0.38488171249628067;R3_FALSE_KIN;38;73;36;1;59;21;0;0.05000000819563866;0.24518387019634247;0.14017538726329803;96;4
C01;C01;Critico: Celular em alta velocidade;Critico;Critico;0.5332376569509506;0.5332376569509506;R1_NORMAL;32;44;13;0;34;2;1;0.25978413224220276;0.15225760638713837;0.16032588481903076;96;4
C10;C10;Critico progressivo: Grooming em rodovia com fadiga;Critico;Critico;0.4209502518177032;0.4209502518177032;R3_FALSE_KIN;40;81;42;1;62;22;0;0.05000000819563866;0.1995847225189209;0.12651722133159637;96;4
C06;C06;Critico progressivo: Fadiga noturna;Critico;Critico;0.43738890439271927;0.43738890439271927;R1_NORMAL;36;81;46;1;59;23;0;0.05000000819563866;0.16194935142993927;0.13993817567825317;96;4
C03;C03;Critico: Celular sem cinto sob chuva;Critico;Critico;0.3752959698438644;0.3752959698438644;R1_NORMAL;26;41;16;0;28;2;0;0.05000000819563866;0.1883682757616043;0.13568803668022156;96;4
N02;N02;Normal: Urbano moderado;Normal;Normal;0.050000007078051564;0.050000007078051564;R1_NORMAL;-1;-1;0;0;-1;-1;0;0.05000000819563866;0.032781437039375305;0.08057742565870285;96;4
N03;N03;Normal: Noite estável;Normal;Normal;0.050000007078051564;0.050000007078051564;R3_FALSE_KIN;-1;-1;0;0;-1;-1;0;0.05000000819563866;0.03564322367310524;0.08060243725776672;96;4
C09;C09;Critico progressivo: Bebida ao volante;Critico;Critico;0.37782533615827557;0.37782533615827557;R1_NORMAL;38;73;36;1;60;22;0;0.05000000819563866;0.24988944828510284;0.14434896409511566;96;4
N03;N03;Normal: Noite estável;Normal;Normal;0.050000007078051564;0.050000007078051564;R1_NORMAL;-1;-1;0;0;-1;-1;0;0.05000000819563866;0.029658243060112;0.15399295091629028;96;4
C06;C06;Critico progressivo: Fadiga noturna;Critico;Critico;0.49736433327198026;0.49736433327198026;R1_NORMAL;36;81;46;1;58;22;1;0.33283114433288574;0.15832440555095673;0.11215650290250778;96;4
C09;C09;Critico progressivo: Bebida ao volante;Critico;Critico;0.40352400392293925;0.40352400392293925;R3_FALSE_KIN;38;73;36;1;53;15;0;0.05000000819563866;0.25379228591918945;0.12381336838006973;96;4
C01;C01;Critico: Celular em alta velocidade;Critico;Critico;0.29102678298950196;0.29102678298950196;R2_STABLE_RISK;32;44;13;0;34;2;0;0.05000000819563866;0.15372879803180695;0.12596189975738525;96;4
C08;C08;Critico progressivo: Distracao urbana multietapas;Critico;Critico;0.463681572675705;0.463681572675705;R2_STABLE_RISK;28;77;50;1;53;25;0;0.05000000819563866;0.31691959500312805;0.12538187205791473;96;4
N02;N02;Normal: Urbano moderado;Normal;Normal;0.050000007078051564;0.050000007078051564;R2_STABLE_RISK;-1;-1;0;0;-1;-1;0;0.05000000819563866;0.04096604511141777;0.10852482169866562;96;4
C06;C06;Critico progressivo: Fadiga noturna;Critico;Critico;0.4464599967002868;0.4464599967002868;R3_FALSE_KIN;36;81;46;1;61;25;0;0.05000000819563866;0.15755437314510345;0.1262494921684265;96;4
N01;N01;Normal: Viagem tranquila em rodovia;Normal;Normal;0.050000007078051564;0.050000007078051564;R2_STABLE_RISK;-1;-1;0;0;-1;-1;0;0.05000000819563866;0.038209784775972366;0.08416452258825302;96;4
C08;C08;Critico progressivo: Distracao urbana multietapas;Critico;Critico;0.42706854939460753;0.42706854939460753;R2_STABLE_RISK;28;77;50;1;54;26;0;0.05000000819563866;0.3168645203113556;0.13899488747119904;96;4
C06;C06;Critico progressivo: Fadiga noturna;Critico;Critico;0.4655834108591079;0.4655834108591079;R2_STABLE_RISK;36;81;46;1;60;24;1;0.3555273115634918;0.15763086080551147;0.1523035317659378;96;4
C06;C06;Critico progressivo: Fadiga noturna;Critico;Critico;0.420243801176548;0.420243801176548;R2_STABLE_RISK;36;81;46;1;60;24;0;0.05000000819563866;0.1594976931810379;0.09819024801254272;96;4
C01;C01;Critico: Celular em alta velocidade;Critico;Critico;0.29102678298950196;0.29102678298950196;R2_STABLE_RISK;32;44;13;0;34;2;0;0.05000000819563866;0.15524698793888092;0.10860725492238998;96;4
C04;C04;Critico: Multiplas distracoes urbanas;Critico;Critico;0.3713889718055725;0.3713889718055725;R1_NORMAL;22;45;24;0;24;2;0;0.05000000819563866;0.201689675450325;0.13583247363567352;96;4
N01;N01;Normal: Viagem tranquila em rodovia;Normal;Normal;0.050000007078051564;0.050000007078051564;R2_STABLE_RISK;-1;-1;0;0;-1;-1;0;0.05000000819563866;0.02826945297420025;0.08619148284196854;96;4
C10;C10;Critico progressivo: Grooming em rodovia com fadiga;Critico;Critico;0.43230619430541994;0.43230619430541994;R3_FALSE_KIN;40;81;42;1;62;22;0;0.05000000819563866;0.187142476439476;0.13140161335468292;96;4
C10;C10;Critico progressivo: Grooming em rodovia com fadiga;Critico;Critico;0.41858015209436417;0.41858015209436417;R2_STABLE_RISK;40;81;42;1;64;24;0;0.05000000819563866;0.20058143138885498;0.1254061460494995;96;4
N03;N03;Normal: Noite estável;Normal;Normal;0.050000007078051564;0.050000007078051564;R2_STABLE_RISK;-1;-1;0;0;-1;-1;0;0.05000000819563866;0.034365132451057434;0.12037515640258789;96;4
N01;N01;Normal: Viagem tranquila em rodovia;Normal;Normal;0.050000007078051564;0.050000007078051564;R1_NORMAL;-1;-1;0;0;-1;-1;0;0.05000000819563866;0.027403248474001884;0.09764062613248825;96;4
N03;N03;Normal: Noite estável;Normal;Normal;0.050000007078051564;0.050000007078051564;R1_NORMAL;-1;-1;0;0;-1;-1;0;0.05000000819563866;0.029416488483548164;0.1094418540596962;96;4
C07;C07;Critico progressivo: Sem cinto sob chuva;Critico;Critico;0.483895394206047;0.483895394206047;R2_STABLE_RISK;37;75;39;1;59;22;1;0.29752013087272644;0.3811627924442291;0.18332552909851074;96;4
C10;C10;Critico progressivo: Grooming em rodovia com fadiga;Critico;Critico;0.4801119059324265;0.4801119059324265;R1_NORMAL;40;81;42;1;66;26;1;0.3212375342845917;0.20113235712051392;0.141015887260437;96;4
C05;C05;Critico progressivo: Celular em rodovia;Critico;Critico;0.501554986834526;0.501554986834526;R2_STABLE_RISK;42;73;32;1;54;12;1;0.2770339250564575;0.3215257227420807;0.154326930642128;96;4
C09;C09;Critico progressivo: Bebida ao volante;Critico;Critico;0.46817003190517426;0.46817003190517426;R1_NORMAL;38;73;36;1;57;19;1;0.30655637383461;0.24442847073078156;0.18875795602798462;96;4
C04;C04;Critico: Multiplas distracoes urbanas;Critico;Critico;0.578497341275215;0.578497341275215;R3_FALSE_KIN;22;45;24;0;24;2;1;0.27544674277305603;0.20995919406414032;0.20317761600017548;96;4
C04;C04;Critico: Multiplas distracoes urbanas;Critico;Critico;0.3713889718055725;0.3713889718055725;R2_STABLE_RISK;22;45;24;0;24;2;0;0.05000000819563866;0.20182561874389648;0.16905105113983154;96;4
C09;C09;Critico progressivo: Bebida ao volante;Critico;Critico;0.4781153053045273;0.4781153053045273;R3_FALSE_KIN;38;73;36;1;60;22;1;0.3076534569263458;0.2502152919769287;0.19884677231311798;96;4
C06;C06;Critico progressivo: Fadiga noturna;Critico;Critico;0.41263179332017896;0.41263179332017896;R2_STABLE_RISK;36;81;46;1;61;25;0;0.05000000819563866;0.16001646220684052;0.0860280990600586;96;4
C08;C08;Critico progressivo: Distracao urbana multietapas;Critico;Critico;0.5265191912651062;0.5265191912651062;R1_NORMAL;28;77;50;1;55;27;1;0.29304423928260803;0.32143187522888184;0.1528235375881195;96;4
N01;N01;Normal: Viagem tranquila em rodovia;Normal;Normal;0.050000007078051564;0.050000007078051564;R3_FALSE_KIN;-1;-1;0;0;-1;-1;0;0.05000000819563866;0.03724684193730354;0.12322050333023071;96;4
N02;N02;Normal: Urbano moderado;Normal;Normal;0.050000007078051564;0.050000007078051564;R2_STABLE_RISK;-1;-1;0;0;-1;-1;0;0.05000000819563866;0.03470725193619728;0.09016954898834229;96;4
C07;C07;Critico progressivo: Sem cinto sob chuva;Critico;Critico;0.38898334056138995;0.38898334056138995;R2_STABLE_RISK;37;75;39;1;59;22;0;0.05000000819563866;0.37300243973731995;0.11071032285690308;96;4
C07;C07;Critico progressivo: Sem cinto sob chuva;Critico;Critico;0.3881472989916801;0.3881472989916801;R1_NORMAL;37;75;39;1;61;24;0;0.05000000819563866;0.37480297684669495;0.12051713466644287;96;4
C06;C06;Critico progressivo: Fadiga noturna;Critico;Critico;0.4275752916932106;0.4275752916932106;R3_FALSE_KIN;36;81;46;1;61;25;0;0.05000000819563866;0.1545741856098175;0.13580788671970367;96;4
C10;C10;Critico progressivo: Grooming em rodovia com fadiga;Critico;Critico;0.4137621104717254;0.4137621104717254;R2_STABLE_RISK;40;81;42;1;63;23;0;0.05000000819563866;0.20168437063694;0.1327851265668869;96;4
C04;C04;Critico: Multiplas distracoes urbanas;Critico;Critico;0.5659902691841125;0.5659902691841125;R2_STABLE_RISK;22;45;24;0;24;2;1;0.24600766599178314;0.20167608559131622;0.22285622358322144;96;4
C07;C07;Critico progressivo: Sem cinto sob chuva;Critico;Critico;0.39779205471277235;0.39779205471277235;R1_NORMAL;37;75;39;1;58;21;0;0.05000000819563866;0.3840932846069336;0.13160298764705658;96;4
C01;C01;Critico: Celular em alta velocidade;Critico;Critico;0.29102678298950196;0.29102678298950196;R2_STABLE_RISK;32;44;13;0;34;2;0;0.05000000819563866;0.1528906673192978;0.20685605704784393;96;4
C02;C02;Critico: Fadiga com desvio cinematico;Critico;Critico;0.39378328174352645;0.39378328174352645;R2_STABLE_RISK;29;50;22;0;32;3;0;0.05000000819563866;0.09451983124017715;0.11968135833740234;96;4
C09;C09;Critico progressivo: Bebida ao volante;Critico;Critico;0.48221770524978635;0.48221770524978635;R2_STABLE_RISK;38;73;36;1;56;18;1;0.28674450516700745;0.2531920373439789;0.1371975541114807;96;4
C08;C08;Critico progressivo: Distracao urbana multietapas;Critico;Critico;0.5062467813491821;0.5062467813491821;R3_FALSE_KIN;28;77;50;1;56;28;1;0.2843802869319916;0.31223174929618835;0.16328851878643036;96;4
N01;N01;Normal: Viagem tranquila em rodovia;Normal;Normal;0.050000007078051564;0.050000007078051564;R2_STABLE_RISK;-1;-1;0;0;-1;-1;0;0.05000000819563866;0.02959776483476162;0.11305209249258041;96;4
N03;N03;Normal: Noite estável;Normal;Normal;0.050000007078051564;0.050000007078051564;R1_NORMAL;-1;-1;0;0;-1;-1;0;0.05000000819563866;0.03322456777095795;0.07839807122945786;96;4
N01;N01;Normal: Viagem tranquila em rodovia;Normal;Normal;0.050000007078051564;0.050000007078051564;R1_NORMAL;-1;-1;0;0;-1;-1;0;0.05000000819563866;0.027805985882878304;0.08875235170125961;96;4
C02;C02;Critico: Fadiga com desvio cinematico;Critico;Critico;0.5946780294179916;0.5946780294179916;R2_STABLE_RISK;29;50;22;0;32;3;1;0.23442308604717255;0.09780744463205338;0.15754806995391846;96;4
C07;C07;Critico progressivo: Sem cinto sob chuva;Critico;Critico;0.40003177672624585;0.40003177672624585;R3_FALSE_KIN;37;75;39;1;61;24;0;0.05000000819563866;0.379037469625473;0.13211160898208618;96;4
C04;C04;Critico: Multiplas distracoes urbanas;Critico;Critico;0.3713889718055725;0.3713889718055725;R3_FALSE_KIN;22;45;24;0;24;2;0;0.05000000819563866;0.20680437982082367;0.17018185555934906;96;4
N03;N03;Normal: Noite estável;Normal;Normal;0.050000007078051564;0.050000007078051564;R1_NORMAL;-1;-1;0;0;-1;-1;0;0.05000000819563866;0.02732071839272976;0.07613542675971985;96;4
N01;N01;Normal: Viagem tranquila em rodovia;Normal;Normal;0.050000007078051564;0.050000007078051564;R1_NORMAL;-1;-1;0;0;-1;-1;0;0.05000000819563866;0.030477330088615417;0.10303306579589844;96;4
C08;C08;Critico progressivo: Distracao urbana multietapas;Critico;Critico;0.5425584435462951;0.5425584435462951;R2_STABLE_RISK;28;77;50;1;50;22;1;0.31321343779563904;0.31653159856796265;0.18649570643901825;96;4
C09;C09;Critico progressivo: Bebida ao volante;Critico;Critico;0.3940889731049537;0.3940889731049537;R2_STABLE_RISK;38;73;36;1;56;18;0;0.05000000819563866;0.2440229207277298;0.131460502743721;96;4
C01;C01;Critico: Celular em alta velocidade;Critico;Critico;0.29102678298950196;0.29102678298950196;R1_NORMAL;32;44;13;0;34;2;0;0.05000000819563866;0.1582230180501938;0.1310633420944214;96;4
C04;C04;Critico: Multiplas distracoes urbanas;Critico;Critico;0.3713889718055725;0.3713889718055725;R1_NORMAL;22;45;24;0;24;2;0;0.05000000819563866;0.2009180337190628;0.12042167782783508;96;4
C04;C04;Critico: Multiplas distracoes urbanas;Critico;Critico;0.3713889718055725;0.3713889718055725;R2_STABLE_RISK;22;45;24;0;24;2;0;0.05000000819563866;0.20330552756786346;0.14565825462341309;96;4
C03;C03;Critico: Celular sem cinto sob chuva;Critico;Critico;0.6175278514623641;0.6175278514623641;R1_NORMAL;26;41;16;0;28;2;1;0.23633049428462982;0.1819372922182083;0.18251465260982513;96;4
C09;C09;Critico progressivo: Bebida ao volante;Critico;Critico;0.4806498736143112;0.4806498736143112;R1_NORMAL;38;73;36;1;58;20;1;0.27700984477996826;0.2462247610092163;0.1393979787826538;96;4
N03;N03;Normal: Noite estável;Normal;Normal;0.050000007078051564;0.050000007078051564;R2_STABLE_RISK;-1;-1;0;0;-1;-1;0;0.05000000819563866;0.028287837281823158;0.1393529623746872;96;4
C05;C05;Critico progressivo: Celular em rodovia;Critico;Critico;0.3888834074139595;0.3888834074139595;R2_STABLE_RISK;42;73;32;1;60;18;0;0.05000000819563866;0.3177139461040497;0.12053465098142624;96;4
C09;C09;Critico progressivo: Bebida ao volante;Critico;Critico;0.38075608015060425;0.38075608015060425;R1_NORMAL;38;73;36;1;56;18;0;0.05000000819563866;0.2532236576080322;0.14873576164245605;96;4
C04;C04;Critico: Multiplas distracoes urbanas;Critico;Critico;0.5773584842681885;0.5773584842681885;R1_NORMAL;22;45;24;0;24;2;1;0.26171281933784485;0.20587772130966187;0.21863174438476562;96;4
N03;N03;Normal: Noite estável;Normal;Normal;0.050000007078051564;0.050000007078051564;R1_NORMAL;-1;-1;0;0;-1;-1;0;0.05000000819563866;0.03019813261926174;0.10803937911987305;96;4
N02;N02;Normal: Urbano moderado;Normal;Normal;0.050000007078051564;0.050000007078051564;R3_FALSE_KIN;-1;-1;0;0;-1;-1;0;0.05000000819563866;0.03362726792693138;0.10718493908643723;96;4
C05;C05;Critico progressivo: Celular em rodovia;Critico;Critico;0.4601968377828598;0.4601968377828598;R2_STABLE_RISK;42;73;32;1;59;17;1;0.28827765583992004;0.3128151595592499;0.12380697578191757;96;4
N01;N01;Normal: Viagem tranquila em rodovia;Normal;Normal;0.050000007078051564;0.050000007078051564;R1_NORMAL;-1;-1;0;0;-1;-1;0;0.05000000819563866;0.029777109622955322;0.0902683362364769;96;4
C05;C05;Critico progressivo: Celular em rodovia;Critico;Critico;0.4905111581087112;0.4905111581087112;R2_STABLE_RISK;42;73;32;1;58;16;1;0.27284178137779236;0.3195843994617462;0.14572519063949585;96;4
N03;N03;Normal: Noite estável;Normal;Normal;0.050000007078051564;0.050000007078051564;R3_FALSE_KIN;-1;-1;0;0;-1;-1;0;0.05000000819563866;0.03171475604176521;0.09960225224494934;96;4
C02;C02;Critico: Fadiga com desvio cinematico;Critico;Critico;0.5973179131746291;0.5973179131746291;R1_NORMAL;29;50;22;0;32;3;1;0.27427712082862854;0.1019156202673912;0.11068742722272873;96;4
C05;C05;Critico progressivo: Celular em rodovia;Critico;Critico;0.37965078502893446;0.37965078502893446;R1_NORMAL;42;73;32;1;61;19;0;0.05000000819563866;0.315871000289917;0.15026341378688812;96;4
N03;N03;Normal: Noite estável;Normal;Normal;0.050000007078051564;0.050000007078051564;R2_STABLE_RISK;-1;-1;0;0;-1;-1;0;0.05000000819563866;0.02988993562757969;0.15247540175914764;96;4
C10;C10;Critico progressivo: Grooming em rodovia com fadiga;Critico;Critico;0.43438092768192293;0.43438092768192293;R1_NORMAL;40;81;42;1;65;25;1;0.33397936820983887;0.19435016810894012;0.11408263444900513;96;4
C02;C02;Critico: Fadiga com desvio cinematico;Critico;Critico;0.39378328174352645;0.39378328174352645;R1_NORMAL;29;50;22;0;32;3;0;0.05000000819563866;0.09581997245550156;0.17350000143051147;96;4
N02;N02;Normal: Urbano moderado;Normal;Normal;0.050000007078051564;0.050000007078051564;R2_STABLE_RISK;-1;-1;0;0;-1;-1;0;0.05000000819563866;0.026063846424221992;0.08916007727384567;96;4
C01;C01;Critico: Celular em alta velocidade;Critico;Critico;0.29102678298950196;0.29102678298950196;R1_NORMAL;32;44;13;0;34;2;0;0.05000000819563866;0.15223821997642517;0.10616820305585861;96;4
C05;C05;Critico progressivo: Celular em rodovia;Critico;Critico;0.4569336742162704;0.4569336742162704;R2_STABLE_RISK;42;73;32;1;59;17;1;0.2722444236278534;0.3218575417995453;0.1632530838251114;96;4
N03;N03;Normal: Noite estável;Normal;Normal;0.050000007078051564;0.050000007078051564;R2_STABLE_RISK;-1;-1;0;0;-1;-1;0;0.05000000819563866;0.030758539214730263;0.11289175599813461;96;4
C07;C07;Critico progressivo: Sem cinto sob chuva;Critico;Critico;0.38965274095535274;0.38965274095535274;R2_STABLE_RISK;37;75;39;1;60;23;0;0.05000000819563866;0.3682015836238861;0.11179444938898087;96;4
C09;C09;Critico progressivo: Bebida ao volante;Critico;Critico;0.3982211828231811;0.3982211828231811;R2_STABLE_RISK;38;73;36;1;57;19;0;0.05000000819563866;0.2510424554347992;0.1539338082075119;96;4
C09;C09;Critico progressivo: Bebida ao volante;Critico;Critico;0.4064837500452995;0.4064837500452995;R1_NORMAL;38;73;36;1;57;19;0;0.05000000819563866;0.25432875752449036;0.12683843076229095;96;4
C09;C09;Critico progressivo: Bebida ao volante;Critico;Critico;0.41672336459159853;0.41672336459159853;R1_NORMAL;38;73;36;1;56;18;0;0.05000000819563866;0.2501688301563263;0.1316617876291275;96;4
N02;N02;Normal: Urbano moderado;Normal;Normal;0.050000007078051564;0.050000007078051564;R2_STABLE_RISK;-1;-1;0;0;-1;-1;0;0.05000000819563866;0.030274048447608948;0.12367787212133408;96;4
N03;N03;Normal: Noite estável;Normal;Normal;0.050000007078051564;0.050000007078051564;R1_NORMAL;-1;-1;0;0;-1;-1;0;0.05000000819563866;0.02702714502811432;0.09706590324640274;96;4
C05;C05;Critico progressivo: Celular em rodovia;Critico;Critico;0.47812311351299286;0.47812311351299286;R1_NORMAL;42;73;32;1;58;16;1;0.2761567533016205;0.3251582086086273;0.1614564210176468;96;4
N02;N02;Normal: Urbano moderado;Normal;Normal;0.050000007078051564;0.050000007078051564;R3_FALSE_KIN;-1;-1;0;0;-1;-1;0;0.05000000819563866;0.029726600274443626;0.09610820561647415;96;4
C02;C02;Critico: Fadiga com desvio cinematico;Critico;Critico;0.5976457267999649;0.5976457267999649;R1_NORMAL;29;50;22;0;32;3;1;0.23966963589191437;0.10268249362707138;0.18511764705181122;96;4
C04;C04;Critico: Multiplas distracoes urbanas;Critico;Critico;0.3713889718055725;0.3713889718055725;R1_NORMAL;22;45;24;0;24;2;0;0.05000000819563866;0.20230036973953247;0.12429334968328476;96;4
C05;C05;Critico progressivo: Celular em rodovia;Critico;Critico;0.3642275348305702;0.3642275348305702;R3_FALSE_KIN;42;73;32;1;58;16;0;0.05000000819563866;0.31060922145843506;0.1326676607131958;96;4
C08;C08;Critico progressivo: Distracao urbana multietapas;Critico;Critico;0.44687310755252835;0.44687310755252835;R1_NORMAL;28;77;50;1;58;30;0;0.05000000819563866;0.3211873173713684;0.17484082281589508;96;4
C07;C07;Critico progressivo: Sem cinto sob chuva;Critico;Critico;0.4214826822280884;0.4214826822280884;R3_FALSE_KIN;37;75;39;1;58;21;0;0.05000000819563866;0.3852854073047638;0.10633495450019836;96;4
C02;C02;Critico: Fadiga com desvio cinematico;Critico;Critico;0.6018552541732788;0.6018552541732788;R1_NORMAL;29;50;22;0;32;3;1;0.24892358481884003;0.1055913195014;0.13669909536838531;96;4
C08;C08;Critico progressivo: Distracao urbana multietapas;Critico;Critico;0.4325774297118187;0.4325774297118187;R1_NORMAL;28;77;50;1;56;28;0;0.05000000819563866;0.31074824929237366;0.1667758971452713;96;4
C08;C08;Critico progressivo: Distracao urbana multietapas;Critico;Critico;0.40590754300355913;0.40590754300355913;R1_NORMAL;28;77;50;1;59;31;0;0.05000000819563866;0.31005313992500305;0.14021648466587067;96;4
C10;C10;Critico progressivo: Grooming em rodovia com fadiga;Critico;Critico;0.4243460074067116;0.4243460074067116;R2_STABLE_RISK;40;81;42;1;63;23;0;0.05000000819563866;0.2053699642419815;0.09707572311162949;96;4
C03;C03;Critico: Celular sem cinto sob chuva;Critico;Critico;0.6168340474367142;0.6168340474367142;R2_STABLE_RISK;26;41;16;0;28;2;1;0.2305964082479477;0.19288821518421173;0.1738540381193161;96;4
N01;N01;Normal: Viagem tranquila em rodovia;Normal;Normal;0.050000007078051564;0.050000007078051564;R2_STABLE_RISK;-1;-1;0;0;-1;-1;0;0.05000000819563866;0.033057551831007004;0.0955331102013588;96;4
C07;C07;Critico progressivo: Sem cinto sob chuva;Critico;Critico;0.4760142773389816;0.4760142773389816;R2_STABLE_RISK;37;75;39;1;56;19;1;0.24874939024448395;0.38115933537483215;0.15631867945194244;96;4
C05;C05;Critico progressivo: Celular em rodovia;Critico;Critico;0.4975181370973587;0.4975181370973587;R1_NORMAL;42;73;32;1;55;13;1;0.28227198123931885;0.32186540961265564;0.17027390003204346;96;4
C07;C07;Critico progressivo: Sem cinto sob chuva;Critico;Critico;0.4051431968808174;0.4051431968808174;R1_NORMAL;37;75;39;1;60;23;0;0.05000000819563866;0.37627100944519043;0.1527930647134781;96;4
N03;N03;Normal: Noite estável;Normal;Normal;0.050000007078051564;0.050000007078051564;R2_STABLE_RISK;-1;-1;0;0;-1;-1;0;0.05000000819563866;0.029354071244597435;0.10524670034646988;96;4
N02;N02;Normal: Urbano moderado;Normal;Normal;0.050000007078051564;0.050000007078051564;R1_NORMAL;-1;-1;0;0;-1;-1;0;0.05000000819563866;0.032355889678001404;0.09660112112760544;96;4
N01;N01;Normal: Viagem tranquila em rodovia;Normal;Normal;0.050000007078051564;0.050000007078051564;R2_STABLE_RISK;-1;-1;0;0;-1;-1;0;0.05000000819563866;0.03583111613988876;0.11284541338682175;96;4
C02;C02;Critico: Fadiga com desvio cinematico;Critico;Critico;0.39378328174352645;0.39378328174352645;R3_FALSE_KIN;29;50;22;0;32;3;0;0.05000000819563866;0.09462100267410278;0.12972497940063477;96;4
N03;N03;Normal: Noite estável;Normal;Normal;0.050000007078051564;0.050000007078051564;R1_NORMAL;-1;-1;0;0;-1;-1;0;0.05000000819563866;0.027737939730286598;0.08294099569320679;96;4
N03;N03;Normal: Noite estável;Normal;Normal;0.050000007078051564;0.050000007078051564;R1_NORMAL;-1;-1;0;0;-1;-1;0;0.05000000819563866;0.033784400671720505;0.09944751113653183;96;4
C07;C07;Critico progressivo: Sem cinto sob chuva;Critico;Critico;0.4796868205070495;0.4796868205070495;R3_FALSE_KIN;37;75;39;1;60;23;1;0.26517972350120544;0.3771439492702484;0.1343788206577301;96;4
C06;C06;Critico progressivo: Fadiga noturna;Critico;Critico;0.43516708016395567;0.43516708016395567;R1_NORMAL;36;81;46;1;56;20;0;0.05000000819563866;0.15952788293361664;0.09976699203252792;96;4
C03;C03;Critico: Celular sem cinto sob chuva;Critico;Critico;0.6028825253248214;0.6028825253248214;R1_NORMAL;26;41;16;0;28;2;1;0.18273162841796875;0.18305552005767822;0.19413454830646515;96;4
N01;N01;Normal: Viagem tranquila em rodovia;Normal;Normal;0.050000007078051564;0.050000007078051564;R2_STABLE_RISK;-1;-1;0;0;-1;-1;0;0.05000000819563866;0.034275975078344345;0.07963663339614868;96;4
C02;C02;Critico: Fadiga com desvio cinematico;Critico;Critico;0.39378328174352645;0.39378328174352645;R3_FALSE_KIN;29;50;22;0;32;3;0;0.05000000819563866;0.09631884098052979;0.1366470605134964;96;4
C09;C09;Critico progressivo: Bebida ao volante;Critico;Critico;0.3707292556762695;0.3707292556762695;R1_NORMAL;38;73;36;1;59;21;0;0.05000000819563866;0.250323623418808;0.10445504635572433;96;4
C10;C10;Critico progressivo: Grooming em rodovia com fadiga;Critico;Critico;0.37685286849737165;0.37685286849737165;R1_NORMAL;40;81;42;1;64;24;0;0.05000000819563866;0.20758609473705292;0.12873424589633942;96;4
C07;C07;Critico progressivo: Sem cinto sob chuva;Critico;Critico;0.46290360689163207;0.46290360689163207;R1_NORMAL;37;75;39;1;59;22;1;0.28129076957702637;0.38088956475257874;0.1286686807870865;96;4
N03;N03;Normal: Noite estável;Normal;Normal;0.050000007078051564;0.050000007078051564;R1_NORMAL;-1;-1;0;0;-1;-1;0;0.05000000819563866;0.030594272539019585;0.12906228005886078;96;4
C01;C01;Critico: Celular em alta velocidade;Critico;Critico;0.29102678298950196;0.29102678298950196;R1_NORMAL;32;44;13;0;34;2;0;0.05000000819563866;0.15037180483341217;0.12168572098016739;96;4
C07;C07;Critico progressivo: Sem cinto sob chuva;Critico;Critico;0.40842732042074203;0.40842732042074203;R3_FALSE_KIN;37;75;39;1;57;20;0;0.05000000819563866;0.3784773647785187;0.12728197872638702;96;4
C02;C02;Critico: Fadiga com desvio cinematico;Critico;Critico;0.6019125401973724;0.6019125401973724;R2_STABLE_RISK;29;50;22;0;32;3;1;0.24921907484531403;0.09672564268112183;0.14331446588039398;96;4
C09;C09;Critico progressivo: Bebida ao volante;Critico;Critico;0.40731326788663863;0.40731326788663863;R1_NORMAL;38;73;36;1;55;17;0;0.05000000819563866;0.2505767345428467;0.15127064287662506;96;4
C06;C06;Critico progressivo: Fadiga noturna;Critico;Critico;0.457509434223175;0.457509434223175;R2_STABLE_RISK;36;81;46;1;61;25;0;0.05000000819563866;0.16563908755779266;0.10659883171319962;96;4
C06;C06;Critico progressivo: Fadiga noturna;Critico;Critico;0.48958018720149993;0.48958018720149993;R2_STABLE_RISK;36;81;46;1;61;25;1;0.3302466571331024;0.1594039350748062;0.10757965594530106;96;4
C10;C10;Critico progressivo: Grooming em rodovia com fadiga;Critico;Critico;0.39442602992057796;0.39442602992057796;R1_NORMAL;40;81;42;1;66;26;0;0.05000000819563866;0.1966359168291092;0.13376997411251068;96;4
C07;C07;Critico progressivo: Sem cinto sob chuva;Critico;Critico;0.38783739209175105;0.38783739209175105;R1_NORMAL;37;75;39;1;57;20;0;0.05000000819563866;0.3781109154224396;0.17758584022521973;96;4
C10;C10;Critico progressivo: Grooming em rodovia com fadiga;Critico;Critico;0.4918810963630676;0.4918810963630676;R2_STABLE_RISK;40;81;42;1;61;21;1;0.3030325174331665;0.20699775218963623;0.13766811788082123;96;4
C05;C05;Critico progressivo: Celular em rodovia;Critico;Critico;0.36509690284729;0.36509690284729;R1_NORMAL;42;73;32;1;60;18;0;0.05000000819563866;0.314476877450943;0.14383359253406525;96;4
C10;C10;Critico progressivo: Grooming em rodovia com fadiga;Critico;Critico;0.4040173128247261;0.4040173128247261;R1_NORMAL;40;81;42;1;61;21;0;0.05000000819563866;0.19464869797229767;0.10630122572183609;96;4
C08;C08;Critico progressivo: Distracao urbana multietapas;Critico;Critico;0.4957421511411667;0.4957421511411667;R1_NORMAL;28;77;50;1;52;24;1;0.2755943834781647;0.3228290379047394;0.15946270525455475;96;4
N02;N02;Normal: Urbano moderado;Normal;Normal;0.050000007078051564;0.050000007078051564;R2_STABLE_RISK;-1;-1;0;0;-1;-1;0;0.05000000819563866;0.03691781684756279;0.09364863485097885;96;4
C05;C05;Critico progressivo: Celular em rodovia;Critico;Critico;0.47950892150402064;0.47950892150402064;R1_NORMAL;42;73;32;1;58;16;1;0.31567034125328064;0.32134073972702026;0.12833495438098907;96;4
C04;C04;Critico: Multiplas distracoes urbanas;Critico;Critico;0.5712056487798691;0.5712056487798691;R2_STABLE_RISK;22;45;24;0;24;2;1;0.2712695300579071;0.19991056621074677;0.20354942977428436;96;4
C01;C01;Critico: Celular em alta velocidade;Critico;Critico;0.29102678298950196;0.29102678298950196;R3_FALSE_KIN;32;44;13;0;34;2;0;0.05000000819563866;0.15004010498523712;0.13094453513622284;96;4
C03;C03;Critico: Celular sem cinto sob chuva;Critico;Critico;0.3752959698438644;0.3752959698438644;R1_NORMAL;26;41;16;0;28;2;0;0.05000000819563866;0.18396003544330597;0.11376192420721054;96;4
C05;C05;Critico progressivo: Celular em rodovia;Critico;Critico;0.4560675889253616;0.4560675889253616;R1_NORMAL;42;73;32;1;59;17;1;0.2849902808666229;0.31393781304359436;0.13891761004924774;96;4
C10;C10;Critico progressivo: Grooming em rodovia com fadiga;Critico;Critico;0.4147705599665642;0.4147705599665642;R1_NORMAL;40;81;42;1;63;23;0;0.05000000819563866;0.20285308361053467;0.16362744569778442;96;4
C02;C02;Critico: Fadiga com desvio cinematico;Critico;Critico;0.39378328174352645;0.39378328174352645;R3_FALSE_KIN;29;50;22;0;32;3;0;0.05000000819563866;0.10636094212532043;0.13226480782032013;96;4
C03;C03;Critico: Celular sem cinto sob chuva;Critico;Critico;0.3752959698438644;0.3752959698438644;R1_NORMAL;26;41;16;0;28;2;0;0.05000000819563866;0.1887447088956833;0.14972811937332153;96;4
N01;N01;Normal: Viagem tranquila em rodovia;Normal;Normal;0.050000007078051564;0.050000007078051564;R3_FALSE_KIN;-1;-1;0;0;-1;-1;0;0.05000000819563866;0.030570631846785545;0.08931165188550949;96;4
C03;C03;Critico: Celular sem cinto sob chuva;Critico;Critico;0.3752959698438644;0.3752959698438644;R3_FALSE_KIN;26;41;16;0;28;2;0;0.05000000819563866;0.1868060678243637;0.14730538427829742;96;4
C01;C01;Critico: Celular em alta velocidade;Critico;Critico;0.29102678298950196;0.29102678298950196;R1_NORMAL;32;44;13;0;34;2;0;0.05000000819563866;0.15151631832122803;0.10788393765687943;96;4
N01;N01;Normal: Viagem tranquila em rodovia;Normal;Normal;0.050000007078051564;0.050000007078051564;R3_FALSE_KIN;-1;-1;0;0;-1;-1;0;0.05000000819563866;0.0295556653290987;0.12520523369312286;96;4
N03;N03;Normal: Noite estável;Normal;Normal;0.050000007078051564;0.050000007078051564;R2_STABLE_RISK;-1;-1;0;0;-1;-1;0;0.05000000819563866;0.03263186290860176;0.1032235398888588;96;4
C03;C03;Critico: Celular sem cinto sob chuva;Critico;Critico;0.3752959698438644;0.3752959698438644;R2_STABLE_RISK;26;41;16;0;28;2;0;0.05000000819563866;0.18594062328338623;0.11438373476266861;96;4
N03;N03;Normal: Noite estável;Normal;Normal;0.050000007078051564;0.050000007078051564;R1_NORMAL;-1;-1;0;0;-1;-1;0;0.05000000819563866;0.03237534686923027;0.08243243396282196;96;4
C02;C02;Critico: Fadiga com desvio cinematico;Critico;Critico;0.39378328174352645;0.39378328174352645;R1_NORMAL;29;50;22;0;32;3;0;0.05000000819563866;0.09769567847251892;0.08562096208333969;96;4
N02;N02;Normal: Urbano moderado;Normal;Normal;0.050000007078051564;0.050000007078051564;R2_STABLE_RISK;-1;-1;0;0;-1;-1;0;0.05000000819563866;0.03062516264617443;0.10908913612365723;96;4
C05;C05;Critico progressivo: Celular em rodovia;Critico;Critico;0.3678896591067314;0.3678896591067314;R3_FALSE_KIN;42;73;32;1;59;17;0;0.05000000819563866;0.31145867705345154;0.13711142539978027;96;4
C06;C06;Critico progressivo: Fadiga noturna;Critico;Critico;0.44924665540456765;0.44924665540456765;R1_NORMAL;36;81;46;1;59;23;0;0.05000000819563866;0.15559007227420807;0.09731235355138779;96;4
C09;C09;Critico progressivo: Bebida ao volante;Critico;Critico;0.40715366154909133;0.40715366154909133;R2_STABLE_RISK;38;73;36;1;60;22;0;0.05000000819563866;0.24827946722507477;0.1425900161266327;96;4
N01;N01;Normal: Viagem tranquila em rodovia;Normal;Normal;0.050000007078051564;0.050000007078051564;R2_STABLE_RISK;-1;-1;0;0;-1;-1;0;0.05000000819563866;0.032455235719680786;0.13932333886623383;96;4
C08;C08;Critico progressivo: Distracao urbana multietapas;Critico;Critico;0.4397781610488891;0.4397781610488891;R2_STABLE_RISK;28;77;50;1;51;23;0;0.05000000819563866;0.32011693716049194;0.20503731071949005;96;4
C07;C07;Critico progressivo: Sem cinto sob chuva;Critico;Critico;0.4120348736643791;0.4120348736643791;R2_STABLE_RISK;37;75;39;1;59;22;0;0.05000000819563866;0.37205401062965393;0.1364479511976242;96;4
C08;C08;Critico progressivo: Distracao urbana multietapas;Critico;Critico;0.44982169568538666;0.44982169568538666;R2_STABLE_RISK;28;77;50;1;49;21;0;0.05000000819563866;0.3222920596599579;0.14476923644542694;96;4
C02;C02;Critico: Fadiga com desvio cinematico;Critico;Critico;0.39378328174352645;0.39378328174352645;R1_NORMAL;29;50;22;0;32;3;0;0.05000000819563866;0.09504326432943344;0.12338943034410477;96;4
N02;N02;Normal: Urbano moderado;Normal;Normal;0.050000007078051564;0.050000007078051564;R3_FALSE_KIN;-1;-1;0;0;-1;-1;0;0.05000000819563866;0.025820260867476463;0.09172063320875168;96;4
C02;C02;Critico: Fadiga com desvio cinematico;Critico;Critico;0.39378328174352645;0.39378328174352645;R1_NORMAL;29;50;22;0;32;3;0;0.05000000819563866;0.10024657100439072;0.12363171577453613;96;4
N02;N02;Normal: Urbano moderado;Normal;Normal;0.050000007078051564;0.050000007078051564;R1_NORMAL;-1;-1;0;0;-1;-1;0;0.05000000819563866;0.03138132393360138;0.07959242165088654;96;4
C04;C04;Critico: Multiplas distracoes urbanas;Critico;Critico;0.3713889718055725;0.3713889718055725;R1_NORMAL;22;45;24;0;24;2;0;0.05000000819563866;0.19879452884197235;0.1663581281900406;96;4
N03;N03;Normal: Noite estável;Normal;Normal;0.050000007078051564;0.050000007078051564;R1_NORMAL;-1;-1;0;0;-1;-1;0;0.05000000819563866;0.027441473677754402;0.14044912159442902;96;4
C02;C02;Critico: Fadiga com desvio cinematico;Critico;Critico;0.5995197176933288;0.5995197176933288;R1_NORMAL;29;50;22;0;32;3;1;0.2531503438949585;0.10254394263029099;0.1666307896375656;96;4
C10;C10;Critico progressivo: Grooming em rodovia com fadiga;Critico;Critico;0.4624812841415405;0.4624812841415405;R3_FALSE_KIN;40;81;42;1;61;21;1;0.34031617641448975;0.19613398611545563;0.09565968066453934;96;4
C04;C04;Critico: Multiplas distracoes urbanas;Critico;Critico;0.3713889718055725;0.3713889718055725;R1_NORMAL;22;45;24;0;24;2;0;0.05000000819563866;0.20129334926605225;0.17712374031543732;96;4
N02;N02;Normal: Urbano moderado;Normal;Normal;0.050000007078051564;0.050000007078051564;R1_NORMAL;-1;-1;0;0;-1;-1;0;0.05000000819563866;0.030868783593177795;0.08352595567703247;96;4
N03;N03;Normal: Noite estável;Normal;Normal;0.050000007078051564;0.050000007078051564;R1_NORMAL;-1;-1;0;0;-1;-1;0;0.05000000819563866;0.03587978705763817;0.09850570559501648;96;4
C07;C07;Critico progressivo: Sem cinto sob chuva;Critico;Critico;0.4913496226072311;0.4913496226072311;R2_STABLE_RISK;37;75;39;1;55;18;1;0.3183590769767761;0.3847261965274811;0.1373913735151291;96;4
C07;C07;Critico progressivo: Sem cinto sob chuva;Critico;Critico;0.5056744873523712;0.5056744873523712;R2_STABLE_RISK;37;75;39;1;57;20;1;0.32164379954338074;0.3789701461791992;0.14183653891086578;96;4
C08;C08;Critico progressivo: Distracao urbana multietapas;Critico;Critico;0.4533062279224396;0.4533062279224396;R1_NORMAL;28;77;50;1;56;28;0;0.05000000819563866;0.31397566199302673;0.16166464984416962;96;4
N03;N03;Normal: Noite estável;Normal;Normal;0.050000007078051564;0.050000007078051564;R1_NORMAL;-1;-1;0;0;-1;-1;0;0.05000000819563866;0.03768240287899971;0.12119964510202408;96;4
C06;C06;Critico progressivo: Fadiga noturna;Critico;Critico;0.3943350091576576;0.3943350091576576;R2_STABLE_RISK;36;81;46;1;60;24;0;0.05000000819563866;0.1587066799402237;0.13278131186962128;96;4
N01;N01;Normal: Viagem tranquila em rodovia;Normal;Normal;0.050000007078051564;0.050000007078051564;R1_NORMAL;-1;-1;0;0;-1;-1;0;0.05000000819563866;0.027373522520065308;0.10200778394937515;96;4
C10;C10;Critico progressivo: Grooming em rodovia com fadiga;Critico;Critico;0.3866805255413055;0.3866805255413055;R2_STABLE_RISK;40;81;42;1;63;23;0;0.05000000819563866;0.19115619361400604;0.08715701103210449;96;4
C04;C04;Critico: Multiplas distracoes urbanas;Critico;Critico;0.3713889718055725;0.3713889718055725;R3_FALSE_KIN;22;45;24;0;24;2;0;0.05000000819563866;0.2039695531129837;0.13264881074428558;96;4
C03;C03;Critico: Celular sem cinto sob chuva;Critico;Critico;0.6171750396490097;0.6171750396490097;R3_FALSE_KIN;26;41;16;0;28;2;1;0.23212546110153198;0.18812040984630585;0.16017012298107147;96;4
C05;C05;Critico progressivo: Celular em rodovia;Critico;Critico;0.38433466553688045;0.38433466553688045;R1_NORMAL;42;73;32;1;59;17;0;0.05000000819563866;0.31624409556388855;0.156879261136055;96;4
C07;C07;Critico progressivo: Sem cinto sob chuva;Critico;Critico;0.42206861227750775;0.42206861227750775;R1_NORMAL;37;75;39;1;58;21;0;0.05000000819563866;0.3824184834957123;0.14116156101226807;96;4
C05;C05;Critico progressivo: Celular em rodovia;Critico;Critico;0.39054937213659285;0.39054937213659285;R1_NORMAL;42;73;32;1;61;19;0;0.05000000819563866;0.32134416699409485;0.1016998216509819;96;4
C09;C09;Critico progressivo: Bebida ao volante;Critico;Critico;0.41134335249662396;0.41134335249662396;R1_NORMAL;38;73;36;1;58;20;0;0.05000000819563866;0.24741826951503754;0.14448440074920654;96;4
C10;C10;Critico progressivo: Grooming em rodovia com fadiga;Critico;Critico;0.3957627162337303;0.3957627162337303;R1_NORMAL;40;81;42;1;65;25;0;0.05000000819563866;0.20809733867645264;0.1401401162147522;96;4
N01;N01;Normal: Viagem tranquila em rodovia;Normal;Normal;0.050000007078051564;0.050000007078051564;R1_NORMAL;-1;-1;0;0;-1;-1;0;0.05000000819563866;0.03180237114429474;0.1180429458618164;96;4
C04;C04;Critico: Multiplas distracoes urbanas;Critico;Critico;0.3713889718055725;0.3713889718055725;R2_STABLE_RISK;22;45;24;0;24;2;0;0.05000000819563866;0.20204699039459229;0.12172868102788925;96;4
C07;C07;Critico progressivo: Sem cinto sob chuva;Critico;Critico;0.5062111407518387;0.5062111407518387;R2_STABLE_RISK;37;75;39;1;58;21;1;0.33573564887046814;0.3828161656856537;0.11790450662374496;96;4
C04;C04;Critico: Multiplas distracoes urbanas;Critico;Critico;0.3713889718055725;0.3713889718055725;R1_NORMAL;22;45;24;0;24;2;0;0.05000000819563866;0.19991154968738556;0.16517241299152374;96;4
C01;C01;Critico: Celular em alta velocidade;Critico;Critico;0.29102678298950196;0.29102678298950196;R2_STABLE_RISK;32;44;13;0;34;2;0;0.05000000819563866;0.15466934442520142;0.12233871221542358;96;4
C03;C03;Critico: Celular sem cinto sob chuva;Critico;Critico;0.3752959698438644;0.3752959698438644;R2_STABLE_RISK;26;41;16;0;28;2;0;0.05000000819563866;0.18300139904022217;0.1285192221403122;96;4
C09;C09;Critico progressivo: Bebida ao volante;Critico;Critico;0.37361187934875484;0.37361187934875484;R1_NORMAL;38;73;36;1;59;21;0;0.05000000819563866;0.25363120436668396;0.11823725700378418;96;4
C09;C09;Critico progressivo: Bebida ao volante;Critico;Critico;0.3896400451660156;0.3896400451660156;R1_NORMAL;38;73;36;1;56;18;0;0.05000000819563866;0.2516465485095978;0.11684131622314453;96;4
C09;C09;Critico progressivo: Bebida ao volante;Critico;Critico;0.37586127072572706;0.37586127072572706;R1_NORMAL;38;73;36;1;56;18;0;0.05000000819563866;0.2527811825275421;0.15894167125225067;96;4
N02;N02;Normal: Urbano moderado;Normal;Normal;0.050000007078051564;0.050000007078051564;R3_FALSE_KIN;-1;-1;0;0;-1;-1;0;0.05000000819563866;0.027214085683226585;0.10058476775884628;96;4
C06;C06;Critico progressivo: Fadiga noturna;Critico;Critico;0.4410116627812385;0.4410116627812385;R1_NORMAL;36;81;46;1;62;26;0;0.05000000819563866;0.14967049658298492;0.08245715498924255;96;4
C03;C03;Critico: Celular sem cinto sob chuva;Critico;Critico;0.3752959698438644;0.3752959698438644;R2_STABLE_RISK;26;41;16;0;28;2;0;0.05000000819563866;0.1846626251935959;0.13407832384109497;96;4
C03;C03;Critico: Celular sem cinto sob chuva;Critico;Critico;0.3752959698438644;0.3752959698438644;R2_STABLE_RISK;26;41;16;0;28;2;0;0.05000000819563866;0.18398158252239227;0.14776469767093658;96;4
N01;N01;Normal: Viagem tranquila em rodovia;Normal;Normal;0.050000007078051564;0.050000007078051564;R1_NORMAL;-1;-1;0;0;-1;-1;0;0.05000000819563866;0.03442838788032532;0.08517098426818848;96;4
C07;C07;Critico progressivo: Sem cinto sob chuva;Critico;Critico;0.41512608528137207;0.41512608528137207;R1_NORMAL;37;75;39;1;57;20;0;0.05000000819563866;0.37492871284484863;0.13412335515022278;96;4
C07;C07;Critico progressivo: Sem cinto sob chuva;Critico;Critico;0.402351313829422;0.402351313829422;R1_NORMAL;37;75;39;1;59;22;0;0.05000000819563866;0.3735061585903168;0.1150243878364563;96;4
C09;C09;Critico progressivo: Bebida ao volante;Critico;Critico;0.425381426513195;0.425381426513195;R1_NORMAL;38;73;36;1;56;18;0;0.05000000819563866;0.24672390520572662;0.12087518721818924;96;4
C03;C03;Critico: Celular sem cinto sob chuva;Critico;Critico;0.3752959698438644;0.3752959698438644;R1_NORMAL;26;41;16;0;28;2;0;0.05000000819563866;0.18961657583713531;0.10841559618711472;96;4
C04;C04;Critico: Multiplas distracoes urbanas;Critico;Critico;0.5777648180723189;0.5777648180723189;R3_FALSE_KIN;22;45;24;0;24;2;1;0.2802124619483948;0.20762424170970917;0.15528683364391327;96;4
C09;C09;Critico progressivo: Bebida ao volante;Critico;Critico;0.39400752633810043;0.39400752633810043;R1_NORMAL;38;73;36;1;56;18;0;0.05000000819563866;0.2499549835920334;0.13409523665905;96;4
C01;C01;Critico: Celular em alta velocidade;Critico;Critico;0.29102678298950196;0.29102678298950196;R3_FALSE_KIN;32;44;13;0;34;2;0;0.05000000819563866;0.157077357172966;0.10769741982221603;96;4
C10;C10;Critico progressivo: Grooming em rodovia com fadiga;Critico;Critico;0.4267348363995552;0.4267348363995552;R1_NORMAL;40;81;42;1;64;24;0;0.05000000819563866;0.20289365947246552;0.12657047808170319;96;4
C09;C09;Critico progressivo: Bebida ao volante;Critico;Critico;0.4017357409000396;0.4017357409000396;R1_NORMAL;38;73;36;1;58;20;0;0.05000000819563866;0.2452341914176941;0.14232614636421204;96;4
C07;C07;Critico progressivo: Sem cinto sob chuva;Critico;Critico;0.46645131111145016;0.46645131111145016;R1_NORMAL;37;75;39;1;61;24;1;0.27948305010795593;0.37159231305122375;0.15215329825878143;96;4
C05;C05;Critico progressivo: Celular em rodovia;Critico;Critico;0.3974717900156975;0.3974717900156975;R1_NORMAL;42;73;32;1;58;16;0;0.05000000819563866;0.32238879799842834;0.1209489107131958;96;4
C06;C06;Critico progressivo: Fadiga noturna;Critico;Critico;0.43968276977539056;0.43968276977539056;R3_FALSE_KIN;36;81;46;1;55;19;0;0.05000000819563866;0.15732373297214508;0.13172926008701324;96;4
C01;C01;Critico: Celular em alta velocidade;Critico;Critico;0.29102678298950196;0.29102678298950196;R1_NORMAL;32;44;13;0;34;2;0;0.05000000819563866;0.15449167788028717;0.11439575999975204;96;4
N01;N01;Normal: Viagem tranquila em rodovia;Normal;Normal;0.050000007078051564;0.050000007078051564;R3_FALSE_KIN;-1;-1;0;0;-1;-1;0;0.05000000819563866;0.031777992844581604;0.11511487513780594;96;4
C10;C10;Critico progressivo: Grooming em rodovia com fadiga;Critico;Critico;0.3926020756363868;0.3926020756363868;R3_FALSE_KIN;40;81;42;1;67;27;0;0.05000000819563866;0.19542956352233887;0.10136883705854416;96;4
C05;C05;Critico progressivo: Celular em rodovia;Critico;Critico;0.39420673102140424;0.39420673102140424;R1_NORMAL;42;73;32;1;62;20;0;0.05000000819563866;0.30999091267585754;0.13973887264728546;96;4
C05;C05;Critico progressivo: Celular em rodovia;Critico;Critico;0.3860868886113167;0.3860868886113167;R3_FALSE_KIN;42;73;32;1;60;18;0;0.05000000819563866;0.3113033175468445;0.09370560199022293;96;4
C03;C03;Critico: Celular sem cinto sob chuva;Critico;Critico;0.3752959698438644;0.3752959698438644;R1_NORMAL;26;41;16;0;28;2;0;0.05000000819563866;0.18578411638736725;0.09902238100767136;96;4
C01;C01;Critico: Celular em alta velocidade;Critico;Critico;0.5310360312461853;0.5310360312461853;R2_STABLE_RISK;32;44;13;0;34;2;1;0.2517111003398895;0.15659229457378387;0.16184411942958832;96;4
C04;C04;Critico: Multiplas distracoes urbanas;Critico;Critico;0.3713889718055725;0.3713889718055725;R2_STABLE_RISK;22;45;24;0;24;2;0;0.05000000819563866;0.21153099834918976;0.14185042679309845;96;4
C09;C09;Critico progressivo: Bebida ao volante;Critico;Critico;0.4006581082940101;0.4006581082940101;R1_NORMAL;38;73;36;1;58;20;0;0.05000000819563866;0.25538554787635803;0.141095831990242;96;4
N02;N02;Normal: Urbano moderado;Normal;Normal;0.050000007078051564;0.050000007078051564;R1_NORMAL;-1;-1;0;0;-1;-1;0;0.05000000819563866;0.03389951214194298;0.10719841718673706;96;4
C09;C09;Critico progressivo: Bebida ao volante;Critico;Critico;0.3912199005484581;0.3912199005484581;R2_STABLE_RISK;38;73;36;1;55;17;0;0.05000000819563866;0.25258830189704895;0.12354570627212524;96;4
N02;N02;Normal: Urbano moderado;Normal;Normal;0.050000007078051564;0.050000007078051564;R1_NORMAL;-1;-1;0;0;-1;-1;0;0.05000000819563866;0.025154436007142067;0.09850496798753738;96;4
C10;C10;Critico progressivo: Grooming em rodovia com fadiga;Critico;Critico;0.3855117782950401;0.3855117782950401;R3_FALSE_KIN;40;81;42;1;63;23;0;0.05000000819563866;0.1981094479560852;0.10012051463127136;96;4
C09;C09;Critico progressivo: Bebida ao volante;Critico;Critico;0.3935619756579399;0.3935619756579399;R3_FALSE_KIN;38;73;36;1;56;18;0;0.05000000819563866;0.254133015871048;0.13983552157878876;96;4
C01;C01;Critico: Celular em alta velocidade;Critico;Critico;0.5364206939935684;0.5364206939935684;R3_FALSE_KIN;32;44;13;0;34;2;1;0.27908599376678467;0.1553133726119995;0.16785824298858643;96;4
N01;N01;Normal: Viagem tranquila em rodovia;Normal;Normal;0.050000007078051564;0.050000007078051564;R2_STABLE_RISK;-1;-1;0;0;-1;-1;0;0.05000000819563866;0.03260798007249832;0.07388205081224442;96;4
C05;C05;Critico progressivo: Celular em rodovia;Critico;Critico;0.3768199011683464;0.3768199011683464;R1_NORMAL;42;73;32;1;59;17;0;0.05000000819563866;0.317910760641098;0.11618411540985107;96;4
C05;C05;Critico progressivo: Celular em rodovia;Critico;Critico;0.47206965386867517;0.47206965386867517;R2_STABLE_RISK;42;73;32;1;61;19;1;0.2667241394519806;0.31125831604003906;0.16084162890911102;96;4
C09;C09;Critico progressivo: Bebida ao volante;Critico;Critico;0.40969221442937853;0.40969221442937853;R2_STABLE_RISK;38;73;36;1;61;23;0;0.05000000819563866;0.2564329206943512;0.1576647311449051;96;4
C04;C04;Critico: Multiplas distracoes urbanas;Critico;Critico;0.3713889718055725;0.3713889718055725;R2_STABLE_RISK;22;45;24;0;24;2;0;0.05000000819563866;0.19206936657428741;0.1670825034379959;96;4
C08;C08;Critico progressivo: Distracao urbana multietapas;Critico;Critico;0.4120143949985504;0.4120143949985504;R1_NORMAL;28;77;50;1;54;26;0;0.05000000819563866;0.31038913130760193;0.1409214586019516;96;4
C10;C10;Critico progressivo: Grooming em rodovia com fadiga;Critico;Critico;0.476121374964714;0.476121374964714;R1_NORMAL;40;81;42;1;64;24;1;0.3464200496673584;0.20075659453868866;0.18639366328716278;96;4
N01;N01;Normal: Viagem tranquila em rodovia;Normal;Normal;0.050000007078051564;0.050000007078051564;R2_STABLE_RISK;-1;-1;0;0;-1;-1;0;0.05000000819563866;0.031926754862070084;0.09712331742048264;96;4
C05;C05;Critico progressivo: Celular em rodovia;Critico;Critico;0.48478859663009644;0.48478859663009644;R2_STABLE_RISK;42;73;32;1;59;17;1;0.3122095465660095;0.312042772769928;0.18293118476867676;96;4
C07;C07;Critico progressivo: Sem cinto sob chuva;Critico;Critico;0.39041133671998973;0.39041133671998973;R1_NORMAL;37;75;39;1;59;22;0;0.05000000819563866;0.3671335279941559;0.13788549602031708;96;4
C10;C10;Critico progressivo: Grooming em rodovia com fadiga;Critico;Critico;0.4370594620704651;0.4370594620704651;R2_STABLE_RISK;40;81;42;1;64;24;1;0.3298398554325104;0.2015964388847351;0.09258008748292923;96;4
C03;C03;Critico: Celular sem cinto sob chuva;Critico;Critico;0.3752959698438644;0.3752959698438644;R3_FALSE_KIN;26;41;16;0;28;2;0;0.05000000819563866;0.18361718952655792;0.13581739366054535;96;4
N01;N01;Normal: Viagem tranquila em rodovia;Normal;Normal;0.050000007078051564;0.050000007078051564;R3_FALSE_KIN;-1;-1;0;0;-1;-1;0;0.05000000819563866;0.03366611525416374;0.12214931100606918;96;4
C03;C03;Critico: Celular sem cinto sob chuva;Critico;Critico;0.3752959698438644;0.3752959698438644;R1_NORMAL;26;41;16;0;28;2;0;0.05000000819563866;0.1817927211523056;0.13400186598300934;96;4
C03;C03;Critico: Celular sem cinto sob chuva;Critico;Critico;0.3752959698438644;0.3752959698438644;R3_FALSE_KIN;26;41;16;0;28;2;0;0.05000000819563866;0.1909339874982834;0.09153837710618973;96;4
N02;N02;Normal: Urbano moderado;Normal;Normal;0.050000007078051564;0.050000007078051564;R2_STABLE_RISK;-1;-1;0;0;-1;-1;0;0.05000000819563866;0.0364217646420002;0.07645648717880249;96;4
C06;C06;Critico progressivo: Fadiga noturna;Critico;Critico;0.45943434238433833;0.45943434238433833;R2_STABLE_RISK;36;81;46;1;60;24;1;0.33378204703330994;0.153659388422966;0.1473989337682724;96;4
N02;N02;Normal: Urbano moderado;Normal;Normal;0.050000007078051564;0.050000007078051564;R3_FALSE_KIN;-1;-1;0;0;-1;-1;0;0.05000000819563866;0.027106061577796936;0.09431976079940796;96;4
C08;C08;Critico progressivo: Distracao urbana multietapas;Critico;Critico;0.45105028748512266;0.45105028748512266;R2_STABLE_RISK;28;77;50;1;53;25;0;0.05000000819563866;0.3101215064525604;0.1452692151069641;96;4
N01;N01;Normal: Viagem tranquila em rodovia;Normal;Normal;0.050000007078051564;0.050000007078051564;R1_NORMAL;-1;-1;0;0;-1;-1;0;0.05000000819563866;0.03112328052520752;0.1201048269867897;96;4
C06;C06;Critico progressivo: Fadiga noturna;Critico;Critico;0.5010285764932632;0.5010285764932632;R3_FALSE_KIN;36;81;46;1;59;23;1;0.3243556320667267;0.15401725471019745;0.17219345271587372;96;4
N01;N01;Normal: Viagem tranquila em rodovia;Normal;Normal;0.050000007078051564;0.050000007078051564;R1_NORMAL;-1;-1;0;0;-1;-1;0;0.05000000819563866;0.03407368063926697;0.09388291835784912;96;4
C08;C08;Critico progressivo: Distracao urbana multietapas;Critico;Critico;0.4515258282423019;0.4515258282423019;R2_STABLE_RISK;28;77;50;1;48;20;0;0.05000000819563866;0.33084627985954285;0.14735114574432373;96;4
C08;C08;Critico progressivo: Distracao urbana multietapas;Critico;Critico;0.5362152487039566;0.5362152487039566;R2_STABLE_RISK;28;77;50;1;52;24;1;0.3133317530155182;0.3232489824295044;0.19160614907741547;96;4
C06;C06;Critico progressivo: Fadiga noturna;Critico;Critico;0.4484947711229324;0.4484947711229324;R1_NORMAL;36;81;46;1;63;27;1;0.3218997120857239;0.15352888405323029;0.11598950624465942;96;4
C04;C04;Critico: Multiplas distracoes urbanas;Critico;Critico;0.5710915297269821;0.5710915297269821;R1_NORMAL;22;45;24;0;24;2;1;0.2324647307395935;0.20222890377044678;0.18422524631023407;96;4
C05;C05;Critico progressivo: Celular em rodovia;Critico;Critico;0.4047277346253395;0.4047277346253395;R1_NORMAL;42;73;32;1;61;19;0;0.05000000819563866;0.3176899254322052;0.11400534957647324;96;4
C07;C07;Critico progressivo: Sem cinto sob chuva;Critico;Critico;0.3883841931819916;0.3883841931819916;R1_NORMAL;37;75;39;1;61;24;0;0.05000000819563866;0.3700811564922333;0.12712405622005463;96;4
C02;C02;Critico: Fadiga com desvio cinematico;Critico;Critico;0.39378328174352645;0.39378328174352645;R1_NORMAL;29;50;22;0;32;3;0;0.05000000819563866;0.09948450326919556;0.1395067721605301;96;4
C02;C02;Critico: Fadiga com desvio cinematico;Critico;Critico;0.39378328174352645;0.39378328174352645;R1_NORMAL;29;50;22;0;32;3;0;0.05000000819563866;0.09382215887308121;0.10536378622055054;96;4
C04;C04;Critico: Multiplas distracoes urbanas;Critico;Critico;0.3713889718055725;0.3713889718055725;R3_FALSE_KIN;22;45;24;0;24;2;0;0.05000000819563866;0.196633979678154;0.14896391332149506;96;4
C03;C03;Critico: Celular sem cinto sob chuva;Critico;Critico;0.620958724617958;0.620958724617958;R2_STABLE_RISK;26;41;16;0;28;2;1;0.2490922212600708;0.19008570909500122;0.20233933627605438;96;4
N03;N03;Normal: Noite estável;Normal;Normal;0.050000007078051564;0.050000007078051564;R1_NORMAL;-1;-1;0;0;-1;-1;0;0.05000000819563866;0.034360360354185104;0.08314155042171478;96;4
N02;N02;Normal: Urbano moderado;Normal;Normal;0.050000007078051564;0.050000007078051564;R2_STABLE_RISK;-1;-1;0;0;-1;-1;0;0.05000000819563866;0.03599444404244423;0.07714785635471344;96;4
N02;N02;Normal: Urbano moderado;Normal;Normal;0.050000007078051564;0.050000007078051564;R1_NORMAL;-1;-1;0;0;-1;-1;0;0.05000000819563866;0.0340622253715992;0.07556377351284027;96;4
N01;N01;Normal: Viagem tranquila em rodovia;Normal;Normal;0.050000007078051564;0.050000007078051564;R2_STABLE_RISK;-1;-1;0;0;-1;-1;0;0.05000000819563866;0.02387378364801407;0.09997182339429855;96;4
C03;C03;Critico: Celular sem cinto sob chuva;Critico;Critico;0.3752959698438644;0.3752959698438644;R2_STABLE_RISK;26;41;16;0;28;2;0;0.05000000819563866;0.18664699792861938;0.13344693183898926;96;4
C01;C01;Critico: Celular em alta velocidade;Critico;Critico;0.29102678298950196;0.29102678298950196;R3_FALSE_KIN;32;44;13;0;34;2;0;0.05000000819563866;0.14994418621063232;0.11924280971288681;96;4
C09;C09;Critico progressivo: Bebida ao volante;Critico;Critico;0.4880908161401748;0.4880908161401748;R1_NORMAL;38;73;36;1;56;18;1;0.2851220667362213;0.24674518406391144;0.1508703976869583;96;4
C01;C01;Critico: Celular em alta velocidade;Critico;Critico;0.5300467044115066;0.5300467044115066;R1_NORMAL;32;44;13;0;34;2;1;0.2668762803077698;0.15175718069076538;0.20660187304019928;96;4
C07;C07;Critico progressivo: Sem cinto sob chuva;Critico;Critico;0.3958137884736061;0.3958137884736061;R1_NORMAL;37;75;39;1;56;19;0;0.05000000819563866;0.37953877449035645;0.15695805847644806;96;4
C06;C06;Critico progressivo: Fadiga noturna;Critico;Critico;0.41106542199850077;0.41106542199850077;R1_NORMAL;36;81;46;1;59;23;0;0.05000000819563866;0.15333189070224762;0.11122622340917587;96;4
C04;C04;Critico: Multiplas distracoes urbanas;Critico;Critico;0.3713889718055725;0.3713889718055725;R1_NORMAL;22;45;24;0;24;2;0;0.05000000819563866;0.20905987918376923;0.10053106397390366;96;4
C08;C08;Critico progressivo: Distracao urbana multietapas;Critico;Critico;0.4679000079631805;0.4679000079631805;R1_NORMAL;28;77;50;1;54;26;0;0.05000000819563866;0.31683602929115295;0.1397918164730072;96;4
C10;C10;Critico progressivo: Grooming em rodovia com fadiga;Critico;Critico;0.45687895119190214;0.45687895119190214;R1_NORMAL;40;81;42;1;66;26;1;0.32883039116859436;0.1994990110397339;0.08724226802587509;96;4
C02;C02;Critico: Fadiga com desvio cinematico;Critico;Critico;0.5946341305971146;0.5946341305971146;R2_STABLE_RISK;29;50;22;0;32;3;1;0.2224847674369812;0.0983944907784462;0.12919099628925323;96;4
C02;C02;Critico: Fadiga com desvio cinematico;Critico;Critico;0.5934977382421494;0.5934977382421494;R1_NORMAL;29;50;22;0;32;3;1;0.2105352282524109;0.09716316312551498;0.15119819343090057;96;4
C04;C04;Critico: Multiplas distracoes urbanas;Critico;Critico;0.3713889718055725;0.3713889718055725;R1_NORMAL;22;45;24;0;24;2;0;0.05000000819563866;0.20169870555400848;0.12407541275024414;96;4
C06;C06;Critico progressivo: Fadiga noturna;Critico;Critico;0.41441796272993087;0.41441796272993087;R2_STABLE_RISK;36;81;46;1;62;26;0;0.05000000819563866;0.15687687695026398;0.10939788818359375;96;4
C06;C06;Critico progressivo: Fadiga noturna;Critico;Critico;0.4821977943181991;0.4821977943181991;R1_NORMAL;36;81;46;1;54;18;1;0.3066021203994751;0.16307289898395538;0.18575257062911987;96;4
C06;C06;Critico progressivo: Fadiga noturna;Critico;Critico;0.4263777434825897;0.4263777434825897;R3_FALSE_KIN;36;81;46;1;60;24;0;0.05000000819563866;0.15441477298736572;0.0975860133767128;96;4
C09;C09;Critico progressivo: Bebida ao volante;Critico;Critico;0.40898487716913223;0.40898487716913223;R2_STABLE_RISK;38;73;36;1;55;17;0;0.05000000819563866;0.2524711787700653;0.12361977249383926;96;4
C08;C08;Critico progressivo: Distracao urbana multietapas;Critico;Critico;0.5024243265390396;0.5024243265390396;R2_STABLE_RISK;28;77;50;1;53;25;1;0.26420632004737854;0.3170870542526245;0.12604880332946777;96;4
C01;C01;Critico: Celular em alta velocidade;Critico;Critico;0.29102678298950196;0.29102678298950196;R1_NORMAL;32;44;13;0;34;2;0;0.05000000819563866;0.15113112330436707;0.16057704389095306;96;4
C09;C09;Critico progressivo: Bebida ao volante;Critico;Critico;0.405677093565464;0.405677093565464;R1_NORMAL;38;73;36;1;57;19;0;0.05000000819563866;0.24935491383075714;0.11384659260511398;96;4
C08;C08;Critico progressivo: Distracao urbana multietapas;Critico;Critico;0.40947023481130596;0.40947023481130596;R3_FALSE_KIN;28;77;50;1;58;30;0;0.05000000819563866;0.3120081126689911;0.15659299492835999;96;4
C06;C06;Critico progressivo: Fadiga noturna;Critico;Critico;0.4230709373950958;0.4230709373950958;R1_NORMAL;36;81;46;1;64;28;0;0.05000000819563866;0.14993222057819366;0.10270942002534866;96;4
C03;C03;Critico: Celular sem cinto sob chuva;Critico;Critico;0.6261502772569656;0.6261502772569656;R2_STABLE_RISK;26;41;16;0;28;2;1;0.2723720669746399;0.1891457885503769;0.19531869888305664;96;4
C09;C09;Critico progressivo: Bebida ao volante;Critico;Critico;0.39617476612329483;0.39617476612329483;R1_NORMAL;38;73;36;1;53;15;0;0.05000000819563866;0.25505825877189636;0.14011713862419128;96;4
N03;N03;Normal: Noite estável;Normal;Normal;0.050000007078051564;0.050000007078051564;R1_NORMAL;-1;-1;0;0;-1;-1;0;0.05000000819563866;0.022645538672804832;0.06835459172725677;96;4
C04;C04;Critico: Multiplas distracoes urbanas;Critico;Critico;0.3713889718055725;0.3713889718055725;R1_NORMAL;22;45;24;0;24;2;0;0.05000000819563866;0.2027769833803177;0.12355480343103409;96;4
C02;C02;Critico: Fadiga com desvio cinematico;Critico;Critico;0.605044075846672;0.605044075846672;R3_FALSE_KIN;29;50;22;0;32;3;1;0.265370637178421;0.09635526686906815;0.20097847282886505;96;4
C09;C09;Critico progressivo: Bebida ao volante;Critico;Critico;0.38626205176115036;0.38626205176115036;R1_NORMAL;38;73;36;1;56;18;0;0.05000000819563866;0.25973284244537354;0.16209347546100616;96;4
C01;C01;Critico: Celular em alta velocidade;Critico;Critico;0.29102678298950196;0.29102678298950196;R2_STABLE_RISK;32;44;13;0;34;2;0;0.05000000819563866;0.15374170243740082;0.17486362159252167;96;4
C05;C05;Critico progressivo: Celular em rodovia;Critico;Critico;0.46413731575012207;0.46413731575012207;R3_FALSE_KIN;42;73;32;1;57;15;1;0.2934344410896301;0.31492358446121216;0.12961912155151367;96;4
C01;C01;Critico: Celular em alta velocidade;Critico;Critico;0.29102678298950196;0.29102678298950196;R3_FALSE_KIN;32;44;13;0;34;2;0;0.05000000819563866;0.15475478768348694;0.1050516739487648;96;4
C06;C06;Critico progressivo: Fadiga noturna;Critico;Critico;0.4367633655667305;0.4367633655667305;R1_NORMAL;36;81;46;1;59;23;0;0.05000000819563866;0.1579022854566574;0.09287261962890625;96;4
C09;C09;Critico progressivo: Bebida ao volante;Critico;Critico;0.47519748508930204;0.47519748508930204;R1_NORMAL;38;73;36;1;57;19;1;0.26693111658096313;0.2506270706653595;0.17657168209552765;96;4
C07;C07;Critico progressivo: Sem cinto sob chuva;Critico;Critico;0.4920724719762802;0.4920724719762802;R2_STABLE_RISK;37;75;39;1;58;21;1;0.32109323143959045;0.3891282081604004;0.16304823756217957;96;4
C07;C07;Critico progressivo: Sem cinto sob chuva;Critico;Critico;0.4282298266887664;0.4282298266887664;R1_NORMAL;37;75;39;1;54;17;0;0.05000000819563866;0.3818117678165436;0.11454492807388306;96;4
C05;C05;Critico progressivo: Celular em rodovia;Critico;Critico;0.47823382914066315;0.47823382914066315;R1_NORMAL;42;73;32;1;58;16;1;0.3181401789188385;0.320880651473999;0.1564675122499466;96;4
C04;C04;Critico: Multiplas distracoes urbanas;Critico;Critico;0.5709292143583298;0.5709292143583298;R1_NORMAL;22;45;24;0;24;2;1;0.23010925948619843;0.20240409672260284;0.22928382456302643;96;4
N02;N02;Normal: Urbano moderado;Normal;Normal;0.050000007078051564;0.050000007078051564;R3_FALSE_KIN;-1;-1;0;0;-1;-1;0;0.05000000819563866;0.039978254586458206;0.11843959242105484;96;4
C09;C09;Critico progressivo: Bebida ao volante;Critico;Critico;0.4655856907367706;0.4655856907367706;R2_STABLE_RISK;38;73;36;1;57;19;1;0.28024354577064514;0.24977095425128937;0.13117602467536926;96;4
C01;C01;Critico: Celular em alta velocidade;Critico;Critico;0.29102678298950196;0.29102678298950196;R1_NORMAL;32;44;13;0;34;2;0;0.05000000819563866;0.16220329701900482;0.1196826919913292;96;4
C01;C01;Critico: Celular em alta velocidade;Critico;Critico;0.29102678298950196;0.29102678298950196;R2_STABLE_RISK;32;44;13;0;34;2;0;0.05000000819563866;0.15295200049877167;0.12479659914970398;96;4
C05;C05;Critico progressivo: Celular em rodovia;Critico;Critico;0.3915421798825264;0.3915421798825264;R1_NORMAL;42;73;32;1;58;16;0;0.05000000819563866;0.32270869612693787;0.16159649193286896;96;4
N01;N01;Normal: Viagem tranquila em rodovia;Normal;Normal;0.050000007078051564;0.050000007078051564;R1_NORMAL;-1;-1;0;0;-1;-1;0;0.05000000819563866;0.03324667364358902;0.11131419986486435;96;4
C09;C09;Critico progressivo: Bebida ao volante;Critico;Critico;0.3804727375507354;0.3804727375507354;R1_NORMAL;38;73;36;1;56;18;0;0.05000000819563866;0.25052154064178467;0.1322982907295227;96;4
C02;C02;Critico: Fadiga com desvio cinematico;Critico;Critico;0.6033504754304886;0.6033504754304886;R2_STABLE_RISK;29;50;22;0;32;3;1;0.25916892290115356;0.09964945167303085;0.13831977546215057;96;4
C04;C04;Critico: Multiplas distracoes urbanas;Critico;Critico;0.3713889718055725;0.3713889718055725;R2_STABLE_RISK;22;45;24;0;24;2;0;0.05000000819563866;0.19890081882476807;0.11612871289253235;96;4
C07;C07;Critico progressivo: Sem cinto sob chuva;Critico;Critico;0.4323296844959259;0.4323296844959259;R2_STABLE_RISK;37;75;39;1;53;16;0;0.05000000819563866;0.3891805112361908;0.16459167003631592;96;4
C05;C05;Critico progressivo: Celular em rodovia;Critico;Critico;0.3515520080924034;0.3515520080924034;R2_STABLE_RISK;42;73;32;1;60;18;0;0.05000000819563866;0.313184529542923;0.1152142584323883;96;4
N01;N01;Normal: Viagem tranquila em rodovia;Normal;Normal;0.050000007078051564;0.050000007078051564;R1_NORMAL;-1;-1;0;0;-1;-1;0;0.05000000819563866;0.03490845486521721;0.06326735019683838;96;4
N01;N01;Normal: Viagem tranquila em rodovia;Normal;Normal;0.050000007078051564;0.050000007078051564;R1_NORMAL;-1;-1;0;0;-1;-1;0;0.05000000819563866;0.031092742457985878;0.08385030180215836;96;4
N03;N03;Normal: Noite estável;Normal;Normal;0.050000007078051564;0.050000007078051564;R2_STABLE_RISK;-1;-1;0;0;-1;-1;0;0.05000000819563866;0.02896067500114441;0.10734914988279343;96;4
C01;C01;Critico: Celular em alta velocidade;Critico;Critico;0.29102678298950196;0.29102678298950196;R1_NORMAL;32;44;13;0;34;2;0;0.05000000819563866;0.15798290073871613;0.1351647824048996;96;4
C02;C02;Critico: Fadiga com desvio cinematico;Critico;Critico;0.39378328174352645;0.39378328174352645;R2_STABLE_RISK;29;50;22;0;32;3;0;0.05000000819563866;0.09483961015939713;0.1250653713941574;96;4
C01;C01;Critico: Celular em alta velocidade;Critico;Critico;0.29102678298950196;0.29102678298950196;R2_STABLE_RISK;32;44;13;0;34;2;0;0.05000000819563866;0.1616617888212204;0.15832795202732086;96;4
C09;C09;Critico progressivo: Bebida ao volante;Critico;Critico;0.4034879580140114;0.4034879580140114;R1_NORMAL;38;73;36;1;57;19;0;0.05000000819563866;0.24713699519634247;0.12855978310108185;96;4
C07;C07;Critico progressivo: Sem cinto sob chuva;Critico;Critico;0.48670545518398284;0.48670545518398284;R1_NORMAL;37;75;39;1;60;23;1;0.2942039370536804;0.3840591013431549;0.12351814657449722;96;4
C02;C02;Critico: Fadiga com desvio cinematico;Critico;Critico;0.5965024083852768;0.5965024083852768;R1_NORMAL;29;50;22;0;32;3;1;0.23229242861270905;0.08697590231895447;0.16938729584217072;96;4
C06;C06;Critico progressivo: Fadiga noturna;Critico;Critico;0.4384113773703575;0.4384113773703575;R2_STABLE_RISK;36;81;46;1;61;25;0;0.05000000819563866;0.15761609375476837;0.12061593681573868;96;4
C09;C09;Critico progressivo: Bebida ao volante;Critico;Critico;0.3684728384017944;0.3684728384017944;R2_STABLE_RISK;38;73;36;1;58;20;0;0.05000000819563866;0.24544067680835724;0.12211868911981583;96;4
C06;C06;Critico progressivo: Fadiga noturna;Critico;Critico;0.4239203691482544;0.4239203691482544;R2_STABLE_RISK;36;81;46;1;62;26;0;0.05000000819563866;0.1603056937456131;0.1415281891822815;96;4
N01;N01;Normal: Viagem tranquila em rodovia;Normal;Normal;0.050000007078051564;0.050000007078051564;R1_NORMAL;-1;-1;0;0;-1;-1;0;0.05000000819563866;0.034103259444236755;0.07552941888570786;96;4
C07;C07;Critico progressivo: Sem cinto sob chuva;Critico;Critico;0.4126451686024665;0.4126451686024665;R2_STABLE_RISK;37;75;39;1;61;24;0;0.05000000819563866;0.37817755341529846;0.09924960881471634;96;4
C02;C02;Critico: Fadiga com desvio cinematico;Critico;Critico;0.5924087733030319;0.5924087733030319;R2_STABLE_RISK;29;50;22;0;32;3;1;0.20259611308574677;0.11305253952741623;0.19270776212215424;96;4
C05;C05;Critico progressivo: Celular em rodovia;Critico;Critico;0.3981836214661598;0.3981836214661598;R1_NORMAL;42;73;32;1;57;15;0;0.05000000819563866;0.3170298635959625;0.12904299795627594;96;4
C03;C03;Critico: Celular sem cinto sob chuva;Critico;Critico;0.3752959698438644;0.3752959698438644;R2_STABLE_RISK;26;41;16;0;28;2;0;0.05000000819563866;0.18630553781986237;0.11941250413656235;96;4
N01;N01;Normal: Viagem tranquila em rodovia;Normal;Normal;0.050000007078051564;0.050000007078051564;R2_STABLE_RISK;-1;-1;0;0;-1;-1;0;0.05000000819563866;0.035546835511922836;0.10242895036935806;96;4
C03;C03;Critico: Celular sem cinto sob chuva;Critico;Critico;0.3752959698438644;0.3752959698438644;R1_NORMAL;26;41;16;0;28;2;0;0.05000000819563866;0.18797995150089264;0.166556715965271;96;4
C01;C01;Critico: Celular em alta velocidade;Critico;Critico;0.29102678298950196;0.29102678298950196;R1_NORMAL;32;44;13;0;34;2;0;0.05000000819563866;0.15184275805950165;0.1715480536222458;96;4
C09;C09;Critico progressivo: Bebida ao volante;Critico;Critico;0.39981465190649035;0.39981465190649035;R2_STABLE_RISK;38;73;36;1;59;21;0;0.05000000819563866;0.24639439582824707;0.14482960104942322;96;4
C09;C09;Critico progressivo: Bebida ao volante;Critico;Critico;0.41643714904785156;0.41643714904785156;R1_NORMAL;38;73;36;1;58;20;0;0.05000000819563866;0.2530519366264343;0.12175100296735764;96;4
C02;C02;Critico: Fadiga com desvio cinematico;Critico;Critico;0.39378328174352645;0.39378328174352645;R2_STABLE_RISK;29;50;22;0;32;3;0;0.05000000819563866;0.11099088191986084;0.14784035086631775;96;4
N02;N02;Normal: Urbano moderado;Normal;Normal;0.050000007078051564;0.050000007078051564;R1_NORMAL;-1;-1;0;0;-1;-1;0;0.05000000819563866;0.025458315387368202;0.08738348633050919;96;4
C03;C03;Critico: Celular sem cinto sob chuva;Critico;Critico;0.3752959698438644;0.3752959698438644;R2_STABLE_RISK;26;41;16;0;28;2;0;0.05000000819563866;0.18169192969799042;0.1089443787932396;96;4
C09;C09;Critico progressivo: Bebida ao volante;Critico;Critico;0.3881057307124138;0.3881057307124138;R1_NORMAL;38;73;36;1;59;21;0;0.05000000819563866;0.25508230924606323;0.1149548664689064;96;4
C06;C06;Critico progressivo: Fadiga noturna;Critico;Critico;0.423584109544754;0.423584109544754;R3_FALSE_KIN;36;81;46;1;61;25;0;0.05000000819563866;0.1531434804201126;0.09384278208017349;96;4
C01;C01;Critico: Celular em alta velocidade;Critico;Critico;0.29102678298950196;0.29102678298950196;R3_FALSE_KIN;32;44;13;0;34;2;0;0.05000000819563866;0.14911144971847534;0.11673003435134888;96;4
C03;C03;Critico: Celular sem cinto sob chuva;Critico;Critico;0.3752959698438644;0.3752959698438644;R3_FALSE_KIN;26;41;16;0;28;2;0;0.05000000819563866;0.18829232454299927;0.1163640022277832;96;4
C08;C08;Critico progressivo: Distracao urbana multietapas;Critico;Critico;0.4423650786280632;0.4423650786280632;R1_NORMAL;28;77;50;1;57;29;0;0.05000000819563866;0.31950297951698303;0.18642891943454742;96;4
C07;C07;Critico progressivo: Sem cinto sob chuva;Critico;Critico;0.4073770269751548;0.4073770269751548;R3_FALSE_KIN;37;75;39;1;57;20;0;0.05000000819563866;0.37876996397972107;0.11154845356941223;96;4
C09;C09;Critico progressivo: Bebida ao volante;Critico;Critico;0.390967033803463;0.390967033803463;R3_FALSE_KIN;38;73;36;1;56;18;0;0.05000000819563866;0.2520202696323395;0.13543300330638885;96;4
C03;C03;Critico: Celular sem cinto sob chuva;Critico;Critico;0.6140035510063171;0.6140035510063171;R1_NORMAL;26;41;16;0;28;2;1;0.21790385246276855;0.1841413825750351;0.14500188827514648;96;4
C04;C04;Critico: Multiplas distracoes urbanas;Critico;Critico;0.3713889718055725;0.3713889718055725;R1_NORMAL;22;45;24;0;24;2;0;0.05000000819563866;0.20601187646389008;0.09450852125883102;96;4
C04;C04;Critico: Multiplas distracoes urbanas;Critico;Critico;0.5729432374238967;0.5729432374238967;R2_STABLE_RISK;22;45;24;0;24;2;1;0.24036805331707;0.20140402019023895;0.17542310059070587;96;4
C07;C07;Critico progressivo: Sem cinto sob chuva;Critico;Critico;0.41762738674879074;0.41762738674879074;R2_STABLE_RISK;37;75;39;1;56;19;0;0.05000000819563866;0.3852096498012543;0.15415583550930023;96;4
C07;C07;Critico progressivo: Sem cinto sob chuva;Critico;Critico;0.39618043452501295;0.39618043452501295;R1_NORMAL;37;75;39;1;57;20;0;0.05000000819563866;0.37555697560310364;0.1414318084716797;96;4
C03;C03;Critico: Celular sem cinto sob chuva;Critico;Critico;0.3752959698438644;0.3752959698438644;R1_NORMAL;26;41;16;0;28;2;0;0.05000000819563866;0.1827753782272339;0.10033217817544937;96;4
C10;C10;Critico progressivo: Grooming em rodovia com fadiga;Critico;Critico;0.40127736926078794;0.40127736926078794;R2_STABLE_RISK;40;81;42;1;61;21;0;0.05000000819563866;0.2025248259305954;0.12528599798679352;96;4
C06;C06;Critico progressivo: Fadiga noturna;Critico;Critico;0.46532536447048184;0.46532536447048184;R1_NORMAL;36;81;46;1;64;28;1;0.3356904983520508;0.15177224576473236;0.1731245517730713;96;4
C05;C05;Critico progressivo: Celular em rodovia;Critico;Critico;0.46320732235908507;0.46320732235908507;R2_STABLE_RISK;42;73;32;1;58;16;1;0.2520095407962799;0.3203366994857788;0.15638704597949982;96;4
C03;C03;Critico: Celular sem cinto sob chuva;Critico;Critico;0.3752959698438644;0.3752959698438644;R3_FALSE_KIN;26;41;16;0;28;2;0;0.05000000819563866;0.18792010843753815;0.14796626567840576;96;4
C02;C02;Critico: Fadiga com desvio cinematico;Critico;Critico;0.39378328174352645;0.39378328174352645;R3_FALSE_KIN;29;50;22;0;32;3;0;0.05000000819563866;0.09744354337453842;0.131695955991745;96;4
C10;C10;Critico progressivo: Grooming em rodovia com fadiga;Critico;Critico;0.40612953156232834;0.40612953156232834;R1_NORMAL;40;81;42;1;67;27;0;0.05000000819563866;0.19477085769176483;0.11366549134254456;96;4
C09;C09;Critico progressivo: Bebida ao volante;Critico;Critico;0.45111402273178103;0.45111402273178103;R3_FALSE_KIN;38;73;36;1;60;22;1;0.29264143109321594;0.2531391680240631;0.15965670347213745;96;4
C10;C10;Critico progressivo: Grooming em rodovia com fadiga;Critico;Critico;0.4356456845998764;0.4356456845998764;R2_STABLE_RISK;40;81;42;1;65;25;1;0.3226510286331177;0.20703493058681488;0.12416387349367142;96;4
C03;C03;Critico: Celular sem cinto sob chuva;Critico;Critico;0.3752959698438644;0.3752959698438644;R1_NORMAL;26;41;16;0;28;2;0;0.05000000819563866;0.18803353607654572;0.12054428458213806;96;4
C10;C10;Critico progressivo: Grooming em rodovia com fadiga;Critico;Critico;0.41728212982416146;0.41728212982416146;R3_FALSE_KIN;40;81;42;1;58;18;0;0.05000000819563866;0.2081725001335144;0.08714284747838974;96;4
C06;C06;Critico progressivo: Fadiga noturna;Critico;Critico;0.4106632575392723;0.4106632575392723;R2_STABLE_RISK;36;81;46;1;62;26;0;0.05000000819563866;0.1519017368555069;0.10245460271835327;96;4
N03;N03;Normal: Noite estável;Normal;Normal;0.050000007078051564;0.050000007078051564;R3_FALSE_KIN;-1;-1;0;0;-1;-1;0;0.05000000819563866;0.03563234210014343;0.11324451118707657;96;4
N02;N02;Normal: Urbano moderado;Normal;Normal;0.050000007078051564;0.050000007078051564;R2_STABLE_RISK;-1;-1;0;0;-1;-1;0;0.05000000819563866;0.02900955080986023;0.0744575783610344;96;4
C04;C04;Critico: Multiplas distracoes urbanas;Critico;Critico;0.3713889718055725;0.3713889718055725;R2_STABLE_RISK;22;45;24;0;24;2;0;0.05000000819563866;0.21337087452411652;0.14785069227218628;96;4
C07;C07;Critico progressivo: Sem cinto sob chuva;Critico;Critico;0.42997737377882006;0.42997737377882006;R2_STABLE_RISK;37;75;39;1;58;21;0;0.05000000819563866;0.38098540902137756;0.1736166924238205;96;4
C01;C01;Critico: Celular em alta velocidade;Critico;Critico;0.29102678298950196;0.29102678298950196;R3_FALSE_KIN;32;44;13;0;34;2;0;0.05000000819563866;0.15546922385692596;0.12149367481470108;96;4
C10;C10;Critico progressivo: Grooming em rodovia com fadiga;Critico;Critico;0.4142134115099907;0.4142134115099907;R1_NORMAL;40;81;42;1;61;21;0;0.05000000819563866;0.20516467094421387;0.11398414522409439;96;4
C05;C05;Critico progressivo: Celular em rodovia;Critico;Critico;0.46621699035167696;0.46621699035167696;R1_NORMAL;42;73;32;1;58;16;1;0.315562903881073;0.31579944491386414;0.17121215164661407;96;4
C06;C06;Critico progressivo: Fadiga noturna;Critico;Critico;0.4442356556653976;0.4442356556653976;R3_FALSE_KIN;36;81;46;1;65;29;1;0.3248983919620514;0.157136932015419;0.14005978405475616;96;4
C05;C05;Critico progressivo: Celular em rodovia;Critico;Critico;0.3964374616742134;0.3964374616742134;R1_NORMAL;42;73;32;1;59;17;0;0.05000000819563866;0.32242855429649353;0.1381651759147644;96;4
N02;N02;Normal: Urbano moderado;Normal;Normal;0.050000007078051564;0.050000007078051564;R3_FALSE_KIN;-1;-1;0;0;-1;-1;0;0.05000000819563866;0.031122488901019096;0.15317946672439575;96;4
N02;N02;Normal: Urbano moderado;Normal;Normal;0.050000007078051564;0.050000007078051564;R1_NORMAL;-1;-1;0;0;-1;-1;0;0.05000000819563866;0.030196137726306915;0.077126145362854;96;4
C07;C07;Critico progressivo: Sem cinto sob chuva;Critico;Critico;0.5036519974470138;0.5036519974470138;R3_FALSE_KIN;37;75;39;1;55;18;1;0.26303181052207947;0.38050031661987305;0.15825743973255157;96;4
C04;C04;Critico: Multiplas distracoes urbanas;Critico;Critico;0.5775735378265381;0.5775735378265381;R1_NORMAL;22;45;24;0;24;2;1;0.26277005672454834;0.20394699275493622;0.15580947697162628;96;4
C05;C05;Critico progressivo: Celular em rodovia;Critico;Critico;0.3898051187396049;0.3898051187396049;R3_FALSE_KIN;42;73;32;1;58;16;0;0.05000000819563866;0.31234607100486755;0.12008913606405258;96;4
C09;C09;Critico progressivo: Bebida ao volante;Critico;Critico;0.3987103149294853;0.3987103149294853;R3_FALSE_KIN;38;73;36;1;57;19;0;0.05000000819563866;0.25095319747924805;0.12820790708065033;96;4
N03;N03;Normal: Noite estável;Normal;Normal;0.050000007078051564;0.050000007078051564;R2_STABLE_RISK;-1;-1;0;0;-1;-1;0;0.05000000819563866;0.027939526364207268;0.09984293580055237;96;4
C05;C05;Critico progressivo: Celular em rodovia;Critico;Critico;0.39339166730642317;0.39339166730642317;R1_NORMAL;42;73;32;1;59;17;0;0.05000000819563866;0.31901323795318604;0.12710441648960114;96;4
C08;C08;Critico progressivo: Distracao urbana multietapas;Critico;Critico;0.41990618258714674;0.41990618258714674;R2_STABLE_RISK;28;77;50;1;56;28;0;0.05000000819563866;0.31367555260658264;0.15750963985919952;96;4
C03;C03;Critico: Celular sem cinto sob chuva;Critico;Critico;0.6033742994070053;0.6033742994070053;R2_STABLE_RISK;26;41;16;0;28;2;1;0.19143597781658173;0.19306838512420654;0.17423665523529053;96;4
N02;N02;Normal: Urbano moderado;Normal;Normal;0.050000007078051564;0.050000007078051564;R1_NORMAL;-1;-1;0;0;-1;-1;0;0.05000000819563866;0.027203472331166267;0.08038371801376343;96;4
N02;N02;Normal: Urbano moderado;Normal;Normal;0.050000007078051564;0.050000007078051564;R2_STABLE_RISK;-1;-1;0;0;-1;-1;0;0.05000000819563866;0.03430034592747688;0.10607987642288208;96;4
C08;C08;Critico progressivo: Distracao urbana multietapas;Critico;Critico;0.45677502453327173;0.45677502453327173;R2_STABLE_RISK;28;77;50;1;50;22;0;0.05000000819563866;0.31690454483032227;0.12267342954874039;96;4
C02;C02;Critico: Fadiga com desvio cinematico;Critico;Critico;0.39378328174352645;0.39378328174352645;R1_NORMAL;29;50;22;0;32;3;0;0.05000000819563866;0.09752300381660461;0.10140975564718246;96;4
C05;C05;Critico progressivo: Celular em rodovia;Critico;Critico;0.37003987580537795;0.37003987580537795;R1_NORMAL;42;73;32;1;58;16;0;0.05000000819563866;0.3184792697429657;0.10651778429746628;96;4
C08;C08;Critico progressivo: Distracao urbana multietapas;Critico;Critico;0.45484790354967114;0.45484790354967114;R3_FALSE_KIN;28;77;50;1;56;28;0;0.05000000819563866;0.31382086873054504;0.1352793425321579;96;4
C10;C10;Critico progressivo: Grooming em rodovia com fadiga;Critico;Critico;0.3781529128551483;0.3781529128551483;R3_FALSE_KIN;40;81;42;1;63;23;0;0.05000000819563866;0.19204175472259521;0.12887637317180634;96;4
C01;C01;Critico: Celular em alta velocidade;Critico;Critico;0.29102678298950196;0.29102678298950196;R3_FALSE_KIN;32;44;13;0;34;2;0;0.05000000819563866;0.15011276304721832;0.10146301984786987;96;4
N02;N02;Normal: Urbano moderado;Normal;Normal;0.050000007078051564;0.050000007078051564;R2_STABLE_RISK;-1;-1;0;0;-1;-1;0;0.05000000819563866;0.030381375923752785;0.09331661462783813;96;4
C07;C07;Critico progressivo: Sem cinto sob chuva;Critico;Critico;0.41150536984205244;0.41150536984205244;R3_FALSE_KIN;37;75;39;1;56;19;0;0.05000000819563866;0.3780084550380707;0.15473107993602753;96;4
C01;C01;Critico: Celular em alta velocidade;Critico;Critico;0.29102678298950196;0.29102678298950196;R2_STABLE_RISK;32;44;13;0;34;2;0;0.05000000819563866;0.15366363525390625;0.14275293052196503;96;4
C10;C10;Critico progressivo: Grooming em rodovia com fadiga;Critico;Critico;0.4201721504330635;0.4201721504330635;R2_STABLE_RISK;40;81;42;1;62;22;0;0.05000000819563866;0.20894747972488403;0.06375682353973389;96;4
C10;C10;Critico progressivo: Grooming em rodovia com fadiga;Critico;Critico;0.4420485764741897;0.4420485764741897;R1_NORMAL;40;81;42;1;62;22;1;0.32644417881965637;0.19662530720233917;0.1284426599740982;96;4
C08;C08;Critico progressivo: Distracao urbana multietapas;Critico;Critico;0.42261866480112076;0.42261866480112076;R3_FALSE_KIN;28;77;50;1;52;24;0;0.05000000819563866;0.3233563005924225;0.1772206872701645;96;4
C03;C03;Critico: Celular sem cinto sob chuva;Critico;Critico;0.3752959698438644;0.3752959698438644;R1_NORMAL;26;41;16;0;28;2;0;0.05000000819563866;0.18597228825092316;0.12955139577388763;96;4
C09;C09;Critico progressivo: Bebida ao volante;Critico;Critico;0.3759476020932197;0.3759476020932197;R1_NORMAL;38;73;36;1;60;22;0;0.05000000819563866;0.24410133063793182;0.13586361706256866;96;4
C01;C01;Critico: Celular em alta velocidade;Critico;Critico;0.29102678298950196;0.29102678298950196;R2_STABLE_RISK;32;44;13;0;34;2;0;0.05000000819563866;0.1520605832338333;0.13067133724689484;96;4
C01;C01;Critico: Celular em alta velocidade;Critico;Critico;0.29102678298950196;0.29102678298950196;R1_NORMAL;32;44;13;0;34;2;0;0.05000000819563866;0.1490141749382019;0.11153440922498703;96;4
C04;C04;Critico: Multiplas distracoes urbanas;Critico;Critico;0.3713889718055725;0.3713889718055725;R2_STABLE_RISK;22;45;24;0;24;2;0;0.05000000819563866;0.19842837750911713;0.1380261927843094;96;4
N03;N03;Normal: Noite estável;Normal;Normal;0.050000007078051564;0.050000007078051564;R3_FALSE_KIN;-1;-1;0;0;-1;-1;0;0.05000000819563866;0.03243056684732437;0.1054588332772255;96;4
C05;C05;Critico progressivo: Celular em rodovia;Critico;Critico;0.3805181860923767;0.3805181860923767;R1_NORMAL;42;73;32;1;61;19;0;0.05000000819563866;0.31468793749809265;0.1229715570807457;96;4
C01;C01;Critico: Celular em alta velocidade;Critico;Critico;0.29102678298950196;0.29102678298950196;R2_STABLE_RISK;32;44;13;0;34;2;0;0.05000000819563866;0.15297363698482513;0.14301098883152008;96;4
C08;C08;Critico progressivo: Distracao urbana multietapas;Critico;Critico;0.4370090559124946;0.4370090559124946;R1_NORMAL;28;77;50;1;53;25;0;0.05000000819563866;0.3162248134613037;0.14630122482776642;96;4
C09;C09;Critico progressivo: Bebida ao volante;Critico;Critico;0.38890443593263624;0.38890443593263624;R1_NORMAL;38;73;36;1;59;21;0;0.05000000819563866;0.25459253787994385;0.14738987386226654;96;4
C09;C09;Critico progressivo: Bebida ao volante;Critico;Critico;0.39854821711778643;0.39854821711778643;R3_FALSE_KIN;38;73;36;1;56;18;0;0.05000000819563866;0.24898260831832886;0.11806279420852661;96;4
C01;C01;Critico: Celular em alta velocidade;Critico;Critico;0.29102678298950196;0.29102678298950196;R2_STABLE_RISK;32;44;13;0;34;2;0;0.05000000819563866;0.1561068296432495;0.12480223178863525;96;4
C08;C08;Critico progressivo: Distracao urbana multietapas;Critico;Critico;0.5410962581634522;0.5410962581634522;R1_NORMAL;28;77;50;1;51;23;1;0.302743524312973;0.3190215826034546;0.15097324550151825;96;4
C05;C05;Critico progressivo: Celular em rodovia;Critico;Critico;0.36273450851440425;0.36273450851440425;R2_STABLE_RISK;42;73;32;1;59;17;0;0.05000000819563866;0.3143915832042694;0.1144346222281456;96;4
C09;C09;Critico progressivo: Bebida ao volante;Critico;Critico;0.47675219774246214;0.47675219774246214;R3_FALSE_KIN;38;73;36;1;55;17;1;0.3021884262561798;0.25952431559562683;0.23452937602996826;96;4
C03;C03;Critico: Celular sem cinto sob chuva;Critico;Critico;0.3752959698438644;0.3752959698438644;R3_FALSE_KIN;26;41;16;0;28;2;0;0.05000000819563866;0.18967305123806;0.11142033338546753;96;4
C10;C10;Critico progressivo: Grooming em rodovia com fadiga;Critico;Critico;0.39481045752763744;0.39481045752763744;R3_FALSE_KIN;40;81;42;1;63;23;0;0.05000000819563866;0.19603466987609863;0.08969539403915405;96;4
N02;N02;Normal: Urbano moderado;Normal;Normal;0.050000007078051564;0.050000007078051564;R2_STABLE_RISK;-1;-1;0;0;-1;-1;0;0.05000000819563866;0.03945259377360344;0.1283731311559677;96;4
C07;C07;Critico progressivo: Sem cinto sob chuva;Critico;Critico;0.42162960022687906;0.42162960022687906;R1_NORMAL;37;75;39;1;57;20;0;0.05000000819563866;0.37297919392585754;0.13523399829864502;96;4
N02;N02;Normal: Urbano moderado;Normal;Normal;0.050000007078051564;0.050000007078051564;R1_NORMAL;-1;-1;0;0;-1;-1;0;0.05000000819563866;0.027881493791937828;0.08206326514482498;96;4
N02;N02;Normal: Urbano moderado;Normal;Normal;0.050000007078051564;0.050000007078051564;R2_STABLE_RISK;-1;-1;0;0;-1;-1;0;0.05000000819563866;0.03043012134730816;0.07721756398677826;96;4
C05;C05;Critico progressivo: Celular em rodovia;Critico;Critico;0.3847119972109795;0.3847119972109795;R2_STABLE_RISK;42;73;32;1;61;19;0;0.05000000819563866;0.31318411231040955;0.1669670194387436;96;4
C10;C10;Critico progressivo: Grooming em rodovia com fadiga;Critico;Critico;0.39602435380220413;0.39602435380220413;R2_STABLE_RISK;40;81;42;1;62;22;0;0.05000000819563866;0.1987663060426712;0.12885886430740356;96;4
C01;C01;Critico: Celular em alta velocidade;Critico;Critico;0.29102678298950196;0.29102678298950196;R3_FALSE_KIN;32;44;13;0;34;2;0;0.05000000819563866;0.15737241506576538;0.09157555550336838;96;4
N01;N01;Normal: Viagem tranquila em rodovia;Normal;Normal;0.050000007078051564;0.050000007078051564;R3_FALSE_KIN;-1;-1;0;0;-1;-1;0;0.05000000819563866;0.03322039172053337;0.08517259359359741;96;4
N02;N02;Normal: Urbano moderado;Normal;Normal;0.050000007078051564;0.050000007078051564;R3_FALSE_KIN;-1;-1;0;0;-1;-1;0;0.05000000819563866;0.029940949752926826;0.10358458012342453;96;4
C10;C10;Critico progressivo: Grooming em rodovia com fadiga;Critico;Critico;0.41231744289398187;0.41231744289398187;R1_NORMAL;40;81;42;1;60;20;0;0.05000000819563866;0.20851300656795502;0.14237679541110992;96;4
N03;N03;Normal: Noite estável;Normal;Normal;0.050000007078051564;0.050000007078051564;R2_STABLE_RISK;-1;-1;0;0;-1;-1;0;0.05000000819563866;0.03248210996389389;0.10618257522583008;96;4
C08;C08;Critico progressivo: Distracao urbana multietapas;Critico;Critico;0.4508946448564529;0.4508946448564529;R1_NORMAL;28;77;50;1;46;18;0;0.05000000819563866;0.32286879420280457;0.15386104583740234;96;4
N03;N03;Normal: Noite estável;Normal;Normal;0.050000007078051564;0.050000007078051564;R3_FALSE_KIN;-1;-1;0;0;-1;-1;0;0.05000000819563866;0.03169896826148033;0.09906301647424698;96;4
C09;C09;Critico progressivo: Bebida ao volante;Critico;Critico;0.3782059833407402;0.3782059833407402;R3_FALSE_KIN;38;73;36;1;56;18;0;0.05000000819563866;0.2499992400407791;0.09669581800699234;96;4
C01;C01;Critico: Celular em alta velocidade;Critico;Critico;0.5255403876304625;0.5255403876304625;R3_FALSE_KIN;32;44;13;0;34;2;1;0.235390767455101;0.15637962520122528;0.18520796298980713;96;4
C04;C04;Critico: Multiplas distracoes urbanas;Critico;Critico;0.3713889718055725;0.3713889718055725;R1_NORMAL;22;45;24;0;24;2;0;0.05000000819563866;0.20085637271404266;0.11987027525901794;96;4
C07;C07;Critico progressivo: Sem cinto sob chuva;Critico;Critico;0.39094819426536553;0.39094819426536553;R3_FALSE_KIN;37;75;39;1;59;22;0;0.05000000819563866;0.3730205297470093;0.10829583555459976;96;4
C08;C08;Critico progressivo: Distracao urbana multietapas;Critico;Critico;0.4296095550060272;0.4296095550060272;R1_NORMAL;28;77;50;1;52;24;0;0.05000000819563866;0.31371450424194336;0.12328501790761948;96;4
N02;N02;Normal: Urbano moderado;Normal;Normal;0.050000007078051564;0.050000007078051564;R1_NORMAL;-1;-1;0;0;-1;-1;0;0.05000000819563866;0.034701187163591385;0.08938965201377869;96;4
C04;C04;Critico: Multiplas distracoes urbanas;Critico;Critico;0.3713889718055725;0.3713889718055725;R1_NORMAL;22;45;24;0;24;2;0;0.05000000819563866;0.20789580047130585;0.12953586876392365;96;4
N01;N01;Normal: Viagem tranquila em rodovia;Normal;Normal;0.050000007078051564;0.050000007078051564;R2_STABLE_RISK;-1;-1;0;0;-1;-1;0;0.05000000819563866;0.03612302988767624;0.08275025337934494;96;4
N03;N03;Normal: Noite estável;Normal;Normal;0.050000007078051564;0.050000007078051564;R2_STABLE_RISK;-1;-1;0;0;-1;-1;0;0.05000000819563866;0.028319189324975014;0.11066308617591858;96;4
C09;C09;Critico progressivo: Bebida ao volante;Critico;Critico;0.48105785846710203;0.48105785846710203;R2_STABLE_RISK;38;73;36;1;56;18;1;0.30340614914894104;0.26119229197502136;0.11970315128564835;96;4
N02;N02;Normal: Urbano moderado;Normal;Normal;0.050000007078051564;0.050000007078051564;R1_NORMAL;-1;-1;0;0;-1;-1;0;0.05000000819563866;0.03387860953807831;0.07631343603134155;96;4
N02;N02;Normal: Urbano moderado;Normal;Normal;0.050000007078051564;0.050000007078051564;R3_FALSE_KIN;-1;-1;0;0;-1;-1;0;0.05000000819563866;0.03169214725494385;0.1346007138490677;96;4
C04;C04;Critico: Multiplas distracoes urbanas;Critico;Critico;0.3713889718055725;0.3713889718055725;R3_FALSE_KIN;22;45;24;0;24;2;0;0.05000000819563866;0.20652110874652863;0.14369511604309082;96;4
C03;C03;Critico: Celular sem cinto sob chuva;Critico;Critico;0.6263012677431106;0.6263012677431106;R1_NORMAL;26;41;16;0;28;2;1;0.27304914593696594;0.18691110610961914;0.14490178227424622;96;4
C04;C04;Critico: Multiplas distracoes urbanas;Critico;Critico;0.3713889718055725;0.3713889718055725;R1_NORMAL;22;45;24;0;24;2;0;0.05000000819563866;0.2040712833404541;0.1508425921201706;96;4
C05;C05;Critico progressivo: Celular em rodovia;Critico;Critico;0.40619914084672926;0.40619914084672926;R1_NORMAL;42;73;32;1;60;18;0;0.05000000819563866;0.31623682379722595;0.10464631766080856;96;4
C05;C05;Critico progressivo: Celular em rodovia;Critico;Critico;0.39493426531553266;0.39493426531553266;R2_STABLE_RISK;42;73;32;1;61;19;0;0.05000000819563866;0.3240673542022705;0.1436004787683487;96;4
C06;C06;Critico progressivo: Fadiga noturna;Critico;Critico;0.4906153112649917;0.4906153112649917;R1_NORMAL;36;81;46;1;55;19;1;0.29485848546028137;0.16279813647270203;0.10135505348443985;96;4
C06;C06;Critico progressivo: Fadiga noturna;Critico;Critico;0.4552513986825943;0.4552513986825943;R2_STABLE_RISK;36;81;46;1;64;28;1;0.3264422118663788;0.15147744119167328;0.1239536926150322;96;4
C06;C06;Critico progressivo: Fadiga noturna;Critico;Critico;0.45652288794517515;0.45652288794517515;R1_NORMAL;36;81;46;1;64;28;1;0.3350123167037964;0.15398381650447845;0.1293678730726242;96;4
N01;N01;Normal: Viagem tranquila em rodovia;Normal;Normal;0.050000007078051564;0.050000007078051564;R3_FALSE_KIN;-1;-1;0;0;-1;-1;0;0.05000000819563866;0.03208106756210327;0.10615670680999756;96;4
N01;N01;Normal: Viagem tranquila em rodovia;Normal;Normal;0.050000007078051564;0.050000007078051564;R2_STABLE_RISK;-1;-1;0;0;-1;-1;0;0.05000000819563866;0.03536982461810112;0.08460982888936996;96;4
N03;N03;Normal: Noite estável;Normal;Normal;0.050000007078051564;0.050000007078051564;R1_NORMAL;-1;-1;0;0;-1;-1;0;0.05000000819563866;0.03137819096446037;0.06577091664075851;96;4
C02;C02;Critico: Fadiga com desvio cinematico;Critico;Critico;0.6034619837999343;0.6034619837999343;R2_STABLE_RISK;29;50;22;0;32;3;1;0.27141711115837097;0.09619390964508057;0.125192329287529;96;4
C02;C02;Critico: Fadiga com desvio cinematico;Critico;Critico;0.5925978571176529;0.5925978571176529;R2_STABLE_RISK;29;50;22;0;32;3;1;0.2159850150346756;0.09659656882286072;0.1723729372024536;96;4
C03;C03;Critico: Celular sem cinto sob chuva;Critico;Critico;0.620264533162117;0.620264533162117;R3_FALSE_KIN;26;41;16;0;28;2;1;0.24709933996200562;0.1887403130531311;0.18346862494945526;96;4
C02;C02;Critico: Fadiga com desvio cinematico;Critico;Critico;0.39378328174352645;0.39378328174352645;R2_STABLE_RISK;29;50;22;0;32;3;0;0.05000000819563866;0.0903802141547203;0.11382779479026794;96;4
C03;C03;Critico: Celular sem cinto sob chuva;Critico;Critico;0.6195127636194229;0.6195127636194229;R1_NORMAL;26;41;16;0;28;2;1;0.25289520621299744;0.19085340201854706;0.24617008864879608;96;4
N02;N02;Normal: Urbano moderado;Normal;Normal;0.050000007078051564;0.050000007078051564;R1_NORMAL;-1;-1;0;0;-1;-1;0;0.05000000819563866;0.02187606692314148;0.09514454752206802;96;4
C07;C07;Critico progressivo: Sem cinto sob chuva;Critico;Critico;0.4318882241845131;0.4318882241845131;R3_FALSE_KIN;37;75;39;1;55;18;0;0.05000000819563866;0.38806402683258057;0.15994609892368317;96;4
C01;C01;Critico: Celular em alta velocidade;Critico;Critico;0.5311386168003082;0.5311386168003082;R2_STABLE_RISK;32;44;13;0;34;2;1;0.2725966274738312;0.15786036849021912;0.18530577421188354;96;4
N01;N01;Normal: Viagem tranquila em rodovia;Normal;Normal;0.050000007078051564;0.050000007078051564;R3_FALSE_KIN;-1;-1;0;0;-1;-1;0;0.05000000819563866;0.039727043360471725;0.10480611771345139;96;4
C02;C02;Critico: Fadiga com desvio cinematico;Critico;Critico;0.39378328174352645;0.39378328174352645;R1_NORMAL;29;50;22;0;32;3;0;0.05000000819563866;0.09508135169744492;0.11514687538146973;96;4
C02;C02;Critico: Fadiga com desvio cinematico;Critico;Critico;0.39378328174352645;0.39378328174352645;R1_NORMAL;29;50;22;0;32;3;0;0.05000000819563866;0.0901239886879921;0.15407997369766235;96;4
C08;C08;Critico progressivo: Distracao urbana multietapas;Critico;Critico;0.43856058418750765;0.43856058418750765;R2_STABLE_RISK;28;77;50;1;51;23;0;0.05000000819563866;0.3112669885158539;0.15919934213161469;96;4
C01;C01;Critico: Celular em alta velocidade;Critico;Critico;0.29102678298950196;0.29102678298950196;R1_NORMAL;32;44;13;0;34;2;0;0.05000000819563866;0.15185075998306274;0.13184773921966553;96;4
C03;C03;Critico: Celular sem cinto sob chuva;Critico;Critico;0.6123278647661208;0.6123278647661208;R2_STABLE_RISK;26;41;16;0;28;2;1;0.22719067335128784;0.1893419474363327;0.22835977375507355;96;4
N01;N01;Normal: Viagem tranquila em rodovia;Normal;Normal;0.050000007078051564;0.050000007078051564;R2_STABLE_RISK;-1;-1;0;0;-1;-1;0;0.05000000819563866;0.030658813193440437;0.10690021514892578;96;4
C07;C07;Critico progressivo: Sem cinto sob chuva;Critico;Critico;0.3982367634773254;0.3982367634773254;R3_FALSE_KIN;37;75;39;1;54;17;0;0.05000000819563866;0.38186827301979065;0.13634206354618073;96;4
C09;C09;Critico progressivo: Bebida ao volante;Critico;Critico;0.3848515465855598;0.3848515465855598;R3_FALSE_KIN;38;73;36;1;60;22;0;0.05000000819563866;0.24624963104724884;0.1553383767604828;96;4
N03;N03;Normal: Noite estável;Normal;Normal;0.050000007078051564;0.050000007078051564;R3_FALSE_KIN;-1;-1;0;0;-1;-1;0;0.05000000819563866;0.032068442553281784;0.08791568130254745;96;4
C04;C04;Critico: Multiplas distracoes urbanas;Critico;Critico;0.3713889718055725;0.3713889718055725;R1_NORMAL;22;45;24;0;24;2;0;0.05000000819563866;0.20012891292572021;0.1038893461227417;96;4
N03;N03;Normal: Noite estável;Normal;Normal;0.050000007078051564;0.050000007078051564;R3_FALSE_KIN;-1;-1;0;0;-1;-1;0;0.05000000819563866;0.029776006937026978;0.10270925611257553;96;4
C06;C06;Critico progressivo: Fadiga noturna;Critico;Critico;0.441216416656971;0.441216416656971;R2_STABLE_RISK;36;81;46;1;60;24;0;0.05000000819563866;0.1537795513868332;0.1345251351594925;96;4
C07;C07;Critico progressivo: Sem cinto sob chuva;Critico;Critico;0.4010873541235923;0.4010873541235923;R2_STABLE_RISK;37;75;39;1;58;21;0;0.05000000819563866;0.3764677047729492;0.13730277121067047;96;4
C06;C06;Critico progressivo: Fadiga noturna;Critico;Critico;0.47703964114189146;0.47703964114189146;R1_NORMAL;36;81;46;1;58;22;1;0.3056694269180298;0.15873737633228302;0.17384977638721466;96;4
C02;C02;Critico: Fadiga com desvio cinematico;Critico;Critico;0.6039816290140152;0.6039816290140152;R1_NORMAL;29;50;22;0;32;3;1;0.27850353717803955;0.09543880075216293;0.20146334171295166;96;4
C02;C02;Critico: Fadiga com desvio cinematico;Critico;Critico;0.39378328174352645;0.39378328174352645;R1_NORMAL;29;50;22;0;32;3;0;0.05000000819563866;0.10047910362482071;0.12495245784521103;96;4
C01;C01;Critico: Celular em alta velocidade;Critico;Critico;0.29102678298950196;0.29102678298950196;R3_FALSE_KIN;32;44;13;0;34;2;0;0.05000000819563866;0.1529472917318344;0.1282544881105423;96;4
C05;C05;Critico progressivo: Celular em rodovia;Critico;Critico;0.4511340945959091;0.4511340945959091;R3_FALSE_KIN;42;73;32;1;62;20;1;0.3000083267688751;0.30983084440231323;0.1419968605041504;96;4
N03;N03;Normal: Noite estável;Normal;Normal;0.050000007078051564;0.050000007078051564;R2_STABLE_RISK;-1;-1;0;0;-1;-1;0;0.05000000819563866;0.03099120408296585;0.08637181669473648;96;4
N03;N03;Normal: Noite estável;Normal;Normal;0.050000007078051564;0.050000007078051564;R1_NORMAL;-1;-1;0;0;-1;-1;0;0.05000000819563866;0.026881709694862366;0.10637099295854568;96;4
C03;C03;Critico: Celular sem cinto sob chuva;Critico;Critico;0.6074906021356582;0.6074906021356582;R2_STABLE_RISK;26;41;16;0;28;2;1;0.2139236479997635;0.19035975635051727;0.19092725217342377;96;4
C06;C06;Critico progressivo: Fadiga noturna;Critico;Critico;0.4442365244030952;0.4442365244030952;R1_NORMAL;36;81;46;1;57;21;0;0.05000000819563866;0.15634794533252716;0.1333291381597519;96;4
C09;C09;Critico progressivo: Bebida ao volante;Critico;Critico;0.4703425645828247;0.4703425645828247;R1_NORMAL;38;73;36;1;57;19;1;0.29109957814216614;0.25094184279441833;0.1202937439084053;96;4
C08;C08;Critico progressivo: Distracao urbana multietapas;Critico;Critico;0.488473829627037;0.488473829627037;R1_NORMAL;28;77;50;1;56;28;1;0.24990344047546387;0.3184448778629303;0.21663160622119904;96;4
C01;C01;Critico: Celular em alta velocidade;Critico;Critico;0.5360025644302367;0.5360025644302367;R1_NORMAL;32;44;13;0;34;2;1;0.26472917199134827;0.15455305576324463;0.20451389253139496;96;4
C09;C09;Critico progressivo: Bebida ao volante;Critico;Critico;0.47536309361457824;0.47536309361457824;R1_NORMAL;38;73;36;1;60;22;1;0.27946457266807556;0.25302401185035706;0.15579865872859955;96;4
C08;C08;Critico progressivo: Distracao urbana multietapas;Critico;Critico;0.5193686008453369;0.5193686008453369;R1_NORMAL;28;77;50;1;59;31;1;0.2862144708633423;0.31372392177581787;0.14056433737277985;96;4
C05;C05;Critico progressivo: Celular em rodovia;Critico;Critico;0.3710961535573005;0.3710961535573005;R1_NORMAL;42;73;32;1;58;16;0;0.05000000819563866;0.319766640663147;0.10309621691703796;96;4
C02;C02;Critico: Fadiga com desvio cinematico;Critico;Critico;0.39378328174352645;0.39378328174352645;R2_STABLE_RISK;29;50;22;0;32;3;0;0.05000000819563866;0.09990628808736801;0.09998669475317001;96;4
C10;C10;Critico progressivo: Grooming em rodovia com fadiga;Critico;Critico;0.38662837147712703;0.38662837147712703;R2_STABLE_RISK;40;81;42;1;64;24;0;0.05000000819563866;0.19770033657550812;0.09419500827789307;96;4
C10;C10;Critico progressivo: Grooming em rodovia com fadiga;Critico;Critico;0.4161863997578621;0.4161863997578621;R1_NORMAL;40;81;42;1;64;24;0;0.05000000819563866;0.19052404165267944;0.12407395988702774;96;4
N03;N03;Normal: Noite estável;Normal;Normal;0.050000007078051564;0.050000007078051564;R1_NORMAL;-1;-1;0;0;-1;-1;0;0.05000000819563866;0.025754032656550407;0.1137968897819519;96;4
C06;C06;Critico progressivo: Fadiga noturna;Critico;Critico;0.4602998703718185;0.4602998703718185;R3_FALSE_KIN;36;81;46;1;64;28;1;0.361764520406723;0.159895658493042;0.11875543743371964;96;4
C01;C01;Critico: Celular em alta velocidade;Critico;Critico;0.5263965159654617;0.5263965159654617;R1_NORMAL;32;44;13;0;34;2;1;0.2766672670841217;0.15566928684711456;0.17866170406341553;96;4
C06;C06;Critico progressivo: Fadiga noturna;Critico;Critico;0.4098305583000183;0.4098305583000183;R1_NORMAL;36;81;46;1;60;24;0;0.05000000819563866;0.15908019244670868;0.12825947999954224;96;4
C05;C05;Critico progressivo: Celular em rodovia;Critico;Critico;0.47831293046474455;0.47831293046474455;R3_FALSE_KIN;42;73;32;1;61;19;1;0.28214311599731445;0.3155438303947449;0.19531069695949554;96;4
N02;N02;Normal: Urbano moderado;Normal;Normal;0.050000007078051564;0.050000007078051564;R2_STABLE_RISK;-1;-1;0;0;-1;-1;0;0.05000000819563866;0.04006568714976311;0.09802334755659103;96;4
C03;C03;Critico: Celular sem cinto sob chuva;Critico;Critico;0.3752959698438644;0.3752959698438644;R2_STABLE_RISK;26;41;16;0;28;2;0;0.05000000819563866;0.1949888914823532;0.11474058777093887;96;4
C05;C05;Critico progressivo: Celular em rodovia;Critico;Critico;0.3971718654036522;0.3971718654036522;R2_STABLE_RISK;42;73;32;1;58;16;0;0.05000000819563866;0.3189953863620758;0.14002226293087006;96;4
C06;C06;Critico progressivo: Fadiga noturna;Critico;Critico;0.5001059532165527;0.5001059532165527;R2_STABLE_RISK;36;81;46;1;64;28;1;0.34538304805755615;0.1604539155960083;0.106651671230793;96;4
N01;N01;Normal: Viagem tranquila em rodovia;Normal;Normal;0.050000007078051564;0.050000007078051564;R1_NORMAL;-1;-1;0;0;-1;-1;0;0.05000000819563866;0.03558184579014778;0.11860835552215576;96;4
N03;N03;Normal: Noite estável;Normal;Normal;0.050000007078051564;0.050000007078051564;R3_FALSE_KIN;-1;-1;0;0;-1;-1;0;0.05000000819563866;0.03455384448170662;0.1170344352722168;96;4
C05;C05;Critico progressivo: Celular em rodovia;Critico;Critico;0.4792831778526306;0.4792831778526306;R3_FALSE_KIN;42;73;32;1;61;19;1;0.2583921253681183;0.31947091221809387;0.18595509231090546;96;4
C07;C07;Critico progressivo: Sem cinto sob chuva;Critico;Critico;0.4001969411969185;0.4001969411969185;R1_NORMAL;37;75;39;1;62;25;0;0.05000000819563866;0.3714721202850342;0.1261950582265854;96;4
C01;C01;Critico: Celular em alta velocidade;Critico;Critico;0.29102678298950196;0.29102678298950196;R2_STABLE_RISK;32;44;13;0;34;2;0;0.05000000819563866;0.1558649092912674;0.11203859001398087;96;4
C08;C08;Critico progressivo: Distracao urbana multietapas;Critico;Critico;0.45795699656009675;0.45795699656009675;R3_FALSE_KIN;28;77;50;1;48;20;0;0.05000000819563866;0.3235677480697632;0.1127171739935875;96;4
C03;C03;Critico: Celular sem cinto sob chuva;Critico;Critico;0.3752959698438644;0.3752959698438644;R3_FALSE_KIN;26;41;16;0;28;2;0;0.05000000819563866;0.18871283531188965;0.1465674489736557;96;4
C05;C05;Critico progressivo: Celular em rodovia;Critico;Critico;0.4849984765052795;0.4849984765052795;R1_NORMAL;42;73;32;1;61;19;1;0.3260495066642761;0.3110564947128296;0.1711222529411316;96;4
C08;C08;Critico progressivo: Distracao urbana multietapas;Critico;Critico;0.5021850287914276;0.5021850287914276;R3_FALSE_KIN;28;77;50;1;60;32;1;0.27799683809280396;0.32033824920654297;0.14262527227401733;96;4
N02;N02;Normal: Urbano moderado;Normal;Normal;0.050000007078051564;0.050000007078051564;R1_NORMAL;-1;-1;0;0;-1;-1;0;0.05000000819563866;0.027845516800880432;0.10171062499284744;96;4
N01;N01;Normal: Viagem tranquila em rodovia;Normal;Normal;0.050000007078051564;0.050000007078051564;R2_STABLE_RISK;-1;-1;0;0;-1;-1;0;0.05000000819563866;0.033286187797784805;0.17176520824432373;96;4
C06;C06;Critico progressivo: Fadiga noturna;Critico;Critico;0.39791079759597775;0.39791079759597775;R1_NORMAL;36;81;46;1;60;24;0;0.05000000819563866;0.16125892102718353;0.11881780624389648;96;4
C10;C10;Critico progressivo: Grooming em rodovia com fadiga;Critico;Critico;0.42324014753103256;0.42324014753103256;R1_NORMAL;40;81;42;1;58;18;0;0.05000000819563866;0.2106073647737503;0.12274783849716187;96;4
C01;C01;Critico: Celular em alta velocidade;Critico;Critico;0.29102678298950196;0.29102678298950196;R2_STABLE_RISK;32;44;13;0;34;2;0;0.05000000819563866;0.15758559107780457;0.13511307537555695;96;4
C04;C04;Critico: Multiplas distracoes urbanas;Critico;Critico;0.3713889718055725;0.3713889718055725;R1_NORMAL;22;45;24;0;24;2;0;0.05000000819563866;0.20283956825733185;0.09337841719388962;96;4
C01;C01;Critico: Celular em alta velocidade;Critico;Critico;0.29102678298950196;0.29102678298950196;R2_STABLE_RISK;32;44;13;0;34;2;0;0.05000000819563866;0.15604868531227112;0.11301364749670029;96;4
C01;C01;Critico: Celular em alta velocidade;Critico;Critico;0.29102678298950196;0.29102678298950196;R2_STABLE_RISK;32;44;13;0;34;2;0;0.05000000819563866;0.1484568566083908;0.12353100627660751;96;4
N03;N03;Normal: Noite estável;Normal;Normal;0.050000007078051564;0.050000007078051564;R2_STABLE_RISK;-1;-1;0;0;-1;-1;0;0.05000000819563866;0.03288685902953148;0.12789557874202728;96;4
C02;C02;Critico: Fadiga com desvio cinematico;Critico;Critico;0.6033034414052962;0.6033034414052962;R2_STABLE_RISK;29;50;22;0;32;3;1;0.25639310479164124;0.10732016712427139;0.19796979427337646;96;4
C07;C07;Critico progressivo: Sem cinto sob chuva;Critico;Critico;0.39000062197446816;0.39000062197446816;R1_NORMAL;37;75;39;1;61;24;0;0.05000000819563866;0.3751581609249115;0.15295064449310303;96;4
N03;N03;Normal: Noite estável;Normal;Normal;0.050000007078051564;0.050000007078051564;R2_STABLE_RISK;-1;-1;0;0;-1;-1;0;0.05000000819563866;0.030295582488179207;0.09725505858659744;96;4
C10;C10;Critico progressivo: Grooming em rodovia com fadiga;Critico;Critico;0.4254573464393615;0.4254573464393615;R1_NORMAL;40;81;42;1;66;26;1;0.3602031171321869;0.20358455181121826;0.19311700761318207;96;4
C04;C04;Critico: Multiplas distracoes urbanas;Critico;Critico;0.3713889718055725;0.3713889718055725;R3_FALSE_KIN;22;45;24;0;24;2;0;0.05000000819563866;0.19614386558532715;0.13322818279266357;96;4
C02;C02;Critico: Fadiga com desvio cinematico;Critico;Critico;0.39378328174352645;0.39378328174352645;R2_STABLE_RISK;29;50;22;0;32;3;0;0.05000000819563866;0.09409681707620621;0.15614034235477448;96;4
C03;C03;Critico: Celular sem cinto sob chuva;Critico;Critico;0.3752959698438644;0.3752959698438644;R1_NORMAL;26;41;16;0;28;2;0;0.05000000819563866;0.18469852209091187;0.18181486427783966;96;4
N03;N03;Normal: Noite estável;Normal;Normal;0.050000007078051564;0.050000007078051564;R1_NORMAL;-1;-1;0;0;-1;-1;0;0.05000000819563866;0.026981433853507042;0.07703636586666107;96;4
C02;C02;Critico: Fadiga com desvio cinematico;Critico;Critico;0.6055485695600509;0.6055485695600509;R2_STABLE_RISK;29;50;22;0;32;3;1;0.26797279715538025;0.09596513956785202;0.1661510318517685;96;4
C01;C01;Critico: Celular em alta velocidade;Critico;Critico;0.29102678298950196;0.29102678298950196;R1_NORMAL;32;44;13;0;34;2;0;0.05000000819563866;0.15127110481262207;0.11066768318414688;96;4
C10;C10;Critico progressivo: Grooming em rodovia com fadiga;Critico;Critico;0.3899786457419395;0.3899786457419395;R2_STABLE_RISK;40;81;42;1;66;26;0;0.05000000819563866;0.20221476256847382;0.12436565011739731;96;4
C08;C08;Critico progressivo: Distracao urbana multietapas;Critico;Critico;0.43356714397668833;0.43356714397668833;R3_FALSE_KIN;28;77;50;1;56;28;0;0.05000000819563866;0.30913153290748596;0.13810160756111145;96;4
C02;C02;Critico: Fadiga com desvio cinematico;Critico;Critico;0.39378328174352645;0.39378328174352645;R1_NORMAL;29;50;22;0;32;3;0;0.05000000819563866;0.09520085901021957;0.11056520789861679;96;4
C03;C03;Critico: Celular sem cinto sob chuva;Critico;Critico;0.6143592715263366;0.6143592715263366;R1_NORMAL;26;41;16;0;28;2;1;0.2226879596710205;0.1818418949842453;0.20179645717144012;96;4
C01;C01;Critico: Celular em alta velocidade;Critico;Critico;0.29102678298950196;0.29102678298950196;R3_FALSE_KIN;32;44;13;0;34;2;0;0.05000000819563866;0.14892470836639404;0.1387525349855423;96;4
N02;N02;Normal: Urbano moderado;Normal;Normal;0.050000007078051564;0.050000007078051564;R2_STABLE_RISK;-1;-1;0;0;-1;-1;0;0.05000000819563866;0.034118831157684326;0.10086563974618912;96;4
C09;C09;Critico progressivo: Bebida ao volante;Critico;Critico;0.499830162525177;0.499830162525177;R1_NORMAL;38;73;36;1;56;18;1;0.301532506942749;0.25147926807403564;0.14960651099681854;96;4
C10;C10;Critico progressivo: Grooming em rodovia com fadiga;Critico;Critico;0.4235602483153343;0.4235602483153343;R2_STABLE_RISK;40;81;42;1;62;22;0;0.05000000819563866;0.1996217966079712;0.09844618290662766;96;4
N01;N01;Normal: Viagem tranquila em rodovia;Normal;Normal;0.050000007078051564;0.050000007078051564;R1_NORMAL;-1;-1;0;0;-1;-1;0;0.05000000819563866;0.03122176043689251;0.10929865390062332;96;4
C06;C06;Critico progressivo: Fadiga noturna;Critico;Critico;0.476148185133934;0.476148185133934;R1_NORMAL;36;81;46;1;58;22;1;0.36737772822380066;0.1574508398771286;0.1082846000790596;96;4
C05;C05;Critico progressivo: Celular em rodovia;Critico;Critico;0.4890509337186813;0.4890509337186813;R1_NORMAL;42;73;32;1;60;18;1;0.2851071357727051;0.3238043487071991;0.1558396816253662;96;4
C04;C04;Critico: Multiplas distracoes urbanas;Critico;Critico;0.3713889718055725;0.3713889718055725;R3_FALSE_KIN;22;45;24;0;24;2;0;0.05000000819563866;0.198428675532341;0.13078288733959198;96;4
C08;C08;Critico progressivo: Distracao urbana multietapas;Critico;Critico;0.4595301806926727;0.4595301806926727;R2_STABLE_RISK;28;77;50;1;50;22;0;0.05000000819563866;0.3155634105205536;0.15830861032009125;96;4
C06;C06;Critico progressivo: Fadiga noturna;Critico;Critico;0.41614011526107786;0.41614011526107786;R1_NORMAL;36;81;46;1;59;23;0;0.05000000819563866;0.1619088351726532;0.127535879611969;96;4
C05;C05;Critico progressivo: Celular em rodovia;Critico;Critico;0.3643052339553833;0.3643052339553833;R2_STABLE_RISK;42;73;32;1;59;17;0;0.05000000819563866;0.3204636871814728;0.12752680480480194;96;4
C08;C08;Critico progressivo: Distracao urbana multietapas;Critico;Critico;0.4457262277603149;0.4457262277603149;R1_NORMAL;28;77;50;1;55;27;0;0.05000000819563866;0.31578153371810913;0.1594790816307068;96;4
C07;C07;Critico progressivo: Sem cinto sob chuva;Critico;Critico;0.4631275326013565;0.4631275326013565;R2_STABLE_RISK;37;75;39;1;60;23;1;0.3205498158931732;0.37088465690612793;0.15047386288642883;96;4
C07;C07;Critico progressivo: Sem cinto sob chuva;Critico;Critico;0.4992712587118149;0.4992712587118149;R2_STABLE_RISK;37;75;39;1;58;21;1;0.3085363507270813;0.37800082564353943;0.17777378857135773;96;4
N01;N01;Normal: Viagem tranquila em rodovia;Normal;Normal;0.050000007078051564;0.050000007078051564;R3_FALSE_KIN;-1;-1;0;0;-1;-1;0;0.05000000819563866;0.03897777572274208;0.11585692316293716;96;4
C08;C08;Critico progressivo: Distracao urbana multietapas;Critico;Critico;0.4958588987588882;0.4958588987588882;R1_NORMAL;28;77;50;1;55;27;1;0.33229944109916687;0.31664422154426575;0.21220868825912476;96;4
C01;C01;Critico: Celular em alta velocidade;Critico;Critico;0.5194174677133561;0.5194174677133561;R2_STABLE_RISK;32;44;13;0;34;2;1;0.21331225335597992;0.1621437668800354;0.14800645411014557;96;4
N02;N02;Normal: Urbano moderado;Normal;Normal;0.050000007078051564;0.050000007078051564;R3_FALSE_KIN;-1;-1;0;0;-1;-1;0;0.05000000819563866;0.029528042301535606;0.08321370929479599;96;4
C03;C03;Critico: Celular sem cinto sob chuva;Critico;Critico;0.3752959698438644;0.3752959698438644;R1_NORMAL;26;41;16;0;28;2;0;0.05000000819563866;0.18501563370227814;0.11670726537704468;96;4
C09;C09;Critico progressivo: Bebida ao volante;Critico;Critico;0.46506042778491974;0.46506042778491974;R2_STABLE_RISK;38;73;36;1;57;19;1;0.27902066707611084;0.24950599670410156;0.16060523688793182;96;4
C01;C01;Critico: Celular em alta velocidade;Critico;Critico;0.5173266679048538;0.5173266679048538;R1_NORMAL;32;44;13;0;34;2;1;0.22312773764133453;0.14466841518878937;0.12976916134357452;96;4
N03;N03;Normal: Noite estável;Normal;Normal;0.050000007078051564;0.050000007078051564;R1_NORMAL;-1;-1;0;0;-1;-1;0;0.05000000819563866;0.03107614628970623;0.10031145811080933;96;4
C01;C01;Critico: Celular em alta velocidade;Critico;Critico;0.29102678298950196;0.29102678298950196;R2_STABLE_RISK;32;44;13;0;34;2;0;0.05000000819563866;0.1503889411687851;0.09821265935897827;96;4
C03;C03;Critico: Celular sem cinto sob chuva;Critico;Critico;0.6102507561445236;0.6102507561445236;R1_NORMAL;26;41;16;0;28;2;1;0.2705439031124115;0.19695906341075897;0.2000664621591568;96;4
C04;C04;Critico: Multiplas distracoes urbanas;Critico;Critico;0.5774016588926315;0.5774016588926315;R2_STABLE_RISK;22;45;24;0;24;2;1;0.27850469946861267;0.19704417884349823;0.23622965812683105;96;4
C07;C07;Critico progressivo: Sem cinto sob chuva;Critico;Critico;0.4697552233934402;0.4697552233934402;R1_NORMAL;37;75;39;1;59;22;1;0.2849922180175781;0.3792431354522705;0.11336097866296768;96;4
N03;N03;Normal: Noite estável;Normal;Normal;0.050000007078051564;0.050000007078051564;R2_STABLE_RISK;-1;-1;0;0;-1;-1;0;0.05000000819563866;0.03256016969680786;0.08152701705694199;96;4
C02;C02;Critico: Fadiga com desvio cinematico;Critico;Critico;0.591278365254402;0.591278365254402;R1_NORMAL;29;50;22;0;32;3;1;0.26952728629112244;0.10171792656183243;0.2299187183380127;96;4
N03;N03;Normal: Noite estável;Normal;Normal;0.050000007078051564;0.050000007078051564;R3_FALSE_KIN;-1;-1;0;0;-1;-1;0;0.05000000819563866;0.02908778190612793;0.11650809645652771;96;4
C03;C03;Critico: Celular sem cinto sob chuva;Critico;Critico;0.3752959698438644;0.3752959698438644;R1_NORMAL;26;41;16;0;28;2;0;0.05000000819563866;0.18600797653198242;0.12245308607816696;96;4
N03;N03;Normal: Noite estável;Normal;Normal;0.050000007078051564;0.050000007078051564;R2_STABLE_RISK;-1;-1;0;0;-1;-1;0;0.05000000819563866;0.04132693633437157;0.1325153261423111;96;4
N03;N03;Normal: Noite estável;Normal;Normal;0.050000007078051564;0.050000007078051564;R3_FALSE_KIN;-1;-1;0;0;-1;-1;0;0.05000000819563866;0.02832302451133728;0.15199005603790283;96;4
N01;N01;Normal: Viagem tranquila em rodovia;Normal;Normal;0.050000007078051564;0.050000007078051564;R1_NORMAL;-1;-1;0;0;-1;-1;0;0.05000000819563866;0.030055871233344078;0.10823968797922134;96;4
C06;C06;Critico progressivo: Fadiga noturna;Critico;Critico;0.43457229286432264;0.43457229286432264;R1_NORMAL;36;81;46;1;62;26;0;0.05000000819563866;0.15809287130832672;0.0853550136089325;96;4
N03;N03;Normal: Noite estável;Normal;Normal;0.050000007078051564;0.050000007078051564;R2_STABLE_RISK;-1;-1;0;0;-1;-1;0;0.05000000819563866;0.02759605646133423;0.13292402029037476;96;4
C08;C08;Critico progressivo: Distracao urbana multietapas;Critico;Critico;0.4155103340744972;0.4155103340744972;R3_FALSE_KIN;28;77;50;1;56;28;0;0.05000000819563866;0.32047462463378906;0.17068393528461456;96;4
C08;C08;Critico progressivo: Distracao urbana multietapas;Critico;Critico;0.4406030058860778;0.4406030058860778;R3_FALSE_KIN;28;77;50;1;56;28;0;0.05000000819563866;0.3228748142719269;0.14496153593063354;96;4
N02;N02;Normal: Urbano moderado;Normal;Normal;0.050000007078051564;0.050000007078051564;R3_FALSE_KIN;-1;-1;0;0;-1;-1;0;0.05000000819563866;0.03445581719279289;0.08725496381521225;96;4
C03;C03;Critico: Celular sem cinto sob chuva;Critico;Critico;0.6207239359617233;0.6207239359617233;R2_STABLE_RISK;26;41;16;0;28;2;1;0.24803930521011353;0.18574781715869904;0.23804287612438202;96;4
C01;C01;Critico: Celular em alta velocidade;Critico;Critico;0.5266669958829879;0.5266669958829879;R2_STABLE_RISK;32;44;13;0;34;2;1;0.2711658775806427;0.15118516981601715;0.15906305611133575;96;4
C02;C02;Critico: Fadiga com desvio cinematico;Critico;Critico;0.5913021653890609;0.5913021653890609;R3_FALSE_KIN;29;50;22;0;32;3;1;0.21418114006519318;0.09853862971067429;0.16095568239688873;96;4
C05;C05;Critico progressivo: Celular em rodovia;Critico;Critico;0.39757989495992657;0.39757989495992657;R1_NORMAL;42;73;32;1;58;16;0;0.05000000819563866;0.3181062340736389;0.14804215729236603;96;4
C10;C10;Critico progressivo: Grooming em rodovia com fadiga;Critico;Critico;0.4250034227967262;0.4250034227967262;R2_STABLE_RISK;40;81;42;1;65;25;0;0.05000000819563866;0.19522196054458618;0.1624189019203186;96;4
C07;C07;Critico progressivo: Sem cinto sob chuva;Critico;Critico;0.4821291387081146;0.4821291387081146;R2_STABLE_RISK;37;75;39;1;56;19;1;0.30582162737846375;0.37652817368507385;0.1568073183298111;96;4
C06;C06;Critico progressivo: Fadiga noturna;Critico;Critico;0.442259319126606;0.442259319126606;R2_STABLE_RISK;36;81;46;1;59;23;0;0.05000000819563866;0.15327876806259155;0.10023165494203568;96;4
C03;C03;Critico: Celular sem cinto sob chuva;Critico;Critico;0.3752959698438644;0.3752959698438644;R1_NORMAL;26;41;16;0;28;2;0;0.05000000819563866;0.18910984694957733;0.135484516620636;96;4
C06;C06;Critico progressivo: Fadiga noturna;Critico;Critico;0.4338488206267357;0.4338488206267357;R3_FALSE_KIN;36;81;46;1;59;23;0;0.05000000819563866;0.1628582924604416;0.08717545121908188;96;4
C05;C05;Critico progressivo: Celular em rodovia;Critico;Critico;0.48102177083492276;0.48102177083492276;R3_FALSE_KIN;42;73;32;1;60;18;1;0.2637079358100891;0.3215263783931732;0.14900003373622894;96;4
C10;C10;Critico progressivo: Grooming em rodovia com fadiga;Critico;Critico;0.4628528147935867;0.4628528147935867;R2_STABLE_RISK;40;81;42;1;62;22;1;0.30651482939720154;0.1970916986465454;0.14843831956386566;96;4
C07;C07;Critico progressivo: Sem cinto sob chuva;Critico;Critico;0.46186983883380883;0.46186983883380883;R1_NORMAL;37;75;39;1;59;22;1;0.2935366630554199;0.3759654462337494;0.17383445799350739;96;4
C10;C10;Critico progressivo: Grooming em rodovia com fadiga;Critico;Critico;0.4884417861700058;0.4884417861700058;R1_NORMAL;40;81;42;1;62;22;1;0.35210880637168884;0.2044822722673416;0.09873209148645401;96;4
N02;N02;Normal: Urbano moderado;Normal;Normal;0.050000007078051564;0.050000007078051564;R2_STABLE_RISK;-1;-1;0;0;-1;-1;0;0.05000000819563866;0.027339769527316093;0.10656746476888657;96;4
C01;C01;Critico: Celular em alta velocidade;Critico;Critico;0.5312969833612442;0.5312969833612442;R3_FALSE_KIN;32;44;13;0;34;2;1;0.2426520138978958;0.1530987173318863;0.1656164675951004;96;4
C09;C09;Critico progressivo: Bebida ao volante;Critico;Critico;0.5111761599779129;0.5111761599779129;R2_STABLE_RISK;38;73;36;1;53;15;1;0.24234335124492645;0.26240548491477966;0.20377397537231445;96;4
N02;N02;Normal: Urbano moderado;Normal;Normal;0.050000007078051564;0.050000007078051564;R1_NORMAL;-1;-1;0;0;-1;-1;0;0.05000000819563866;0.03571309521794319;0.09176860004663467;96;4
N01;N01;Normal: Viagem tranquila em rodovia;Normal;Normal;0.050000007078051564;0.050000007078051564;R1_NORMAL;-1;-1;0;0;-1;-1;0;0.05000000819563866;0.02630150504410267;0.08374341577291489;96;4
C05;C05;Critico progressivo: Celular em rodovia;Critico;Critico;0.4834913194179534;0.4834913194179534;R3_FALSE_KIN;42;73;32;1;61;19;1;0.2860872447490692;0.3167795240879059;0.1724870204925537;96;4
N01;N01;Normal: Viagem tranquila em rodovia;Normal;Normal;0.050000007078051564;0.050000007078051564;R1_NORMAL;-1;-1;0;0;-1;-1;0;0.05000000819563866;0.027480697259306908;0.1000276431441307;96;4
N01;N01;Normal: Viagem tranquila em rodovia;Normal;Normal;0.050000007078051564;0.050000007078051564;R1_NORMAL;-1;-1;0;0;-1;-1;0;0.05000000819563866;0.03479111194610596;0.0952330231666565;96;4
C05;C05;Critico progressivo: Celular em rodovia;Critico;Critico;0.3632777765393257;0.3632777765393257;R2_STABLE_RISK;42;73;32;1;59;17;0;0.05000000819563866;0.3156319558620453;0.11279672384262085;96;4
C03;C03;Critico: Celular sem cinto sob chuva;Critico;Critico;0.3752959698438644;0.3752959698438644;R3_FALSE_KIN;26;41;16;0;28;2;0;0.05000000819563866;0.19013673067092896;0.14366015791893005;96;4
C06;C06;Critico progressivo: Fadiga noturna;Critico;Critico;0.4072277441620826;0.4072277441620826;R2_STABLE_RISK;36;81;46;1;62;26;0;0.05000000819563866;0.15686556696891785;0.10246925801038742;96;4
N02;N02;Normal: Urbano moderado;Normal;Normal;0.050000007078051564;0.050000007078051564;R1_NORMAL;-1;-1;0;0;-1;-1;0;0.05000000819563866;0.03638249635696411;0.10151948779821396;96;4
N01;N01;Normal: Viagem tranquila em rodovia;Normal;Normal;0.050000007078051564;0.050000007078051564;R1_NORMAL;-1;-1;0;0;-1;-1;0;0.05000000819563866;0.02976466529071331;0.0771162137389183;96;4
C09;C09;Critico progressivo: Bebida ao volante;Critico;Critico;0.47387426197528837;0.47387426197528837;R2_STABLE_RISK;38;73;36;1;53;15;1;0.22860224545001984;0.2632027566432953;0.1584644317626953;96;4
C06;C06;Critico progressivo: Fadiga noturna;Critico;Critico;0.41480835527181625;0.41480835527181625;R1_NORMAL;36;81;46;1;60;24;0;0.05000000819563866;0.15836726129055023;0.09782636165618896;96;4
C05;C05;Critico progressivo: Celular em rodovia;Critico;Critico;0.37886375188827515;0.37886375188827515;R2_STABLE_RISK;42;73;32;1;58;16;0;0.05000000819563866;0.32043054699897766;0.11809376627206802;96;4
C01;C01;Critico: Celular em alta velocidade;Critico;Critico;0.5196363359689713;0.5196363359689713;R2_STABLE_RISK;32;44;13;0;34;2;1;0.19042354822158813;0.15832790732383728;0.16846537590026855;96;4
C09;C09;Critico progressivo: Bebida ao volante;Critico;Critico;0.4228557467460632;0.4228557467460632;R3_FALSE_KIN;38;73;36;1;53;15;0;0.05000000819563866;0.2527942955493927;0.14133530855178833;96;4
C04;C04;Critico: Multiplas distracoes urbanas;Critico;Critico;0.3713889718055725;0.3713889718055725;R1_NORMAL;22;45;24;0;24;2;0;0.05000000819563866;0.19991590082645416;0.13813132047653198;96;4
C04;C04;Critico: Multiplas distracoes urbanas;Critico;Critico;0.3713889718055725;0.3713889718055725;R1_NORMAL;22;45;24;0;24;2;0;0.05000000819563866;0.1980917900800705;0.13975456357002258;96;4
C02;C02;Critico: Fadiga com desvio cinematico;Critico;Critico;0.6036702394485474;0.6036702394485474;R3_FALSE_KIN;29;50;22;0;32;3;1;0.2582845985889435;0.10387613624334335;0.14167019724845886;96;4
C02;C02;Critico: Fadiga com desvio cinematico;Critico;Critico;0.39378328174352645;0.39378328174352645;R2_STABLE_RISK;29;50;22;0;32;3;0;0.05000000819563866;0.09867489337921143;0.15078182518482208;96;4
C01;C01;Critico: Celular em alta velocidade;Critico;Critico;0.29102678298950196;0.29102678298950196;R2_STABLE_RISK;32;44;13;0;34;2;0;0.05000000819563866;0.14924512803554535;0.09644636511802673;96;4
C07;C07;Critico progressivo: Sem cinto sob chuva;Critico;Critico;0.41799776554107665;0.41799776554107665;R2_STABLE_RISK;37;75;39;1;56;19;0;0.05000000819563866;0.38590487837791443;0.14798788726329803;96;4
N03;N03;Normal: Noite estável;Normal;Normal;0.050000007078051564;0.050000007078051564;R2_STABLE_RISK;-1;-1;0;0;-1;-1;0;0.05000000819563866;0.029082119464874268;0.09432784467935562;96;4
C09;C09;Critico progressivo: Bebida ao volante;Critico;Critico;0.46546406447887423;0.46546406447887423;R2_STABLE_RISK;38;73;36;1;55;17;1;0.277860164642334;0.2529701292514801;0.1818220168352127;96;4
N03;N03;Normal: Noite estável;Normal;Normal;0.050000007078051564;0.050000007078051564;R1_NORMAL;-1;-1;0;0;-1;-1;0;0.05000000819563866;0.03215368464589119;0.10203123092651367;96;4
C03;C03;Critico: Celular sem cinto sob chuva;Critico;Critico;0.3752959698438644;0.3752959698438644;R1_NORMAL;26;41;16;0;28;2;0;0.05000000819563866;0.18070566654205322;0.10395661741495132;96;4
N02;N02;Normal: Urbano moderado;Normal;Normal;0.050000007078051564;0.050000007078051564;R1_NORMAL;-1;-1;0;0;-1;-1;0;0.05000000819563866;0.03103821724653244;0.08593397587537766;96;4
C03;C03;Critico: Celular sem cinto sob chuva;Critico;Critico;0.3752959698438644;0.3752959698438644;R3_FALSE_KIN;26;41;16;0;28;2;0;0.05000000819563866;0.18536309897899628;0.10898158699274063;96;4
N01;N01;Normal: Viagem tranquila em rodovia;Normal;Normal;0.050000007078051564;0.050000007078051564;R1_NORMAL;-1;-1;0;0;-1;-1;0;0.05000000819563866;0.031784940510988235;0.09430396556854248;96;4
C04;C04;Critico: Multiplas distracoes urbanas;Critico;Critico;0.5762108504772185;0.5762108504772185;R2_STABLE_RISK;22;45;24;0;24;2;1;0.25665929913520813;0.20340140163898468;0.19594281911849976;96;4
C03;C03;Critico: Celular sem cinto sob chuva;Critico;Critico;0.6048030734062195;0.6048030734062195;R2_STABLE_RISK;26;41;16;0;28;2;1;0.22048620879650116;0.19225133955478668;0.16207200288772583;96;4
N01;N01;Normal: Viagem tranquila em rodovia;Normal;Normal;0.050000007078051564;0.050000007078051564;R2_STABLE_RISK;-1;-1;0;0;-1;-1;0;0.05000000819563866;0.03258070722222328;0.129191592335701;96;4
C05;C05;Critico progressivo: Celular em rodovia;Critico;Critico;0.4812683165073395;0.4812683165073395;R3_FALSE_KIN;42;73;32;1;58;16;1;0.2831512987613678;0.31954893469810486;0.1495986431837082;96;4
N01;N01;Normal: Viagem tranquila em rodovia;Normal;Normal;0.050000007078051564;0.050000007078051564;R2_STABLE_RISK;-1;-1;0;0;-1;-1;0;0.05000000819563866;0.03214133903384209;0.0925053134560585;96;4
C06;C06;Critico progressivo: Fadiga noturna;Critico;Critico;0.3955527141690254;0.3955527141690254;R1_NORMAL;36;81;46;1;65;29;0;0.05000000819563866;0.1535324901342392;0.10914913564920425;96;4
C01;C01;Critico: Celular em alta velocidade;Critico;Critico;0.29102678298950196;0.29102678298950196;R2_STABLE_RISK;32;44;13;0;34;2;0;0.05000000819563866;0.1532820612192154;0.11719679832458496;96;4
C10;C10;Critico progressivo: Grooming em rodovia com fadiga;Critico;Critico;0.3990206062793732;0.3990206062793732;R1_NORMAL;40;81;42;1;67;27;0;0.05000000819563866;0.20137739181518555;0.16205325722694397;96;4
C09;C09;Critico progressivo: Bebida ao volante;Critico;Critico;0.38756705075502396;0.38756705075502396;R2_STABLE_RISK;38;73;36;1;61;23;0;0.05000000819563866;0.25034821033477783;0.10501372069120407;96;4
C04;C04;Critico: Multiplas distracoes urbanas;Critico;Critico;0.3713889718055725;0.3713889718055725;R1_NORMAL;22;45;24;0;24;2;0;0.05000000819563866;0.20425517857074738;0.12085560709238052;96;4
C02;C02;Critico: Fadiga com desvio cinematico;Critico;Critico;0.39378328174352645;0.39378328174352645;R3_FALSE_KIN;29;50;22;0;32;3;0;0.05000000819563866;0.10160288959741592;0.11578287929296494;96;4
C08;C08;Critico progressivo: Distracao urbana multietapas;Critico;Critico;0.4270966902375221;0.4270966902375221;R1_NORMAL;28;77;50;1;59;31;0;0.05000000819563866;0.30976203083992004;0.17435695230960846;96;4
N01;N01;Normal: Viagem tranquila em rodovia;Normal;Normal;0.050000007078051564;0.050000007078051564;R3_FALSE_KIN;-1;-1;0;0;-1;-1;0;0.05000000819563866;0.032231997698545456;0.11562401056289673;96;4
C02;C02;Critico: Fadiga com desvio cinematico;Critico;Critico;0.39378328174352645;0.39378328174352645;R2_STABLE_RISK;29;50;22;0;32;3;0;0.05000000819563866;0.098928302526474;0.16419218480587006;96;4
C01;C01;Critico: Celular em alta velocidade;Critico;Critico;0.29102678298950196;0.29102678298950196;R3_FALSE_KIN;32;44;13;0;34;2;0;0.05000000819563866;0.14876960217952728;0.12600599229335785;96;4
C04;C04;Critico: Multiplas distracoes urbanas;Critico;Critico;0.5610920399427414;0.5610920399427414;R2_STABLE_RISK;22;45;24;0;24;2;1;0.18540458381175995;0.21147815883159637;0.23493345081806183;96;4
C03;C03;Critico: Celular sem cinto sob chuva;Critico;Critico;0.3752959698438644;0.3752959698438644;R1_NORMAL;26;41;16;0;28;2;0;0.05000000819563866;0.18293397128582;0.13610446453094482;96;4
C10;C10;Critico progressivo: Grooming em rodovia com fadiga;Critico;Critico;0.4491238981485367;0.4491238981485367;R3_FALSE_KIN;40;81;42;1;61;21;1;0.29665273427963257;0.20298604667186737;0.10592830181121826;96;4
N01;N01;Normal: Viagem tranquila em rodovia;Normal;Normal;0.050000007078051564;0.050000007078051564;R3_FALSE_KIN;-1;-1;0;0;-1;-1;0;0.05000000819563866;0.03159094974398613;0.07218249887228012;96;4
C02;C02;Critico: Fadiga com desvio cinematico;Critico;Critico;0.39378328174352645;0.39378328174352645;R1_NORMAL;29;50;22;0;32;3;0;0.05000000819563866;0.09563392400741577;0.11852794885635376;96;4
N01;N01;Normal: Viagem tranquila em rodovia;Normal;Normal;0.050000007078051564;0.050000007078051564;R2_STABLE_RISK;-1;-1;0;0;-1;-1;0;0.05000000819563866;0.027702249586582184;0.09785614162683487;96;4
C01;C01;Critico: Celular em alta velocidade;Critico;Critico;0.29102678298950196;0.29102678298950196;R2_STABLE_RISK;32;44;13;0;34;2;0;0.05000000819563866;0.15709298849105835;0.1417219489812851;96;4
C07;C07;Critico progressivo: Sem cinto sob chuva;Critico;Critico;0.41138256192207334;0.41138256192207334;R1_NORMAL;37;75;39;1;60;23;0;0.05000000819563866;0.38253018260002136;0.151018887758255;96;4
C02;C02;Critico: Fadiga com desvio cinematico;Critico;Critico;0.6034067332744598;0.6034067332744598;R3_FALSE_KIN;29;50;22;0;32;3;1;0.2569258213043213;0.09963947534561157;0.20249955356121063;96;4
C08;C08;Critico progressivo: Distracao urbana multietapas;Critico;Critico;0.44063002765178677;0.44063002765178677;R3_FALSE_KIN;28;77;50;1;50;22;0;0.05000000819563866;0.3169833719730377;0.158005952835083;96;4
C09;C09;Critico progressivo: Bebida ao volante;Critico;Critico;0.4036298140883446;0.4036298140883446;R2_STABLE_RISK;38;73;36;1;60;22;0;0.05000000819563866;0.24857020378112793;0.1555609107017517;96;4
N01;N01;Normal: Viagem tranquila em rodovia;Normal;Normal;0.050000007078051564;0.050000007078051564;R3_FALSE_KIN;-1;-1;0;0;-1;-1;0;0.05000000819563866;0.031280603259801865;0.1027398481965065;96;4
C07;C07;Critico progressivo: Sem cinto sob chuva;Critico;Critico;0.38614113479852674;0.38614113479852674;R1_NORMAL;37;75;39;1;59;22;0;0.05000000819563866;0.37736836075782776;0.1574556976556778;96;4
C05;C05;Critico progressivo: Celular em rodovia;Critico;Critico;0.38852887600660324;0.38852887600660324;R1_NORMAL;42;73;32;1;61;19;0;0.05000000819563866;0.31462419033050537;0.14372682571411133;96;4
C10;C10;Critico progressivo: Grooming em rodovia com fadiga;Critico;Critico;0.45710044801235195;0.45710044801235195;R1_NORMAL;40;81;42;1;65;25;1;0.3631642758846283;0.20248650014400482;0.11238959431648254;96;4
C08;C08;Critico progressivo: Distracao urbana multietapas;Critico;Critico;0.4267242789268494;0.4267242789268494;R2_STABLE_RISK;28;77;50;1;56;28;0;0.05000000819563866;0.3124098777770996;0.12772439420223236;96;4
C08;C08;Critico progressivo: Distracao urbana multietapas;Critico;Critico;0.44137719571590417;0.44137719571590417;R1_NORMAL;28;77;50;1;49;21;0;0.05000000819563866;0.3206690847873688;0.19491146504878998;96;4
C03;C03;Critico: Celular sem cinto sob chuva;Critico;Critico;0.6085467040538788;0.6085467040538788;R2_STABLE_RISK;26;41;16;0;28;2;1;0.23740263283252716;0.19252705574035645;0.21357257664203644;96;4
N02;N02;Normal: Urbano moderado;Normal;Normal;0.050000007078051564;0.050000007078051564;R2_STABLE_RISK;-1;-1;0;0;-1;-1;0;0.05000000819563866;0.031950339674949646;0.09288501739501953;96;4
N03;N03;Normal: Noite estável;Normal;Normal;0.050000007078051564;0.050000007078051564;R2_STABLE_RISK;-1;-1;0;0;-1;-1;0;0.05000000819563866;0.038420647382736206;0.11424807459115982;96;4
C03;C03;Critico: Celular sem cinto sob chuva;Critico;Critico;0.3752959698438644;0.3752959698438644;R1_NORMAL;26;41;16;0;28;2;0;0.05000000819563866;0.1910748928785324;0.09072161465883255;96;4
N02;N02;Normal: Urbano moderado;Normal;Normal;0.050000007078051564;0.050000007078051564;R3_FALSE_KIN;-1;-1;0;0;-1;-1;0;0.05000000819563866;0.03121328540146351;0.1231481209397316;96;4
C10;C10;Critico progressivo: Grooming em rodovia com fadiga;Critico;Critico;0.4485427588224411;0.4485427588224411;R3_FALSE_KIN;40;81;42;1;63;23;1;0.3097755014896393;0.19585007429122925;0.143427774310112;96;4
C03;C03;Critico: Celular sem cinto sob chuva;Critico;Critico;0.3752959698438644;0.3752959698438644;R2_STABLE_RISK;26;41;16;0;28;2;0;0.05000000819563866;0.18836449086666107;0.18992669880390167;96;4
C03;C03;Critico: Celular sem cinto sob chuva;Critico;Critico;0.6058193236589431;0.6058193236589431;R1_NORMAL;26;41;16;0;28;2;1;0.20229394733905792;0.1811254769563675;0.1816502809524536;96;4
C01;C01;Critico: Celular em alta velocidade;Critico;Critico;0.29102678298950196;0.29102678298950196;R3_FALSE_KIN;32;44;13;0;34;2;0;0.05000000819563866;0.15311160683631897;0.12707512080669403;96;4
C08;C08;Critico progressivo: Distracao urbana multietapas;Critico;Critico;0.4403988361358642;0.4403988361358642;R3_FALSE_KIN;28;77;50;1;51;23;0;0.05000000819563866;0.32126161456108093;0.1300928145647049;96;4
C04;C04;Critico: Multiplas distracoes urbanas;Critico;Critico;0.3713889718055725;0.3713889718055725;R1_NORMAL;22;45;24;0;24;2;0;0.05000000819563866;0.20111419260501862;0.10441551357507706;96;4
N02;N02;Normal: Urbano moderado;Normal;Normal;0.050000007078051564;0.050000007078051564;R1_NORMAL;-1;-1;0;0;-1;-1;0;0.05000000819563866;0.02861126698553562;0.09263879060745239;96;4
C07;C07;Critico progressivo: Sem cinto sob chuva;Critico;Critico;0.4892395615577697;0.4892395615577697;R1_NORMAL;37;75;39;1;59;22;1;0.3077981173992157;0.384309858083725;0.1765262633562088;96;4
C06;C06;Critico progressivo: Fadiga noturna;Critico;Critico;0.4197217211127281;0.4197217211127281;R1_NORMAL;36;81;46;1;64;28;0;0.05000000819563866;0.15846659243106842;0.08020796626806259;96;4
C06;C06;Critico progressivo: Fadiga noturna;Critico;Critico;0.4136039450764656;0.4136039450764656;R1_NORMAL;36;81;46;1;59;23;0;0.05000000819563866;0.16163469851016998;0.1207038089632988;96;4
C07;C07;Critico progressivo: Sem cinto sob chuva;Critico;Critico;0.4877952307462692;0.4877952307462692;R2_STABLE_RISK;37;75;39;1;55;18;1;0.29429829120635986;0.3859000504016876;0.155242457985878;96;4
N02;N02;Normal: Urbano moderado;Normal;Normal;0.050000007078051564;0.050000007078051564;R2_STABLE_RISK;-1;-1;0;0;-1;-1;0;0.05000000819563866;0.03374743089079857;0.10781130939722061;96;4
C01;C01;Critico: Celular em alta velocidade;Critico;Critico;0.29102678298950196;0.29102678298950196;R2_STABLE_RISK;32;44;13;0;34;2;0;0.05000000819563866;0.1469992846250534;0.08162012696266174;96;4
N03;N03;Normal: Noite estável;Normal;Normal;0.050000007078051564;0.050000007078051564;R1_NORMAL;-1;-1;0;0;-1;-1;0;0.05000000819563866;0.031642135232686996;0.11637087911367416;96;4
C07;C07;Critico progressivo: Sem cinto sob chuva;Critico;Critico;0.41466238647699355;0.41466238647699355;R1_NORMAL;37;75;39;1;57;20;0;0.05000000819563866;0.38520970940589905;0.12404652684926987;96;4
C06;C06;Critico progressivo: Fadiga noturna;Critico;Critico;0.4596857458353042;0.4596857458353042;R3_FALSE_KIN;36;81;46;1;59;23;1;0.3395979702472687;0.15209168195724487;0.14027142524719238;96;4
C09;C09;Critico progressivo: Bebida ao volante;Critico;Critico;0.398048160970211;0.398048160970211;R1_NORMAL;38;73;36;1;59;21;0;0.05000000819563866;0.2510378658771515;0.15340489149093628;96;4
C05;C05;Critico progressivo: Celular em rodovia;Critico;Critico;0.4028126701712608;0.4028126701712608;R2_STABLE_RISK;42;73;32;1;59;17;0;0.05000000819563866;0.31431350111961365;0.14642277359962463;96;4
C02;C02;Critico: Fadiga com desvio cinematico;Critico;Critico;0.39378328174352645;0.39378328174352645;R2_STABLE_RISK;29;50;22;0;32;3;0;0.05000000819563866;0.09938621520996094;0.1260569542646408;96;4
N01;N01;Normal: Viagem tranquila em rodovia;Normal;Normal;0.050000007078051564;0.050000007078051564;R1_NORMAL;-1;-1;0;0;-1;-1;0;0.05000000819563866;0.028197288513183594;0.08391344547271729;96;4
C08;C08;Critico progressivo: Distracao urbana multietapas;Critico;Critico;0.5128233164548873;0.5128233164548873;R1_NORMAL;28;77;50;1;52;24;1;0.32245543599128723;0.3148113489151001;0.15741229057312012;96;4
C08;C08;Critico progressivo: Distracao urbana multietapas;Critico;Critico;0.42166994810104363;0.42166994810104363;R3_FALSE_KIN;28;77;50;1;57;29;0;0.05000000819563866;0.31400686502456665;0.15441522002220154;96;4
C01;C01;Critico: Celular em alta velocidade;Critico;Critico;0.29102678298950196;0.29102678298950196;R2_STABLE_RISK;32;44;13;0;34;2;0;0.05000000819563866;0.14927423000335693;0.15438324213027954;96;4
C08;C08;Critico progressivo: Distracao urbana multietapas;Critico;Critico;0.4609149485826492;0.4609149485826492;R1_NORMAL;28;77;50;1;49;21;0;0.05000000819563866;0.3148385286331177;0.15681670606136322;96;4
C08;C08;Critico progressivo: Distracao urbana multietapas;Critico;Critico;0.40183796882629397;0.40183796882629397;R1_NORMAL;28;77;50;1;60;32;0;0.05000000819563866;0.30928146839141846;0.1285836398601532;96;4
C01;C01;Critico: Celular em alta velocidade;Critico;Critico;0.5236977845430373;0.5236977845430373;R1_NORMAL;32;44;13;0;34;2;1;0.22396957874298096;0.15011799335479736;0.14983411133289337;96;4
C05;C05;Critico progressivo: Celular em rodovia;Critico;Critico;0.48579241931438444;0.48579241931438444;R3_FALSE_KIN;42;73;32;1;59;17;1;0.27830269932746887;0.31767892837524414;0.1888248771429062;96;4
C04;C04;Critico: Multiplas distracoes urbanas;Critico;Critico;0.5731749653816223;0.5731749653816223;R2_STABLE_RISK;22;45;24;0;24;2;1;0.2584066689014435;0.19976460933685303;0.22273282706737518;96;4
C04;C04;Critico: Multiplas distracoes urbanas;Critico;Critico;0.3713889718055725;0.3713889718055725;R2_STABLE_RISK;22;45;24;0;24;2;0;0.05000000819563866;0.2053690105676651;0.15282762050628662;96;4
N01;N01;Normal: Viagem tranquila em rodovia;Normal;Normal;0.050000007078051564;0.050000007078051564;R2_STABLE_RISK;-1;-1;0;0;-1;-1;0;0.05000000819563866;0.02824782021343708;0.12113562971353531;96;4
N02;N02;Normal: Urbano moderado;Normal;Normal;0.050000007078051564;0.050000007078051564;R1_NORMAL;-1;-1;0;0;-1;-1;0;0.05000000819563866;0.027460141107439995;0.07673228532075882;96;4
N01;N01;Normal: Viagem tranquila em rodovia;Normal;Normal;0.050000007078051564;0.050000007078051564;R1_NORMAL;-1;-1;0;0;-1;-1;0;0.05000000819563866;0.036604251712560654;0.11172223091125488;96;4
C09;C09;Critico progressivo: Bebida ao volante;Critico;Critico;0.4142561510205269;0.4142561510205269;R2_STABLE_RISK;38;73;36;1;57;19;0;0.05000000819563866;0.2458912879228592;0.17094628512859344;96;4
N03;N03;Normal: Noite estável;Normal;Normal;0.050000007078051564;0.050000007078051564;R2_STABLE_RISK;-1;-1;0;0;-1;-1;0;0.05000000819563866;0.033655863255262375;0.12398210912942886;96;4
N02;N02;Normal: Urbano moderado;Normal;Normal;0.050000007078051564;0.050000007078051564;R1_NORMAL;-1;-1;0;0;-1;-1;0;0.05000000819563866;0.03060147352516651;0.09455829858779907;96;4
C04;C04;Critico: Multiplas distracoes urbanas;Critico;Critico;0.3713889718055725;0.3713889718055725;R2_STABLE_RISK;22;45;24;0;24;2;0;0.05000000819563866;0.20199067890644073;0.09840083122253418;96;4
C10;C10;Critico progressivo: Grooming em rodovia com fadiga;Critico;Critico;0.43661935180425643;0.43661935180425643;R1_NORMAL;40;81;42;1;59;19;0;0.05000000819563866;0.2073463350534439;0.1309015452861786;96;4
N03;N03;Normal: Noite estável;Normal;Normal;0.050000007078051564;0.050000007078051564;R1_NORMAL;-1;-1;0;0;-1;-1;0;0.05000000819563866;0.02987048216164112;0.11329996585845947;96;4
C07;C07;Critico progressivo: Sem cinto sob chuva;Critico;Critico;0.4243850842118263;0.4243850842118263;R1_NORMAL;37;75;39;1;58;21;0;0.05000000819563866;0.39016690850257874;0.1528535932302475;96;4
