id;recipe_id;nome;categoria;class_name;risk_episode;risk_episode_severity;regime;event_start;event_end;event_duration;progressive;detectable_start_035;onset_gap_035;persistent_tail;last6_mean_clean;mean_eye_gaze;mean_lane_offset;window;sensor_level
C02;C02;Critico: Fadiga com desvio cinematico;Critico;Critico;0.39378328174352645;0.39378328174352645;R1_NORMAL;29;50;22;0;32;3;0;0.05000000819563866;0.09520245343446732;0.11805877834558487;96;4
C09;C09;Critico progressivo: Bebida ao volante;Critico;Critico;0.3891082882881164;0.3891082882881164;R1_NORMAL;38;73;36;1;56;18;0;0.05000000819563866;0.2511317729949951;0.12482235580682755;96;4
C05;C05;Critico progressivo: Celular em rodovia;Critico;Critico;0.37712337374687194;0.37712337374687194;R1_NORMAL;42;73;32;1;58;16;0;0.05000000819563866;0.32500070333480835;0.1395116150379181;96;4
C04;C04;Critico: Multiplas distracoes urbanas;Critico;Critico;0.3713889718055725;0.3713889718055725;R1_NORMAL;22;45;24;0;24;2;0;0.05000000819563866;0.19805043935775757;0.1258094310760498;96;4
C07;C07;Critico progressivo: Sem cinto sob chuva;Critico;Critico;0.39318998008966444;0.39318998008966444;R1_NORMAL;37;75;39;1;57;20;0;0.05000000819563866;0.38681259751319885;0.17050272226333618;96;4
C09;C09;Critico progressivo: Bebida ao volante;Critico;Critico;0.40586234778165814;0.40586234778165814;R3_FALSE_KIN;38;73;36;1;60;22;0;0.05000000819563866;0.25438985228538513;0.1254109889268875;96;4
C08;C08;Critico progressivo: Distracao urbana multietapas;Critico;Critico;0.4310139924287796;0.4310139924287796;R2_STABLE_RISK;28;77;50;1;50;22;0;0.05000000819563866;0.30954161286354065;0.1627793163061142;96;4
C10;C10;Critico progressivo: Grooming em rodovia com fadiga;Critico;Critico;0.3918017938733101;0.3918017938733101;R1_NORMAL;40;81;42;1;66;26;0;0.05000000819563866;0.19913868606090546;0.09148985147476196;96;4
C06;C06;Critico progressivo: Fadiga noturna;Critico;Critico;0.43219998627901074;0.43219998627901074;R3_FALSE_KIN;36;81;46;1;55;19;0;0.05000000819563866;0.16261005401611328;0.09378299117088318;96;4
C01;C01;Critico: Celular em alta velocidade;Critico;Critico;0.5346178621053694;0.5346178621053694;R2_STABLE_RISK;32;44;13;0;34;2;1;0.2582327127456665;0.15261328220367432;0.1771382838487625;96;4
C03;C03;Critico: Celular sem cinto sob chuva;Critico;Critico;0.3752959698438644;0.3752959698438644;R2_STABLE_RISK;26;41;16;0;28;2;0;0.05000000819563866;0.18528765439987183;0.1738126426935196;96;4
C09;C09;Critico progressivo: Bebida ao volante;Critico;Critico;0.41704754829406737;0.41704754829406737;R1_NORMAL;38;73;36;1;56;18;0;0.05000000819563866;0.24710726737976074;0.14777684211730957;96;4
C10;C10;Critico progressivo: Grooming em rodovia com fadiga;Critico;Critico;0.4926513671875;0.4926513671875;R2_STABLE_RISK;40;81;42;1;62;22;1;0.35239267349243164;0.19160906970500946;0.11760271340608597;96;4
N02;N02;Normal: Urbano moderado;Normal;Normal;0.050000007078051564;0.050000007078051564;R3_FALSE_KIN;-1;-1;0;0;-1;-1;0;0.05000000819563866;0.03353813290596008;0.13838481903076172;96;4
C03;C03;Critico: Celular sem cinto sob chuva;Critico;Critico;0.6146152585744857;0.6146152585744857;R2_STABLE_RISK;26;41;16;0;28;2;1;0.2222180962562561;0.18582288920879364;0.22972659766674042;96;4
C01;C01;Critico: Celular em alta velocidade;Critico;Critico;0.5314365535974501;0.5314365535974501;R1_NORMAL;32;44;13;0;34;2;1;0.25204530358314514;0.15916207432746887;0.2260051965713501;96;4
C10;C10;Critico progressivo: Grooming em rodovia com fadiga;Critico;Critico;0.38497530370950694;0.38497530370950694;R1_NORMAL;40;81;42;1;63;23;0;0.05000000819563866;0.1976362019777298;0.12311360985040665;96;4
C01;C01;Critico: Celular em alta velocidade;Critico;Critico;0.29102678298950196;0.29102678298950196;R1_NORMAL;32;44;13;0;34;2;0;0.05000000819563866;0.14791852235794067;0.1354340761899948;96;4
C04;C04;Critico: Multiplas distracoes urbanas;Critico;Critico;0.3713889718055725;0.3713889718055725;R2_STABLE_RISK;22;45;24;0;24;2;0;0.05000000819563866;0.1977229118347168;0.13466458022594452;96;4
C04;C04;Critico: Multiplas distracoes urbanas;Critico;Critico;0.5693639248609543;0.5693639248609543;R1_NORMAL;22;45;24;0;24;2;1;0.22649888694286346;0.2055930495262146;0.22529859840869904;96;4
C01;C01;Critico: Celular em alta velocidade;Critico;Critico;0.29102678298950196;0.29102678298950196;R3_FALSE_KIN;32;44;13;0;34;2;0;0.05000000819563866;0.15661783516407013;0.11079561710357666;96;4
C08;C08;Critico progressivo: Distracao urbana multietapas;Critico;Critico;0.5138818144798278;0.5138818144798278;R1_NORMAL;28;77;50;1;51;23;1;0.32174786925315857;0.31928718090057373;0.20235009491443634;96;4
C01;C01;Critico: Celular em alta velocidade;Critico;Critico;0.527279406785965;0.527279406785965;R2_STABLE_RISK;32;44;13;0;34;2;1;0.2254318743944168;0.1590690165758133;0.16308830678462982;96;4
N03;N03;Normal: Noite estável;Normal;Normal;0.050000007078051564;0.050000007078051564;R2_STABLE_RISK;-1;-1;0;0;-1;-1;0;0.05000000819563866;0.03251001983880997;0.1068883165717125;96;4
C07;C07;Critico progressivo: Sem cinto sob chuva;Critico;Critico;0.48366351425647736;0.48366351425647736;R2_STABLE_RISK;37;75;39;1;61;24;1;0.3100179433822632;0.37377333641052246;0.16169284284114838;96;4
C08;C08;Critico progressivo: Distracao urbana multietapas;Critico;Critico;0.4164063334465027;0.4164063334465027;R3_FALSE_KIN;28;77;50;1;58;30;0;0.05000000819563866;0.3079802095890045;0.18630392849445343;96;4
C03;C03;Critico: Celular sem cinto sob chuva;Critico;Critico;0.3752959698438644;0.3752959698438644;R3_FALSE_KIN;26;41;16;0;28;2;0;0.05000000819563866;0.18741370737552643;0.1839001327753067;96;4
N03;N03;Normal: Noite estável;Normal;Normal;0.050000007078051564;0.050000007078051564;R1_NORMAL;-1;-1;0;0;-1;-1;0;0.05000000819563866;0.02972959168255329;0.12202560156583786;96;4
C10;C10;Critico progressivo: Grooming em rodovia com fadiga;Critico;Critico;0.42499484866857523;0.42499484866857523;R1_NORMAL;40;81;42;1;62;22;0;0.05000000819563866;0.1977483481168747;0.1034843698143959;96;4
C04;C04;Critico: Multiplas distracoes urbanas;Critico;Critico;0.3713889718055725;0.3713889718055725;R2_STABLE_RISK;22;45;24;0;24;2;0;0.05000000819563866;0.2041516751050949;0.1619672030210495;96;4
C08;C08;Critico progressivo: Distracao urbana multietapas;Critico;Critico;0.4425944477319717;0.4425944477319717;R1_NORMAL;28;77;50;1;49;21;0;0.05000000819563866;0.32432782649993896;0.14367400109767914;96;4
C06;C06;Critico progressivo: Fadiga noturna;Critico;Critico;0.43303114771842954;0.43303114771842954;R2_STABLE_RISK;36;81;46;1;62;26;0;0.05000000819563866;0.15956638753414154;0.1445183902978897;96;4
C05;C05;Critico progressivo: Celular em rodovia;Critico;Critico;0.37291036695241925;0.37291036695241925;R2_STABLE_RISK;42;73;32;1;61;19;0;0.05000000819563866;0.3125409781932831;0.10600479692220688;96;4
C09;C09;Critico progressivo: Bebida ao volante;Critico;Critico;0.40904353111982344;0.40904353111982344;R1_NORMAL;38;73;36;1;57;19;0;0.05000000819563866;0.24554264545440674;0.1370447725057602;96;4
C07;C07;Critico progressivo: Sem cinto sob chuva;Critico;Critico;0.5020605772733688;0.5020605772733688;R2_STABLE_RISK;37;75;39;1;57;20;1;0.2851982116699219;0.3750137388706207;0.16437864303588867;96;4
C02;C02;Critico: Fadiga com desvio cinematico;Critico;Critico;0.5956094533205032;0.5956094533205032;R2_STABLE_RISK;29;50;22;0;32;3;1;0.21954059600830078;0.10403662174940109;0.20571434497833252;96;4
C07;C07;Critico progressivo: Sem cinto sob chuva;Critico;Critico;0.4031115427613258;0.4031115427613258;R2_STABLE_RISK;37;75;39;1;60;23;0;0.05000000819563866;0.3851609230041504;0.12812533974647522;96;4
C01;C01;Critico: Celular em alta velocidade;Critico;Critico;0.5308654397726058;0.5308654397726058;R1_NORMAL;32;44;13;0;34;2;1;0.2632865905761719;0.15421752631664276;0.17251169681549072;96;4
C02;C02;Critico: Fadiga com desvio cinematico;Critico;Critico;0.39378328174352645;0.39378328174352645;R2_STABLE_RISK;29;50;22;0;32;3;0;0.05000000819563866;0.10492545366287231;0.13393384218215942;96;4
C03;C03;Critico: Celular sem cinto sob chuva;Critico;Critico;0.3752959698438644;0.3752959698438644;R1_NORMAL;26;41;16;0;28;2;0;0.05000000819563866;0.1902482956647873;0.09959504753351212;96;4
C05;C05;Critico progressivo: Celular em rodovia;Critico;Critico;0.3746295288205147;0.3746295288205147;R2_STABLE_RISK;42;73;32;1;58;16;0;0.05000000819563866;0.3196169435977936;0.12365522235631943;96;4
C03;C03;Critico: Celular sem cinto sob chuva;Critico;Critico;0.3752959698438644;0.3752959698438644;R1_NORMAL;26;41;16;0;28;2;0;0.05000000819563866;0.18394529819488525;0.09981980174779892;96;4
C04;C04;Critico: Multiplas distracoes urbanas;Critico;Critico;0.3713889718055725;0.3713889718055725;R1_NORMAL;22;45;24;0;24;2;0;0.05000000819563866;0.2038758546113968;0.1007784828543663;96;4
C10;C10;Critico progressivo: Grooming em rodovia com fadiga;Critico;Critico;0.47479771077632904;0.47479771077632904;R2_STABLE_RISK;40;81;42;1;65;25;1;0.37608397006988525;0.20488899946212769;0.13053293526172638;96;4
C03;C03;Critico: Celular sem cinto sob chuva;Critico;Critico;0.3752959698438644;0.3752959698438644;R2_STABLE_RISK;26;41;16;0;28;2;0;0.05000000819563866;0.19132284820079803;0.15093861520290375;96;4
C08;C08;Critico progressivo: Distracao urbana multietapas;Critico;Critico;0.45221378356218334;0.45221378356218334;R1_NORMAL;28;77;50;1;56;28;0;0.05000000819563866;0.3103163540363312;0.16177527606487274;96;4
N03;N03;Normal: Noite estável;Normal;Normal;0.050000007078051564;0.050000007078051564;R3_FALSE_KIN;-1;-1;0;0;-1;-1;0;0.05000000819563866;0.03727170452475548;0.10457009822130203;96;4
N01;N01;Normal: Viagem tranquila em rodovia;Normal;Normal;0.050000007078051564;0.050000007078051564;R2_STABLE_RISK;-1;-1;0;0;-1;-1;0;0.05000000819563866;0.028474485501646996;0.12550510466098785;96;4
C06;C06;Critico progressivo: Fadiga noturna;Critico;Critico;0.4648179441690445;0.4648179441690445;R3_FALSE_KIN;36;81;46;1;63;27;1;0.31705406308174133;0.15021111071109772;0.13675738871097565;96;4
C10;C10;Critico progressivo: Grooming em rodovia com fadiga;Critico;Critico;0.4287688434123993;0.4287688434123993;R3_FALSE_KIN;40;81;42;1;59;19;0;0.05000000819563866;0.20914846658706665;0.14635874330997467;96;4
N03;N03;Normal: Noite estável;Normal;Normal;0.050000007078051564;0.050000007078051564;R1_NORMAL;-1;-1;0;0;-1;-1;0;0.05000000819563866;0.03425764665007591;0.11325085163116455;96;4
C06;C06;Critico progressivo: Fadiga noturna;Critico;Critico;0.42982432395219805;0.42982432395219805;R2_STABLE_RISK;36;81;46;1;62;26;0;0.05000000819563866;0.1662667840719223;0.11809168010950089;96;4
C07;C07;Critico progressivo: Sem cinto sob chuva;Critico;Critico;0.5004157871007919;0.5004157871007919;R3_FALSE_KIN;37;75;39;1;54;17;1;0.3055470883846283;0.38500794768333435;0.18334662914276123;96;4
C10;C10;Critico progressivo: Grooming em rodovia com fadiga;Critico;Critico;0.43269894719123836;0.43269894719123836;R1_NORMAL;40;81;42;1;60;20;0;0.05000000819563866;0.20128531754016876;0.1467362493276596;96;4
C10;C10;Critico progressivo: Grooming em rodovia com fadiga;Critico;Critico;0.41758655309677123;0.41758655309677123;R1_NORMAL;40;81;42;1;63;23;0;0.05000000819563866;0.1958991289138794;0.12574175000190735;96;4
C08;C08;Critico progressivo: Distracao urbana multietapas;Critico;Critico;0.4528237670660019;0.4528237670660019;R1_NORMAL;28;77;50;1;50;22;0;0.05000000819563866;0.33243176341056824;0.1430913209915161;96;4
C02;C02;Critico: Fadiga com desvio cinematico;Critico;Critico;0.39378328174352645;0.39378328174352645;R1_NORMAL;29;50;22;0;32;3;0;0.05000000819563866;0.09748043864965439;0.16373814642429352;96;4
C07;C07;Critico progressivo: Sem cinto sob chuva;Critico;Critico;0.4072927638888359;0.4072927638888359;R1_NORMAL;37;75;39;1;56;19;0;0.05000000819563866;0.38095736503601074;0.15738646686077118;96;4
C03;C03;Critico: Celular sem cinto sob chuva;Critico;Critico;0.3752959698438644;0.3752959698438644;R3_FALSE_KIN;26;41;16;0;28;2;0;0.05000000819563866;0.18621225655078888;0.12108567357063293;96;4
N03;N03;Normal: Noite estável;Normal;Normal;0.050000007078051564;0.050000007078051564;R3_FALSE_KIN;-1;-1;0;0;-1;-1;0;0.05000000819563866;0.03262605145573616;0.08198806643486023;96;4
C09;C09;Critico progressivo: Bebida ao volante;Critico;Critico;0.40497936010360713;0.40497936010360713;R1_NORMAL;38;73;36;1;60;22;0;0.05000000819563866;0.2533453404903412;0.12873241305351257;96;4
N02;N02;Normal: Urbano moderado;Normal;Normal;0.050000007078051564;0.050000007078051564;R1_NORMAL;-1;-1;0;0;-1;-1;0;0.05000000819563866;0.032984379678964615;0.11359328031539917;96;4
C09;C09;Critico progressivo: Bebida ao volante;Critico;Critico;0.39464166313409804;0.39464166313409804;R3_FALSE_KIN;38;73;36;1;57;19;0;0.05000000819563866;0.25091490149497986;0.1428252011537552;96;4
C09;C09;Critico progressivo: Bebida ao volante;Critico;Critico;0.38202898353338244;0.38202898353338244;R3_FALSE_KIN;38;73;36;1;56;18;0;0.05000000819563866;0.2557699978351593;0.15027101337909698;96;4
N01;N01;Normal: Viagem tranquila em rodovia;Normal;Normal;0.050000007078051564;0.050000007078051564;R3_FALSE_KIN;-1;-1;0;0;-1;-1;0;0.05000000819563866;0.02964962087571621;0.08387535065412521;96;4
C01;C01;Critico: Celular em alta velocidade;Critico;Critico;0.29102678298950196;0.29102678298950196;R1_NORMAL;32;44;13;0;34;2;0;0.05000000819563866;0.1523737907409668;0.13975746929645538;96;4
C01;C01;Critico: Celular em alta velocidade;Critico;Critico;0.29102678298950196;0.29102678298950196;R3_FALSE_KIN;32;44;13;0;34;2;0;0.05000000819563866;0.15020103752613068;0.1324743628501892;96;4
C03;C03;Critico: Celular sem cinto sob chuva;Critico;Critico;0.6095943540334701;0.6095943540334701;R2_STABLE_RISK;26;41;16;0;28;2;1;0.2429368495941162;0.19090454280376434;0.18355189263820648;96;4
C10;C10;Critico progressivo: Grooming em rodovia com fadiga;Critico;Critico;0.39643256664276116;0.39643256664276116;R1_NORMAL;40;81;42;1;63;23;0;0.05000000819563866;0.20058734714984894;0.10448435693979263;96;4
C03;C03;Critico: Celular sem cinto sob chuva;Critico;Critico;0.3752959698438644;0.3752959698438644;R1_NORMAL;26;41;16;0;28;2;0;0.05000000819563866;0.18367904424667358;0.1409500688314438;96;4
C01;C01;Critico: Celular em alta velocidade;Critico;Critico;0.29102678298950196;0.29102678298950196;R1_NORMAL;32;44;13;0;34;2;0;0.05000000819563866;0.15489612519741058;0.13355585932731628;96;4
C09;C09;Critico progressivo: Bebida ao volante;Critico;Critico;0.3924362972378731;0.3924362972378731;R2_STABLE_RISK;38;73;36;1;57;19;0;0.05000000819563866;0.25071457028388977;0.12998996675014496;96;4
C04;C04;Critico: Multiplas distracoes urbanas;Critico;Critico;0.3713889718055725;0.3713889718055725;R3_FALSE_KIN;22;45;24;0;24;2;0;0.05000000819563866;0.20548589527606964;0.1606472283601761;96;4
C02;C02;Critico: Fadiga com desvio cinematico;Critico;Critico;0.39378328174352645;0.39378328174352645;R2_STABLE_RISK;29;50;22;0;32;3;0;0.05000000819563866;0.1025506854057312;0.12067409604787827;96;4
N01;N01;Normal: Viagem tranquila em rodovia;Normal;Normal;0.050000007078051564;0.050000007078051564;R3_FALSE_KIN;-1;-1;0;0;-1;-1;0;0.05000000819563866;0.037964433431625366;0.10363660007715225;96;4
C03;C03;Critico: Celular sem cinto sob chuva;Critico;Critico;0.608172246813774;0.608172246813774;R1_NORMAL;26;41;16;0;28;2;1;0.1985982209444046;0.1889757364988327;0.23334865272045135;96;4
N02;N02;Normal: Urbano moderado;Normal;Normal;0.050000007078051564;0.050000007078051564;R1_NORMAL;-1;-1;0;0;-1;-1;0;0.05000000819563866;0.029389947652816772;0.10602027177810669;96;4
C04;C04;Critico: Multiplas distracoes urbanas;Critico;Critico;0.5750571846961975;0.5750571846961975;R1_NORMAL;22;45;24;0;24;2;1;0.2504429221153259;0.2048950046300888;0.18892328441143036;96;4
N02;N02;Normal: Urbano moderado;Normal;Normal;0.050000007078051564;0.050000007078051564;R1_NORMAL;-1;-1;0;0;-1;-1;0;0.05000000819563866;0.03491708263754845;0.09918776899576187;96;4
N02;N02;Normal: Urbano moderado;Normal;Normal;0.050000007078051564;0.050000007078051564;R1_NORMAL;-1;-1;0;0;-1;-1;0;0.05000000819563866;0.02625739574432373;0.08814040571451187;96;4
C03;C03;Critico: Celular sem cinto sob chuva;Critico;Critico;0.3752959698438644;0.3752959698438644;R2_STABLE_RISK;26;41;16;0;28;2;0;0.05000000819563866;0.1851457953453064;0.10797188431024551;96;4
C07;C07;Critico progressivo: Sem cinto sob chuva;Critico;Critico;0.40343801230192183;0.40343801230192183;R2_STABLE_RISK;37;75;39;1;59;22;0;0.05000000819563866;0.3704618513584137;0.11913949251174927;96;4
C07;C07;Critico progressivo: Sem cinto sob chuva;Critico;Critico;0.41566684991121294;0.41566684991121294;R3_FALSE_KIN;37;75;39;1;57;20;0;0.05000000819563866;0.3811574876308441;0.13299992680549622;96;4
C08;C08;Critico progressivo: Distracao urbana multietapas;Critico;Critico;0.42887525260448456;0.42887525260448456;R3_FALSE_KIN;28;77;50;1;50;22;0;0.05000000819563866;0.32312482595443726;0.145460844039917;96;4
N03;N03;Normal: Noite estável;Normal;Normal;0.050000007078051564;0.050000007078051564;R1_NORMAL;-1;-1;0;0;-1;-1;0;0.05000000819563866;0.03112640045583248;0.060352589935064316;96;4
C06;C06;Critico progressivo: Fadiga noturna;Critico;Critico;0.5003398984670638;0.5003398984670638;R1_NORMAL;36;81;46;1;60;24;1;0.36082425713539124;0.15791171789169312;0.09883302450180054;96;4
C10;C10;Critico progressivo: Grooming em rodovia com fadiga;Critico;Critico;0.37503926306962965;0.37503926306962965;R1_NORMAL;40;81;42;1;64;24;0;0.05000000819563866;0.20376567542552948;0.12265113741159439;96;4
C09;C09;Critico progressivo: Bebida ao volante;Critico;Critico;0.5003779083490372;0.5003779083490372;R2_STABLE_RISK;38;73;36;1;54;16;1;0.2790919244289398;0.26238110661506653;0.1878240555524826;96;4
C01;C01;Critico: Celular em alta velocidade;Critico;Critico;0.29102678298950196;0.29102678298950196;R2_STABLE_RISK;32;44;13;0;34;2;0;0.05000000819563866;0.1595696061849594;0.15934433043003082;96;4
N02;N02;Normal: Urbano moderado;Normal;Normal;0.050000007078051564;0.050000007078051564;R3_FALSE_KIN;-1;-1;0;0;-1;-1;0;0.05000000819563866;0.03662671521306038;0.10557124763727188;96;4
N01;N01;Normal: Viagem tranquila em rodovia;Normal;Normal;0.050000007078051564;0.050000007078051564;R2_STABLE_RISK;-1;-1;0;0;-1;-1;0;0.05000000819563866;0.02805132232606411;0.08761782199144363;96;4
C09;C09;Critico progressivo: Bebida ao volante;Critico;Critico;0.3748313426971436;0.3748313426971436;R1_NORMAL;38;73;36;1;60;22;0;0.05000000819563866;0.24568678438663483;0.14640220999717712;96;4
C08;C08;Critico progressivo: Distracao urbana multietapas;Critico;Critico;0.4386241793632507;0.4386241793632507;R3_FALSE_KIN;28;77;50;1;52;24;0;0.05000000819563866;0.3125017583370209;0.14168564975261688;96;4
C09;C09;Critico progressivo: Bebida ao volante;Critico;Critico;0.47143524587154384;0.47143524587154384;R2_STABLE_RISK;38;73;36;1;58;20;1;0.295682817697525;0.243559792637825;0.1865340620279312;96;4
N03;N03;Normal: Noite estável;Normal;Normal;0.050000007078051564;0.050000007078051564;R2_STABLE_RISK;-1;-1;0;0;-1;-1;0;0.05000000819563866;0.037801872938871384;0.07261288166046143;96;4
C03;C03;Critico: Celular sem cinto sob chuva;Critico;Critico;0.3752959698438644;0.3752959698438644;R1_NORMAL;26;41;16;0;28;2;0;0.05000000819563866;0.18529057502746582;0.1265847086906433;96;4
C07;C07;Critico progressivo: Sem cinto sob chuva;Critico;Critico;0.48584041893482205;0.48584041893482205;R2_STABLE_RISK;37;75;39;1;57;20;1;0.3055136501789093;0.3806483745574951;0.14041507244110107;96;4
C10;C10;Critico progressivo: Grooming em rodovia com fadiga;Critico;Critico;0.39690515249967573;0.39690515249967573;R2_STABLE_RISK;40;81;42;1;63;23;0;0.05000000819563866;0.20811396837234497;0.12007854133844376;96;4
C10;C10;Critico progressivo: Grooming em rodovia com fadiga;Critico;Critico;0.40627849847078323;0.40627849847078323;R2_STABLE_RISK;40;81;42;1;59;19;0;0.05000000819563866;0.20369853079319;0.13836655020713806;96;4
C01;C01;Critico: Celular em alta velocidade;Critico;Critico;0.5173606723546982;0.5173606723546982;R2_STABLE_RISK;32;44;13;0;34;2;1;0.18264269828796387;0.14874166250228882;0.14643028378486633;96;4
C02;C02;Critico: Fadiga com desvio cinematico;Critico;Critico;0.39378328174352645;0.39378328174352645;R2_STABLE_RISK;29;50;22;0;32;3;0;0.05000000819563866;0.0944899320602417;0.09586960822343826;96;4
N01;N01;Normal: Viagem tranquila em rodovia;Normal;Normal;0.050000007078051564;0.050000007078051564;R1_NORMAL;-1;-1;0;0;-1;-1;0;0.05000000819563866;0.0366385392844677;0.11050643771886826;96;4
C05;C05;Critico progressivo: Celular em rodovia;Critico;Critico;0.36052515804767604;0.36052515804767604;R2_STABLE_RISK;42;73;32;1;61;19;0;0.05000000819563866;0.31126657128334045;0.10472974926233292;96;4
C03;C03;Critico: Celular sem cinto sob chuva;Critico;Critico;0.3752959698438644;0.3752959698438644;R2_STABLE_RISK;26;41;16;0;28;2;0;0.05000000819563866;0.1850205808877945;0.14908482134342194;96;4
C02;C02;Critico: Fadiga com desvio cinematico;Critico;Critico;0.39378328174352645;0.39378328174352645;R2_STABLE_RISK;29;50;22;0;32;3;0;0.05000000819563866;0.10222675651311874;0.1399727463722229;96;4
N03;N03;Normal: Noite estável;Normal;Normal;0.050000007078051564;0.050000007078051564;R1_NORMAL;-1;-1;0;0;-1;-1;0;0.05000000819563866;0.03546427562832832;0.10969603061676025;96;4
C05;C05;Critico progressivo: Celular em rodovia;Critico;Critico;0.45493306219577784;0.45493306219577784;R2_STABLE_RISK;42;73;32;1;60;18;1;0.285978764295578;0.3161397874355316;0.14464165270328522;96;4
C06;C06;Critico progressivo: Fadiga noturna;Critico;Critico;0.4528270065784454;0.4528270065784454;R1_NORMAL;36;81;46;1;60;24;0;0.05000000819563866;0.16013525426387787;0.11013537645339966;96;4
C05;C05;Critico progressivo: Celular em rodovia;Critico;Critico;0.3718922421336174;0.3718922421336174;R1_NORMAL;42;73;32;1;57;15;0;0.05000000819563866;0.31467241048812866;0.1253463625907898;96;4
C02;C02;Critico: Fadiga com desvio cinematico;Critico;Critico;0.39378328174352645;0.39378328174352645;R2_STABLE_RISK;29;50;22;0;32;3;0;0.05000000819563866;0.09449543803930283;0.15601348876953125;96;4
C07;C07;Critico progressivo: Sem cinto sob chuva;Critico;Critico;0.4339805200695991;0.4339805200695991;R3_FALSE_KIN;37;75;39;1;50;13;0;0.05000000819563866;0.38698509335517883;0.1690836101770401;96;4
N02;N02;Normal: Urbano moderado;Normal;Normal;0.050000007078051564;0.050000007078051564;R3_FALSE_KIN;-1;-1;0;0;-1;-1;0;0.05000000819563866;0.03467903658747673;0.10195309668779373;96;4
C08;C08;Critico progressivo: Distracao urbana multietapas;Critico;Critico;0.4444608807563782;0.4444608807563782;R2_STABLE_RISK;28;77;50;1;57;29;0;0.05000000819563866;0.30965548753738403;0.16414885222911835;96;4
C10;C10;Critico progressivo: Grooming em rodovia com fadiga;Critico;Critico;0.3943975672125816;0.3943975672125816;R3_FALSE_KIN;40;81;42;1;63;23;0;0.05000000819563866;0.1962905377149582;0.13220682740211487;96;4
N03;N03;Normal: Noite estável;Normal;Normal;0.050000007078051564;0.050000007078051564;R1_NORMAL;-1;-1;0;0;-1;-1;0;0.05000000819563866;0.030842559412121773;0.08417022228240967;96;4
N01;N01;Normal: Viagem tranquila em rodovia;Normal;Normal;0.050000007078051564;0.050000007078051564;R1_NORMAL;-1;-1;0;0;-1;-1;0;0.05000000819563866;0.030173683539032936;0.09739846736192703;96;4
C01;C01;Critico: Celular em alta velocidade;Critico;Critico;0.29102678298950196;0.29102678298950196;R3_FALSE_KIN;32;44;13;0;34;2;0;0.05000000819563866;0.15494945645332336;0.14304228127002716;96;4
C06;C06;Critico progressivo: Fadiga noturna;Critico;Critico;0.4106671348214149;0.4106671348214149;R2_STABLE_RISK;36;81;46;1;63;27;0;0.05000000819563866;0.15856197476387024;0.10134156793355942;96;4
C09;C09;Critico progressivo: Bebida ao volante;Critico;Critico;0.4133294105529785;0.4133294105529785;R2_STABLE_RISK;38;73;36;1;60;22;0;0.05000000819563866;0.2487468272447586;0.1710575819015503;96;4
C03;C03;Critico: Celular sem cinto sob chuva;Critico;Critico;0.3752959698438644;0.3752959698438644;R1_NORMAL;26;41;16;0;28;2;0;0.05000000819563866;0.1871355175971985;0.13601566851139069;96;4
N03;N03;Normal: Noite estável;Normal;Normal;0.050000007078051564;0.050000007078051564;R1_NORMAL;-1;-1;0;0;-1;-1;0;0.05000000819563866;0.03637038916349411;0.10400444269180298;96;4
C06;C06;Critico progressivo: Fadiga noturna;Critico;Critico;0.466188982129097;0.466188982129097;R1_NORMAL;36;81;46;1;60;24;1;0.335610955953598;0.1608363538980484;0.1278839260339737;96;4
C07;C07;Critico progressivo: Sem cinto sob chuva;Critico;Critico;0.41208468228578565;0.41208468228578565;R1_NORMAL;37;75;39;1;59;22;0;0.05000000819563866;0.37618008255958557;0.12151046842336655;96;4
C10;C10;Critico progressivo: Grooming em rodovia com fadiga;Critico;Critico;0.3890314996242523;0.3890314996242523;R2_STABLE_RISK;40;81;42;1;63;23;0;0.05000000819563866;0.19671742618083954;0.1129821315407753;96;4
N02;N02;Normal: Urbano moderado;Normal;Normal;0.050000007078051564;0.050000007078051564;R1_NORMAL;-1;-1;0;0;-1;-1;0;0.05000000819563866;0.024215491488575935;0.11349087208509445;96;4
C08;C08;Critico progressivo: Distracao urbana multietapas;Critico;Critico;0.4955782324075698;0.4955782324075698;R1_NORMAL;28;77;50;1;50;22;1;0.2563905119895935;0.31490135192871094;0.12240640074014664;96;4
C08;C08;Critico progressivo: Distracao urbana multietapas;Critico;Critico;0.47186319231986995;0.47186319231986995;R1_NORMAL;28;77;50;1;47;19;0;0.05000000819563866;0.3242041766643524;0.12553119659423828;96;4
C01;C01;Critico: Celular em alta velocidade;Critico;Critico;0.5248672574758529;0.5248672574758529;R3_FALSE_KIN;32;44;13;0;34;2;1;0.2124859094619751;0.15701644122600555;0.18180795013904572;96;4
N01;N01;Normal: Viagem tranquila em rodovia;Normal;Normal;0.050000007078051564;0.050000007078051564;R1_NORMAL;-1;-1;0;0;-1;-1;0;0.05000000819563866;0.03067459724843502;0.08062193542718887;96;4
N03;N03;Normal: Noite estável;Normal;Normal;0.050000007078051564;0.050000007078051564;R2_STABLE_RISK;-1;-1;0;0;-1;-1;0;0.05000000819563866;0.031355444341897964;0.11983826756477356;96;4
C04;C04;Critico: Multiplas distracoes urbanas;Critico;Critico;0.3713889718055725;0.3713889718055725;R3_FALSE_KIN;22;45;24;0;24;2;0;0.05000000819563866;0.19904696941375732;0.14002156257629395;96;4
C02;C02;Critico: Fadiga com desvio cinematico;Critico;Critico;0.39378328174352645;0.39378328174352645;R2_STABLE_RISK;29;50;22;0;32;3;0;0.05000000819563866;0.09925118833780289;0.10176599770784378;96;4
C08;C08;Critico progressivo: Distracao urbana multietapas;Critico;Critico;0.471590718626976;0.471590718626976;R2_STABLE_RISK;28;77;50;1;48;20;0;0.05000000819563866;0.3155335485935211;0.15978048741817474;96;4
C06;C06;Critico progressivo: Fadiga noturna;Critico;Critico;0.4139751613140106;0.4139751613140106;R3_FALSE_KIN;36;81;46;1;60;24;0;0.05000000819563866;0.15387646853923798;0.11908446997404099;96;4
N01;N01;Normal: Viagem tranquila em rodovia;Normal;Normal;0.050000007078051564;0.050000007078051564;R1_NORMAL;-1;-1;0;0;-1;-1;0;0.05000000819563866;0.03361792489886284;0.09408366680145264;96;4
C10;C10;Critico progressivo: Grooming em rodovia com fadiga;Critico;Critico;0.43739597946405406;0.43739597946405406;R2_STABLE_RISK;40;81;42;1;61;21;0;0.05000000819563866;0.20393234491348267;0.11739207059144974;96;4
C08;C08;Critico progressivo: Distracao urbana multietapas;Critico;Critico;0.44958504587411874;0.44958504587411874;R2_STABLE_RISK;28;77;50;1;58;30;0;0.05000000819563866;0.3137234151363373;0.1466473788022995;96;4
C08;C08;Critico progressivo: Distracao urbana multietapas;Critico;Critico;0.43399349749088284;0.43399349749088284;R1_NORMAL;28;77;50;1;54;26;0;0.05000000819563866;0.3145844042301178;0.14139701426029205;96;4
C05;C05;Critico progressivo: Celular em rodovia;Critico;Critico;0.38806261271238324;0.38806261271238324;R3_FALSE_KIN;42;73;32;1;60;18;0;0.05000000819563866;0.30929264426231384;0.12773792445659637;96;4
C02;C02;Critico: Fadiga com desvio cinematico;Critico;Critico;0.39378328174352645;0.39378328174352645;R1_NORMAL;29;50;22;0;32;3;0;0.05000000819563866;0.08836304396390915;0.1330394297838211;96;4
C03;C03;Critico: Celular sem cinto sob chuva;Critico;Critico;0.3752959698438644;0.3752959698438644;R2_STABLE_RISK;26;41;16;0;28;2;0;0.05000000819563866;0.184178426861763;0.15229551494121552;96;4
C08;C08;Critico progressivo: Distracao urbana multietapas;Critico;Critico;0.4302622646093368;0.4302622646093368;R1_NORMAL;28;77;50;1;51;23;0;0.05000000819563866;0.32248353958129883;0.11891645938158035;96;4
C05;C05;Critico progressivo: Celular em rodovia;Critico;Critico;0.4629090994596481;0.4629090994596481;R1_NORMAL;42;73;32;1;56;14;1;0.2828538715839386;0.31675592064857483;0.13592304289340973;96;4
N02;N02;Normal: Urbano moderado;Normal;Normal;0.050000007078051564;0.050000007078051564;R3_FALSE_KIN;-1;-1;0;0;-1;-1;0;0.05000000819563866;0.03666573762893677;0.0823393389582634;96;4
C06;C06;Critico progressivo: Fadiga noturna;Critico;Critico;0.4594534426927567;0.4594534426927567;R1_NORMAL;36;81;46;1;58;22;1;0.35160088539123535;0.15860949456691742;0.1268904060125351;96;4
N03;N03;Normal: Noite estável;Normal;Normal;0.050000007078051564;0.050000007078051564;R1_NORMAL;-1;-1;0;0;-1;-1;0;0.05000000819563866;0.02551850490272045;0.09210073947906494;96;4
N02;N02;Normal: Urbano moderado;Normal;Normal;0.050000007078051564;0.050000007078051564;R3_FALSE_KIN;-1;-1;0;0;-1;-1;0;0.05000000819563866;0.02959660440683365;0.15087638795375824;96;4
N03;N03;Normal: Noite estável;Normal;Normal;0.050000007078051564;0.050000007078051564;R1_NORMAL;-1;-1;0;0;-1;-1;0;0.05000000819563866;0.03158700466156006;0.10514935851097107;96;4
C06;C06;Critico progressivo: Fadiga noturna;Critico;Critico;0.41811504811048505;0.41811504811048505;R2_STABLE_RISK;36;81;46;1;59;23;0;0.05000000819563866;0.15885882079601288;0.14359521865844727;96;4
C02;C02;Critico: Fadiga com desvio cinematico;Critico;Critico;0.39378328174352645;0.39378328174352645;R3_FALSE_KIN;29;50;22;0;32;3;0;0.05000000819563866;0.10298460721969604;0.14334236085414886;96;4
C06;C06;Critico progressivo: Fadiga noturna;Critico;Critico;0.4187266394495964;0.4187266394495964;R2_STABLE_RISK;36;81;46;1;59;23;0;0.05000000819563866;0.15408068895339966;0.099033884704113;96;4
N02;N02;Normal: Urbano moderado;Normal;Normal;0.050000007078051564;0.050000007078051564;R3_FALSE_KIN;-1;-1;0;0;-1;-1;0;0.05000000819563866;0.02399270236492157;0.07169708609580994;96;4
C05;C05;Critico progressivo: Celular em rodovia;Critico;Critico;0.3633166030049324;0.3633166030049324;R2_STABLE_RISK;42;73;32;1;60;18;0;0.05000000819563866;0.31070348620414734;0.1129794493317604;96;4
C03;C03;Critico: Celular sem cinto sob chuva;Critico;Critico;0.3752959698438644;0.3752959698438644;R1_NORMAL;26;41;16;0;28;2;0;0.05000000819563866;0.1858745962381363;0.16074338555335999;96;4
C06;C06;Critico progressivo: Fadiga noturna;Critico;Critico;0.4295383036136627;0.4295383036136627;R1_NORMAL;36;81;46;1;60;24;0;0.05000000819563866;0.15521664917469025;0.14761213958263397;96;4
C08;C08;Critico progressivo: Distracao urbana multietapas;Critico;Critico;0.41870895773172373;0.41870895773172373;R2_STABLE_RISK;28;77;50;1;58;30;0;0.05000000819563866;0.3072974979877472;0.1259995698928833;96;4
C04;C04;Critico: Multiplas distracoes urbanas;Critico;Critico;0.5689668089151383;0.5689668089151383;R2_STABLE_RISK;22;45;24;0;24;2;1;0.2323606014251709;0.2040029615163803;0.1630391925573349;96;4
C09;C09;Critico progressivo: Bebida ao volante;Critico;Critico;0.3891787365078926;0.3891787365078926;R2_STABLE_RISK;38;73;36;1;60;22;0;0.05000000819563866;0.2493443638086319;0.1307610124349594;96;4
C05;C05;Critico progressivo: Celular em rodovia;Critico;Critico;0.3737449273467064;0.3737449273467064;R2_STABLE_RISK;42;73;32;1;59;17;0;0.05000000819563866;0.31175172328948975;0.16277310252189636;96;4
C08;C08;Critico progressivo: Distracao urbana multietapas;Critico;Critico;0.45646159648895257;0.45646159648895257;R3_FALSE_KIN;28;77;50;1;53;25;0;0.05000000819563866;0.31832659244537354;0.15528276562690735;96;4
C07;C07;Critico progressivo: Sem cinto sob chuva;Critico;Critico;0.38953104615211487;0.38953104615211487;R3_FALSE_KIN;37;75;39;1;61;24;0;0.05000000819563866;0.3771395683288574;0.13122989237308502;96;4
N01;N01;Normal: Viagem tranquila em rodovia;Normal;Normal;0.050000007078051564;0.050000007078051564;R2_STABLE_RISK;-1;-1;0;0;-1;-1;0;0.05000000819563866;0.029564261436462402;0.13894598186016083;96;4
C10;C10;Critico progressivo: Grooming em rodovia com fadiga;Critico;Critico;0.4180075168609619;0.4180075168609619;R2_STABLE_RISK;40;81;42;1;66;26;0;0.05000000819563866;0.19807612895965576;0.11018931120634079;96;4
C08;C08;Critico progressivo: Distracao urbana multietapas;Critico;Critico;0.426604051887989;0.426604051887989;R3_FALSE_KIN;28;77;50;1;57;29;0;0.05000000819563866;0.3166219890117645;0.13830222189426422;96;4
C01;C01;Critico: Celular em alta velocidade;Critico;Critico;0.29102678298950196;0.29102678298950196;R2_STABLE_RISK;32;44;13;0;34;2;0;0.05000000819563866;0.15675176680088043;0.13711954653263092;96;4
C05;C05;Critico progressivo: Celular em rodovia;Critico;Critico;0.3808857128024101;0.3808857128024101;R1_NORMAL;42;73;32;1;59;17;0;0.05000000819563866;0.31827613711357117;0.1627415120601654;96;4
C10;C10;Critico progressivo: Grooming em rodovia com fadiga;Critico;Critico;0.4270370796322822;0.4270370796322822;R2_STABLE_RISK;40;81;42;1;62;22;0;0.05000000819563866;0.20196174085140228;0.11360136419534683;96;4
C09;C09;Critico progressivo: Bebida ao volante;Critico;Critico;0.40250173956155777;0.40250173956155777;R3_FALSE_KIN;38;73;36;1;61;23;0;0.05000000819563866;0.24947762489318848;0.140760138630867;96;4
C04;C04;Critico: Multiplas distracoes urbanas;Critico;Critico;0.3713889718055725;0.3713889718055725;R3_FALSE_KIN;22;45;24;0;24;2;0;0.05000000819563866;0.20565877854824066;0.11226972192525864;96;4
C07;C07;Critico progressivo: Sem cinto sob chuva;Critico;Critico;0.4220018804073334;0.4220018804073334;R2_STABLE_RISK;37;75;39;1;58;21;0;0.05000000819563866;0.38128551840782166;0.1559443473815918;96;4
C07;C07;Critico progressivo: Sem cinto sob chuva;Critico;Critico;0.40703502744436265;0.40703502744436265;R2_STABLE_RISK;37;75;39;1;61;24;0;0.05000000819563866;0.3759636878967285;0.12736813724040985;96;4
N02;N02;Normal: Urbano moderado;Normal;Normal;0.050000007078051564;0.050000007078051564;R3_FALSE_KIN;-1;-1;0;0;-1;-1;0;0.05000000819563866;0.031134242191910744;0.11965065449476242;96;4
C02;C02;Critico: Fadiga com desvio cinematico;Critico;Critico;0.39378328174352645;0.39378328174352645;R2_STABLE_RISK;29;50;22;0;32;3;0;0.05000000819563866;0.09499788284301758;0.09158816933631897;96;4
C01;C01;Critico: Celular em alta velocidade;Critico;Critico;0.5239752501249313;0.5239752501249313;R3_FALSE_KIN;32;44;13;0;34;2;1;0.2102273553609848;0.15886545181274414;0.17953157424926758;96;4
C02;C02;Critico: Fadiga com desvio cinematico;Critico;Critico;0.5901913315057754;0.5901913315057754;R1_NORMAL;29;50;22;0;32;3;1;0.22527022659778595;0.0958159863948822;0.14526265859603882;96;4
N01;N01;Normal: Viagem tranquila em rodovia;Normal;Normal;0.050000007078051564;0.050000007078051564;R3_FALSE_KIN;-1;-1;0;0;-1;-1;0;0.05000000819563866;0.03234585374593735;0.10658029466867447;96;4
N02;N02;Normal: Urbano moderado;Normal;Normal;0.050000007078051564;0.050000007078051564;R2_STABLE_RISK;-1;-1;0;0;-1;-1;0;0.05000000819563866;0.032173093408346176;0.13320603966712952;96;4
C03;C03;Critico: Celular sem cinto sob chuva;Critico;Critico;0.3752959698438644;0.3752959698438644;R1_NORMAL;26;41;16;0;28;2;0;0.05000000819563866;0.18605661392211914;0.14204685389995575;96;4
C07;C07;Critico progressivo: Sem cinto sob chuva;Critico;Critico;0.3976599618792534;0.3976599618792534;R2_STABLE_RISK;37;75;39;1;58;21;0;0.05000000819563866;0.37729737162590027;0.1594279259443283;96;4
N01;N01;Normal: Viagem tranquila em rodovia;Normal;Normal;0.050000007078051564;0.050000007078051564;R1_NORMAL;-1;-1;0;0;-1;-1;0;0.05000000819563866;0.03746665641665459;0.09426905959844589;96;4
C08;C08;Critico progressivo: Distracao urbana multietapas;Critico;Critico;0.43781954199075696;0.43781954199075696;R1_NORMAL;28;77;50;1;55;27;0;0.05000000819563866;0.3132840692996979;0.17278210818767548;96;4
C08;C08;Critico progressivo: Distracao urbana multietapas;Critico;Critico;0.43072475194931026;0.43072475194931026;R3_FALSE_KIN;28;77;50;1;52;24;0;0.05000000819563866;0.3309074342250824;0.18244878947734833;96;4
C09;C09;Critico progressivo: Bebida ao volante;Critico;Critico;0.4913577824831009;0.4913577824831009;R2_STABLE_RISK;38;73;36;1;56;18;1;0.27584007382392883;0.24786408245563507;0.152663454413414;96;4
C01;C01;Critico: Celular em alta velocidade;Critico;Critico;0.29102678298950196;0.29102678298950196;R2_STABLE_RISK;32;44;13;0;34;2;0;0.05000000819563866;0.1465141326189041;0.1572408229112625;96;4
C02;C02;Critico: Fadiga com desvio cinematico;Critico;Critico;0.39378328174352645;0.39378328174352645;R1_NORMAL;29;50;22;0;32;3;0;0.05000000819563866;0.09145954996347427;0.12624697387218475;96;4
C03;C03;Critico: Celular sem cinto sob chuva;Critico;Critico;0.3752959698438644;0.3752959698438644;R3_FALSE_KIN;26;41;16;0;28;2;0;0.05000000819563866;0.1850544661283493;0.12483081221580505;96;4
C04;C04;Critico: Multiplas distracoes urbanas;Critico;Critico;0.5718424052000046;0.5718424052000046;R1_NORMAL;22;45;24;0;24;2;1;0.26035621762275696;0.20827741920948029;0.20324678719043732;96;4
C05;C05;Critico progressivo: Celular em rodovia;Critico;Critico;0.47427987456321713;0.47427987456321713;R2_STABLE_RISK;42;73;32;1;60;18;1;0.2553708255290985;0.3189220130443573;0.14953409135341644;96;4
C05;C05;Critico progressivo: Celular em rodovia;Critico;Critico;0.4841386526823044;0.4841386526823044;R1_NORMAL;42;73;32;1;57;15;1;0.29023921489715576;0.3141402304172516;0.15818916261196136;96;4
N03;N03;Normal: Noite estável;Normal;Normal;0.050000007078051564;0.050000007078051564;R2_STABLE_RISK;-1;-1;0;0;-1;-1;0;0.05000000819563866;0.035888735204935074;0.14413462579250336;96;4
C01;C01;Critico: Celular em alta velocidade;Critico;Critico;0.29102678298950196;0.29102678298950196;R1_NORMAL;32;44;13;0;34;2;0;0.05000000819563866;0.1512085646390915;0.09724036604166031;96;4
N02;N02;Normal: Urbano moderado;Normal;Normal;0.050000007078051564;0.050000007078051564;R3_FALSE_KIN;-1;-1;0;0;-1;-1;0;0.05000000819563866;0.024603677913546562;0.08604998141527176;96;4
C04;C04;Critico: Multiplas distracoes urbanas;Critico;Critico;0.3713889718055725;0.3713889718055725;R2_STABLE_RISK;22;45;24;0;24;2;0;0.05000000819563866;0.19670353829860687;0.14696265757083893;96;4
C02;C02;Critico: Fadiga com desvio cinematico;Critico;Critico;0.39378328174352645;0.39378328174352645;R2_STABLE_RISK;29;50;22;0;32;3;0;0.05000000819563866;0.09828251600265503;0.11113258451223373;96;4
C05;C05;Critico progressivo: Celular em rodovia;Critico;Critico;0.4592522531747818;0.4592522531747818;R1_NORMAL;42;73;32;1;61;19;1;0.2598337233066559;0.312508761882782;0.18720394372940063;96;4
N03;N03;Normal: Noite estável;Normal;Normal;0.050000007078051564;0.050000007078051564;R2_STABLE_RISK;-1;-1;0;0;-1;-1;0;0.05000000819563866;0.03381793200969696;0.10293472558259964;96;4
C04;C04;Critico: Multiplas distracoes urbanas;Critico;Critico;0.3713889718055725;0.3713889718055725;R2_STABLE_RISK;22;45;24;0;24;2;0;0.05000000819563866;0.20260898768901825;0.1579986959695816;96;4
C07;C07;Critico progressivo: Sem cinto sob chuva;Critico;Critico;0.43696621507406236;0.43696621507406236;R2_STABLE_RISK;37;75;39;1;55;18;0;0.05000000819563866;0.3826362192630768;0.1426197737455368;96;4
C10;C10;Critico progressivo: Grooming em rodovia com fadiga;Critico;Critico;0.4412118464708328;0.4412118464708328;R3_FALSE_KIN;40;81;42;1;64;24;1;0.3584674596786499;0.19547002017498016;0.09054571390151978;96;4
N01;N01;Normal: Viagem tranquila em rodovia;Normal;Normal;0.050000007078051564;0.050000007078051564;R3_FALSE_KIN;-1;-1;0;0;-1;-1;0;0.05000000819563866;0.03173844888806343;0.08067812025547028;96;4
N03;N03;Normal: Noite estável;Normal;Normal;0.050000007078051564;0.050000007078051564;R3_FALSE_KIN;-1;-1;0;0;-1;-1;0;0.05000000819563866;0.029621116816997528;0.11740273237228394;96;4
C07;C07;Critico progressivo: Sem cinto sob chuva;Critico;Critico;0.3935543850064277;0.3935543850064277;R3_FALSE_KIN;37;75;39;1;61;24;0;0.05000000819563866;0.36830219626426697;0.16978013515472412;96;4
C02;C02;Critico: Fadiga com desvio cinematico;Critico;Critico;0.39378328174352645;0.39378328174352645;R2_STABLE_RISK;29;50;22;0;32;3;0;0.05000000819563866;0.0948769673705101;0.13614918291568756;96;4
C06;C06;Critico progressivo: Fadiga noturna;Critico;Critico;0.43609221726655956;0.43609221726655956;R1_NORMAL;36;81;46;1;57;21;0;0.05000000819563866;0.16058914363384247;0.1411987990140915;96;4
C05;C05;Critico progressivo: Celular em rodovia;Critico;Critico;0.36454198509454727;0.36454198509454727;R2_STABLE_RISK;42;73;32;1;60;18;0;0.05000000819563866;0.3091049790382385;0.15448342263698578;96;4
N01;N01;Normal: Viagem tranquila em rodovia;Normal;Normal;0.050000007078051564;0.050000007078051564;R3_FALSE_KIN;-1;-1;0;0;-1;-1;0;0.05000000819563866;0.03779266029596329;0.10870111733675003;96;4
C09;C09;Critico progressivo: Bebida ao volante;Critico;Critico;0.3827721178531647;0.3827721178531647;R1_NORMAL;38;73;36;1;58;20;0;0.05000000819563866;0.24505694210529327;0.17302973568439484;96;4
C04;C04;Critico: Multiplas distracoes urbanas;Critico;Critico;0.5711883872747421;0.5711883872747421;R3_FALSE_KIN;22;45;24;0;24;2;1;0.26794537901878357;0.20612888038158417;0.17280185222625732;96;4
C08;C08;Critico progressivo: Distracao urbana multietapas;Critico;Critico;0.5094128042459487;0.5094128042459487;R1_NORMAL;28;77;50;1;49;21;1;0.31203493475914;0.31875619292259216;0.16260136663913727;96;4
C06;C06;Critico progressivo: Fadiga noturna;Critico;Critico;0.4281728163361549;0.4281728163361549;R2_STABLE_RISK;36;81;46;1;63;27;0;0.05000000819563866;0.1577342301607132;0.09716641157865524;96;4
N01;N01;Normal: Viagem tranquila em rodovia;Normal;Normal;0.050000007078051564;0.050000007078051564;R2_STABLE_RISK;-1;-1;0;0;-1;-1;0;0.05000000819563866;0.035649415105581284;0.11055096238851547;96;4
C04;C04;Critico: Multiplas distracoes urbanas;Critico;Critico;0.3713889718055725;0.3713889718055725;R2_STABLE_RISK;22;45;24;0;24;2;0;0.05000000819563866;0.20440717041492462;0.15516424179077148;96;4
C07;C07;Critico progressivo: Sem cinto sob chuva;Critico;Critico;0.48527208268642424;0.48527208268642424;R2_STABLE_RISK;37;75;39;1;61;24;1;0.257384330034256;0.37194743752479553;0.16522033512592316;96;4
C05;C05;Critico progressivo: Celular em rodovia;Critico;Critico;0.45334235727787014;0.45334235727787014;R1_NORMAL;42;73;32;1;60;18;1;0.2560122609138489;0.31834617257118225;0.1692337542772293;96;4
C10;C10;Critico progressivo: Grooming em rodovia com fadiga;Critico;Critico;0.41918039321899414;0.41918039321899414;R1_NORMAL;40;81;42;1;66;26;0;0.05000000819563866;0.19492602348327637;0.156218484044075;96;4
C04;C04;Critico: Multiplas distracoes urbanas;Critico;Critico;0.3713889718055725;0.3713889718055725;R2_STABLE_RISK;22;45;24;0;24;2;0;0.05000000819563866;0.20206953585147858;0.15581421554088593;96;4
N02;N02;Normal: Urbano moderado;Normal;Normal;0.050000007078051564;0.050000007078051564;R1_NORMAL;-1;-1;0;0;-1;-1;0;0.05000000819563866;0.028728080913424492;0.12050042301416397;96;4
C03;C03;Critico: Celular sem cinto sob chuva;Critico;Critico;0.6261896431446075;0.6261896431446075;R1_NORMAL;26;41;16;0;28;2;1;0.2725485861301422;0.1924332231283188;0.17628563940525055;96;4
C03;C03;Critico: Celular sem cinto sob chuva;Critico;Critico;0.6068507939577102;0.6068507939577102;R1_NORMAL;26;41;16;0;28;2;1;0.2516941726207733;0.19029422104358673;0.1742289513349533;96;4
N03;N03;Normal: Noite estável;Normal;Normal;0.050000007078051564;0.050000007078051564;R1_NORMAL;-1;-1;0;0;-1;-1;0;0.05000000819563866;0.034220222383737564;0.10027489811182022;96;4
C06;C06;Critico progressivo: Fadiga noturna;Critico;Critico;0.48659389317035673;0.48659389317035673;R1_NORMAL;36;81;46;1;60;24;1;0.3711897134780884;0.15707968175411224;0.13752536475658417;96;4
C06;C06;Critico progressivo: Fadiga noturna;Critico;Critico;0.4187750890851021;0.4187750890851021;R2_STABLE_RISK;36;81;46;1;56;20;0;0.05000000819563866;0.1512526124715805;0.15972471237182617;96;4
N01;N01;Normal: Viagem tranquila em rodovia;Normal;Normal;0.050000007078051564;0.050000007078051564;R3_FALSE_KIN;-1;-1;0;0;-1;-1;0;0.05000000819563866;0.02785780094563961;0.10277815908193588;96;4
C04;C04;Critico: Multiplas distracoes urbanas;Critico;Critico;0.57740238904953;0.57740238904953;R2_STABLE_RISK;22;45;24;0;24;2;1;0.2619287669658661;0.20651376247406006;0.21732182800769806;96;4
C08;C08;Critico progressivo: Distracao urbana multietapas;Critico;Critico;0.45538781285285945;0.45538781285285945;R2_STABLE_RISK;28;77;50;1;56;28;0;0.05000000819563866;0.3208078145980835;0.17526479065418243;96;4
C02;C02;Critico: Fadiga com desvio cinematico;Critico;Critico;0.5967183768749237;0.5967183768749237;R2_STABLE_RISK;29;50;22;0;32;3;1;0.2522772252559662;0.0913902148604393;0.21312974393367767;96;4
N03;N03;Normal: Noite estável;Normal;Normal;0.050000007078051564;0.050000007078051564;R1_NORMAL;-1;-1;0;0;-1;-1;0;0.05000000819563866;0.03471684828400612;0.07736857980489731;96;4
C07;C07;Critico progressivo: Sem cinto sob chuva;Critico;Critico;0.4874503970146179;0.4874503970146179;R2_STABLE_RISK;37;75;39;1;61;24;1;0.3164544105529785;0.3731105327606201;0.11992710828781128;96;4
C07;C07;Critico progressivo: Sem cinto sob chuva;Critico;Critico;0.40091182142496107;0.40091182142496107;R3_FALSE_KIN;37;75;39;1;58;21;0;0.05000000819563866;0.3692004680633545;0.1128462478518486;96;4
N03;N03;Normal: Noite estável;Normal;Normal;0.050000007078051564;0.050000007078051564;R3_FALSE_KIN;-1;-1;0;0;-1;-1;0;0.05000000819563866;0.02559928596019745;0.09615448862314224;96;4
C01;C01;Critico: Celular em alta velocidade;Critico;Critico;0.29102678298950196;0.29102678298950196;R1_NORMAL;32;44;13;0;34;2;0;0.05000000819563866;0.1596151441335678;0.09243670850992203;96;4
N02;N02;Normal: Urbano moderado;Normal;Normal;0.050000007078051564;0.050000007078051564;R2_STABLE_RISK;-1;-1;0;0;-1;-1;0;0.05000000819563866;0.029126038774847984;0.09277018159627914;96;4
N02;N02;Normal: Urbano moderado;Normal;Normal;0.050000007078051564;0.050000007078051564;R3_FALSE_KIN;-1;-1;0;0;-1;-1;0;0.05000000819563866;0.028797844424843788;0.08359700441360474;96;4
C05;C05;Critico progressivo: Celular em rodovia;Critico;Critico;0.3974062621593475;0.3974062621593475;R3_FALSE_KIN;42;73;32;1;58;16;0;0.05000000819563866;0.3219796121120453;0.14839881658554077;96;4
C03;C03;Critico: Celular sem cinto sob chuva;Critico;Critico;0.3752959698438644;0.3752959698438644;R1_NORMAL;26;41;16;0;28;2;0;0.05000000819563866;0.18292422592639923;0.15216530859470367;96;4
C02;C02;Critico: Fadiga com desvio cinematico;Critico;Critico;0.6063669204711913;0.6063669204711913;R2_STABLE_RISK;29;50;22;0;32;3;1;0.2721935212612152;0.09655038267374039;0.1751999408006668;96;4
N01;N01;Normal: Viagem tranquila em rodovia;Normal;Normal;0.050000007078051564;0.050000007078051564;R1_NORMAL;-1;-1;0;0;-1;-1;0;0.05000000819563866;0.02647748403251171;0.15288837254047394;96;4
C02;C02;Critico: Fadiga com desvio cinematico;Critico;Critico;0.39378328174352645;0.39378328174352645;R1_NORMAL;29;50;22;0;32;3;0;0.05000000819563866;0.09232500195503235;0.15468253195285797;96;4
C04;C04;Critico: Multiplas distracoes urbanas;Critico;Critico;0.5774024367332458;0.5774024367332458;R1_NORMAL;22;45;24;0;24;2;1;0.2650171220302582;0.20620839297771454;0.21060281991958618;96;4
N03;N03;Normal: Noite estável;Normal;Normal;0.050000007078051564;0.050000007078051564;R2_STABLE_RISK;-1;-1;0;0;-1;-1;0;0.05000000819563866;0.027836987748742104;0.10729938745498657;96;4
C02;C02;Critico: Fadiga com desvio cinematico;Critico;Critico;0.6005136877298355;0.6005136877298355;R2_STABLE_RISK;29;50;22;0;32;3;1;0.2492247223854065;0.10688094049692154;0.19246546924114227;96;4
N02;N02;Normal: Urbano moderado;Normal;Normal;0.050000007078051564;0.050000007078051564;R1_NORMAL;-1;-1;0;0;-1;-1;0;0.05000000819563866;0.03265373781323433;0.13629628717899323;96;4
C03;C03;Critico: Celular sem cinto sob chuva;Critico;Critico;0.3752959698438644;0.3752959698438644;R2_STABLE_RISK;26;41;16;0;28;2;0;0.05000000819563866;0.1871059387922287;0.1365029215812683;96;4
C07;C07;Critico progressivo: Sem cinto sob chuva;Critico;Critico;0.3973569154739379;0.3973569154739379;R2_STABLE_RISK;37;75;39;1;57;20;0;0.05000000819563866;0.3828916847705841;0.13636364042758942;96;4
N03;N03;Normal: Noite estável;Normal;Normal;0.050000007078051564;0.050000007078051564;R1_NORMAL;-1;-1;0;0;-1;-1;0;0.05000000819563866;0.03195745125412941;0.08324869722127914;96;4
C03;C03;Critico: Celular sem cinto sob chuva;Critico;Critico;0.6067671090364455;0.6067671090364455;R1_NORMAL;26;41;16;0;28;2;1;0.2448142021894455;0.18880032002925873;0.21031169593334198;96;4
N02;N02;Normal: Urbano moderado;Normal;Normal;0.050000007078051564;0.050000007078051564;R1_NORMAL;-1;-1;0;0;-1;-1;0;0.05000000819563866;0.037406135350465775;0.10260697454214096;96;4
C02;C02;Critico: Fadiga com desvio cinematico;Critico;Critico;0.39378328174352645;0.39378328174352645;R1_NORMAL;29;50;22;0;32;3;0;0.05000000819563866;0.09719055891036987;0.14686526358127594;96;4
C04;C04;Critico: Multiplas distracoes urbanas;Critico;Critico;0.3713889718055725;0.3713889718055725;R2_STABLE_RISK;22;45;24;0;24;2;0;0.05000000819563866;0.19922536611557007;0.1074749007821083;96;4
C04;C04;Critico: Multiplas distracoes urbanas;Critico;Critico;0.5628529697656631;0.5628529697656631;R2_STABLE_RISK;22;45;24;0;24;2;1;0.27104923129081726;0.19991426169872284;0.18963056802749634;96;4
C02;C02;Critico: Fadiga com desvio cinematico;Critico;Critico;0.39378328174352645;0.39378328174352645;R2_STABLE_RISK;29;50;22;0;32;3;0;0.05000000819563866;0.0938919186592102;0.1608072966337204;96;4
C01;C01;Critico: Celular em alta velocidade;Critico;Critico;0.29102678298950196;0.29102678298950196;R1_NORMAL;32;44;13;0;34;2;0;0.05000000819563866;0.15276755392551422;0.1582096666097641;96;4
C02;C02;Critico: Fadiga com desvio cinematico;Critico;Critico;0.39378328174352645;0.39378328174352645;R2_STABLE_RISK;29;50;22;0;32;3;0;0.05000000819563866;0.09259215742349625;0.10089766979217529;96;4
N03;N03;Normal: Noite estável;Normal;Normal;0.050000007078051564;0.050000007078051564;R1_NORMAL;-1;-1;0;0;-1;-1;0;0.05000000819563866;0.029203644022345543;0.07853859663009644;96;4
C04;C04;Critico: Multiplas distracoes urbanas;Critico;Critico;0.3713889718055725;0.3713889718055725;R2_STABLE_RISK;22;45;24;0;24;2;0;0.05000000819563866;0.20795424282550812;0.1265639215707779;96;4
C06;C06;Critico progressivo: Fadiga noturna;Critico;Critico;0.4270694211125374;0.4270694211125374;R3_FALSE_KIN;36;81;46;1;60;24;0;0.05000000819563866;0.15375380218029022;0.12475772947072983;96;4
C07;C07;Critico progressivo: Sem cinto sob chuva;Critico;Critico;0.39574963599443436;0.39574963599443436;R2_STABLE_RISK;37;75;39;1;56;19;0;0.05000000819563866;0.38108858466148376;0.1202346608042717;96;4
C04;C04;Critico: Multiplas distracoes urbanas;Critico;Critico;0.3713889718055725;0.3713889718055725;R3_FALSE_KIN;22;45;24;0;24;2;0;0.05000000819563866;0.20085401833057404;0.16642118990421295;96;4
N03;N03;Normal: Noite estável;Normal;Normal;0.050000007078051564;0.050000007078051564;R1_NORMAL;-1;-1;0;0;-1;-1;0;0.05000000819563866;0.02650921605527401;0.11036510020494461;96;4
C03;C03;Critico: Celular sem cinto sob chuva;Critico;Critico;0.3752959698438644;0.3752959698438644;R3_FALSE_KIN;26;41;16;0;28;2;0;0.05000000819563866;0.18927831947803497;0.12567555904388428;96;4
C10;C10;Critico progressivo: Grooming em rodovia com fadiga;Critico;Critico;0.37033345848321914;0.37033345848321914;R1_NORMAL;40;81;42;1;66;26;0;0.05000000819563866;0.19905519485473633;0.08272919058799744;96;4
C07;C07;Critico progressivo: Sem cinto sob chuva;Critico;Critico;0.39622863382101053;0.39622863382101053;R1_NORMAL;37;75;39;1;58;21;0;0.05000000819563866;0.36745360493659973;0.12601087987422943;96;4
N02;N02;Normal: Urbano moderado;Normal;Normal;0.050000007078051564;0.050000007078051564;R2_STABLE_RISK;-1;-1;0;0;-1;-1;0;0.05000000819563866;0.03012261353433132;0.11150894314050674;96;4
C08;C08;Critico progressivo: Distracao urbana multietapas;Critico;Critico;0.5177795022726059;0.5177795022726059;R1_NORMAL;28;77;50;1;54;26;1;0.25624218583106995;0.32195281982421875;0.13466410338878632;96;4
C08;C08;Critico progressivo: Distracao urbana multietapas;Critico;Critico;0.42795855551958084;0.42795855551958084;R3_FALSE_KIN;28;77;50;1;58;30;0;0.05000000819563866;0.3201725482940674;0.11563926935195923;96;4
C04;C04;Critico: Multiplas distracoes urbanas;Critico;Critico;0.3713889718055725;0.3713889718055725;R1_NORMAL;22;45;24;0;24;2;0;0.05000000819563866;0.20491808652877808;0.12459272146224976;96;4
C05;C05;Critico progressivo: Celular em rodovia;Critico;Critico;0.47927450239658353;0.47927450239658353;R2_STABLE_RISK;42;73;32;1;60;18;1;0.3179371654987335;0.31624940037727356;0.14794038236141205;96;4
C09;C09;Critico progressivo: Bebida ao volante;Critico;Critico;0.37670521885156627;0.37670521885156627;R2_STABLE_RISK;38;73;36;1;61;23;0;0.05000000819563866;0.24412071704864502;0.13819746673107147;96;4
C08;C08;Critico progressivo: Distracao urbana multietapas;Critico;Critico;0.45874324440956116;0.45874324440956116;R2_STABLE_RISK;28;77;50;1;59;31;0;0.05000000819563866;0.31259703636169434;0.17987097799777985;96;4
C09;C09;Critico progressivo: Bebida ao volante;Critico;Critico;0.3988445505499839;0.3988445505499839;R2_STABLE_RISK;38;73;36;1;55;17;0;0.05000000819563866;0.25077614188194275;0.1679743379354477;96;4
C09;C09;Critico progressivo: Bebida ao volante;Critico;Critico;0.481416380405426;0.481416380405426;R1_NORMAL;38;73;36;1;56;18;1;0.2730492353439331;0.265884131193161;0.15186350047588348;96;4
C10;C10;Critico progressivo: Grooming em rodovia com fadiga;Critico;Critico;0.4278434917330741;0.4278434917330741;R1_NORMAL;40;81;42;1;67;27;0;0.05000000819563866;0.19445042312145233;0.11524929851293564;96;4
C01;C01;Critico: Celular em alta velocidade;Critico;Critico;0.5227103501558303;0.5227103501558303;R1_NORMAL;32;44;13;0;34;2;1;0.20816098153591156;0.15218579769134521;0.19236154854297638;96;4
C09;C09;Critico progressivo: Bebida ao volante;Critico;Critico;0.48627359569072726;0.48627359569072726;R2_STABLE_RISK;38;73;36;1;56;18;1;0.2419358640909195;0.24799586832523346;0.17768852412700653;96;4
C06;C06;Critico progressivo: Fadiga noturna;Critico;Critico;0.44301790148019793;0.44301790148019793;R1_NORMAL;36;81;46;1;61;25;0;0.05000000819563866;0.16189713776111603;0.14353521168231964;96;4
N01;N01;Normal: Viagem tranquila em rodovia;Normal;Normal;0.050000007078051564;0.050000007078051564;R3_FALSE_KIN;-1;-1;0;0;-1;-1;0;0.05000000819563866;0.03134121000766754;0.10700968652963638;96;4
C05;C05;Critico progressivo: Celular em rodovia;Critico;Critico;0.3774829670786857;0.3774829670786857;R1_NORMAL;42;73;32;1;58;16;0;0.05000000819563866;0.31257760524749756;0.12162324786186218;96;4
C01;C01;Critico: Celular em alta velocidade;Critico;Critico;0.29102678298950196;0.29102678298950196;R3_FALSE_KIN;32;44;13;0;34;2;0;0.05000000819563866;0.15421517193317413;0.1359788030385971;96;4
N03;N03;Normal: Noite estável;Normal;Normal;0.050000007078051564;0.050000007078051564;R2_STABLE_RISK;-1;-1;0;0;-1;-1;0;0.05000000819563866;0.02841085195541382;0.10661908239126205;96;4
C01;C01;Critico: Celular em alta velocidade;Critico;Critico;0.29102678298950196;0.29102678298950196;R2_STABLE_RISK;32;44;13;0;34;2;0;0.05000000819563866;0.14892590045928955;0.10599122196435928;96;4
N02;N02;Normal: Urbano moderado;Normal;Normal;0.050000007078051564;0.050000007078051564;R1_NORMAL;-1;-1;0;0;-1;-1;0;0.05000000819563866;0.03587549924850464;0.1292828917503357;96;4
N02;N02;Normal: Urbano moderado;Normal;Normal;0.050000007078051564;0.050000007078051564;R2_STABLE_RISK;-1;-1;0;0;-1;-1;0;0.05000000819563866;0.03030911087989807;0.1036979928612709;96;4
C07;C07;Critico progressivo: Sem cinto sob chuva;Critico;Critico;0.40090456157922744;0.40090456157922744;R1_NORMAL;37;75;39;1;58;21;0;0.05000000819563866;0.37663063406944275;0.15841878950595856;96;4
C10;C10;Critico progressivo: Grooming em rodovia com fadiga;Critico;Critico;0.3908012196421623;0.3908012196421623;R3_FALSE_KIN;40;81;42;1;65;25;0;0.05000000819563866;0.19465573132038116;0.1262846738100052;96;4
C06;C06;Critico progressivo: Fadiga noturna;Critico;Critico;0.4632127463817596;0.4632127463817596;R2_STABLE_RISK;36;81;46;1;64;28;1;0.3665247857570648;0.1576332002878189;0.14488719403743744;96;4
C05;C05;Critico progressivo: Celular em rodovia;Critico;Critico;0.3674666345119476;0.3674666345119476;R2_STABLE_RISK;42;73;32;1;59;17;0;0.05000000819563866;0.3122999966144562;0.1428592950105667;96;4
C06;C06;Critico progressivo: Fadiga noturna;Critico;Critico;0.42148407548666;0.42148407548666;R2_STABLE_RISK;36;81;46;1;58;22;0;0.05000000819563866;0.16353560984134674;0.11995822936296463;96;4
C09;C09;Critico progressivo: Bebida ao volante;Critico;Critico;0.39358764737844465;0.39358764737844465;R2_STABLE_RISK;38;73;36;1;57;19;0;0.05000000819563866;0.24453003704547882;0.1699250191450119;96;4
C06;C06;Critico progressivo: Fadiga noturna;Critico;Critico;0.4592179715633392;0.4592179715633392;R2_STABLE_RISK;36;81;46;1;58;22;0;0.05000000819563866;0.15311037003993988;0.07888530939817429;96;4
C08;C08;Critico progressivo: Distracao urbana multietapas;Critico;Critico;0.5072188407182694;0.5072188407182694;R3_FALSE_KIN;28;77;50;1;50;22;1;0.278664767742157;0.3217075765132904;0.1751188039779663;96;4
C05;C05;Critico progressivo: Celular em rodovia;Critico;Critico;0.3754848942160606;0.3754848942160606;R1_NORMAL;42;73;32;1;60;18;0;0.05000000819563866;0.318028062582016;0.16917067766189575;96;4
C06;C06;Critico progressivo: Fadiga noturna;Critico;Critico;0.4699384689331054;0.4699384689331054;R2_STABLE_RISK;36;81;46;1;53;17;0;0.05000000819563866;0.16431574523448944;0.14420315623283386;96;4
N02;N02;Normal: Urbano moderado;Normal;Normal;0.050000007078051564;0.050000007078051564;R2_STABLE_RISK;-1;-1;0;0;-1;-1;0;0.05000000819563866;0.031480882316827774;0.09418448060750961;96;4
C02;C02;Critico: Fadiga com desvio cinematico;Critico;Critico;0.39378328174352645;0.39378328174352645;R2_STABLE_RISK;29;50;22;0;32;3;0;0.05000000819563866;0.09830266237258911;0.12025680392980576;96;4
C01;C01;Critico: Celular em alta velocidade;Critico;Critico;0.29102678298950196;0.29102678298950196;R1_NORMAL;32;44;13;0;34;2;0;0.05000000819563866;0.14686788618564606;0.1336260586977005;96;4
C04;C04;Critico: Multiplas distracoes urbanas;Critico;Critico;0.5587507843971251;0.5587507843971251;R1_NORMAL;22;45;24;0;24;2;1;0.18163235485553741;0.20537757873535156;0.19021396338939667;96;4
C05;C05;Critico progressivo: Celular em rodovia;Critico;Critico;0.47367701828479764;0.47367701828479764;R2_STABLE_RISK;42;73;32;1;60;18;1;0.3168577253818512;0.31194350123405457;0.14461617171764374;96;4
C03;C03;Critico: Celular sem cinto sob chuva;Critico;Critico;0.3752959698438644;0.3752959698438644;R1_NORMAL;26;41;16;0;28;2;0;0.05000000819563866;0.19403202831745148;0.1472739726305008;96;4
C08;C08;Critico progressivo: Distracao urbana multietapas;Critico;Critico;0.47631617486476896;0.47631617486476896;R1_NORMAL;28;77;50;1;53;25;1;0.24899470806121826;0.3095787465572357;0.11264709383249283;96;4
C05;C05;Critico progressivo: Celular em rodovia;Critico;Critico;0.3623355284333229;0.3623355284333229;R3_FALSE_KIN;42;73;32;1;59;17;0;0.05000000819563866;0.31933262944221497;0.16894225776195526;96;4
C04;C04;Critico: Multiplas distracoes urbanas;Critico;Critico;0.3713889718055725;0.3713889718055725;R1_NORMAL;22;45;24;0;24;2;0;0.05000000819563866;0.19549274444580078;0.13424421846866608;96;4
N03;N03;Normal: Noite estável;Normal;Normal;0.050000007078051564;0.050000007078051564;R3_FALSE_KIN;-1;-1;0;0;-1;-1;0;0.05000000819563866;0.03288593888282776;0.09193193167448044;96;4
C03;C03;Critico: Celular sem cinto sob chuva;Critico;Critico;0.3752959698438644;0.3752959698438644;R1_NORMAL;26;41;16;0;28;2;0;0.05000000819563866;0.1879713088274002;0.14739276468753815;96;4
C08;C08;Critico progressivo: Distracao urbana multietapas;Critico;Critico;0.4439945608377457;0.4439945608377457;R2_STABLE_RISK;28;77;50;1;54;26;0;0.05000000819563866;0.3197515308856964;0.11848822981119156;96;4
N02;N02;Normal: Urbano moderado;Normal;Normal;0.050000007078051564;0.050000007078051564;R2_STABLE_RISK;-1;-1;0;0;-1;-1;0;0.05000000819563866;0.02813895046710968;0.09929981082677841;96;4
C03;C03;Critico: Celular sem cinto sob chuva;Critico;Critico;0.3752959698438644;0.3752959698438644;R3_FALSE_KIN;26;41;16;0;28;2;0;0.05000000819563866;0.18940962851047516;0.10168870538473129;96;4
N01;N01;Normal: Viagem tranquila em rodovia;Normal;Normal;0.050000007078051564;0.050000007078051564;R1_NORMAL;-1;-1;0;0;-1;-1;0;0.05000000819563866;0.032370228320360184;0.07536374032497406;96;4
C02;C02;Critico: Fadiga com desvio cinematico;Critico;Critico;0.5986629635095595;0.5986629635095595;R3_FALSE_KIN;29;50;22;0;32;3;1;0.23245857656002045;0.09786149114370346;0.17718391120433807;96;4
C01;C01;Critico: Celular em alta velocidade;Critico;Critico;0.29102678298950196;0.29102678298950196;R1_NORMAL;32;44;13;0;34;2;0;0.05000000819563866;0.15417535603046417;0.13845546543598175;96;4
C01;C01;Critico: Celular em alta velocidade;Critico;Critico;0.29102678298950196;0.29102678298950196;R1_NORMAL;32;44;13;0;34;2;0;0.05000000819563866;0.1498018354177475;0.14829139411449432;96;4
C04;C04;Critico: Multiplas distracoes urbanas;Critico;Critico;0.3713889718055725;0.3713889718055725;R1_NORMAL;22;45;24;0;24;2;0;0.05000000819563866;0.19949257373809814;0.14143766462802887;96;4
C05;C05;Critico progressivo: Celular em rodovia;Critico;Critico;0.3969752475619316;0.3969752475619316;R3_FALSE_KIN;42;73;32;1;58;16;0;0.05000000819563866;0.31722933053970337;0.1400197297334671;96;4
C10;C10;Critico progressivo: Grooming em rodovia com fadiga;Critico;Critico;0.41670176982879636;0.41670176982879636;R2_STABLE_RISK;40;81;42;1;63;23;0;0.05000000819563866;0.19870023429393768;0.11018881946802139;96;4
N01;N01;Normal: Viagem tranquila em rodovia;Normal;Normal;0.050000007078051564;0.050000007078051564;R2_STABLE_RISK;-1;-1;0;0;-1;-1;0;0.05000000819563866;0.029121333733201027;0.10623713582754135;96;4
C02;C02;Critico: Fadiga com desvio cinematico;Critico;Critico;0.39378328174352645;0.39378328174352645;R2_STABLE_RISK;29;50;22;0;32;3;0;0.05000000819563866;0.10070756822824478;0.11497379094362259;96;4
N03;N03;Normal: Noite estável;Normal;Normal;0.050000007078051564;0.050000007078051564;R3_FALSE_KIN;-1;-1;0;0;-1;-1;0;0.05000000819563866;0.0342274010181427;0.08240416646003723;96;4
C01;C01;Critico: Celular em alta velocidade;Critico;Critico;0.29102678298950196;0.29102678298950196;R2_STABLE_RISK;32;44;13;0;34;2;0;0.05000000819563866;0.1519935578107834;0.12344750016927719;96;4
N02;N02;Normal: Urbano moderado;Normal;Normal;0.050000007078051564;0.050000007078051564;R1_NORMAL;-1;-1;0;0;-1;-1;0;0.05000000819563866;0.03435808792710304;0.11448150128126144;96;4
C01;C01;Critico: Celular em alta velocidade;Critico;Critico;0.29102678298950196;0.29102678298950196;R1_NORMAL;32;44;13;0;34;2;0;0.05000000819563866;0.14986039698123932;0.1090637817978859;96;4
C05;C05;Critico progressivo: Celular em rodovia;Critico;Critico;0.3948056742548942;0.3948056742548942;R1_NORMAL;42;73;32;1;58;16;0;0.05000000819563866;0.3186226785182953;0.11589328199625015;96;4
C01;C01;Critico: Celular em alta velocidade;Critico;Critico;0.29102678298950196;0.29102678298950196;R2_STABLE_RISK;32;44;13;0;34;2;0;0.05000000819563866;0.15370842814445496;0.09463897347450256;96;4
C09;C09;Critico progressivo: Bebida ao volante;Critico;Critico;0.4149878263473511;0.4149878263473511;R1_NORMAL;38;73;36;1;55;17;0;0.05000000819563866;0.25598618388175964;0.1482609361410141;96;4
C07;C07;Critico progressivo: Sem cinto sob chuva;Critico;Critico;0.4003911331295967;0.4003911331295967;R2_STABLE_RISK;37;75;39;1;59;22;0;0.05000000819563866;0.37959256768226624;0.14753350615501404;96;4
N02;N02;Normal: Urbano moderado;Normal;Normal;0.050000007078051564;0.050000007078051564;R3_FALSE_KIN;-1;-1;0;0;-1;-1;0;0.05000000819563866;0.024936219677329063;0.09258633852005005;96;4
C02;C02;Critico: Fadiga com desvio cinematico;Critico;Critico;0.6008382230997085;0.6008382230997085;R1_NORMAL;29;50;22;0;32;3;1;0.24628132581710815;0.10056173801422119;0.18500983715057373;96;4
C10;C10;Critico progressivo: Grooming em rodovia com fadiga;Critico;Critico;0.3822302922606468;0.3822302922606468;R3_FALSE_KIN;40;81;42;1;64;24;0;0.05000000819563866;0.19686448574066162;0.08178369700908661;96;4
N02;N02;Normal: Urbano moderado;Normal;Normal;0.050000007078051564;0.050000007078051564;R1_NORMAL;-1;-1;0;0;-1;-1;0;0.05000000819563866;0.02997581660747528;0.08616610616445541;96;4
C10;C10;Critico progressivo: Grooming em rodovia com fadiga;Critico;Critico;0.39468899220228193;0.39468899220228193;R3_FALSE_KIN;40;81;42;1;66;26;0;0.05000000819563866;0.19650740921497345;0.1024087443947792;96;4
N01;N01;Normal: Viagem tranquila em rodovia;Normal;Normal;0.050000007078051564;0.050000007078051564;R1_NORMAL;-1;-1;0;0;-1;-1;0;0.05000000819563866;0.026110626757144928;0.09608906507492065;96;4
C05;C05;Critico progressivo: Celular em rodovia;Critico;Critico;0.3960769295692444;0.3960769295692444;R1_NORMAL;42;73;32;1;57;15;0;0.05000000819563866;0.3179442584514618;0.1615767478942871;96;4
N03;N03;Normal: Noite estável;Normal;Normal;0.050000007078051564;0.050000007078051564;R2_STABLE_RISK;-1;-1;0;0;-1;-1;0;0.05000000819563866;0.02752242051064968;0.10843994468450546;96;4
N01;N01;Normal: Viagem tranquila em rodovia;Normal;Normal;0.050000007078051564;0.050000007078051564;R2_STABLE_RISK;-1;-1;0;0;-1;-1;0;0.05000000819563866;0.03285742923617363;0.16622580587863922;96;4
C04;C04;Critico: Multiplas distracoes urbanas;Critico;Critico;0.3713889718055725;0.3713889718055725;R3_FALSE_KIN;22;45;24;0;24;2;0;0.05000000819563866;0.20594902336597443;0.1191982626914978;96;4
C05;C05;Critico progressivo: Celular em rodovia;Critico;Critico;0.41235954165458677;0.41235954165458677;R2_STABLE_RISK;42;73;32;1;57;15;0;0.05000000819563866;0.3192501366138458;0.13658557832241058;96;4
N02;N02;Normal: Urbano moderado;Normal;Normal;0.050000007078051564;0.050000007078051564;R1_NORMAL;-1;-1;0;0;-1;-1;0;0.05000000819563866;0.03442825376987457;0.10192040354013443;96;4
C04;C04;Critico: Multiplas distracoes urbanas;Critico;Critico;0.3713889718055725;0.3713889718055725;R1_NORMAL;22;45;24;0;24;2;0;0.05000000819563866;0.1950652152299881;0.15495683252811432;96;4
C07;C07;Critico progressivo: Sem cinto sob chuva;Critico;Critico;0.3975343987345695;0.3975343987345695;R2_STABLE_RISK;37;75;39;1;58;21;0;0.05000000819563866;0.3778859078884125;0.1234215721487999;96;4
C04;C04;Critico: Multiplas distracoes urbanas;Critico;Critico;0.3713889718055725;0.3713889718055725;R1_NORMAL;22;45;24;0;24;2;0;0.05000000819563866;0.1991196870803833;0.15420924127101898;96;4
C04;C04;Critico: Multiplas distracoes urbanas;Critico;Critico;0.3713889718055725;0.3713889718055725;R1_NORMAL;22;45;24;0;24;2;0;0.05000000819563866;0.20212016999721527;0.1028585359454155;96;4
C08;C08;Critico progressivo: Distracao urbana multietapas;Critico;Critico;0.43275237679481504;0.43275237679481504;R1_NORMAL;28;77;50;1;52;24;0;0.05000000819563866;0.31222042441368103;0.20155954360961914;96;4
N01;N01;Normal: Viagem tranquila em rodovia;Normal;Normal;0.050000007078051564;0.050000007078051564;R3_FALSE_KIN;-1;-1;0;0;-1;-1;0;0.05000000819563866;0.029064418748021126;0.09843617677688599;96;4
N02;N02;Normal: Urbano moderado;Normal;Normal;0.050000007078051564;0.050000007078051564;R2_STABLE_RISK;-1;-1;0;0;-1;-1;0;0.05000000819563866;0.02481921575963497;0.07873842865228653;96;4
C02;C02;Critico: Fadiga com desvio cinematico;Critico;Critico;0.39378328174352645;0.39378328174352645;R3_FALSE_KIN;29;50;22;0;32;3;0;0.05000000819563866;0.1003652885556221;0.13004234433174133;96;4
C06;C06;Critico progressivo: Fadiga noturna;Critico;Critico;0.41850661486387253;0.41850661486387253;R1_NORMAL;36;81;46;1;59;23;0;0.05000000819563866;0.1593402475118637;0.13407202064990997;96;4
C06;C06;Critico progressivo: Fadiga noturna;Critico;Critico;0.44582550078630445;0.44582550078630445;R1_NORMAL;36;81;46;1;60;24;0;0.05000000819563866;0.15223786234855652;0.13962849974632263;96;4
C04;C04;Critico: Multiplas distracoes urbanas;Critico;Critico;0.3713889718055725;0.3713889718055725;R1_NORMAL;22;45;24;0;24;2;0;0.05000000819563866;0.21060633659362793;0.12570534646511078;96;4
C05;C05;Critico progressivo: Celular em rodovia;Critico;Critico;0.3767556294798851;0.3767556294798851;R1_NORMAL;42;73;32;1;60;18;0;0.05000000819563866;0.31678465008735657;0.15254610776901245;96;4
N02;N02;Normal: Urbano moderado;Normal;Normal;0.050000007078051564;0.050000007078051564;R1_NORMAL;-1;-1;0;0;-1;-1;0;0.05000000819563866;0.033767517656087875;0.08013788610696793;96;4
C02;C02;Critico: Fadiga com desvio cinematico;Critico;Critico;0.39378328174352645;0.39378328174352645;R3_FALSE_KIN;29;50;22;0;32;3;0;0.05000000819563866;0.09972856193780899;0.10592589527368546;96;4
C05;C05;Critico progressivo: Celular em rodovia;Critico;Critico;0.3971858322620392;0.3971858322620392;R3_FALSE_KIN;42;73;32;1;59;17;0;0.05000000819563866;0.31837964057922363;0.1321253776550293;96;4
C01;C01;Critico: Celular em alta velocidade;Critico;Critico;0.29102678298950196;0.29102678298950196;R1_NORMAL;32;44;13;0;34;2;0;0.05000000819563866;0.1508653610944748;0.11164235323667526;96;4
C07;C07;Critico progressivo: Sem cinto sob chuva;Critico;Critico;0.41049539893865583;0.41049539893865583;R1_NORMAL;37;75;39;1;56;19;0;0.05000000819563866;0.3770848214626312;0.16652917861938477;96;4
C10;C10;Critico progressivo: Grooming em rodovia com fadiga;Critico;Critico;0.42755297422409055;0.42755297422409055;R1_NORMAL;40;81;42;1;61;21;0;0.05000000819563866;0.20440912246704102;0.10589388012886047;96;4
C01;C01;Critico: Celular em alta velocidade;Critico;Critico;0.5353511810302733;0.5353511810302733;R2_STABLE_RISK;32;44;13;0;34;2;1;0.26167309284210205;0.15408843755722046;0.16208289563655853;96;4
C01;C01;Critico: Celular em alta velocidade;Critico;Critico;0.29102678298950196;0.29102678298950196;R2_STABLE_RISK;32;44;13;0;34;2;0;0.05000000819563866;0.153152197599411;0.1492154747247696;96;4
C01;C01;Critico: Celular em alta velocidade;Critico;Critico;0.29102678298950196;0.29102678298950196;R3_FALSE_KIN;32;44;13;0;34;2;0;0.05000000819563866;0.15701952576637268;0.14986751973628998;96;4
C09;C09;Critico progressivo: Bebida ao volante;Critico;Critico;0.3811237394809722;0.3811237394809722;R2_STABLE_RISK;38;73;36;1;55;17;0;0.05000000819563866;0.25682464241981506;0.1495693475008011;96;4
C03;C03;Critico: Celular sem cinto sob chuva;Critico;Critico;0.3752959698438644;0.3752959698438644;R1_NORMAL;26;41;16;0;28;2;0;0.05000000819563866;0.18941116333007812;0.09558340162038803;96;4
C04;C04;Critico: Multiplas distracoes urbanas;Critico;Critico;0.3713889718055725;0.3713889718055725;R1_NORMAL;22;45;24;0;24;2;0;0.05000000819563866;0.2003237009048462;0.14257121086120605;96;4
C10;C10;Critico progressivo: Grooming em rodovia com fadiga;Critico;Critico;0.43239903748035424;0.43239903748035424;R1_NORMAL;40;81;42;1;66;26;1;0.30914852023124695;0.2081458419561386;0.10005000978708267;96;4
C07;C07;Critico progressivo: Sem cinto sob chuva;Critico;Critico;0.40559689402580257;0.40559689402580257;R2_STABLE_RISK;37;75;39;1;58;21;0;0.05000000819563866;0.3790213167667389;0.16863684356212616;96;4
C02;C02;Critico: Fadiga com desvio cinematico;Critico;Critico;0.39378328174352645;0.39378328174352645;R2_STABLE_RISK;29;50;22;0;32;3;0;0.05000000819563866;0.10001043230295181;0.12101637572050095;96;4
C06;C06;Critico progressivo: Fadiga noturna;Critico;Critico;0.41754724830389023;0.41754724830389023;R2_STABLE_RISK;36;81;46;1;63;27;0;0.05000000819563866;0.154928520321846;0.10776037722826004;96;4
C06;C06;Critico progressivo: Fadiga noturna;Critico;Critico;0.4085119441151619;0.4085119441151619;R1_NORMAL;36;81;46;1;62;26;0;0.05000000819563866;0.15969498455524445;0.14815852046012878;96;4
C05;C05;Critico progressivo: Celular em rodovia;Critico;Critico;0.4629848033189773;0.4629848033189773;R1_NORMAL;42;73;32;1;58;16;1;0.2913661599159241;0.3151479661464691;0.15770761668682098;96;4
C06;C06;Critico progressivo: Fadiga noturna;Critico;Critico;0.4448775991797447;0.4448775991797447;R3_FALSE_KIN;36;81;46;1;58;22;0;0.05000000819563866;0.15081916749477386;0.07031093537807465;96;4
N02;N02;Normal: Urbano moderado;Normal;Normal;0.050000007078051564;0.050000007078051564;R2_STABLE_RISK;-1;-1;0;0;-1;-1;0;0.05000000819563866;0.0345844067633152;0.10139001160860062;96;4
C02;C02;Critico: Fadiga com desvio cinematico;Critico;Critico;0.39378328174352645;0.39378328174352645;R1_NORMAL;29;50;22;0;32;3;0;0.05000000819563866;0.09477055072784424;0.11273889988660812;96;4
C03;C03;Critico: Celular sem cinto sob chuva;Critico;Critico;0.3752959698438644;0.3752959698438644;R2_STABLE_RISK;26;41;16;0;28;2;0;0.05000000819563866;0.18288080394268036;0.11210298538208008;96;4
C06;C06;Critico progressivo: Fadiga noturna;Critico;Critico;0.4278129294514656;0.4278129294514656;R1_NORMAL;36;81;46;1;58;22;0;0.05000000819563866;0.15967178344726562;0.12784844636917114;96;4
C09;C09;Critico progressivo: Bebida ao volante;Critico;Critico;0.48177528679370873;0.48177528679370873;R2_STABLE_RISK;38;73;36;1;55;17;1;0.25077417492866516;0.2512716054916382;0.14309723675251007;96;4
C01;C01;Critico: Celular em alta velocidade;Critico;Critico;0.5181226402521133;0.5181226402521133;R2_STABLE_RISK;32;44;13;0;34;2;1;0.261528342962265;0.15617342293262482;0.16718971729278564;96;4
C05;C05;Critico progressivo: Celular em rodovia;Critico;Critico;0.3884034216403961;0.3884034216403961;R3_FALSE_KIN;42;73;32;1;60;18;0;0.05000000819563866;0.3071611821651459;0.1470157951116562;96;4
C05;C05;Critico progressivo: Celular em rodovia;Critico;Critico;0.371719616651535;0.371719616651535;R1_NORMAL;42;73;32;1;62;20;0;0.05000000819563866;0.30848827958106995;0.12587475776672363;96;4
C01;C01;Critico: Celular em alta velocidade;Critico;Critico;0.5277756243944167;0.5277756243944167;R2_STABLE_RISK;32;44;13;0;34;2;1;0.2731751501560211;0.15435302257537842;0.17483355104923248;96;4
C01;C01;Critico: Celular em alta velocidade;Critico;Critico;0.29102678298950196;0.29102678298950196;R2_STABLE_RISK;32;44;13;0;34;2;0;0.05000000819563866;0.1462954580783844;0.09027186036109924;96;4
C04;C04;Critico: Multiplas distracoes urbanas;Critico;Critico;0.565392005443573;0.565392005443573;R1_NORMAL;22;45;24;0;24;2;1;0.2669055163860321;0.20818805694580078;0.20662014186382294;96;4
C05;C05;Critico progressivo: Celular em rodovia;Critico;Critico;0.3855397179722786;0.3855397179722786;R1_NORMAL;42;73;32;1;56;14;0;0.05000000819563866;0.32446661591529846;0.13788507878780365;96;4
C08;C08;Critico progressivo: Distracao urbana multietapas;Critico;Critico;0.5335860937833785;0.5335860937833785;R3_FALSE_KIN;28;77;50;1;50;22;1;0.30841246247291565;0.3191201388835907;0.14574794471263885;96;4
N01;N01;Normal: Viagem tranquila em rodovia;Normal;Normal;0.050000007078051564;0.050000007078051564;R2_STABLE_RISK;-1;-1;0;0;-1;-1;0;0.05000000819563866;0.0321597196161747;0.08090075105428696;96;4
N01;N01;Normal: Viagem tranquila em rodovia;Normal;Normal;0.050000007078051564;0.050000007078051564;R3_FALSE_KIN;-1;-1;0;0;-1;-1;0;0.05000000819563866;0.03465408831834793;0.1209854856133461;96;4
C03;C03;Critico: Celular sem cinto sob chuva;Critico;Critico;0.3752959698438644;0.3752959698438644;R1_NORMAL;26;41;16;0;28;2;0;0.05000000819563866;0.18954725563526154;0.13540767133235931;96;4
N01;N01;Normal: Viagem tranquila em rodovia;Normal;Normal;0.050000007078051564;0.050000007078051564;R2_STABLE_RISK;-1;-1;0;0;-1;-1;0;0.05000000819563866;0.03324727341532707;0.09084466099739075;96;4
C09;C09;Critico progressivo: Bebida ao volante;Critico;Critico;0.4665503025054932;0.4665503025054932;R1_NORMAL;38;73;36;1;60;22;1;0.30750811100006104;0.2496308535337448;0.11386672407388687;96;4
C10;C10;Critico progressivo: Grooming em rodovia com fadiga;Critico;Critico;0.37722511887550353;0.37722511887550353;R3_FALSE_KIN;40;81;42;1;66;26;0;0.05000000819563866;0.1941678673028946;0.13662348687648773;96;4
C06;C06;Critico progressivo: Fadiga noturna;Critico;Critico;0.39247977137565615;0.39247977137565615;R2_STABLE_RISK;36;81;46;1;63;27;0;0.05000000819563866;0.1556718945503235;0.12566308677196503;96;4
C04;C04;Critico: Multiplas distracoes urbanas;Critico;Critico;0.5602790862321854;0.5602790862321854;R3_FALSE_KIN;22;45;24;0;24;2;1;0.21488849818706512;0.19955092668533325;0.18514569103717804;96;4
C02;C02;Critico: Fadiga com desvio cinematico;Critico;Critico;0.39378328174352645;0.39378328174352645;R1_NORMAL;29;50;22;0;32;3;0;0.05000000819563866;0.10142902284860611;0.1597634255886078;96;4
C05;C05;Critico progressivo: Celular em rodovia;Critico;Critico;0.46747550964355467;0.46747550964355467;R3_FALSE_KIN;42;73;32;1;57;15;1;0.29529109597206116;0.3174820840358734;0.1276397407054901;96;4
C05;C05;Critico progressivo: Celular em rodovia;Critico;Critico;0.3847654685378074;0.3847654685378074;R1_NORMAL;42;73;32;1;61;19;0;0.05000000819563866;0.31230688095092773;0.12558570504188538;96;4
N01;N01;Normal: Viagem tranquila em rodovia;Normal;Normal;0.050000007078051564;0.050000007078051564;R3_FALSE_KIN;-1;-1;0;0;-1;-1;0;0.05000000819563866;0.03061104007065296;0.09853881597518921;96;4
N02;N02;Normal: Urbano moderado;Normal;Normal;0.050000007078051564;0.050000007078051564;R2_STABLE_RISK;-1;-1;0;0;-1;-1;0;0.05000000819563866;0.03289896622300148;0.054094064980745316;96;4
C07;C07;Critico progressivo: Sem cinto sob chuva;Critico;Critico;0.3833085760474205;0.3833085760474205;R2_STABLE_RISK;37;75;39;1;58;21;0;0.05000000819563866;0.3883676528930664;0.10908997803926468;96;4
N01;N01;Normal: Viagem tranquila em rodovia;Normal;Normal;0.050000007078051564;0.050000007078051564;R1_NORMAL;-1;-1;0;0;-1;-1;0;0.05000000819563866;0.025060443207621574;0.09733176231384277;96;4
N03;N03;Normal: Noite estável;Normal;Normal;0.050000007078051564;0.050000007078051564;R1_NORMAL;-1;-1;0;0;-1;-1;0;0.05000000819563866;0.031767457723617554;0.09008534997701645;96;4
N03;N03;Normal: Noite estável;Normal;Normal;0.050000007078051564;0.050000007078051564;R1_NORMAL;-1;-1;0;0;-1;-1;0;0.05000000819563866;0.024780476465821266;0.09895464777946472;96;4
C01;C01;Critico: Celular em alta velocidade;Critico;Critico;0.29102678298950196;0.29102678298950196;R2_STABLE_RISK;32;44;13;0;34;2;0;0.05000000819563866;0.15512315928936005;0.11750104278326035;96;4
N01;N01;Normal: Viagem tranquila em rodovia;Normal;Normal;0.050000007078051564;0.050000007078051564;R2_STABLE_RISK;-1;-1;0;0;-1;-1;0;0.05000000819563866;0.037491995841264725;0.1098712682723999;96;4
C05;C05;Critico progressivo: Celular em rodovia;Critico;Critico;0.37939375191926955;0.37939375191926955;R2_STABLE_RISK;42;73;32;1;57;15;0;0.05000000819563866;0.31236037611961365;0.1756228804588318;96;4
N02;N02;Normal: Urbano moderado;Normal;Normal;0.050000007078051564;0.050000007078051564;R1_NORMAL;-1;-1;0;0;-1;-1;0;0.05000000819563866;0.037920136004686356;0.07284221798181534;96;4
C06;C06;Critico progressivo: Fadiga noturna;Critico;Critico;0.4183131456375122;0.4183131456375122;R1_NORMAL;36;81;46;1;62;26;0;0.05000000819563866;0.15349556505680084;0.1987074613571167;96;4
C04;C04;Critico: Multiplas distracoes urbanas;Critico;Critico;0.5779466837644577;0.5779466837644577;R1_NORMAL;22;45;24;0;24;2;1;0.26703575253486633;0.20125924050807953;0.202170729637146;96;4
N01;N01;Normal: Viagem tranquila em rodovia;Normal;Normal;0.050000007078051564;0.050000007078051564;R3_FALSE_KIN;-1;-1;0;0;-1;-1;0;0.05000000819563866;0.024733418598771095;0.09451538324356079;96;4
C06;C06;Critico progressivo: Fadiga noturna;Critico;Critico;0.4240209385752678;0.4240209385752678;R1_NORMAL;36;81;46;1;59;23;0;0.05000000819563866;0.16243796050548553;0.13989292085170746;96;4
C03;C03;Critico: Celular sem cinto sob chuva;Critico;Critico;0.3752959698438644;0.3752959698438644;R2_STABLE_RISK;26;41;16;0;28;2;0;0.05000000819563866;0.18376988172531128;0.12449171394109726;96;4
C07;C07;Critico progressivo: Sem cinto sob chuva;Critico;Critico;0.39602018147706985;0.39602018147706985;R3_FALSE_KIN;37;75;39;1;59;22;0;0.05000000819563866;0.3684873580932617;0.11478231102228165;96;4
C08;C08;Critico progressivo: Distracao urbana multietapas;Critico;Critico;0.4273717880249023;0.4273717880249023;R1_NORMAL;28;77;50;1;57;29;0;0.05000000819563866;0.3144988417625427;0.14683079719543457;96;4
C07;C07;Critico progressivo: Sem cinto sob chuva;Critico;Critico;0.5040076494216919;0.5040076494216919;R1_NORMAL;37;75;39;1;60;23;1;0.3131846487522125;0.3759284019470215;0.12687788903713226;96;4
N02;N02;Normal: Urbano moderado;Normal;Normal;0.050000007078051564;0.050000007078051564;R1_NORMAL;-1;-1;0;0;-1;-1;0;0.05000000819563866;0.03413144871592522;0.08928706496953964;96;4
C03;C03;Critico: Celular sem cinto sob chuva;Critico;Critico;0.3752959698438644;0.3752959698438644;R2_STABLE_RISK;26;41;16;0;28;2;0;0.05000000819563866;0.18777088820934296;0.1509838104248047;96;4
N03;N03;Normal: Noite estável;Normal;Normal;0.050000007078051564;0.050000007078051564;R2_STABLE_RISK;-1;-1;0;0;-1;-1;0;0.05000000819563866;0.03441891819238663;0.08411779254674911;96;4
C10;C10;Critico progressivo: Grooming em rodovia com fadiga;Critico;Critico;0.3887379959225654;0.3887379959225654;R1_NORMAL;40;81;42;1;67;27;0;0.05000000819563866;0.19913434982299805;0.13540513813495636;96;4
N01;N01;Normal: Viagem tranquila em rodovia;Normal;Normal;0.050000007078051564;0.050000007078051564;R2_STABLE_RISK;-1;-1;0;0;-1;-1;0;0.05000000819563866;0.034214142709970474;0.06898969411849976;96;4
C02;C02;Critico: Fadiga com desvio cinematico;Critico;Critico;0.39378328174352645;0.39378328174352645;R2_STABLE_RISK;29;50;22;0;32;3;0;0.05000000819563866;0.0969507172703743;0.12382221221923828;96;4
C09;C09;Critico progressivo: Bebida ao volante;Critico;Critico;0.36399494558572765;0.36399494558572765;R2_STABLE_RISK;38;73;36;1;58;20;0;0.05000000819563866;0.24785804748535156;0.16066206991672516;96;4
C09;C09;Critico progressivo: Bebida ao volante;Critico;Critico;0.3752755030989647;0.3752755030989647;R1_NORMAL;38;73;36;1;58;20;0;0.05000000819563866;0.25078311562538147;0.1384314000606537;96;4
C01;C01;Critico: Celular em alta velocidade;Critico;Critico;0.29102678298950196;0.29102678298950196;R1_NORMAL;32;44;13;0;34;2;0;0.05000000819563866;0.15985478460788727;0.09684356302022934;96;4
C05;C05;Critico progressivo: Celular em rodovia;Critico;Critico;0.4017373368144035;0.4017373368144035;R1_NORMAL;42;73;32;1;60;18;0;0.05000000819563866;0.3208603262901306;0.11595264822244644;96;4
C03;C03;Critico: Celular sem cinto sob chuva;Critico;Critico;0.3752959698438644;0.3752959698438644;R3_FALSE_KIN;26;41;16;0;28;2;0;0.05000000819563866;0.18277005851268768;0.11797978729009628;96;4
C03;C03;Critico: Celular sem cinto sob chuva;Critico;Critico;0.6184716105461121;0.6184716105461121;R2_STABLE_RISK;26;41;16;0;28;2;1;0.26414889097213745;0.18805019557476044;0.21049797534942627;96;4
N02;N02;Normal: Urbano moderado;Normal;Normal;0.050000007078051564;0.050000007078051564;R2_STABLE_RISK;-1;-1;0;0;-1;-1;0;0.05000000819563866;0.031159615144133568;0.14314599335193634;96;4
C04;C04;Critico: Multiplas distracoes urbanas;Critico;Critico;0.3713889718055725;0.3713889718055725;R2_STABLE_RISK;22;45;24;0;24;2;0;0.05000000819563866;0.20192871987819672;0.16387994587421417;96;4
C08;C08;Critico progressivo: Distracao urbana multietapas;Critico;Critico;0.45129298269748686;0.45129298269748686;R3_FALSE_KIN;28;77;50;1;51;23;0;0.05000000819563866;0.313922643661499;0.11730581521987915;96;4
C03;C03;Critico: Celular sem cinto sob chuva;Critico;Critico;0.6210637003183365;0.6210637003183365;R1_NORMAL;26;41;16;0;28;2;1;0.26910215616226196;0.18959827721118927;0.2562599182128906;96;4
C03;C03;Critico: Celular sem cinto sob chuva;Critico;Critico;0.3752959698438644;0.3752959698438644;R1_NORMAL;26;41;16;0;28;2;0;0.05000000819563866;0.18779616057872772;0.10589612275362015;96;4
N01;N01;Normal: Viagem tranquila em rodovia;Normal;Normal;0.050000007078051564;0.050000007078051564;R3_FALSE_KIN;-1;-1;0;0;-1;-1;0;0.05000000819563866;0.032787956297397614;0.11054372042417526;96;4
C06;C06;Critico progressivo: Fadiga noturna;Critico;Critico;0.43258386552333833;0.43258386552333833;R1_NORMAL;36;81;46;1;55;19;0;0.05000000819563866;0.16095344722270966;0.1118350401520729;96;4
C08;C08;Critico progressivo: Distracao urbana multietapas;Critico;Critico;0.4239554211497306;0.4239554211497306;R1_NORMAL;28;77;50;1;54;26;0;0.05000000819563866;0.3197266161441803;0.12783508002758026;96;4
C10;C10;Critico progressivo: Grooming em rodovia com fadiga;Critico;Critico;0.4767166554927826;0.4767166554927826;R2_STABLE_RISK;40;81;42;1;64;24;1;0.342667818069458;0.2041446566581726;0.13591039180755615;96;4
N01;N01;Normal: Viagem tranquila em rodovia;Normal;Normal;0.050000007078051564;0.050000007078051564;R3_FALSE_KIN;-1;-1;0;0;-1;-1;0;0.05000000819563866;0.029409095644950867;0.11902692168951035;96;4
C04;C04;Critico: Multiplas distracoes urbanas;Critico;Critico;0.3713889718055725;0.3713889718055725;R1_NORMAL;22;45;24;0;24;2;0;0.05000000819563866;0.2029259204864502;0.10922861099243164;96;4
C03;C03;Critico: Celular sem cinto sob chuva;Critico;Critico;0.3752959698438644;0.3752959698438644;R1_NORMAL;26;41;16;0;28;2;0;0.05000000819563866;0.185895636677742;0.11586198955774307;96;4
N01;N01;Normal: Viagem tranquila em rodovia;Normal;Normal;0.050000007078051564;0.050000007078051564;R3_FALSE_KIN;-1;-1;0;0;-1;-1;0;0.05000000819563866;0.0262924637645483;0.09339987486600876;96;4
C02;C02;Critico: Fadiga com desvio cinematico;Critico;Critico;0.39378328174352645;0.39378328174352645;R3_FALSE_KIN;29;50;22;0;32;3;0;0.05000000819563866;0.10090532153844833;0.12182557582855225;96;4
N01;N01;Normal: Viagem tranquila em rodovia;Normal;Normal;0.050000007078051564;0.050000007078051564;R1_NORMAL;-1;-1;0;0;-1;-1;0;0.05000000819563866;0.034228090196847916;0.11612697690725327;96;4
N01;N01;Normal: Viagem tranquila em rodovia;Normal;Normal;0.050000007078051564;0.050000007078051564;R1_NORMAL;-1;-1;0;0;-1;-1;0;0.05000000819563866;0.03846117481589317;0.12133907526731491;96;4
C04;C04;Critico: Multiplas distracoes urbanas;Critico;Critico;0.3713889718055725;0.3713889718055725;R1_NORMAL;22;45;24;0;24;2;0;0.05000000819563866;0.20274090766906738;0.12886886298656464;96;4
C06;C06;Critico progressivo: Fadiga noturna;Critico;Critico;0.44703822880983346;0.44703822880983346;R2_STABLE_RISK;36;81;46;1;58;22;0;0.05000000819563866;0.14937914907932281;0.0975680872797966;96;4
C04;C04;Critico: Multiplas distracoes urbanas;Critico;Critico;0.5780257433652878;0.5780257433652878;R2_STABLE_RISK;22;45;24;0;24;2;1;0.2649928331375122;0.20518510043621063;0.17119820415973663;96;4
C04;C04;Critico: Multiplas distracoes urbanas;Critico;Critico;0.5772212982177733;0.5772212982177733;R2_STABLE_RISK;22;45;24;0;24;2;1;0.26310572028160095;0.20500242710113525;0.18709684908390045;96;4
C05;C05;Critico progressivo: Celular em rodovia;Critico;Critico;0.39600125104188916;0.39600125104188916;R2_STABLE_RISK;42;73;32;1;60;18;0;0.05000000819563866;0.319010853767395;0.12190242856740952;96;4
C07;C07;Critico progressivo: Sem cinto sob chuva;Critico;Critico;0.40528232604265213;0.40528232604265213;R3_FALSE_KIN;37;75;39;1;54;17;0;0.05000000819563866;0.3849596679210663;0.13795895874500275;96;4
C02;C02;Critico: Fadiga com desvio cinematico;Critico;Critico;0.39378328174352645;0.39378328174352645;R2_STABLE_RISK;29;50;22;0;32;3;0;0.05000000819563866;0.09346706420183182;0.10624001175165176;96;4
C08;C08;Critico progressivo: Distracao urbana multietapas;Critico;Critico;0.5143588095903396;0.5143588095903396;R2_STABLE_RISK;28;77;50;1;54;26;1;0.2917241156101227;0.315939337015152;0.16982455551624298;96;4
C02;C02;Critico: Fadiga com desvio cinematico;Critico;Critico;0.39378328174352645;0.39378328174352645;R1_NORMAL;29;50;22;0;32;3;0;0.05000000819563866;0.09549238532781601;0.13852854073047638;96;4
C02;C02;Critico: Fadiga com desvio cinematico;Critico;Critico;0.39378328174352645;0.39378328174352645;R2_STABLE_RISK;29;50;22;0;32;3;0;0.05000000819563866;0.09927847236394882;0.09348729997873306;96;4
C10;C10;Critico progressivo: Grooming em rodovia com fadiga;Critico;Critico;0.4347448661923408;0.4347448661923408;R2_STABLE_RISK;40;81;42;1;63;23;0;0.05000000819563866;0.20160089433193207;0.09074459224939346;96;4
C09;C09;Critico progressivo: Bebida ao volante;Critico;Critico;0.4953831017017364;0.4953831017017364;R1_NORMAL;38;73;36;1;57;19;1;0.3189702033996582;0.24678421020507812;0.15315108001232147;96;4
C06;C06;Critico progressivo: Fadiga noturna;Critico;Critico;0.45797031223773954;0.45797031223773954;R2_STABLE_RISK;36;81;46;1;58;22;0;0.05000000819563866;0.15675918757915497;0.09149187058210373;96;4
C05;C05;Critico progressivo: Celular em rodovia;Critico;Critico;0.3906403705477714;0.3906403705477714;R1_NORMAL;42;73;32;1;58;16;0;0.05000000819563866;0.3157130479812622;0.12016697973012924;96;4
C10;C10;Critico progressivo: Grooming em rodovia com fadiga;Critico;Critico;0.3958617851138114;0.3958617851138114;R1_NORMAL;40;81;42;1;64;24;0;0.05000000819563866;0.19661183655261993;0.10488191992044449;96;4
C04;C04;Critico: Multiplas distracoes urbanas;Critico;Critico;0.3713889718055725;0.3713889718055725;R1_NORMAL;22;45;24;0;24;2;0;0.05000000819563866;0.206371009349823;0.17121334373950958;96;4
N03;N03;Normal: Noite estável;Normal;Normal;0.050000007078051564;0.050000007078051564;R1_NORMAL;-1;-1;0;0;-1;-1;0;0.05000000819563866;0.030798086896538734;0.09579118341207504;96;4
C10;C10;Critico progressivo: Grooming em rodovia com fadiga;Critico;Critico;0.43407369107007976;0.43407369107007976;R2_STABLE_RISK;40;81;42;1;61;21;0;0.05000000819563866;0.20069865882396698;0.09948736429214478;96;4
C05;C05;Critico progressivo: Celular em rodovia;Critico;Critico;0.4702497899532318;0.4702497899532318;R2_STABLE_RISK;42;73;32;1;57;15;1;0.2891640365123749;0.31604519486427307;0.10918110609054565;96;4
C07;C07;Critico progressivo: Sem cinto sob chuva;Critico;Critico;0.41672443151474;0.41672443151474;R1_NORMAL;37;75;39;1;57;20;0;0.05000000819563866;0.37262964248657227;0.1044260635972023;96;4
C07;C07;Critico progressivo: Sem cinto sob chuva;Critico;Critico;0.42042856961488717;0.42042856961488717;R3_FALSE_KIN;37;75;39;1;58;21;0;0.05000000819563866;0.3791934549808502;0.13607238233089447;96;4
N01;N01;Normal: Viagem tranquila em rodovia;Normal;Normal;0.050000007078051564;0.050000007078051564;R2_STABLE_RISK;-1;-1;0;0;-1;-1;0;0.05000000819563866;0.027657531201839447;0.0726180374622345;96;4
N01;N01;Normal: Viagem tranquila em rodovia;Normal;Normal;0.050000007078051564;0.050000007078051564;R2_STABLE_RISK;-1;-1;0;0;-1;-1;0;0.05000000819563866;0.02700921706855297;0.09981691837310791;96;4
C09;C09;Critico progressivo: Bebida ao volante;Critico;Critico;0.38641868382692335;0.38641868382692335;R2_STABLE_RISK;38;73;36;1;57;19;0;0.05000000819563866;0.25055328011512756;0.1451704055070877;96;4
C10;C10;Critico progressivo: Grooming em rodovia com fadiga;Critico;Critico;0.423028963804245;0.423028963804245;R2_STABLE_RISK;40;81;42;1;59;19;0;0.05000000819563866;0.20199930667877197;0.11758021265268326;96;4
N02;N02;Normal: Urbano moderado;Normal;Normal;0.050000007078051564;0.050000007078051564;R2_STABLE_RISK;-1;-1;0;0;-1;-1;0;0.05000000819563866;0.029123008251190186;0.08224974572658539;96;4
C05;C05;Critico progressivo: Celular em rodovia;Critico;Critico;0.45753319561481476;0.45753319561481476;R1_NORMAL;42;73;32;1;60;18;1;0.3073308765888214;0.31737473607063293;0.18358708918094635;96;4
C04;C04;Critico: Multiplas distracoes urbanas;Critico;Critico;0.5779739409685134;0.5779739409685134;R2_STABLE_RISK;22;45;24;0;24;2;1;0.2814770042896271;0.2035021185874939;0.22459226846694946;96;4
C08;C08;Critico progressivo: Distracao urbana multietapas;Critico;Critico;0.5236907750368118;0.5236907750368118;R3_FALSE_KIN;28;77;50;1;51;23;1;0.2960084080696106;0.31614428758621216;0.16392217576503754;96;4
C09;C09;Critico progressivo: Bebida ao volante;Critico;Critico;0.39573967307806013;0.39573967307806013;R2_STABLE_RISK;38;73;36;1;55;17;0;0.05000000819563866;0.25227487087249756;0.12299732118844986;96;4
C10;C10;Critico progressivo: Grooming em rodovia com fadiga;Critico;Critico;0.3988095238804817;0.3988095238804817;R2_STABLE_RISK;40;81;42;1;64;24;0;0.05000000819563866;0.19891993701457977;0.1019158586859703;96;4
C01;C01;Critico: Celular em alta velocidade;Critico;Critico;0.29102678298950196;0.29102678298950196;R1_NORMAL;32;44;13;0;34;2;0;0.05000000819563866;0.1511223316192627;0.08615972846746445;96;4
C02;C02;Critico: Fadiga com desvio cinematico;Critico;Critico;0.39378328174352645;0.39378328174352645;R2_STABLE_RISK;29;50;22;0;32;3;0;0.05000000819563866;0.09767841547727585;0.1072513684630394;96;4
C06;C06;Critico progressivo: Fadiga noturna;Critico;Critico;0.4582314535975456;0.4582314535975456;R1_NORMAL;36;81;46;1;57;21;0;0.05000000819563866;0.15643683075904846;0.10331624001264572;96;4
N02;N02;Normal: Urbano moderado;Normal;Normal;0.050000007078051564;0.050000007078051564;R1_NORMAL;-1;-1;0;0;-1;-1;0;0.05000000819563866;0.03528042510151863;0.12227091938257217;96;4
N02;N02;Normal: Urbano moderado;Normal;Normal;0.050000007078051564;0.050000007078051564;R1_NORMAL;-1;-1;0;0;-1;-1;0;0.05000000819563866;0.03513717278838158;0.10740063339471817;96;4
C10;C10;Critico progressivo: Grooming em rodovia com fadiga;Critico;Critico;0.4169516444206237;0.4169516444206237;R1_NORMAL;40;81;42;1;61;21;0;0.05000000819563866;0.19816474616527557;0.10710489749908447;96;4
C09;C09;Critico progressivo: Bebida ao volante;Critico;Critico;0.3882769450545311;0.3882769450545311;R2_STABLE_RISK;38;73;36;1;57;19;0;0.05000000819563866;0.2485327273607254;0.13269531726837158;96;4
C05;C05;Critico progressivo: Celular em rodovia;Critico;Critico;0.47180180847644804;0.47180180847644804;R2_STABLE_RISK;42;73;32;1;58;16;1;0.29016125202178955;0.31907162070274353;0.15307970345020294;96;4
C07;C07;Critico progressivo: Sem cinto sob chuva;Critico;Critico;0.48367444574832913;0.48367444574832913;R2_STABLE_RISK;37;75;39;1;56;19;1;0.3025127053260803;0.3842528164386749;0.13120876252651215;96;4
C02;C02;Critico: Fadiga com desvio cinematico;Critico;Critico;0.39378328174352645;0.39378328174352645;R1_NORMAL;29;50;22;0;32;3;0;0.05000000819563866;0.10088593512773514;0.09126633405685425;96;4
C05;C05;Critico progressivo: Celular em rodovia;Critico;Critico;0.4602883547544479;0.4602883547544479;R3_FALSE_KIN;42;73;32;1;62;20;1;0.2983449101448059;0.315687894821167;0.1502898931503296;96;4
C10;C10;Critico progressivo: Grooming em rodovia com fadiga;Critico;Critico;0.3888347029685974;0.3888347029685974;R2_STABLE_RISK;40;81;42;1;65;25;0;0.05000000819563866;0.19485561549663544;0.10383967310190201;96;4
N02;N02;Normal: Urbano moderado;Normal;Normal;0.050000007078051564;0.050000007078051564;R2_STABLE_RISK;-1;-1;0;0;-1;-1;0;0.05000000819563866;0.03365204855799675;0.08705537766218185;96;4
C02;C02;Critico: Fadiga com desvio cinematico;Critico;Critico;0.6070817232131958;0.6070817232131958;R1_NORMAL;29;50;22;0;32;3;1;0.2766517102718353;0.10452815145254135;0.15034836530685425;96;4
C03;C03;Critico: Celular sem cinto sob chuva;Critico;Critico;0.3752959698438644;0.3752959698438644;R2_STABLE_RISK;26;41;16;0;28;2;0;0.05000000819563866;0.18921665847301483;0.10767123103141785;96;4
C10;C10;Critico progressivo: Grooming em rodovia com fadiga;Critico;Critico;0.43848459571599957;0.43848459571599957;R2_STABLE_RISK;40;81;42;1;60;20;0;0.05000000819563866;0.2014387995004654;0.12989984452724457;96;4
N03;N03;Normal: Noite estável;Normal;Normal;0.050000007078051564;0.050000007078051564;R2_STABLE_RISK;-1;-1;0;0;-1;-1;0;0.05000000819563866;0.032503243535757065;0.08345546573400497;96;4
C03;C03;Critico: Celular sem cinto sob chuva;Critico;Critico;0.3752959698438644;0.3752959698438644;R2_STABLE_RISK;26;41;16;0;28;2;0;0.05000000819563866;0.18727058172225952;0.14406612515449524;96;4
C03;C03;Critico: Celular sem cinto sob chuva;Critico;Critico;0.3752959698438644;0.3752959698438644;R3_FALSE_KIN;26;41;16;0;28;2;0;0.05000000819563866;0.18587005138397217;0.10850989818572998;96;4
N03;N03;Normal: Noite estável;Normal;Normal;0.050000007078051564;0.050000007078051564;R2_STABLE_RISK;-1;-1;0;0;-1;-1;0;0.05000000819563866;0.02986731566488743;0.10446528345346451;96;4
C03;C03;Critico: Celular sem cinto sob chuva;Critico;Critico;0.6061281472444534;0.6061281472444534;R2_STABLE_RISK;26;41;16;0;28;2;1;0.26310256123542786;0.19310013949871063;0.181060791015625;96;4
N01;N01;Normal: Viagem tranquila em rodovia;Normal;Normal;0.050000007078051564;0.050000007078051564;R1_NORMAL;-1;-1;0;0;-1;-1;0;0.05000000819563866;0.03319470211863518;0.092674620449543;96;4
C09;C09;Critico progressivo: Bebida ao volante;Critico;Critico;0.46420296728610994;0.46420296728610994;R2_STABLE_RISK;38;73;36;1;55;17;1;0.2870612144470215;0.24965719878673553;0.1597485989332199;96;4
C05;C05;Critico progressivo: Celular em rodovia;Critico;Critico;0.3611790671944618;0.3611790671944618;R1_NORMAL;42;73;32;1;59;17;0;0.05000000819563866;0.31514695286750793;0.1303853988647461;96;4
C08;C08;Critico progressivo: Distracao urbana multietapas;Critico;Critico;0.5116754591464996;0.5116754591464996;R2_STABLE_RISK;28;77;50;1;55;27;1;0.3268262445926666;0.32195955514907837;0.2338789701461792;96;4
N01;N01;Normal: Viagem tranquila em rodovia;Normal;Normal;0.050000007078051564;0.050000007078051564;R1_NORMAL;-1;-1;0;0;-1;-1;0;0.05000000819563866;0.032802168279886246;0.09699631482362747;96;4
C03;C03;Critico: Celular sem cinto sob chuva;Critico;Critico;0.3752959698438644;0.3752959698438644;R1_NORMAL;26;41;16;0;28;2;0;0.05000000819563866;0.18904900550842285;0.1171603798866272;96;4
C02;C02;Critico: Fadiga com desvio cinematico;Critico;Critico;0.5923267900943756;0.5923267900943756;R3_FALSE_KIN;29;50;22;0;32;3;1;0.20284239947795868;0.09722606092691422;0.17830778658390045;96;4
C02;C02;Critico: Fadiga com desvio cinematico;Critico;Critico;0.39378328174352645;0.39378328174352645;R3_FALSE_KIN;29;50;22;0;32;3;0;0.05000000819563866;0.09083776921033859;0.09247079491615295;96;4
N02;N02;Normal: Urbano moderado;Normal;Normal;0.050000007078051564;0.050000007078051564;R2_STABLE_RISK;-1;-1;0;0;-1;-1;0;0.05000000819563866;0.02952226996421814;0.10369333624839783;96;4
C03;C03;Critico: Celular sem cinto sob chuva;Critico;Critico;0.3752959698438644;0.3752959698438644;R3_FALSE_KIN;26;41;16;0;28;2;0;0.05000000819563866;0.1859140396118164;0.10897835344076157;96;4
C01;C01;Critico: Celular em alta velocidade;Critico;Critico;0.29102678298950196;0.29102678298950196;R1_NORMAL;32;44;13;0;34;2;0;0.05000000819563866;0.15123075246810913;0.15613697469234467;96;4
C03;C03;Critico: Celular sem cinto sob chuva;Critico;Critico;0.3752959698438644;0.3752959698438644;R1_NORMAL;26;41;16;0;28;2;0;0.05000000819563866;0.19098041951656342;0.1912163943052292;96;4
C09;C09;Critico progressivo: Bebida ao volante;Critico;Critico;0.4117741823196411;0.4117741823196411;R2_STABLE_RISK;38;73;36;1;55;17;0;0.05000000819563866;0.24141216278076172;0.18025755882263184;96;4
N02;N02;Normal: Urbano moderado;Normal;Normal;0.050000007078051564;0.050000007078051564;R1_NORMAL;-1;-1;0;0;-1;-1;0;0.05000000819563866;0.030422011390328407;0.10896696895360947;96;4
N03;N03;Normal: Noite estável;Normal;Normal;0.050000007078051564;0.050000007078051564;R2_STABLE_RISK;-1;-1;0;0;-1;-1;0;0.05000000819563866;0.04138357937335968;0.10730389505624771;96;4
N01;N01;Normal: Viagem tranquila em rodovia;Normal;Normal;0.050000007078051564;0.050000007078051564;R1_NORMAL;-1;-1;0;0;-1;-1;0;0.05000000819563866;0.03232121095061302;0.09564286470413208;96;4
C10;C10;Critico progressivo: Grooming em rodovia com fadiga;Critico;Critico;0.3890598729252815;0.3890598729252815;R3_FALSE_KIN;40;81;42;1;61;21;0;0.05000000819563866;0.20209497213363647;0.10135897248983383;96;4
N01;N01;Normal: Viagem tranquila em rodovia;Normal;Normal;0.050000007078051564;0.050000007078051564;R2_STABLE_RISK;-1;-1;0;0;-1;-1;0;0.05000000819563866;0.03016563318669796;0.10480976104736328;96;4
C08;C08;Critico progressivo: Distracao urbana multietapas;Critico;Critico;0.44046983569860454;0.44046983569860454;R1_NORMAL;28;77;50;1;55;27;0;0.05000000819563866;0.31851592659950256;0.13948357105255127;96;4
N02;N02;Normal: Urbano moderado;Normal;Normal;0.050000007078051564;0.050000007078051564;R1_NORMAL;-1;-1;0;0;-1;-1;0;0.05000000819563866;0.03351894021034241;0.09288454800844193;96;4
C02;C02;Critico: Fadiga com desvio cinematico;Critico;Critico;0.39378328174352645;0.39378328174352645;R2_STABLE_RISK;29;50;22;0;32;3;0;0.05000000819563866;0.09519132971763611;0.17056147754192352;96;4
C09;C09;Critico progressivo: Bebida ao volante;Critico;Critico;0.39096546173095703;0.39096546173095703;R3_FALSE_KIN;38;73;36;1;60;22;0;0.05000000819563866;0.25119447708129883;0.12139413505792618;96;4
C09;C09;Critico progressivo: Bebida ao volante;Critico;Critico;0.37999821454286575;0.37999821454286575;R2_STABLE_RISK;38;73;36;1;60;22;0;0.05000000819563866;0.2486146241426468;0.14602471888065338;96;4
C08;C08;Critico progressivo: Distracao urbana multietapas;Critico;Critico;0.43787733018398284;0.43787733018398284;R2_STABLE_RISK;28;77;50;1;50;22;0;0.05000000819563866;0.31206974387168884;0.12169434875249863;96;4
C09;C09;Critico progressivo: Bebida ao volante;Critico;Critico;0.38567905873060226;0.38567905873060226;R2_STABLE_RISK;38;73;36;1;57;19;0;0.05000000819563866;0.23982810974121094;0.11780764907598495;96;4
C08;C08;Critico progressivo: Distracao urbana multietapas;Critico;Critico;0.4285109758377075;0.4285109758377075;R3_FALSE_KIN;28;77;50;1;55;27;0;0.05000000819563866;0.31803110241889954;0.13386933505535126;96;4
N01;N01;Normal: Viagem tranquila em rodovia;Normal;Normal;0.050000007078051564;0.050000007078051564;R1_NORMAL;-1;-1;0;0;-1;-1;0;0.05000000819563866;0.02927166037261486;0.08818218857049942;96;4
N01;N01;Normal: Viagem tranquila em rodovia;Normal;Normal;0.050000007078051564;0.050000007078051564;R2_STABLE_RISK;-1;-1;0;0;-1;-1;0;0.05000000819563866;0.029514914378523827;0.10815975815057755;96;4
C04;C04;Critico: Multiplas distracoes urbanas;Critico;Critico;0.5648556113243103;0.5648556113243103;R3_FALSE_KIN;22;45;24;0;24;2;1;0.2041548490524292;0.20533454418182373;0.1644836664199829;96;4
C01;C01;Critico: Celular em alta velocidade;Critico;Critico;0.29102678298950196;0.29102678298950196;R2_STABLE_RISK;32;44;13;0;34;2;0;0.05000000819563866;0.1532844752073288;0.1342475265264511;96;4
C01;C01;Critico: Celular em alta velocidade;Critico;Critico;0.29102678298950196;0.29102678298950196;R2_STABLE_RISK;32;44;13;0;34;2;0;0.05000000819563866;0.14827072620391846;0.12739971280097961;96;4
C10;C10;Critico progressivo: Grooming em rodovia com fadiga;Critico;Critico;0.4514488786458969;0.4514488786458969;R3_FALSE_KIN;40;81;42;1;66;26;1;0.29097118973731995;0.20447081327438354;0.15281942486763;96;4
C06;C06;Critico progressivo: Fadiga noturna;Critico;Critico;0.408902470767498;0.408902470767498;R2_STABLE_RISK;36;81;46;1;61;25;0;0.05000000819563866;0.1611374020576477;0.12696214020252228;96;4
C01;C01;Critico: Celular em alta velocidade;Critico;Critico;0.29102678298950196;0.29102678298950196;R2_STABLE_RISK;32;44;13;0;34;2;0;0.05000000819563866;0.1551828235387802;0.12885011732578278;96;4
C10;C10;Critico progressivo: Grooming em rodovia com fadiga;Critico;Critico;0.43332365453243255;0.43332365453243255;R1_NORMAL;40;81;42;1;62;22;1;0.3332817256450653;0.19153468310832977;0.08561084419488907;96;4
C09;C09;Critico progressivo: Bebida ao volante;Critico;Critico;0.3810066059231758;0.3810066059231758;R2_STABLE_RISK;38;73;36;1;59;21;0;0.05000000819563866;0.2539118826389313;0.12178956717252731;96;4
C04;C04;Critico: Multiplas distracoes urbanas;Critico;Critico;0.5755515724420548;0.5755515724420548;R1_NORMAL;22;45;24;0;24;2;1;0.27455008029937744;0.19966650009155273;0.18258465826511383;96;4
C06;C06;Critico progressivo: Fadiga noturna;Critico;Critico;0.4457849070429802;0.4457849070429802;R1_NORMAL;36;81;46;1;62;26;0;0.05000000819563866;0.1661759614944458;0.15321297943592072;96;4
C10;C10;Critico progressivo: Grooming em rodovia com fadiga;Critico;Critico;0.44198974072933195;0.44198974072933195;R2_STABLE_RISK;40;81;42;1;63;23;1;0.3188801109790802;0.19814348220825195;0.13190215826034546;96;4
N01;N01;Normal: Viagem tranquila em rodovia;Normal;Normal;0.050000007078051564;0.050000007078051564;R1_NORMAL;-1;-1;0;0;-1;-1;0;0.05000000819563866;0.03795427083969116;0.12201344966888428;96;4
N03;N03;Normal: Noite estável;Normal;Normal;0.050000007078051564;0.050000007078051564;R2_STABLE_RISK;-1;-1;0;0;-1;-1;0;0.05000000819563866;0.03478861227631569;0.08103709667921066;96;4
C05;C05;Critico progressivo: Celular em rodovia;Critico;Critico;0.3872461840510368;0.3872461840510368;R2_STABLE_RISK;42;73;32;1;61;19;0;0.05000000819563866;0.31200334429740906;0.12393999099731445;96;4
C07;C07;Critico progressivo: Sem cinto sob chuva;Critico;Critico;0.4928741157054901;0.4928741157054901;R2_STABLE_RISK;37;75;39;1;56;19;1;0.320983350276947;0.379781574010849;0.17112500965595245;96;4
N01;N01;Normal: Viagem tranquila em rodovia;Normal;Normal;0.050000007078051564;0.050000007078051564;R2_STABLE_RISK;-1;-1;0;0;-1;-1;0;0.05000000819563866;0.02906681038439274;0.08324093371629715;96;4
C01;C01;Critico: Celular em alta velocidade;Critico;Critico;0.29102678298950196;0.29102678298950196;R1_NORMAL;32;44;13;0;34;2;0;0.05000000819563866;0.1484231948852539;0.11094053834676743;96;4
N03;N03;Normal: Noite estável;Normal;Normal;0.050000007078051564;0.050000007078051564;R3_FALSE_KIN;-1;-1;0;0;-1;-1;0;0.05000000819563866;0.03632863238453865;0.09393906593322754;96;4
N03;N03;Normal: Noite estável;Normal;Normal;0.050000007078051564;0.050000007078051564;R1_NORMAL;-1;-1;0;0;-1;-1;0;0.05000000819563866;0.04105355963110924;0.08970508724451065;96;4
C05;C05;Critico progressivo: Celular em rodovia;Critico;Critico;0.40411279201507566;0.40411279201507566;R1_NORMAL;42;73;32;1;57;15;0;0.05000000819563866;0.31640031933784485;0.1380026936531067;96;4
C10;C10;Critico progressivo: Grooming em rodovia com fadiga;Critico;Critico;0.40677361488342284;0.40677361488342284;R1_NORMAL;40;81;42;1;63;23;0;0.05000000819563866;0.19503813982009888;0.12084969133138657;96;4
C05;C05;Critico progressivo: Celular em rodovia;Critico;Critico;0.46088702976703644;0.46088702976703644;R1_NORMAL;42;73;32;1;56;14;1;0.301650732755661;0.3163764178752899;0.16398733854293823;96;4
C07;C07;Critico progressivo: Sem cinto sob chuva;Critico;Critico;0.3947827324271202;0.3947827324271202;R1_NORMAL;37;75;39;1;58;21;0;0.05000000819563866;0.37672051787376404;0.11446219682693481;96;4
C02;C02;Critico: Fadiga com desvio cinematico;Critico;Critico;0.39378328174352645;0.39378328174352645;R1_NORMAL;29;50;22;0;32;3;0;0.05000000819563866;0.09137626737356186;0.11638054251670837;96;4
C10;C10;Critico progressivo: Grooming em rodovia com fadiga;Critico;Critico;0.4889627426862716;0.4889627426862716;R1_NORMAL;40;81;42;1;60;20;1;0.2952596843242645;0.19994240999221802;0.1122128963470459;96;4
N01;N01;Normal: Viagem tranquila em rodovia;Normal;Normal;0.050000007078051564;0.050000007078051564;R1_NORMAL;-1;-1;0;0;-1;-1;0;0.05000000819563866;0.03353269025683403;0.09731795638799667;96;4
C07;C07;Critico progressivo: Sem cinto sob chuva;Critico;Critico;0.3971660569310188;0.3971660569310188;R2_STABLE_RISK;37;75;39;1;62;25;0;0.05000000819563866;0.3775402009487152;0.1356160193681717;96;4
C05;C05;Critico progressivo: Celular em rodovia;Critico;Critico;0.40490698218345644;0.40490698218345644;R1_NORMAL;42;73;32;1;61;19;0;0.05000000819563866;0.31968954205513;0.14528043568134308;96;4
C10;C10;Critico progressivo: Grooming em rodovia com fadiga;Critico;Critico;0.417313377559185;0.417313377559185;R3_FALSE_KIN;40;81;42;1;59;19;0;0.05000000819563866;0.19745461642742157;0.11866831034421921;96;4
C08;C08;Critico progressivo: Distracao urbana multietapas;Critico;Critico;0.4204125523567199;0.4204125523567199;R2_STABLE_RISK;28;77;50;1;57;29;0;0.05000000819563866;0.30970752239227295;0.15907429158687592;96;4
C09;C09;Critico progressivo: Bebida ao volante;Critico;Critico;0.3838798597455025;0.3838798597455025;R2_STABLE_RISK;38;73;36;1;57;19;0;0.05000000819563866;0.2577073276042938;0.1476743072271347;96;4
C09;C09;Critico progressivo: Bebida ao volante;Critico;Critico;0.4130339130759239;0.4130339130759239;R1_NORMAL;38;73;36;1;54;16;0;0.05000000819563866;0.2495584487915039;0.15783248841762543;96;4
C09;C09;Critico progressivo: Bebida ao volante;Critico;Critico;0.3967986866831779;0.3967986866831779;R2_STABLE_RISK;38;73;36;1;57;19;0;0.05000000819563866;0.24977071583271027;0.1691374033689499;96;4
C10;C10;Critico progressivo: Grooming em rodovia com fadiga;Critico;Critico;0.4609602004289627;0.4609602004289627;R2_STABLE_RISK;40;81;42;1;66;26;1;0.2856843173503876;0.20033831894397736;0.1538502722978592;96;4
C02;C02;Critico: Fadiga com desvio cinematico;Critico;Critico;0.39378328174352645;0.39378328174352645;R2_STABLE_RISK;29;50;22;0;32;3;0;0.05000000819563866;0.09158744663000107;0.12809394299983978;96;4
C05;C05;Critico progressivo: Celular em rodovia;Critico;Critico;0.4507381826639175;0.4507381826639175;R1_NORMAL;42;73;32;1;58;16;1;0.2683808505535126;0.3155633211135864;0.1759711503982544;96;4
C09;C09;Critico progressivo: Bebida ao volante;Critico;Critico;0.48084873259067534;0.48084873259067534;R3_FALSE_KIN;38;73;36;1;58;20;1;0.29007360339164734;0.24839048087596893;0.18960420787334442;96;4
N01;N01;Normal: Viagem tranquila em rodovia;Normal;Normal;0.050000007078051564;0.050000007078051564;R1_NORMAL;-1;-1;0;0;-1;-1;0;0.05000000819563866;0.03434072434902191;0.10501305013895035;96;4
C07;C07;Critico progressivo: Sem cinto sob chuva;Critico;Critico;0.4707788109779358;0.4707788109779358;R3_FALSE_KIN;37;75;39;1;58;21;1;0.3029659390449524;0.3816871643066406;0.16438259184360504;96;4
C09;C09;Critico progressivo: Bebida ao volante;Critico;Critico;0.3945557400584221;0.3945557400584221;R1_NORMAL;38;73;36;1;56;18;0;0.05000000819563866;0.251423716545105;0.15316997468471527;96;4
N01;N01;Normal: Viagem tranquila em rodovia;Normal;Normal;0.050000007078051564;0.050000007078051564;R2_STABLE_RISK;-1;-1;0;0;-1;-1;0;0.05000000819563866;0.030857890844345093;0.09948208183050156;96;4
C09;C09;Critico progressivo: Bebida ao volante;Critico;Critico;0.45740837752819063;0.45740837752819063;R3_FALSE_KIN;38;73;36;1;60;22;1;0.28942474722862244;0.2510531544685364;0.1572115272283554;96;4
N03;N03;Normal: Noite estável;Normal;Normal;0.050000007078051564;0.050000007078051564;R3_FALSE_KIN;-1;-1;0;0;-1;-1;0;0.05000000819563866;0.026632556691765785;0.1326093226671219;96;4
C09;C09;Critico progressivo: Bebida ao volante;Critico;Critico;0.37808819562196727;0.37808819562196727;R1_NORMAL;38;73;36;1;59;21;0;0.05000000819563866;0.2531440556049347;0.1679602861404419;96;4
C09;C09;Critico progressivo: Bebida ao volante;Critico;Critico;0.385912811756134;0.385912811756134;R1_NORMAL;38;73;36;1;55;17;0;0.05000000819563866;0.24776886403560638;0.11483458429574966;96;4
C04;C04;Critico: Multiplas distracoes urbanas;Critico;Critico;0.3713889718055725;0.3713889718055725;R2_STABLE_RISK;22;45;24;0;24;2;0;0.05000000819563866;0.20228441059589386;0.12359931319952011;96;4
C03;C03;Critico: Celular sem cinto sob chuva;Critico;Critico;0.6211458414793014;0.6211458414793014;R1_NORMAL;26;41;16;0;28;2;1;0.2499312162399292;0.19248664379119873;0.1428462117910385;96;4
C08;C08;Critico progressivo: Distracao urbana multietapas;Critico;Critico;0.45603581964969636;0.45603581964969636;R1_NORMAL;28;77;50;1;53;25;0;0.05000000819563866;0.32340922951698303;0.09265440702438354;96;4
C02;C02;Critico: Fadiga com desvio cinematico;Critico;Critico;0.39378328174352645;0.39378328174352645;R1_NORMAL;29;50;22;0;32;3;0;0.05000000819563866;0.09871246665716171;0.0883241593837738;96;4
C01;C01;Critico: Celular em alta velocidade;Critico;Critico;0.5327006608247757;0.5327006608247757;R2_STABLE_RISK;32;44;13;0;34;2;1;0.24923789501190186;0.14968574047088623;0.20100168883800507;96;4
C04;C04;Critico: Multiplas distracoes urbanas;Critico;Critico;0.3713889718055725;0.3713889718055725;R3_FALSE_KIN;22;45;24;0;24;2;0;0.05000000819563866;0.20735959708690643;0.12585079669952393;96;4
C04;C04;Critico: Multiplas distracoes urbanas;Critico;Critico;0.5641096115112304;0.5641096115112304;R1_NORMAL;22;45;24;0;24;2;1;0.20865420997142792;0.20903217792510986;0.22648470103740692;96;4
N02;N02;Normal: Urbano moderado;Normal;Normal;0.050000007078051564;0.050000007078051564;R3_FALSE_KIN;-1;-1;0;0;-1;-1;0;0.05000000819563866;0.03106931410729885;0.09850689768791199;96;4
C07;C07;Critico progressivo: Sem cinto sob chuva;Critico;Critico;0.49867139160633084;0.49867139160633084;R1_NORMAL;37;75;39;1;59;22;1;0.3166747987270355;0.38761425018310547;0.17341959476470947;96;4
C09;C09;Critico progressivo: Bebida ao volante;Critico;Critico;0.40632608681917187;0.40632608681917187;R1_NORMAL;38;73;36;1;56;18;0;0.05000000819563866;0.25386345386505127;0.12250826507806778;96;4
N01;N01;Normal: Viagem tranquila em rodovia;Normal;Normal;0.050000007078051564;0.050000007078051564;R1_NORMAL;-1;-1;0;0;-1;-1;0;0.05000000819563866;0.033308327198028564;0.1088612899184227;96;4
C09;C09;Critico progressivo: Bebida ao volante;Critico;Critico;0.5095859140157699;0.5095859140157699;R2_STABLE_RISK;38;73;36;1;55;17;1;0.3043786287307739;0.25003060698509216;0.18523083627223969;96;4
N03;N03;Normal: Noite estável;Normal;Normal;0.050000007078051564;0.050000007078051564;R2_STABLE_RISK;-1;-1;0;0;-1;-1;0;0.05000000819563866;0.02676253207027912;0.11751901358366013;96;4
N01;N01;Normal: Viagem tranquila em rodovia;Normal;Normal;0.050000007078051564;0.050000007078051564;R2_STABLE_RISK;-1;-1;0;0;-1;-1;0;0.05000000819563866;0.035167086869478226;0.13642682135105133;96;4
C01;C01;Critico: Celular em alta velocidade;Critico;Critico;0.29102678298950196;0.29102678298950196;R1_NORMAL;32;44;13;0;34;2;0;0.05000000819563866;0.1504022479057312;0.11243727058172226;96;4
C04;C04;Critico: Multiplas distracoes urbanas;Critico;Critico;0.3713889718055725;0.3713889718055725;R2_STABLE_RISK;22;45;24;0;24;2;0;0.05000000819563866;0.20269709825515747;0.15108340978622437;96;4
C04;C04;Critico: Multiplas distracoes urbanas;Critico;Critico;0.5622542291879653;0.5622542291879653;R1_NORMAL;22;45;24;0;24;2;1;0.23653250932693481;0.20311705768108368;0.19233159720897675;96;4
N03;N03;Normal: Noite estável;Normal;Normal;0.050000007078051564;0.050000007078051564;R2_STABLE_RISK;-1;-1;0;0;-1;-1;0;0.05000000819563866;0.030878840014338493;0.08987996727228165;96;4
N02;N02;Normal: Urbano moderado;Normal;Normal;0.050000007078051564;0.050000007078051564;R2_STABLE_RISK;-1;-1;0;0;-1;-1;0;0.05000000819563866;0.037497829645872116;0.12392457574605942;96;4
C10;C10;Critico progressivo: Grooming em rodovia com fadiga;Critico;Critico;0.3915585830807685;0.3915585830807685;R1_NORMAL;40;81;42;1;62;22;0;0.05000000819563866;0.20313163101673126;0.1360751837491989;96;4
C03;C03;Critico: Celular sem cinto sob chuva;Critico;Critico;0.3752959698438644;0.3752959698438644;R1_NORMAL;26;41;16;0;28;2;0;0.05000000819563866;0.183798149228096;0.11953528970479965;96;4
N02;N02;Normal: Urbano moderado;Normal;Normal;0.050000007078051564;0.050000007078051564;R2_STABLE_RISK;-1;-1;0;0;-1;-1;0;0.05000000819563866;0.028097571805119514;0.11012357473373413;96;4
C06;C06;Critico progressivo: Fadiga noturna;Critico;Critico;0.48313029706478117;0.48313029706478117;R3_FALSE_KIN;36;81;46;1;58;22;1;0.3108437955379486;0.15561221539974213;0.13100393116474152;96;4
C01;C01;Critico: Celular em alta velocidade;Critico;Critico;0.29102678298950196;0.29102678298950196;R2_STABLE_RISK;32;44;13;0;34;2;0;0.05000000819563866;0.14958839118480682;0.11708392947912216;96;4
C08;C08;Critico progressivo: Distracao urbana multietapas;Critico;Critico;0.42156061083078383;0.42156061083078383;R1_NORMAL;28;77;50;1;54;26;0;0.05000000819563866;0.3144986629486084;0.17535929381847382;96;4
C08;C08;Critico progressivo: Distracao urbana multietapas;Critico;Critico;0.459177303314209;0.459177303314209;R1_NORMAL;28;77;50;1;54;26;0;0.05000000819563866;0.31759339570999146;0.17397575080394745;96;4
C03;C03;Critico: Celular sem cinto sob chuva;Critico;Critico;0.3752959698438644;0.3752959698438644;R2_STABLE_RISK;26;41;16;0;28;2;0;0.05000000819563866;0.1848481148481369;0.15362372994422913;96;4
N01;N01;Normal: Viagem tranquila em rodovia;Normal;Normal;0.050000007078051564;0.050000007078051564;R3_FALSE_KIN;-1;-1;0;0;-1;-1;0;0.05000000819563866;0.026929562911391258;0.12093742936849594;96;4
C10;C10;Critico progressivo: Grooming em rodovia com fadiga;Critico;Critico;0.438489830493927;0.438489830493927;R1_NORMAL;40;81;42;1;61;21;1;0.2869829833507538;0.20217038691043854;0.1574258953332901;96;4
N02;N02;Normal: Urbano moderado;Normal;Normal;0.050000007078051564;0.050000007078051564;R2_STABLE_RISK;-1;-1;0;0;-1;-1;0;0.05000000819563866;0.030664315447211266;0.1070551872253418;96;4
C08;C08;Critico progressivo: Distracao urbana multietapas;Critico;Critico;0.44094047546386717;0.44094047546386717;R1_NORMAL;28;77;50;1;58;30;0;0.05000000819563866;0.30714622139930725;0.12497790902853012;96;4
C02;C02;Critico: Fadiga com desvio cinematico;Critico;Critico;0.5992475241422652;0.5992475241422652;R2_STABLE_RISK;29;50;22;0;32;3;1;0.2427244931459427;0.09743072837591171;0.0929810181260109;96;4
C07;C07;Critico progressivo: Sem cinto sob chuva;Critico;Critico;0.4960172146558761;0.4960172146558761;R2_STABLE_RISK;37;75;39;1;59;22;1;0.31229326128959656;0.3755140006542206;0.11916407942771912;96;4
C05;C05;Critico progressivo: Celular em rodovia;Critico;Critico;0.40534709095954896;0.40534709095954896;R2_STABLE_RISK;42;73;32;1;57;15;0;0.05000000819563866;0.3263368308544159;0.09597533941268921;96;4
C01;C01;Critico: Celular em alta velocidade;Critico;Critico;0.29102678298950196;0.29102678298950196;R2_STABLE_RISK;32;44;13;0;34;2;0;0.05000000819563866;0.15452949702739716;0.09954943507909775;96;4
N03;N03;Normal: Noite estável;Normal;Normal;0.050000007078051564;0.050000007078051564;R1_NORMAL;-1;-1;0;0;-1;-1;0;0.05000000819563866;0.03245372697710991;0.09467864036560059;96;4
C09;C09;Critico progressivo: Bebida ao volante;Critico;Critico;0.3917956829071045;0.3917956829071045;R3_FALSE_KIN;38;73;36;1;57;19;0;0.05000000819563866;0.25553369522094727;0.09336519241333008;96;4
N02;N02;Normal: Urbano moderado;Normal;Normal;0.050000007078051564;0.050000007078051564;R1_NORMAL;-1;-1;0;0;-1;-1;0;0.05000000819563866;0.02829509973526001;0.08522483706474304;96;4
C06;C06;Critico progressivo: Fadiga noturna;Critico;Critico;0.4575063288211822;0.4575063288211822;R2_STABLE_RISK;36;81;46;1;62;26;1;0.3561089038848877;0.15847964584827423;0.17404808104038239;96;4
C03;C03;Critico: Celular sem cinto sob chuva;Critico;Critico;0.3752959698438644;0.3752959698438644;R2_STABLE_RISK;26;41;16;0;28;2;0;0.05000000819563866;0.1866127997636795;0.11092352867126465;96;4
C08;C08;Critico progressivo: Distracao urbana multietapas;Critico;Critico;0.5398042291402816;0.5398042291402816;R1_NORMAL;28;77;50;1;52;24;1;0.2860514521598816;0.31378087401390076;0.2025812268257141;96;4
C04;C04;Critico: Multiplas distracoes urbanas;Critico;Critico;0.3713889718055725;0.3713889718055725;R1_NORMAL;22;45;24;0;24;2;0;0.05000000819563866;0.20388288795948029;0.11155883222818375;96;4
C03;C03;Critico: Celular sem cinto sob chuva;Critico;Critico;0.6187727361917494;0.6187727361917494;R1_NORMAL;26;41;16;0;28;2;1;0.27393317222595215;0.18586640059947968;0.19913256168365479;96;4
C07;C07;Critico progressivo: Sem cinto sob chuva;Critico;Critico;0.4078221663832664;0.4078221663832664;R2_STABLE_RISK;37;75;39;1;59;22;0;0.05000000819563866;0.37906965613365173;0.17274026572704315;96;4
C06;C06;Critico progressivo: Fadiga noturna;Critico;Critico;0.47903748154640197;0.47903748154640197;R1_NORMAL;36;81;46;1;59;23;1;0.35890650749206543;0.16449017822742462;0.15553826093673706;96;4
C09;C09;Critico progressivo: Bebida ao volante;Critico;Critico;0.4819981127977371;0.4819981127977371;R1_NORMAL;38;73;36;1;58;20;1;0.27125284075737;0.25690343976020813;0.13513590395450592;96;4
C01;C01;Critico: Celular em alta velocidade;Critico;Critico;0.527190813422203;0.527190813422203;R3_FALSE_KIN;32;44;13;0;34;2;1;0.22338731586933136;0.15464894473552704;0.1693602204322815;96;4
C08;C08;Critico progressivo: Distracao urbana multietapas;Critico;Critico;0.45288791954517366;0.45288791954517366;R1_NORMAL;28;77;50;1;53;25;0;0.05000000819563866;0.3215956389904022;0.15220771729946136;96;4
C05;C05;Critico progressivo: Celular em rodovia;Critico;Critico;0.48073600232601166;0.48073600232601166;R3_FALSE_KIN;42;73;32;1;61;19;1;0.27328547835350037;0.31145039200782776;0.17869991064071655;96;4
C01;C01;Critico: Celular em alta velocidade;Critico;Critico;0.29102678298950196;0.29102678298950196;R2_STABLE_RISK;32;44;13;0;34;2;0;0.05000000819563866;0.14924798905849457;0.13731536269187927;96;4
C04;C04;Critico: Multiplas distracoes urbanas;Critico;Critico;0.3713889718055725;0.3713889718055725;R1_NORMAL;22;45;24;0;24;2;0;0.05000000819563866;0.20104873180389404;0.10944807529449463;96;4
C04;C04;Critico: Multiplas distracoes urbanas;Critico;Critico;0.3713889718055725;0.3713889718055725;R3_FALSE_KIN;22;45;24;0;24;2;0;0.05000000819563866;0.2084791213274002;0.11803410202264786;96;4
C03;C03;Critico: Celular sem cinto sob chuva;Critico;Critico;0.3752959698438644;0.3752959698438644;R2_STABLE_RISK;26;41;16;0;28;2;0;0.05000000819563866;0.18490070104599;0.13753968477249146;96;4
C03;C03;Critico: Celular sem cinto sob chuva;Critico;Critico;0.3752959698438644;0.3752959698438644;R3_FALSE_KIN;26;41;16;0;28;2;0;0.05000000819563866;0.18462371826171875;0.11160526424646378;96;4
C09;C09;Critico progressivo: Bebida ao volante;Critico;Critico;0.4670934110879898;0.4670934110879898;R1_NORMAL;38;73;36;1;54;16;1;0.2773163616657257;0.250331848859787;0.1539745330810547;96;4
N03;N03;Normal: Noite estável;Normal;Normal;0.050000007078051564;0.050000007078051564;R3_FALSE_KIN;-1;-1;0;0;-1;-1;0;0.05000000819563866;0.0332053117454052;0.10205834358930588;96;4
C06;C06;Critico progressivo: Fadiga noturna;Critico;Critico;0.417710168659687;0.417710168659687;R1_NORMAL;36;81;46;1;59;23;0;0.05000000819563866;0.15870952606201172;0.07482630759477615;96;4
C07;C07;Critico progressivo: Sem cinto sob chuva;Critico;Critico;0.4081178620457649;0.4081178620457649;R2_STABLE_RISK;37;75;39;1;54;17;0;0.05000000819563866;0.3867628276348114;0.125498965382576;96;4
C02;C02;Critico: Fadiga com desvio cinematico;Critico;Critico;0.39378328174352645;0.39378328174352645;R3_FALSE_KIN;29;50;22;0;32;3;0;0.05000000819563866;0.10104256868362427;0.11352106928825378;96;4
C03;C03;Critico: Celular sem cinto sob chuva;Critico;Critico;0.3752959698438644;0.3752959698438644;R1_NORMAL;26;41;16;0;28;2;0;0.05000000819563866;0.1845155954360962;0.17023520171642303;96;4
C02;C02;Critico: Fadiga com desvio cinematico;Critico;Critico;0.39378328174352645;0.39378328174352645;R2_STABLE_RISK;29;50;22;0;32;3;0;0.05000000819563866;0.09680511802434921;0.11711324006319046;96;4
C07;C07;Critico progressivo: Sem cinto sob chuva;Critico;Critico;0.4120233193039894;0.4120233193039894;R2_STABLE_RISK;37;75;39;1;55;18;0;0.05000000819563866;0.38638564944267273;0.1868092268705368;96;4
C06;C06;Critico progressivo: Fadiga noturna;Critico;Critico;0.4838043451309204;0.4838043451309204;R3_FALSE_KIN;36;81;46;1;61;25;1;0.36515745520591736;0.1610746532678604;0.1316525787115097;96;4
C08;C08;Critico progressivo: Distracao urbana multietapas;Critico;Critico;0.41233769804239273;0.41233769804239273;R1_NORMAL;28;77;50;1;54;26;0;0.05000000819563866;0.30869561433792114;0.16350950300693512;96;4
C03;C03;Critico: Celular sem cinto sob chuva;Critico;Critico;0.6160067558288573;0.6160067558288573;R1_NORMAL;26;41;16;0;28;2;1;0.24439211189746857;0.18421272933483124;0.17919762432575226;96;4
C08;C08;Critico progressivo: Distracao urbana multietapas;Critico;Critico;0.49228269457817075;0.49228269457817075;R2_STABLE_RISK;28;77;50;1;55;27;1;0.31479164958000183;0.3156674802303314;0.15091153979301453;96;4
N01;N01;Normal: Viagem tranquila em rodovia;Normal;Normal;0.050000007078051564;0.050000007078051564;R1_NORMAL;-1;-1;0;0;-1;-1;0;0.05000000819563866;0.035235967487096786;0.11400061845779419;96;4
C09;C09;Critico progressivo: Bebida ao volante;Critico;Critico;0.4851119071245193;0.4851119071245193;R3_FALSE_KIN;38;73;36;1;57;19;1;0.31164517998695374;0.25614655017852783;0.16829140484333038;96;4
N01;N01;Normal: Viagem tranquila em rodovia;Normal;Normal;0.050000007078051564;0.050000007078051564;R1_NORMAL;-1;-1;0;0;-1;-1;0;0.05000000819563866;0.028947526589035988;0.10571157932281494;96;4
C07;C07;Critico progressivo: Sem cinto sob chuva;Critico;Critico;0.40815557241439815;0.40815557241439815;R1_NORMAL;37;75;39;1;57;20;0;0.05000000819563866;0.37986913323402405;0.14234383404254913;96;4
C09;C09;Critico progressivo: Bebida ao volante;Critico;Critico;0.4705845773220062;0.4705845773220062;R1_NORMAL;38;73;36;1;56;18;1;0.2496214359998703;0.24937750399112701;0.14171814918518066;96;4
C02;C02;Critico: Fadiga com desvio cinematico;Critico;Critico;0.6062581092119217;0.6062581092119217;R2_STABLE_RISK;29;50;22;0;32;3;1;0.2716324031352997;0.10151524096727371;0.1266266107559204;96;4
N01;N01;Normal: Viagem tranquila em rodovia;Normal;Normal;0.050000007078051564;0.050000007078051564;R3_FALSE_KIN;-1;-1;0;0;-1;-1;0;0.05000000819563866;0.0291197020560503;0.13130463659763336;96;4
C02;C02;Critico: Fadiga com desvio cinematico;Critico;Critico;0.39378328174352645;0.39378328174352645;R3_FALSE_KIN;29;50;22;0;32;3;0;0.05000000819563866;0.09887386113405228;0.11265937238931656;96;4
C09;C09;Critico progressivo: Bebida ao volante;Critico;Critico;0.3950820371508599;0.3950820371508599;R2_STABLE_RISK;38;73;36;1;58;20;0;0.05000000819563866;0.24922214448451996;0.10980796813964844;96;4
C09;C09;Critico progressivo: Bebida ao volante;Critico;Critico;0.40623795837163923;0.40623795837163923;R3_FALSE_KIN;38;73;36;1;53;15;0;0.05000000819563866;0.2522357404232025;0.15300774574279785;96;4
C10;C10;Critico progressivo: Grooming em rodovia com fadiga;Critico;Critico;0.4811181932687759;0.4811181932687759;R3_FALSE_KIN;40;81;42;1;66;26;1;0.3565625846385956;0.19434428215026855;0.15634526312351227;96;4
C03;C03;Critico: Celular sem cinto sob chuva;Critico;Critico;0.6264682084321975;0.6264682084321975;R2_STABLE_RISK;26;41;16;0;28;2;1;0.27379781007766724;0.191836878657341;0.2067071944475174;96;4
C04;C04;Critico: Multiplas distracoes urbanas;Critico;Critico;0.3713889718055725;0.3713889718055725;R1_NORMAL;22;45;24;0;24;2;0;0.05000000819563866;0.19903993606567383;0.10520061105489731;96;4
C07;C07;Critico progressivo: Sem cinto sob chuva;Critico;Critico;0.4266352578997612;0.4266352578997612;R2_STABLE_RISK;37;75;39;1;59;22;0;0.05000000819563866;0.37782081961631775;0.12833631038665771;96;4
C10;C10;Critico progressivo: Grooming em rodovia com fadiga;Critico;Critico;0.4083240762352943;0.4083240762352943;R3_FALSE_KIN;40;81;42;1;61;21;0;0.05000000819563866;0.19217294454574585;0.12631672620773315;96;4
C10;C10;Critico progressivo: Grooming em rodovia com fadiga;Critico;Critico;0.43393789082765577;0.43393789082765577;R1_NORMAL;40;81;42;1;61;21;0;0.05000000819563866;0.20978467166423798;0.10592003911733627;96;4
C07;C07;Critico progressivo: Sem cinto sob chuva;Critico;Critico;0.48555147647857666;0.48555147647857666;R2_STABLE_RISK;37;75;39;1;57;20;1;0.26589927077293396;0.37347519397735596;0.14002163708209991;96;4
N01;N01;Normal: Viagem tranquila em rodovia;Normal;Normal;0.050000007078051564;0.050000007078051564;R3_FALSE_KIN;-1;-1;0;0;-1;-1;0;0.05000000819563866;0.04124968871474266;0.08608678728342056;96;4
C06;C06;Critico progressivo: Fadiga noturna;Critico;Critico;0.4780804693698883;0.4780804693698883;R3_FALSE_KIN;36;81;46;1;60;24;1;0.31595173478126526;0.16497547924518585;0.10896015912294388;96;4
N02;N02;Normal: Urbano moderado;Normal;Normal;0.050000007078051564;0.050000007078051564;R1_NORMAL;-1;-1;0;0;-1;-1;0;0.05000000819563866;0.026379883289337158;0.08426511287689209;96;4
C10;C10;Critico progressivo: Grooming em rodovia com fadiga;Critico;Critico;0.3835440382361412;0.3835440382361412;R1_NORMAL;40;81;42;1;63;23;0;0.05000000819563866;0.20108962059020996;0.11869432777166367;96;4
C07;C07;Critico progressivo: Sem cinto sob chuva;Critico;Critico;0.4954570204019546;0.4954570204019546;R1_NORMAL;37;75;39;1;56;19;1;0.319607138633728;0.38263288140296936;0.1830604076385498;96;4
C01;C01;Critico: Celular em alta velocidade;Critico;Critico;0.29102678298950196;0.29102678298950196;R2_STABLE_RISK;32;44;13;0;34;2;0;0.05000000819563866;0.15605443716049194;0.13455508649349213;96;4
N02;N02;Normal: Urbano moderado;Normal;Normal;0.050000007078051564;0.050000007078051564;R2_STABLE_RISK;-1;-1;0;0;-1;-1;0;0.05000000819563866;0.031832508742809296;0.0824015736579895;96;4
C03;C03;Critico: Celular sem cinto sob chuva;Critico;Critico;0.3752959698438644;0.3752959698438644;R2_STABLE_RISK;26;41;16;0;28;2;0;0.05000000819563866;0.18590211868286133;0.16284041106700897;96;4
C06;C06;Critico progressivo: Fadiga noturna;Critico;Critico;0.42161231487989426;0.42161231487989426;R2_STABLE_RISK;36;81;46;1;60;24;0;0.05000000819563866;0.15624748170375824;0.1475006341934204;96;4
C09;C09;Critico progressivo: Bebida ao volante;Critico;Critico;0.4012753114104271;0.4012753114104271;R3_FALSE_KIN;38;73;36;1;55;17;0;0.05000000819563866;0.2561776340007782;0.13277770578861237;96;4
C07;C07;Critico progressivo: Sem cinto sob chuva;Critico;Critico;0.5105977773666381;0.5105977773666381;R1_NORMAL;37;75;39;1;54;17;1;0.3246403634548187;0.3861824572086334;0.1436948925256729;96;4
C10;C10;Critico progressivo: Grooming em rodovia com fadiga;Critico;Critico;0.39954421073198315;0.39954421073198315;R3_FALSE_KIN;40;81;42;1;62;22;0;0.05000000819563866;0.20273864269256592;0.13431575894355774;96;4
C02;C02;Critico: Fadiga com desvio cinematico;Critico;Critico;0.39378328174352645;0.39378328174352645;R1_NORMAL;29;50;22;0;32;3;0;0.05000000819563866;0.09413989633321762;0.11216983944177628;96;4
C10;C10;Critico progressivo: Grooming em rodovia com fadiga;Critico;Critico;0.4200129047036171;0.4200129047036171;R3_FALSE_KIN;40;81;42;1;61;21;0;0.05000000819563866;0.1963878720998764;0.08897537738084793;96;4
C08;C08;Critico progressivo: Distracao urbana multietapas;Critico;Critico;0.4259134292602539;0.4259134292602539;R1_NORMAL;28;77;50;1;54;26;0;0.05000000819563866;0.3194895088672638;0.14289310574531555;96;4
N03;N03;Normal: Noite estável;Normal;Normal;0.050000007078051564;0.050000007078051564;R2_STABLE_RISK;-1;-1;0;0;-1;-1;0;0.05000000819563866;0.03516515716910362;0.09543289989233017;96;4
N03;N03;Normal: Noite estável;Normal;Normal;0.050000007078051564;0.050000007078051564;R1_NORMAL;-1;-1;0;0;-1;-1;0;0.05000000819563866;0.026134857907891273;0.09276791661977768;96;4
C09;C09;Critico progressivo: Bebida ao volante;Critico;Critico;0.49490379393100736;0.49490379393100736;R1_NORMAL;38;73;36;1;61;23;1;0.31490322947502136;0.2528136968612671;0.14444632828235626;96;4
C05;C05;Critico progressivo: Celular em rodovia;Critico;Critico;0.46218183636665344;0.46218183636665344;R1_NORMAL;42;73;32;1;59;17;1;0.25814878940582275;0.3140658140182495;0.17818902432918549;96;4
N02;N02;Normal: Urbano moderado;Normal;Normal;0.050000007078051564;0.050000007078051564;R2_STABLE_RISK;-1;-1;0;0;-1;-1;0;0.05000000819563866;0.031944114714860916;0.0903644785284996;96;4
N01;N01;Normal: Viagem tranquila em rodovia;Normal;Normal;0.050000007078051564;0.050000007078051564;R1_NORMAL;-1;-1;0;0;-1;-1;0;0.05000000819563866;0.03538069501519203;0.10049820691347122;96;4
C03;C03;Critico: Celular sem cinto sob chuva;Critico;Critico;0.3752959698438644;0.3752959698438644;R1_NORMAL;26;41;16;0;28;2;0;0.05000000819563866;0.1861119121313095;0.16685570776462555;96;4
C08;C08;Critico progressivo: Distracao urbana multietapas;Critico;Critico;0.4298330053687095;0.4298330053687095;R1_NORMAL;28;77;50;1;53;25;0;0.05000000819563866;0.314127653837204;0.1050708219408989;96;4
C01;C01;Critico: Celular em alta velocidade;Critico;Critico;0.29102678298950196;0.29102678298950196;R2_STABLE_RISK;32;44;13;0;34;2;0;0.05000000819563866;0.15255124866962433;0.19398857653141022;96;4
C08;C08;Critico progressivo: Distracao urbana multietapas;Critico;Critico;0.4575903892517089;0.4575903892517089;R2_STABLE_RISK;28;77;50;1;52;24;0;0.05000000819563866;0.319840669631958;0.15552808344364166;96;4
C02;C02;Critico: Fadiga com desvio cinematico;Critico;Critico;0.39378328174352645;0.39378328174352645;R3_FALSE_KIN;29;50;22;0;32;3;0;0.05000000819563866;0.10107763856649399;0.14367161691188812;96;4
C08;C08;Critico progressivo: Distracao urbana multietapas;Critico;Critico;0.4511525124311447;0.4511525124311447;R1_NORMAL;28;77;50;1;49;21;0;0.05000000819563866;0.3234488070011139;0.16876548528671265;96;4
C01;C01;Critico: Celular em alta velocidade;Critico;Critico;0.29102678298950196;0.29102678298950196;R3_FALSE_KIN;32;44;13;0;34;2;0;0.05000000819563866;0.16027982532978058;0.12517353892326355;96;4
N01;N01;Normal: Viagem tranquila em rodovia;Normal;Normal;0.050000007078051564;0.050000007078051564;R3_FALSE_KIN;-1;-1;0;0;-1;-1;0;0.05000000819563866;0.03747018054127693;0.0900629386305809;96;4
N01;N01;Normal: Viagem tranquila em rodovia;Normal;Normal;0.050000007078051564;0.050000007078051564;R2_STABLE_RISK;-1;-1;0;0;-1;-1;0;0.05000000819563866;0.031108716502785683;0.13482274115085602;96;4
N03;N03;Normal: Noite estável;Normal;Normal;0.050000007078051564;0.050000007078051564;R3_FALSE_KIN;-1;-1;0;0;-1;-1;0;0.05000000819563866;0.032429568469524384;0.06865319609642029;96;4
C06;C06;Critico progressivo: Fadiga noturna;Critico;Critico;0.42699572443962097;0.42699572443962097;R3_FALSE_KIN;36;81;46;1;62;26;0;0.05000000819563866;0.16532452404499054;0.16396278142929077;96;4
C10;C10;Critico progressivo: Grooming em rodovia com fadiga;Critico;Critico;0.3901671156287193;0.3901671156287193;R3_FALSE_KIN;40;81;42;1;64;24;0;0.05000000819563866;0.20337438583374023;0.11771458387374878;96;4
C07;C07;Critico progressivo: Sem cinto sob chuva;Critico;Critico;0.4215988352894783;0.4215988352894783;R1_NORMAL;37;75;39;1;56;19;0;0.05000000819563866;0.3855871260166168;0.14212924242019653;96;4
N03;N03;Normal: Noite estável;Normal;Normal;0.050000007078051564;0.050000007078051564;R3_FALSE_KIN;-1;-1;0;0;-1;-1;0;0.05000000819563866;0.034214556217193604;0.08667624741792679;96;4
N01;N01;Normal: Viagem tranquila em rodovia;Normal;Normal;0.050000007078051564;0.050000007078051564;R1_NORMAL;-1;-1;0;0;-1;-1;0;0.05000000819563866;0.0240423996001482;0.10684306174516678;96;4
C08;C08;Critico progressivo: Distracao urbana multietapas;Critico;Critico;0.4398934200406074;0.4398934200406074;R1_NORMAL;28;77;50;1;55;27;0;0.05000000819563866;0.3156919479370117;0.12210232019424438;96;4
C04;C04;Critico: Multiplas distracoes urbanas;Critico;Critico;0.3713889718055725;0.3713889718055725;R1_NORMAL;22;45;24;0;24;2;0;0.05000000819563866;0.20027804374694824;0.12784995138645172;96;4
C09;C09;Critico progressivo: Bebida ao volante;Critico;Critico;0.3851873397827148;0.3851873397827148;R3_FALSE_KIN;38;73;36;1;59;21;0;0.05000000819563866;0.25331977009773254;0.10002270340919495;96;4
N03;N03;Normal: Noite estável;Normal;Normal;0.050000007078051564;0.050000007078051564;R3_FALSE_KIN;-1;-1;0;0;-1;-1;0;0.05000000819563866;0.03184380754828453;0.08186879009008408;96;4
N02;N02;Normal: Urbano moderado;Normal;Normal;0.050000007078051564;0.050000007078051564;R1_NORMAL;-1;-1;0;0;-1;-1;0;0.05000000819563866;0.030917009338736534;0.07870575785636902;96;4
C04;C04;Critico: Multiplas distracoes urbanas;Critico;Critico;0.3713889718055725;0.3713889718055725;R2_STABLE_RISK;22;45;24;0;24;2;0;0.05000000819563866;0.20767255127429962;0.13055205345153809;96;4
N03;N03;Normal: Noite estável;Normal;Normal;0.050000007078051564;0.050000007078051564;R1_NORMAL;-1;-1;0;0;-1;-1;0;0.05000000819563866;0.028119996190071106;0.09785642474889755;96;4
C06;C06;Critico progressivo: Fadiga noturna;Critico;Critico;0.3965023651719093;0.3965023651719093;R2_STABLE_RISK;36;81;46;1;59;23;0;0.05000000819563866;0.15590770542621613;0.13045498728752136;96;4
N03;N03;Normal: Noite estável;Normal;Normal;0.050000007078051564;0.050000007078051564;R2_STABLE_RISK;-1;-1;0;0;-1;-1;0;0.05000000819563866;0.033995479345321655;0.12936656177043915;96;4
C09;C09;Critico progressivo: Bebida ao volante;Critico;Critico;0.4903730124235153;0.4903730124235153;R1_NORMAL;38;73;36;1;57;19;1;0.29698699712753296;0.2567308247089386;0.15813687443733215;96;4
C04;C04;Critico: Multiplas distracoes urbanas;Critico;Critico;0.3713889718055725;0.3713889718055725;R2_STABLE_RISK;22;45;24;0;24;2;0;0.05000000819563866;0.2023637294769287;0.12422531843185425;96;4
C10;C10;Critico progressivo: Grooming em rodovia com fadiga;Critico;Critico;0.4031473085284233;0.4031473085284233;R2_STABLE_RISK;40;81;42;1;63;23;0;0.05000000819563866;0.200810506939888;0.14445585012435913;96;4
N02;N02;Normal: Urbano moderado;Normal;Normal;0.050000007078051564;0.050000007078051564;R1_NORMAL;-1;-1;0;0;-1;-1;0;0.05000000819563866;0.0352054089307785;0.109493188560009;96;4
C01;C01;Critico: Celular em alta velocidade;Critico;Critico;0.29102678298950196;0.29102678298950196;R3_FALSE_KIN;32;44;13;0;34;2;0;0.05000000819563866;0.15185298025608063;0.13511835038661957;96;4
C10;C10;Critico progressivo: Grooming em rodovia com fadiga;Critico;Critico;0.42504966706037517;0.42504966706037517;R1_NORMAL;40;81;42;1;62;22;0;0.05000000819563866;0.1988697201013565;0.08662107586860657;96;4
C01;C01;Critico: Celular em alta velocidade;Critico;Critico;0.29102678298950196;0.29102678298950196;R1_NORMAL;32;44;13;0;34;2;0;0.05000000819563866;0.15495379269123077;0.10810259729623795;96;4
N01;N01;Normal: Viagem tranquila em rodovia;Normal;Normal;0.050000007078051564;0.050000007078051564;R1_NORMAL;-1;-1;0;0;-1;-1;0;0.05000000819563866;0.030837545171380043;0.08514091372489929;96;4
C02;C02;Critico: Fadiga com desvio cinematico;Critico;Critico;0.39378328174352645;0.39378328174352645;R1_NORMAL;29;50;22;0;32;3;0;0.05000000819563866;0.09606621414422989;0.08814522624015808;96;4
C01;C01;Critico: Celular em alta velocidade;Critico;Critico;0.528290918469429;0.528290918469429;R1_NORMAL;32;44;13;0;34;2;1;0.24009214341640472;0.15286338329315186;0.16491714119911194;96;4
N03;N03;Normal: Noite estável;Normal;Normal;0.050000007078051564;0.050000007078051564;R1_NORMAL;-1;-1;0;0;-1;-1;0;0.05000000819563866;0.02837623655796051;0.11748393625020981;96;4
C10;C10;Critico progressivo: Grooming em rodovia com fadiga;Critico;Critico;0.39078365117311475;0.39078365117311475;R1_NORMAL;40;81;42;1;60;20;0;0.05000000819563866;0.20426738262176514;0.14267998933792114;96;4
N02;N02;Normal: Urbano moderado;Normal;Normal;0.050000007078051564;0.050000007078051564;R1_NORMAL;-1;-1;0;0;-1;-1;0;0.05000000819563866;0.03894670307636261;0.12293040752410889;96;4
C10;C10;Critico progressivo: Grooming em rodovia com fadiga;Critico;Critico;0.4195854142308235;0.4195854142308235;R2_STABLE_RISK;40;81;42;1;56;16;0;0.05000000819563866;0.2079290747642517;0.1330883949995041;96;4
C03;C03;Critico: Celular sem cinto sob chuva;Critico;Critico;0.3752959698438644;0.3752959698438644;R2_STABLE_RISK;26;41;16;0;28;2;0;0.05000000819563866;0.17892348766326904;0.11263354867696762;96;4
C06;C06;Critico progressivo: Fadiga noturna;Critico;Critico;0.43866868019104;0.43866868019104;R3_FALSE_KIN;36;81;46;1;61;25;0;0.05000000819563866;0.16573914885520935;0.1295045167207718;96;4
N01;N01;Normal: Viagem tranquila em rodovia;Normal;Normal;0.050000007078051564;0.050000007078051564;R2_STABLE_RISK;-1;-1;0;0;-1;-1;0;0.05000000819563866;0.03710680082440376;0.07957778126001358;96;4
N03;N03;Normal: Noite estável;Normal;Normal;0.050000007078051564;0.050000007078051564;R1_NORMAL;-1;-1;0;0;-1;-1;0;0.05000000819563866;0.026159191504120827;0.09614002704620361;96;4
N02;N02;Normal: Urbano moderado;Normal;Normal;0.050000007078051564;0.050000007078051564;R3_FALSE_KIN;-1;-1;0;0;-1;-1;0;0.05000000819563866;0.03365955129265785;0.08465265482664108;96;4
C08;C08;Critico progressivo: Distracao urbana multietapas;Critico;Critico;0.4130746781826019;0.4130746781826019;R1_NORMAL;28;77;50;1;57;29;0;0.05000000819563866;0.312406986951828;0.09853861480951309;96;4
C03;C03;Critico: Celular sem cinto sob chuva;Critico;Critico;0.3752959698438644;0.3752959698438644;R3_FALSE_KIN;26;41;16;0;28;2;0;0.05000000819563866;0.18623115122318268;0.1611565202474594;96;4
N03;N03;Normal: Noite estável;Normal;Normal;0.050000007078051564;0.050000007078051564;R2_STABLE_RISK;-1;-1;0;0;-1;-1;0;0.05000000819563866;0.030208170413970947;0.08567523956298828;96;4
C07;C07;Critico progressivo: Sem cinto sob chuva;Critico;Critico;0.4989960461854934;0.4989960461854934;R3_FALSE_KIN;37;75;39;1;58;21;1;0.25333371758461;0.376284122467041;0.14128945767879486;96;4
C02;C02;Critico: Fadiga com desvio cinematico;Critico;Critico;0.39378328174352645;0.39378328174352645;R1_NORMAL;29;50;22;0;32;3;0;0.05000000819563866;0.10268916934728622;0.15651337802410126;96;4
C06;C06;Critico progressivo: Fadiga noturna;Critico;Critico;0.4356284663081169;0.4356284663081169;R1_NORMAL;36;81;46;1;62;26;0;0.05000000819563866;0.1511279195547104;0.14285020530223846;96;4
C08;C08;Critico progressivo: Distracao urbana multietapas;Critico;Critico;0.431220968067646;0.431220968067646;R1_NORMAL;28;77;50;1;58;30;0;0.05000000819563866;0.3080418109893799;0.15346083045005798;96;4
C03;C03;Critico: Celular sem cinto sob chuva;Critico;Critico;0.3752959698438644;0.3752959698438644;R2_STABLE_RISK;26;41;16;0;28;2;0;0.05000000819563866;0.18502716720104218;0.1343861222267151;96;4
C09;C09;Critico progressivo: Bebida ao volante;Critico;Critico;0.3941585779190063;0.3941585779190063;R1_NORMAL;38;73;36;1;55;17;0;0.05000000819563866;0.2525504231452942;0.1286499798297882;96;4
C07;C07;Critico progressivo: Sem cinto sob chuva;Critico;Critico;0.4122984886169433;0.4122984886169433;R1_NORMAL;37;75;39;1;56;19;0;0.05000000819563866;0.37608182430267334;0.12389203161001205;96;4
C04;C04;Critico: Multiplas distracoes urbanas;Critico;Critico;0.3713889718055725;0.3713889718055725;R3_FALSE_KIN;22;45;24;0;24;2;0;0.05000000819563866;0.2000100463628769;0.14117737114429474;96;4
C04;C04;Critico: Multiplas distracoes urbanas;Critico;Critico;0.3713889718055725;0.3713889718055725;R3_FALSE_KIN;22;45;24;0;24;2;0;0.05000000819563866;0.2126363068819046;0.17301857471466064;96;4
C09;C09;Critico progressivo: Bebida ao volante;Critico;Critico;0.49697730839252474;0.49697730839252474;R1_NORMAL;38;73;36;1;60;22;1;0.29817554354667664;0.2489001750946045;0.15993855893611908;96;4
C07;C07;Critico progressivo: Sem cinto sob chuva;Critico;Critico;0.4723695069551468;0.4723695069551468;R2_STABLE_RISK;37;75;39;1;59;22;1;0.26119014620780945;0.3819505274295807;0.14827923476696014;96;4
N02;N02;Normal: Urbano moderado;Normal;Normal;0.050000007078051564;0.050000007078051564;R3_FALSE_KIN;-1;-1;0;0;-1;-1;0;0.05000000819563866;0.030810773372650146;0.0825028121471405;96;4
C03;C03;Critico: Celular sem cinto sob chuva;Critico;Critico;0.3752959698438644;0.3752959698438644;R1_NORMAL;26;41;16;0;28;2;0;0.05000000819563866;0.18843066692352295;0.11371532827615738;96;4
N03;N03;Normal: Noite estável;Normal;Normal;0.050000007078051564;0.050000007078051564;R1_NORMAL;-1;-1;0;0;-1;-1;0;0.05000000819563866;0.03394344076514244;0.07821942120790482;96;4
N02;N02;Normal: Urbano moderado;Normal;Normal;0.050000007078051564;0.050000007078051564;R1_NORMAL;-1;-1;0;0;-1;-1;0;0.05000000819563866;0.0337025411427021;0.0933397188782692;96;4
C01;C01;Critico: Celular em alta velocidade;Critico;Critico;0.5360060214996338;0.5360060214996338;R1_NORMAL;32;44;13;0;34;2;1;0.2647455036640167;0.15161891281604767;0.15929831564426422;96;4
C03;C03;Critico: Celular sem cinto sob chuva;Critico;Critico;0.3752959698438644;0.3752959698438644;R3_FALSE_KIN;26;41;16;0;28;2;0;0.05000000819563866;0.1834554225206375;0.12116897106170654;96;4
N03;N03;Normal: Noite estável;Normal;Normal;0.050000007078051564;0.050000007078051564;R2_STABLE_RISK;-1;-1;0;0;-1;-1;0;0.05000000819563866;0.033561766147613525;0.1048172116279602;96;4
C09;C09;Critico progressivo: Bebida ao volante;Critico;Critico;0.38480143398046496;0.38480143398046496;R2_STABLE_RISK;38;73;36;1;57;19;0;0.05000000819563866;0.25085902214050293;0.17653580009937286;96;4
N01;N01;Normal: Viagem tranquila em rodovia;Normal;Normal;0.050000007078051564;0.050000007078051564;R1_NORMAL;-1;-1;0;0;-1;-1;0;0.05000000819563866;0.029466671869158745;0.08955194801092148;96;4
C03;C03;Critico: Celular sem cinto sob chuva;Critico;Critico;0.3752959698438644;0.3752959698438644;R1_NORMAL;26;41;16;0;28;2;0;0.05000000819563866;0.18299157917499542;0.14106635749340057;96;4
C01;C01;Critico: Celular em alta velocidade;Critico;Critico;0.29102678298950196;0.29102678298950196;R1_NORMAL;32;44;13;0;34;2;0;0.05000000819563866;0.14933563768863678;0.13104428350925446;96;4
C06;C06;Critico progressivo: Fadiga noturna;Critico;Critico;0.4394986197352409;0.4394986197352409;R2_STABLE_RISK;36;81;46;1;57;21;0;0.05000000819563866;0.1615213006734848;0.11816570907831192;96;4
C05;C05;Critico progressivo: Celular em rodovia;Critico;Critico;0.3704464688897133;0.3704464688897133;R2_STABLE_RISK;42;73;32;1;57;15;0;0.05000000819563866;0.32626548409461975;0.10855516046285629;96;4
C01;C01;Critico: Celular em alta velocidade;Critico;Critico;0.29102678298950196;0.29102678298950196;R2_STABLE_RISK;32;44;13;0;34;2;0;0.05000000819563866;0.15749293565750122;0.15475128591060638;96;4
N03;N03;Normal: Noite estável;Normal;Normal;0.050000007078051564;0.050000007078051564;R2_STABLE_RISK;-1;-1;0;0;-1;-1;0;0.05000000819563866;0.03147665038704872;0.07716832309961319;96;4
C07;C07;Critico progressivo: Sem cinto sob chuva;Critico;Critico;0.48782993555068965;0.48782993555068965;R1_NORMAL;37;75;39;1;56;19;1;0.3318367302417755;0.3868509829044342;0.16076628863811493;96;4
N01;N01;Normal: Viagem tranquila em rodovia;Normal;Normal;0.050000007078051564;0.050000007078051564;R2_STABLE_RISK;-1;-1;0;0;-1;-1;0;0.05000000819563866;0.02342805825173855;0.10062967985868454;96;4
C07;C07;Critico progressivo: Sem cinto sob chuva;Critico;Critico;0.49347525537014003;0.49347525537014003;R1_NORMAL;37;75;39;1;56;19;1;0.2695240080356598;0.3832590579986572;0.13380193710327148;96;4
C07;C07;Critico progressivo: Sem cinto sob chuva;Critico;Critico;0.4123176261782646;0.4123176261782646;R3_FALSE_KIN;37;75;39;1;58;21;0;0.05000000819563866;0.3711123466491699;0.12689276039600372;96;4
C10;C10;Critico progressivo: Grooming em rodovia com fadiga;Critico;Critico;0.40740123987197874;0.40740123987197874;R1_NORMAL;40;81;42;1;57;17;0;0.05000000819563866;0.20239388942718506;0.12164696305990219;96;4
C03;C03;Critico: Celular sem cinto sob chuva;Critico;Critico;0.6114344120025634;0.6114344120025634;R1_NORMAL;26;41;16;0;28;2;1;0.2264360934495926;0.18687331676483154;0.20436398684978485;96;4
C07;C07;Critico progressivo: Sem cinto sob chuva;Critico;Critico;0.4003057718276978;0.4003057718276978;R2_STABLE_RISK;37;75;39;1;53;16;0;0.05000000819563866;0.3820152282714844;0.13157011568546295;96;4
N01;N01;Normal: Viagem tranquila em rodovia;Normal;Normal;0.050000007078051564;0.050000007078051564;R1_NORMAL;-1;-1;0;0;-1;-1;0;0.05000000819563866;0.030262412503361702;0.08390912413597107;96;4
C10;C10;Critico progressivo: Grooming em rodovia com fadiga;Critico;Critico;0.4899838626384735;0.4899838626384735;R2_STABLE_RISK;40;81;42;1;62;22;1;0.36186373233795166;0.20219285786151886;0.1146773099899292;96;4
N03;N03;Normal: Noite estável;Normal;Normal;0.050000007078051564;0.050000007078051564;R3_FALSE_KIN;-1;-1;0;0;-1;-1;0;0.05000000819563866;0.02652663178741932;0.09518158435821533;96;4
N03;N03;Normal: Noite estável;Normal;Normal;0.050000007078051564;0.050000007078051564;R1_NORMAL;-1;-1;0;0;-1;-1;0;0.05000000819563866;0.03262985497713089;0.09663250297307968;96;4
C06;C06;Critico progressivo: Fadiga noturna;Critico;Critico;0.4527926102280616;0.4527926102280616;R2_STABLE_RISK;36;81;46;1;57;21;0;0.05000000819563866;0.1582096964120865;0.1353682428598404;96;4
C04;C04;Critico: Multiplas distracoes urbanas;Critico;Critico;0.3713889718055725;0.3713889718055725;R1_NORMAL;22;45;24;0;24;2;0;0.05000000819563866;0.20740319788455963;0.13322538137435913;96;4
N03;N03;Normal: Noite estável;Normal;Normal;0.050000007078051564;0.050000007078051564;R1_NORMAL;-1;-1;0;0;-1;-1;0;0.05000000819563866;0.026633689180016518;0.09541551023721695;96;4
C09;C09;Critico progressivo: Bebida ao volante;Critico;Critico;0.5270822137594222;0.5270822137594222;R3_FALSE_KIN;38;73;36;1;55;17;1;0.3055053949356079;0.2594147026538849;0.1283695548772812;96;4
C01;C01;Critico: Celular em alta velocidade;Critico;Critico;0.29102678298950196;0.29102678298950196;R2_STABLE_RISK;32;44;13;0;34;2;0;0.05000000819563866;0.15818674862384796;0.09038136154413223;96;4
C02;C02;Critico: Fadiga com desvio cinematico;Critico;Critico;0.39378328174352645;0.39378328174352645;R3_FALSE_KIN;29;50;22;0;32;3;0;0.05000000819563866;0.0991385355591774;0.12467565387487411;96;4
C03;C03;Critico: Celular sem cinto sob chuva;Critico;Critico;0.6089578181505203;0.6089578181505203;R3_FALSE_KIN;26;41;16;0;28;2;1;0.21201778948307037;0.18927593529224396;0.18835727870464325;96;4
N02;N02;Normal: Urbano moderado;Normal;Normal;0.050000007078051564;0.050000007078051564;R1_NORMAL;-1;-1;0;0;-1;-1;0;0.05000000819563866;0.02992899715900421;0.10227400064468384;96;4
C10;C10;Critico progressivo: Grooming em rodovia com fadiga;Critico;Critico;0.4613941967487335;0.4613941967487335;R1_NORMAL;40;81;42;1;59;19;1;0.34067121148109436;0.20265226066112518;0.10558950901031494;96;4
C05;C05;Critico progressivo: Celular em rodovia;Critico;Critico;0.3749626994132995;0.3749626994132995;R2_STABLE_RISK;42;73;32;1;60;18;0;0.05000000819563866;0.31424131989479065;0.1442962884902954;96;4
C03;C03;Critico: Celular sem cinto sob chuva;Critico;Critico;0.6038199007511138;0.6038199007511138;R1_NORMAL;26;41;16;0;28;2;1;0.19535261392593384;0.18858283758163452;0.16969449818134308;96;4
C08;C08;Critico progressivo: Distracao urbana multietapas;Critico;Critico;0.5233366757631301;0.5233366757631301;R3_FALSE_KIN;28;77;50;1;54;26;1;0.31324121356010437;0.31788626313209534;0.16269277036190033;96;4
C01;C01;Critico: Celular em alta velocidade;Critico;Critico;0.29102678298950196;0.29102678298950196;R1_NORMAL;32;44;13;0;34;2;0;0.05000000819563866;0.15150798857212067;0.10162132978439331;96;4
C09;C09;Critico progressivo: Bebida ao volante;Critico;Critico;0.47131326198577883;0.47131326198577883;R1_NORMAL;38;73;36;1;55;17;1;0.2557999789714813;0.2513606548309326;0.1680254191160202;96;4
C01;C01;Critico: Celular em alta velocidade;Critico;Critico;0.29102678298950196;0.29102678298950196;R2_STABLE_RISK;32;44;13;0;34;2;0;0.05000000819563866;0.16206268966197968;0.1229882538318634;96;4
C06;C06;Critico progressivo: Fadiga noturna;Critico;Critico;0.4715972900390625;0.4715972900390625;R1_NORMAL;36;81;46;1;59;23;1;0.31081345677375793;0.15930978953838348;0.13388347625732422;96;4
C04;C04;Critico: Multiplas distracoes urbanas;Critico;Critico;0.3713889718055725;0.3713889718055725;R1_NORMAL;22;45;24;0;24;2;0;0.05000000819563866;0.20322982966899872;0.10519159585237503;96;4
C02;C02;Critico: Fadiga com desvio cinematico;Critico;Critico;0.39378328174352645;0.39378328174352645;R1_NORMAL;29;50;22;0;32;3;0;0.05000000819563866;0.10521701723337173;0.10258813947439194;96;4
C06;C06;Critico progressivo: Fadiga noturna;Critico;Critico;0.4384390294551849;0.4384390294551849;R2_STABLE_RISK;36;81;46;1;62;26;0;0.05000000819563866;0.1627100259065628;0.12356378883123398;96;4
C04;C04;Critico: Multiplas distracoes urbanas;Critico;Critico;0.3713889718055725;0.3713889718055725;R1_NORMAL;22;45;24;0;24;2;0;0.05000000819563866;0.20010598003864288;0.12871640920639038;96;4
C09;C09;Critico progressivo: Bebida ao volante;Critico;Critico;0.3753410026431083;0.3753410026431083;R2_STABLE_RISK;38;73;36;1;58;20;0;0.05000000819563866;0.2578364312648773;0.12529751658439636;96;4
C04;C04;Critico: Multiplas distracoes urbanas;Critico;Critico;0.3713889718055725;0.3713889718055725;R1_NORMAL;22;45;24;0;24;2;0;0.05000000819563866;0.20244359970092773;0.17035435140132904;96;4
N01;N01;Normal: Viagem tranquila em rodovia;Normal;Normal;0.050000007078051564;0.050000007078051564;R3_FALSE_KIN;-1;-1;0;0;-1;-1;0;0.05000000819563866;0.02649405598640442;0.10669390112161636;96;4
N02;N02;Normal: Urbano moderado;Normal;Normal;0.050000007078051564;0.050000007078051564;R1_NORMAL;-1;-1;0;0;-1;-1;0;0.05000000819563866;0.0345003716647625;0.11271121352910995;96;4
C09;C09;Critico progressivo: Bebida ao volante;Critico;Critico;0.4986347585916519;0.4986347585916519;R1_NORMAL;38;73;36;1;58;20;1;0.31970664858818054;0.2536943852901459;0.15474651753902435;96;4
N02;N02;Normal: Urbano moderado;Normal;Normal;0.050000007078051564;0.050000007078051564;R2_STABLE_RISK;-1;-1;0;0;-1;-1;0;0.05000000819563866;0.03906698897480965;0.07736370712518692;96;4
C09;C09;Critico progressivo: Bebida ao volante;Critico;Critico;0.39462914615869515;0.39462914615869515;R3_FALSE_KIN;38;73;36;1;57;19;0;0.05000000819563866;0.25316059589385986;0.15967628359794617;96;4
N02;N02;Normal: Urbano moderado;Normal;Normal;0.050000007078051564;0.050000007078051564;R2_STABLE_RISK;-1;-1;0;0;-1;-1;0;0.05000000819563866;0.031236836686730385;0.09515842795372009;96;4
C03;C03;Critico: Celular sem cinto sob chuva;Critico;Critico;0.3752959698438644;0.3752959698438644;R1_NORMAL;26;41;16;0;28;2;0;0.05000000819563866;0.18281634151935577;0.14095306396484375;96;4
C01;C01;Critico: Celular em alta velocidade;Critico;Critico;0.29102678298950196;0.29102678298950196;R1_NORMAL;32;44;13;0;34;2;0;0.05000000819563866;0.15406399965286255;0.08957618474960327;96;4
C06;C06;Critico progressivo: Fadiga noturna;Critico;Critico;0.4576026424765587;0.4576026424765587;R3_FALSE_KIN;36;81;46;1;61;25;0;0.05000000819563866;0.1634184867143631;0.11018633097410202;96;4
C06;C06;Critico progressivo: Fadiga noturna;Critico;Critico;0.4413337051868439;0.4413337051868439;R1_NORMAL;36;81;46;1;59;23;0;0.05000000819563866;0.15690810978412628;0.088529072701931;96;4
C10;C10;Critico progressivo: Grooming em rodovia com fadiga;Critico;Critico;0.39862228482961654;0.39862228482961654;R1_NORMAL;40;81;42;1;65;25;0;0.05000000819563866;0.18828199803829193;0.145024374127388;96;4
C03;C03;Critico: Celular sem cinto sob chuva;Critico;Critico;0.3752959698438644;0.3752959698438644;R3_FALSE_KIN;26;41;16;0;28;2;0;0.05000000819563866;0.1887105256319046;0.12234453111886978;96;4
C02;C02;Critico: Fadiga com desvio cinematico;Critico;Critico;0.39378328174352645;0.39378328174352645;R1_NORMAL;29;50;22;0;32;3;0;0.05000000819563866;0.09437774866819382;0.10949248820543289;96;4
C08;C08;Critico progressivo: Distracao urbana multietapas;Critico;Critico;0.4232392892241478;0.4232392892241478;R2_STABLE_RISK;28;77;50;1;58;30;0;0.05000000819563866;0.31372663378715515;0.13952438533306122;96;4
C08;C08;Critico progressivo: Distracao urbana multietapas;Critico;Critico;0.47019409537315365;0.47019409537315365;R2_STABLE_RISK;28;77;50;1;50;22;0;0.05000000819563866;0.32527056336402893;0.14679346978664398;96;4
C07;C07;Critico progressivo: Sem cinto sob chuva;Critico;Critico;0.4208052456378937;0.4208052456378937;R1_NORMAL;37;75;39;1;59;22;0;0.05000000819563866;0.3737647533416748;0.14600859582424164;96;4
N02;N02;Normal: Urbano moderado;Normal;Normal;0.050000007078051564;0.050000007078051564;R2_STABLE_RISK;-1;-1;0;0;-1;-1;0;0.05000000819563866;0.027239888906478882;0.101521335542202;96;4
C02;C02;Critico: Fadiga com desvio cinematico;Critico;Critico;0.39378328174352645;0.39378328174352645;R1_NORMAL;29;50;22;0;32;3;0;0.05000000819563866;0.09676796197891235;0.09168821573257446;96;4
C04;C04;Critico: Multiplas distracoes urbanas;Critico;Critico;0.3713889718055725;0.3713889718055725;R2_STABLE_RISK;22;45;24;0;24;2;0;0.05000000819563866;0.2021523267030716;0.18122051656246185;96;4
N01;N01;Normal: Viagem tranquila em rodovia;Normal;Normal;0.050000007078051564;0.050000007078051564;R1_NORMAL;-1;-1;0;0;-1;-1;0;0.05000000819563866;0.02724558115005493;0.07346787303686142;96;4
C05;C05;Critico progressivo: Celular em rodovia;Critico;Critico;0.46618766486644747;0.46618766486644747;R3_FALSE_KIN;42;73;32;1;61;19;1;0.3202846348285675;0.31834182143211365;0.16208551824092865;96;4
N02;N02;Normal: Urbano moderado;Normal;Normal;0.050000007078051564;0.050000007078051564;R1_NORMAL;-1;-1;0;0;-1;-1;0;0.05000000819563866;0.029851242899894714;0.1309501677751541;96;4
C06;C06;Critico progressivo: Fadiga noturna;Critico;Critico;0.4369324207305908;0.4369324207305908;R1_NORMAL;36;81;46;1;64;28;0;0.05000000819563866;0.16067393124103546;0.15184286236763;96;4
C03;C03;Critico: Celular sem cinto sob chuva;Critico;Critico;0.3752959698438644;0.3752959698438644;R3_FALSE_KIN;26;41;16;0;28;2;0;0.05000000819563866;0.18324272334575653;0.12448328733444214;96;4
C04;C04;Critico: Multiplas distracoes urbanas;Critico;Critico;0.5630445033311844;0.5630445033311844;R1_NORMAL;22;45;24;0;24;2;1;0.21672691404819489;0.19937242567539215;0.15710197389125824;96;4
C07;C07;Critico progressivo: Sem cinto sob chuva;Critico;Critico;0.3952520608901977;0.3952520608901977;R1_NORMAL;37;75;39;1;59;22;0;0.05000000819563866;0.38364744186401367;0.15345917642116547;96;4
N03;N03;Normal: Noite estável;Normal;Normal;0.050000007078051564;0.050000007078051564;R1_NORMAL;-1;-1;0;0;-1;-1;0;0.05000000819563866;0.02858019433915615;0.10698220878839493;96;4
C08;C08;Critico progressivo: Distracao urbana multietapas;Critico;Critico;0.44650661051273344;0.44650661051273344;R3_FALSE_KIN;28;77;50;1;57;29;0;0.05000000819563866;0.32392701506614685;0.15618373453617096;96;4
C02;C02;Critico: Fadiga com desvio cinematico;Critico;Critico;0.39378328174352645;0.39378328174352645;R1_NORMAL;29;50;22;0;32;3;0;0.05000000819563866;0.09505418688058853;0.15183313190937042;96;4
N01;N01;Normal: Viagem tranquila em rodovia;Normal;Normal;0.050000007078051564;0.050000007078051564;R3_FALSE_KIN;-1;-1;0;0;-1;-1;0;0.05000000819563866;0.03772711753845215;0.08504500240087509;96;4
C06;C06;Critico progressivo: Fadiga noturna;Critico;Critico;0.4979387134313583;0.4979387134313583;R3_FALSE_KIN;36;81;46;1;59;23;1;0.374863862991333;0.15203838050365448;0.08756645768880844;96;4
N02;N02;Normal: Urbano moderado;Normal;Normal;0.050000007078051564;0.050000007078051564;R1_NORMAL;-1;-1;0;0;-1;-1;0;0.05000000819563866;0.03347538784146309;0.12583021819591522;96;4
N03;N03;Normal: Noite estável;Normal;Normal;0.050000007078051564;0.050000007078051564;R3_FALSE_KIN;-1;-1;0;0;-1;-1;0;0.05000000819563866;0.03315110504627228;0.10483448952436447;96;4
C06;C06;Critico progressivo: Fadiga noturna;Critico;Critico;0.42196827530860903;0.42196827530860903;R3_FALSE_KIN;36;81;46;1;60;24;0;0.05000000819563866;0.15550114214420319;0.12430238723754883;96;4
C10;C10;Critico progressivo: Grooming em rodovia com fadiga;Critico;Critico;0.49811347424983976;0.49811347424983976;R3_FALSE_KIN;40;81;42;1;59;19;1;0.35577332973480225;0.20218463242053986;0.10770618915557861;96;4
C02;C02;Critico: Fadiga com desvio cinematico;Critico;Critico;0.5975241333246231;0.5975241333246231;R1_NORMAL;29;50;22;0;32;3;1;0.26491793990135193;0.0922742560505867;0.165915384888649;96;4
C03;C03;Critico: Celular sem cinto sob chuva;Critico;Critico;0.3752959698438644;0.3752959698438644;R1_NORMAL;26;41;16;0;28;2;0;0.05000000819563866;0.19497394561767578;0.13384781777858734;96;4
C08;C08;Critico progressivo: Distracao urbana multietapas;Critico;Critico;0.4285454526543617;0.4285454526543617;R1_NORMAL;28;77;50;1;56;28;0;0.05000000819563866;0.3231864869594574;0.16834627091884613;96;4
C02;C02;Critico: Fadiga com desvio cinematico;Critico;Critico;0.6076867878437042;0.6076867878437042;R1_NORMAL;29;50;22;0;32;3;1;0.27900102734565735;0.09558901935815811;0.17389090359210968;96;4
C01;C01;Critico: Celular em alta velocidade;Critico;Critico;0.29102678298950196;0.29102678298950196;R3_FALSE_KIN;32;44;13;0;34;2;0;0.05000000819563866;0.16194342076778412;0.10890854150056839;96;4
C02;C02;Critico: Fadiga com desvio cinematico;Critico;Critico;0.39378328174352645;0.39378328174352645;R2_STABLE_RISK;29;50;22;0;32;3;0;0.05000000819563866;0.09435225278139114;0.13267070055007935;96;4
N02;N02;Normal: Urbano moderado;Normal;Normal;0.050000007078051564;0.050000007078051564;R1_NORMAL;-1;-1;0;0;-1;-1;0;0.05000000819563866;0.036769431084394455;0.10335379838943481;96;4
C06;C06;Critico progressivo: Fadiga noturna;Critico;Critico;0.44626425504684447;0.44626425504684447;R1_NORMAL;36;81;46;1;62;26;0;0.05000000819563866;0.1574678272008896;0.10112584382295609;96;4
N01;N01;Normal: Viagem tranquila em rodovia;Normal;Normal;0.050000007078051564;0.050000007078051564;R2_STABLE_RISK;-1;-1;0;0;-1;-1;0;0.05000000819563866;0.03835873305797577;0.09731075912714005;96;4
C07;C07;Critico progressivo: Sem cinto sob chuva;Critico;Critico;0.41795149892568584;0.41795149892568584;R1_NORMAL;37;75;39;1;59;22;0;0.05000000819563866;0.3793790638446808;0.13361459970474243;96;4
C04;C04;Critico: Multiplas distracoes urbanas;Critico;Critico;0.5603138923645019;0.5603138923645019;R2_STABLE_RISK;22;45;24;0;24;2;1;0.23356620967388153;0.19998519122600555;0.1687554568052292;96;4
C04;C04;Critico: Multiplas distracoes urbanas;Critico;Critico;0.5664650201797485;0.5664650201797485;R3_FALSE_KIN;22;45;24;0;24;2;1;0.24523437023162842;0.1992911696434021;0.17227177321910858;96;4
C01;C01;Critico: Celular em alta velocidade;Critico;Critico;0.5287090748548507;0.5287090748548507;R3_FALSE_KIN;32;44;13;0;34;2;1;0.23531489074230194;0.153379425406456;0.19360609352588654;96;4
C10;C10;Critico progressivo: Grooming em rodovia com fadiga;Critico;Critico;0.4033381298184394;0.4033381298184394;R1_NORMAL;40;81;42;1;61;21;0;0.05000000819563866;0.20372343063354492;0.12969370186328888;96;4
C07;C07;Critico progressivo: Sem cinto sob chuva;Critico;Critico;0.4060351014137268;0.4060351014137268;R1_NORMAL;37;75;39;1;57;20;0;0.05000000819563866;0.3865763247013092;0.11020150035619736;96;4
N03;N03;Normal: Noite estável;Normal;Normal;0.050000007078051564;0.050000007078051564;R2_STABLE_RISK;-1;-1;0;0;-1;-1;0;0.05000000819563866;0.02532937563955784;0.0930619016289711;96;4
N01;N01;Normal: Viagem tranquila em rodovia;Normal;Normal;0.050000007078051564;0.050000007078051564;R1_NORMAL;-1;-1;0;0;-1;-1;0;0.05000000819563866;0.029375264421105385;0.11117172241210938;96;4
C05;C05;Critico progressivo: Celular em rodovia;Critico;Critico;0.48535750210285183;0.48535750210285183;R1_NORMAL;42;73;32;1;59;17;1;0.2936781346797943;0.3222329318523407;0.1526113599538803;96;4
N03;N03;Normal: Noite estável;Normal;Normal;0.050000007078051564;0.050000007078051564;R2_STABLE_RISK;-1;-1;0;0;-1;-1;0;0.05000000819563866;0.03181517496705055;0.07714001089334488;96;4
C07;C07;Critico progressivo: Sem cinto sob chuva;Critico;Critico;0.3860531449317932;0.3860531449317932;R3_FALSE_KIN;37;75;39;1;61;24;0;0.05000000819563866;0.371715784072876;0.12360718846321106;96;4
C01;C01;Critico: Celular em alta velocidade;Critico;Critico;0.29102678298950196;0.29102678298950196;R3_FALSE_KIN;32;44;13;0;34;2;0;0.05000000819563866;0.15508081018924713;0.11059734970331192;96;4
N02;N02;Normal: Urbano moderado;Normal;Normal;0.050000007078051564;0.050000007078051564;R3_FALSE_KIN;-1;-1;0;0;-1;-1;0;0.05000000819563866;0.03523680567741394;0.10248244553804398;96;4
N03;N03;Normal: Noite estável;Normal;Normal;0.050000007078051564;0.050000007078051564;R3_FALSE_KIN;-1;-1;0;0;-1;-1;0;0.05000000819563866;0.025096820667386055;0.06519808620214462;96;4
N02;N02;Normal: Urbano moderado;Normal;Normal;0.050000007078051564;0.050000007078051564;R1_NORMAL;-1;-1;0;0;-1;-1;0;0.05000000819563866;0.036577414721250534;0.14919568598270416;96;4
C02;C02;Critico: Fadiga com desvio cinematico;Critico;Critico;0.5945381313562392;0.5945381313562392;R1_NORMAL;29;50;22;0;32;3;1;0.2745929956436157;0.09601029008626938;0.19377239048480988;96;4
N01;N01;Normal: Viagem tranquila em rodovia;Normal;Normal;0.050000007078051564;0.050000007078051564;R1_NORMAL;-1;-1;0;0;-1;-1;0;0.05000000819563866;0.02758202888071537;0.09233450144529343;96;4
N02;N02;Normal: Urbano moderado;Normal;Normal;0.050000007078051564;0.050000007078051564;R2_STABLE_RISK;-1;-1;0;0;-1;-1;0;0.05000000819563866;0.026471205055713654;0.10183481127023697;96;4
C03;C03;Critico: Celular sem cinto sob chuva;Critico;Critico;0.3752959698438644;0.3752959698438644;R3_FALSE_KIN;26;41;16;0;28;2;0;0.05000000819563866;0.18093402683734894;0.1489618420600891;96;4
C07;C07;Critico progressivo: Sem cinto sob chuva;Critico;Critico;0.4005351975560188;0.4005351975560188;R1_NORMAL;37;75;39;1;57;20;0;0.05000000819563866;0.38236093521118164;0.1293753832578659;96;4
C03;C03;Critico: Celular sem cinto sob chuva;Critico;Critico;0.3752959698438644;0.3752959698438644;R2_STABLE_RISK;26;41;16;0;28;2;0;0.05000000819563866;0.19062083959579468;0.1098775565624237;96;4
C04;C04;Critico: Multiplas distracoes urbanas;Critico;Critico;0.5660493165254592;0.5660493165254592;R1_NORMAL;22;45;24;0;24;2;1;0.2535066306591034;0.20665805041790009;0.18808670341968536;96;4
N01;N01;Normal: Viagem tranquila em rodovia;Normal;Normal;0.050000007078051564;0.050000007078051564;R2_STABLE_RISK;-1;-1;0;0;-1;-1;0;0.05000000819563866;0.032524678856134415;0.09698987752199173;96;4
N02;N02;Normal: Urbano moderado;Normal;Normal;0.050000007078051564;0.050000007078051564;R2_STABLE_RISK;-1;-1;0;0;-1;-1;0;0.05000000819563866;0.031221823766827583;0.13413339853286743;96;4
N02;N02;Normal: Urbano moderado;Normal;Normal;0.050000007078051564;0.050000007078051564;R2_STABLE_RISK;-1;-1;0;0;-1;-1;0;0.05000000819563866;0.028804367408156395;0.0947975292801857;96;4
C08;C08;Critico progressivo: Distracao urbana multietapas;Critico;Critico;0.4647186309099197;0.4647186309099197;R2_STABLE_RISK;28;77;50;1;53;25;0;0.05000000819563866;0.31641635298728943;0.13199542462825775;96;4
C02;C02;Critico: Fadiga com desvio cinematico;Critico;Critico;0.39378328174352645;0.39378328174352645;R1_NORMAL;29;50;22;0;32;3;0;0.05000000819563866;0.0929645299911499;0.09931687265634537;96;4
C03;C03;Critico: Celular sem cinto sob chuva;Critico;Critico;0.3752959698438644;0.3752959698438644;R3_FALSE_KIN;26;41;16;0;28;2;0;0.05000000819563866;0.18517738580703735;0.13751961290836334;96;4
C01;C01;Critico: Celular em alta velocidade;Critico;Critico;0.29102678298950196;0.29102678298950196;R1_NORMAL;32;44;13;0;34;2;0;0.05000000819563866;0.1620476096868515;0.14290910959243774;96;4
C09;C09;Critico progressivo: Bebida ao volante;Critico;Critico;0.3929355129599571;0.3929355129599571;R3_FALSE_KIN;38;73;36;1;56;18;0;0.05000000819563866;0.24831420183181763;0.15025503933429718;96;4
C09;C09;Critico progressivo: Bebida ao volante;Critico;Critico;0.390182389318943;0.390182389318943;R1_NORMAL;38;73;36;1;59;21;0;0.05000000819563866;0.2453741580247879;0.1515125185251236;96;4
N02;N02;Normal: Urbano moderado;Normal;Normal;0.050000007078051564;0.050000007078051564;R1_NORMAL;-1;-1;0;0;-1;-1;0;0.05000000819563866;0.026831725612282753;0.0893126130104065;96;4
N03;N03;Normal: Noite estável;Normal;Normal;0.050000007078051564;0.050000007078051564;R1_NORMAL;-1;-1;0;0;-1;-1;0;0.05000000819563866;0.03208933770656586;0.0924629271030426;96;4
C06;C06;Critico progressivo: Fadiga noturna;Critico;Critico;0.4062191560864448;0.4062191560864448;R1_NORMAL;36;81;46;1;60;24;0;0.05000000819563866;0.1615220606327057;0.14922970533370972;96;4
C10;C10;Critico progressivo: Grooming em rodovia com fadiga;Critico;Critico;0.3970182657241821;0.3970182657241821;R2_STABLE_RISK;40;81;42;1;66;26;0;0.05000000819563866;0.19814318418502808;0.12510627508163452;96;4
C01;C01;Critico: Celular em alta velocidade;Critico;Critico;0.5163204938173294;0.5163204938173294;R2_STABLE_RISK;32;44;13;0;34;2;1;0.21070915460586548;0.15437208116054535;0.18242709338665009;96;4
N03;N03;Normal: Noite estável;Normal;Normal;0.050000007078051564;0.050000007078051564;R2_STABLE_RISK;-1;-1;0;0;-1;-1;0;0.05000000819563866;0.031237414106726646;0.13245029747486115;96;4
C02;C02;Critico: Fadiga com desvio cinematico;Critico;Critico;0.5928560853004455;0.5928560853004455;R1_NORMAL;29;50;22;0;32;3;1;0.22580337524414062;0.09175137430429459;0.16262075304985046;96;4
C06;C06;Critico progressivo: Fadiga noturna;Critico;Critico;0.4544236481189728;0.4544236481189728;R3_FALSE_KIN;36;81;46;1;58;22;0;0.05000000819563866;0.16897885501384735;0.11945118755102158;96;4
C05;C05;Critico progressivo: Celular em rodovia;Critico;Critico;0.48235630095005033;0.48235630095005033;R1_NORMAL;42;73;32;1;57;15;1;0.2836213707923889;0.3197344243526459;0.1791113168001175;96;4
N01;N01;Normal: Viagem tranquila em rodovia;Normal;Normal;0.050000007078051564;0.050000007078051564;R1_NORMAL;-1;-1;0;0;-1;-1;0;0.05000000819563866;0.030486056581139565;0.10570889711380005;96;4
C01;C01;Critico: Celular em alta velocidade;Critico;Critico;0.29102678298950196;0.29102678298950196;R1_NORMAL;32;44;13;0;34;2;0;0.05000000819563866;0.1563325673341751;0.1315898299217224;96;4
C07;C07;Critico progressivo: Sem cinto sob chuva;Critico;Critico;0.4213085398077965;0.4213085398077965;R1_NORMAL;37;75;39;1;59;22;0;0.05000000819563866;0.3734276294708252;0.14220313727855682;96;4
C07;C07;Critico progressivo: Sem cinto sob chuva;Critico;Critico;0.4962782949209213;0.4962782949209213;R3_FALSE_KIN;37;75;39;1;58;21;1;0.2816411256790161;0.3781708776950836;0.14509840309619904;96;4
C03;C03;Critico: Celular sem cinto sob chuva;Critico;Critico;0.6168853998184204;0.6168853998184204;R1_NORMAL;26;41;16;0;28;2;1;0.26356807351112366;0.18517351150512695;0.13765685260295868;96;4
C04;C04;Critico: Multiplas distracoes urbanas;Critico;Critico;0.3713889718055725;0.3713889718055725;R3_FALSE_KIN;22;45;24;0;24;2;0;0.05000000819563866;0.19541852176189423;0.16124306619167328;96;4
N03;N03;Normal: Noite estável;Normal;Normal;0.050000007078051564;0.050000007078051564;R3_FALSE_KIN;-1;-1;0;0;-1;-1;0;0.05000000819563866;0.03654775395989418;0.10589024424552917;96;4
C07;C07;Critico progressivo: Sem cinto sob chuva;Critico;Critico;0.38868076801300044;0.38868076801300044;R3_FALSE_KIN;37;75;39;1;60;23;0;0.05000000819563866;0.37111806869506836;0.14577209949493408;96;4
C03;C03;Critico: Celular sem cinto sob chuva;Critico;Critico;0.3752959698438644;0.3752959698438644;R1_NORMAL;26;41;16;0;28;2;0;0.05000000819563866;0.1897578239440918;0.12840306758880615;96;4
C09;C09;Critico progressivo: Bebida ao volante;Critico;Critico;0.38686298578977585;0.38686298578977585;R1_NORMAL;38;73;36;1;60;22;0;0.05000000819563866;0.24626541137695312;0.12164175510406494;96;4
C03;C03;Critico: Celular sem cinto sob chuva;Critico;Critico;0.6168691605329513;0.6168691605329513;R1_NORMAL;26;41;16;0;28;2;1;0.2715994417667389;0.18863141536712646;0.20584820210933685;96;4
C04;C04;Critico: Multiplas distracoes urbanas;Critico;Critico;0.5696453541517257;0.5696453541517257;R1_NORMAL;22;45;24;0;24;2;1;0.2706807851791382;0.20105552673339844;0.19292013347148895;96;4
N01;N01;Normal: Viagem tranquila em rodovia;Normal;Normal;0.050000007078051564;0.050000007078051564;R2_STABLE_RISK;-1;-1;0;0;-1;-1;0;0.05000000819563866;0.0291400495916605;0.09199187159538269;96;4
C05;C05;Critico progressivo: Celular em rodovia;Critico;Critico;0.37688592076301575;0.37688592076301575;R3_FALSE_KIN;42;73;32;1;61;19;0;0.05000000819563866;0.3103548288345337;0.13463909924030304;96;4
C10;C10;Critico progressivo: Grooming em rodovia com fadiga;Critico;Critico;0.4155654057860374;0.4155654057860374;R1_NORMAL;40;81;42;1;60;20;0;0.05000000819563866;0.19873560965061188;0.10760572552680969;96;4
C06;C06;Critico progressivo: Fadiga noturna;Critico;Critico;0.4433080673217773;0.4433080673217773;R2_STABLE_RISK;36;81;46;1;61;25;0;0.05000000819563866;0.16056078672409058;0.11713113635778427;96;4
N03;N03;Normal: Noite estável;Normal;Normal;0.050000007078051564;0.050000007078051564;R3_FALSE_KIN;-1;-1;0;0;-1;-1;0;0.05000000819563866;0.03924494981765747;0.09848322719335556;96;4
N02;N02;Normal: Urbano moderado;Normal;Normal;0.050000007078051564;0.050000007078051564;R2_STABLE_RISK;-1;-1;0;0;-1;-1;0;0.05000000819563866;0.02967883087694645;0.08658280223608017;96;4
C05;C05;Critico progressivo: Celular em rodovia;Critico;Critico;0.3988890901207923;0.3988890901207923;R2_STABLE_RISK;42;73;32;1;61;19;0;0.05000000819563866;0.3107653558254242;0.12961356341838837;96;4
C10;C10;Critico progressivo: Grooming em rodovia com fadiga;Critico;Critico;0.41320992112159727;0.41320992112159727;R2_STABLE_RISK;40;81;42;1;61;21;0;0.05000000819563866;0.20004965364933014;0.12298937886953354;96;4
C06;C06;Critico progressivo: Fadiga noturna;Critico;Critico;0.4723959773778915;0.4723959773778915;R2_STABLE_RISK;36;81;46;1;62;26;1;0.2946426272392273;0.15717358887195587;0.12133940309286118;96;4
C01;C01;Critico: Celular em alta velocidade;Critico;Critico;0.5259842306375504;0.5259842306375504;R1_NORMAL;32;44;13;0;34;2;1;0.22166509926319122;0.15444110333919525;0.21829302608966827;96;4
C01;C01;Critico: Celular em alta velocidade;Critico;Critico;0.29102678298950196;0.29102678298950196;R3_FALSE_KIN;32;44;13;0;34;2;0;0.05000000819563866;0.1579713076353073;0.10881570726633072;96;4
C08;C08;Critico progressivo: Distracao urbana multietapas;Critico;Critico;0.5373583108186721;0.5373583108186721;R1_NORMAL;28;77;50;1;54;26;1;0.30186179280281067;0.3184705972671509;0.18704675137996674;96;4
N03;N03;Normal: Noite estável;Normal;Normal;0.050000007078051564;0.050000007078051564;R3_FALSE_KIN;-1;-1;0;0;-1;-1;0;0.05000000819563866;0.035187628120183945;0.09842440485954285;96;4
C02;C02;Critico: Fadiga com desvio cinematico;Critico;Critico;0.39378328174352645;0.39378328174352645;R1_NORMAL;29;50;22;0;32;3;0;0.05000000819563866;0.10065747052431107;0.16456113755702972;96;4
C05;C05;Critico progressivo: Celular em rodovia;Critico;Critico;0.47106232941150666;0.47106232941150666;R2_STABLE_RISK;42;73;32;1;59;17;1;0.26594045758247375;0.31511422991752625;0.13308611512184143;96;4
C07;C07;Critico progressivo: Sem cinto sob chuva;Critico;Critico;0.40112397819757456;0.40112397819757456;R1_NORMAL;37;75;39;1;60;23;0;0.05000000819563866;0.376461386680603;0.11493977159261703;96;4
C09;C09;Critico progressivo: Bebida ao volante;Critico;Critico;0.40163284987211223;0.40163284987211223;R3_FALSE_KIN;38;73;36;1;55;17;0;0.05000000819563866;0.2513215243816376;0.1264500916004181;96;4
C05;C05;Critico progressivo: Celular em rodovia;Critico;Critico;0.3920172870159149;0.3920172870159149;R1_NORMAL;42;73;32;1;58;16;0;0.05000000819563866;0.3263501226902008;0.18259239196777344;96;4
C05;C05;Critico progressivo: Celular em rodovia;Critico;Critico;0.4761948376893997;0.4761948376893997;R1_NORMAL;42;73;32;1;60;18;1;0.3091406226158142;0.3093450963497162;0.15248383581638336;96;4
C06;C06;Critico progressivo: Fadiga noturna;Critico;Critico;0.4532067507505416;0.4532067507505416;R1_NORMAL;36;81;46;1;57;21;0;0.05000000819563866;0.1637205183506012;0.16127440333366394;96;4
C08;C08;Critico progressivo: Distracao urbana multietapas;Critico;Critico;0.4324889272451401;0.4324889272451401;R2_STABLE_RISK;28;77;50;1;53;25;0;0.05000000819563866;0.32140085101127625;0.14451508224010468;96;4
C04;C04;Critico: Multiplas distracoes urbanas;Critico;Critico;0.3713889718055725;0.3713889718055725;R1_NORMAL;22;45;24;0;24;2;0;0.05000000819563866;0.19891400635242462;0.11452934890985489;96;4
C07;C07;Critico progressivo: Sem cinto sob chuva;Critico;Critico;0.41674072742462154;0.41674072742462154;R1_NORMAL;37;75;39;1;57;20;0;0.05000000819563866;0.3711152970790863;0.12866318225860596;96;4
C05;C05;Critico progressivo: Celular em rodovia;Critico;Critico;0.3930215612053871;0.3930215612053871;R1_NORMAL;42;73;32;1;56;14;0;0.05000000819563866;0.3237011134624481;0.12363281846046448;96;4
N01;N01;Normal: Viagem tranquila em rodovia;Normal;Normal;0.050000007078051564;0.050000007078051564;R1_NORMAL;-1;-1;0;0;-1;-1;0;0.05000000819563866;0.033033791929483414;0.07676315307617188;96;4
N03;N03;Normal: Noite estável;Normal;Normal;0.050000007078051564;0.050000007078051564;R1_NORMAL;-1;-1;0;0;-1;-1;0;0.05000000819563866;0.02960970252752304;0.13300475478172302;96;4
C01;C01;Critico: Celular em alta velocidade;Critico;Critico;0.29102678298950196;0.29102678298950196;R3_FALSE_KIN;32;44;13;0;34;2;0;0.05000000819563866;0.1506229192018509;0.1666644662618637;96;4
C08;C08;Critico progressivo: Distracao urbana multietapas;Critico;Critico;0.4546945661306381;0.4546945661306381;R1_NORMAL;28;77;50;1;50;22;0;0.05000000819563866;0.3150154650211334;0.14774003624916077;96;4
C03;C03;Critico: Celular sem cinto sob chuva;Critico;Critico;0.6054571360349654;0.6054571360349654;R2_STABLE_RISK;26;41;16;0;28;2;1;0.1941956728696823;0.18985013663768768;0.1872715801000595;96;4
N02;N02;Normal: Urbano moderado;Normal;Normal;0.050000007078051564;0.050000007078051564;R1_NORMAL;-1;-1;0;0;-1;-1;0;0.05000000819563866;0.03428760543465614;0.09971719980239868;96;4
C09;C09;Critico progressivo: Bebida ao volante;Critico;Critico;0.41174245327711106;0.41174245327711106;R2_STABLE_RISK;38;73;36;1;60;22;0;0.05000000819563866;0.24844980239868164;0.15591783821582794;96;4
C09;C09;Critico progressivo: Bebida ao volante;Critico;Critico;0.39469333887100216;0.39469333887100216;R3_FALSE_KIN;38;73;36;1;54;16;0;0.05000000819563866;0.25123754143714905;0.12735146284103394;96;4
C10;C10;Critico progressivo: Grooming em rodovia com fadiga;Critico;Critico;0.4178933903574943;0.4178933903574943;R2_STABLE_RISK;40;81;42;1;57;17;0;0.05000000819563866;0.1993878334760666;0.11091776937246323;96;4
N01;N01;Normal: Viagem tranquila em rodovia;Normal;Normal;0.050000007078051564;0.050000007078051564;R1_NORMAL;-1;-1;0;0;-1;-1;0;0.05000000819563866;0.027595436200499535;0.08455363661050797;96;4
C08;C08;Critico progressivo: Distracao urbana multietapas;Critico;Critico;0.4550944119691849;0.4550944119691849;R2_STABLE_RISK;28;77;50;1;51;23;0;0.05000000819563866;0.32249370217323303;0.13740114867687225;96;4
C07;C07;Critico progressivo: Sem cinto sob chuva;Critico;Critico;0.3908608078956604;0.3908608078956604;R2_STABLE_RISK;37;75;39;1;57;20;0;0.05000000819563866;0.36890771985054016;0.1724797934293747;96;4
C09;C09;Critico progressivo: Bebida ao volante;Critico;Critico;0.3957160696387291;0.3957160696387291;R2_STABLE_RISK;38;73;36;1;57;19;0;0.05000000819563866;0.2532123625278473;0.1103736087679863;96;4
C02;C02;Critico: Fadiga com desvio cinematico;Critico;Critico;0.39378328174352645;0.39378328174352645;R3_FALSE_KIN;29;50;22;0;32;3;0;0.05000000819563866;0.10342089086771011;0.11204309016466141;96;4
C10;C10;Critico progressivo: Grooming em rodovia com fadiga;Critico;Critico;0.41984420269727707;0.41984420269727707;R1_NORMAL;40;81;42;1;60;20;0;0.05000000819563866;0.19886255264282227;0.08874199539422989;96;4
C06;C06;Critico progressivo: Fadiga noturna;Critico;Critico;0.39002344161272046;0.39002344161272046;R1_NORMAL;36;81;46;1;61;25;0;0.05000000819563866;0.1536492258310318;0.13155503571033478;96;4
C08;C08;Critico progressivo: Distracao urbana multietapas;Critico;Critico;0.445015349984169;0.445015349984169;R1_NORMAL;28;77;50;1;56;28;0;0.05000000819563866;0.31786486506462097;0.11050518602132797;96;4
N03;N03;Normal: Noite estável;Normal;Normal;0.050000007078051564;0.050000007078051564;R2_STABLE_RISK;-1;-1;0;0;-1;-1;0;0.05000000819563866;0.03805246204137802;0.10130185633897781;96;4
C10;C10;Critico progressivo: Grooming em rodovia com fadiga;Critico;Critico;0.3997385561466217;0.3997385561466217;R2_STABLE_RISK;40;81;42;1;62;22;0;0.05000000819563866;0.20366619527339935;0.1310851126909256;96;4
C01;C01;Critico: Celular em alta velocidade;Critico;Critico;0.29102678298950196;0.29102678298950196;R1_NORMAL;32;44;13;0;34;2;0;0.05000000819563866;0.15757250785827637;0.11154825240373611;96;4
C02;C02;Critico: Fadiga com desvio cinematico;Critico;Critico;0.39378328174352645;0.39378328174352645;R1_NORMAL;29;50;22;0;32;3;0;0.05000000819563866;0.09436046332120895;0.17167316377162933;96;4
C09;C09;Critico progressivo: Bebida ao volante;Critico;Critico;0.40210718512535093;0.40210718512535093;R2_STABLE_RISK;38;73;36;1;55;17;0;0.05000000819563866;0.24951809644699097;0.1028069257736206;96;4
C10;C10;Critico progressivo: Grooming em rodovia com fadiga;Critico;Critico;0.38418148308992384;0.38418148308992384;R1_NORMAL;40;81;42;1;62;22;0;0.05000000819563866;0.20471298694610596;0.10979968309402466;96;4
C07;C07;Critico progressivo: Sem cinto sob chuva;Critico;Critico;0.4296574473381042;0.4296574473381042;R1_NORMAL;37;75;39;1;60;23;0;0.05000000819563866;0.38277363777160645;0.11747231334447861;96;4
C04;C04;Critico: Multiplas distracoes urbanas;Critico;Critico;0.3713889718055725;0.3713889718055725;R1_NORMAL;22;45;24;0;24;2;0;0.05000000819563866;0.2075238972902298;0.1054854765534401;96;4
N02;N02;Normal: Urbano moderado;Normal;Normal;0.050000007078051564;0.050000007078051564;R2_STABLE_RISK;-1;-1;0;0;-1;-1;0;0.05000000819563866;0.03173597529530525;0.11774586886167526;96;4
C02;C02;Critico: Fadiga com desvio cinematico;Critico;Critico;0.39378328174352645;0.39378328174352645;R1_NORMAL;29;50;22;0;32;3;0;0.05000000819563866;0.09245071560144424;0.10989534854888916;96;4
C09;C09;Critico progressivo: Bebida ao volante;Critico;Critico;0.3950002327561378;0.3950002327561378;R3_FALSE_KIN;38;73;36;1;60;22;0;0.05000000819563866;0.24649937450885773;0.0924680158495903;96;4
C09;C09;Critico progressivo: Bebida ao volante;Critico;Critico;0.4708126157522201;0.4708126157522201;R2_STABLE_RISK;38;73;36;1;57;19;1;0.29399415850639343;0.24929983913898468;0.1340881735086441;96;4
N03;N03;Normal: Noite estável;Normal;Normal;0.050000007078051564;0.050000007078051564;R1_NORMAL;-1;-1;0;0;-1;-1;0;0.05000000819563866;0.02988809160888195;0.09539297968149185;96;4
C01;C01;Critico: Celular em alta velocidade;Critico;Critico;0.5275433391332627;0.5275433391332627;R2_STABLE_RISK;32;44;13;0;34;2;1;0.2679673433303833;0.1546114832162857;0.17420022189617157;96;4
C07;C07;Critico progressivo: Sem cinto sob chuva;Critico;Critico;0.3965244427323341;0.3965244427323341;R1_NORMAL;37;75;39;1;56;19;0;0.05000000819563866;0.37269482016563416;0.13648562133312225;96;4
N02;N02;Normal: Urbano moderado;Normal;Normal;0.050000007078051564;0.050000007078051564;R1_NORMAL;-1;-1;0;0;-1;-1;0;0.05000000819563866;0.03834537789225578;0.0907924473285675;96;4
C02;C02;Critico: Fadiga com desvio cinematico;Critico;Critico;0.39378328174352645;0.39378328174352645;R2_STABLE_RISK;29;50;22;0;32;3;0;0.05000000819563866;0.10110779851675034;0.10301724821329117;96;4
C08;C08;Critico progressivo: Distracao urbana multietapas;Critico;Critico;0.4016470372676849;0.4016470372676849;R2_STABLE_RISK;28;77;50;1;56;28;0;0.05000000819563866;0.3097519874572754;0.13787749409675598;96;4
C10;C10;Critico progressivo: Grooming em rodovia com fadiga;Critico;Critico;0.40374944657087325;0.40374944657087325;R1_NORMAL;40;81;42;1;66;26;0;0.05000000819563866;0.19863255321979523;0.12842941284179688;96;4
C01;C01;Critico: Celular em alta velocidade;Critico;Critico;0.518501916527748;0.518501916527748;R3_FALSE_KIN;32;44;13;0;34;2;1;0.22949397563934326;0.15177056193351746;0.21818208694458008;96;4
C02;C02;Critico: Fadiga com desvio cinematico;Critico;Critico;0.5924297153949737;0.5924297153949737;R1_NORMAL;29;50;22;0;32;3;1;0.23427315056324005;0.10116008669137955;0.20429623126983643;96;4
C05;C05;Critico progressivo: Celular em rodovia;Critico;Critico;0.41202537864446637;0.41202537864446637;R1_NORMAL;42;73;32;1;57;15;0;0.05000000819563866;0.32248654961586;0.12995624542236328;96;4
N02;N02;Normal: Urbano moderado;Normal;Normal;0.050000007078051564;0.050000007078051564;R1_NORMAL;-1;-1;0;0;-1;-1;0;0.05000000819563866;0.035987738519907;0.16427963972091675;96;4
C04;C04;Critico: Multiplas distracoes urbanas;Critico;Critico;0.3713889718055725;0.3713889718055725;R3_FALSE_KIN;22;45;24;0;24;2;0;0.05000000819563866;0.20657432079315186;0.12027756124734879;96;4
C04;C04;Critico: Multiplas distracoes urbanas;Critico;Critico;0.3713889718055725;0.3713889718055725;R3_FALSE_KIN;22;45;24;0;24;2;0;0.05000000819563866;0.20884375274181366;0.0888322964310646;96;4
N03;N03;Normal: Noite estável;Normal;Normal;0.050000007078051564;0.050000007078051564;R2_STABLE_RISK;-1;-1;0;0;-1;-1;0;0.05000000819563866;0.030739692971110344;0.07128268480300903;96;4
C02;C02;Critico: Fadiga com desvio cinematico;Critico;Critico;0.39378328174352645;0.39378328174352645;R2_STABLE_RISK;29;50;22;0;32;3;0;0.05000000819563866;0.09226562827825546;0.12565864622592926;96;4
N01;N01;Normal: Viagem tranquila em rodovia;Normal;Normal;0.050000007078051564;0.050000007078051564;R3_FALSE_KIN;-1;-1;0;0;-1;-1;0;0.05000000819563866;0.029231704771518707;0.09514608234167099;96;4
N01;N01;Normal: Viagem tranquila em rodovia;Normal;Normal;0.050000007078051564;0.050000007078051564;R1_NORMAL;-1;-1;0;0;-1;-1;0;0.05000000819563866;0.030765429139137268;0.09763079881668091;96;4
C05;C05;Critico progressivo: Celular em rodovia;Critico;Critico;0.48228267431259153;0.48228267431259153;R2_STABLE_RISK;42;73;32;1;60;18;1;0.31818124651908875;0.3195188343524933;0.1654210239648819;96;4
C06;C06;Critico progressivo: Fadiga noturna;Critico;Critico;0.39817405492067337;0.39817405492067337;R2_STABLE_RISK;36;81;46;1;64;28;0;0.05000000819563866;0.1545228511095047;0.12225130945444107;96;4
N03;N03;Normal: Noite estável;Normal;Normal;0.050000007078051564;0.050000007078051564;R3_FALSE_KIN;-1;-1;0;0;-1;-1;0;0.05000000819563866;0.03294779732823372;0.08494377881288528;96;4
C04;C04;Critico: Multiplas distracoes urbanas;Critico;Critico;0.3713889718055725;0.3713889718055725;R2_STABLE_RISK;22;45;24;0;24;2;0;0.05000000819563866;0.2044810652732849;0.1319950819015503;96;4
C06;C06;Critico progressivo: Fadiga noturna;Critico;Critico;0.4128164485096931;0.4128164485096931;R2_STABLE_RISK;36;81;46;1;63;27;0;0.05000000819563866;0.15557125210762024;0.15486715734004974;96;4
C06;C06;Critico progressivo: Fadiga noturna;Critico;Critico;0.497291025519371;0.497291025519371;R1_NORMAL;36;81;46;1;53;17;1;0.3014799654483795;0.16788946092128754;0.11825165897607803;96;4
C06;C06;Critico progressivo: Fadiga noturna;Critico;Critico;0.44434955865144726;0.44434955865144726;R1_NORMAL;36;81;46;1;63;27;0;0.05000000819563866;0.16355057060718536;0.08535110950469971;96;4
C06;C06;Critico progressivo: Fadiga noturna;Critico;Critico;0.45721163749694826;0.45721163749694826;R3_FALSE_KIN;36;81;46;1;56;20;0;0.05000000819563866;0.16705048084259033;0.14793705940246582;96;4
C08;C08;Critico progressivo: Distracao urbana multietapas;Critico;Critico;0.43199036568403243;0.43199036568403243;R2_STABLE_RISK;28;77;50;1;58;30;0;0.05000000819563866;0.32350361347198486;0.16702109575271606;96;4
N03;N03;Normal: Noite estável;Normal;Normal;0.050000007078051564;0.050000007078051564;R1_NORMAL;-1;-1;0;0;-1;-1;0;0.05000000819563866;0.041059620678424835;0.08133792877197266;96;4
C04;C04;Critico: Multiplas distracoes urbanas;Critico;Critico;0.3713889718055725;0.3713889718055725;R1_NORMAL;22;45;24;0;24;2;0;0.05000000819563866;0.1938478946685791;0.14971792697906494;96;4
C02;C02;Critico: Fadiga com desvio cinematico;Critico;Critico;0.39378328174352645;0.39378328174352645;R3_FALSE_KIN;29;50;22;0;32;3;0;0.05000000819563866;0.0926990732550621;0.12549275159835815;96;4
C05;C05;Critico progressivo: Celular em rodovia;Critico;Critico;0.3573117181658745;0.3573117181658745;R1_NORMAL;42;73;32;1;62;20;0;0.05000000819563866;0.31881842017173767;0.10006590932607651;96;4
C08;C08;Critico progressivo: Distracao urbana multietapas;Critico;Critico;0.4453148484230041;0.4453148484230041;R1_NORMAL;28;77;50;1;55;27;0;0.05000000819563866;0.32315221428871155;0.13648849725723267;96;4
C07;C07;Critico progressivo: Sem cinto sob chuva;Critico;Critico;0.4756472676992416;0.4756472676992416;R2_STABLE_RISK;37;75;39;1;56;19;1;0.2875126004219055;0.37767985463142395;0.16914688050746918;96;4
C06;C06;Critico progressivo: Fadiga noturna;Critico;Critico;0.48295482993125916;0.48295482993125916;R2_STABLE_RISK;36;81;46;1;65;29;1;0.3622185289859772;0.15548747777938843;0.11439307779073715;96;4
C10;C10;Critico progressivo: Grooming em rodovia com fadiga;Critico;Critico;0.4419997692108154;0.4419997692108154;R2_STABLE_RISK;40;81;42;1;62;22;1;0.3187845051288605;0.19811411201953888;0.12314975261688232;96;4
C04;C04;Critico: Multiplas distracoes urbanas;Critico;Critico;0.5751186937093735;0.5751186937093735;R1_NORMAL;22;45;24;0;24;2;1;0.2519065737724304;0.20051045715808868;0.18996627628803253;96;4
C06;C06;Critico progressivo: Fadiga noturna;Critico;Critico;0.5152870595455169;0.5152870595455169;R2_STABLE_RISK;36;81;46;1;58;22;1;0.3492526710033417;0.15885429084300995;0.12421196699142456;96;4
C08;C08;Critico progressivo: Distracao urbana multietapas;Critico;Critico;0.4308867782354355;0.4308867782354355;R1_NORMAL;28;77;50;1;51;23;0;0.05000000819563866;0.3154168426990509;0.13422484695911407;96;4
C05;C05;Critico progressivo: Celular em rodovia;Critico;Critico;0.3979451894760132;0.3979451894760132;R2_STABLE_RISK;42;73;32;1;57;15;0;0.05000000819563866;0.3190882205963135;0.11777236312627792;96;4
C03;C03;Critico: Celular sem cinto sob chuva;Critico;Critico;0.3752959698438644;0.3752959698438644;R1_NORMAL;26;41;16;0;28;2;0;0.05000000819563866;0.1835501790046692;0.14305031299591064;96;4
N03;N03;Normal: Noite estável;Normal;Normal;0.050000007078051564;0.050000007078051564;R1_NORMAL;-1;-1;0;0;-1;-1;0;0.05000000819563866;0.02784283272922039;0.08367443829774857;96;4
C03;C03;Critico: Celular sem cinto sob chuva;Critico;Critico;0.3752959698438644;0.3752959698438644;R2_STABLE_RISK;26;41;16;0;28;2;0;0.05000000819563866;0.1910032033920288;0.1372510939836502;96;4
C05;C05;Critico progressivo: Celular em rodovia;Critico;Critico;0.36650927662849425;0.36650927662849425;R1_NORMAL;42;73;32;1;61;19;0;0.05000000819563866;0.31569159030914307;0.1326499730348587;96;4
C08;C08;Critico progressivo: Distracao urbana multietapas;Critico;Critico;0.41384649723768235;0.41384649723768235;R1_NORMAL;28;77;50;1;54;26;0;0.05000000819563866;0.30986082553863525;0.13013936579227448;96;4
C03;C03;Critico: Celular sem cinto sob chuva;Critico;Critico;0.3752959698438644;0.3752959698438644;R1_NORMAL;26;41;16;0;28;2;0;0.05000000819563866;0.18574805557727814;0.11591190099716187;96;4
C06;C06;Critico progressivo: Fadiga noturna;Critico;Critico;0.40931575298309325;0.40931575298309325;R1_NORMAL;36;81;46;1;62;26;0;0.05000000819563866;0.15930123627185822;0.0899989902973175;96;4
C08;C08;Critico progressivo: Distracao urbana multietapas;Critico;Critico;0.4885557115077972;0.4885557115077972;R1_NORMAL;28;77;50;1;56;28;1;0.3311694860458374;0.31509020924568176;0.18622978031635284;96;4
N03;N03;Normal: Noite estável;Normal;Normal;0.050000007078051564;0.050000007078051564;R2_STABLE_RISK;-1;-1;0;0;-1;-1;0;0.05000000819563866;0.035125233232975006;0.11638513952493668;96;4
N02;N02;Normal: Urbano moderado;Normal;Normal;0.050000007078051564;0.050000007078051564;R1_NORMAL;-1;-1;0;0;-1;-1;0;0.05000000819563866;0.023863578215241432;0.0797462910413742;96;4
C10;C10;Critico progressivo: Grooming em rodovia com fadiga;Critico;Critico;0.3977098032832146;0.3977098032832146;R1_NORMAL;40;81;42;1;64;24;0;0.05000000819563866;0.20543237030506134;0.06918748468160629;96;4
C09;C09;Critico progressivo: Bebida ao volante;Critico;Critico;0.39743357449769967;0.39743357449769967;R2_STABLE_RISK;38;73;36;1;60;22;0;0.05000000819563866;0.2494417428970337;0.1391436755657196;96;4
C02;C02;Critico: Fadiga com desvio cinematico;Critico;Critico;0.39378328174352645;0.39378328174352645;R2_STABLE_RISK;29;50;22;0;32;3;0;0.05000000819563866;0.09744977951049805;0.12299031019210815;96;4
C07;C07;Critico progressivo: Sem cinto sob chuva;Critico;Critico;0.3998838767409324;0.3998838767409324;R1_NORMAL;37;75;39;1;61;24;0;0.05000000819563866;0.37613165378570557;0.1471414417028427;96;4
C10;C10;Critico progressivo: Grooming em rodovia com fadiga;Critico;Critico;0.4432044684886932;0.4432044684886932;R1_NORMAL;40;81;42;1;60;20;0;0.05000000819563866;0.2118646651506424;0.1474943310022354;96;4
C02;C02;Critico: Fadiga com desvio cinematico;Critico;Critico;0.39378328174352645;0.39378328174352645;R3_FALSE_KIN;29;50;22;0;32;3;0;0.05000000819563866;0.10145292431116104;0.1291920244693756;96;4
C07;C07;Critico progressivo: Sem cinto sob chuva;Critico;Critico;0.42597843855619427;0.42597843855619427;R2_STABLE_RISK;37;75;39;1;55;18;0;0.05000000819563866;0.38167333602905273;0.11593607813119888;96;4
C10;C10;Critico progressivo: Grooming em rodovia com fadiga;Critico;Critico;0.42891502827405925;0.42891502827405925;R2_STABLE_RISK;40;81;42;1;62;22;0;0.05000000819563866;0.20218610763549805;0.10798635333776474;96;4
C05;C05;Critico progressivo: Celular em rodovia;Critico;Critico;0.48523527085781093;0.48523527085781093;R1_NORMAL;42;73;32;1;57;15;1;0.2729671001434326;0.3242420256137848;0.16632439196109772;96;4
C08;C08;Critico progressivo: Distracao urbana multietapas;Critico;Critico;0.43703512549400325;0.43703512549400325;R1_NORMAL;28;77;50;1;55;27;0;0.05000000819563866;0.31044963002204895;0.1455603539943695;96;4
C05;C05;Critico progressivo: Celular em rodovia;Critico;Critico;0.45518437027931213;0.45518437027931213;R2_STABLE_RISK;42;73;32;1;61;19;1;0.2480456680059433;0.3113187551498413;0.17111146450042725;96;4
C04;C04;Critico: Multiplas distracoes urbanas;Critico;Critico;0.3713889718055725;0.3713889718055725;R3_FALSE_KIN;22;45;24;0;24;2;0;0.05000000819563866;0.20357318222522736;0.1280432939529419;96;4
C02;C02;Critico: Fadiga com desvio cinematico;Critico;Critico;0.39378328174352645;0.39378328174352645;R2_STABLE_RISK;29;50;22;0;32;3;0;0.05000000819563866;0.10186270624399185;0.10910836607217789;96;4
N02;N02;Normal: Urbano moderado;Normal;Normal;0.050000007078051564;0.050000007078051564;R2_STABLE_RISK;-1;-1;0;0;-1;-1;0;0.05000000819563866;0.027749136090278625;0.07398372888565063;96;4
N03;N03;Normal: Noite estável;Normal;Normal;0.050000007078051564;0.050000007078051564;R2_STABLE_RISK;-1;-1;0;0;-1;-1;0;0.05000000819563866;0.029589900746941566;0.12140404433012009;96;4
C08;C08;Critico progressivo: Distracao urbana multietapas;Critico;Critico;0.4262568667531013;0.4262568667531013;R2_STABLE_RISK;28;77;50;1;57;29;0;0.05000000819563866;0.3091745972633362;0.12254182249307632;96;4
C09;C09;Critico progressivo: Bebida ao volante;Critico;Critico;0.46979733407497404;0.46979733407497404;R1_NORMAL;38;73;36;1;58;20;1;0.30279555916786194;0.25609397888183594;0.14708934724330902;96;4
N03;N03;Normal: Noite estável;Normal;Normal;0.050000007078051564;0.050000007078051564;R1_NORMAL;-1;-1;0;0;-1;-1;0;0.05000000819563866;0.031770575791597366;0.10424202680587769;96;4
C06;C06;Critico progressivo: Fadiga noturna;Critico;Critico;0.4095151677727699;0.4095151677727699;R3_FALSE_KIN;36;81;46;1;61;25;0;0.05000000819563866;0.15546219050884247;0.09655048698186874;96;4
N01;N01;Normal: Viagem tranquila em rodovia;Normal;Normal;0.050000007078051564;0.050000007078051564;R2_STABLE_RISK;-1;-1;0;0;-1;-1;0;0.05000000819563866;0.030629480257630348;0.11101597547531128;96;4
N02;N02;Normal: Urbano moderado;Normal;Normal;0.050000007078051564;0.050000007078051564;R1_NORMAL;-1;-1;0;0;-1;-1;0;0.05000000819563866;0.032843779772520065;0.10051391273736954;96;4
C06;C06;Critico progressivo: Fadiga noturna;Critico;Critico;0.40553591847419734;0.40553591847419734;R1_NORMAL;36;81;46;1;59;23;0;0.05000000819563866;0.15943317115306854;0.09364300966262817;96;4
C07;C07;Critico progressivo: Sem cinto sob chuva;Critico;Critico;0.49448259770870207;0.49448259770870207;R1_NORMAL;37;75;39;1;58;21;1;0.2899492681026459;0.3787531852722168;0.11690043658018112;96;4
C10;C10;Critico progressivo: Grooming em rodovia com fadiga;Critico;Critico;0.4357706978917122;0.4357706978917122;R1_NORMAL;40;81;42;1;61;21;0;0.05000000819563866;0.20848651230335236;0.13945484161376953;96;4
C05;C05;Critico progressivo: Celular em rodovia;Critico;Critico;0.449319988489151;0.449319988489151;R3_FALSE_KIN;42;73;32;1;61;19;1;0.2563249468803406;0.3190026879310608;0.14791806042194366;96;4
C03;C03;Critico: Celular sem cinto sob chuva;Critico;Critico;0.6105328142642974;0.6105328142642974;R2_STABLE_RISK;26;41;16;0;28;2;1;0.27237680554389954;0.19114255905151367;0.2050914764404297;96;4
C10;C10;Critico progressivo: Grooming em rodovia com fadiga;Critico;Critico;0.4212618514895439;0.4212618514895439;R3_FALSE_KIN;40;81;42;1;60;20;0;0.05000000819563866;0.19914954900741577;0.10128381848335266;96;4
C05;C05;Critico progressivo: Celular em rodovia;Critico;Critico;0.3557287439703941;0.3557287439703941;R1_NORMAL;42;73;32;1;57;15;0;0.05000000819563866;0.31762266159057617;0.12093993276357651;96;4
C04;C04;Critico: Multiplas distracoes urbanas;Critico;Critico;0.3713889718055725;0.3713889718055725;R1_NORMAL;22;45;24;0;24;2;0;0.05000000819563866;0.19306547939777374;0.10596659779548645;96;4
C05;C05;Critico progressivo: Celular em rodovia;Critico;Critico;0.3734738156199455;0.3734738156199455;R2_STABLE_RISK;42;73;32;1;57;15;0;0.05000000819563866;0.3155873119831085;0.13010045886039734;96;4
C08;C08;Critico progressivo: Distracao urbana multietapas;Critico;Critico;0.42133169174194335;0.42133169174194335;R1_NORMAL;28;77;50;1;56;28;0;0.05000000819563866;0.3119976222515106;0.13738411664962769;96;4
C01;C01;Critico: Celular em alta velocidade;Critico;Critico;0.5291471391916274;0.5291471391916274;R1_NORMAL;32;44;13;0;34;2;1;0.23256562650203705;0.16815368831157684;0.22198055684566498;96;4
C07;C07;Critico progressivo: Sem cinto sob chuva;Critico;Critico;0.4017695128917694;0.4017695128917694;R2_STABLE_RISK;37;75;39;1;59;22;0;0.05000000819563866;0.371394544839859;0.12455818802118301;96;4
C01;C01;Critico: Celular em alta velocidade;Critico;Critico;0.29102678298950196;0.29102678298950196;R2_STABLE_RISK;32;44;13;0;34;2;0;0.05000000819563866;0.15009093284606934;0.12352382391691208;96;4
C06;C06;Critico progressivo: Fadiga noturna;Critico;Critico;0.46556793451309203;0.46556793451309203;R3_FALSE_KIN;36;81;46;1;54;18;0;0.05000000819563866;0.16174408793449402;0.1064762994647026;96;4
C07;C07;Critico progressivo: Sem cinto sob chuva;Critico;Critico;0.41059734225273126;0.41059734225273126;R2_STABLE_RISK;37;75;39;1;61;24;0;0.05000000819563866;0.37948331236839294;0.1201428771018982;96;4
C08;C08;Critico progressivo: Distracao urbana multietapas;Critico;Critico;0.4947952300310135;0.4947952300310135;R1_NORMAL;28;77;50;1;44;16;0;0.05000000819563866;0.3250459134578705;0.1565258651971817;96;4
C06;C06;Critico progressivo: Fadiga noturna;Critico;Critico;0.43882064968347545;0.43882064968347545;R1_NORMAL;36;81;46;1;59;23;0;0.05000000819563866;0.16028499603271484;0.0830402672290802;96;4
C01;C01;Critico: Celular em alta velocidade;Critico;Critico;0.29102678298950196;0.29102678298950196;R3_FALSE_KIN;32;44;13;0;34;2;0;0.05000000819563866;0.15474210679531097;0.14390362799167633;96;4
C01;C01;Critico: Celular em alta velocidade;Critico;Critico;0.29102678298950196;0.29102678298950196;R1_NORMAL;32;44;13;0;34;2;0;0.05000000819563866;0.1563587337732315;0.09125614911317825;96;4
C07;C07;Critico progressivo: Sem cinto sob chuva;Critico;Critico;0.41373266130685804;0.41373266130685804;R1_NORMAL;37;75;39;1;61;24;0;0.05000000819563866;0.3725186288356781;0.17315883934497833;96;4
C08;C08;Critico progressivo: Distracao urbana multietapas;Critico;Critico;0.508236539363861;0.508236539363861;R1_NORMAL;28;77;50;1;57;29;1;0.3064630329608917;0.30960583686828613;0.16701538860797882;96;4
C09;C09;Critico progressivo: Bebida ao volante;Critico;Critico;0.4406262144446373;0.4406262144446373;R3_FALSE_KIN;38;73;36;1;51;13;0;0.05000000819563866;0.26201918721199036;0.12584221363067627;96;4
C09;C09;Critico progressivo: Bebida ao volante;Critico;Critico;0.4139097049832344;0.4139097049832344;R3_FALSE_KIN;38;73;36;1;60;22;0;0.05000000819563866;0.252378910779953;0.1174667552113533;96;4
C08;C08;Critico progressivo: Distracao urbana multietapas;Critico;Critico;0.4810031682252884;0.4810031682252884;R3_FALSE_KIN;28;77;50;1;49;21;0;0.05000000819563866;0.3177245855331421;0.15280817449092865;96;4
C02;C02;Critico: Fadiga com desvio cinematico;Critico;Critico;0.39378328174352645;0.39378328174352645;R1_NORMAL;29;50;22;0;32;3;0;0.05000000819563866;0.10327470302581787;0.11911327391862869;96;4
N03;N03;Normal: Noite estável;Normal;Normal;0.050000007078051564;0.050000007078051564;R1_NORMAL;-1;-1;0;0;-1;-1;0;0.05000000819563866;0.029651520773768425;0.08120207488536835;96;4
C05;C05;Critico progressivo: Celular em rodovia;Critico;Critico;0.3845685139298439;0.3845685139298439;R3_FALSE_KIN;42;73;32;1;58;16;0;0.05000000819563866;0.32133200764656067;0.1324920654296875;96;4
C04;C04;Critico: Multiplas distracoes urbanas;Critico;Critico;0.3713889718055725;0.3713889718055725;R3_FALSE_KIN;22;45;24;0;24;2;0;0.05000000819563866;0.2092830091714859;0.10943228006362915;96;4
C08;C08;Critico progressivo: Distracao urbana multietapas;Critico;Critico;0.46461292207241056;0.46461292207241056;R2_STABLE_RISK;28;77;50;1;52;24;0;0.05000000819563866;0.31952548027038574;0.1385817676782608;96;4
N02;N02;Normal: Urbano moderado;Normal;Normal;0.050000007078051564;0.050000007078051564;R3_FALSE_KIN;-1;-1;0;0;-1;-1;0;0.05000000819563866;0.031692471355199814;0.08285686373710632;96;4
C06;C06;Critico progressivo: Fadiga noturna;Critico;Critico;0.40076009482145303;0.40076009482145303;R3_FALSE_KIN;36;81;46;1;62;26;0;0.05000000819563866;0.16504497826099396;0.10074949264526367;96;4
C07;C07;Critico progressivo: Sem cinto sob chuva;Critico;Critico;0.48222046792507167;0.48222046792507167;R2_STABLE_RISK;37;75;39;1;56;19;1;0.24487872421741486;0.3793989419937134;0.1709403544664383;96;4
N03;N03;Normal: Noite estável;Normal;Normal;0.050000007078051564;0.050000007078051564;R1_NORMAL;-1;-1;0;0;-1;-1;0;0.05000000819563866;0.03315655514597893;0.15413807332515717;96;4
C08;C08;Critico progressivo: Distracao urbana multietapas;Critico;Critico;0.5131782799959183;0.5131782799959183;R1_NORMAL;28;77;50;1;58;30;1;0.29996129870414734;0.3149779736995697;0.15814252197742462;96;4
C07;C07;Critico progressivo: Sem cinto sob chuva;Critico;Critico;0.3819307997822761;0.3819307997822761;R1_NORMAL;37;75;39;1;62;25;0;0.05000000819563866;0.37278613448143005;0.15880538523197174;96;4
C06;C06;Critico progressivo: Fadiga noturna;Critico;Critico;0.4749219447374344;0.4749219447374344;R1_NORMAL;36;81;46;1;62;26;1;0.3735884428024292;0.15948915481567383;0.1189921498298645;96;4
C01;C01;Critico: Celular em alta velocidade;Critico;Critico;0.29102678298950196;0.29102678298950196;R2_STABLE_RISK;32;44;13;0;34;2;0;0.05000000819563866;0.1563110500574112;0.104501873254776;96;4
C05;C05;Critico progressivo: Celular em rodovia;Critico;Critico;0.40069635957479477;0.40069635957479477;R2_STABLE_RISK;42;73;32;1;57;15;0;0.05000000819563866;0.31251075863838196;0.14773112535476685;96;4
C05;C05;Critico progressivo: Celular em rodovia;Critico;Critico;0.4114077433943748;0.4114077433943748;R1_NORMAL;42;73;32;1;57;15;0;0.05000000819563866;0.3163160979747772;0.11764061450958252;96;4
N01;N01;Normal: Viagem tranquila em rodovia;Normal;Normal;0.050000007078051564;0.050000007078051564;R2_STABLE_RISK;-1;-1;0;0;-1;-1;0;0.05000000819563866;0.03062932752072811;0.08110200613737106;96;4
C05;C05;Critico progressivo: Celular em rodovia;Critico;Critico;0.4694922000169754;0.4694922000169754;R1_NORMAL;42;73;32;1;58;16;1;0.28748273849487305;0.32400500774383545;0.10907059907913208;96;4
C05;C05;Critico progressivo: Celular em rodovia;Critico;Critico;0.3586534172296524;0.3586534172296524;R3_FALSE_KIN;42;73;32;1;60;18;0;0.05000000819563866;0.3088385760784149;0.12018496543169022;96;4
C02;C02;Critico: Fadiga com desvio cinematico;Critico;Critico;0.39378328174352645;0.39378328174352645;R2_STABLE_RISK;29;50;22;0;32;3;0;0.05000000819563866;0.09619922190904617;0.14512179791927338;96;4
C04;C04;Critico: Multiplas distracoes urbanas;Critico;Critico;0.3713889718055725;0.3713889718055725;R3_FALSE_KIN;22;45;24;0;24;2;0;0.05000000819563866;0.20311446487903595;0.1612556278705597;96;4
C05;C05;Critico progressivo: Celular em rodovia;Critico;Critico;0.4680099874734879;0.4680099874734879;R2_STABLE_RISK;42;73;32;1;60;18;1;0.28915637731552124;0.31237271428108215;0.15047107636928558;96;4
C02;C02;Critico: Fadiga com desvio cinematico;Critico;Critico;0.39378328174352645;0.39378328174352645;R3_FALSE_KIN;29;50;22;0;32;3;0;0.05000000819563866;0.09315971285104752;0.1164659783244133;96;4
C01;C01;Critico: Celular em alta velocidade;Critico;Critico;0.29102678298950196;0.29102678298950196;R2_STABLE_RISK;32;44;13;0;34;2;0;0.05000000819563866;0.14859090745449066;0.10621684044599533;96;4
N01;N01;Normal: Viagem tranquila em rodovia;Normal;Normal;0.050000007078051564;0.050000007078051564;R3_FALSE_KIN;-1;-1;0;0;-1;-1;0;0.05000000819563866;0.02744339406490326;0.09950238466262817;96;4
N02;N02;Normal: Urbano moderado;Normal;Normal;0.050000007078051564;0.050000007078051564;R1_NORMAL;-1;-1;0;0;-1;-1;0;0.05000000819563866;0.029755422845482826;0.10775842517614365;96;4
C05;C05;Critico progressivo: Celular em rodovia;Critico;Critico;0.3653378561139107;0.3653378561139107;R2_STABLE_RISK;42;73;32;1;57;15;0;0.05000000819563866;0.31523969769477844;0.17058908939361572;96;4
C06;C06;Critico progressivo: Fadiga noturna;Critico;Critico;0.45315222144126893;0.45315222144126893;R3_FALSE_KIN;36;81;46;1;59;23;1;0.30198439955711365;0.16341325640678406;0.11413214355707169;96;4
C10;C10;Critico progressivo: Grooming em rodovia com fadiga;Critico;Critico;0.4175863638520241;0.4175863638520241;R1_NORMAL;40;81;42;1;64;24;0;0.05000000819563866;0.19242818653583527;0.15094305574893951;96;4
