id;recipe_id;nome;categoria;class_name;risk_episode;risk_episode_severity;regime;event_start;event_end;event_duration;progressive;detectable_start_035;onset_gap_035;persistent_tail;last6_mean_clean;mean_eye_gaze;mean_lane_offset;window;sensor_level
N02;N02;Normal: Urbano moderado;Normal;Normal;0.050000007078051564;0.050000007078051564;R2_STABLE_RISK;-1;-1;0;0;-1;-1;0;0.05000000819563866;0.03348281979560852;0.09153598546981812;96;4
C08;C08;Critico progressivo: Distracao urbana multietapas;Critico;Critico;0.4029333874583244;0.4029333874583244;R1_NORMAL;28;77;50;1;54;26;0;0.05000000819563866;0.31274136900901794;0.1261591762304306;96;4
C03;C03;Critico: Celular sem cinto sob chuva;Critico;Critico;0.3752959698438644;0.3752959698438644;R2_STABLE_RISK;26;41;16;0;28;2;0;0.05000000819563866;0.1826804131269455;0.11871499568223953;96;4
N01;N01;Normal: Viagem tranquila em rodovia;Normal;Normal;0.050000007078051564;0.050000007078051564;R2_STABLE_RISK;-1;-1;0;0;-1;-1;0;0.05000000819563866;0.032308805733919144;0.10268646478652954;96;4
C09;C09;Critico progressivo: Bebida ao volante;Critico;Critico;0.39022142142057414;0.39022142142057414;R1_NORMAL;38;73;36;1;58;20;0;0.05000000819563866;0.24383406341075897;0.121404267847538;96;4
C05;C05;Critico progressivo: Celular em rodovia;Critico;Critico;0.41652884483337405;0.41652884483337405;R2_STABLE_RISK;42;73;32;1;58;16;0;0.05000000819563866;0.3204025328159332;0.1117931380867958;96;4
C09;C09;Critico progressivo: Bebida ao volante;Critico;Critico;0.4013331666588783;0.4013331666588783;R3_FALSE_KIN;38;73;36;1;57;19;0;0.05000000819563866;0.2502022683620453;0.10759230703115463;96;4
C06;C06;Critico progressivo: Fadiga noturna;Critico;Critico;0.41517203599214547;0.41517203599214547;R1_NORMAL;36;81;46;1;58;22;0;0.05000000819563866;0.15729619562625885;0.10346723347902298;96;4
C09;C09;Critico progressivo: Bebida ao volante;Critico;Critico;0.39935586899518966;0.39935586899518966;R1_NORMAL;38;73;36;1;60;22;0;0.05000000819563866;0.25166210532188416;0.1262749582529068;96;4
C10;C10;Critico progressivo: Grooming em rodovia com fadiga;Critico;Critico;0.4374448582530021;0.4374448582530021;R2_STABLE_RISK;40;81;42;1;57;17;0;0.05000000819563866;0.19516420364379883;0.13358835875988007;96;4
C03;C03;Critico: Celular sem cinto sob chuva;Critico;Critico;0.3752959698438644;0.3752959698438644;R1_NORMAL;26;41;16;0;28;2;0;0.05000000819563866;0.18915869295597076;0.10675555467605591;96;4
C03;C03;Critico: Celular sem cinto sob chuva;Critico;Critico;0.6246625036001205;0.6246625036001205;R2_STABLE_RISK;26;41;16;0;28;2;1;0.2657005786895752;0.18558049201965332;0.2080390602350235;96;4
C02;C02;Critico: Fadiga com desvio cinematico;Critico;Critico;0.39378328174352645;0.39378328174352645;R1_NORMAL;29;50;22;0;32;3;0;0.05000000819563866;0.09957530349493027;0.12159495800733566;96;4
C08;C08;Critico progressivo: Distracao urbana multietapas;Critico;Critico;0.5051720440387726;0.5051720440387726;R1_NORMAL;28;77;50;1;54;26;1;0.33368587493896484;0.31589534878730774;0.1744588166475296;96;4
C05;C05;Critico progressivo: Celular em rodovia;Critico;Critico;0.3754561766982078;0.3754561766982078;R2_STABLE_RISK;42;73;32;1;60;18;0;0.05000000819563866;0.3209330439567566;0.17176483571529388;96;4
C04;C04;Critico: Multiplas distracoes urbanas;Critico;Critico;0.3713889718055725;0.3713889718055725;R3_FALSE_KIN;22;45;24;0;24;2;0;0.05000000819563866;0.19988436996936798;0.14037704467773438;96;4
N03;N03;Normal: Noite estável;Normal;Normal;0.050000007078051564;0.050000007078051564;R2_STABLE_RISK;-1;-1;0;0;-1;-1;0;0.05000000819563866;0.03295717015862465;0.11310992389917374;96;4
C02;C02;Critico: Fadiga com desvio cinematico;Critico;Critico;0.39378328174352645;0.39378328174352645;R2_STABLE_RISK;29;50;22;0;32;3;0;0.05000000819563866;0.1014193668961525;0.1163676306605339;96;4
N01;N01;Normal: Viagem tranquila em rodovia;Normal;Normal;0.050000007078051564;0.050000007078051564;R1_NORMAL;-1;-1;0;0;-1;-1;0;0.05000000819563866;0.025280436500906944;0.09045686572790146;96;4
C07;C07;Critico progressivo: Sem cinto sob chuva;Critico;Critico;0.4130184888839722;0.4130184888839722;R1_NORMAL;37;75;39;1;60;23;0;0.05000000819563866;0.37412557005882263;0.12413683533668518;96;4
C09;C09;Critico progressivo: Bebida ao volante;Critico;Critico;0.3699766561388969;0.3699766561388969;R2_STABLE_RISK;38;73;36;1;57;19;0;0.05000000819563866;0.24971137940883636;0.14051763713359833;96;4
C02;C02;Critico: Fadiga com desvio cinematico;Critico;Critico;0.39378328174352645;0.39378328174352645;R3_FALSE_KIN;29;50;22;0;32;3;0;0.05000000819563866;0.09570396691560745;0.12765692174434662;96;4
N01;N01;Normal: Viagem tranquila em rodovia;Normal;Normal;0.050000007078051564;0.050000007078051564;R3_FALSE_KIN;-1;-1;0;0;-1;-1;0;0.05000000819563866;0.03257012367248535;0.09402075409889221;96;4
N01;N01;Normal: Viagem tranquila em rodovia;Normal;Normal;0.050000007078051564;0.050000007078051564;R3_FALSE_KIN;-1;-1;0;0;-1;-1;0;0.05000000819563866;0.030182307586073875;0.09378200769424438;96;4
N03;N03;Normal: Noite estável;Normal;Normal;0.050000007078051564;0.050000007078051564;R1_NORMAL;-1;-1;0;0;-1;-1;0;0.05000000819563866;0.0365864522755146;0.0872671827673912;96;4
C01;C01;Critico: Celular em alta velocidade;Critico;Critico;0.29102678298950196;0.29102678298950196;R1_NORMAL;32;44;13;0;34;2;0;0.05000000819563866;0.15345163643360138;0.09436420351266861;96;4
C10;C10;Critico progressivo: Grooming em rodovia com fadiga;Critico;Critico;0.4247337877750397;0.4247337877750397;R1_NORMAL;40;81;42;1;64;24;0;0.05000000819563866;0.19477008283138275;0.1280025988817215;96;4
N02;N02;Normal: Urbano moderado;Normal;Normal;0.050000007078051564;0.050000007078051564;R2_STABLE_RISK;-1;-1;0;0;-1;-1;0;0.05000000819563866;0.029163941740989685;0.11881422251462936;96;4
C09;C09;Critico progressivo: Bebida ao volante;Critico;Critico;0.39124601483345034;0.39124601483345034;R2_STABLE_RISK;38;73;36;1;60;22;0;0.05000000819563866;0.24541012942790985;0.09079725295305252;96;4
C02;C02;Critico: Fadiga com desvio cinematico;Critico;Critico;0.39378328174352645;0.39378328174352645;R1_NORMAL;29;50;22;0;32;3;0;0.05000000819563866;0.09839727729558945;0.12219566106796265;96;4
C06;C06;Critico progressivo: Fadiga noturna;Critico;Critico;0.4673429161310195;0.4673429161310195;R3_FALSE_KIN;36;81;46;1;64;28;1;0.3042547404766083;0.1493806093931198;0.13180071115493774;96;4
C03;C03;Critico: Celular sem cinto sob chuva;Critico;Critico;0.3752959698438644;0.3752959698438644;R3_FALSE_KIN;26;41;16;0;28;2;0;0.05000000819563866;0.18460793793201447;0.12045186758041382;96;4
C01;C01;Critico: Celular em alta velocidade;Critico;Critico;0.5234995007514953;0.5234995007514953;R1_NORMAL;32;44;13;0;34;2;1;0.2218960076570511;0.15346960723400116;0.16672401130199432;96;4
C05;C05;Critico progressivo: Celular em rodovia;Critico;Critico;0.3566929534077644;0.3566929534077644;R1_NORMAL;42;73;32;1;61;19;0;0.05000000819563866;0.31129616498947144;0.1379949450492859;96;4
C09;C09;Critico progressivo: Bebida ao volante;Critico;Critico;0.3856483235955238;0.3856483235955238;R1_NORMAL;38;73;36;1;59;21;0;0.05000000819563866;0.24769572913646698;0.09344905614852905;96;4
C07;C07;Critico progressivo: Sem cinto sob chuva;Critico;Critico;0.41420162469148636;0.41420162469148636;R1_NORMAL;37;75;39;1;61;24;0;0.05000000819563866;0.3792078495025635;0.1735774725675583;96;4
N02;N02;Normal: Urbano moderado;Normal;Normal;0.050000007078051564;0.050000007078051564;R2_STABLE_RISK;-1;-1;0;0;-1;-1;0;0.05000000819563866;0.033176302909851074;0.08583083003759384;96;4
C05;C05;Critico progressivo: Celular em rodovia;Critico;Critico;0.37647753953933716;0.37647753953933716;R2_STABLE_RISK;42;73;32;1;57;15;0;0.05000000819563866;0.3152817487716675;0.10473161935806274;96;4
C07;C07;Critico progressivo: Sem cinto sob chuva;Critico;Critico;0.41017946600914;0.41017946600914;R2_STABLE_RISK;37;75;39;1;61;24;0;0.05000000819563866;0.37125542759895325;0.10262034088373184;96;4
C06;C06;Critico progressivo: Fadiga noturna;Critico;Critico;0.4949518650770187;0.4949518650770187;R2_STABLE_RISK;36;81;46;1;60;24;1;0.3283790647983551;0.15988625586032867;0.13784046471118927;96;4
C06;C06;Critico progressivo: Fadiga noturna;Critico;Critico;0.4949204057455063;0.4949204057455063;R1_NORMAL;36;81;46;1;60;24;1;0.34951409697532654;0.1515723317861557;0.10520432144403458;96;4
C08;C08;Critico progressivo: Distracao urbana multietapas;Critico;Critico;0.45651407837867736;0.45651407837867736;R3_FALSE_KIN;28;77;50;1;54;26;0;0.05000000819563866;0.3152374029159546;0.13178478181362152;96;4
C08;C08;Critico progressivo: Distracao urbana multietapas;Critico;Critico;0.5112610697746277;0.5112610697746277;R2_STABLE_RISK;28;77;50;1;52;24;1;0.25599002838134766;0.3205387592315674;0.16318319737911224;96;4
C01;C01;Critico: Celular em alta velocidade;Critico;Critico;0.29102678298950196;0.29102678298950196;R1_NORMAL;32;44;13;0;34;2;0;0.05000000819563866;0.1529221534729004;0.12560118734836578;96;4
C07;C07;Critico progressivo: Sem cinto sob chuva;Critico;Critico;0.4002263963222503;0.4002263963222503;R3_FALSE_KIN;37;75;39;1;59;22;0;0.05000000819563866;0.3805411756038666;0.13232071697711945;96;4
C06;C06;Critico progressivo: Fadiga noturna;Critico;Critico;0.4507954329252243;0.4507954329252243;R2_STABLE_RISK;36;81;46;1;60;24;1;0.32193973660469055;0.15647755563259125;0.13905875384807587;96;4
C08;C08;Critico progressivo: Distracao urbana multietapas;Critico;Critico;0.44152237176895137;0.44152237176895137;R2_STABLE_RISK;28;77;50;1;51;23;0;0.05000000819563866;0.3123409152030945;0.1391453593969345;96;4
C10;C10;Critico progressivo: Grooming em rodovia com fadiga;Critico;Critico;0.490167099237442;0.490167099237442;R2_STABLE_RISK;40;81;42;1;61;21;1;0.3420473635196686;0.19747816026210785;0.08906181901693344;96;4
C07;C07;Critico progressivo: Sem cinto sob chuva;Critico;Critico;0.41441704034805293;0.41441704034805293;R1_NORMAL;37;75;39;1;58;21;0;0.05000000819563866;0.3759737014770508;0.12807630002498627;96;4
C04;C04;Critico: Multiplas distracoes urbanas;Critico;Critico;0.5692709326744079;0.5692709326744079;R1_NORMAL;22;45;24;0;24;2;1;0.2682957649230957;0.20137901604175568;0.193289116024971;96;4
C04;C04;Critico: Multiplas distracoes urbanas;Critico;Critico;0.3713889718055725;0.3713889718055725;R2_STABLE_RISK;22;45;24;0;24;2;0;0.05000000819563866;0.20680533349514008;0.16677308082580566;96;4
C08;C08;Critico progressivo: Distracao urbana multietapas;Critico;Critico;0.4537388414144516;0.4537388414144516;R1_NORMAL;28;77;50;1;55;27;0;0.05000000819563866;0.3197735846042633;0.14171676337718964;96;4
N03;N03;Normal: Noite estável;Normal;Normal;0.050000007078051564;0.050000007078051564;R1_NORMAL;-1;-1;0;0;-1;-1;0;0.05000000819563866;0.033067647367715836;0.10248029977083206;96;4
C04;C04;Critico: Multiplas distracoes urbanas;Critico;Critico;0.3713889718055725;0.3713889718055725;R2_STABLE_RISK;22;45;24;0;24;2;0;0.05000000819563866;0.20586025714874268;0.15370725095272064;96;4
C10;C10;Critico progressivo: Grooming em rodovia com fadiga;Critico;Critico;0.4176593780517578;0.4176593780517578;R3_FALSE_KIN;40;81;42;1;56;16;0;0.05000000819563866;0.204311802983284;0.09628339856863022;96;4
C05;C05;Critico progressivo: Celular em rodovia;Critico;Critico;0.4649221897125244;0.4649221897125244;R2_STABLE_RISK;42;73;32;1;59;17;1;0.29106906056404114;0.3171673119068146;0.17699205875396729;96;4
C09;C09;Critico progressivo: Bebida ao volante;Critico;Critico;0.4142893850803375;0.4142893850803375;R1_NORMAL;38;73;36;1;56;18;0;0.05000000819563866;0.255241334438324;0.15168710052967072;96;4
C08;C08;Critico progressivo: Distracao urbana multietapas;Critico;Critico;0.4251205444335937;0.4251205444335937;R1_NORMAL;28;77;50;1;53;25;0;0.05000000819563866;0.31937411427497864;0.1338798701763153;96;4
C08;C08;Critico progressivo: Distracao urbana multietapas;Critico;Critico;0.49619968235492706;0.49619968235492706;R1_NORMAL;28;77;50;1;56;28;1;0.2604377567768097;0.31187334656715393;0.17235951125621796;96;4
N02;N02;Normal: Urbano moderado;Normal;Normal;0.050000007078051564;0.050000007078051564;R1_NORMAL;-1;-1;0;0;-1;-1;0;0.05000000819563866;0.029500996693968773;0.11927168816328049;96;4
N01;N01;Normal: Viagem tranquila em rodovia;Normal;Normal;0.050000007078051564;0.050000007078051564;R1_NORMAL;-1;-1;0;0;-1;-1;0;0.05000000819563866;0.033000022172927856;0.0784524530172348;96;4
N03;N03;Normal: Noite estável;Normal;Normal;0.050000007078051564;0.050000007078051564;R3_FALSE_KIN;-1;-1;0;0;-1;-1;0;0.05000000819563866;0.03418172523379326;0.09052626043558121;96;4
C05;C05;Critico progressivo: Celular em rodovia;Critico;Critico;0.48790051043033594;0.48790051043033594;R3_FALSE_KIN;42;73;32;1;57;15;1;0.3199109137058258;0.3189481794834137;0.14658822119235992;96;4
N02;N02;Normal: Urbano moderado;Normal;Normal;0.050000007078051564;0.050000007078051564;R2_STABLE_RISK;-1;-1;0;0;-1;-1;0;0.05000000819563866;0.03588870167732239;0.09783818572759628;96;4
N03;N03;Normal: Noite estável;Normal;Normal;0.050000007078051564;0.050000007078051564;R1_NORMAL;-1;-1;0;0;-1;-1;0;0.05000000819563866;0.03407363221049309;0.11173325777053833;96;4
C10;C10;Critico progressivo: Grooming em rodovia com fadiga;Critico;Critico;0.39410247653722763;0.39410247653722763;R1_NORMAL;40;81;42;1;64;24;0;0.05000000819563866;0.20052270591259003;0.10315245389938354;96;4
C10;C10;Critico progressivo: Grooming em rodovia com fadiga;Critico;Critico;0.4638884156942368;0.4638884156942368;R2_STABLE_RISK;40;81;42;1;66;26;1;0.3171239197254181;0.19998674094676971;0.08933141827583313;96;4
C06;C06;Critico progressivo: Fadiga noturna;Critico;Critico;0.43768299072980876;0.43768299072980876;R3_FALSE_KIN;36;81;46;1;64;28;0;0.05000000819563866;0.16166239976882935;0.12964016199111938;96;4
C03;C03;Critico: Celular sem cinto sob chuva;Critico;Critico;0.3752959698438644;0.3752959698438644;R1_NORMAL;26;41;16;0;28;2;0;0.05000000819563866;0.18582062423229218;0.13979066908359528;96;4
C10;C10;Critico progressivo: Grooming em rodovia com fadiga;Critico;Critico;0.42114031314849854;0.42114031314849854;R1_NORMAL;40;81;42;1;60;20;0;0.05000000819563866;0.20407475531101227;0.1294437199831009;96;4
C01;C01;Critico: Celular em alta velocidade;Critico;Critico;0.29102678298950196;0.29102678298950196;R1_NORMAL;32;44;13;0;34;2;0;0.05000000819563866;0.16063231229782104;0.1105019822716713;96;4
C04;C04;Critico: Multiplas distracoes urbanas;Critico;Critico;0.5660760045051574;0.5660760045051574;R1_NORMAL;22;45;24;0;24;2;1;0.26162031292915344;0.20461206138134003;0.22997711598873138;96;4
C02;C02;Critico: Fadiga com desvio cinematico;Critico;Critico;0.39378328174352645;0.39378328174352645;R2_STABLE_RISK;29;50;22;0;32;3;0;0.05000000819563866;0.09295817464590073;0.11128705739974976;96;4
C05;C05;Critico progressivo: Celular em rodovia;Critico;Critico;0.3554925799369812;0.3554925799369812;R2_STABLE_RISK;42;73;32;1;61;19;0;0.05000000819563866;0.31546008586883545;0.11224573105573654;96;4
N03;N03;Normal: Noite estável;Normal;Normal;0.050000007078051564;0.050000007078051564;R1_NORMAL;-1;-1;0;0;-1;-1;0;0.05000000819563866;0.03395405411720276;0.07556571811437607;96;4
N01;N01;Normal: Viagem tranquila em rodovia;Normal;Normal;0.050000007078051564;0.050000007078051564;R2_STABLE_RISK;-1;-1;0;0;-1;-1;0;0.05000000819563866;0.0354754701256752;0.09038851410150528;96;4
C02;C02;Critico: Fadiga com desvio cinematico;Critico;Critico;0.597969925403595;0.597969925403595;R1_NORMAL;29;50;22;0;32;3;1;0.2654075622558594;0.09537389129400253;0.12400396913290024;96;4
C09;C09;Critico progressivo: Bebida ao volante;Critico;Critico;0.3839063346385956;0.3839063346385956;R3_FALSE_KIN;38;73;36;1;60;22;0;0.05000000819563866;0.24905447661876678;0.12915964424610138;96;4
N02;N02;Normal: Urbano moderado;Normal;Normal;0.050000007078051564;0.050000007078051564;R1_NORMAL;-1;-1;0;0;-1;-1;0;0.05000000819563866;0.03693479299545288;0.09553644806146622;96;4
C01;C01;Critico: Celular em alta velocidade;Critico;Critico;0.5370684146881103;0.5370684146881103;R2_STABLE_RISK;32;44;13;0;34;2;1;0.2717784345149994;0.16014721989631653;0.1760886162519455;96;4
C06;C06;Critico progressivo: Fadiga noturna;Critico;Critico;0.42195373028516764;0.42195373028516764;R3_FALSE_KIN;36;81;46;1;62;26;0;0.05000000819563866;0.1620642989873886;0.12786470353603363;96;4
C03;C03;Critico: Celular sem cinto sob chuva;Critico;Critico;0.3752959698438644;0.3752959698438644;R2_STABLE_RISK;26;41;16;0;28;2;0;0.05000000819563866;0.18793310225009918;0.12664183974266052;96;4
C02;C02;Critico: Fadiga com desvio cinematico;Critico;Critico;0.39378328174352645;0.39378328174352645;R1_NORMAL;29;50;22;0;32;3;0;0.05000000819563866;0.09582140296697617;0.10570288449525833;96;4
N02;N02;Normal: Urbano moderado;Normal;Normal;0.050000007078051564;0.050000007078051564;R2_STABLE_RISK;-1;-1;0;0;-1;-1;0;0.05000000819563866;0.036881089210510254;0.10014685243368149;96;4
N01;N01;Normal: Viagem tranquila em rodovia;Normal;Normal;0.050000007078051564;0.050000007078051564;R3_FALSE_KIN;-1;-1;0;0;-1;-1;0;0.05000000819563866;0.03206716850399971;0.09249850362539291;96;4
C06;C06;Critico progressivo: Fadiga noturna;Critico;Critico;0.44058123230934143;0.44058123230934143;R1_NORMAL;36;81;46;1;60;24;0;0.05000000819563866;0.15442003309726715;0.11882493644952774;96;4
N01;N01;Normal: Viagem tranquila em rodovia;Normal;Normal;0.050000007078051564;0.050000007078051564;R1_NORMAL;-1;-1;0;0;-1;-1;0;0.05000000819563866;0.027461832389235497;0.1607576459646225;96;4
C10;C10;Critico progressivo: Grooming em rodovia com fadiga;Critico;Critico;0.41405891925096505;0.41405891925096505;R2_STABLE_RISK;40;81;42;1;61;21;0;0.05000000819563866;0.19894035160541534;0.08951351046562195;96;4
N02;N02;Normal: Urbano moderado;Normal;Normal;0.050000007078051564;0.050000007078051564;R3_FALSE_KIN;-1;-1;0;0;-1;-1;0;0.05000000819563866;0.030077988281846046;0.10711812973022461;96;4
C01;C01;Critico: Celular em alta velocidade;Critico;Critico;0.29102678298950196;0.29102678298950196;R1_NORMAL;32;44;13;0;34;2;0;0.05000000819563866;0.15754061937332153;0.12595903873443604;96;4
C02;C02;Critico: Fadiga com desvio cinematico;Critico;Critico;0.6062841773033141;0.6062841773033141;R3_FALSE_KIN;29;50;22;0;32;3;1;0.2717667818069458;0.10052132606506348;0.23508989810943604;96;4
C03;C03;Critico: Celular sem cinto sob chuva;Critico;Critico;0.3752959698438644;0.3752959698438644;R1_NORMAL;26;41;16;0;28;2;0;0.05000000819563866;0.18708162009716034;0.1617935448884964;96;4
N03;N03;Normal: Noite estável;Normal;Normal;0.050000007078051564;0.050000007078051564;R3_FALSE_KIN;-1;-1;0;0;-1;-1;0;0.05000000819563866;0.0339374877512455;0.09608843177556992;96;4
C10;C10;Critico progressivo: Grooming em rodovia com fadiga;Critico;Critico;0.40520983189344406;0.40520983189344406;R1_NORMAL;40;81;42;1;65;25;0;0.05000000819563866;0.1976523995399475;0.07278338819742203;96;4
C06;C06;Critico progressivo: Fadiga noturna;Critico;Critico;0.49686129987239835;0.49686129987239835;R2_STABLE_RISK;36;81;46;1;61;25;1;0.3277609646320343;0.16187189519405365;0.13590119779109955;96;4
C05;C05;Critico progressivo: Celular em rodovia;Critico;Critico;0.3867317095398903;0.3867317095398903;R2_STABLE_RISK;42;73;32;1;62;20;0;0.05000000819563866;0.3155640661716461;0.13957847654819489;96;4
C09;C09;Critico progressivo: Bebida ao volante;Critico;Critico;0.4882732480764389;0.4882732480764389;R3_FALSE_KIN;38;73;36;1;52;14;1;0.27327844500541687;0.25617361068725586;0.2067997306585312;96;4
C04;C04;Critico: Multiplas distracoes urbanas;Critico;Critico;0.3713889718055725;0.3713889718055725;R1_NORMAL;22;45;24;0;24;2;0;0.05000000819563866;0.19479238986968994;0.13557873666286469;96;4
C01;C01;Critico: Celular em alta velocidade;Critico;Critico;0.5218361943960189;0.5218361943960189;R3_FALSE_KIN;32;44;13;0;34;2;1;0.21673612296581268;0.16060291230678558;0.16806985437870026;96;4
C06;C06;Critico progressivo: Fadiga noturna;Critico;Critico;0.4337814494967461;0.4337814494967461;R3_FALSE_KIN;36;81;46;1;59;23;0;0.05000000819563866;0.14992088079452515;0.1185590997338295;96;4
C10;C10;Critico progressivo: Grooming em rodovia com fadiga;Critico;Critico;0.45353576540946955;0.45353576540946955;R3_FALSE_KIN;40;81;42;1;63;23;1;0.2811717987060547;0.20628641545772552;0.1555662602186203;96;4
C09;C09;Critico progressivo: Bebida ao volante;Critico;Critico;0.4919551521539688;0.4919551521539688;R2_STABLE_RISK;38;73;36;1;59;21;1;0.2914000451564789;0.2576785087585449;0.1694248914718628;96;4
C04;C04;Critico: Multiplas distracoes urbanas;Critico;Critico;0.5686506509780884;0.5686506509780884;R3_FALSE_KIN;22;45;24;0;24;2;1;0.21890889108181;0.20330269634723663;0.2238740473985672;96;4
C02;C02;Critico: Fadiga com desvio cinematico;Critico;Critico;0.5946936756372452;0.5946936756372452;R1_NORMAL;29;50;22;0;32;3;1;0.2447873204946518;0.09381375461816788;0.1858351230621338;96;4
C09;C09;Critico progressivo: Bebida ao volante;Critico;Critico;0.4254092171788215;0.4254092171788215;R1_NORMAL;38;73;36;1;54;16;0;0.05000000819563866;0.2571157217025757;0.17926974594593048;96;4
C10;C10;Critico progressivo: Grooming em rodovia com fadiga;Critico;Critico;0.4341228082776069;0.4341228082776069;R1_NORMAL;40;81;42;1;58;18;0;0.05000000819563866;0.20547640323638916;0.15555249154567719;96;4
C09;C09;Critico progressivo: Bebida ao volante;Critico;Critico;0.3977826356887817;0.3977826356887817;R2_STABLE_RISK;38;73;36;1;61;23;0;0.05000000819563866;0.24947600066661835;0.15384560823440552;96;4
C04;C04;Critico: Multiplas distracoes urbanas;Critico;Critico;0.3713889718055725;0.3713889718055725;R2_STABLE_RISK;22;45;24;0;24;2;0;0.05000000819563866;0.19964094460010529;0.09593898057937622;96;4
N03;N03;Normal: Noite estável;Normal;Normal;0.050000007078051564;0.050000007078051564;R1_NORMAL;-1;-1;0;0;-1;-1;0;0.05000000819563866;0.031183093786239624;0.08408397436141968;96;4
N03;N03;Normal: Noite estável;Normal;Normal;0.050000007078051564;0.050000007078051564;R3_FALSE_KIN;-1;-1;0;0;-1;-1;0;0.05000000819563866;0.023607581853866577;0.11869845539331436;96;4
N02;N02;Normal: Urbano moderado;Normal;Normal;0.050000007078051564;0.050000007078051564;R2_STABLE_RISK;-1;-1;0;0;-1;-1;0;0.05000000819563866;0.030720025300979614;0.095213882625103;96;4
C02;C02;Critico: Fadiga com desvio cinematico;Critico;Critico;0.5982403844594955;0.5982403844594955;R1_NORMAL;29;50;22;0;32;3;1;0.2559398114681244;0.09862452745437622;0.1984206587076187;96;4
C04;C04;Critico: Multiplas distracoes urbanas;Critico;Critico;0.3713889718055725;0.3713889718055725;R3_FALSE_KIN;22;45;24;0;24;2;0;0.05000000819563866;0.19996356964111328;0.13204993307590485;96;4
N03;N03;Normal: Noite estável;Normal;Normal;0.050000007078051564;0.050000007078051564;R1_NORMAL;-1;-1;0;0;-1;-1;0;0.05000000819563866;0.026708370074629784;0.1021256074309349;96;4
C01;C01;Critico: Celular em alta velocidade;Critico;Critico;0.525385570526123;0.525385570526123;R1_NORMAL;32;44;13;0;34;2;1;0.264021098613739;0.15597368776798248;0.20490920543670654;96;4
N02;N02;Normal: Urbano moderado;Normal;Normal;0.050000007078051564;0.050000007078051564;R1_NORMAL;-1;-1;0;0;-1;-1;0;0.05000000819563866;0.032946791499853134;0.06776630878448486;96;4
C04;C04;Critico: Multiplas distracoes urbanas;Critico;Critico;0.3713889718055725;0.3713889718055725;R1_NORMAL;22;45;24;0;24;2;0;0.05000000819563866;0.1975312978029251;0.14200861752033234;96;4
C02;C02;Critico: Fadiga com desvio cinematico;Critico;Critico;0.39378328174352645;0.39378328174352645;R3_FALSE_KIN;29;50;22;0;32;3;0;0.05000000819563866;0.09492281824350357;0.1334419697523117;96;4
C01;C01;Critico: Celular em alta velocidade;Critico;Critico;0.29102678298950196;0.29102678298950196;R2_STABLE_RISK;32;44;13;0;34;2;0;0.05000000819563866;0.15132878720760345;0.10873111337423325;96;4
C03;C03;Critico: Celular sem cinto sob chuva;Critico;Critico;0.6099325329065323;0.6099325329065323;R1_NORMAL;26;41;16;0;28;2;1;0.2016710638999939;0.18457205593585968;0.19881968200206757;96;4
N03;N03;Normal: Noite estável;Normal;Normal;0.050000007078051564;0.050000007078051564;R2_STABLE_RISK;-1;-1;0;0;-1;-1;0;0.05000000819563866;0.02850446105003357;0.08511193841695786;96;4
C04;C04;Critico: Multiplas distracoes urbanas;Critico;Critico;0.5706464082002639;0.5706464082002639;R2_STABLE_RISK;22;45;24;0;24;2;1;0.24892157316207886;0.20435722172260284;0.20328383147716522;96;4
C07;C07;Critico progressivo: Sem cinto sob chuva;Critico;Critico;0.48419685363769527;0.48419685363769527;R2_STABLE_RISK;37;75;39;1;57;20;1;0.2610670328140259;0.38374295830726624;0.14736302196979523;96;4
N01;N01;Normal: Viagem tranquila em rodovia;Normal;Normal;0.050000007078051564;0.050000007078051564;R1_NORMAL;-1;-1;0;0;-1;-1;0;0.05000000819563866;0.031111404299736023;0.09073460102081299;96;4
C07;C07;Critico progressivo: Sem cinto sob chuva;Critico;Critico;0.41635140031576157;0.41635140031576157;R2_STABLE_RISK;37;75;39;1;57;20;0;0.05000000819563866;0.3777290880680084;0.1255009025335312;96;4
C01;C01;Critico: Celular em alta velocidade;Critico;Critico;0.29102678298950196;0.29102678298950196;R1_NORMAL;32;44;13;0;34;2;0;0.05000000819563866;0.1489313244819641;0.14022429287433624;96;4
N02;N02;Normal: Urbano moderado;Normal;Normal;0.050000007078051564;0.050000007078051564;R1_NORMAL;-1;-1;0;0;-1;-1;0;0.05000000819563866;0.030195144936442375;0.08823245763778687;96;4
C08;C08;Critico progressivo: Distracao urbana multietapas;Critico;Critico;0.514682051539421;0.514682051539421;R2_STABLE_RISK;28;77;50;1;49;21;1;0.28154340386390686;0.3238879144191742;0.1944902390241623;96;4
C04;C04;Critico: Multiplas distracoes urbanas;Critico;Critico;0.3713889718055725;0.3713889718055725;R1_NORMAL;22;45;24;0;24;2;0;0.05000000819563866;0.20215988159179688;0.14869780838489532;96;4
C10;C10;Critico progressivo: Grooming em rodovia com fadiga;Critico;Critico;0.42183037996292116;0.42183037996292116;R2_STABLE_RISK;40;81;42;1;62;22;0;0.05000000819563866;0.1957213282585144;0.09292974323034286;96;4
C09;C09;Critico progressivo: Bebida ao volante;Critico;Critico;0.3943054437637329;0.3943054437637329;R1_NORMAL;38;73;36;1;60;22;0;0.05000000819563866;0.24896009266376495;0.14521439373493195;96;4
N02;N02;Normal: Urbano moderado;Normal;Normal;0.050000007078051564;0.050000007078051564;R1_NORMAL;-1;-1;0;0;-1;-1;0;0.05000000819563866;0.034645382314920425;0.09713534265756607;96;4
C10;C10;Critico progressivo: Grooming em rodovia com fadiga;Critico;Critico;0.43005881309509275;0.43005881309509275;R2_STABLE_RISK;40;81;42;1;61;21;0;0.05000000819563866;0.19890610873699188;0.12091877311468124;96;4
N02;N02;Normal: Urbano moderado;Normal;Normal;0.050000007078051564;0.050000007078051564;R1_NORMAL;-1;-1;0;0;-1;-1;0;0.05000000819563866;0.03454175591468811;0.09138528257608414;96;4
C06;C06;Critico progressivo: Fadiga noturna;Critico;Critico;0.44993826448917384;0.44993826448917384;R1_NORMAL;36;81;46;1;62;26;1;0.33189669251441956;0.15937606990337372;0.1057203933596611;96;4
N02;N02;Normal: Urbano moderado;Normal;Normal;0.050000007078051564;0.050000007078051564;R3_FALSE_KIN;-1;-1;0;0;-1;-1;0;0.05000000819563866;0.03708340600132942;0.11352759599685669;96;4
C07;C07;Critico progressivo: Sem cinto sob chuva;Critico;Critico;0.39768611341714855;0.39768611341714855;R1_NORMAL;37;75;39;1;56;19;0;0.05000000819563866;0.3839273452758789;0.13223709166049957;96;4
C06;C06;Critico progressivo: Fadiga noturna;Critico;Critico;0.5031437128782272;0.5031437128782272;R1_NORMAL;36;81;46;1;57;21;1;0.3322657346725464;0.14989668130874634;0.1204305961728096;96;4
C04;C04;Critico: Multiplas distracoes urbanas;Critico;Critico;0.5610134929418563;0.5610134929418563;R3_FALSE_KIN;22;45;24;0;24;2;1;0.2012096643447876;0.20887355506420135;0.18077032268047333;96;4
C02;C02;Critico: Fadiga com desvio cinematico;Critico;Critico;0.39378328174352645;0.39378328174352645;R1_NORMAL;29;50;22;0;32;3;0;0.05000000819563866;0.09930354356765747;0.14199768006801605;96;4
C06;C06;Critico progressivo: Fadiga noturna;Critico;Critico;0.47046601474285127;0.47046601474285127;R3_FALSE_KIN;36;81;46;1;60;24;1;0.3124333620071411;0.152028426527977;0.09200561046600342;96;4
C09;C09;Critico progressivo: Bebida ao volante;Critico;Critico;0.3644191041588783;0.3644191041588783;R3_FALSE_KIN;38;73;36;1;61;23;0;0.05000000819563866;0.24573473632335663;0.10954322665929794;96;4
C02;C02;Critico: Fadiga com desvio cinematico;Critico;Critico;0.5915556907653807;0.5915556907653807;R2_STABLE_RISK;29;50;22;0;32;3;1;0.21257714927196503;0.09975633025169373;0.20271430909633636;96;4
N02;N02;Normal: Urbano moderado;Normal;Normal;0.050000007078051564;0.050000007078051564;R2_STABLE_RISK;-1;-1;0;0;-1;-1;0;0.05000000819563866;0.02542801760137081;0.06808101385831833;96;4
C05;C05;Critico progressivo: Celular em rodovia;Critico;Critico;0.3686916634440422;0.3686916634440422;R1_NORMAL;42;73;32;1;62;20;0;0.05000000819563866;0.3132180869579315;0.1406279057264328;96;4
C04;C04;Critico: Multiplas distracoes urbanas;Critico;Critico;0.3713889718055725;0.3713889718055725;R3_FALSE_KIN;22;45;24;0;24;2;0;0.05000000819563866;0.20790761709213257;0.11603686213493347;96;4
N02;N02;Normal: Urbano moderado;Normal;Normal;0.050000007078051564;0.050000007078051564;R1_NORMAL;-1;-1;0;0;-1;-1;0;0.05000000819563866;0.029519468545913696;0.12283137440681458;96;4
C08;C08;Critico progressivo: Distracao urbana multietapas;Critico;Critico;0.4998838633298873;0.4998838633298873;R2_STABLE_RISK;28;77;50;1;54;26;1;0.3336474895477295;0.3128734827041626;0.19338174164295197;96;4
N01;N01;Normal: Viagem tranquila em rodovia;Normal;Normal;0.050000007078051564;0.050000007078051564;R1_NORMAL;-1;-1;0;0;-1;-1;0;0.05000000819563866;0.03833092376589775;0.09557235240936279;96;4
C06;C06;Critico progressivo: Fadiga noturna;Critico;Critico;0.417474652826786;0.417474652826786;R1_NORMAL;36;81;46;1;57;21;0;0.05000000819563866;0.16713547706604004;0.11108013242483139;96;4
C01;C01;Critico: Celular em alta velocidade;Critico;Critico;0.533185002207756;0.533185002207756;R1_NORMAL;32;44;13;0;34;2;1;0.2605556845664978;0.1513211727142334;0.1344088464975357;96;4
C06;C06;Critico progressivo: Fadiga noturna;Critico;Critico;0.4070080295205116;0.4070080295205116;R2_STABLE_RISK;36;81;46;1;59;23;0;0.05000000819563866;0.1584358662366867;0.09560348838567734;96;4
C02;C02;Critico: Fadiga com desvio cinematico;Critico;Critico;0.39378328174352645;0.39378328174352645;R1_NORMAL;29;50;22;0;32;3;0;0.05000000819563866;0.09848114103078842;0.16152141988277435;96;4
C06;C06;Critico progressivo: Fadiga noturna;Critico;Critico;0.4849391311407089;0.4849391311407089;R1_NORMAL;36;81;46;1;59;23;1;0.30807220935821533;0.16211505234241486;0.16326992213726044;96;4
C08;C08;Critico progressivo: Distracao urbana multietapas;Critico;Critico;0.5250583559274673;0.5250583559274673;R3_FALSE_KIN;28;77;50;1;53;25;1;0.332671195268631;0.32175955176353455;0.14856262505054474;96;4
C07;C07;Critico progressivo: Sem cinto sob chuva;Critico;Critico;0.4772767573595047;0.4772767573595047;R1_NORMAL;37;75;39;1;56;19;1;0.26756277680397034;0.37625160813331604;0.16635911166667938;96;4
C09;C09;Critico progressivo: Bebida ao volante;Critico;Critico;0.4637168139219284;0.4637168139219284;R2_STABLE_RISK;38;73;36;1;57;19;1;0.2622411847114563;0.24528563022613525;0.1477440744638443;96;4
N02;N02;Normal: Urbano moderado;Normal;Normal;0.050000007078051564;0.050000007078051564;R1_NORMAL;-1;-1;0;0;-1;-1;0;0.05000000819563866;0.0351593978703022;0.11045872420072556;96;4
C04;C04;Critico: Multiplas distracoes urbanas;Critico;Critico;0.3713889718055725;0.3713889718055725;R1_NORMAL;22;45;24;0;24;2;0;0.05000000819563866;0.20824648439884186;0.14515863358974457;96;4
C08;C08;Critico progressivo: Distracao urbana multietapas;Critico;Critico;0.4188019275665283;0.4188019275665283;R2_STABLE_RISK;28;77;50;1;55;27;0;0.05000000819563866;0.31608253717422485;0.13792861998081207;96;4
C03;C03;Critico: Celular sem cinto sob chuva;Critico;Critico;0.3752959698438644;0.3752959698438644;R2_STABLE_RISK;26;41;16;0;28;2;0;0.05000000819563866;0.19090533256530762;0.13608424365520477;96;4
C07;C07;Critico progressivo: Sem cinto sob chuva;Critico;Critico;0.3992234945297241;0.3992234945297241;R1_NORMAL;37;75;39;1;56;19;0;0.05000000819563866;0.3792125880718231;0.13962697982788086;96;4
N03;N03;Normal: Noite estável;Normal;Normal;0.050000007078051564;0.050000007078051564;R1_NORMAL;-1;-1;0;0;-1;-1;0;0.05000000819563866;0.023477992042899132;0.09618710726499557;96;4
C09;C09;Critico progressivo: Bebida ao volante;Critico;Critico;0.39914668053388597;0.39914668053388597;R2_STABLE_RISK;38;73;36;1;56;18;0;0.05000000819563866;0.2504085302352905;0.127317413687706;96;4
C07;C07;Critico progressivo: Sem cinto sob chuva;Critico;Critico;0.46575691401958463;0.46575691401958463;R2_STABLE_RISK;37;75;39;1;62;25;1;0.3066190779209137;0.3753354251384735;0.17645519971847534;96;4
C06;C06;Critico progressivo: Fadiga noturna;Critico;Critico;0.43049111813306806;0.43049111813306806;R1_NORMAL;36;81;46;1;61;25;0;0.05000000819563866;0.1530957967042923;0.11021075397729874;96;4
N02;N02;Normal: Urbano moderado;Normal;Normal;0.050000007078051564;0.050000007078051564;R1_NORMAL;-1;-1;0;0;-1;-1;0;0.05000000819563866;0.03124849498271942;0.08650681376457214;96;4
N02;N02;Normal: Urbano moderado;Normal;Normal;0.050000007078051564;0.050000007078051564;R2_STABLE_RISK;-1;-1;0;0;-1;-1;0;0.05000000819563866;0.031794916838407516;0.1110147163271904;96;4
N01;N01;Normal: Viagem tranquila em rodovia;Normal;Normal;0.050000007078051564;0.050000007078051564;R1_NORMAL;-1;-1;0;0;-1;-1;0;0.05000000819563866;0.030677445232868195;0.11542203277349472;96;4
C03;C03;Critico: Celular sem cinto sob chuva;Critico;Critico;0.6161922931671142;0.6161922931671142;R2_STABLE_RISK;26;41;16;0;28;2;1;0.2277185171842575;0.18939673900604248;0.1773032695055008;96;4
C03;C03;Critico: Celular sem cinto sob chuva;Critico;Critico;0.3752959698438644;0.3752959698438644;R1_NORMAL;26;41;16;0;28;2;0;0.05000000819563866;0.18325400352478027;0.13153214752674103;96;4
C02;C02;Critico: Fadiga com desvio cinematico;Critico;Critico;0.6066824197769165;0.6066824197769165;R1_NORMAL;29;50;22;0;32;3;1;0.2738208472728729;0.09939310699701309;0.21462035179138184;96;4
C06;C06;Critico progressivo: Fadiga noturna;Critico;Critico;0.4076630100607872;0.4076630100607872;R2_STABLE_RISK;36;81;46;1;63;27;0;0.05000000819563866;0.15268869698047638;0.11762571334838867;96;4
C05;C05;Critico progressivo: Celular em rodovia;Critico;Critico;0.3714687645435333;0.3714687645435333;R1_NORMAL;42;73;32;1;61;19;0;0.05000000819563866;0.3171519339084625;0.12113883346319199;96;4
C06;C06;Critico progressivo: Fadiga noturna;Critico;Critico;0.436448235809803;0.436448235809803;R2_STABLE_RISK;36;81;46;1;61;25;0;0.05000000819563866;0.15424370765686035;0.11209926009178162;96;4
N03;N03;Normal: Noite estável;Normal;Normal;0.050000007078051564;0.050000007078051564;R2_STABLE_RISK;-1;-1;0;0;-1;-1;0;0.05000000819563866;0.03504142537713051;0.10487248748540878;96;4
C10;C10;Critico progressivo: Grooming em rodovia com fadiga;Critico;Critico;0.396413117647171;0.396413117647171;R1_NORMAL;40;81;42;1;63;23;0;0.05000000819563866;0.20161862671375275;0.13351239264011383;96;4
C02;C02;Critico: Fadiga com desvio cinematico;Critico;Critico;0.39378328174352645;0.39378328174352645;R1_NORMAL;29;50;22;0;32;3;0;0.05000000819563866;0.1016865149140358;0.15249969065189362;96;4
C01;C01;Critico: Celular em alta velocidade;Critico;Critico;0.5274908781051635;0.5274908781051635;R2_STABLE_RISK;32;44;13;0;34;2;1;0.22479508817195892;0.16098709404468536;0.20335666835308075;96;4
N02;N02;Normal: Urbano moderado;Normal;Normal;0.050000007078051564;0.050000007078051564;R2_STABLE_RISK;-1;-1;0;0;-1;-1;0;0.05000000819563866;0.03268205747008324;0.13141340017318726;96;4
N02;N02;Normal: Urbano moderado;Normal;Normal;0.050000007078051564;0.050000007078051564;R1_NORMAL;-1;-1;0;0;-1;-1;0;0.05000000819563866;0.03571650758385658;0.11344479769468307;96;4
C03;C03;Critico: Celular sem cinto sob chuva;Critico;Critico;0.6083286672830581;0.6083286672830581;R2_STABLE_RISK;26;41;16;0;28;2;1;0.21667848527431488;0.18819306790828705;0.23583869636058807;96;4
N01;N01;Normal: Viagem tranquila em rodovia;Normal;Normal;0.050000007078051564;0.050000007078051564;R2_STABLE_RISK;-1;-1;0;0;-1;-1;0;0.05000000819563866;0.03651420772075653;0.09586574882268906;96;4
C02;C02;Critico: Fadiga com desvio cinematico;Critico;Critico;0.39378328174352645;0.39378328174352645;R1_NORMAL;29;50;22;0;32;3;0;0.05000000819563866;0.09445462375879288;0.10307886451482773;96;4
C09;C09;Critico progressivo: Bebida ao volante;Critico;Critico;0.3796300545334816;0.3796300545334816;R3_FALSE_KIN;38;73;36;1;60;22;0;0.05000000819563866;0.25034797191619873;0.13487951457500458;96;4
C09;C09;Critico progressivo: Bebida ao volante;Critico;Critico;0.4923774033784866;0.4923774033784866;R2_STABLE_RISK;38;73;36;1;55;17;1;0.2536977231502533;0.2513166666030884;0.16454510390758514;96;4
C05;C05;Critico progressivo: Celular em rodovia;Critico;Critico;0.3942059054970741;0.3942059054970741;R1_NORMAL;42;73;32;1;59;17;0;0.05000000819563866;0.32307636737823486;0.10832194238901138;96;4
C05;C05;Critico progressivo: Celular em rodovia;Critico;Critico;0.3866962730884552;0.3866962730884552;R1_NORMAL;42;73;32;1;57;15;0;0.05000000819563866;0.320923388004303;0.13335785269737244;96;4
C09;C09;Critico progressivo: Bebida ao volante;Critico;Critico;0.4041765823960304;0.4041765823960304;R1_NORMAL;38;73;36;1;55;17;0;0.05000000819563866;0.2573782503604889;0.1394456923007965;96;4
C07;C07;Critico progressivo: Sem cinto sob chuva;Critico;Critico;0.39468015283346175;0.39468015283346175;R3_FALSE_KIN;37;75;39;1;58;21;0;0.05000000819563866;0.37425312399864197;0.17090032994747162;96;4
C09;C09;Critico progressivo: Bebida ao volante;Critico;Critico;0.3822800233960152;0.3822800233960152;R3_FALSE_KIN;38;73;36;1;58;20;0;0.05000000819563866;0.2505699396133423;0.117870032787323;96;4
C03;C03;Critico: Celular sem cinto sob chuva;Critico;Critico;0.6126583606004714;0.6126583606004714;R1_NORMAL;26;41;16;0;28;2;1;0.2531578838825226;0.18907594680786133;0.15612971782684326;96;4
N02;N02;Normal: Urbano moderado;Normal;Normal;0.050000007078051564;0.050000007078051564;R1_NORMAL;-1;-1;0;0;-1;-1;0;0.05000000819563866;0.0340106375515461;0.09211412817239761;96;4
C01;C01;Critico: Celular em alta velocidade;Critico;Critico;0.5367610543966292;0.5367610543966292;R1_NORMAL;32;44;13;0;34;2;1;0.26828762888908386;0.15488235652446747;0.12759354710578918;96;4
C01;C01;Critico: Celular em alta velocidade;Critico;Critico;0.29102678298950196;0.29102678298950196;R2_STABLE_RISK;32;44;13;0;34;2;0;0.05000000819563866;0.14960971474647522;0.11512166261672974;96;4
C02;C02;Critico: Fadiga com desvio cinematico;Critico;Critico;0.39378328174352645;0.39378328174352645;R1_NORMAL;29;50;22;0;32;3;0;0.05000000819563866;0.10161636024713516;0.128245010972023;96;4
C07;C07;Critico progressivo: Sem cinto sob chuva;Critico;Critico;0.40951719284057614;0.40951719284057614;R2_STABLE_RISK;37;75;39;1;56;19;0;0.05000000819563866;0.3787064552307129;0.13810361921787262;96;4
C08;C08;Critico progressivo: Distracao urbana multietapas;Critico;Critico;0.44671638011932374;0.44671638011932374;R1_NORMAL;28;77;50;1;52;24;0;0.05000000819563866;0.3196174204349518;0.13264863193035126;96;4
C05;C05;Critico progressivo: Celular em rodovia;Critico;Critico;0.39998500347137445;0.39998500347137445;R1_NORMAL;42;73;32;1;59;17;0;0.05000000819563866;0.309613972902298;0.132060706615448;96;4
C08;C08;Critico progressivo: Distracao urbana multietapas;Critico;Critico;0.44035041034221645;0.44035041034221645;R2_STABLE_RISK;28;77;50;1;54;26;0;0.05000000819563866;0.32024961709976196;0.16289818286895752;96;4
N03;N03;Normal: Noite estável;Normal;Normal;0.050000007078051564;0.050000007078051564;R3_FALSE_KIN;-1;-1;0;0;-1;-1;0;0.05000000819563866;0.03361770510673523;0.09825751930475235;96;4
N02;N02;Normal: Urbano moderado;Normal;Normal;0.050000007078051564;0.050000007078051564;R3_FALSE_KIN;-1;-1;0;0;-1;-1;0;0.05000000819563866;0.03378285840153694;0.14274832606315613;96;4
C09;C09;Critico progressivo: Bebida ao volante;Critico;Critico;0.39456228762865064;0.39456228762865064;R1_NORMAL;38;73;36;1;57;19;0;0.05000000819563866;0.25353196263313293;0.12976272404193878;96;4
C02;C02;Critico: Fadiga com desvio cinematico;Critico;Critico;0.39378328174352645;0.39378328174352645;R1_NORMAL;29;50;22;0;32;3;0;0.05000000819563866;0.0919087752699852;0.0856676921248436;96;4
C10;C10;Critico progressivo: Grooming em rodovia com fadiga;Critico;Critico;0.4004490375518799;0.4004490375518799;R1_NORMAL;40;81;42;1;62;22;0;0.05000000819563866;0.20471639931201935;0.07330591231584549;96;4
N01;N01;Normal: Viagem tranquila em rodovia;Normal;Normal;0.050000007078051564;0.050000007078051564;R3_FALSE_KIN;-1;-1;0;0;-1;-1;0;0.05000000819563866;0.035940565168857574;0.0872652530670166;96;4
C03;C03;Critico: Celular sem cinto sob chuva;Critico;Critico;0.3752959698438644;0.3752959698438644;R1_NORMAL;26;41;16;0;28;2;0;0.05000000819563866;0.18234758079051971;0.11616673320531845;96;4
C05;C05;Critico progressivo: Celular em rodovia;Critico;Critico;0.47622911036014554;0.47622911036014554;R1_NORMAL;42;73;32;1;61;19;1;0.25707924365997314;0.31356266140937805;0.18026210367679596;96;4
C08;C08;Critico progressivo: Distracao urbana multietapas;Critico;Critico;0.42889861613512037;0.42889861613512037;R1_NORMAL;28;77;50;1;52;24;0;0.05000000819563866;0.3193638324737549;0.16478674113750458;96;4
N03;N03;Normal: Noite estável;Normal;Normal;0.050000007078051564;0.050000007078051564;R1_NORMAL;-1;-1;0;0;-1;-1;0;0.05000000819563866;0.032879143953323364;0.1200016513466835;96;4
C03;C03;Critico: Celular sem cinto sob chuva;Critico;Critico;0.6148998528718947;0.6148998528718947;R2_STABLE_RISK;26;41;16;0;28;2;1;0.24711614847183228;0.18235623836517334;0.16823823750019073;96;4
C06;C06;Critico progressivo: Fadiga noturna;Critico;Critico;0.4881694346666336;0.4881694346666336;R2_STABLE_RISK;36;81;46;1;64;28;1;0.3143576979637146;0.15143561363220215;0.16706477105617523;96;4
C01;C01;Critico: Celular em alta velocidade;Critico;Critico;0.5239768534898757;0.5239768534898757;R2_STABLE_RISK;32;44;13;0;34;2;1;0.2402935028076172;0.15279747545719147;0.12745344638824463;96;4
C07;C07;Critico progressivo: Sem cinto sob chuva;Critico;Critico;0.4666619688272476;0.4666619688272476;R1_NORMAL;37;75;39;1;60;23;1;0.24213646352291107;0.37590017914772034;0.1457945555448532;96;4
C04;C04;Critico: Multiplas distracoes urbanas;Critico;Critico;0.3713889718055725;0.3713889718055725;R3_FALSE_KIN;22;45;24;0;24;2;0;0.05000000819563866;0.19937379658222198;0.154189333319664;96;4
C02;C02;Critico: Fadiga com desvio cinematico;Critico;Critico;0.5960452795028686;0.5960452795028686;R1_NORMAL;29;50;22;0;32;3;1;0.2680552303791046;0.10433582216501236;0.15459564328193665;96;4
C01;C01;Critico: Celular em alta velocidade;Critico;Critico;0.5247381806373597;0.5247381806373597;R1_NORMAL;32;44;13;0;34;2;1;0.23380576074123383;0.15747995674610138;0.2170434445142746;96;4
C08;C08;Critico progressivo: Distracao urbana multietapas;Critico;Critico;0.5257359057664871;0.5257359057664871;R2_STABLE_RISK;28;77;50;1;49;21;1;0.3295508921146393;0.3211299479007721;0.15078255534172058;96;4
C10;C10;Critico progressivo: Grooming em rodovia com fadiga;Critico;Critico;0.3945868372917175;0.3945868372917175;R1_NORMAL;40;81;42;1;60;20;0;0.05000000819563866;0.2030188888311386;0.11391488462686539;96;4
C02;C02;Critico: Fadiga com desvio cinematico;Critico;Critico;0.39378328174352645;0.39378328174352645;R3_FALSE_KIN;29;50;22;0;32;3;0;0.05000000819563866;0.09411611407995224;0.1339813470840454;96;4
C03;C03;Critico: Celular sem cinto sob chuva;Critico;Critico;0.6234597980976104;0.6234597980976104;R2_STABLE_RISK;26;41;16;0;28;2;1;0.2693955600261688;0.18751901388168335;0.21893201768398285;96;4
C01;C01;Critico: Celular em alta velocidade;Critico;Critico;0.5188789278268814;0.5188789278268814;R2_STABLE_RISK;32;44;13;0;34;2;1;0.26160886883735657;0.1608016937971115;0.16729207336902618;96;4
C05;C05;Critico progressivo: Celular em rodovia;Critico;Critico;0.36920894533395765;0.36920894533395765;R1_NORMAL;42;73;32;1;61;19;0;0.05000000819563866;0.3200535476207733;0.1316356658935547;96;4
N02;N02;Normal: Urbano moderado;Normal;Normal;0.050000007078051564;0.050000007078051564;R3_FALSE_KIN;-1;-1;0;0;-1;-1;0;0.05000000819563866;0.03323211520910263;0.1058625802397728;96;4
N03;N03;Normal: Noite estável;Normal;Normal;0.050000007078051564;0.050000007078051564;R1_NORMAL;-1;-1;0;0;-1;-1;0;0.05000000819563866;0.027909690514206886;0.09809693694114685;96;4
N01;N01;Normal: Viagem tranquila em rodovia;Normal;Normal;0.050000007078051564;0.050000007078051564;R1_NORMAL;-1;-1;0;0;-1;-1;0;0.05000000819563866;0.037709325551986694;0.10249825567007065;96;4
C08;C08;Critico progressivo: Distracao urbana multietapas;Critico;Critico;0.44185810983180995;0.44185810983180995;R3_FALSE_KIN;28;77;50;1;51;23;0;0.05000000819563866;0.3203161060810089;0.13248185813426971;96;4
C01;C01;Critico: Celular em alta velocidade;Critico;Critico;0.29102678298950196;0.29102678298950196;R1_NORMAL;32;44;13;0;34;2;0;0.05000000819563866;0.15425293147563934;0.11465384811162949;96;4
C01;C01;Critico: Celular em alta velocidade;Critico;Critico;0.29102678298950196;0.29102678298950196;R2_STABLE_RISK;32;44;13;0;34;2;0;0.05000000819563866;0.15635088086128235;0.0915994644165039;96;4
C01;C01;Critico: Celular em alta velocidade;Critico;Critico;0.537481963634491;0.537481963634491;R1_NORMAL;32;44;13;0;34;2;1;0.2716701924800873;0.15570928156375885;0.18728478252887726;96;4
C05;C05;Critico progressivo: Celular em rodovia;Critico;Critico;0.3721665918827057;0.3721665918827057;R3_FALSE_KIN;42;73;32;1;59;17;0;0.05000000819563866;0.3132568299770355;0.09868989139795303;96;4
C03;C03;Critico: Celular sem cinto sob chuva;Critico;Critico;0.6205506592988967;0.6205506592988967;R3_FALSE_KIN;26;41;16;0;28;2;1;0.2748156487941742;0.18342900276184082;0.17443203926086426;96;4
N02;N02;Normal: Urbano moderado;Normal;Normal;0.050000007078051564;0.050000007078051564;R2_STABLE_RISK;-1;-1;0;0;-1;-1;0;0.05000000819563866;0.03281113877892494;0.08381424099206924;96;4
C05;C05;Critico progressivo: Celular em rodovia;Critico;Critico;0.3708387091755867;0.3708387091755867;R1_NORMAL;42;73;32;1;58;16;0;0.05000000819563866;0.3142150640487671;0.10565018653869629;96;4
N01;N01;Normal: Viagem tranquila em rodovia;Normal;Normal;0.050000007078051564;0.050000007078051564;R1_NORMAL;-1;-1;0;0;-1;-1;0;0.05000000819563866;0.030280539765954018;0.13810449838638306;96;4
C07;C07;Critico progressivo: Sem cinto sob chuva;Critico;Critico;0.40293081402778624;0.40293081402778624;R1_NORMAL;37;75;39;1;58;21;0;0.05000000819563866;0.3780219554901123;0.13346458971500397;96;4
C04;C04;Critico: Multiplas distracoes urbanas;Critico;Critico;0.3713889718055725;0.3713889718055725;R2_STABLE_RISK;22;45;24;0;24;2;0;0.05000000819563866;0.19811487197875977;0.15687473118305206;96;4
N03;N03;Normal: Noite estável;Normal;Normal;0.050000007078051564;0.050000007078051564;R1_NORMAL;-1;-1;0;0;-1;-1;0;0.05000000819563866;0.03459388017654419;0.10110839456319809;96;4
N02;N02;Normal: Urbano moderado;Normal;Normal;0.050000007078051564;0.050000007078051564;R1_NORMAL;-1;-1;0;0;-1;-1;0;0.05000000819563866;0.02912895195186138;0.07751921564340591;96;4
N02;N02;Normal: Urbano moderado;Normal;Normal;0.050000007078051564;0.050000007078051564;R2_STABLE_RISK;-1;-1;0;0;-1;-1;0;0.05000000819563866;0.030874336138367653;0.08924432843923569;96;4
C05;C05;Critico progressivo: Celular em rodovia;Critico;Critico;0.39746025055646894;0.39746025055646894;R2_STABLE_RISK;42;73;32;1;59;17;0;0.05000000819563866;0.3147965669631958;0.13086199760437012;96;4
C07;C07;Critico progressivo: Sem cinto sob chuva;Critico;Critico;0.4155659437179565;0.4155659437179565;R1_NORMAL;37;75;39;1;55;18;0;0.05000000819563866;0.39310839772224426;0.1562330573797226;96;4
C07;C07;Critico progressivo: Sem cinto sob chuva;Critico;Critico;0.4308828666806221;0.4308828666806221;R3_FALSE_KIN;37;75;39;1;53;16;0;0.05000000819563866;0.38262709975242615;0.16448578238487244;96;4
C06;C06;Critico progressivo: Fadiga noturna;Critico;Critico;0.4146682247519493;0.4146682247519493;R1_NORMAL;36;81;46;1;61;25;0;0.05000000819563866;0.1559448391199112;0.1286415457725525;96;4
C03;C03;Critico: Celular sem cinto sob chuva;Critico;Critico;0.3752959698438644;0.3752959698438644;R2_STABLE_RISK;26;41;16;0;28;2;0;0.05000000819563866;0.18734653294086456;0.11916077136993408;96;4
C02;C02;Critico: Fadiga com desvio cinematico;Critico;Critico;0.39378328174352645;0.39378328174352645;R3_FALSE_KIN;29;50;22;0;32;3;0;0.05000000819563866;0.10101345926523209;0.12135305255651474;96;4
C02;C02;Critico: Fadiga com desvio cinematico;Critico;Critico;0.6055164843797683;0.6055164843797683;R1_NORMAL;29;50;22;0;32;3;1;0.26780712604522705;0.09606913477182388;0.15051832795143127;96;4
N02;N02;Normal: Urbano moderado;Normal;Normal;0.050000007078051564;0.050000007078051564;R2_STABLE_RISK;-1;-1;0;0;-1;-1;0;0.05000000819563866;0.027648011222481728;0.06816490739583969;96;4
C06;C06;Critico progressivo: Fadiga noturna;Critico;Critico;0.4121347203850746;0.4121347203850746;R2_STABLE_RISK;36;81;46;1;64;28;0;0.05000000819563866;0.15396155416965485;0.12973012030124664;96;4
C08;C08;Critico progressivo: Distracao urbana multietapas;Critico;Critico;0.45174146592617037;0.45174146592617037;R1_NORMAL;28;77;50;1;56;28;0;0.05000000819563866;0.3129875361919403;0.1456037163734436;96;4
C01;C01;Critico: Celular em alta velocidade;Critico;Critico;0.5373688846826553;0.5373688846826553;R3_FALSE_KIN;32;44;13;0;34;2;1;0.2711395025253296;0.15473903715610504;0.14806751906871796;96;4
C04;C04;Critico: Multiplas distracoes urbanas;Critico;Critico;0.5693734347820282;0.5693734347820282;R1_NORMAL;22;45;24;0;24;2;1;0.22246165573596954;0.20965808629989624;0.19812338054180145;96;4
N01;N01;Normal: Viagem tranquila em rodovia;Normal;Normal;0.050000007078051564;0.050000007078051564;R1_NORMAL;-1;-1;0;0;-1;-1;0;0.05000000819563866;0.02609577216207981;0.08447938412427902;96;4
C05;C05;Critico progressivo: Celular em rodovia;Critico;Critico;0.4076009765267372;0.4076009765267372;R1_NORMAL;42;73;32;1;58;16;0;0.05000000819563866;0.3126981556415558;0.14745298027992249;96;4
C03;C03;Critico: Celular sem cinto sob chuva;Critico;Critico;0.3752959698438644;0.3752959698438644;R1_NORMAL;26;41;16;0;28;2;0;0.05000000819563866;0.18020164966583252;0.12090989202260971;96;4
N03;N03;Normal: Noite estável;Normal;Normal;0.050000007078051564;0.050000007078051564;R1_NORMAL;-1;-1;0;0;-1;-1;0;0.05000000819563866;0.040939927101135254;0.11050611734390259;96;4
C08;C08;Critico progressivo: Distracao urbana multietapas;Critico;Critico;0.5238932698965073;0.5238932698965073;R1_NORMAL;28;77;50;1;53;25;1;0.27115142345428467;0.32103896141052246;0.18101303279399872;96;4
N01;N01;Normal: Viagem tranquila em rodovia;Normal;Normal;0.050000007078051564;0.050000007078051564;R1_NORMAL;-1;-1;0;0;-1;-1;0;0.05000000819563866;0.03361702337861061;0.08983093500137329;96;4
C01;C01;Critico: Celular em alta velocidade;Critico;Critico;0.29102678298950196;0.29102678298950196;R1_NORMAL;32;44;13;0;34;2;0;0.05000000819563866;0.15217502415180206;0.1257263869047165;96;4
C06;C06;Critico progressivo: Fadiga noturna;Critico;Critico;0.4758156985044479;0.4758156985044479;R2_STABLE_RISK;36;81;46;1;57;21;1;0.3297367990016937;0.16845159232616425;0.13725689053535461;96;4
C06;C06;Critico progressivo: Fadiga noturna;Critico;Critico;0.42508147358894344;0.42508147358894344;R1_NORMAL;36;81;46;1;60;24;0;0.05000000819563866;0.1581011563539505;0.0984940156340599;96;4
N03;N03;Normal: Noite estável;Normal;Normal;0.050000007078051564;0.050000007078051564;R1_NORMAL;-1;-1;0;0;-1;-1;0;0.05000000819563866;0.03949067369103432;0.11281677335500717;96;4
N03;N03;Normal: Noite estável;Normal;Normal;0.050000007078051564;0.050000007078051564;R2_STABLE_RISK;-1;-1;0;0;-1;-1;0;0.05000000819563866;0.02608887292444706;0.10142847895622253;96;4
N02;N02;Normal: Urbano moderado;Normal;Normal;0.050000007078051564;0.050000007078051564;R2_STABLE_RISK;-1;-1;0;0;-1;-1;0;0.05000000819563866;0.03219126537442207;0.11035408824682236;96;4
N02;N02;Normal: Urbano moderado;Normal;Normal;0.050000007078051564;0.050000007078051564;R1_NORMAL;-1;-1;0;0;-1;-1;0;0.05000000819563866;0.028679324313998222;0.11859170347452164;96;4
N01;N01;Normal: Viagem tranquila em rodovia;Normal;Normal;0.050000007078051564;0.050000007078051564;R1_NORMAL;-1;-1;0;0;-1;-1;0;0.05000000819563866;0.026955202221870422;0.07582872360944748;96;4
N01;N01;Normal: Viagem tranquila em rodovia;Normal;Normal;0.050000007078051564;0.050000007078051564;R3_FALSE_KIN;-1;-1;0;0;-1;-1;0;0.05000000819563866;0.029998665675520897;0.07941832393407822;96;4
C09;C09;Critico progressivo: Bebida ao volante;Critico;Critico;0.4108085259795189;0.4108085259795189;R2_STABLE_RISK;38;73;36;1;56;18;0;0.05000000819563866;0.24934422969818115;0.1440115123987198;96;4
C03;C03;Critico: Celular sem cinto sob chuva;Critico;Critico;0.3752959698438644;0.3752959698438644;R2_STABLE_RISK;26;41;16;0;28;2;0;0.05000000819563866;0.1958976536989212;0.10925358533859253;96;4
C02;C02;Critico: Fadiga com desvio cinematico;Critico;Critico;0.39378328174352645;0.39378328174352645;R1_NORMAL;29;50;22;0;32;3;0;0.05000000819563866;0.10318537801504135;0.09793729335069656;96;4
C04;C04;Critico: Multiplas distracoes urbanas;Critico;Critico;0.5768525749444962;0.5768525749444962;R1_NORMAL;22;45;24;0;24;2;1;0.259225994348526;0.2055426836013794;0.17274458706378937;96;4
N02;N02;Normal: Urbano moderado;Normal;Normal;0.050000007078051564;0.050000007078051564;R2_STABLE_RISK;-1;-1;0;0;-1;-1;0;0.05000000819563866;0.03437960147857666;0.11108467727899551;96;4
C06;C06;Critico progressivo: Fadiga noturna;Critico;Critico;0.4095976784825325;0.4095976784825325;R2_STABLE_RISK;36;81;46;1;61;25;0;0.05000000819563866;0.16194000840187073;0.10512268543243408;96;4
C04;C04;Critico: Multiplas distracoes urbanas;Critico;Critico;0.3713889718055725;0.3713889718055725;R3_FALSE_KIN;22;45;24;0;24;2;0;0.05000000819563866;0.19885258376598358;0.10599807649850845;96;4
C01;C01;Critico: Celular em alta velocidade;Critico;Critico;0.29102678298950196;0.29102678298950196;R2_STABLE_RISK;32;44;13;0;34;2;0;0.05000000819563866;0.15057194232940674;0.11402922868728638;96;4
C10;C10;Critico progressivo: Grooming em rodovia com fadiga;Critico;Critico;0.46299672424793237;0.46299672424793237;R3_FALSE_KIN;40;81;42;1;66;26;1;0.33362826704978943;0.19859565794467926;0.09891430288553238;96;4
C09;C09;Critico progressivo: Bebida ao volante;Critico;Critico;0.39864025712013246;0.39864025712013246;R1_NORMAL;38;73;36;1;60;22;0;0.05000000819563866;0.24756604433059692;0.14358854293823242;96;4
C03;C03;Critico: Celular sem cinto sob chuva;Critico;Critico;0.6045755475759507;0.6045755475759507;R1_NORMAL;26;41;16;0;28;2;1;0.22309720516204834;0.18598847091197968;0.19650347530841827;96;4
N01;N01;Normal: Viagem tranquila em rodovia;Normal;Normal;0.050000007078051564;0.050000007078051564;R1_NORMAL;-1;-1;0;0;-1;-1;0;0.05000000819563866;0.03351859003305435;0.1398511677980423;96;4
C08;C08;Critico progressivo: Distracao urbana multietapas;Critico;Critico;0.423995141685009;0.423995141685009;R1_NORMAL;28;77;50;1;53;25;0;0.05000000819563866;0.32065197825431824;0.19346801936626434;96;4
C04;C04;Critico: Multiplas distracoes urbanas;Critico;Critico;0.5585392504930495;0.5585392504930495;R3_FALSE_KIN;22;45;24;0;24;2;1;0.17684511840343475;0.1999896764755249;0.17337065935134888;96;4
C02;C02;Critico: Fadiga com desvio cinematico;Critico;Critico;0.39378328174352645;0.39378328174352645;R3_FALSE_KIN;29;50;22;0;32;3;0;0.05000000819563866;0.09864816814661026;0.12174428254365921;96;4
C07;C07;Critico progressivo: Sem cinto sob chuva;Critico;Critico;0.4075854420661926;0.4075854420661926;R1_NORMAL;37;75;39;1;60;23;0;0.05000000819563866;0.38057419657707214;0.14738096296787262;96;4
N03;N03;Normal: Noite estável;Normal;Normal;0.050000007078051564;0.050000007078051564;R2_STABLE_RISK;-1;-1;0;0;-1;-1;0;0.05000000819563866;0.02868339605629444;0.0996980369091034;96;4
C10;C10;Critico progressivo: Grooming em rodovia com fadiga;Critico;Critico;0.42572119981050494;0.42572119981050494;R2_STABLE_RISK;40;81;42;1;65;25;0;0.05000000819563866;0.20303918421268463;0.10684505850076675;96;4
C06;C06;Critico progressivo: Fadiga noturna;Critico;Critico;0.4527815014123916;0.4527815014123916;R2_STABLE_RISK;36;81;46;1;58;22;1;0.3193352520465851;0.1627970188856125;0.12866555154323578;96;4
N03;N03;Normal: Noite estável;Normal;Normal;0.050000007078051564;0.050000007078051564;R1_NORMAL;-1;-1;0;0;-1;-1;0;0.05000000819563866;0.03500428795814514;0.10561729222536087;96;4
C05;C05;Critico progressivo: Celular em rodovia;Critico;Critico;0.3800547882914543;0.3800547882914543;R1_NORMAL;42;73;32;1;61;19;0;0.05000000819563866;0.3141215741634369;0.12432566285133362;96;4
C05;C05;Critico progressivo: Celular em rodovia;Critico;Critico;0.38705998212099074;0.38705998212099074;R3_FALSE_KIN;42;73;32;1;61;19;0;0.05000000819563866;0.3173549175262451;0.11165689677000046;96;4
N02;N02;Normal: Urbano moderado;Normal;Normal;0.050000007078051564;0.050000007078051564;R3_FALSE_KIN;-1;-1;0;0;-1;-1;0;0.05000000819563866;0.035290200263261795;0.08727362751960754;96;4
C09;C09;Critico progressivo: Bebida ao volante;Critico;Critico;0.3853445008397102;0.3853445008397102;R3_FALSE_KIN;38;73;36;1;60;22;0;0.05000000819563866;0.254471093416214;0.12203969806432724;96;4
N03;N03;Normal: Noite estável;Normal;Normal;0.050000007078051564;0.050000007078051564;R1_NORMAL;-1;-1;0;0;-1;-1;0;0.05000000819563866;0.03749953582882881;0.13196037709712982;96;4
C06;C06;Critico progressivo: Fadiga noturna;Critico;Critico;0.44329464733600615;0.44329464733600615;R1_NORMAL;36;81;46;1;53;17;0;0.05000000819563866;0.16621649265289307;0.1297057420015335;96;4
C06;C06;Critico progressivo: Fadiga noturna;Critico;Critico;0.4171293750405311;0.4171293750405311;R1_NORMAL;36;81;46;1;63;27;0;0.05000000819563866;0.1561109572649002;0.1154361367225647;96;4
C03;C03;Critico: Celular sem cinto sob chuva;Critico;Critico;0.3752959698438644;0.3752959698438644;R2_STABLE_RISK;26;41;16;0;28;2;0;0.05000000819563866;0.19005902111530304;0.11963223665952682;96;4
C01;C01;Critico: Celular em alta velocidade;Critico;Critico;0.29102678298950196;0.29102678298950196;R1_NORMAL;32;44;13;0;34;2;0;0.05000000819563866;0.15816795825958252;0.1056668758392334;96;4
C03;C03;Critico: Celular sem cinto sob chuva;Critico;Critico;0.3752959698438644;0.3752959698438644;R2_STABLE_RISK;26;41;16;0;28;2;0;0.05000000819563866;0.18722712993621826;0.14458435773849487;96;4
N02;N02;Normal: Urbano moderado;Normal;Normal;0.050000007078051564;0.050000007078051564;R1_NORMAL;-1;-1;0;0;-1;-1;0;0.05000000819563866;0.03341582417488098;0.07210607081651688;96;4
C07;C07;Critico progressivo: Sem cinto sob chuva;Critico;Critico;0.41367584019899367;0.41367584019899367;R2_STABLE_RISK;37;75;39;1;56;19;0;0.05000000819563866;0.37802109122276306;0.12890493869781494;96;4
C06;C06;Critico progressivo: Fadiga noturna;Critico;Critico;0.43096573352813716;0.43096573352813716;R3_FALSE_KIN;36;81;46;1;58;22;0;0.05000000819563866;0.16367579996585846;0.1113400086760521;96;4
C07;C07;Critico progressivo: Sem cinto sob chuva;Critico;Critico;0.41073388904333114;0.41073388904333114;R3_FALSE_KIN;37;75;39;1;59;22;0;0.05000000819563866;0.3784830570220947;0.1477331817150116;96;4
C03;C03;Critico: Celular sem cinto sob chuva;Critico;Critico;0.3752959698438644;0.3752959698438644;R2_STABLE_RISK;26;41;16;0;28;2;0;0.05000000819563866;0.18175481259822845;0.11084630340337753;96;4
C03;C03;Critico: Celular sem cinto sob chuva;Critico;Critico;0.3752959698438644;0.3752959698438644;R1_NORMAL;26;41;16;0;28;2;0;0.05000000819563866;0.1909240484237671;0.13401268422603607;96;4
C09;C09;Critico progressivo: Bebida ao volante;Critico;Critico;0.42235161513090136;0.42235161513090136;R2_STABLE_RISK;38;73;36;1;55;17;0;0.05000000819563866;0.25343915820121765;0.12479705363512039;96;4
C10;C10;Critico progressivo: Grooming em rodovia com fadiga;Critico;Critico;0.43859839290380476;0.43859839290380476;R3_FALSE_KIN;40;81;42;1;56;16;0;0.05000000819563866;0.21118931472301483;0.14028507471084595;96;4
C07;C07;Critico progressivo: Sem cinto sob chuva;Critico;Critico;0.5016243010759354;0.5016243010759354;R1_NORMAL;37;75;39;1;53;16;1;0.2899879813194275;0.3875441551208496;0.10926779359579086;96;4
C08;C08;Critico progressivo: Distracao urbana multietapas;Critico;Critico;0.4562907427549362;0.4562907427549362;R1_NORMAL;28;77;50;1;54;26;0;0.05000000819563866;0.3218259811401367;0.1420443058013916;96;4
C02;C02;Critico: Fadiga com desvio cinematico;Critico;Critico;0.39378328174352645;0.39378328174352645;R1_NORMAL;29;50;22;0;32;3;0;0.05000000819563866;0.09615430235862732;0.12824277579784393;96;4
C08;C08;Critico progressivo: Distracao urbana multietapas;Critico;Critico;0.41048094630241394;0.41048094630241394;R1_NORMAL;28;77;50;1;55;27;0;0.05000000819563866;0.31332820653915405;0.16460047662258148;96;4
C06;C06;Critico progressivo: Fadiga noturna;Critico;Critico;0.3954771339893341;0.3954771339893341;R3_FALSE_KIN;36;81;46;1;59;23;0;0.05000000819563866;0.15769432485103607;0.11279939860105515;96;4
C05;C05;Critico progressivo: Celular em rodovia;Critico;Critico;0.38595812767744064;0.38595812767744064;R2_STABLE_RISK;42;73;32;1;59;17;0;0.05000000819563866;0.3148680329322815;0.1394718438386917;96;4
C10;C10;Critico progressivo: Grooming em rodovia com fadiga;Critico;Critico;0.38800994604825967;0.38800994604825967;R3_FALSE_KIN;40;81;42;1;62;22;0;0.05000000819563866;0.20461980998516083;0.12488257139921188;96;4
C03;C03;Critico: Celular sem cinto sob chuva;Critico;Critico;0.3752959698438644;0.3752959698438644;R2_STABLE_RISK;26;41;16;0;28;2;0;0.05000000819563866;0.17966695129871368;0.13458465039730072;96;4
N03;N03;Normal: Noite estável;Normal;Normal;0.050000007078051564;0.050000007078051564;R3_FALSE_KIN;-1;-1;0;0;-1;-1;0;0.05000000819563866;0.03303127363324165;0.08453264087438583;96;4
N01;N01;Normal: Viagem tranquila em rodovia;Normal;Normal;0.050000007078051564;0.050000007078051564;R1_NORMAL;-1;-1;0;0;-1;-1;0;0.05000000819563866;0.032540373504161835;0.1170874834060669;96;4
C07;C07;Critico progressivo: Sem cinto sob chuva;Critico;Critico;0.4927245557308197;0.4927245557308197;R2_STABLE_RISK;37;75;39;1;55;18;1;0.3090653121471405;0.3837083876132965;0.17243517935276031;96;4
N02;N02;Normal: Urbano moderado;Normal;Normal;0.050000007078051564;0.050000007078051564;R2_STABLE_RISK;-1;-1;0;0;-1;-1;0;0.05000000819563866;0.03486558422446251;0.09673094749450684;96;4
N01;N01;Normal: Viagem tranquila em rodovia;Normal;Normal;0.050000007078051564;0.050000007078051564;R1_NORMAL;-1;-1;0;0;-1;-1;0;0.05000000819563866;0.036297962069511414;0.11402507871389389;96;4
C09;C09;Critico progressivo: Bebida ao volante;Critico;Critico;0.41276134997606273;0.41276134997606273;R1_NORMAL;38;73;36;1;60;22;0;0.05000000819563866;0.2504769265651703;0.1296975463628769;96;4
C08;C08;Critico progressivo: Distracao urbana multietapas;Critico;Critico;0.5000773459672928;0.5000773459672928;R2_STABLE_RISK;28;77;50;1;54;26;1;0.3337773382663727;0.3134908974170685;0.13108806312084198;96;4
C09;C09;Critico progressivo: Bebida ao volante;Critico;Critico;0.3941670700907707;0.3941670700907707;R3_FALSE_KIN;38;73;36;1;57;19;0;0.05000000819563866;0.2562033236026764;0.15129481256008148;96;4
C03;C03;Critico: Celular sem cinto sob chuva;Critico;Critico;0.6221512824296951;0.6221512824296951;R3_FALSE_KIN;26;41;16;0;28;2;1;0.25827300548553467;0.1915615051984787;0.2098821997642517;96;4
C05;C05;Critico progressivo: Celular em rodovia;Critico;Critico;0.3903328731656074;0.3903328731656074;R1_NORMAL;42;73;32;1;57;15;0;0.05000000819563866;0.3197495639324188;0.07799000293016434;96;4
N02;N02;Normal: Urbano moderado;Normal;Normal;0.050000007078051564;0.050000007078051564;R1_NORMAL;-1;-1;0;0;-1;-1;0;0.05000000819563866;0.03529912605881691;0.0884360745549202;96;4
C10;C10;Critico progressivo: Grooming em rodovia com fadiga;Critico;Critico;0.40694889426231384;0.40694889426231384;R3_FALSE_KIN;40;81;42;1;64;24;0;0.05000000819563866;0.2010556012392044;0.07601276785135269;96;4
C10;C10;Critico progressivo: Grooming em rodovia com fadiga;Critico;Critico;0.4337038874626159;0.4337038874626159;R3_FALSE_KIN;40;81;42;1;62;22;0;0.05000000819563866;0.2068779319524765;0.08222029358148575;96;4
C01;C01;Critico: Celular em alta velocidade;Critico;Critico;0.29102678298950196;0.29102678298950196;R2_STABLE_RISK;32;44;13;0;34;2;0;0.05000000819563866;0.1539999097585678;0.1472053974866867;96;4
C08;C08;Critico progressivo: Distracao urbana multietapas;Critico;Critico;0.438982118666172;0.438982118666172;R1_NORMAL;28;77;50;1;54;26;0;0.05000000819563866;0.32038649916648865;0.10036221891641617;96;4
N02;N02;Normal: Urbano moderado;Normal;Normal;0.050000007078051564;0.050000007078051564;R1_NORMAL;-1;-1;0;0;-1;-1;0;0.05000000819563866;0.0228346586227417;0.11874336749315262;96;4
N01;N01;Normal: Viagem tranquila em rodovia;Normal;Normal;0.050000007078051564;0.050000007078051564;R1_NORMAL;-1;-1;0;0;-1;-1;0;0.05000000819563866;0.033501800149679184;0.1108458861708641;96;4
C09;C09;Critico progressivo: Bebida ao volante;Critico;Critico;0.3993337288498878;0.3993337288498878;R1_NORMAL;38;73;36;1;60;22;0;0.05000000819563866;0.25322601199150085;0.13039034605026245;96;4
N01;N01;Normal: Viagem tranquila em rodovia;Normal;Normal;0.050000007078051564;0.050000007078051564;R2_STABLE_RISK;-1;-1;0;0;-1;-1;0;0.05000000819563866;0.026519497856497765;0.08472547680139542;96;4
C06;C06;Critico progressivo: Fadiga noturna;Critico;Critico;0.43062832951545715;0.43062832951545715;R2_STABLE_RISK;36;81;46;1;62;26;0;0.05000000819563866;0.15820994973182678;0.08463287353515625;96;4
C10;C10;Critico progressivo: Grooming em rodovia com fadiga;Critico;Critico;0.40384435206651687;0.40384435206651687;R1_NORMAL;40;81;42;1;65;25;0;0.05000000819563866;0.19947807490825653;0.10211985558271408;96;4
C08;C08;Critico progressivo: Distracao urbana multietapas;Critico;Critico;0.44404906034469604;0.44404906034469604;R1_NORMAL;28;77;50;1;54;26;0;0.05000000819563866;0.32003363966941833;0.15471014380455017;96;4
C09;C09;Critico progressivo: Bebida ao volante;Critico;Critico;0.4740729004144668;0.4740729004144668;R2_STABLE_RISK;38;73;36;1;53;15;1;0.3013685345649719;0.2577160894870758;0.13109932839870453;96;4
C07;C07;Critico progressivo: Sem cinto sob chuva;Critico;Critico;0.4686787992715835;0.4686787992715835;R1_NORMAL;37;75;39;1;57;20;1;0.2503199279308319;0.37544432282447815;0.15397901833057404;96;4
N02;N02;Normal: Urbano moderado;Normal;Normal;0.050000007078051564;0.050000007078051564;R3_FALSE_KIN;-1;-1;0;0;-1;-1;0;0.05000000819563866;0.03863298520445824;0.08651623129844666;96;4
C08;C08;Critico progressivo: Distracao urbana multietapas;Critico;Critico;0.4436138719320297;0.4436138719320297;R3_FALSE_KIN;28;77;50;1;45;17;0;0.05000000819563866;0.3193798065185547;0.16380144655704498;96;4
C01;C01;Critico: Celular em alta velocidade;Critico;Critico;0.29102678298950196;0.29102678298950196;R2_STABLE_RISK;32;44;13;0;34;2;0;0.05000000819563866;0.15166668593883514;0.13680331408977509;96;4
C02;C02;Critico: Fadiga com desvio cinematico;Critico;Critico;0.39378328174352645;0.39378328174352645;R1_NORMAL;29;50;22;0;32;3;0;0.05000000819563866;0.10004815459251404;0.16043122112751007;96;4
C08;C08;Critico progressivo: Distracao urbana multietapas;Critico;Critico;0.44627541005611415;0.44627541005611415;R3_FALSE_KIN;28;77;50;1;52;24;0;0.05000000819563866;0.3092033565044403;0.1773686408996582;96;4
N03;N03;Normal: Noite estável;Normal;Normal;0.050000007078051564;0.050000007078051564;R2_STABLE_RISK;-1;-1;0;0;-1;-1;0;0.05000000819563866;0.029479993507266045;0.08343080431222916;96;4
C01;C01;Critico: Celular em alta velocidade;Critico;Critico;0.5245471209287643;0.5245471209287643;R2_STABLE_RISK;32;44;13;0;34;2;1;0.2317921370267868;0.1542099267244339;0.18016870319843292;96;4
C08;C08;Critico progressivo: Distracao urbana multietapas;Critico;Critico;0.41497081667184826;0.41497081667184826;R1_NORMAL;28;77;50;1;57;29;0;0.05000000819563866;0.31347182393074036;0.12851013243198395;96;4
C07;C07;Critico progressivo: Sem cinto sob chuva;Critico;Critico;0.3885410770773887;0.3885410770773887;R1_NORMAL;37;75;39;1;62;25;0;0.05000000819563866;0.3731401860713959;0.134433776140213;96;4
C05;C05;Critico progressivo: Celular em rodovia;Critico;Critico;0.4505642175674438;0.4505642175674438;R3_FALSE_KIN;42;73;32;1;60;18;1;0.27811840176582336;0.31527942419052124;0.17928338050842285;96;4
C08;C08;Critico progressivo: Distracao urbana multietapas;Critico;Critico;0.4479524433612823;0.4479524433612823;R1_NORMAL;28;77;50;1;57;29;0;0.05000000819563866;0.3150356113910675;0.1433447003364563;96;4
C03;C03;Critico: Celular sem cinto sob chuva;Critico;Critico;0.6130603700876236;0.6130603700876236;R1_NORMAL;26;41;16;0;28;2;1;0.24652285873889923;0.18993735313415527;0.19733977317810059;96;4
C08;C08;Critico progressivo: Distracao urbana multietapas;Critico;Critico;0.5249412059783936;0.5249412059783936;R2_STABLE_RISK;28;77;50;1;60;32;1;0.30555859208106995;0.31912562251091003;0.15588606894016266;96;4
C02;C02;Critico: Fadiga com desvio cinematico;Critico;Critico;0.39378328174352645;0.39378328174352645;R1_NORMAL;29;50;22;0;32;3;0;0.05000000819563866;0.10208602994680405;0.10274376720190048;96;4
C10;C10;Critico progressivo: Grooming em rodovia com fadiga;Critico;Critico;0.4364762023091316;0.4364762023091316;R3_FALSE_KIN;40;81;42;1;62;22;0;0.05000000819563866;0.20382733643054962;0.11081262677907944;96;4
N01;N01;Normal: Viagem tranquila em rodovia;Normal;Normal;0.050000007078051564;0.050000007078051564;R1_NORMAL;-1;-1;0;0;-1;-1;0;0.05000000819563866;0.031004711985588074;0.10062247514724731;96;4
C09;C09;Critico progressivo: Bebida ao volante;Critico;Critico;0.39316632300615306;0.39316632300615306;R1_NORMAL;38;73;36;1;59;21;0;0.05000000819563866;0.24848587810993195;0.12851715087890625;96;4
C07;C07;Critico progressivo: Sem cinto sob chuva;Critico;Critico;0.3986479744315147;0.3986479744315147;R1_NORMAL;37;75;39;1;57;20;0;0.05000000819563866;0.3714849054813385;0.11973933130502701;96;4
C02;C02;Critico: Fadiga com desvio cinematico;Critico;Critico;0.39378328174352645;0.39378328174352645;R1_NORMAL;29;50;22;0;32;3;0;0.05000000819563866;0.09696260839700699;0.1411672979593277;96;4
C08;C08;Critico progressivo: Distracao urbana multietapas;Critico;Critico;0.5582808762788772;0.5582808762788772;R2_STABLE_RISK;28;77;50;1;48;20;1;0.3116053640842438;0.3363207280635834;0.17672117054462433;96;4
C10;C10;Critico progressivo: Grooming em rodovia com fadiga;Critico;Critico;0.40494639128446575;0.40494639128446575;R1_NORMAL;40;81;42;1;62;22;0;0.05000000819563866;0.19875526428222656;0.11811381578445435;96;4
N01;N01;Normal: Viagem tranquila em rodovia;Normal;Normal;0.050000007078051564;0.050000007078051564;R1_NORMAL;-1;-1;0;0;-1;-1;0;0.05000000819563866;0.03800914064049721;0.09685477614402771;96;4
N03;N03;Normal: Noite estável;Normal;Normal;0.050000007078051564;0.050000007078051564;R2_STABLE_RISK;-1;-1;0;0;-1;-1;0;0.05000000819563866;0.03387784585356712;0.10200178623199463;96;4
C09;C09;Critico progressivo: Bebida ao volante;Critico;Critico;0.4791204303503036;0.4791204303503036;R3_FALSE_KIN;38;73;36;1;57;19;1;0.27297982573509216;0.2491985708475113;0.1538233906030655;96;4
C08;C08;Critico progressivo: Distracao urbana multietapas;Critico;Critico;0.43796370625495906;0.43796370625495906;R2_STABLE_RISK;28;77;50;1;52;24;0;0.05000000819563866;0.3185187578201294;0.15480947494506836;96;4
N02;N02;Normal: Urbano moderado;Normal;Normal;0.050000007078051564;0.050000007078051564;R2_STABLE_RISK;-1;-1;0;0;-1;-1;0;0.05000000819563866;0.03794806823134422;0.09298691153526306;96;4
N03;N03;Normal: Noite estável;Normal;Normal;0.050000007078051564;0.050000007078051564;R1_NORMAL;-1;-1;0;0;-1;-1;0;0.05000000819563866;0.027837326750159264;0.10408575087785721;96;4
N03;N03;Normal: Noite estável;Normal;Normal;0.050000007078051564;0.050000007078051564;R1_NORMAL;-1;-1;0;0;-1;-1;0;0.05000000819563866;0.035574574023485184;0.07889761030673981;96;4
C05;C05;Critico progressivo: Celular em rodovia;Critico;Critico;0.4896619945764541;0.4896619945764541;R3_FALSE_KIN;42;73;32;1;61;19;1;0.3186663091182709;0.32175755500793457;0.16806185245513916;96;4
N01;N01;Normal: Viagem tranquila em rodovia;Normal;Normal;0.050000007078051564;0.050000007078051564;R1_NORMAL;-1;-1;0;0;-1;-1;0;0.05000000819563866;0.03263823688030243;0.0664815679192543;96;4
N01;N01;Normal: Viagem tranquila em rodovia;Normal;Normal;0.050000007078051564;0.050000007078051564;R2_STABLE_RISK;-1;-1;0;0;-1;-1;0;0.05000000819563866;0.030125761404633522;0.09058208018541336;96;4
C08;C08;Critico progressivo: Distracao urbana multietapas;Critico;Critico;0.4417357385158539;0.4417357385158539;R1_NORMAL;28;77;50;1;56;28;0;0.05000000819563866;0.3128381073474884;0.1266278177499771;96;4
N02;N02;Normal: Urbano moderado;Normal;Normal;0.050000007078051564;0.050000007078051564;R3_FALSE_KIN;-1;-1;0;0;-1;-1;0;0.05000000819563866;0.03438642621040344;0.08178316801786423;96;4
C05;C05;Critico progressivo: Celular em rodovia;Critico;Critico;0.47693895399570463;0.47693895399570463;R1_NORMAL;42;73;32;1;59;17;1;0.2719998061656952;0.316940575838089;0.14532101154327393;96;4
C01;C01;Critico: Celular em alta velocidade;Critico;Critico;0.29102678298950196;0.29102678298950196;R2_STABLE_RISK;32;44;13;0;34;2;0;0.05000000819563866;0.15380069613456726;0.15368075668811798;96;4
C04;C04;Critico: Multiplas distracoes urbanas;Critico;Critico;0.5706927388906479;0.5706927388906479;R1_NORMAL;22;45;24;0;24;2;1;0.22917978465557098;0.20193184912204742;0.1844545155763626;96;4
C03;C03;Critico: Celular sem cinto sob chuva;Critico;Critico;0.6131841629743575;0.6131841629743575;R1_NORMAL;26;41;16;0;28;2;1;0.23190253973007202;0.18040210008621216;0.16686029732227325;96;4
C09;C09;Critico progressivo: Bebida ao volante;Critico;Critico;0.4760160207748413;0.4760160207748413;R1_NORMAL;38;73;36;1;60;22;1;0.24377088248729706;0.25572505593299866;0.1685417890548706;96;4
C08;C08;Critico progressivo: Distracao urbana multietapas;Critico;Critico;0.4536342680454254;0.4536342680454254;R2_STABLE_RISK;28;77;50;1;57;29;0;0.05000000819563866;0.3212146461009979;0.13471950590610504;96;4
C01;C01;Critico: Celular em alta velocidade;Critico;Critico;0.29102678298950196;0.29102678298950196;R2_STABLE_RISK;32;44;13;0;34;2;0;0.05000000819563866;0.15278571844100952;0.12700192630290985;96;4
C02;C02;Critico: Fadiga com desvio cinematico;Critico;Critico;0.39378328174352645;0.39378328174352645;R2_STABLE_RISK;29;50;22;0;32;3;0;0.05000000819563866;0.09970549494028091;0.10586929321289062;96;4
N03;N03;Normal: Noite estável;Normal;Normal;0.050000007078051564;0.050000007078051564;R1_NORMAL;-1;-1;0;0;-1;-1;0;0.05000000819563866;0.03534423187375069;0.11867687851190567;96;4
C03;C03;Critico: Celular sem cinto sob chuva;Critico;Critico;0.3752959698438644;0.3752959698438644;R1_NORMAL;26;41;16;0;28;2;0;0.05000000819563866;0.18010103702545166;0.11028319597244263;96;4
C04;C04;Critico: Multiplas distracoes urbanas;Critico;Critico;0.3713889718055725;0.3713889718055725;R1_NORMAL;22;45;24;0;24;2;0;0.05000000819563866;0.20281226933002472;0.11729202419519424;96;4
C03;C03;Critico: Celular sem cinto sob chuva;Critico;Critico;0.6097932249307632;0.6097932249307632;R2_STABLE_RISK;26;41;16;0;28;2;1;0.21792827546596527;0.18729166686534882;0.22376294434070587;96;4
C10;C10;Critico progressivo: Grooming em rodovia com fadiga;Critico;Critico;0.433180895447731;0.433180895447731;R2_STABLE_RISK;40;81;42;1;63;23;1;0.36228278279304504;0.2062978297472;0.13375407457351685;96;4
C08;C08;Critico progressivo: Distracao urbana multietapas;Critico;Critico;0.4429143667221069;0.4429143667221069;R2_STABLE_RISK;28;77;50;1;58;30;0;0.05000000819563866;0.3096325099468231;0.14602632820606232;96;4
C04;C04;Critico: Multiplas distracoes urbanas;Critico;Critico;0.3713889718055725;0.3713889718055725;R3_FALSE_KIN;22;45;24;0;24;2;0;0.05000000819563866;0.2000819891691208;0.1899247169494629;96;4
C01;C01;Critico: Celular em alta velocidade;Critico;Critico;0.29102678298950196;0.29102678298950196;R2_STABLE_RISK;32;44;13;0;34;2;0;0.05000000819563866;0.14920224249362946;0.11456993967294693;96;4
C08;C08;Critico progressivo: Distracao urbana multietapas;Critico;Critico;0.5273783713579178;0.5273783713579178;R1_NORMAL;28;77;50;1;56;28;1;0.2895427644252777;0.326680451631546;0.138920858502388;96;4
C04;C04;Critico: Multiplas distracoes urbanas;Critico;Critico;0.5741113334894179;0.5741113334894179;R2_STABLE_RISK;22;45;24;0;24;2;1;0.24953390657901764;0.2033766508102417;0.23873354494571686;96;4
C04;C04;Critico: Multiplas distracoes urbanas;Critico;Critico;0.3713889718055725;0.3713889718055725;R3_FALSE_KIN;22;45;24;0;24;2;0;0.05000000819563866;0.20404751598834991;0.11970311403274536;96;4
C09;C09;Critico progressivo: Bebida ao volante;Critico;Critico;0.38216480016708376;0.38216480016708376;R2_STABLE_RISK;38;73;36;1;58;20;0;0.05000000819563866;0.25274786353111267;0.14071092009544373;96;4
C08;C08;Critico progressivo: Distracao urbana multietapas;Critico;Critico;0.523999473452568;0.523999473452568;R1_NORMAL;28;77;50;1;55;27;1;0.32659950852394104;0.3184749186038971;0.1544196754693985;96;4
C09;C09;Critico progressivo: Bebida ao volante;Critico;Critico;0.39056468605995176;0.39056468605995176;R1_NORMAL;38;73;36;1;56;18;0;0.05000000819563866;0.26181963086128235;0.1429959386587143;96;4
C08;C08;Critico progressivo: Distracao urbana multietapas;Critico;Critico;0.43448677659034723;0.43448677659034723;R1_NORMAL;28;77;50;1;59;31;0;0.05000000819563866;0.3144468367099762;0.14545142650604248;96;4
C05;C05;Critico progressivo: Celular em rodovia;Critico;Critico;0.3755002200603485;0.3755002200603485;R1_NORMAL;42;73;32;1;58;16;0;0.05000000819563866;0.3158365488052368;0.10979173332452774;96;4
C08;C08;Critico progressivo: Distracao urbana multietapas;Critico;Critico;0.5138334661722184;0.5138334661722184;R1_NORMAL;28;77;50;1;48;20;1;0.2954326570034027;0.3286823332309723;0.14878220856189728;96;4
C01;C01;Critico: Celular em alta velocidade;Critico;Critico;0.519853737950325;0.519853737950325;R1_NORMAL;32;44;13;0;34;2;1;0.2109639197587967;0.1541748195886612;0.1674817055463791;96;4
N03;N03;Normal: Noite estável;Normal;Normal;0.050000007078051564;0.050000007078051564;R1_NORMAL;-1;-1;0;0;-1;-1;0;0.05000000819563866;0.027011239901185036;0.09949920326471329;96;4
N03;N03;Normal: Noite estável;Normal;Normal;0.050000007078051564;0.050000007078051564;R2_STABLE_RISK;-1;-1;0;0;-1;-1;0;0.05000000819563866;0.03046058863401413;0.10142115503549576;96;4
N01;N01;Normal: Viagem tranquila em rodovia;Normal;Normal;0.050000007078051564;0.050000007078051564;R1_NORMAL;-1;-1;0;0;-1;-1;0;0.05000000819563866;0.03205852955579758;0.1634644865989685;96;4
C09;C09;Critico progressivo: Bebida ao volante;Critico;Critico;0.38072404861450193;0.38072404861450193;R1_NORMAL;38;73;36;1;55;17;0;0.05000000819563866;0.2595549523830414;0.11104824393987656;96;4
C10;C10;Critico progressivo: Grooming em rodovia com fadiga;Critico;Critico;0.4241339921951294;0.4241339921951294;R2_STABLE_RISK;40;81;42;1;64;24;0;0.05000000819563866;0.20308645069599152;0.1028113141655922;96;4
C09;C09;Critico progressivo: Bebida ao volante;Critico;Critico;0.4251350983977318;0.4251350983977318;R1_NORMAL;38;73;36;1;54;16;0;0.05000000819563866;0.2575165927410126;0.12177272886037827;96;4
C07;C07;Critico progressivo: Sem cinto sob chuva;Critico;Critico;0.41354423612356184;0.41354423612356184;R1_NORMAL;37;75;39;1;61;24;0;0.05000000819563866;0.38110217452049255;0.1159963607788086;96;4
N01;N01;Normal: Viagem tranquila em rodovia;Normal;Normal;0.050000007078051564;0.050000007078051564;R1_NORMAL;-1;-1;0;0;-1;-1;0;0.05000000819563866;0.034558311104774475;0.08882371336221695;96;4
C09;C09;Critico progressivo: Bebida ao volante;Critico;Critico;0.3793622717261314;0.3793622717261314;R1_NORMAL;38;73;36;1;55;17;0;0.05000000819563866;0.25319814682006836;0.11093897372484207;96;4
C07;C07;Critico progressivo: Sem cinto sob chuva;Critico;Critico;0.42001420855522154;0.42001420855522154;R3_FALSE_KIN;37;75;39;1;56;19;0;0.05000000819563866;0.375559538602829;0.1369166225194931;96;4
C09;C09;Critico progressivo: Bebida ao volante;Critico;Critico;0.4033295392990112;0.4033295392990112;R3_FALSE_KIN;38;73;36;1;56;18;0;0.05000000819563866;0.24965520203113556;0.14186103641986847;96;4
C03;C03;Critico: Celular sem cinto sob chuva;Critico;Critico;0.3752959698438644;0.3752959698438644;R1_NORMAL;26;41;16;0;28;2;0;0.05000000819563866;0.18302328884601593;0.15283304452896118;96;4
N03;N03;Normal: Noite estável;Normal;Normal;0.050000007078051564;0.050000007078051564;R2_STABLE_RISK;-1;-1;0;0;-1;-1;0;0.05000000819563866;0.03310558199882507;0.11527645587921143;96;4
C03;C03;Critico: Celular sem cinto sob chuva;Critico;Critico;0.3752959698438644;0.3752959698438644;R1_NORMAL;26;41;16;0;28;2;0;0.05000000819563866;0.18372178077697754;0.09599298983812332;96;4
N03;N03;Normal: Noite estável;Normal;Normal;0.050000007078051564;0.050000007078051564;R2_STABLE_RISK;-1;-1;0;0;-1;-1;0;0.05000000819563866;0.030910052359104156;0.08922954648733139;96;4
C06;C06;Critico progressivo: Fadiga noturna;Critico;Critico;0.4684970110654831;0.4684970110654831;R1_NORMAL;36;81;46;1;63;27;1;0.29645660519599915;0.15493209660053253;0.10356096178293228;96;4
C05;C05;Critico progressivo: Celular em rodovia;Critico;Critico;0.3818064883351326;0.3818064883351326;R1_NORMAL;42;73;32;1;59;17;0;0.05000000819563866;0.32040128111839294;0.1561562865972519;96;4
C03;C03;Critico: Celular sem cinto sob chuva;Critico;Critico;0.3752959698438644;0.3752959698438644;R3_FALSE_KIN;26;41;16;0;28;2;0;0.05000000819563866;0.1913880556821823;0.11609689146280289;96;4
C10;C10;Critico progressivo: Grooming em rodovia com fadiga;Critico;Critico;0.39592671841382976;0.39592671841382976;R2_STABLE_RISK;40;81;42;1;59;19;0;0.05000000819563866;0.20163846015930176;0.09567841142416;96;4
C05;C05;Critico progressivo: Celular em rodovia;Critico;Critico;0.39643292576074596;0.39643292576074596;R3_FALSE_KIN;42;73;32;1;59;17;0;0.05000000819563866;0.31836965680122375;0.1208483949303627;96;4
C07;C07;Critico progressivo: Sem cinto sob chuva;Critico;Critico;0.3874126777052879;0.3874126777052879;R3_FALSE_KIN;37;75;39;1;62;25;0;0.05000000819563866;0.3702174723148346;0.11066457629203796;96;4
N02;N02;Normal: Urbano moderado;Normal;Normal;0.050000007078051564;0.050000007078051564;R3_FALSE_KIN;-1;-1;0;0;-1;-1;0;0.05000000819563866;0.029891246929764748;0.09626632928848267;96;4
C08;C08;Critico progressivo: Distracao urbana multietapas;Critico;Critico;0.5019973814487457;0.5019973814487457;R1_NORMAL;28;77;50;1;57;29;1;0.33127492666244507;0.3212423622608185;0.15377604961395264;96;4
C03;C03;Critico: Celular sem cinto sob chuva;Critico;Critico;0.3752959698438644;0.3752959698438644;R2_STABLE_RISK;26;41;16;0;28;2;0;0.05000000819563866;0.18578970432281494;0.13481612503528595;96;4
N01;N01;Normal: Viagem tranquila em rodovia;Normal;Normal;0.050000007078051564;0.050000007078051564;R1_NORMAL;-1;-1;0;0;-1;-1;0;0.05000000819563866;0.029783600941300392;0.12632767856121063;96;4
C06;C06;Critico progressivo: Fadiga noturna;Critico;Critico;0.4833159774541855;0.4833159774541855;R3_FALSE_KIN;36;81;46;1;62;26;1;0.3680154085159302;0.15678159892559052;0.1511698216199875;96;4
C02;C02;Critico: Fadiga com desvio cinematico;Critico;Critico;0.5968862503767013;0.5968862503767013;R3_FALSE_KIN;29;50;22;0;32;3;1;0.2494567185640335;0.10652671009302139;0.15965433418750763;96;4
C08;C08;Critico progressivo: Distracao urbana multietapas;Critico;Critico;0.4371079638600349;0.4371079638600349;R2_STABLE_RISK;28;77;50;1;55;27;0;0.05000000819563866;0.32317808270454407;0.1405797302722931;96;4
N01;N01;Normal: Viagem tranquila em rodovia;Normal;Normal;0.050000007078051564;0.050000007078051564;R2_STABLE_RISK;-1;-1;0;0;-1;-1;0;0.05000000819563866;0.0313953198492527;0.12729376554489136;96;4
C05;C05;Critico progressivo: Celular em rodovia;Critico;Critico;0.48262657821178434;0.48262657821178434;R1_NORMAL;42;73;32;1;62;20;1;0.29801318049430847;0.3227790892124176;0.18580442667007446;96;4
C09;C09;Critico progressivo: Bebida ao volante;Critico;Critico;0.49702354073524474;0.49702354073524474;R2_STABLE_RISK;38;73;36;1;56;18;1;0.2844582498073578;0.2566097676753998;0.1769041270017624;96;4
C09;C09;Critico progressivo: Bebida ao volante;Critico;Critico;0.37533216625452037;0.37533216625452037;R1_NORMAL;38;73;36;1;56;18;0;0.05000000819563866;0.2511458992958069;0.11217751353979111;96;4
C01;C01;Critico: Celular em alta velocidade;Critico;Critico;0.29102678298950196;0.29102678298950196;R1_NORMAL;32;44;13;0;34;2;0;0.05000000819563866;0.15751543641090393;0.12659145891666412;96;4
C02;C02;Critico: Fadiga com desvio cinematico;Critico;Critico;0.5919719010591507;0.5919719010591507;R2_STABLE_RISK;29;50;22;0;32;3;1;0.21038083732128143;0.09470498561859131;0.18769216537475586;96;4
N03;N03;Normal: Noite estável;Normal;Normal;0.050000007078051564;0.050000007078051564;R2_STABLE_RISK;-1;-1;0;0;-1;-1;0;0.05000000819563866;0.03563091158866882;0.10563627630472183;96;4
N01;N01;Normal: Viagem tranquila em rodovia;Normal;Normal;0.050000007078051564;0.050000007078051564;R1_NORMAL;-1;-1;0;0;-1;-1;0;0.05000000819563866;0.039732322096824646;0.11760789901018143;96;4
C02;C02;Critico: Fadiga com desvio cinematico;Critico;Critico;0.39378328174352645;0.39378328174352645;R2_STABLE_RISK;29;50;22;0;32;3;0;0.05000000819563866;0.10272002965211868;0.11547911167144775;96;4
C01;C01;Critico: Celular em alta velocidade;Critico;Critico;0.29102678298950196;0.29102678298950196;R1_NORMAL;32;44;13;0;34;2;0;0.05000000819563866;0.14756083488464355;0.11975741386413574;96;4
C04;C04;Critico: Multiplas distracoes urbanas;Critico;Critico;0.3713889718055725;0.3713889718055725;R1_NORMAL;22;45;24;0;24;2;0;0.05000000819563866;0.20177261531352997;0.12536710500717163;96;4
C08;C08;Critico progressivo: Distracao urbana multietapas;Critico;Critico;0.5072939425706863;0.5072939425706863;R1_NORMAL;28;77;50;1;53;25;1;0.28951767086982727;0.3240375816822052;0.192575141787529;96;4
C04;C04;Critico: Multiplas distracoes urbanas;Critico;Critico;0.5635268956422805;0.5635268956422805;R2_STABLE_RISK;22;45;24;0;24;2;1;0.2055545449256897;0.20732425153255463;0.23732902109622955;96;4
C06;C06;Critico progressivo: Fadiga noturna;Critico;Critico;0.4112238988280296;0.4112238988280296;R3_FALSE_KIN;36;81;46;1;59;23;0;0.05000000819563866;0.15810684859752655;0.1030513271689415;96;4
C09;C09;Critico progressivo: Bebida ao volante;Critico;Critico;0.4003843605518341;0.4003843605518341;R2_STABLE_RISK;38;73;36;1;55;17;0;0.05000000819563866;0.2537953555583954;0.1512385606765747;96;4
C05;C05;Critico progressivo: Celular em rodovia;Critico;Critico;0.4686388164758682;0.4686388164758682;R2_STABLE_RISK;42;73;32;1;59;17;1;0.3176543414592743;0.31261417269706726;0.1390780359506607;96;4
C07;C07;Critico progressivo: Sem cinto sob chuva;Critico;Critico;0.4153072759509086;0.4153072759509086;R3_FALSE_KIN;37;75;39;1;59;22;0;0.05000000819563866;0.3783933222293854;0.11977050453424454;96;4
N03;N03;Normal: Noite estável;Normal;Normal;0.050000007078051564;0.050000007078051564;R3_FALSE_KIN;-1;-1;0;0;-1;-1;0;0.05000000819563866;0.02780051715672016;0.09836426377296448;96;4
C08;C08;Critico progressivo: Distracao urbana multietapas;Critico;Critico;0.4934571534395218;0.4934571534395218;R2_STABLE_RISK;28;77;50;1;58;30;1;0.28498974442481995;0.3077104389667511;0.11616602540016174;96;4
C10;C10;Critico progressivo: Grooming em rodovia com fadiga;Critico;Critico;0.402566896378994;0.402566896378994;R2_STABLE_RISK;40;81;42;1;60;20;0;0.05000000819563866;0.19930988550186157;0.11508800834417343;96;4
C07;C07;Critico progressivo: Sem cinto sob chuva;Critico;Critico;0.5042354434728622;0.5042354434728622;R3_FALSE_KIN;37;75;39;1;55;18;1;0.25137564539909363;0.3824814558029175;0.1771610528230667;96;4
C05;C05;Critico progressivo: Celular em rodovia;Critico;Critico;0.40085408538579936;0.40085408538579936;R2_STABLE_RISK;42;73;32;1;62;20;0;0.05000000819563866;0.3189627230167389;0.12338998168706894;96;4
C04;C04;Critico: Multiplas distracoes urbanas;Critico;Critico;0.5780265718698501;0.5780265718698501;R3_FALSE_KIN;22;45;24;0;24;2;1;0.26499688625335693;0.2175784856081009;0.16965459287166595;96;4
N01;N01;Normal: Viagem tranquila em rodovia;Normal;Normal;0.050000007078051564;0.050000007078051564;R1_NORMAL;-1;-1;0;0;-1;-1;0;0.05000000819563866;0.03331463411450386;0.11658968776464462;96;4
C06;C06;Critico progressivo: Fadiga noturna;Critico;Critico;0.4231017529964447;0.4231017529964447;R2_STABLE_RISK;36;81;46;1;62;26;0;0.05000000819563866;0.16241943836212158;0.07857529819011688;96;4
C01;C01;Critico: Celular em alta velocidade;Critico;Critico;0.5356651037931441;0.5356651037931441;R3_FALSE_KIN;32;44;13;0;34;2;1;0.2717759609222412;0.1532444953918457;0.17906862497329712;96;4
C02;C02;Critico: Fadiga com desvio cinematico;Critico;Critico;0.39378328174352645;0.39378328174352645;R2_STABLE_RISK;29;50;22;0;32;3;0;0.05000000819563866;0.09135977178812027;0.13411103188991547;96;4
C08;C08;Critico progressivo: Distracao urbana multietapas;Critico;Critico;0.43830198645591734;0.43830198645591734;R2_STABLE_RISK;28;77;50;1;55;27;0;0.05000000819563866;0.3173721134662628;0.10235986113548279;96;4
C05;C05;Critico progressivo: Celular em rodovia;Critico;Critico;0.3733005657792091;0.3733005657792091;R3_FALSE_KIN;42;73;32;1;58;16;0;0.05000000819563866;0.3148869276046753;0.09777317196130753;96;4
C08;C08;Critico progressivo: Distracao urbana multietapas;Critico;Critico;0.4078232362866402;0.4078232362866402;R1_NORMAL;28;77;50;1;60;32;0;0.05000000819563866;0.3083212971687317;0.14960043132305145;96;4
C01;C01;Critico: Celular em alta velocidade;Critico;Critico;0.29102678298950196;0.29102678298950196;R2_STABLE_RISK;32;44;13;0;34;2;0;0.05000000819563866;0.14869485795497894;0.14063172042369843;96;4
C03;C03;Critico: Celular sem cinto sob chuva;Critico;Critico;0.6191088676452636;0.6191088676452636;R2_STABLE_RISK;26;41;16;0;28;2;1;0.2661838233470917;0.18732674419879913;0.19151228666305542;96;4
N03;N03;Normal: Noite estável;Normal;Normal;0.050000007078051564;0.050000007078051564;R1_NORMAL;-1;-1;0;0;-1;-1;0;0.05000000819563866;0.031943127512931824;0.07239024341106415;96;4
N02;N02;Normal: Urbano moderado;Normal;Normal;0.050000007078051564;0.050000007078051564;R2_STABLE_RISK;-1;-1;0;0;-1;-1;0;0.05000000819563866;0.0363486148416996;0.10121297091245651;96;4
C03;C03;Critico: Celular sem cinto sob chuva;Critico;Critico;0.3752959698438644;0.3752959698438644;R1_NORMAL;26;41;16;0;28;2;0;0.05000000819563866;0.18802416324615479;0.10511240363121033;96;4
C02;C02;Critico: Fadiga com desvio cinematico;Critico;Critico;0.6021644562482833;0.6021644562482833;R2_STABLE_RISK;29;50;22;0;32;3;1;0.25546345114707947;0.09986946731805801;0.16285964846611023;96;4
N03;N03;Normal: Noite estável;Normal;Normal;0.050000007078051564;0.050000007078051564;R3_FALSE_KIN;-1;-1;0;0;-1;-1;0;0.05000000819563866;0.02356468327343464;0.07702314108610153;96;4
C09;C09;Critico progressivo: Bebida ao volante;Critico;Critico;0.41330529004335403;0.41330529004335403;R3_FALSE_KIN;38;73;36;1;58;20;0;0.05000000819563866;0.2531714141368866;0.11009792238473892;96;4
C06;C06;Critico progressivo: Fadiga noturna;Critico;Critico;0.43282898217439647;0.43282898217439647;R2_STABLE_RISK;36;81;46;1;61;25;0;0.05000000819563866;0.15358591079711914;0.1141824722290039;96;4
N02;N02;Normal: Urbano moderado;Normal;Normal;0.050000007078051564;0.050000007078051564;R3_FALSE_KIN;-1;-1;0;0;-1;-1;0;0.05000000819563866;0.03183544799685478;0.07692503184080124;96;4
C10;C10;Critico progressivo: Grooming em rodovia com fadiga;Critico;Critico;0.4799363374710083;0.4799363374710083;R1_NORMAL;40;81;42;1;62;22;1;0.3088483512401581;0.20686189830303192;0.12426483631134033;96;4
N01;N01;Normal: Viagem tranquila em rodovia;Normal;Normal;0.050000007078051564;0.050000007078051564;R1_NORMAL;-1;-1;0;0;-1;-1;0;0.05000000819563866;0.02666577696800232;0.12209362536668777;96;4
C07;C07;Critico progressivo: Sem cinto sob chuva;Critico;Critico;0.42754244804382324;0.42754244804382324;R3_FALSE_KIN;37;75;39;1;55;18;0;0.05000000819563866;0.38349661231040955;0.11682888120412827;96;4
C10;C10;Critico progressivo: Grooming em rodovia com fadiga;Critico;Critico;0.44639923125505443;0.44639923125505443;R2_STABLE_RISK;40;81;42;1;56;16;0;0.05000000819563866;0.20989537239074707;0.1400976926088333;96;4
C07;C07;Critico progressivo: Sem cinto sob chuva;Critico;Critico;0.41303680688142774;0.41303680688142774;R1_NORMAL;37;75;39;1;57;20;0;0.05000000819563866;0.3794349730014801;0.13950374722480774;96;4
C09;C09;Critico progressivo: Bebida ao volante;Critico;Critico;0.4037680074572563;0.4037680074572563;R2_STABLE_RISK;38;73;36;1;60;22;0;0.05000000819563866;0.25523874163627625;0.09776675701141357;96;4
C07;C07;Critico progressivo: Sem cinto sob chuva;Critico;Critico;0.40332486778497695;0.40332486778497695;R2_STABLE_RISK;37;75;39;1;62;25;0;0.05000000819563866;0.37438511848449707;0.13354133069515228;96;4
C07;C07;Critico progressivo: Sem cinto sob chuva;Critico;Critico;0.4836102306842804;0.4836102306842804;R3_FALSE_KIN;37;75;39;1;56;19;1;0.29386091232299805;0.38367071747779846;0.1896483451128006;96;4
C07;C07;Critico progressivo: Sem cinto sob chuva;Critico;Critico;0.3932044550776481;0.3932044550776481;R1_NORMAL;37;75;39;1;59;22;0;0.05000000819563866;0.376570463180542;0.1362101286649704;96;4
N01;N01;Normal: Viagem tranquila em rodovia;Normal;Normal;0.050000007078051564;0.050000007078051564;R1_NORMAL;-1;-1;0;0;-1;-1;0;0.05000000819563866;0.03141135349869728;0.08956390619277954;96;4
N03;N03;Normal: Noite estável;Normal;Normal;0.050000007078051564;0.050000007078051564;R1_NORMAL;-1;-1;0;0;-1;-1;0;0.05000000819563866;0.03326333314180374;0.08899539709091187;96;4
C09;C09;Critico progressivo: Bebida ao volante;Critico;Critico;0.4899146109819412;0.4899146109819412;R3_FALSE_KIN;38;73;36;1;57;19;1;0.32163700461387634;0.2503519654273987;0.1480216234922409;96;4
C07;C07;Critico progressivo: Sem cinto sob chuva;Critico;Critico;0.49674532711505887;0.49674532711505887;R1_NORMAL;37;75;39;1;53;16;1;0.24354153871536255;0.3949955999851227;0.17212367057800293;96;4
C05;C05;Critico progressivo: Celular em rodovia;Critico;Critico;0.46412963569164273;0.46412963569164273;R1_NORMAL;42;73;32;1;59;17;1;0.24642276763916016;0.31735455989837646;0.12892979383468628;96;4
N02;N02;Normal: Urbano moderado;Normal;Normal;0.050000007078051564;0.050000007078051564;R3_FALSE_KIN;-1;-1;0;0;-1;-1;0;0.05000000819563866;0.031047159805893898;0.10459867864847183;96;4
C10;C10;Critico progressivo: Grooming em rodovia com fadiga;Critico;Critico;0.433596558868885;0.433596558868885;R1_NORMAL;40;81;42;1;65;25;0;0.05000000819563866;0.206828773021698;0.10220406204462051;96;4
N01;N01;Normal: Viagem tranquila em rodovia;Normal;Normal;0.050000007078051564;0.050000007078051564;R1_NORMAL;-1;-1;0;0;-1;-1;0;0.05000000819563866;0.02616616152226925;0.10714844614267349;96;4
C08;C08;Critico progressivo: Distracao urbana multietapas;Critico;Critico;0.4481190949678421;0.4481190949678421;R3_FALSE_KIN;28;77;50;1;53;25;0;0.05000000819563866;0.3206961154937744;0.1441255360841751;96;4
C05;C05;Critico progressivo: Celular em rodovia;Critico;Critico;0.3804798245429993;0.3804798245429993;R2_STABLE_RISK;42;73;32;1;57;15;0;0.05000000819563866;0.3139723241329193;0.13815201818943024;96;4
C06;C06;Critico progressivo: Fadiga noturna;Critico;Critico;0.4613109469413757;0.4613109469413757;R1_NORMAL;36;81;46;1;61;25;1;0.30573996901512146;0.15038342773914337;0.14165085554122925;96;4
C09;C09;Critico progressivo: Bebida ao volante;Critico;Critico;0.39960929602384565;0.39960929602384565;R3_FALSE_KIN;38;73;36;1;59;21;0;0.05000000819563866;0.25780820846557617;0.1554805487394333;96;4
C05;C05;Critico progressivo: Celular em rodovia;Critico;Critico;0.39600138664245604;0.39600138664245604;R1_NORMAL;42;73;32;1;59;17;0;0.05000000819563866;0.3136883080005646;0.11525855213403702;96;4
C04;C04;Critico: Multiplas distracoes urbanas;Critico;Critico;0.3713889718055725;0.3713889718055725;R1_NORMAL;22;45;24;0;24;2;0;0.05000000819563866;0.20441608130931854;0.1315927356481552;96;4
C06;C06;Critico progressivo: Fadiga noturna;Critico;Critico;0.4097226783633232;0.4097226783633232;R3_FALSE_KIN;36;81;46;1;62;26;0;0.05000000819563866;0.15910615026950836;0.12066718190908432;96;4
N02;N02;Normal: Urbano moderado;Normal;Normal;0.050000007078051564;0.050000007078051564;R2_STABLE_RISK;-1;-1;0;0;-1;-1;0;0.05000000819563866;0.03208367899060249;0.08822369575500488;96;4
N01;N01;Normal: Viagem tranquila em rodovia;Normal;Normal;0.050000007078051564;0.050000007078051564;R2_STABLE_RISK;-1;-1;0;0;-1;-1;0;0.05000000819563866;0.031230725347995758;0.08844663947820663;96;4
N02;N02;Normal: Urbano moderado;Normal;Normal;0.050000007078051564;0.050000007078051564;R1_NORMAL;-1;-1;0;0;-1;-1;0;0.05000000819563866;0.03793998062610626;0.10653974860906601;96;4
N02;N02;Normal: Urbano moderado;Normal;Normal;0.050000007078051564;0.050000007078051564;R3_FALSE_KIN;-1;-1;0;0;-1;-1;0;0.05000000819563866;0.03584003075957298;0.08138563483953476;96;4
N01;N01;Normal: Viagem tranquila em rodovia;Normal;Normal;0.050000007078051564;0.050000007078051564;R1_NORMAL;-1;-1;0;0;-1;-1;0;0.05000000819563866;0.031855542212724686;0.11027181148529053;96;4
C05;C05;Critico progressivo: Celular em rodovia;Critico;Critico;0.4042280033230781;0.4042280033230781;R1_NORMAL;42;73;32;1;58;16;0;0.05000000819563866;0.31272098422050476;0.11905664205551147;96;4
N03;N03;Normal: Noite estável;Normal;Normal;0.050000007078051564;0.050000007078051564;R1_NORMAL;-1;-1;0;0;-1;-1;0;0.05000000819563866;0.029907668009400368;0.10658011585474014;96;4
N01;N01;Normal: Viagem tranquila em rodovia;Normal;Normal;0.050000007078051564;0.050000007078051564;R3_FALSE_KIN;-1;-1;0;0;-1;-1;0;0.05000000819563866;0.03224507346749306;0.11051986366510391;96;4
C07;C07;Critico progressivo: Sem cinto sob chuva;Critico;Critico;0.4853784382343292;0.4853784382343292;R2_STABLE_RISK;37;75;39;1;59;22;1;0.2967455983161926;0.37278231978416443;0.1127123162150383;96;4
N01;N01;Normal: Viagem tranquila em rodovia;Normal;Normal;0.050000007078051564;0.050000007078051564;R1_NORMAL;-1;-1;0;0;-1;-1;0;0.05000000819563866;0.03161847963929176;0.08878761529922485;96;4
C10;C10;Critico progressivo: Grooming em rodovia com fadiga;Critico;Critico;0.41210909634828563;0.41210909634828563;R3_FALSE_KIN;40;81;42;1;62;22;0;0.05000000819563866;0.2011648565530777;0.12410378456115723;96;4
C05;C05;Critico progressivo: Celular em rodovia;Critico;Critico;0.40602741688489913;0.40602741688489913;R1_NORMAL;42;73;32;1;59;17;0;0.05000000819563866;0.31445661187171936;0.11562550067901611;96;4
N01;N01;Normal: Viagem tranquila em rodovia;Normal;Normal;0.050000007078051564;0.050000007078051564;R2_STABLE_RISK;-1;-1;0;0;-1;-1;0;0.05000000819563866;0.031556203961372375;0.09874701499938965;96;4
C03;C03;Critico: Celular sem cinto sob chuva;Critico;Critico;0.3752959698438644;0.3752959698438644;R3_FALSE_KIN;26;41;16;0;28;2;0;0.05000000819563866;0.19096042215824127;0.15065306425094604;96;4
C10;C10;Critico progressivo: Grooming em rodovia com fadiga;Critico;Critico;0.4016164541244507;0.4016164541244507;R1_NORMAL;40;81;42;1;58;18;0;0.05000000819563866;0.20162200927734375;0.09670918434858322;96;4
C08;C08;Critico progressivo: Distracao urbana multietapas;Critico;Critico;0.4358716323971748;0.4358716323971748;R2_STABLE_RISK;28;77;50;1;58;30;0;0.05000000819563866;0.3210976719856262;0.1307668685913086;96;4
C02;C02;Critico: Fadiga com desvio cinematico;Critico;Critico;0.39378328174352645;0.39378328174352645;R1_NORMAL;29;50;22;0;32;3;0;0.05000000819563866;0.10168600082397461;0.09435296058654785;96;4
C03;C03;Critico: Celular sem cinto sob chuva;Critico;Critico;0.6028442293405533;0.6028442293405533;R3_FALSE_KIN;26;41;16;0;28;2;1;0.19051219522953033;0.18759037554264069;0.25498566031455994;96;4
C07;C07;Critico progressivo: Sem cinto sob chuva;Critico;Critico;0.4823690146207809;0.4823690146207809;R2_STABLE_RISK;37;75;39;1;61;24;1;0.30618998408317566;0.3757852017879486;0.1931506246328354;96;4
C06;C06;Critico progressivo: Fadiga noturna;Critico;Critico;0.43179578334093094;0.43179578334093094;R1_NORMAL;36;81;46;1;62;26;0;0.05000000819563866;0.15500853955745697;0.11240234971046448;96;4
N03;N03;Normal: Noite estável;Normal;Normal;0.050000007078051564;0.050000007078051564;R2_STABLE_RISK;-1;-1;0;0;-1;-1;0;0.05000000819563866;0.030076658353209496;0.1055123582482338;96;4
C05;C05;Critico progressivo: Celular em rodovia;Critico;Critico;0.3981309473514557;0.3981309473514557;R3_FALSE_KIN;42;73;32;1;61;19;0;0.05000000819563866;0.3073360025882721;0.11838982254266739;96;4
C02;C02;Critico: Fadiga com desvio cinematico;Critico;Critico;0.39378328174352645;0.39378328174352645;R1_NORMAL;29;50;22;0;32;3;0;0.05000000819563866;0.10092437267303467;0.09458927065134048;96;4
C05;C05;Critico progressivo: Celular em rodovia;Critico;Critico;0.4744031190872192;0.4744031190872192;R1_NORMAL;42;73;32;1;59;17;1;0.26751425862312317;0.3116138279438019;0.13992707431316376;96;4
N03;N03;Normal: Noite estável;Normal;Normal;0.050000007078051564;0.050000007078051564;R1_NORMAL;-1;-1;0;0;-1;-1;0;0.05000000819563866;0.027019185945391655;0.11354630440473557;96;4
C01;C01;Critico: Celular em alta velocidade;Critico;Critico;0.5307807892560958;0.5307807892560958;R1_NORMAL;32;44;13;0;34;2;1;0.2736157476902008;0.15905322134494781;0.16391928493976593;96;4
C07;C07;Critico progressivo: Sem cinto sob chuva;Critico;Critico;0.40011491328477855;0.40011491328477855;R1_NORMAL;37;75;39;1;57;20;0;0.05000000819563866;0.37910592555999756;0.1326763778924942;96;4
N02;N02;Normal: Urbano moderado;Normal;Normal;0.050000007078051564;0.050000007078051564;R2_STABLE_RISK;-1;-1;0;0;-1;-1;0;0.05000000819563866;0.03004826419055462;0.12095112353563309;96;4
C08;C08;Critico progressivo: Distracao urbana multietapas;Critico;Critico;0.5174823760986328;0.5174823760986328;R3_FALSE_KIN;28;77;50;1;53;25;1;0.3003107011318207;0.3084351122379303;0.20588473975658417;96;4
C09;C09;Critico progressivo: Bebida ao volante;Critico;Critico;0.4015870258212089;0.4015870258212089;R2_STABLE_RISK;38;73;36;1;59;21;0;0.05000000819563866;0.24680860340595245;0.15837164223194122;96;4
C07;C07;Critico progressivo: Sem cinto sob chuva;Critico;Critico;0.3943691313266754;0.3943691313266754;R2_STABLE_RISK;37;75;39;1;59;22;0;0.05000000819563866;0.371298223733902;0.1294040083885193;96;4
C04;C04;Critico: Multiplas distracoes urbanas;Critico;Critico;0.3713889718055725;0.3713889718055725;R1_NORMAL;22;45;24;0;24;2;0;0.05000000819563866;0.20178644359111786;0.11176852136850357;96;4
C06;C06;Critico progressivo: Fadiga noturna;Critico;Critico;0.47262898385524743;0.47262898385524743;R1_NORMAL;36;81;46;1;58;22;1;0.31789490580558777;0.1573042869567871;0.17812001705169678;96;4
N03;N03;Normal: Noite estável;Normal;Normal;0.050000007078051564;0.050000007078051564;R2_STABLE_RISK;-1;-1;0;0;-1;-1;0;0.05000000819563866;0.03238653764128685;0.1264709085226059;96;4
C06;C06;Critico progressivo: Fadiga noturna;Critico;Critico;0.40904317945241925;0.40904317945241925;R1_NORMAL;36;81;46;1;62;26;0;0.05000000819563866;0.15626345574855804;0.10106869786977768;96;4
C07;C07;Critico progressivo: Sem cinto sob chuva;Critico;Critico;0.40666056275367735;0.40666056275367735;R2_STABLE_RISK;37;75;39;1;57;20;0;0.05000000819563866;0.3751847743988037;0.12501487135887146;96;4
C02;C02;Critico: Fadiga com desvio cinematico;Critico;Critico;0.5986233681440353;0.5986233681440353;R1_NORMAL;29;50;22;0;32;3;1;0.2418815940618515;0.10400573164224625;0.14853250980377197;96;4
N03;N03;Normal: Noite estável;Normal;Normal;0.050000007078051564;0.050000007078051564;R1_NORMAL;-1;-1;0;0;-1;-1;0;0.05000000819563866;0.025583142414689064;0.11201164126396179;96;4
C10;C10;Critico progressivo: Grooming em rodovia com fadiga;Critico;Critico;0.40239124447107316;0.40239124447107316;R2_STABLE_RISK;40;81;42;1;62;22;0;0.05000000819563866;0.19974611699581146;0.08491816371679306;96;4
C08;C08;Critico progressivo: Distracao urbana multietapas;Critico;Critico;0.49785184562206264;0.49785184562206264;R3_FALSE_KIN;28;77;50;1;56;28;1;0.2923823297023773;0.31089726090431213;0.13333867490291595;96;4
N02;N02;Normal: Urbano moderado;Normal;Normal;0.050000007078051564;0.050000007078051564;R3_FALSE_KIN;-1;-1;0;0;-1;-1;0;0.05000000819563866;0.03179973363876343;0.07697609812021255;96;4
C07;C07;Critico progressivo: Sem cinto sob chuva;Critico;Critico;0.4765134990215302;0.4765134990215302;R2_STABLE_RISK;37;75;39;1;55;18;1;0.23996783792972565;0.3843103349208832;0.14653842151165009;96;4
C09;C09;Critico progressivo: Bebida ao volante;Critico;Critico;0.3939417898654938;0.3939417898654938;R2_STABLE_RISK;38;73;36;1;56;18;0;0.05000000819563866;0.25329113006591797;0.15015241503715515;96;4
C09;C09;Critico progressivo: Bebida ao volante;Critico;Critico;0.4180628001689911;0.4180628001689911;R2_STABLE_RISK;38;73;36;1;57;19;0;0.05000000819563866;0.2548147141933441;0.183221697807312;96;4
C03;C03;Critico: Celular sem cinto sob chuva;Critico;Critico;0.3752959698438644;0.3752959698438644;R2_STABLE_RISK;26;41;16;0;28;2;0;0.05000000819563866;0.19009119272232056;0.1448831409215927;96;4
C08;C08;Critico progressivo: Distracao urbana multietapas;Critico;Critico;0.5276704162359238;0.5276704162359238;R2_STABLE_RISK;28;77;50;1;51;23;1;0.32903140783309937;0.3197777271270752;0.16363926231861115;96;4
N03;N03;Normal: Noite estável;Normal;Normal;0.050000007078051564;0.050000007078051564;R3_FALSE_KIN;-1;-1;0;0;-1;-1;0;0.05000000819563866;0.031782787293195724;0.10766884684562683;96;4
C09;C09;Critico progressivo: Bebida ao volante;Critico;Critico;0.5047327071428299;0.5047327071428299;R2_STABLE_RISK;38;73;36;1;58;20;1;0.30898645520210266;0.25392234325408936;0.216255784034729;96;4
N01;N01;Normal: Viagem tranquila em rodovia;Normal;Normal;0.050000007078051564;0.050000007078051564;R2_STABLE_RISK;-1;-1;0;0;-1;-1;0;0.05000000819563866;0.028491826727986336;0.10347264260053635;96;4
C05;C05;Critico progressivo: Celular em rodovia;Critico;Critico;0.4010173633694648;0.4010173633694648;R2_STABLE_RISK;42;73;32;1;59;17;0;0.05000000819563866;0.31580159068107605;0.14033694565296173;96;4
C07;C07;Critico progressivo: Sem cinto sob chuva;Critico;Critico;0.47293572723865507;0.47293572723865507;R2_STABLE_RISK;37;75;39;1;57;20;1;0.2982957661151886;0.38012632727622986;0.17724676430225372;96;4
C07;C07;Critico progressivo: Sem cinto sob chuva;Critico;Critico;0.4137637615203857;0.4137637615203857;R2_STABLE_RISK;37;75;39;1;53;16;0;0.05000000819563866;0.3860231935977936;0.16199593245983124;96;4
C02;C02;Critico: Fadiga com desvio cinematico;Critico;Critico;0.39378328174352645;0.39378328174352645;R2_STABLE_RISK;29;50;22;0;32;3;0;0.05000000819563866;0.09651881456375122;0.1605244129896164;96;4
C10;C10;Critico progressivo: Grooming em rodovia com fadiga;Critico;Critico;0.450426509976387;0.450426509976387;R3_FALSE_KIN;40;81;42;1;63;23;1;0.3020983934402466;0.19795672595500946;0.12426377087831497;96;4
C03;C03;Critico: Celular sem cinto sob chuva;Critico;Critico;0.3752959698438644;0.3752959698438644;R1_NORMAL;26;41;16;0;28;2;0;0.05000000819563866;0.1843104362487793;0.12253028154373169;96;4
C10;C10;Critico progressivo: Grooming em rodovia com fadiga;Critico;Critico;0.44530404508113863;0.44530404508113863;R2_STABLE_RISK;40;81;42;1;63;23;1;0.3210580050945282;0.2037932276725769;0.11027896404266357;96;4
C02;C02;Critico: Fadiga com desvio cinematico;Critico;Critico;0.5939204007387161;0.5939204007387161;R3_FALSE_KIN;29;50;22;0;32;3;1;0.21920406818389893;0.10483753681182861;0.13901321589946747;96;4
C01;C01;Critico: Celular em alta velocidade;Critico;Critico;0.5341018080711364;0.5341018080711364;R1_NORMAL;32;44;13;0;34;2;1;0.255811482667923;0.15369591116905212;0.16681832075119019;96;4
N02;N02;Normal: Urbano moderado;Normal;Normal;0.050000007078051564;0.050000007078051564;R1_NORMAL;-1;-1;0;0;-1;-1;0;0.05000000819563866;0.03449396789073944;0.08469035476446152;96;4
C04;C04;Critico: Multiplas distracoes urbanas;Critico;Critico;0.3713889718055725;0.3713889718055725;R1_NORMAL;22;45;24;0;24;2;0;0.05000000819563866;0.20371539890766144;0.11533287912607193;96;4
C04;C04;Critico: Multiplas distracoes urbanas;Critico;Critico;0.3713889718055725;0.3713889718055725;R2_STABLE_RISK;22;45;24;0;24;2;0;0.05000000819563866;0.20384876430034637;0.1509205400943756;96;4
C07;C07;Critico progressivo: Sem cinto sob chuva;Critico;Critico;0.39366773217916484;0.39366773217916484;R1_NORMAL;37;75;39;1;60;23;0;0.05000000819563866;0.3837849199771881;0.12539954483509064;96;4
N02;N02;Normal: Urbano moderado;Normal;Normal;0.050000007078051564;0.050000007078051564;R2_STABLE_RISK;-1;-1;0;0;-1;-1;0;0.05000000819563866;0.02660434879362583;0.1301279067993164;96;4
C03;C03;Critico: Celular sem cinto sob chuva;Critico;Critico;0.623287096619606;0.623287096619606;R1_NORMAL;26;41;16;0;28;2;1;0.25953298807144165;0.18947620689868927;0.17592938244342804;96;4
C06;C06;Critico progressivo: Fadiga noturna;Critico;Critico;0.4317363873124122;0.4317363873124122;R2_STABLE_RISK;36;81;46;1;61;25;0;0.05000000819563866;0.164509579539299;0.12323667854070663;96;4
C03;C03;Critico: Celular sem cinto sob chuva;Critico;Critico;0.6098360657691955;0.6098360657691955;R1_NORMAL;26;41;16;0;28;2;1;0.21456320583820343;0.18984413146972656;0.1568988710641861;96;4
N02;N02;Normal: Urbano moderado;Normal;Normal;0.050000007078051564;0.050000007078051564;R1_NORMAL;-1;-1;0;0;-1;-1;0;0.05000000819563866;0.03536796197295189;0.10574320703744888;96;4
C03;C03;Critico: Celular sem cinto sob chuva;Critico;Critico;0.3752959698438644;0.3752959698438644;R2_STABLE_RISK;26;41;16;0;28;2;0;0.05000000819563866;0.1881958246231079;0.13764818012714386;96;4
C02;C02;Critico: Fadiga com desvio cinematico;Critico;Critico;0.39378328174352645;0.39378328174352645;R2_STABLE_RISK;29;50;22;0;32;3;0;0.05000000819563866;0.0951460525393486;0.14821462333202362;96;4
N01;N01;Normal: Viagem tranquila em rodovia;Normal;Normal;0.050000007078051564;0.050000007078051564;R3_FALSE_KIN;-1;-1;0;0;-1;-1;0;0.05000000819563866;0.027773773297667503;0.10477271676063538;96;4
C05;C05;Critico progressivo: Celular em rodovia;Critico;Critico;0.38181858658790585;0.38181858658790585;R1_NORMAL;42;73;32;1;59;17;0;0.05000000819563866;0.31479930877685547;0.0779557004570961;96;4
C05;C05;Critico progressivo: Celular em rodovia;Critico;Critico;0.3722445502877235;0.3722445502877235;R1_NORMAL;42;73;32;1;61;19;0;0.05000000819563866;0.3033677041530609;0.1673935204744339;96;4
C07;C07;Critico progressivo: Sem cinto sob chuva;Critico;Critico;0.48213048875331876;0.48213048875331876;R1_NORMAL;37;75;39;1;59;22;1;0.28581324219703674;0.3734147548675537;0.16930174827575684;96;4
C08;C08;Critico progressivo: Distracao urbana multietapas;Critico;Critico;0.5036705821752547;0.5036705821752547;R1_NORMAL;28;77;50;1;54;26;1;0.3191515803337097;0.31434330344200134;0.17921407520771027;96;4
C07;C07;Critico progressivo: Sem cinto sob chuva;Critico;Critico;0.49670816659927364;0.49670816659927364;R1_NORMAL;37;75;39;1;59;22;1;0.28308090567588806;0.37585583329200745;0.18659967184066772;96;4
C09;C09;Critico progressivo: Bebida ao volante;Critico;Critico;0.40671998262405396;0.40671998262405396;R1_NORMAL;38;73;36;1;56;18;0;0.05000000819563866;0.2565164268016815;0.15340463817119598;96;4
C04;C04;Critico: Multiplas distracoes urbanas;Critico;Critico;0.5787601262331008;0.5787601262331008;R1_NORMAL;22;45;24;0;24;2;1;0.26860272884368896;0.20237557590007782;0.21371614933013916;96;4
N03;N03;Normal: Noite estável;Normal;Normal;0.050000007078051564;0.050000007078051564;R2_STABLE_RISK;-1;-1;0;0;-1;-1;0;0.05000000819563866;0.030776435509324074;0.09803378582000732;96;4
C10;C10;Critico progressivo: Grooming em rodovia com fadiga;Critico;Critico;0.4852640271186829;0.4852640271186829;R1_NORMAL;40;81;42;1;65;25;1;0.32805168628692627;0.20473156869411469;0.09609756618738174;96;4
C05;C05;Critico progressivo: Celular em rodovia;Critico;Critico;0.4026512339711189;0.4026512339711189;R3_FALSE_KIN;42;73;32;1;57;15;0;0.05000000819563866;0.31352677941322327;0.10834729671478271;96;4
C09;C09;Critico progressivo: Bebida ao volante;Critico;Critico;0.3874889656901359;0.3874889656901359;R1_NORMAL;38;73;36;1;58;20;0;0.05000000819563866;0.2571454346179962;0.15065819025039673;96;4
N01;N01;Normal: Viagem tranquila em rodovia;Normal;Normal;0.050000007078051564;0.050000007078051564;R1_NORMAL;-1;-1;0;0;-1;-1;0;0.05000000819563866;0.03030390478670597;0.1059647798538208;96;4
C03;C03;Critico: Celular sem cinto sob chuva;Critico;Critico;0.609799924492836;0.609799924492836;R1_NORMAL;26;41;16;0;28;2;1;0.21268858015537262;0.19129371643066406;0.22216983139514923;96;4
C06;C06;Critico progressivo: Fadiga noturna;Critico;Critico;0.4197648927569389;0.4197648927569389;R1_NORMAL;36;81;46;1;62;26;0;0.05000000819563866;0.1596612185239792;0.15794865787029266;96;4
C07;C07;Critico progressivo: Sem cinto sob chuva;Critico;Critico;0.4984482765197754;0.4984482765197754;R1_NORMAL;37;75;39;1;62;25;1;0.33143576979637146;0.37749648094177246;0.1411137729883194;96;4
C01;C01;Critico: Celular em alta velocidade;Critico;Critico;0.29102678298950196;0.29102678298950196;R2_STABLE_RISK;32;44;13;0;34;2;0;0.05000000819563866;0.15454162657260895;0.11084844917058945;96;4
C02;C02;Critico: Fadiga com desvio cinematico;Critico;Critico;0.39378328174352645;0.39378328174352645;R1_NORMAL;29;50;22;0;32;3;0;0.05000000819563866;0.09424042701721191;0.1197800412774086;96;4
C07;C07;Critico progressivo: Sem cinto sob chuva;Critico;Critico;0.49038315117359155;0.49038315117359155;R1_NORMAL;37;75;39;1;61;24;1;0.2622455656528473;0.37863442301750183;0.16110123693943024;96;4
C10;C10;Critico progressivo: Grooming em rodovia com fadiga;Critico;Critico;0.4337717533111572;0.4337717533111572;R2_STABLE_RISK;40;81;42;1;59;19;0;0.05000000819563866;0.2028207927942276;0.13254378736019135;96;4
C05;C05;Critico progressivo: Celular em rodovia;Critico;Critico;0.4801025807857513;0.4801025807857513;R2_STABLE_RISK;42;73;32;1;58;16;1;0.28110796213150024;0.31856706738471985;0.15294994413852692;96;4
C05;C05;Critico progressivo: Celular em rodovia;Critico;Critico;0.38469074815511706;0.38469074815511706;R1_NORMAL;42;73;32;1;61;19;0;0.05000000819563866;0.31710726022720337;0.11474417895078659;96;4
C03;C03;Critico: Celular sem cinto sob chuva;Critico;Critico;0.3752959698438644;0.3752959698438644;R2_STABLE_RISK;26;41;16;0;28;2;0;0.05000000819563866;0.1859244853258133;0.10892406851053238;96;4
C10;C10;Critico progressivo: Grooming em rodovia com fadiga;Critico;Critico;0.3969761654734611;0.3969761654734611;R1_NORMAL;40;81;42;1;65;25;0;0.05000000819563866;0.19761210680007935;0.15052549540996552;96;4
C10;C10;Critico progressivo: Grooming em rodovia com fadiga;Critico;Critico;0.38811853528022766;0.38811853528022766;R2_STABLE_RISK;40;81;42;1;62;22;0;0.05000000819563866;0.19787941873073578;0.10782682150602341;96;4
C05;C05;Critico progressivo: Celular em rodovia;Critico;Critico;0.371842534840107;0.371842534840107;R1_NORMAL;42;73;32;1;58;16;0;0.05000000819563866;0.3169538080692291;0.11331802606582642;96;4
C10;C10;Critico progressivo: Grooming em rodovia com fadiga;Critico;Critico;0.44427094906568526;0.44427094906568526;R2_STABLE_RISK;40;81;42;1;57;17;0;0.05000000819563866;0.20951814949512482;0.11342956870794296;96;4
N03;N03;Normal: Noite estável;Normal;Normal;0.050000007078051564;0.050000007078051564;R1_NORMAL;-1;-1;0;0;-1;-1;0;0.05000000819563866;0.03181281313300133;0.09248018264770508;96;4
C01;C01;Critico: Celular em alta velocidade;Critico;Critico;0.29102678298950196;0.29102678298950196;R3_FALSE_KIN;32;44;13;0;34;2;0;0.05000000819563866;0.1555735468864441;0.15395255386829376;96;4
C10;C10;Critico progressivo: Grooming em rodovia com fadiga;Critico;Critico;0.46542133688926696;0.46542133688926696;R2_STABLE_RISK;40;81;42;1;65;25;1;0.3208356201648712;0.20143263041973114;0.1785292774438858;96;4
C05;C05;Critico progressivo: Celular em rodovia;Critico;Critico;0.39221713989973067;0.39221713989973067;R1_NORMAL;42;73;32;1;58;16;0;0.05000000819563866;0.3201446235179901;0.1092282310128212;96;4
C10;C10;Critico progressivo: Grooming em rodovia com fadiga;Critico;Critico;0.47293062508106226;0.47293062508106226;R3_FALSE_KIN;40;81;42;1;59;19;1;0.3501425087451935;0.19832313060760498;0.1265689879655838;96;4
C01;C01;Critico: Celular em alta velocidade;Critico;Critico;0.29102678298950196;0.29102678298950196;R1_NORMAL;32;44;13;0;34;2;0;0.05000000819563866;0.15041480958461761;0.11339160054922104;96;4
C04;C04;Critico: Multiplas distracoes urbanas;Critico;Critico;0.3713889718055725;0.3713889718055725;R1_NORMAL;22;45;24;0;24;2;0;0.05000000819563866;0.20150291919708252;0.15832583606243134;96;4
N03;N03;Normal: Noite estável;Normal;Normal;0.050000007078051564;0.050000007078051564;R2_STABLE_RISK;-1;-1;0;0;-1;-1;0;0.05000000819563866;0.03564869984984398;0.13974398374557495;96;4
C04;C04;Critico: Multiplas distracoes urbanas;Critico;Critico;0.3713889718055725;0.3713889718055725;R3_FALSE_KIN;22;45;24;0;24;2;0;0.05000000819563866;0.20567752420902252;0.16939766705036163;96;4
C09;C09;Critico progressivo: Bebida ao volante;Critico;Critico;0.4641339510679245;0.4641339510679245;R1_NORMAL;38;73;36;1;60;22;1;0.2949226200580597;0.24564290046691895;0.15254230797290802;96;4
C02;C02;Critico: Fadiga com desvio cinematico;Critico;Critico;0.39378328174352645;0.39378328174352645;R3_FALSE_KIN;29;50;22;0;32;3;0;0.05000000819563866;0.09228283166885376;0.1328786164522171;96;4
N03;N03;Normal: Noite estável;Normal;Normal;0.050000007078051564;0.050000007078051564;R3_FALSE_KIN;-1;-1;0;0;-1;-1;0;0.05000000819563866;0.03020416758954525;0.08318856358528137;96;4
C02;C02;Critico: Fadiga com desvio cinematico;Critico;Critico;0.39378328174352645;0.39378328174352645;R1_NORMAL;29;50;22;0;32;3;0;0.05000000819563866;0.10105094313621521;0.10947751998901367;96;4
N02;N02;Normal: Urbano moderado;Normal;Normal;0.050000007078051564;0.050000007078051564;R2_STABLE_RISK;-1;-1;0;0;-1;-1;0;0.05000000819563866;0.030321205034852028;0.10032826662063599;96;4
C10;C10;Critico progressivo: Grooming em rodovia com fadiga;Critico;Critico;0.4254241660237312;0.4254241660237312;R1_NORMAL;40;81;42;1;66;26;0;0.05000000819563866;0.19446958601474762;0.11248748749494553;96;4
C05;C05;Critico progressivo: Celular em rodovia;Critico;Critico;0.453907772898674;0.453907772898674;R3_FALSE_KIN;42;73;32;1;61;19;1;0.2617391049861908;0.31636348366737366;0.15722942352294922;96;4
C06;C06;Critico progressivo: Fadiga noturna;Critico;Critico;0.49221599102020264;0.49221599102020264;R2_STABLE_RISK;36;81;46;1;60;24;1;0.31810054183006287;0.16522641479969025;0.13640110194683075;96;4
C04;C04;Critico: Multiplas distracoes urbanas;Critico;Critico;0.3713889718055725;0.3713889718055725;R3_FALSE_KIN;22;45;24;0;24;2;0;0.05000000819563866;0.1999632716178894;0.17657415568828583;96;4
C09;C09;Critico progressivo: Bebida ao volante;Critico;Critico;0.47458365261554714;0.47458365261554714;R1_NORMAL;38;73;36;1;59;21;1;0.31827446818351746;0.2534457743167877;0.1632067710161209;96;4
C07;C07;Critico progressivo: Sem cinto sob chuva;Critico;Critico;0.41049538850784295;0.41049538850784295;R3_FALSE_KIN;37;75;39;1;62;25;0;0.05000000819563866;0.3671761453151703;0.11890061944723129;96;4
C01;C01;Critico: Celular em alta velocidade;Critico;Critico;0.29102678298950196;0.29102678298950196;R3_FALSE_KIN;32;44;13;0;34;2;0;0.05000000819563866;0.1546200066804886;0.09131887555122375;96;4
C04;C04;Critico: Multiplas distracoes urbanas;Critico;Critico;0.3713889718055725;0.3713889718055725;R2_STABLE_RISK;22;45;24;0;24;2;0;0.05000000819563866;0.20526818931102753;0.14631082117557526;96;4
C03;C03;Critico: Celular sem cinto sob chuva;Critico;Critico;0.3752959698438644;0.3752959698438644;R1_NORMAL;26;41;16;0;28;2;0;0.05000000819563866;0.18358226120471954;0.10289832204580307;96;4
N03;N03;Normal: Noite estável;Normal;Normal;0.050000007078051564;0.050000007078051564;R3_FALSE_KIN;-1;-1;0;0;-1;-1;0;0.05000000819563866;0.030271217226982117;0.1257156878709793;96;4
N01;N01;Normal: Viagem tranquila em rodovia;Normal;Normal;0.050000007078051564;0.050000007078051564;R1_NORMAL;-1;-1;0;0;-1;-1;0;0.05000000819563866;0.03207217529416084;0.0767103061079979;96;4
C08;C08;Critico progressivo: Distracao urbana multietapas;Critico;Critico;0.48501903414726255;0.48501903414726255;R1_NORMAL;28;77;50;1;58;30;1;0.2728044092655182;0.31443366408348083;0.13943998515605927;96;4
C06;C06;Critico progressivo: Fadiga noturna;Critico;Critico;0.4356720432639122;0.4356720432639122;R2_STABLE_RISK;36;81;46;1;65;29;0;0.05000000819563866;0.15559279918670654;0.10221799463033676;96;4
C10;C10;Critico progressivo: Grooming em rodovia com fadiga;Critico;Critico;0.39996763020753856;0.39996763020753856;R1_NORMAL;40;81;42;1;65;25;0;0.05000000819563866;0.19527119398117065;0.11126306653022766;96;4
N03;N03;Normal: Noite estável;Normal;Normal;0.050000007078051564;0.050000007078051564;R2_STABLE_RISK;-1;-1;0;0;-1;-1;0;0.05000000819563866;0.02936362661421299;0.09669945389032364;96;4
C08;C08;Critico progressivo: Distracao urbana multietapas;Critico;Critico;0.5326632231473922;0.5326632231473922;R1_NORMAL;28;77;50;1;56;28;1;0.3205365836620331;0.32068148255348206;0.19829441606998444;96;4
C04;C04;Critico: Multiplas distracoes urbanas;Critico;Critico;0.3713889718055725;0.3713889718055725;R1_NORMAL;22;45;24;0;24;2;0;0.05000000819563866;0.2026328593492508;0.10774289816617966;96;4
C07;C07;Critico progressivo: Sem cinto sob chuva;Critico;Critico;0.48464850187301634;0.48464850187301634;R1_NORMAL;37;75;39;1;57;20;1;0.3044389486312866;0.37106236815452576;0.15711157023906708;96;4
C10;C10;Critico progressivo: Grooming em rodovia com fadiga;Critico;Critico;0.38904093652963634;0.38904093652963634;R1_NORMAL;40;81;42;1;61;21;0;0.05000000819563866;0.20399419963359833;0.10360356420278549;96;4
C01;C01;Critico: Celular em alta velocidade;Critico;Critico;0.29102678298950196;0.29102678298950196;R1_NORMAL;32;44;13;0;34;2;0;0.05000000819563866;0.15450894832611084;0.1420220583677292;96;4
C03;C03;Critico: Celular sem cinto sob chuva;Critico;Critico;0.3752959698438644;0.3752959698438644;R3_FALSE_KIN;26;41;16;0;28;2;0;0.05000000819563866;0.19579553604125977;0.12161880731582642;96;4
N02;N02;Normal: Urbano moderado;Normal;Normal;0.050000007078051564;0.050000007078051564;R3_FALSE_KIN;-1;-1;0;0;-1;-1;0;0.05000000819563866;0.035057730972766876;0.08923950046300888;96;4
C02;C02;Critico: Fadiga com desvio cinematico;Critico;Critico;0.602249988913536;0.602249988913536;R2_STABLE_RISK;29;50;22;0;32;3;1;0.2509595453739166;0.10896549373865128;0.1387433260679245;96;4
C05;C05;Critico progressivo: Celular em rodovia;Critico;Critico;0.47136553227901457;0.47136553227901457;R3_FALSE_KIN;42;73;32;1;59;17;1;0.2977013885974884;0.3219614326953888;0.20112013816833496;96;4
C10;C10;Critico progressivo: Grooming em rodovia com fadiga;Critico;Critico;0.40654333084821703;0.40654333084821703;R1_NORMAL;40;81;42;1;61;21;0;0.05000000819563866;0.2027483433485031;0.15682947635650635;96;4
N03;N03;Normal: Noite estável;Normal;Normal;0.050000007078051564;0.050000007078051564;R2_STABLE_RISK;-1;-1;0;0;-1;-1;0;0.05000000819563866;0.031114429235458374;0.07298246771097183;96;4
C10;C10;Critico progressivo: Grooming em rodovia com fadiga;Critico;Critico;0.42739651203155515;0.42739651203155515;R1_NORMAL;40;81;42;1;62;22;0;0.05000000819563866;0.2037065178155899;0.12043879181146622;96;4
N01;N01;Normal: Viagem tranquila em rodovia;Normal;Normal;0.050000007078051564;0.050000007078051564;R2_STABLE_RISK;-1;-1;0;0;-1;-1;0;0.05000000819563866;0.028295567259192467;0.13800431787967682;96;4
C09;C09;Critico progressivo: Bebida ao volante;Critico;Critico;0.40083182603120804;0.40083182603120804;R2_STABLE_RISK;38;73;36;1;59;21;0;0.05000000819563866;0.249256893992424;0.10831737518310547;96;4
C07;C07;Critico progressivo: Sem cinto sob chuva;Critico;Critico;0.40875157117843625;0.40875157117843625;R1_NORMAL;37;75;39;1;60;23;0;0.05000000819563866;0.3790472745895386;0.11588891595602036;96;4
C09;C09;Critico progressivo: Bebida ao volante;Critico;Critico;0.3856973767280579;0.3856973767280579;R2_STABLE_RISK;38;73;36;1;58;20;0;0.05000000819563866;0.24633371829986572;0.144938126206398;96;4
C06;C06;Critico progressivo: Fadiga noturna;Critico;Critico;0.4611412107944488;0.4611412107944488;R1_NORMAL;36;81;46;1;60;24;1;0.339584618806839;0.1595199704170227;0.11613694578409195;96;4
C08;C08;Critico progressivo: Distracao urbana multietapas;Critico;Critico;0.43386959880590437;0.43386959880590437;R3_FALSE_KIN;28;77;50;1;54;26;0;0.05000000819563866;0.3214551508426666;0.11285065859556198;96;4
C03;C03;Critico: Celular sem cinto sob chuva;Critico;Critico;0.3752959698438644;0.3752959698438644;R1_NORMAL;26;41;16;0;28;2;0;0.05000000819563866;0.18840914964675903;0.1492227464914322;96;4
C01;C01;Critico: Celular em alta velocidade;Critico;Critico;0.533285167813301;0.533285167813301;R1_NORMAL;32;44;13;0;34;2;1;0.2519799768924713;0.15234707295894623;0.18598400056362152;96;4
C07;C07;Critico progressivo: Sem cinto sob chuva;Critico;Critico;0.4093536660075187;0.4093536660075187;R2_STABLE_RISK;37;75;39;1;57;20;0;0.05000000819563866;0.3767557144165039;0.12201038748025894;96;4
C09;C09;Critico progressivo: Bebida ao volante;Critico;Critico;0.45673524439334867;0.45673524439334867;R1_NORMAL;38;73;36;1;58;20;1;0.26543232798576355;0.25289469957351685;0.14924298226833344;96;4
N02;N02;Normal: Urbano moderado;Normal;Normal;0.050000007078051564;0.050000007078051564;R2_STABLE_RISK;-1;-1;0;0;-1;-1;0;0.05000000819563866;0.029725903645157814;0.10864168405532837;96;4
N02;N02;Normal: Urbano moderado;Normal;Normal;0.050000007078051564;0.050000007078051564;R2_STABLE_RISK;-1;-1;0;0;-1;-1;0;0.05000000819563866;0.02695203758776188;0.09702003002166748;96;4
C08;C08;Critico progressivo: Distracao urbana multietapas;Critico;Critico;0.5110124379396438;0.5110124379396438;R1_NORMAL;28;77;50;1;58;30;1;0.2956158220767975;0.31887122988700867;0.19586949050426483;96;4
C02;C02;Critico: Fadiga com desvio cinematico;Critico;Critico;0.39378328174352645;0.39378328174352645;R1_NORMAL;29;50;22;0;32;3;0;0.05000000819563866;0.0947192907333374;0.12049048393964767;96;4
C01;C01;Critico: Celular em alta velocidade;Critico;Critico;0.29102678298950196;0.29102678298950196;R2_STABLE_RISK;32;44;13;0;34;2;0;0.05000000819563866;0.14560510218143463;0.1399640589952469;96;4
N01;N01;Normal: Viagem tranquila em rodovia;Normal;Normal;0.050000007078051564;0.050000007078051564;R3_FALSE_KIN;-1;-1;0;0;-1;-1;0;0.05000000819563866;0.030248498544096947;0.09663569182157516;96;4
N03;N03;Normal: Noite estável;Normal;Normal;0.050000007078051564;0.050000007078051564;R3_FALSE_KIN;-1;-1;0;0;-1;-1;0;0.05000000819563866;0.03284867852926254;0.136220321059227;96;4
C04;C04;Critico: Multiplas distracoes urbanas;Critico;Critico;0.3713889718055725;0.3713889718055725;R1_NORMAL;22;45;24;0;24;2;0;0.05000000819563866;0.20180504024028778;0.13993053138256073;96;4
C01;C01;Critico: Celular em alta velocidade;Critico;Critico;0.29102678298950196;0.29102678298950196;R3_FALSE_KIN;32;44;13;0;34;2;0;0.05000000819563866;0.15179122984409332;0.10791303962469101;96;4
C08;C08;Critico progressivo: Distracao urbana multietapas;Critico;Critico;0.4895957231521606;0.4895957231521606;R2_STABLE_RISK;28;77;50;1;59;31;1;0.2601594030857086;0.3131924569606781;0.17390620708465576;96;4
C03;C03;Critico: Celular sem cinto sob chuva;Critico;Critico;0.3752959698438644;0.3752959698438644;R3_FALSE_KIN;26;41;16;0;28;2;0;0.05000000819563866;0.18241570889949799;0.1401168704032898;96;4
C10;C10;Critico progressivo: Grooming em rodovia com fadiga;Critico;Critico;0.43343392610549925;0.43343392610549925;R3_FALSE_KIN;40;81;42;1;63;23;0;0.05000000819563866;0.19916658103466034;0.09889975190162659;96;4
C07;C07;Critico progressivo: Sem cinto sob chuva;Critico;Critico;0.5028819501399994;0.5028819501399994;R2_STABLE_RISK;37;75;39;1;54;17;1;0.3259776830673218;0.37921833992004395;0.1456838846206665;96;4
C06;C06;Critico progressivo: Fadiga noturna;Critico;Critico;0.45528776645660396;0.45528776645660396;R1_NORMAL;36;81;46;1;57;21;0;0.05000000819563866;0.1575823277235031;0.11654362827539444;96;4
C06;C06;Critico progressivo: Fadiga noturna;Critico;Critico;0.42663608938455577;0.42663608938455577;R1_NORMAL;36;81;46;1;60;24;0;0.05000000819563866;0.16183693706989288;0.10149633884429932;96;4
C06;C06;Critico progressivo: Fadiga noturna;Critico;Critico;0.4146711632609367;0.4146711632609367;R2_STABLE_RISK;36;81;46;1;64;28;0;0.05000000819563866;0.1483372300863266;0.13315846025943756;96;4
C08;C08;Critico progressivo: Distracao urbana multietapas;Critico;Critico;0.4575889319181442;0.4575889319181442;R3_FALSE_KIN;28;77;50;1;53;25;0;0.05000000819563866;0.31424108147621155;0.1419467180967331;96;4
C04;C04;Critico: Multiplas distracoes urbanas;Critico;Critico;0.3713889718055725;0.3713889718055725;R3_FALSE_KIN;22;45;24;0;24;2;0;0.05000000819563866;0.20775187015533447;0.12572081387043;96;4
C03;C03;Critico: Celular sem cinto sob chuva;Critico;Critico;0.3752959698438644;0.3752959698438644;R3_FALSE_KIN;26;41;16;0;28;2;0;0.05000000819563866;0.186635360121727;0.13046647608280182;96;4
C03;C03;Critico: Celular sem cinto sob chuva;Critico;Critico;0.3752959698438644;0.3752959698438644;R3_FALSE_KIN;26;41;16;0;28;2;0;0.05000000819563866;0.1867825984954834;0.12150149792432785;96;4
C01;C01;Critico: Celular em alta velocidade;Critico;Critico;0.29102678298950196;0.29102678298950196;R1_NORMAL;32;44;13;0;34;2;0;0.05000000819563866;0.16085490584373474;0.10779886692762375;96;4
C01;C01;Critico: Celular em alta velocidade;Critico;Critico;0.536481362581253;0.536481362581253;R1_NORMAL;32;44;13;0;34;2;1;0.2669754922389984;0.15466129779815674;0.18793229758739471;96;4
C06;C06;Critico progressivo: Fadiga noturna;Critico;Critico;0.395514278113842;0.395514278113842;R2_STABLE_RISK;36;81;46;1;62;26;0;0.05000000819563866;0.14790184795856476;0.14372897148132324;96;4
C07;C07;Critico progressivo: Sem cinto sob chuva;Critico;Critico;0.46849677860736844;0.46849677860736844;R3_FALSE_KIN;37;75;39;1;58;21;1;0.3029399812221527;0.3778512477874756;0.20305226743221283;96;4
C08;C08;Critico progressivo: Distracao urbana multietapas;Critico;Critico;0.4553788438439369;0.4553788438439369;R1_NORMAL;28;77;50;1;55;27;0;0.05000000819563866;0.3143172562122345;0.16640669107437134;96;4
C06;C06;Critico progressivo: Fadiga noturna;Critico;Critico;0.4679524898529052;0.4679524898529052;R1_NORMAL;36;81;46;1;60;24;1;0.34194740653038025;0.15687231719493866;0.1438409835100174;96;4
C05;C05;Critico progressivo: Celular em rodovia;Critico;Critico;0.3717595174908638;0.3717595174908638;R1_NORMAL;42;73;32;1;59;17;0;0.05000000819563866;0.3074199855327606;0.14915750920772552;96;4
C06;C06;Critico progressivo: Fadiga noturna;Critico;Critico;0.41828497052192687;0.41828497052192687;R2_STABLE_RISK;36;81;46;1;64;28;0;0.05000000819563866;0.1580609679222107;0.11673402041196823;96;4
C04;C04;Critico: Multiplas distracoes urbanas;Critico;Critico;0.5691315621137618;0.5691315621137618;R2_STABLE_RISK;22;45;24;0;24;2;1;0.232020303606987;0.213261678814888;0.18501389026641846;96;4
N02;N02;Normal: Urbano moderado;Normal;Normal;0.050000007078051564;0.050000007078051564;R1_NORMAL;-1;-1;0;0;-1;-1;0;0.05000000819563866;0.03121527098119259;0.10193320363759995;96;4
C03;C03;Critico: Celular sem cinto sob chuva;Critico;Critico;0.3752959698438644;0.3752959698438644;R3_FALSE_KIN;26;41;16;0;28;2;0;0.05000000819563866;0.18826013803482056;0.10905949026346207;96;4
C02;C02;Critico: Fadiga com desvio cinematico;Critico;Critico;0.39378328174352645;0.39378328174352645;R1_NORMAL;29;50;22;0;32;3;0;0.05000000819563866;0.10265082865953445;0.10616520792245865;96;4
N02;N02;Normal: Urbano moderado;Normal;Normal;0.050000007078051564;0.050000007078051564;R1_NORMAL;-1;-1;0;0;-1;-1;0;0.05000000819563866;0.023701289668679237;0.10281562060117722;96;4
C09;C09;Critico progressivo: Bebida ao volante;Critico;Critico;0.4739992409944534;0.4739992409944534;R1_NORMAL;38;73;36;1;57;19;1;0.31851473450660706;0.24472416937351227;0.15000438690185547;96;4
C09;C09;Critico progressivo: Bebida ao volante;Critico;Critico;0.4063412770628929;0.4063412770628929;R2_STABLE_RISK;38;73;36;1;59;21;0;0.05000000819563866;0.2438930720090866;0.12596984207630157;96;4
C09;C09;Critico progressivo: Bebida ao volante;Critico;Critico;0.47396222651004793;0.47396222651004793;R1_NORMAL;38;73;36;1;54;16;1;0.24817363917827606;0.2525104284286499;0.15472179651260376;96;4
C03;C03;Critico: Celular sem cinto sob chuva;Critico;Critico;0.3752959698438644;0.3752959698438644;R1_NORMAL;26;41;16;0;28;2;0;0.05000000819563866;0.187388613820076;0.14318081736564636;96;4
C06;C06;Critico progressivo: Fadiga noturna;Critico;Critico;0.41565429121255876;0.41565429121255876;R2_STABLE_RISK;36;81;46;1;58;22;0;0.05000000819563866;0.15509438514709473;0.11056369543075562;96;4
N01;N01;Normal: Viagem tranquila em rodovia;Normal;Normal;0.050000007078051564;0.050000007078051564;R3_FALSE_KIN;-1;-1;0;0;-1;-1;0;0.05000000819563866;0.026243679225444794;0.07687252014875412;96;4
C06;C06;Critico progressivo: Fadiga noturna;Critico;Critico;0.519276013970375;0.519276013970375;R2_STABLE_RISK;36;81;46;1;55;19;1;0.31457754969596863;0.15787850320339203;0.12085950374603271;96;4
C02;C02;Critico: Fadiga com desvio cinematico;Critico;Critico;0.39378328174352645;0.39378328174352645;R3_FALSE_KIN;29;50;22;0;32;3;0;0.05000000819563866;0.09442725032567978;0.1909083127975464;96;4
C01;C01;Critico: Celular em alta velocidade;Critico;Critico;0.5316009193658828;0.5316009193658828;R1_NORMAL;32;44;13;0;34;2;1;0.24497286975383759;0.1536288559436798;0.15130604803562164;96;4
N01;N01;Normal: Viagem tranquila em rodovia;Normal;Normal;0.050000007078051564;0.050000007078051564;R1_NORMAL;-1;-1;0;0;-1;-1;0;0.05000000819563866;0.037128884345293045;0.09379260987043381;96;4
N01;N01;Normal: Viagem tranquila em rodovia;Normal;Normal;0.050000007078051564;0.050000007078051564;R3_FALSE_KIN;-1;-1;0;0;-1;-1;0;0.05000000819563866;0.03156641498208046;0.0847313404083252;96;4
C02;C02;Critico: Fadiga com desvio cinematico;Critico;Critico;0.39378328174352645;0.39378328174352645;R3_FALSE_KIN;29;50;22;0;32;3;0;0.05000000819563866;0.09258831292390823;0.13308610022068024;96;4
C10;C10;Critico progressivo: Grooming em rodovia com fadiga;Critico;Critico;0.4463361591100693;0.4463361591100693;R1_NORMAL;40;81;42;1;63;23;1;0.3266892433166504;0.19978022575378418;0.10893509536981583;96;4
C02;C02;Critico: Fadiga com desvio cinematico;Critico;Critico;0.39378328174352645;0.39378328174352645;R1_NORMAL;29;50;22;0;32;3;0;0.05000000819563866;0.10051870346069336;0.09307605028152466;96;4
C08;C08;Critico progressivo: Distracao urbana multietapas;Critico;Critico;0.5134665876626968;0.5134665876626968;R1_NORMAL;28;77;50;1;49;21;1;0.2888907492160797;0.3206689655780792;0.1332346349954605;96;4
C08;C08;Critico progressivo: Distracao urbana multietapas;Critico;Critico;0.41339613199234004;0.41339613199234004;R1_NORMAL;28;77;50;1;60;32;0;0.05000000819563866;0.3089216649532318;0.1215415671467781;96;4
C05;C05;Critico progressivo: Celular em rodovia;Critico;Critico;0.38582440465688705;0.38582440465688705;R1_NORMAL;42;73;32;1;57;15;0;0.05000000819563866;0.31734931468963623;0.14463484287261963;96;4
C03;C03;Critico: Celular sem cinto sob chuva;Critico;Critico;0.3752959698438644;0.3752959698438644;R1_NORMAL;26;41;16;0;28;2;0;0.05000000819563866;0.18087761104106903;0.10899350792169571;96;4
N01;N01;Normal: Viagem tranquila em rodovia;Normal;Normal;0.050000007078051564;0.050000007078051564;R2_STABLE_RISK;-1;-1;0;0;-1;-1;0;0.05000000819563866;0.02936641313135624;0.14666472375392914;96;4
N03;N03;Normal: Noite estável;Normal;Normal;0.050000007078051564;0.050000007078051564;R3_FALSE_KIN;-1;-1;0;0;-1;-1;0;0.05000000819563866;0.036094244569540024;0.08261825144290924;96;4
N01;N01;Normal: Viagem tranquila em rodovia;Normal;Normal;0.050000007078051564;0.050000007078051564;R3_FALSE_KIN;-1;-1;0;0;-1;-1;0;0.05000000819563866;0.02506331540644169;0.07540479302406311;96;4
C09;C09;Critico progressivo: Bebida ao volante;Critico;Critico;0.4556732028722763;0.4556732028722763;R2_STABLE_RISK;38;73;36;1;58;20;1;0.2585233151912689;0.2528071403503418;0.17911969125270844;96;4
C01;C01;Critico: Celular em alta velocidade;Critico;Critico;0.5357183426618576;0.5357183426618576;R3_FALSE_KIN;32;44;13;0;34;2;1;0.26339560747146606;0.15380646288394928;0.17735986411571503;96;4
C10;C10;Critico progressivo: Grooming em rodovia com fadiga;Critico;Critico;0.42553190588951106;0.42553190588951106;R1_NORMAL;40;81;42;1;62;22;0;0.05000000819563866;0.1944384127855301;0.11745363473892212;96;4
C04;C04;Critico: Multiplas distracoes urbanas;Critico;Critico;0.3713889718055725;0.3713889718055725;R1_NORMAL;22;45;24;0;24;2;0;0.05000000819563866;0.19936664402484894;0.0986398234963417;96;4
C02;C02;Critico: Fadiga com desvio cinematico;Critico;Critico;0.39378328174352645;0.39378328174352645;R1_NORMAL;29;50;22;0;32;3;0;0.05000000819563866;0.09856418520212173;0.13485582172870636;96;4
N01;N01;Normal: Viagem tranquila em rodovia;Normal;Normal;0.050000007078051564;0.050000007078051564;R2_STABLE_RISK;-1;-1;0;0;-1;-1;0;0.05000000819563866;0.028493955731391907;0.09601449221372604;96;4
N01;N01;Normal: Viagem tranquila em rodovia;Normal;Normal;0.050000007078051564;0.050000007078051564;R3_FALSE_KIN;-1;-1;0;0;-1;-1;0;0.05000000819563866;0.030016489326953888;0.1071871742606163;96;4
C04;C04;Critico: Multiplas distracoes urbanas;Critico;Critico;0.5727115273475647;0.5727115273475647;R2_STABLE_RISK;22;45;24;0;24;2;1;0.2420373111963272;0.20884425938129425;0.236141636967659;96;4
C08;C08;Critico progressivo: Distracao urbana multietapas;Critico;Critico;0.49969379007816317;0.49969379007816317;R2_STABLE_RISK;28;77;50;1;53;25;1;0.2767048180103302;0.3231201171875;0.15182183682918549;96;4
C10;C10;Critico progressivo: Grooming em rodovia com fadiga;Critico;Critico;0.43705521821975707;0.43705521821975707;R2_STABLE_RISK;40;81;42;1;64;24;1;0.2996737062931061;0.20256204903125763;0.10667393356561661;96;4
C05;C05;Critico progressivo: Celular em rodovia;Critico;Critico;0.49241741895675656;0.49241741895675656;R1_NORMAL;42;73;32;1;56;14;1;0.24642802774906158;0.3155955970287323;0.1399661749601364;96;4
C10;C10;Critico progressivo: Grooming em rodovia com fadiga;Critico;Critico;0.43629726320505136;0.43629726320505136;R1_NORMAL;40;81;42;1;60;20;0;0.05000000819563866;0.20471306145191193;0.14182190597057343;96;4
C07;C07;Critico progressivo: Sem cinto sob chuva;Critico;Critico;0.4687958985567093;0.4687958985567093;R1_NORMAL;37;75;39;1;62;25;1;0.28792431950569153;0.37270355224609375;0.15266366302967072;96;4
C01;C01;Critico: Celular em alta velocidade;Critico;Critico;0.29102678298950196;0.29102678298950196;R1_NORMAL;32;44;13;0;34;2;0;0.05000000819563866;0.15046106278896332;0.08061918616294861;96;4
C06;C06;Critico progressivo: Fadiga noturna;Critico;Critico;0.4346223428845405;0.4346223428845405;R2_STABLE_RISK;36;81;46;1;61;25;0;0.05000000819563866;0.16405384242534637;0.09233955293893814;96;4
C05;C05;Critico progressivo: Celular em rodovia;Critico;Critico;0.3713276222348213;0.3713276222348213;R1_NORMAL;42;73;32;1;62;20;0;0.05000000819563866;0.30977746844291687;0.12869596481323242;96;4
C03;C03;Critico: Celular sem cinto sob chuva;Critico;Critico;0.3752959698438644;0.3752959698438644;R2_STABLE_RISK;26;41;16;0;28;2;0;0.05000000819563866;0.18741758167743683;0.12130796909332275;96;4
C07;C07;Critico progressivo: Sem cinto sob chuva;Critico;Critico;0.4029726430773735;0.4029726430773735;R2_STABLE_RISK;37;75;39;1;56;19;0;0.05000000819563866;0.38258346915245056;0.1220625638961792;96;4
C05;C05;Critico progressivo: Celular em rodovia;Critico;Critico;0.48258240520954127;0.48258240520954127;R3_FALSE_KIN;42;73;32;1;58;16;1;0.3143197000026703;0.31941741704940796;0.13465990126132965;96;4
C03;C03;Critico: Celular sem cinto sob chuva;Critico;Critico;0.3752959698438644;0.3752959698438644;R1_NORMAL;26;41;16;0;28;2;0;0.05000000819563866;0.18695110082626343;0.15548627078533173;96;4
C06;C06;Critico progressivo: Fadiga noturna;Critico;Critico;0.43950985223054884;0.43950985223054884;R3_FALSE_KIN;36;81;46;1;65;29;0;0.05000000819563866;0.15661972761154175;0.147827610373497;96;4
C07;C07;Critico progressivo: Sem cinto sob chuva;Critico;Critico;0.38421660810708996;0.38421660810708996;R1_NORMAL;37;75;39;1;57;20;0;0.05000000819563866;0.37100648880004883;0.12095621973276138;96;4
C07;C07;Critico progressivo: Sem cinto sob chuva;Critico;Critico;0.3937506541609764;0.3937506541609764;R1_NORMAL;37;75;39;1;57;20;0;0.05000000819563866;0.3808792531490326;0.11079568415880203;96;4
N01;N01;Normal: Viagem tranquila em rodovia;Normal;Normal;0.050000007078051564;0.050000007078051564;R2_STABLE_RISK;-1;-1;0;0;-1;-1;0;0.05000000819563866;0.02870076708495617;0.08917465060949326;96;4
C01;C01;Critico: Celular em alta velocidade;Critico;Critico;0.29102678298950196;0.29102678298950196;R2_STABLE_RISK;32;44;13;0;34;2;0;0.05000000819563866;0.15076221525669098;0.11804700642824173;96;4
C01;C01;Critico: Celular em alta velocidade;Critico;Critico;0.29102678298950196;0.29102678298950196;R1_NORMAL;32;44;13;0;34;2;0;0.05000000819563866;0.15358535945415497;0.09420029073953629;96;4
C03;C03;Critico: Celular sem cinto sob chuva;Critico;Critico;0.3752959698438644;0.3752959698438644;R1_NORMAL;26;41;16;0;28;2;0;0.05000000819563866;0.19571052491664886;0.11339229345321655;96;4
C01;C01;Critico: Celular em alta velocidade;Critico;Critico;0.29102678298950196;0.29102678298950196;R1_NORMAL;32;44;13;0;34;2;0;0.05000000819563866;0.15390507876873016;0.13885052502155304;96;4
C08;C08;Critico progressivo: Distracao urbana multietapas;Critico;Critico;0.4435333579778671;0.4435333579778671;R3_FALSE_KIN;28;77;50;1;50;22;0;0.05000000819563866;0.3193483054637909;0.1367923766374588;96;4
C01;C01;Critico: Celular em alta velocidade;Critico;Critico;0.29102678298950196;0.29102678298950196;R3_FALSE_KIN;32;44;13;0;34;2;0;0.05000000819563866;0.14949370920658112;0.08298815786838531;96;4
C07;C07;Critico progressivo: Sem cinto sob chuva;Critico;Critico;0.4782298475503921;0.4782298475503921;R1_NORMAL;37;75;39;1;56;19;1;0.2612769305706024;0.38229474425315857;0.15389782190322876;96;4
N03;N03;Normal: Noite estável;Normal;Normal;0.050000007078051564;0.050000007078051564;R1_NORMAL;-1;-1;0;0;-1;-1;0;0.05000000819563866;0.03623868525028229;0.10199262946844101;96;4
C07;C07;Critico progressivo: Sem cinto sob chuva;Critico;Critico;0.489333626627922;0.489333626627922;R1_NORMAL;37;75;39;1;59;22;1;0.2995729446411133;0.385852575302124;0.1340310126543045;96;4
C06;C06;Critico progressivo: Fadiga noturna;Critico;Critico;0.45564951598644254;0.45564951598644254;R1_NORMAL;36;81;46;1;61;25;1;0.31835317611694336;0.14693225920200348;0.13905058801174164;96;4
C09;C09;Critico progressivo: Bebida ao volante;Critico;Critico;0.42015327066183084;0.42015327066183084;R1_NORMAL;38;73;36;1;56;18;0;0.05000000819563866;0.2507810890674591;0.17349787056446075;96;4
C01;C01;Critico: Celular em alta velocidade;Critico;Critico;0.29102678298950196;0.29102678298950196;R1_NORMAL;32;44;13;0;34;2;0;0.05000000819563866;0.1576821506023407;0.1324228197336197;96;4
N01;N01;Normal: Viagem tranquila em rodovia;Normal;Normal;0.050000007078051564;0.050000007078051564;R1_NORMAL;-1;-1;0;0;-1;-1;0;0.05000000819563866;0.03315616771578789;0.09321093559265137;96;4
N03;N03;Normal: Noite estável;Normal;Normal;0.050000007078051564;0.050000007078051564;R2_STABLE_RISK;-1;-1;0;0;-1;-1;0;0.05000000819563866;0.02492181770503521;0.10472115129232407;96;4
N02;N02;Normal: Urbano moderado;Normal;Normal;0.050000007078051564;0.050000007078051564;R1_NORMAL;-1;-1;0;0;-1;-1;0;0.05000000819563866;0.029566742479801178;0.12913824617862701;96;4
C06;C06;Critico progressivo: Fadiga noturna;Critico;Critico;0.4696321994066238;0.4696321994066238;R3_FALSE_KIN;36;81;46;1;63;27;1;0.35401594638824463;0.1608542650938034;0.13918636739253998;96;4
N02;N02;Normal: Urbano moderado;Normal;Normal;0.050000007078051564;0.050000007078051564;R1_NORMAL;-1;-1;0;0;-1;-1;0;0.05000000819563866;0.027386022731661797;0.0917656347155571;96;4
C04;C04;Critico: Multiplas distracoes urbanas;Critico;Critico;0.5791555315256118;0.5791555315256118;R1_NORMAL;22;45;24;0;24;2;1;0.27054649591445923;0.20781689882278442;0.18453361093997955;96;4
N03;N03;Normal: Noite estável;Normal;Normal;0.050000007078051564;0.050000007078051564;R1_NORMAL;-1;-1;0;0;-1;-1;0;0.05000000819563866;0.03273309767246246;0.10767671465873718;96;4
C06;C06;Critico progressivo: Fadiga noturna;Critico;Critico;0.4328695222735405;0.4328695222735405;R1_NORMAL;36;81;46;1;61;25;0;0.05000000819563866;0.15854984521865845;0.11127980798482895;96;4
C10;C10;Critico progressivo: Grooming em rodovia com fadiga;Critico;Critico;0.39644688218832014;0.39644688218832014;R2_STABLE_RISK;40;81;42;1;60;20;0;0.05000000819563866;0.20004229247570038;0.13088609278202057;96;4
N02;N02;Normal: Urbano moderado;Normal;Normal;0.050000007078051564;0.050000007078051564;R1_NORMAL;-1;-1;0;0;-1;-1;0;0.05000000819563866;0.028837591409683228;0.08775892108678818;96;4
C04;C04;Critico: Multiplas distracoes urbanas;Critico;Critico;0.3713889718055725;0.3713889718055725;R1_NORMAL;22;45;24;0;24;2;0;0.05000000819563866;0.19727890193462372;0.16436022520065308;96;4
C07;C07;Critico progressivo: Sem cinto sob chuva;Critico;Critico;0.3934723734855652;0.3934723734855652;R2_STABLE_RISK;37;75;39;1;57;20;0;0.05000000819563866;0.38246288895606995;0.1667306274175644;96;4
N01;N01;Normal: Viagem tranquila em rodovia;Normal;Normal;0.050000007078051564;0.050000007078051564;R2_STABLE_RISK;-1;-1;0;0;-1;-1;0;0.05000000819563866;0.02633175253868103;0.11548159271478653;96;4
C04;C04;Critico: Multiplas distracoes urbanas;Critico;Critico;0.5696522146463394;0.5696522146463394;R1_NORMAL;22;45;24;0;24;2;1;0.2435740977525711;0.20917604863643646;0.1895986795425415;96;4
C09;C09;Critico progressivo: Bebida ao volante;Critico;Critico;0.490352863073349;0.490352863073349;R2_STABLE_RISK;38;73;36;1;56;18;1;0.30447113513946533;0.25231435894966125;0.16532640159130096;96;4
C04;C04;Critico: Multiplas distracoes urbanas;Critico;Critico;0.3713889718055725;0.3713889718055725;R3_FALSE_KIN;22;45;24;0;24;2;0;0.05000000819563866;0.19838058948516846;0.13499222695827484;96;4
C06;C06;Critico progressivo: Fadiga noturna;Critico;Critico;0.40892124027013776;0.40892124027013776;R2_STABLE_RISK;36;81;46;1;59;23;0;0.05000000819563866;0.1527951955795288;0.1410370171070099;96;4
C09;C09;Critico progressivo: Bebida ao volante;Critico;Critico;0.38049635142087934;0.38049635142087934;R3_FALSE_KIN;38;73;36;1;58;20;0;0.05000000819563866;0.2440534085035324;0.152424618601799;96;4
C04;C04;Critico: Multiplas distracoes urbanas;Critico;Critico;0.3713889718055725;0.3713889718055725;R2_STABLE_RISK;22;45;24;0;24;2;0;0.05000000819563866;0.19802750647068024;0.155251607298851;96;4
C08;C08;Critico progressivo: Distracao urbana multietapas;Critico;Critico;0.5181175559759139;0.5181175559759139;R3_FALSE_KIN;28;77;50;1;48;20;1;0.26247307658195496;0.32643142342567444;0.16814370453357697;96;4
C05;C05;Critico progressivo: Celular em rodovia;Critico;Critico;0.4549255639314651;0.4549255639314651;R1_NORMAL;42;73;32;1;61;19;1;0.2827928364276886;0.30989471077919006;0.17820625007152557;96;4
C10;C10;Critico progressivo: Grooming em rodovia com fadiga;Critico;Critico;0.43729936033487316;0.43729936033487316;R2_STABLE_RISK;40;81;42;1;64;24;0;0.05000000819563866;0.20271308720111847;0.1265764981508255;96;4
C04;C04;Critico: Multiplas distracoes urbanas;Critico;Critico;0.5706349521875381;0.5706349521875381;R1_NORMAL;22;45;24;0;24;2;1;0.22866283357143402;0.19903616607189178;0.1935569792985916;96;4
C05;C05;Critico progressivo: Celular em rodovia;Critico;Critico;0.37298031300306317;0.37298031300306317;R2_STABLE_RISK;42;73;32;1;57;15;0;0.05000000819563866;0.3214830160140991;0.1375042200088501;96;4
C02;C02;Critico: Fadiga com desvio cinematico;Critico;Critico;0.39378328174352645;0.39378328174352645;R1_NORMAL;29;50;22;0;32;3;0;0.05000000819563866;0.09292560815811157;0.0989164412021637;96;4
C07;C07;Critico progressivo: Sem cinto sob chuva;Critico;Critico;0.3840872928500175;0.3840872928500175;R2_STABLE_RISK;37;75;39;1;61;24;0;0.05000000819563866;0.36861085891723633;0.12332597374916077;96;4
C04;C04;Critico: Multiplas distracoes urbanas;Critico;Critico;0.5689489126205445;0.5689489126205445;R3_FALSE_KIN;22;45;24;0;24;2;1;0.26886656880378723;0.20509059727191925;0.20292584598064423;96;4
N03;N03;Normal: Noite estável;Normal;Normal;0.050000007078051564;0.050000007078051564;R1_NORMAL;-1;-1;0;0;-1;-1;0;0.05000000819563866;0.03214843571186066;0.10698632150888443;96;4
N02;N02;Normal: Urbano moderado;Normal;Normal;0.050000007078051564;0.050000007078051564;R1_NORMAL;-1;-1;0;0;-1;-1;0;0.05000000819563866;0.0335749052464962;0.1470397263765335;96;4
C10;C10;Critico progressivo: Grooming em rodovia com fadiga;Critico;Critico;0.42507575005292886;0.42507575005292886;R2_STABLE_RISK;40;81;42;1;63;23;0;0.05000000819563866;0.20360822975635529;0.08978281170129776;96;4
C03;C03;Critico: Celular sem cinto sob chuva;Critico;Critico;0.3752959698438644;0.3752959698438644;R1_NORMAL;26;41;16;0;28;2;0;0.05000000819563866;0.1823393553495407;0.14084365963935852;96;4
C01;C01;Critico: Celular em alta velocidade;Critico;Critico;0.29102678298950196;0.29102678298950196;R2_STABLE_RISK;32;44;13;0;34;2;0;0.05000000819563866;0.15484149754047394;0.09487414360046387;96;4
N03;N03;Normal: Noite estável;Normal;Normal;0.050000007078051564;0.050000007078051564;R1_NORMAL;-1;-1;0;0;-1;-1;0;0.05000000819563866;0.040338385850191116;0.10697297006845474;96;4
C05;C05;Critico progressivo: Celular em rodovia;Critico;Critico;0.39353476762771605;0.39353476762771605;R2_STABLE_RISK;42;73;32;1;61;19;0;0.05000000819563866;0.31224265694618225;0.10611038655042648;96;4
C09;C09;Critico progressivo: Bebida ao volante;Critico;Critico;0.4084639847278595;0.4084639847278595;R1_NORMAL;38;73;36;1;59;21;0;0.05000000819563866;0.25355663895606995;0.15185661613941193;96;4
C03;C03;Critico: Celular sem cinto sob chuva;Critico;Critico;0.6159671097993851;0.6159671097993851;R1_NORMAL;26;41;16;0;28;2;1;0.253208190202713;0.19109968841075897;0.20602338016033173;96;4
C02;C02;Critico: Fadiga com desvio cinematico;Critico;Critico;0.39378328174352645;0.39378328174352645;R2_STABLE_RISK;29;50;22;0;32;3;0;0.05000000819563866;0.09670128673315048;0.08521845191717148;96;4
N03;N03;Normal: Noite estável;Normal;Normal;0.050000007078051564;0.050000007078051564;R1_NORMAL;-1;-1;0;0;-1;-1;0;0.05000000819563866;0.03137039765715599;0.08427818864583969;96;4
C03;C03;Critico: Celular sem cinto sob chuva;Critico;Critico;0.3752959698438644;0.3752959698438644;R2_STABLE_RISK;26;41;16;0;28;2;0;0.05000000819563866;0.18353456258773804;0.1217171922326088;96;4
C09;C09;Critico progressivo: Bebida ao volante;Critico;Critico;0.4043455645442009;0.4043455645442009;R1_NORMAL;38;73;36;1;57;19;0;0.05000000819563866;0.2525300681591034;0.15644292533397675;96;4
N03;N03;Normal: Noite estável;Normal;Normal;0.050000007078051564;0.050000007078051564;R3_FALSE_KIN;-1;-1;0;0;-1;-1;0;0.05000000819563866;0.02613784372806549;0.10812288522720337;96;4
C03;C03;Critico: Celular sem cinto sob chuva;Critico;Critico;0.6042934864759445;0.6042934864759445;R3_FALSE_KIN;26;41;16;0;28;2;1;0.2227209061384201;0.19447998702526093;0.1607370376586914;96;4
C06;C06;Critico progressivo: Fadiga noturna;Critico;Critico;0.4743736833333969;0.4743736833333969;R2_STABLE_RISK;36;81;46;1;64;28;1;0.30949583649635315;0.15806971490383148;0.18003959953784943;96;4
C03;C03;Critico: Celular sem cinto sob chuva;Critico;Critico;0.3752959698438644;0.3752959698438644;R2_STABLE_RISK;26;41;16;0;28;2;0;0.05000000819563866;0.18759064376354218;0.13593913614749908;96;4
N02;N02;Normal: Urbano moderado;Normal;Normal;0.050000007078051564;0.050000007078051564;R2_STABLE_RISK;-1;-1;0;0;-1;-1;0;0.05000000819563866;0.029917487874627113;0.09214545041322708;96;4
C10;C10;Critico progressivo: Grooming em rodovia com fadiga;Critico;Critico;0.47081556022167204;0.47081556022167204;R2_STABLE_RISK;40;81;42;1;61;21;1;0.35604333877563477;0.19962668418884277;0.13288407027721405;96;4
N01;N01;Normal: Viagem tranquila em rodovia;Normal;Normal;0.050000007078051564;0.050000007078051564;R1_NORMAL;-1;-1;0;0;-1;-1;0;0.05000000819563866;0.032710276544094086;0.11759725958108902;96;4
C01;C01;Critico: Celular em alta velocidade;Critico;Critico;0.5272202849388121;0.5272202849388121;R2_STABLE_RISK;32;44;13;0;34;2;1;0.24660225212574005;0.159331277012825;0.2045445442199707;96;4
N01;N01;Normal: Viagem tranquila em rodovia;Normal;Normal;0.050000007078051564;0.050000007078051564;R1_NORMAL;-1;-1;0;0;-1;-1;0;0.05000000819563866;0.030429864302277565;0.08142996579408646;96;4
C03;C03;Critico: Celular sem cinto sob chuva;Critico;Critico;0.3752959698438644;0.3752959698438644;R2_STABLE_RISK;26;41;16;0;28;2;0;0.05000000819563866;0.18462832272052765;0.1298527866601944;96;4
C09;C09;Critico progressivo: Bebida ao volante;Critico;Critico;0.4159418478608131;0.4159418478608131;R1_NORMAL;38;73;36;1;58;20;0;0.05000000819563866;0.24863119423389435;0.174563467502594;96;4
C05;C05;Critico progressivo: Celular em rodovia;Critico;Critico;0.4028265371918678;0.4028265371918678;R1_NORMAL;42;73;32;1;58;16;0;0.05000000819563866;0.3192853033542633;0.13361497223377228;96;4
C07;C07;Critico progressivo: Sem cinto sob chuva;Critico;Critico;0.3974540218710899;0.3974540218710899;R1_NORMAL;37;75;39;1;57;20;0;0.05000000819563866;0.3844430446624756;0.11387208104133606;96;4
C01;C01;Critico: Celular em alta velocidade;Critico;Critico;0.29102678298950196;0.29102678298950196;R2_STABLE_RISK;32;44;13;0;34;2;0;0.05000000819563866;0.1537797898054123;0.09011882543563843;96;4
C06;C06;Critico progressivo: Fadiga noturna;Critico;Critico;0.47930918633937836;0.47930918633937836;R2_STABLE_RISK;36;81;46;1;58;22;1;0.3573492765426636;0.1633288711309433;0.10689761489629745;96;4
C08;C08;Critico progressivo: Distracao urbana multietapas;Critico;Critico;0.4335476413369178;0.4335476413369178;R2_STABLE_RISK;28;77;50;1;56;28;0;0.05000000819563866;0.3159372806549072;0.1599413901567459;96;4
C02;C02;Critico: Fadiga com desvio cinematico;Critico;Critico;0.39378328174352645;0.39378328174352645;R1_NORMAL;29;50;22;0;32;3;0;0.05000000819563866;0.0963735580444336;0.10742366313934326;96;4
C07;C07;Critico progressivo: Sem cinto sob chuva;Critico;Critico;0.4087799593806266;0.4087799593806266;R1_NORMAL;37;75;39;1;57;20;0;0.05000000819563866;0.38104191422462463;0.13238652050495148;96;4
C10;C10;Critico progressivo: Grooming em rodovia com fadiga;Critico;Critico;0.4201851025223732;0.4201851025223732;R2_STABLE_RISK;40;81;42;1;63;23;0;0.05000000819563866;0.19769591093063354;0.1191897913813591;96;4
C10;C10;Critico progressivo: Grooming em rodovia com fadiga;Critico;Critico;0.48373459875583646;0.48373459875583646;R1_NORMAL;40;81;42;1;61;21;1;0.31636694073677063;0.20622402429580688;0.14185626804828644;96;4
N02;N02;Normal: Urbano moderado;Normal;Normal;0.050000007078051564;0.050000007078051564;R1_NORMAL;-1;-1;0;0;-1;-1;0;0.05000000819563866;0.029991701245307922;0.06790197640657425;96;4
C06;C06;Critico progressivo: Fadiga noturna;Critico;Critico;0.44708112478256223;0.44708112478256223;R1_NORMAL;36;81;46;1;65;29;1;0.3463882505893707;0.15567611157894135;0.1102370023727417;96;4
N02;N02;Normal: Urbano moderado;Normal;Normal;0.050000007078051564;0.050000007078051564;R1_NORMAL;-1;-1;0;0;-1;-1;0;0.05000000819563866;0.03279710188508034;0.07597949355840683;96;4
C02;C02;Critico: Fadiga com desvio cinematico;Critico;Critico;0.39378328174352645;0.39378328174352645;R2_STABLE_RISK;29;50;22;0;32;3;0;0.05000000819563866;0.09170887619256973;0.12856678664684296;96;4
C04;C04;Critico: Multiplas distracoes urbanas;Critico;Critico;0.5639320880174636;0.5639320880174636;R2_STABLE_RISK;22;45;24;0;24;2;1;0.20320099592208862;0.197654128074646;0.21344976127147675;96;4
N03;N03;Normal: Noite estável;Normal;Normal;0.050000007078051564;0.050000007078051564;R1_NORMAL;-1;-1;0;0;-1;-1;0;0.05000000819563866;0.03238038718700409;0.09370613098144531;96;4
C02;C02;Critico: Fadiga com desvio cinematico;Critico;Critico;0.39378328174352645;0.39378328174352645;R2_STABLE_RISK;29;50;22;0;32;3;0;0.05000000819563866;0.10162713378667831;0.1111747995018959;96;4
C08;C08;Critico progressivo: Distracao urbana multietapas;Critico;Critico;0.538098868727684;0.538098868727684;R1_NORMAL;28;77;50;1;51;23;1;0.2946997582912445;0.3309575319290161;0.17205405235290527;96;4
N03;N03;Normal: Noite estável;Normal;Normal;0.050000007078051564;0.050000007078051564;R1_NORMAL;-1;-1;0;0;-1;-1;0;0.05000000819563866;0.0318787507712841;0.10517648607492447;96;4
C10;C10;Critico progressivo: Grooming em rodovia com fadiga;Critico;Critico;0.4399494260549545;0.4399494260549545;R2_STABLE_RISK;40;81;42;1;65;25;1;0.2955983579158783;0.19134144484996796;0.1202746257185936;96;4
C01;C01;Critico: Celular em alta velocidade;Critico;Critico;0.29102678298950196;0.29102678298950196;R2_STABLE_RISK;32;44;13;0;34;2;0;0.05000000819563866;0.15380991995334625;0.1263861209154129;96;4
C03;C03;Critico: Celular sem cinto sob chuva;Critico;Critico;0.6073034316301346;0.6073034316301346;R1_NORMAL;26;41;16;0;28;2;1;0.2147020548582077;0.18987466394901276;0.24084357917308807;96;4
C01;C01;Critico: Celular em alta velocidade;Critico;Critico;0.5252624332904816;0.5252624332904816;R1_NORMAL;32;44;13;0;34;2;1;0.21433980762958527;0.15919484198093414;0.19356369972229004;96;4
C08;C08;Critico progressivo: Distracao urbana multietapas;Critico;Critico;0.4413001611828804;0.4413001611828804;R1_NORMAL;28;77;50;1;59;31;0;0.05000000819563866;0.3062400817871094;0.18224699795246124;96;4
C01;C01;Critico: Celular em alta velocidade;Critico;Critico;0.5196440458297729;0.5196440458297729;R3_FALSE_KIN;32;44;13;0;34;2;1;0.19312997162342072;0.15312053263187408;0.17537321150302887;96;4
C01;C01;Critico: Celular em alta velocidade;Critico;Critico;0.5300212502479553;0.5300212502479553;R1_NORMAL;32;44;13;0;34;2;1;0.247002974152565;0.15598735213279724;0.18074172735214233;96;4
C10;C10;Critico progressivo: Grooming em rodovia com fadiga;Critico;Critico;0.4330025047063827;0.4330025047063827;R1_NORMAL;40;81;42;1;63;23;1;0.3030296862125397;0.19820153713226318;0.10054299235343933;96;4
C08;C08;Critico progressivo: Distracao urbana multietapas;Critico;Critico;0.4861241191625595;0.4861241191625595;R1_NORMAL;28;77;50;1;46;18;0;0.05000000819563866;0.32070794701576233;0.15752051770687103;96;4
C05;C05;Critico progressivo: Celular em rodovia;Critico;Critico;0.38770686537027355;0.38770686537027355;R3_FALSE_KIN;42;73;32;1;61;19;0;0.05000000819563866;0.308391809463501;0.0943310484290123;96;4
C04;C04;Critico: Multiplas distracoes urbanas;Critico;Critico;0.3713889718055725;0.3713889718055725;R2_STABLE_RISK;22;45;24;0;24;2;0;0.05000000819563866;0.2023659348487854;0.11826232820749283;96;4
N01;N01;Normal: Viagem tranquila em rodovia;Normal;Normal;0.050000007078051564;0.050000007078051564;R1_NORMAL;-1;-1;0;0;-1;-1;0;0.05000000819563866;0.025051793083548546;0.09209305047988892;96;4
C01;C01;Critico: Celular em alta velocidade;Critico;Critico;0.5310391694307327;0.5310391694307327;R1_NORMAL;32;44;13;0;34;2;1;0.2414425164461136;0.15528853237628937;0.1376716047525406;96;4
C07;C07;Critico progressivo: Sem cinto sob chuva;Critico;Critico;0.4151249900460243;0.4151249900460243;R2_STABLE_RISK;37;75;39;1;58;21;0;0.05000000819563866;0.37896034121513367;0.12609557807445526;96;4
C02;C02;Critico: Fadiga com desvio cinematico;Critico;Critico;0.39378328174352645;0.39378328174352645;R2_STABLE_RISK;29;50;22;0;32;3;0;0.05000000819563866;0.09670547395944595;0.0934840515255928;96;4
N03;N03;Normal: Noite estável;Normal;Normal;0.050000007078051564;0.050000007078051564;R2_STABLE_RISK;-1;-1;0;0;-1;-1;0;0.05000000819563866;0.02954627014696598;0.12759630382061005;96;4
C04;C04;Critico: Multiplas distracoes urbanas;Critico;Critico;0.3713889718055725;0.3713889718055725;R3_FALSE_KIN;22;45;24;0;24;2;0;0.05000000819563866;0.19623281061649323;0.14152315258979797;96;4
C03;C03;Critico: Celular sem cinto sob chuva;Critico;Critico;0.6109421163797377;0.6109421163797377;R2_STABLE_RISK;26;41;16;0;28;2;1;0.21244536340236664;0.18932487070560455;0.21615435183048248;96;4
C09;C09;Critico progressivo: Bebida ao volante;Critico;Critico;0.40530941039323803;0.40530941039323803;R3_FALSE_KIN;38;73;36;1;60;22;0;0.05000000819563866;0.24566799402236938;0.13773326575756073;96;4
C01;C01;Critico: Celular em alta velocidade;Critico;Critico;0.29102678298950196;0.29102678298950196;R3_FALSE_KIN;32;44;13;0;34;2;0;0.05000000819563866;0.14546740055084229;0.12000969797372818;96;4
N01;N01;Normal: Viagem tranquila em rodovia;Normal;Normal;0.050000007078051564;0.050000007078051564;R2_STABLE_RISK;-1;-1;0;0;-1;-1;0;0.05000000819563866;0.02566535957157612;0.0851752758026123;96;4
C07;C07;Critico progressivo: Sem cinto sob chuva;Critico;Critico;0.4151042208075523;0.4151042208075523;R2_STABLE_RISK;37;75;39;1;57;20;0;0.05000000819563866;0.3916732370853424;0.12151634693145752;96;4
C04;C04;Critico: Multiplas distracoes urbanas;Critico;Critico;0.3713889718055725;0.3713889718055725;R2_STABLE_RISK;22;45;24;0;24;2;0;0.05000000819563866;0.19981925189495087;0.1299138069152832;96;4
N03;N03;Normal: Noite estável;Normal;Normal;0.050000007078051564;0.050000007078051564;R1_NORMAL;-1;-1;0;0;-1;-1;0;0.05000000819563866;0.031293656677007675;0.12104868143796921;96;4
C02;C02;Critico: Fadiga com desvio cinematico;Critico;Critico;0.39378328174352645;0.39378328174352645;R3_FALSE_KIN;29;50;22;0;32;3;0;0.05000000819563866;0.09235918521881104;0.12683731317520142;96;4
N03;N03;Normal: Noite estável;Normal;Normal;0.050000007078051564;0.050000007078051564;R3_FALSE_KIN;-1;-1;0;0;-1;-1;0;0.05000000819563866;0.03303518518805504;0.14961813390254974;96;4
N03;N03;Normal: Noite estável;Normal;Normal;0.050000007078051564;0.050000007078051564;R2_STABLE_RISK;-1;-1;0;0;-1;-1;0;0.05000000819563866;0.03636104613542557;0.08705258369445801;96;4
C05;C05;Critico progressivo: Celular em rodovia;Critico;Critico;0.36706122010946274;0.36706122010946274;R1_NORMAL;42;73;32;1;61;19;0;0.05000000819563866;0.31921616196632385;0.11144647747278214;96;4
C06;C06;Critico progressivo: Fadiga noturna;Critico;Critico;0.45937135517597194;0.45937135517597194;R1_NORMAL;36;81;46;1;62;26;1;0.3579119145870209;0.1515769213438034;0.14950843155384064;96;4
N02;N02;Normal: Urbano moderado;Normal;Normal;0.050000007078051564;0.050000007078051564;R1_NORMAL;-1;-1;0;0;-1;-1;0;0.05000000819563866;0.020490849390625954;0.09001084417104721;96;4
C04;C04;Critico: Multiplas distracoes urbanas;Critico;Critico;0.559636840224266;0.559636840224266;R1_NORMAL;22;45;24;0;24;2;1;0.20240668952465057;0.20394830405712128;0.2011214643716812;96;4
N01;N01;Normal: Viagem tranquila em rodovia;Normal;Normal;0.050000007078051564;0.050000007078051564;R1_NORMAL;-1;-1;0;0;-1;-1;0;0.05000000819563866;0.03417140245437622;0.10352278500795364;96;4
C06;C06;Critico progressivo: Fadiga noturna;Critico;Critico;0.4732105165719986;0.4732105165719986;R3_FALSE_KIN;36;81;46;1;61;25;1;0.2865825891494751;0.1524251401424408;0.14694362878799438;96;4
C04;C04;Critico: Multiplas distracoes urbanas;Critico;Critico;0.3713889718055725;0.3713889718055725;R3_FALSE_KIN;22;45;24;0;24;2;0;0.05000000819563866;0.20255537331104279;0.13515271246433258;96;4
N02;N02;Normal: Urbano moderado;Normal;Normal;0.050000007078051564;0.050000007078051564;R3_FALSE_KIN;-1;-1;0;0;-1;-1;0;0.05000000819563866;0.032508932054042816;0.09411989897489548;96;4
N03;N03;Normal: Noite estável;Normal;Normal;0.050000007078051564;0.050000007078051564;R1_NORMAL;-1;-1;0;0;-1;-1;0;0.05000000819563866;0.032992299646139145;0.11447607725858688;96;4
C02;C02;Critico: Fadiga com desvio cinematico;Critico;Critico;0.5979861646890641;0.5979861646890641;R1_NORMAL;29;50;22;0;32;3;1;0.23085474967956543;0.09531069546937943;0.20322971045970917;96;4
C03;C03;Critico: Celular sem cinto sob chuva;Critico;Critico;0.3752959698438644;0.3752959698438644;R2_STABLE_RISK;26;41;16;0;28;2;0;0.05000000819563866;0.19074122607707977;0.12556792795658112;96;4
N03;N03;Normal: Noite estável;Normal;Normal;0.050000007078051564;0.050000007078051564;R2_STABLE_RISK;-1;-1;0;0;-1;-1;0;0.05000000819563866;0.031506896018981934;0.09336510300636292;96;4
C10;C10;Critico progressivo: Grooming em rodovia com fadiga;Critico;Critico;0.38178348988294597;0.38178348988294597;R3_FALSE_KIN;40;81;42;1;60;20;0;0.05000000819563866;0.19547323882579803;0.13197948038578033;96;4
C05;C05;Critico progressivo: Celular em rodovia;Critico;Critico;0.4514147132635117;0.4514147132635117;R2_STABLE_RISK;42;73;32;1;61;19;1;0.2546137273311615;0.3156602382659912;0.1409791260957718;96;4
C04;C04;Critico: Multiplas distracoes urbanas;Critico;Critico;0.3713889718055725;0.3713889718055725;R1_NORMAL;22;45;24;0;24;2;0;0.05000000819563866;0.20361214876174927;0.10901585966348648;96;4
C02;C02;Critico: Fadiga com desvio cinematico;Critico;Critico;0.39378328174352645;0.39378328174352645;R2_STABLE_RISK;29;50;22;0;32;3;0;0.05000000819563866;0.09649533778429031;0.09990298748016357;96;4
C09;C09;Critico progressivo: Bebida ao volante;Critico;Critico;0.3637993052601814;0.3637993052601814;R1_NORMAL;38;73;36;1;59;21;0;0.05000000819563866;0.2520880401134491;0.13082782924175262;96;4
C04;C04;Critico: Multiplas distracoes urbanas;Critico;Critico;0.3713889718055725;0.3713889718055725;R2_STABLE_RISK;22;45;24;0;24;2;0;0.05000000819563866;0.20663554966449738;0.14270544052124023;96;4
C05;C05;Critico progressivo: Celular em rodovia;Critico;Critico;0.3976940691471099;0.3976940691471099;R1_NORMAL;42;73;32;1;58;16;0;0.05000000819563866;0.32143813371658325;0.13012969493865967;96;4
C10;C10;Critico progressivo: Grooming em rodovia com fadiga;Critico;Critico;0.42943529933691027;0.42943529933691027;R1_NORMAL;40;81;42;1;64;24;0;0.05000000819563866;0.2061363011598587;0.10291603952646255;96;4
C03;C03;Critico: Celular sem cinto sob chuva;Critico;Critico;0.3752959698438644;0.3752959698438644;R2_STABLE_RISK;26;41;16;0;28;2;0;0.05000000819563866;0.18302305042743683;0.13666075468063354;96;4
C10;C10;Critico progressivo: Grooming em rodovia com fadiga;Critico;Critico;0.37199442386627196;0.37199442386627196;R3_FALSE_KIN;40;81;42;1;66;26;0;0.05000000819563866;0.19725628197193146;0.10664256662130356;96;4
C08;C08;Critico progressivo: Distracao urbana multietapas;Critico;Critico;0.45465960353612894;0.45465960353612894;R2_STABLE_RISK;28;77;50;1;58;30;0;0.05000000819563866;0.3224656879901886;0.1354987472295761;96;4
N01;N01;Normal: Viagem tranquila em rodovia;Normal;Normal;0.050000007078051564;0.050000007078051564;R2_STABLE_RISK;-1;-1;0;0;-1;-1;0;0.05000000819563866;0.028561679646372795;0.08326500654220581;96;4
N02;N02;Normal: Urbano moderado;Normal;Normal;0.050000007078051564;0.050000007078051564;R1_NORMAL;-1;-1;0;0;-1;-1;0;0.05000000819563866;0.03093343786895275;0.0927538201212883;96;4
C05;C05;Critico progressivo: Celular em rodovia;Critico;Critico;0.4773529976606369;0.4773529976606369;R2_STABLE_RISK;42;73;32;1;58;16;1;0.28833314776420593;0.321000337600708;0.14357350766658783;96;4
C04;C04;Critico: Multiplas distracoes urbanas;Critico;Critico;0.3713889718055725;0.3713889718055725;R1_NORMAL;22;45;24;0;24;2;0;0.05000000819563866;0.20296697318553925;0.15243075788021088;96;4
C04;C04;Critico: Multiplas distracoes urbanas;Critico;Critico;0.3713889718055725;0.3713889718055725;R1_NORMAL;22;45;24;0;24;2;0;0.05000000819563866;0.2033887654542923;0.1614760011434555;96;4
C02;C02;Critico: Fadiga com desvio cinematico;Critico;Critico;0.39378328174352645;0.39378328174352645;R3_FALSE_KIN;29;50;22;0;32;3;0;0.05000000819563866;0.09410686045885086;0.0985075831413269;96;4
N02;N02;Normal: Urbano moderado;Normal;Normal;0.050000007078051564;0.050000007078051564;R1_NORMAL;-1;-1;0;0;-1;-1;0;0.05000000819563866;0.03542790189385414;0.10518153756856918;96;4
C09;C09;Critico progressivo: Bebida ao volante;Critico;Critico;0.41517638713121413;0.41517638713121413;R2_STABLE_RISK;38;73;36;1;56;18;0;0.05000000819563866;0.25508859753608704;0.10715005546808243;96;4
C09;C09;Critico progressivo: Bebida ao volante;Critico;Critico;0.39790840148925777;0.39790840148925777;R2_STABLE_RISK;38;73;36;1;58;20;0;0.05000000819563866;0.244260773062706;0.132616326212883;96;4
C08;C08;Critico progressivo: Distracao urbana multietapas;Critico;Critico;0.4836530476808547;0.4836530476808547;R2_STABLE_RISK;28;77;50;1;55;27;1;0.26415184140205383;0.3112204372882843;0.13828112185001373;96;4
C07;C07;Critico progressivo: Sem cinto sob chuva;Critico;Critico;0.4010869577527046;0.4010869577527046;R1_NORMAL;37;75;39;1;58;21;0;0.05000000819563866;0.38398122787475586;0.13818909227848053;96;4
C02;C02;Critico: Fadiga com desvio cinematico;Critico;Critico;0.39378328174352645;0.39378328174352645;R3_FALSE_KIN;29;50;22;0;32;3;0;0.05000000819563866;0.10010973364114761;0.11174193769693375;96;4
C02;C02;Critico: Fadiga com desvio cinematico;Critico;Critico;0.39378328174352645;0.39378328174352645;R1_NORMAL;29;50;22;0;32;3;0;0.05000000819563866;0.10024746507406235;0.10925626754760742;96;4
C05;C05;Critico progressivo: Celular em rodovia;Critico;Critico;0.3989629104733467;0.3989629104733467;R1_NORMAL;42;73;32;1;58;16;0;0.05000000819563866;0.3182022273540497;0.12043920159339905;96;4
N01;N01;Normal: Viagem tranquila em rodovia;Normal;Normal;0.050000007078051564;0.050000007078051564;R2_STABLE_RISK;-1;-1;0;0;-1;-1;0;0.05000000819563866;0.033542003482580185;0.07482357323169708;96;4
C02;C02;Critico: Fadiga com desvio cinematico;Critico;Critico;0.602132973074913;0.602132973074913;R3_FALSE_KIN;29;50;22;0;32;3;1;0.25035586953163147;0.09994950145483017;0.14695529639720917;96;4
C02;C02;Critico: Fadiga com desvio cinematico;Critico;Critico;0.5962145537137984;0.5962145537137984;R2_STABLE_RISK;29;50;22;0;32;3;1;0.21983034908771515;0.10237971693277359;0.20355069637298584;96;4
C06;C06;Critico progressivo: Fadiga noturna;Critico;Critico;0.44197861701250074;0.44197861701250074;R2_STABLE_RISK;36;81;46;1;60;24;0;0.05000000819563866;0.15695716440677643;0.135265052318573;96;4
C03;C03;Critico: Celular sem cinto sob chuva;Critico;Critico;0.6124433368444442;0.6124433368444442;R2_STABLE_RISK;26;41;16;0;28;2;1;0.21090753376483917;0.1950412541627884;0.21072225272655487;96;4
C03;C03;Critico: Celular sem cinto sob chuva;Critico;Critico;0.6192266970872878;0.6192266970872878;R1_NORMAL;26;41;16;0;28;2;1;0.24348437786102295;0.1883167177438736;0.23464465141296387;96;4
C06;C06;Critico progressivo: Fadiga noturna;Critico;Critico;0.5002191424369812;0.5002191424369812;R1_NORMAL;36;81;46;1;58;22;1;0.30753153562545776;0.160161554813385;0.07498878985643387;96;4
C05;C05;Critico progressivo: Celular em rodovia;Critico;Critico;0.4775654822587967;0.4775654822587967;R2_STABLE_RISK;42;73;32;1;58;16;1;0.25663864612579346;0.31884315609931946;0.12899455428123474;96;4
N03;N03;Normal: Noite estável;Normal;Normal;0.050000007078051564;0.050000007078051564;R1_NORMAL;-1;-1;0;0;-1;-1;0;0.05000000819563866;0.035669077187776566;0.13579367101192474;96;4
C02;C02;Critico: Fadiga com desvio cinematico;Critico;Critico;0.5969607889652252;0.5969607889652252;R3_FALSE_KIN;29;50;22;0;32;3;1;0.223679319024086;0.09792434424161911;0.16245870292186737;96;4
C06;C06;Critico progressivo: Fadiga noturna;Critico;Critico;0.44920961856842034;0.44920961856842034;R1_NORMAL;36;81;46;1;58;22;0;0.05000000819563866;0.16237474977970123;0.09714259952306747;96;4
C03;C03;Critico: Celular sem cinto sob chuva;Critico;Critico;0.3752959698438644;0.3752959698438644;R2_STABLE_RISK;26;41;16;0;28;2;0;0.05000000819563866;0.1828128695487976;0.10742930322885513;96;4
C03;C03;Critico: Celular sem cinto sob chuva;Critico;Critico;0.6100232034921647;0.6100232034921647;R2_STABLE_RISK;26;41;16;0;28;2;1;0.23294614255428314;0.1927158385515213;0.16558320820331573;96;4
N02;N02;Normal: Urbano moderado;Normal;Normal;0.050000007078051564;0.050000007078051564;R1_NORMAL;-1;-1;0;0;-1;-1;0;0.05000000819563866;0.029248729348182678;0.10447662323713303;96;4
C08;C08;Critico progressivo: Distracao urbana multietapas;Critico;Critico;0.518691423535347;0.518691423535347;R3_FALSE_KIN;28;77;50;1;54;26;1;0.33613601326942444;0.3095897138118744;0.17408084869384766;96;4
C08;C08;Critico progressivo: Distracao urbana multietapas;Critico;Critico;0.45984646975994103;0.45984646975994103;R1_NORMAL;28;77;50;1;58;30;0;0.05000000819563866;0.31644341349601746;0.18248909711837769;96;4
C09;C09;Critico progressivo: Bebida ao volante;Critico;Critico;0.3921742677688599;0.3921742677688599;R1_NORMAL;38;73;36;1;59;21;0;0.05000000819563866;0.25025710463523865;0.15757015347480774;96;4
C02;C02;Critico: Fadiga com desvio cinematico;Critico;Critico;0.39378328174352645;0.39378328174352645;R1_NORMAL;29;50;22;0;32;3;0;0.05000000819563866;0.09854408353567123;0.12858231365680695;96;4
C01;C01;Critico: Celular em alta velocidade;Critico;Critico;0.5319725483655928;0.5319725483655928;R2_STABLE_RISK;32;44;13;0;34;2;1;0.2458217293024063;0.15724533796310425;0.14936946332454681;96;4
C08;C08;Critico progressivo: Distracao urbana multietapas;Critico;Critico;0.4268148496747017;0.4268148496747017;R1_NORMAL;28;77;50;1;53;25;0;0.05000000819563866;0.31437623500823975;0.12319882959127426;96;4
C03;C03;Critico: Celular sem cinto sob chuva;Critico;Critico;0.6063396722078322;0.6063396722078322;R1_NORMAL;26;41;16;0;28;2;1;0.24616672098636627;0.18617375195026398;0.21710310876369476;96;4
N01;N01;Normal: Viagem tranquila em rodovia;Normal;Normal;0.050000007078051564;0.050000007078051564;R1_NORMAL;-1;-1;0;0;-1;-1;0;0.05000000819563866;0.02842596173286438;0.15136146545410156;96;4
C10;C10;Critico progressivo: Grooming em rodovia com fadiga;Critico;Critico;0.4578103512525558;0.4578103512525558;R2_STABLE_RISK;40;81;42;1;62;22;1;0.2932627499103546;0.19882553815841675;0.13391822576522827;96;4
C02;C02;Critico: Fadiga com desvio cinematico;Critico;Critico;0.39378328174352645;0.39378328174352645;R2_STABLE_RISK;29;50;22;0;32;3;0;0.05000000819563866;0.10024663060903549;0.14501136541366577;96;4
C04;C04;Critico: Multiplas distracoes urbanas;Critico;Critico;0.5689162999391555;0.5689162999391555;R2_STABLE_RISK;22;45;24;0;24;2;1;0.2698805332183838;0.1966339349746704;0.16565315425395966;96;4
C01;C01;Critico: Celular em alta velocidade;Critico;Critico;0.29102678298950196;0.29102678298950196;R1_NORMAL;32;44;13;0;34;2;0;0.05000000819563866;0.15160511434078217;0.12471040338277817;96;4
C07;C07;Critico progressivo: Sem cinto sob chuva;Critico;Critico;0.4025662556290626;0.4025662556290626;R2_STABLE_RISK;37;75;39;1;58;21;0;0.05000000819563866;0.3823296129703522;0.10741269588470459;96;4
N02;N02;Normal: Urbano moderado;Normal;Normal;0.050000007078051564;0.050000007078051564;R1_NORMAL;-1;-1;0;0;-1;-1;0;0.05000000819563866;0.027664870023727417;0.0837334394454956;96;4
N02;N02;Normal: Urbano moderado;Normal;Normal;0.050000007078051564;0.050000007078051564;R2_STABLE_RISK;-1;-1;0;0;-1;-1;0;0.05000000819563866;0.032406680285930634;0.10798797011375427;96;4
C02;C02;Critico: Fadiga com desvio cinematico;Critico;Critico;0.6052020460367202;0.6052020460367202;R1_NORMAL;29;50;22;0;32;3;1;0.2682324945926666;0.09360116720199585;0.12406139820814133;96;4
C04;C04;Critico: Multiplas distracoes urbanas;Critico;Critico;0.5612039655447005;0.5612039655447005;R2_STABLE_RISK;22;45;24;0;24;2;1;0.258108526468277;0.19314663112163544;0.2623882293701172;96;4
C04;C04;Critico: Multiplas distracoes urbanas;Critico;Critico;0.3713889718055725;0.3713889718055725;R1_NORMAL;22;45;24;0;24;2;0;0.05000000819563866;0.2048078030347824;0.15619802474975586;96;4
C07;C07;Critico progressivo: Sem cinto sob chuva;Critico;Critico;0.4828076124191284;0.4828076124191284;R1_NORMAL;37;75;39;1;56;19;1;0.2791379690170288;0.37598106265068054;0.16323673725128174;96;4
C02;C02;Critico: Fadiga com desvio cinematico;Critico;Critico;0.5984689742326736;0.5984689742326736;R3_FALSE_KIN;29;50;22;0;32;3;1;0.23498357832431793;0.09691258519887924;0.18809908628463745;96;4
N02;N02;Normal: Urbano moderado;Normal;Normal;0.050000007078051564;0.050000007078051564;R2_STABLE_RISK;-1;-1;0;0;-1;-1;0;0.05000000819563866;0.03726096451282501;0.09066281467676163;96;4
C01;C01;Critico: Celular em alta velocidade;Critico;Critico;0.29102678298950196;0.29102678298950196;R2_STABLE_RISK;32;44;13;0;34;2;0;0.05000000819563866;0.15486516058444977;0.11528819054365158;96;4
C02;C02;Critico: Fadiga com desvio cinematico;Critico;Critico;0.39378328174352645;0.39378328174352645;R1_NORMAL;29;50;22;0;32;3;0;0.05000000819563866;0.09983059018850327;0.10844126343727112;96;4
N03;N03;Normal: Noite estável;Normal;Normal;0.050000007078051564;0.050000007078051564;R3_FALSE_KIN;-1;-1;0;0;-1;-1;0;0.05000000819563866;0.034749165177345276;0.1260734349489212;96;4
C09;C09;Critico progressivo: Bebida ao volante;Critico;Critico;0.4421930059790611;0.4421930059790611;R1_NORMAL;38;73;36;1;54;16;0;0.05000000819563866;0.2546539008617401;0.12811337411403656;96;4
C09;C09;Critico progressivo: Bebida ao volante;Critico;Critico;0.4962244629859924;0.4962244629859924;R1_NORMAL;38;73;36;1;56;18;1;0.2802756130695343;0.25340425968170166;0.16042129695415497;96;4
N01;N01;Normal: Viagem tranquila em rodovia;Normal;Normal;0.050000007078051564;0.050000007078051564;R1_NORMAL;-1;-1;0;0;-1;-1;0;0.05000000819563866;0.03576396033167839;0.07071100175380707;96;4
C02;C02;Critico: Fadiga com desvio cinematico;Critico;Critico;0.39378328174352645;0.39378328174352645;R1_NORMAL;29;50;22;0;32;3;0;0.05000000819563866;0.09818968921899796;0.1263236552476883;96;4
N03;N03;Normal: Noite estável;Normal;Normal;0.050000007078051564;0.050000007078051564;R3_FALSE_KIN;-1;-1;0;0;-1;-1;0;0.05000000819563866;0.03601519390940666;0.1164461299777031;96;4
C03;C03;Critico: Celular sem cinto sob chuva;Critico;Critico;0.3752959698438644;0.3752959698438644;R1_NORMAL;26;41;16;0;28;2;0;0.05000000819563866;0.18685317039489746;0.09625058621168137;96;4
C04;C04;Critico: Multiplas distracoes urbanas;Critico;Critico;0.3713889718055725;0.3713889718055725;R2_STABLE_RISK;22;45;24;0;24;2;0;0.05000000819563866;0.2150241583585739;0.14094023406505585;96;4
N03;N03;Normal: Noite estável;Normal;Normal;0.050000007078051564;0.050000007078051564;R2_STABLE_RISK;-1;-1;0;0;-1;-1;0;0.05000000819563866;0.031651586294174194;0.10250520706176758;96;4
C08;C08;Critico progressivo: Distracao urbana multietapas;Critico;Critico;0.4279974147677421;0.4279974147677421;R2_STABLE_RISK;28;77;50;1;55;27;0;0.05000000819563866;0.31842240691185;0.14492103457450867;96;4
N02;N02;Normal: Urbano moderado;Normal;Normal;0.050000007078051564;0.050000007078051564;R2_STABLE_RISK;-1;-1;0;0;-1;-1;0;0.05000000819563866;0.02934715710580349;0.07919806987047195;96;4
C07;C07;Critico progressivo: Sem cinto sob chuva;Critico;Critico;0.42982879430055615;0.42982879430055615;R2_STABLE_RISK;37;75;39;1;56;19;0;0.05000000819563866;0.3815852105617523;0.13327191770076752;96;4
C04;C04;Critico: Multiplas distracoes urbanas;Critico;Critico;0.3713889718055725;0.3713889718055725;R1_NORMAL;22;45;24;0;24;2;0;0.05000000819563866;0.20187091827392578;0.14270269870758057;96;4
N01;N01;Normal: Viagem tranquila em rodovia;Normal;Normal;0.050000007078051564;0.050000007078051564;R2_STABLE_RISK;-1;-1;0;0;-1;-1;0;0.05000000819563866;0.03327317163348198;0.10260552167892456;96;4
C05;C05;Critico progressivo: Celular em rodovia;Critico;Critico;0.3930515334010124;0.3930515334010124;R1_NORMAL;42;73;32;1;61;19;0;0.05000000819563866;0.31792017817497253;0.1548776775598526;96;4
C06;C06;Critico progressivo: Fadiga noturna;Critico;Critico;0.49643081128597255;0.49643081128597255;R2_STABLE_RISK;36;81;46;1;63;27;1;0.31714269518852234;0.1608581393957138;0.10118909925222397;96;4
C10;C10;Critico progressivo: Grooming em rodovia com fadiga;Critico;Critico;0.47108762860298153;0.47108762860298153;R1_NORMAL;40;81;42;1;65;25;1;0.3559674322605133;0.19485585391521454;0.11303061246871948;96;4
C03;C03;Critico: Celular sem cinto sob chuva;Critico;Critico;0.3752959698438644;0.3752959698438644;R1_NORMAL;26;41;16;0;28;2;0;0.05000000819563866;0.1839175820350647;0.09164104610681534;96;4
C09;C09;Critico progressivo: Bebida ao volante;Critico;Critico;0.49571473300457003;0.49571473300457003;R1_NORMAL;38;73;36;1;58;20;1;0.28696829080581665;0.25141024589538574;0.14093665778636932;96;4
C08;C08;Critico progressivo: Distracao urbana multietapas;Critico;Critico;0.4981761574745178;0.4981761574745178;R3_FALSE_KIN;28;77;50;1;50;22;1;0.28056207299232483;0.3207760155200958;0.1431870460510254;96;4
C02;C02;Critico: Fadiga com desvio cinematico;Critico;Critico;0.39378328174352645;0.39378328174352645;R2_STABLE_RISK;29;50;22;0;32;3;0;0.05000000819563866;0.092926025390625;0.09681099653244019;96;4
C02;C02;Critico: Fadiga com desvio cinematico;Critico;Critico;0.5936452478170395;0.5936452478170395;R3_FALSE_KIN;29;50;22;0;32;3;1;0.2546694874763489;0.10151199251413345;0.12867361307144165;96;4
C07;C07;Critico progressivo: Sem cinto sob chuva;Critico;Critico;0.3859231546521187;0.3859231546521187;R2_STABLE_RISK;37;75;39;1;57;20;0;0.05000000819563866;0.38063502311706543;0.1077466681599617;96;4
C02;C02;Critico: Fadiga com desvio cinematico;Critico;Critico;0.39378328174352645;0.39378328174352645;R3_FALSE_KIN;29;50;22;0;32;3;0;0.05000000819563866;0.09601530432701111;0.14517004787921906;96;4
C05;C05;Critico progressivo: Celular em rodovia;Critico;Critico;0.3863689735531807;0.3863689735531807;R2_STABLE_RISK;42;73;32;1;57;15;0;0.05000000819563866;0.3220425546169281;0.15677955746650696;96;4
C04;C04;Critico: Multiplas distracoes urbanas;Critico;Critico;0.3713889718055725;0.3713889718055725;R1_NORMAL;22;45;24;0;24;2;0;0.05000000819563866;0.20339162647724152;0.13501441478729248;96;4
C10;C10;Critico progressivo: Grooming em rodovia com fadiga;Critico;Critico;0.42976735085248946;0.42976735085248946;R3_FALSE_KIN;40;81;42;1;63;23;0;0.05000000819563866;0.20147240161895752;0.10258621722459793;96;4
C02;C02;Critico: Fadiga com desvio cinematico;Critico;Critico;0.39378328174352645;0.39378328174352645;R3_FALSE_KIN;29;50;22;0;32;3;0;0.05000000819563866;0.09219064563512802;0.12219948321580887;96;4
C08;C08;Critico progressivo: Distracao urbana multietapas;Critico;Critico;0.520252701640129;0.520252701640129;R2_STABLE_RISK;28;77;50;1;51;23;1;0.32581111788749695;0.3166865110397339;0.15397824347019196;96;4
N02;N02;Normal: Urbano moderado;Normal;Normal;0.050000007078051564;0.050000007078051564;R3_FALSE_KIN;-1;-1;0;0;-1;-1;0;0.05000000819563866;0.027091918513178825;0.12020490318536758;96;4
N03;N03;Normal: Noite estável;Normal;Normal;0.050000007078051564;0.050000007078051564;R3_FALSE_KIN;-1;-1;0;0;-1;-1;0;0.05000000819563866;0.027462026104331017;0.10453657060861588;96;4
C08;C08;Critico progressivo: Distracao urbana multietapas;Critico;Critico;0.4275751993060112;0.4275751993060112;R1_NORMAL;28;77;50;1;56;28;0;0.05000000819563866;0.31551623344421387;0.1440943479537964;96;4
N02;N02;Normal: Urbano moderado;Normal;Normal;0.050000007078051564;0.050000007078051564;R2_STABLE_RISK;-1;-1;0;0;-1;-1;0;0.05000000819563866;0.03567122668027878;0.12096657603979111;96;4
C01;C01;Critico: Celular em alta velocidade;Critico;Critico;0.29102678298950196;0.29102678298950196;R1_NORMAL;32;44;13;0;34;2;0;0.05000000819563866;0.15640729665756226;0.13592536747455597;96;4
C05;C05;Critico progressivo: Celular em rodovia;Critico;Critico;0.4534028857946396;0.4534028857946396;R1_NORMAL;42;73;32;1;60;18;1;0.30961307883262634;0.3197470009326935;0.10622081905603409;96;4
C05;C05;Critico progressivo: Celular em rodovia;Critico;Critico;0.3757525876164436;0.3757525876164436;R3_FALSE_KIN;42;73;32;1;58;16;0;0.05000000819563866;0.3162199556827545;0.14496804773807526;96;4
C06;C06;Critico progressivo: Fadiga noturna;Critico;Critico;0.434428621828556;0.434428621828556;R1_NORMAL;36;81;46;1;54;18;0;0.05000000819563866;0.16016001999378204;0.12604130804538727;96;4
C07;C07;Critico progressivo: Sem cinto sob chuva;Critico;Critico;0.48946267068386073;0.48946267068386073;R1_NORMAL;37;75;39;1;58;21;1;0.30719897150993347;0.3757024109363556;0.1761065572500229;96;4
C10;C10;Critico progressivo: Grooming em rodovia com fadiga;Critico;Critico;0.4284123733639717;0.4284123733639717;R1_NORMAL;40;81;42;1;61;21;0;0.05000000819563866;0.20391584932804108;0.11072549968957901;96;4
C04;C04;Critico: Multiplas distracoes urbanas;Critico;Critico;0.5717666357755661;0.5717666357755661;R1_NORMAL;22;45;24;0;24;2;1;0.23422574996948242;0.20663945376873016;0.19249583780765533;96;4
C06;C06;Critico progressivo: Fadiga noturna;Critico;Critico;0.4448050186038017;0.4448050186038017;R2_STABLE_RISK;36;81;46;1;62;26;0;0.05000000819563866;0.1554899662733078;0.14431409537792206;96;4
C05;C05;Critico progressivo: Celular em rodovia;Critico;Critico;0.3851187214255333;0.3851187214255333;R1_NORMAL;42;73;32;1;58;16;0;0.05000000819563866;0.3213716745376587;0.16296537220478058;96;4
N03;N03;Normal: Noite estável;Normal;Normal;0.050000007078051564;0.050000007078051564;R2_STABLE_RISK;-1;-1;0;0;-1;-1;0;0.05000000819563866;0.03009410761296749;0.082121342420578;96;4
C06;C06;Critico progressivo: Fadiga noturna;Critico;Critico;0.4274731531739235;0.4274731531739235;R2_STABLE_RISK;36;81;46;1;64;28;0;0.05000000819563866;0.1556808203458786;0.0799851045012474;96;4
N02;N02;Normal: Urbano moderado;Normal;Normal;0.050000007078051564;0.050000007078051564;R3_FALSE_KIN;-1;-1;0;0;-1;-1;0;0.05000000819563866;0.03533407673239708;0.1235761046409607;96;4
C03;C03;Critico: Celular sem cinto sob chuva;Critico;Critico;0.6228216350078583;0.6228216350078583;R1_NORMAL;26;41;16;0;28;2;1;0.27256789803504944;0.18721210956573486;0.1614672988653183;96;4
C04;C04;Critico: Multiplas distracoes urbanas;Critico;Critico;0.3713889718055725;0.3713889718055725;R2_STABLE_RISK;22;45;24;0;24;2;0;0.05000000819563866;0.19939522445201874;0.13999958336353302;96;4
C02;C02;Critico: Fadiga com desvio cinematico;Critico;Critico;0.6012546896934509;0.6012546896934509;R1_NORMAL;29;50;22;0;32;3;1;0.24582608044147491;0.10273417085409164;0.213621124625206;96;4
C01;C01;Critico: Celular em alta velocidade;Critico;Critico;0.29102678298950196;0.29102678298950196;R1_NORMAL;32;44;13;0;34;2;0;0.05000000819563866;0.15871550142765045;0.11342477798461914;96;4
C01;C01;Critico: Celular em alta velocidade;Critico;Critico;0.5325185686349868;0.5325185686349868;R1_NORMAL;32;44;13;0;34;2;1;0.2483832687139511;0.1588825136423111;0.20780111849308014;96;4
C09;C09;Critico progressivo: Bebida ao volante;Critico;Critico;0.3665761187672615;0.3665761187672615;R1_NORMAL;38;73;36;1;61;23;0;0.05000000819563866;0.2479952722787857;0.1263131946325302;96;4
C02;C02;Critico: Fadiga com desvio cinematico;Critico;Critico;0.39378328174352645;0.39378328174352645;R1_NORMAL;29;50;22;0;32;3;0;0.05000000819563866;0.09959849715232849;0.09418048709630966;96;4
C10;C10;Critico progressivo: Grooming em rodovia com fadiga;Critico;Critico;0.43869457393884653;0.43869457393884653;R2_STABLE_RISK;40;81;42;1;63;23;0;0.05000000819563866;0.19812650978565216;0.11918306350708008;96;4
N03;N03;Normal: Noite estável;Normal;Normal;0.050000007078051564;0.050000007078051564;R2_STABLE_RISK;-1;-1;0;0;-1;-1;0;0.05000000819563866;0.0348467193543911;0.07027067989110947;96;4
N01;N01;Normal: Viagem tranquila em rodovia;Normal;Normal;0.050000007078051564;0.050000007078051564;R3_FALSE_KIN;-1;-1;0;0;-1;-1;0;0.05000000819563866;0.032059650868177414;0.09448489546775818;96;4
C10;C10;Critico progressivo: Grooming em rodovia com fadiga;Critico;Critico;0.3967836856842041;0.3967836856842041;R3_FALSE_KIN;40;81;42;1;61;21;0;0.05000000819563866;0.21129079163074493;0.08996102958917618;96;4
C05;C05;Critico progressivo: Celular em rodovia;Critico;Critico;0.3750453650951385;0.3750453650951385;R3_FALSE_KIN;42;73;32;1;59;17;0;0.05000000819563866;0.31006941199302673;0.1578139364719391;96;4
C05;C05;Critico progressivo: Celular em rodovia;Critico;Critico;0.3901700034737587;0.3901700034737587;R2_STABLE_RISK;42;73;32;1;58;16;0;0.05000000819563866;0.317018061876297;0.1310594528913498;96;4
C10;C10;Critico progressivo: Grooming em rodovia com fadiga;Critico;Critico;0.46846569478511807;0.46846569478511807;R2_STABLE_RISK;40;81;42;1;62;22;1;0.3440763056278229;0.20371705293655396;0.18961317837238312;96;4
N01;N01;Normal: Viagem tranquila em rodovia;Normal;Normal;0.050000007078051564;0.050000007078051564;R1_NORMAL;-1;-1;0;0;-1;-1;0;0.05000000819563866;0.03154072165489197;0.1562747210264206;96;4
C03;C03;Critico: Celular sem cinto sob chuva;Critico;Critico;0.3752959698438644;0.3752959698438644;R3_FALSE_KIN;26;41;16;0;28;2;0;0.05000000819563866;0.18860916793346405;0.16410672664642334;96;4
C06;C06;Critico progressivo: Fadiga noturna;Critico;Critico;0.4710507124662399;0.4710507124662399;R2_STABLE_RISK;36;81;46;1;58;22;1;0.30819466710090637;0.16435255110263824;0.10757865756750107;96;4
C05;C05;Critico progressivo: Celular em rodovia;Critico;Critico;0.4528404980897903;0.4528404980897903;R1_NORMAL;42;73;32;1;61;19;1;0.25578340888023376;0.3165261447429657;0.18800939619541168;96;4
N03;N03;Normal: Noite estável;Normal;Normal;0.050000007078051564;0.050000007078051564;R2_STABLE_RISK;-1;-1;0;0;-1;-1;0;0.05000000819563866;0.02553020417690277;0.10915982723236084;96;4
C07;C07;Critico progressivo: Sem cinto sob chuva;Critico;Critico;0.4220198139548301;0.4220198139548301;R1_NORMAL;37;75;39;1;59;22;0;0.05000000819563866;0.3775247633457184;0.16214843094348907;96;4
C04;C04;Critico: Multiplas distracoes urbanas;Critico;Critico;0.3713889718055725;0.3713889718055725;R1_NORMAL;22;45;24;0;24;2;0;0.05000000819563866;0.20053236186504364;0.1082286462187767;96;4
N02;N02;Normal: Urbano moderado;Normal;Normal;0.050000007078051564;0.050000007078051564;R2_STABLE_RISK;-1;-1;0;0;-1;-1;0;0.05000000819563866;0.030995944514870644;0.08656200021505356;96;4
C05;C05;Critico progressivo: Celular em rodovia;Critico;Critico;0.37530864030122757;0.37530864030122757;R2_STABLE_RISK;42;73;32;1;61;19;0;0.05000000819563866;0.31180277466773987;0.15299130976200104;96;4
C02;C02;Critico: Fadiga com desvio cinematico;Critico;Critico;0.39378328174352645;0.39378328174352645;R2_STABLE_RISK;29;50;22;0;32;3;0;0.05000000819563866;0.095915287733078;0.13185913860797882;96;4
N01;N01;Normal: Viagem tranquila em rodovia;Normal;Normal;0.050000007078051564;0.050000007078051564;R1_NORMAL;-1;-1;0;0;-1;-1;0;0.05000000819563866;0.02576451003551483;0.12150353938341141;96;4
C05;C05;Critico progressivo: Celular em rodovia;Critico;Critico;0.49379405975341795;0.49379405975341795;R1_NORMAL;42;73;32;1;60;18;1;0.2488914579153061;0.3277551233768463;0.1224244013428688;96;4
C10;C10;Critico progressivo: Grooming em rodovia com fadiga;Critico;Critico;0.39680160284042354;0.39680160284042354;R2_STABLE_RISK;40;81;42;1;64;24;0;0.05000000819563866;0.19880540668964386;0.13894139230251312;96;4
C06;C06;Critico progressivo: Fadiga noturna;Critico;Critico;0.4882226854562759;0.4882226854562759;R1_NORMAL;36;81;46;1;61;25;1;0.36417531967163086;0.14822542667388916;0.10842105001211166;96;4
N01;N01;Normal: Viagem tranquila em rodovia;Normal;Normal;0.050000007078051564;0.050000007078051564;R1_NORMAL;-1;-1;0;0;-1;-1;0;0.05000000819563866;0.03424501046538353;0.10645163059234619;96;4
C07;C07;Critico progressivo: Sem cinto sob chuva;Critico;Critico;0.4741243809461594;0.4741243809461594;R2_STABLE_RISK;37;75;39;1;61;24;1;0.32417920231819153;0.3775438368320465;0.14934290945529938;96;4
C09;C09;Critico progressivo: Bebida ao volante;Critico;Critico;0.3909355148673057;0.3909355148673057;R1_NORMAL;38;73;36;1;55;17;0;0.05000000819563866;0.24605481326580048;0.1249159500002861;96;4
C04;C04;Critico: Multiplas distracoes urbanas;Critico;Critico;0.5646562933921814;0.5646562933921814;R2_STABLE_RISK;22;45;24;0;24;2;1;0.2109188288450241;0.20813213288784027;0.17618435621261597;96;4
N01;N01;Normal: Viagem tranquila em rodovia;Normal;Normal;0.050000007078051564;0.050000007078051564;R1_NORMAL;-1;-1;0;0;-1;-1;0;0.05000000819563866;0.037375662475824356;0.07820992171764374;96;4
N01;N01;Normal: Viagem tranquila em rodovia;Normal;Normal;0.050000007078051564;0.050000007078051564;R1_NORMAL;-1;-1;0;0;-1;-1;0;0.05000000819563866;0.028433477506041527;0.10073438286781311;96;4
C05;C05;Critico progressivo: Celular em rodovia;Critico;Critico;0.40074047446250916;0.40074047446250916;R1_NORMAL;42;73;32;1;59;17;0;0.05000000819563866;0.3133200705051422;0.1401638686656952;96;4
C04;C04;Critico: Multiplas distracoes urbanas;Critico;Critico;0.3713889718055725;0.3713889718055725;R2_STABLE_RISK;22;45;24;0;24;2;0;0.05000000819563866;0.21021294593811035;0.10512050241231918;96;4
N03;N03;Normal: Noite estável;Normal;Normal;0.050000007078051564;0.050000007078051564;R1_NORMAL;-1;-1;0;0;-1;-1;0;0.05000000819563866;0.031845349818468094;0.11573471873998642;96;4
C08;C08;Critico progressivo: Distracao urbana multietapas;Critico;Critico;0.5092915087938309;0.5092915087938309;R2_STABLE_RISK;28;77;50;1;54;26;1;0.30078423023223877;0.3143887221813202;0.14782249927520752;96;4
C08;C08;Critico progressivo: Distracao urbana multietapas;Critico;Critico;0.43024070709943774;0.43024070709943774;R1_NORMAL;28;77;50;1;59;31;0;0.05000000819563866;0.29884466528892517;0.1603040099143982;96;4
N01;N01;Normal: Viagem tranquila em rodovia;Normal;Normal;0.050000007078051564;0.050000007078051564;R1_NORMAL;-1;-1;0;0;-1;-1;0;0.05000000819563866;0.030367568135261536;0.11233190447092056;96;4
C01;C01;Critico: Celular em alta velocidade;Critico;Critico;0.5248311847448348;0.5248311847448348;R2_STABLE_RISK;32;44;13;0;34;2;1;0.2696543335914612;0.16074137389659882;0.20864272117614746;96;4
C01;C01;Critico: Celular em alta velocidade;Critico;Critico;0.5350424706935881;0.5350424706935881;R2_STABLE_RISK;32;44;13;0;34;2;1;0.26022469997406006;0.15730829536914825;0.15819799900054932;96;4
C04;C04;Critico: Multiplas distracoes urbanas;Critico;Critico;0.3713889718055725;0.3713889718055725;R2_STABLE_RISK;22;45;24;0;24;2;0;0.05000000819563866;0.20594702661037445;0.15502995252609253;96;4
C04;C04;Critico: Multiplas distracoes urbanas;Critico;Critico;0.3713889718055725;0.3713889718055725;R1_NORMAL;22;45;24;0;24;2;0;0.05000000819563866;0.20744679868221283;0.14888747036457062;96;4
C07;C07;Critico progressivo: Sem cinto sob chuva;Critico;Critico;0.4062881126999855;0.4062881126999855;R2_STABLE_RISK;37;75;39;1;61;24;0;0.05000000819563866;0.3797886371612549;0.13679133355617523;96;4
C08;C08;Critico progressivo: Distracao urbana multietapas;Critico;Critico;0.44473318308591836;0.44473318308591836;R2_STABLE_RISK;28;77;50;1;58;30;0;0.05000000819563866;0.31770774722099304;0.09078242629766464;96;4
C04;C04;Critico: Multiplas distracoes urbanas;Critico;Critico;0.3713889718055725;0.3713889718055725;R1_NORMAL;22;45;24;0;24;2;0;0.05000000819563866;0.20765574276447296;0.17183464765548706;96;4
C06;C06;Critico progressivo: Fadiga noturna;Critico;Critico;0.44151836037635805;0.44151836037635805;R1_NORMAL;36;81;46;1;63;27;0;0.05000000819563866;0.15891261398792267;0.10030171275138855;96;4
C10;C10;Critico progressivo: Grooming em rodovia com fadiga;Critico;Critico;0.4188473895192146;0.4188473895192146;R1_NORMAL;40;81;42;1;57;17;0;0.05000000819563866;0.20229293406009674;0.12972615659236908;96;4
C05;C05;Critico progressivo: Celular em rodovia;Critico;Critico;0.38906264305114746;0.38906264305114746;R2_STABLE_RISK;42;73;32;1;61;19;0;0.05000000819563866;0.31844690442085266;0.12684448063373566;96;4
C01;C01;Critico: Celular em alta velocidade;Critico;Critico;0.29102678298950196;0.29102678298950196;R2_STABLE_RISK;32;44;13;0;34;2;0;0.05000000819563866;0.16105137765407562;0.1553492546081543;96;4
C10;C10;Critico progressivo: Grooming em rodovia com fadiga;Critico;Critico;0.4228418469429016;0.4228418469429016;R2_STABLE_RISK;40;81;42;1;63;23;0;0.05000000819563866;0.20258359611034393;0.12567771971225739;96;4
C07;C07;Critico progressivo: Sem cinto sob chuva;Critico;Critico;0.4031083777546882;0.4031083777546882;R3_FALSE_KIN;37;75;39;1;61;24;0;0.05000000819563866;0.38065457344055176;0.11715316772460938;96;4
C09;C09;Critico progressivo: Bebida ao volante;Critico;Critico;0.46174145042896264;0.46174145042896264;R2_STABLE_RISK;38;73;36;1;57;19;1;0.28754177689552307;0.2518049478530884;0.19042204320430756;96;4
N03;N03;Normal: Noite estável;Normal;Normal;0.050000007078051564;0.050000007078051564;R3_FALSE_KIN;-1;-1;0;0;-1;-1;0;0.05000000819563866;0.033773358911275864;0.10744596272706985;96;4
C10;C10;Critico progressivo: Grooming em rodovia com fadiga;Critico;Critico;0.46462865769863126;0.46462865769863126;R2_STABLE_RISK;40;81;42;1;60;20;1;0.3107861280441284;0.2063790112733841;0.15273147821426392;96;4
C04;C04;Critico: Multiplas distracoes urbanas;Critico;Critico;0.3713889718055725;0.3713889718055725;R2_STABLE_RISK;22;45;24;0;24;2;0;0.05000000819563866;0.20562946796417236;0.17244046926498413;96;4
C10;C10;Critico progressivo: Grooming em rodovia com fadiga;Critico;Critico;0.4174863114953041;0.4174863114953041;R1_NORMAL;40;81;42;1;64;24;0;0.05000000819563866;0.20174114406108856;0.09314867854118347;96;4
C06;C06;Critico progressivo: Fadiga noturna;Critico;Critico;0.4309677258133888;0.4309677258133888;R1_NORMAL;36;81;46;1;59;23;0;0.05000000819563866;0.1622081995010376;0.13046012818813324;96;4
C01;C01;Critico: Celular em alta velocidade;Critico;Critico;0.29102678298950196;0.29102678298950196;R1_NORMAL;32;44;13;0;34;2;0;0.05000000819563866;0.15780873596668243;0.12696142494678497;96;4
N01;N01;Normal: Viagem tranquila em rodovia;Normal;Normal;0.050000007078051564;0.050000007078051564;R1_NORMAL;-1;-1;0;0;-1;-1;0;0.05000000819563866;0.029311129823327065;0.13495148718357086;96;4
C07;C07;Critico progressivo: Sem cinto sob chuva;Critico;Critico;0.4830180794000625;0.4830180794000625;R1_NORMAL;37;75;39;1;58;21;1;0.29167672991752625;0.3845500946044922;0.12217383831739426;96;4
C04;C04;Critico: Multiplas distracoes urbanas;Critico;Critico;0.3713889718055725;0.3713889718055725;R1_NORMAL;22;45;24;0;24;2;0;0.05000000819563866;0.2022579461336136;0.14276902377605438;96;4
C09;C09;Critico progressivo: Bebida ao volante;Critico;Critico;0.4024643167853355;0.4024643167853355;R3_FALSE_KIN;38;73;36;1;59;21;0;0.05000000819563866;0.2473432570695877;0.12946045398712158;96;4
C01;C01;Critico: Celular em alta velocidade;Critico;Critico;0.29102678298950196;0.29102678298950196;R1_NORMAL;32;44;13;0;34;2;0;0.05000000819563866;0.16331206262111664;0.10976455360651016;96;4
N01;N01;Normal: Viagem tranquila em rodovia;Normal;Normal;0.050000007078051564;0.050000007078051564;R1_NORMAL;-1;-1;0;0;-1;-1;0;0.05000000819563866;0.03444455936551094;0.09135650843381882;96;4
C03;C03;Critico: Celular sem cinto sob chuva;Critico;Critico;0.6186149001121521;0.6186149001121521;R1_NORMAL;26;41;16;0;28;2;1;0.2551339268684387;0.1929043084383011;0.19563744962215424;96;4
C04;C04;Critico: Multiplas distracoes urbanas;Critico;Critico;0.3713889718055725;0.3713889718055725;R1_NORMAL;22;45;24;0;24;2;0;0.05000000819563866;0.20123444497585297;0.1430101841688156;96;4
C08;C08;Critico progressivo: Distracao urbana multietapas;Critico;Critico;0.5201224952936172;0.5201224952936172;R1_NORMAL;28;77;50;1;50;22;1;0.31997013092041016;0.3227485418319702;0.13605837523937225;96;4
C05;C05;Critico progressivo: Celular em rodovia;Critico;Critico;0.3979025617241859;0.3979025617241859;R1_NORMAL;42;73;32;1;59;17;0;0.05000000819563866;0.31632253527641296;0.1617860347032547;96;4
N02;N02;Normal: Urbano moderado;Normal;Normal;0.050000007078051564;0.050000007078051564;R1_NORMAL;-1;-1;0;0;-1;-1;0;0.05000000819563866;0.03291456028819084;0.07052207738161087;96;4
C06;C06;Critico progressivo: Fadiga noturna;Critico;Critico;0.44502891451120374;0.44502891451120374;R1_NORMAL;36;81;46;1;59;23;0;0.05000000819563866;0.1561383605003357;0.11375892162322998;96;4
C01;C01;Critico: Celular em alta velocidade;Critico;Critico;0.29102678298950196;0.29102678298950196;R1_NORMAL;32;44;13;0;34;2;0;0.05000000819563866;0.15289486944675446;0.10309365391731262;96;4
C03;C03;Critico: Celular sem cinto sob chuva;Critico;Critico;0.3752959698438644;0.3752959698438644;R2_STABLE_RISK;26;41;16;0;28;2;0;0.05000000819563866;0.183496356010437;0.11580357700586319;96;4
C10;C10;Critico progressivo: Grooming em rodovia com fadiga;Critico;Critico;0.40393359065055845;0.40393359065055845;R1_NORMAL;40;81;42;1;62;22;0;0.05000000819563866;0.20277635753154755;0.1295185536146164;96;4
C04;C04;Critico: Multiplas distracoes urbanas;Critico;Critico;0.565956997871399;0.565956997871399;R2_STABLE_RISK;22;45;24;0;24;2;1;0.22054219245910645;0.20595420897006989;0.20688755810260773;96;4
C01;C01;Critico: Celular em alta velocidade;Critico;Critico;0.29102678298950196;0.29102678298950196;R2_STABLE_RISK;32;44;13;0;34;2;0;0.05000000819563866;0.15080690383911133;0.11144822090864182;96;4
C07;C07;Critico progressivo: Sem cinto sob chuva;Critico;Critico;0.4779591649770737;0.4779591649770737;R2_STABLE_RISK;37;75;39;1;59;22;1;0.2650972902774811;0.376361608505249;0.1725655049085617;96;4
C05;C05;Critico progressivo: Celular em rodovia;Critico;Critico;0.3723902598023414;0.3723902598023414;R3_FALSE_KIN;42;73;32;1;58;16;0;0.05000000819563866;0.3109222948551178;0.11332748085260391;96;4
C10;C10;Critico progressivo: Grooming em rodovia com fadiga;Critico;Critico;0.45078753829002377;0.45078753829002377;R1_NORMAL;40;81;42;1;61;21;1;0.3525587022304535;0.20857156813144684;0.10714906454086304;96;4
C09;C09;Critico progressivo: Bebida ao volante;Critico;Critico;0.4190828457474708;0.4190828457474708;R2_STABLE_RISK;38;73;36;1;56;18;0;0.05000000819563866;0.25426557660102844;0.1186479926109314;96;4
N03;N03;Normal: Noite estável;Normal;Normal;0.050000007078051564;0.050000007078051564;R2_STABLE_RISK;-1;-1;0;0;-1;-1;0;0.05000000819563866;0.029298042878508568;0.10591451078653336;96;4
N01;N01;Normal: Viagem tranquila em rodovia;Normal;Normal;0.050000007078051564;0.050000007078051564;R1_NORMAL;-1;-1;0;0;-1;-1;0;0.05000000819563866;0.03098895214498043;0.1289713978767395;96;4
C01;C01;Critico: Celular em alta velocidade;Critico;Critico;0.29102678298950196;0.29102678298950196;R2_STABLE_RISK;32;44;13;0;34;2;0;0.05000000819563866;0.15611815452575684;0.11220905929803848;96;4
C01;C01;Critico: Celular em alta velocidade;Critico;Critico;0.29102678298950196;0.29102678298950196;R1_NORMAL;32;44;13;0;34;2;0;0.05000000819563866;0.15352052450180054;0.1596657782793045;96;4
C02;C02;Critico: Fadiga com desvio cinematico;Critico;Critico;0.39378328174352645;0.39378328174352645;R2_STABLE_RISK;29;50;22;0;32;3;0;0.05000000819563866;0.0944063663482666;0.11914792656898499;96;4
N03;N03;Normal: Noite estável;Normal;Normal;0.050000007078051564;0.050000007078051564;R2_STABLE_RISK;-1;-1;0;0;-1;-1;0;0.05000000819563866;0.03238212689757347;0.08222237229347229;96;4
N01;N01;Normal: Viagem tranquila em rodovia;Normal;Normal;0.050000007078051564;0.050000007078051564;R2_STABLE_RISK;-1;-1;0;0;-1;-1;0;0.05000000819563866;0.030399778857827187;0.1182156577706337;96;4
N02;N02;Normal: Urbano moderado;Normal;Normal;0.050000007078051564;0.050000007078051564;R1_NORMAL;-1;-1;0;0;-1;-1;0;0.05000000819563866;0.03208935633301735;0.09615304321050644;96;4
C06;C06;Critico progressivo: Fadiga noturna;Critico;Critico;0.4184570729732513;0.4184570729732513;R3_FALSE_KIN;36;81;46;1;62;26;0;0.05000000819563866;0.16405178606510162;0.13093964755535126;96;4
N01;N01;Normal: Viagem tranquila em rodovia;Normal;Normal;0.050000007078051564;0.050000007078051564;R2_STABLE_RISK;-1;-1;0;0;-1;-1;0;0.05000000819563866;0.03121771477162838;0.10615301132202148;96;4
C01;C01;Critico: Celular em alta velocidade;Critico;Critico;0.29102678298950196;0.29102678298950196;R1_NORMAL;32;44;13;0;34;2;0;0.05000000819563866;0.1575825959444046;0.13554631173610687;96;4
C06;C06;Critico progressivo: Fadiga noturna;Critico;Critico;0.4257187470793724;0.4257187470793724;R3_FALSE_KIN;36;81;46;1;59;23;0;0.05000000819563866;0.16675765812397003;0.13409735262393951;96;4
C07;C07;Critico progressivo: Sem cinto sob chuva;Critico;Critico;0.43020928651094437;0.43020928651094437;R1_NORMAL;37;75;39;1;53;16;0;0.05000000819563866;0.38775911927223206;0.1526430994272232;96;4
C09;C09;Critico progressivo: Bebida ao volante;Critico;Critico;0.4876304119825363;0.4876304119825363;R1_NORMAL;38;73;36;1;56;18;1;0.25756457448005676;0.25393393635749817;0.15488430857658386;96;4
C03;C03;Critico: Celular sem cinto sob chuva;Critico;Critico;0.3752959698438644;0.3752959698438644;R2_STABLE_RISK;26;41;16;0;28;2;0;0.05000000819563866;0.182861328125;0.14336232841014862;96;4
C04;C04;Critico: Multiplas distracoes urbanas;Critico;Critico;0.5612003296613692;0.5612003296613692;R2_STABLE_RISK;22;45;24;0;24;2;1;0.21081729233264923;0.20548170804977417;0.21445517241954803;96;4
N02;N02;Normal: Urbano moderado;Normal;Normal;0.050000007078051564;0.050000007078051564;R2_STABLE_RISK;-1;-1;0;0;-1;-1;0;0.05000000819563866;0.029401367530226707;0.10556111484766006;96;4
C06;C06;Critico progressivo: Fadiga noturna;Critico;Critico;0.4642408490180969;0.4642408490180969;R2_STABLE_RISK;36;81;46;1;60;24;1;0.2877514064311981;0.1620355099439621;0.10161205381155014;96;4
C10;C10;Critico progressivo: Grooming em rodovia com fadiga;Critico;Critico;0.4404309496283531;0.4404309496283531;R2_STABLE_RISK;40;81;42;1;64;24;0;0.05000000819563866;0.2001527100801468;0.13052819669246674;96;4
