episodio_idx,Seed,config_id,Modelo,Tipo,Omissao,TTDef
0,42,baseline_fixed,LSTM-Baseline,Progressive,False,0.008700
1,42,baseline_fixed,LSTM-Baseline,Progressive,False,0.008700
2,42,baseline_fixed,LSTM-Baseline,Progressive,False,0.008700
3,42,baseline_fixed,LSTM-Baseline,Progressive,False,0.008700
4,42,baseline_fixed,LSTM-Baseline,Progressive,False,0.008700
5,42,baseline_fixed,LSTM-Baseline,Progressive,False,0.008700
6,42,baseline_fixed,LSTM-Baseline,Progressive,False,0.008700
7,42,baseline_fixed,LSTM-Baseline,Progressive,False,0.008700
8,42,baseline_fixed,LSTM-Baseline,Progressive,False,0.008700
9,42,baseline_fixed,LSTM-Baseline,Progressive,False,0.008700
10,42,baseline_fixed,LSTM-Baseline,Progressive,False,0.008700
11,42,baseline_fixed,LSTM-Baseline,Progressive,False,0.008700
12,42,baseline_fixed,LSTM-Baseline,Progressive,False,0.008700
13,42,baseline_fixed,LSTM-Baseline,Progressive,False,0.008700
14,42,baseline_fixed,LSTM-Baseline,Progressive,False,0.008700
15,42,baseline_fixed,LSTM-Baseline,Progressive,False,0.008700
16,42,baseline_fixed,LSTM-Baseline,Progressive,False,0.008700
17,42,baseline_fixed,LSTM-Baseline,Progressive,False,0.008700
18,42,baseline_fixed,LSTM-Baseline,Progressive,False,0.008700
19,42,baseline_fixed,LSTM-Baseline,Progressive,False,0.008700
20,42,baseline_fixed,LSTM-Baseline,Progressive,False,0.008700
21,42,baseline_fixed,LSTM-Baseline,Progressive,False,0.008700
22,42,baseline_fixed,LSTM-Baseline,Progressive,False,0.008700
23,42,baseline_fixed,LSTM-Baseline,Progressive,False,0.008700
24,42,baseline_fixed,LSTM-Baseline,Progressive,False,0.008700
25,42,baseline_fixed,LSTM-Baseline,Progressive,False,0.008700
26,42,baseline_fixed,LSTM-Baseline,Progressive,False,0.008700
27,42,baseline_fixed,LSTM-Baseline,Progressive,False,0.008700
28,42,baseline_fixed,LSTM-Baseline,Progressive,False,0.008700
29,42,baseline_fixed,LSTM-Baseline,Progressive,False,0.008700
30,42,baseline_fixed,LSTM-Baseline,Progressive,False,0.008700
31,42,baseline_fixed,LSTM-Baseline,Progressive,False,0.008700
32,42,baseline_fixed,LSTM-Baseline,Progressive,False,0.008700
33,42,baseline_fixed,LSTM-Baseline,Progressive,False,0.008700
34,42,baseline_fixed,LSTM-Baseline,Progressive,False,0.008700
35,42,baseline_fixed,LSTM-Baseline,Progressive,False,0.008700
36,42,baseline_fixed,LSTM-Baseline,Progressive,False,0.008700
37,42,baseline_fixed,LSTM-Baseline,Progressive,False,0.008700
38,42,baseline_fixed,LSTM-Baseline,Progressive,False,0.008700
39,42,baseline_fixed,LSTM-Baseline,Progressive,False,0.008700
40,42,baseline_fixed,LSTM-Baseline,Progressive,False,0.008700
41,42,baseline_fixed,LSTM-Baseline,Progressive,False,0.008700
42,42,baseline_fixed,LSTM-Baseline,Progressive,False,0.008700
43,42,baseline_fixed,LSTM-Baseline,Progressive,False,0.008700
44,42,baseline_fixed,LSTM-Baseline,Progressive,False,0.008700
45,42,baseline_fixed,LSTM-Baseline,Progressive,False,0.008700
46,42,baseline_fixed,LSTM-Baseline,Progressive,False,0.008700
47,42,baseline_fixed,LSTM-Baseline,Progressive,False,0.008700
48,42,baseline_fixed,LSTM-Baseline,Progressive,False,0.008700
49,42,baseline_fixed,LSTM-Baseline,Progressive,False,0.008700
50,42,baseline_fixed,LSTM-Baseline,Progressive,False,0.008700
51,42,baseline_fixed,LSTM-Baseline,Progressive,False,0.008700
52,42,baseline_fixed,LSTM-Baseline,Progressive,False,0.008700
53,42,baseline_fixed,LSTM-Baseline,Progressive,False,0.008700
54,42,baseline_fixed,LSTM-Baseline,Progressive,False,0.008700
55,42,baseline_fixed,LSTM-Baseline,Progressive,False,0.008700
56,42,baseline_fixed,LSTM-Baseline,Progressive,False,0.008700
57,42,baseline_fixed,LSTM-Baseline,Progressive,False,0.008700
58,42,baseline_fixed,LSTM-Baseline,Progressive,False,0.008700
59,42,baseline_fixed,LSTM-Baseline,Progressive,False,0.008700
60,42,baseline_fixed,LSTM-Baseline,Progressive,False,0.008700
61,42,baseline_fixed,LSTM-Baseline,Progressive,False,0.008700
62,42,baseline_fixed,LSTM-Baseline,Progressive,False,0.008700
63,42,baseline_fixed,LSTM-Baseline,Progressive,False,0.008700
64,42,baseline_fixed,LSTM-Baseline,Progressive,False,0.008700
65,42,baseline_fixed,LSTM-Baseline,Progressive,False,0.008700
66,42,baseline_fixed,LSTM-Baseline,Progressive,False,0.008700
67,42,baseline_fixed,LSTM-Baseline,Progressive,False,0.008700
68,42,baseline_fixed,LSTM-Baseline,Progressive,False,0.008700
69,42,baseline_fixed,LSTM-Baseline,Progressive,False,0.008700
70,42,baseline_fixed,LSTM-Baseline,Progressive,False,0.008700
71,42,baseline_fixed,LSTM-Baseline,Progressive,False,0.008700
72,42,baseline_fixed,LSTM-Baseline,Abrupt,False,0.193100
73,42,baseline_fixed,LSTM-Baseline,Abrupt,False,0.193100
74,42,baseline_fixed,LSTM-Baseline,Abrupt,False,0.193100
75,42,baseline_fixed,LSTM-Baseline,Abrupt,False,0.193100
76,42,baseline_fixed,LSTM-Baseline,Abrupt,False,0.193100
77,42,baseline_fixed,LSTM-Baseline,Abrupt,False,0.193100
78,42,baseline_fixed,LSTM-Baseline,Abrupt,False,0.193100
79,42,baseline_fixed,LSTM-Baseline,Abrupt,False,0.193100
80,42,baseline_fixed,LSTM-Baseline,Abrupt,False,0.193100
81,42,baseline_fixed,LSTM-Baseline,Abrupt,False,0.193100
82,42,baseline_fixed,LSTM-Baseline,Abrupt,False,0.193100
83,42,baseline_fixed,LSTM-Baseline,Abrupt,False,0.193100
84,42,baseline_fixed,LSTM-Baseline,Abrupt,False,0.193100
85,42,baseline_fixed,LSTM-Baseline,Abrupt,False,0.193100
86,42,baseline_fixed,LSTM-Baseline,Abrupt,False,0.193100
87,42,baseline_fixed,LSTM-Baseline,Abrupt,False,0.193100
88,42,baseline_fixed,LSTM-Baseline,Abrupt,False,0.193100
89,42,baseline_fixed,LSTM-Baseline,Abrupt,False,0.193100
90,42,baseline_fixed,LSTM-Baseline,Abrupt,False,0.193100
91,42,baseline_fixed,LSTM-Baseline,Abrupt,False,0.193100
92,42,baseline_fixed,LSTM-Baseline,Abrupt,False,0.193100
93,42,baseline_fixed,LSTM-Baseline,Abrupt,False,0.193100
94,42,baseline_fixed,LSTM-Baseline,Abrupt,False,0.193100
95,42,baseline_fixed,LSTM-Baseline,Abrupt,False,0.193100
96,42,baseline_fixed,LSTM-Baseline,Abrupt,False,0.193100
97,42,baseline_fixed,LSTM-Baseline,Abrupt,False,0.193100
98,42,baseline_fixed,LSTM-Baseline,Abrupt,False,0.193100
99,42,baseline_fixed,LSTM-Baseline,Abrupt,False,0.193100
100,42,baseline_fixed,LSTM-Baseline,Abrupt,False,0.193100
101,42,baseline_fixed,LSTM-Baseline,Abrupt,False,0.193100
102,42,baseline_fixed,LSTM-Baseline,Abrupt,False,0.193100
103,42,baseline_fixed,LSTM-Baseline,Abrupt,False,0.193100
104,42,baseline_fixed,LSTM-Baseline,Abrupt,False,0.193100
105,42,baseline_fixed,LSTM-Baseline,Abrupt,False,0.193100
106,42,baseline_fixed,LSTM-Baseline,Abrupt,False,0.193100
107,42,baseline_fixed,LSTM-Baseline,Abrupt,False,0.193100
108,42,baseline_fixed,LSTM-Baseline,Abrupt,False,0.193100
109,42,baseline_fixed,LSTM-Baseline,Abrupt,False,0.193100
110,42,baseline_fixed,LSTM-Baseline,Abrupt,False,0.193100
111,42,baseline_fixed,LSTM-Baseline,Abrupt,False,0.193100
112,42,baseline_fixed,LSTM-Baseline,Abrupt,False,0.193100
113,42,baseline_fixed,LSTM-Baseline,Abrupt,False,0.193100
114,42,baseline_fixed,LSTM-Baseline,Abrupt,False,0.193100
115,42,baseline_fixed,LSTM-Baseline,Abrupt,False,0.193100
116,42,baseline_fixed,LSTM-Baseline,Abrupt,False,0.193100
117,42,baseline_fixed,LSTM-Baseline,Abrupt,False,0.193100
118,42,baseline_fixed,LSTM-Baseline,Abrupt,False,0.193100
119,42,baseline_fixed,LSTM-Baseline,Abrupt,False,0.193100
120,42,baseline_hybrid,Baseline+Gating,Progressive,False,0.008700
121,42,baseline_hybrid,Baseline+Gating,Progressive,False,0.008700
122,42,baseline_hybrid,Baseline+Gating,Progressive,False,0.008700
123,42,baseline_hybrid,Baseline+Gating,Progressive,False,0.008700
124,42,baseline_hybrid,Baseline+Gating,Progressive,False,0.008700
125,42,baseline_hybrid,Baseline+Gating,Progressive,False,0.008700
126,42,baseline_hybrid,Baseline+Gating,Progressive,False,0.008700
127,42,baseline_hybrid,Baseline+Gating,Progressive,False,0.008700
128,42,baseline_hybrid,Baseline+Gating,Progressive,False,0.008700
129,42,baseline_hybrid,Baseline+Gating,Progressive,False,0.008700
130,42,baseline_hybrid,Baseline+Gating,Progressive,False,0.008700
131,42,baseline_hybrid,Baseline+Gating,Progressive,False,0.008700
132,42,baseline_hybrid,Baseline+Gating,Progressive,False,0.008700
133,42,baseline_hybrid,Baseline+Gating,Progressive,False,0.008700
134,42,baseline_hybrid,Baseline+Gating,Progressive,False,0.008700
135,42,baseline_hybrid,Baseline+Gating,Progressive,False,0.008700
136,42,baseline_hybrid,Baseline+Gating,Progressive,False,0.008700
137,42,baseline_hybrid,Baseline+Gating,Progressive,False,0.008700
138,42,baseline_hybrid,Baseline+Gating,Progressive,False,0.008700
139,42,baseline_hybrid,Baseline+Gating,Progressive,False,0.008700
140,42,baseline_hybrid,Baseline+Gating,Progressive,False,0.008700
141,42,baseline_hybrid,Baseline+Gating,Progressive,False,0.008700
142,42,baseline_hybrid,Baseline+Gating,Progressive,False,0.008700
143,42,baseline_hybrid,Baseline+Gating,Progressive,False,0.008700
144,42,baseline_hybrid,Baseline+Gating,Progressive,False,0.008700
145,42,baseline_hybrid,Baseline+Gating,Progressive,False,0.008700
146,42,baseline_hybrid,Baseline+Gating,Progressive,False,0.008700
147,42,baseline_hybrid,Baseline+Gating,Progressive,False,0.008700
148,42,baseline_hybrid,Baseline+Gating,Progressive,False,0.008700
149,42,baseline_hybrid,Baseline+Gating,Progressive,False,0.008700
150,42,baseline_hybrid,Baseline+Gating,Progressive,False,0.008700
151,42,baseline_hybrid,Baseline+Gating,Progressive,False,0.008700
152,42,baseline_hybrid,Baseline+Gating,Progressive,False,0.008700
153,42,baseline_hybrid,Baseline+Gating,Progressive,False,0.008700
154,42,baseline_hybrid,Baseline+Gating,Progressive,False,0.008700
155,42,baseline_hybrid,Baseline+Gating,Progressive,False,0.008700
156,42,baseline_hybrid,Baseline+Gating,Progressive,False,0.008700
157,42,baseline_hybrid,Baseline+Gating,Progressive,False,0.008700
158,42,baseline_hybrid,Baseline+Gating,Progressive,False,0.008700
159,42,baseline_hybrid,Baseline+Gating,Progressive,False,0.008700
160,42,baseline_hybrid,Baseline+Gating,Progressive,False,0.008700
161,42,baseline_hybrid,Baseline+Gating,Progressive,False,0.008700
162,42,baseline_hybrid,Baseline+Gating,Progressive,False,0.008700
163,42,baseline_hybrid,Baseline+Gating,Progressive,False,0.008700
164,42,baseline_hybrid,Baseline+Gating,Progressive,False,0.008700
165,42,baseline_hybrid,Baseline+Gating,Progressive,False,0.008700
166,42,baseline_hybrid,Baseline+Gating,Progressive,False,0.008700
167,42,baseline_hybrid,Baseline+Gating,Progressive,False,0.008700
168,42,baseline_hybrid,Baseline+Gating,Progressive,False,0.008700
169,42,baseline_hybrid,Baseline+Gating,Progressive,False,0.008700
170,42,baseline_hybrid,Baseline+Gating,Progressive,False,0.008700
171,42,baseline_hybrid,Baseline+Gating,Progressive,False,0.008700
172,42,baseline_hybrid,Baseline+Gating,Progressive,False,0.008700
173,42,baseline_hybrid,Baseline+Gating,Progressive,False,0.008700
174,42,baseline_hybrid,Baseline+Gating,Progressive,False,0.008700
175,42,baseline_hybrid,Baseline+Gating,Progressive,False,0.008700
176,42,baseline_hybrid,Baseline+Gating,Progressive,False,0.008700
177,42,baseline_hybrid,Baseline+Gating,Progressive,False,0.008700
178,42,baseline_hybrid,Baseline+Gating,Progressive,False,0.008700
179,42,baseline_hybrid,Baseline+Gating,Progressive,False,0.008700
180,42,baseline_hybrid,Baseline+Gating,Progressive,False,0.008700
181,42,baseline_hybrid,Baseline+Gating,Progressive,False,0.008700
182,42,baseline_hybrid,Baseline+Gating,Progressive,False,0.008700
183,42,baseline_hybrid,Baseline+Gating,Progressive,False,0.008700
184,42,baseline_hybrid,Baseline+Gating,Progressive,False,0.008700
185,42,baseline_hybrid,Baseline+Gating,Progressive,False,0.008700
186,42,baseline_hybrid,Baseline+Gating,Progressive,False,0.008700
187,42,baseline_hybrid,Baseline+Gating,Progressive,False,0.008700
188,42,baseline_hybrid,Baseline+Gating,Progressive,False,0.008700
189,42,baseline_hybrid,Baseline+Gating,Progressive,False,0.008700
190,42,baseline_hybrid,Baseline+Gating,Progressive,False,0.008700
191,42,baseline_hybrid,Baseline+Gating,Progressive,False,0.008700
192,42,baseline_hybrid,Baseline+Gating,Abrupt,False,0.193100
193,42,baseline_hybrid,Baseline+Gating,Abrupt,False,0.193100
194,42,baseline_hybrid,Baseline+Gating,Abrupt,False,0.193100
195,42,baseline_hybrid,Baseline+Gating,Abrupt,False,0.193100
196,42,baseline_hybrid,Baseline+Gating,Abrupt,False,0.193100
197,42,baseline_hybrid,Baseline+Gating,Abrupt,False,0.193100
198,42,baseline_hybrid,Baseline+Gating,Abrupt,False,0.193100
199,42,baseline_hybrid,Baseline+Gating,Abrupt,False,0.193100
200,42,baseline_hybrid,Baseline+Gating,Abrupt,False,0.193100
201,42,baseline_hybrid,Baseline+Gating,Abrupt,False,0.193100
202,42,baseline_hybrid,Baseline+Gating,Abrupt,False,0.193100
203,42,baseline_hybrid,Baseline+Gating,Abrupt,False,0.193100
204,42,baseline_hybrid,Baseline+Gating,Abrupt,False,0.193100
205,42,baseline_hybrid,Baseline+Gating,Abrupt,False,0.193100
206,42,baseline_hybrid,Baseline+Gating,Abrupt,False,0.193100
207,42,baseline_hybrid,Baseline+Gating,Abrupt,False,0.193100
208,42,baseline_hybrid,Baseline+Gating,Abrupt,False,0.193100
209,42,baseline_hybrid,Baseline+Gating,Abrupt,False,0.193100
210,42,baseline_hybrid,Baseline+Gating,Abrupt,False,0.193100
211,42,baseline_hybrid,Baseline+Gating,Abrupt,False,0.193100
212,42,baseline_hybrid,Baseline+Gating,Abrupt,False,0.193100
213,42,baseline_hybrid,Baseline+Gating,Abrupt,False,0.193100
214,42,baseline_hybrid,Baseline+Gating,Abrupt,False,0.193100
215,42,baseline_hybrid,Baseline+Gating,Abrupt,False,0.193100
216,42,baseline_hybrid,Baseline+Gating,Abrupt,False,0.193100
217,42,baseline_hybrid,Baseline+Gating,Abrupt,False,0.193100
218,42,baseline_hybrid,Baseline+Gating,Abrupt,False,0.193100
219,42,baseline_hybrid,Baseline+Gating,Abrupt,False,0.193100
220,42,baseline_hybrid,Baseline+Gating,Abrupt,False,0.193100
221,42,baseline_hybrid,Baseline+Gating,Abrupt,False,0.193100
222,42,baseline_hybrid,Baseline+Gating,Abrupt,False,0.193100
223,42,baseline_hybrid,Baseline+Gating,Abrupt,False,0.193100
224,42,baseline_hybrid,Baseline+Gating,Abrupt,False,0.193100
225,42,baseline_hybrid,Baseline+Gating,Abrupt,False,0.193100
226,42,baseline_hybrid,Baseline+Gating,Abrupt,False,0.193100
227,42,baseline_hybrid,Baseline+Gating,Abrupt,False,0.193100
228,42,baseline_hybrid,Baseline+Gating,Abrupt,False,0.193100
229,42,baseline_hybrid,Baseline+Gating,Abrupt,False,0.193100
230,42,baseline_hybrid,Baseline+Gating,Abrupt,False,0.193100
231,42,baseline_hybrid,Baseline+Gating,Abrupt,False,0.193100
232,42,baseline_hybrid,Baseline+Gating,Abrupt,False,0.193100
233,42,baseline_hybrid,Baseline+Gating,Abrupt,False,0.193100
234,42,baseline_hybrid,Baseline+Gating,Abrupt,False,0.193100
235,42,baseline_hybrid,Baseline+Gating,Abrupt,False,0.193100
236,42,baseline_hybrid,Baseline+Gating,Abrupt,False,0.193100
237,42,baseline_hybrid,Baseline+Gating,Abrupt,False,0.193100
238,42,baseline_hybrid,Baseline+Gating,Abrupt,False,0.193100
239,42,baseline_hybrid,Baseline+Gating,Abrupt,False,0.193100
240,42,aftkd_fixed,AF-TKD Fixo,Progressive,False,0.023100
241,42,aftkd_fixed,AF-TKD Fixo,Progressive,False,0.023100
242,42,aftkd_fixed,AF-TKD Fixo,Progressive,False,0.023100
243,42,aftkd_fixed,AF-TKD Fixo,Progressive,False,0.023100
244,42,aftkd_fixed,AF-TKD Fixo,Progressive,False,0.023100
245,42,aftkd_fixed,AF-TKD Fixo,Progressive,False,0.023100
246,42,aftkd_fixed,AF-TKD Fixo,Progressive,False,0.023100
247,42,aftkd_fixed,AF-TKD Fixo,Progressive,False,0.023100
248,42,aftkd_fixed,AF-TKD Fixo,Progressive,False,0.023100
249,42,aftkd_fixed,AF-TKD Fixo,Progressive,False,0.023100
250,42,aftkd_fixed,AF-TKD Fixo,Progressive,False,0.023100
251,42,aftkd_fixed,AF-TKD Fixo,Progressive,False,0.023100
252,42,aftkd_fixed,AF-TKD Fixo,Progressive,False,0.023100
253,42,aftkd_fixed,AF-TKD Fixo,Progressive,False,0.023100
254,42,aftkd_fixed,AF-TKD Fixo,Progressive,False,0.023100
255,42,aftkd_fixed,AF-TKD Fixo,Progressive,False,0.023100
256,42,aftkd_fixed,AF-TKD Fixo,Progressive,False,0.023100
257,42,aftkd_fixed,AF-TKD Fixo,Progressive,False,0.023100
258,42,aftkd_fixed,AF-TKD Fixo,Progressive,False,0.023100
259,42,aftkd_fixed,AF-TKD Fixo,Progressive,False,0.023100
260,42,aftkd_fixed,AF-TKD Fixo,Progressive,False,0.023100
261,42,aftkd_fixed,AF-TKD Fixo,Progressive,False,0.023100
262,42,aftkd_fixed,AF-TKD Fixo,Progressive,False,0.023100
263,42,aftkd_fixed,AF-TKD Fixo,Progressive,False,0.023100
264,42,aftkd_fixed,AF-TKD Fixo,Progressive,False,0.023100
265,42,aftkd_fixed,AF-TKD Fixo,Progressive,False,0.023100
266,42,aftkd_fixed,AF-TKD Fixo,Progressive,False,0.023100
267,42,aftkd_fixed,AF-TKD Fixo,Progressive,False,0.023100
268,42,aftkd_fixed,AF-TKD Fixo,Progressive,False,0.023100
269,42,aftkd_fixed,AF-TKD Fixo,Progressive,False,0.023100
270,42,aftkd_fixed,AF-TKD Fixo,Progressive,False,0.023100
271,42,aftkd_fixed,AF-TKD Fixo,Progressive,False,0.023100
272,42,aftkd_fixed,AF-TKD Fixo,Progressive,False,0.023100
273,42,aftkd_fixed,AF-TKD Fixo,Progressive,False,0.023100
274,42,aftkd_fixed,AF-TKD Fixo,Progressive,False,0.023100
275,42,aftkd_fixed,AF-TKD Fixo,Progressive,False,0.023100
276,42,aftkd_fixed,AF-TKD Fixo,Progressive,False,0.023100
277,42,aftkd_fixed,AF-TKD Fixo,Progressive,False,0.023100
278,42,aftkd_fixed,AF-TKD Fixo,Progressive,False,0.023100
279,42,aftkd_fixed,AF-TKD Fixo,Progressive,False,0.023100
280,42,aftkd_fixed,AF-TKD Fixo,Progressive,False,0.023100
281,42,aftkd_fixed,AF-TKD Fixo,Progressive,False,0.023100
282,42,aftkd_fixed,AF-TKD Fixo,Progressive,False,0.023100
283,42,aftkd_fixed,AF-TKD Fixo,Progressive,False,0.023100
284,42,aftkd_fixed,AF-TKD Fixo,Progressive,False,0.023100
285,42,aftkd_fixed,AF-TKD Fixo,Progressive,False,0.023100
286,42,aftkd_fixed,AF-TKD Fixo,Progressive,False,0.023100
287,42,aftkd_fixed,AF-TKD Fixo,Progressive,False,0.023100
288,42,aftkd_fixed,AF-TKD Fixo,Progressive,False,0.023100
289,42,aftkd_fixed,AF-TKD Fixo,Progressive,False,0.023100
290,42,aftkd_fixed,AF-TKD Fixo,Progressive,False,0.023100
291,42,aftkd_fixed,AF-TKD Fixo,Progressive,False,0.023100
292,42,aftkd_fixed,AF-TKD Fixo,Progressive,False,0.023100
293,42,aftkd_fixed,AF-TKD Fixo,Progressive,False,0.023100
294,42,aftkd_fixed,AF-TKD Fixo,Progressive,False,0.023100
295,42,aftkd_fixed,AF-TKD Fixo,Progressive,False,0.023100
296,42,aftkd_fixed,AF-TKD Fixo,Progressive,False,0.023100
297,42,aftkd_fixed,AF-TKD Fixo,Progressive,False,0.023100
298,42,aftkd_fixed,AF-TKD Fixo,Progressive,False,0.023100
299,42,aftkd_fixed,AF-TKD Fixo,Progressive,False,0.023100
300,42,aftkd_fixed,AF-TKD Fixo,Progressive,False,0.023100
301,42,aftkd_fixed,AF-TKD Fixo,Progressive,False,0.023100
302,42,aftkd_fixed,AF-TKD Fixo,Progressive,False,0.023100
303,42,aftkd_fixed,AF-TKD Fixo,Progressive,False,0.023100
304,42,aftkd_fixed,AF-TKD Fixo,Progressive,False,0.023100
305,42,aftkd_fixed,AF-TKD Fixo,Progressive,False,0.023100
306,42,aftkd_fixed,AF-TKD Fixo,Progressive,False,0.023100
307,42,aftkd_fixed,AF-TKD Fixo,Progressive,False,0.023100
308,42,aftkd_fixed,AF-TKD Fixo,Progressive,False,0.023100
309,42,aftkd_fixed,AF-TKD Fixo,Progressive,False,0.023100
310,42,aftkd_fixed,AF-TKD Fixo,Progressive,False,0.023100
311,42,aftkd_fixed,AF-TKD Fixo,Progressive,False,0.023100
312,42,aftkd_fixed,AF-TKD Fixo,Abrupt,False,0.000000
313,42,aftkd_fixed,AF-TKD Fixo,Abrupt,False,0.000000
314,42,aftkd_fixed,AF-TKD Fixo,Abrupt,False,0.000000
315,42,aftkd_fixed,AF-TKD Fixo,Abrupt,False,0.000000
316,42,aftkd_fixed,AF-TKD Fixo,Abrupt,False,0.000000
317,42,aftkd_fixed,AF-TKD Fixo,Abrupt,False,0.000000
318,42,aftkd_fixed,AF-TKD Fixo,Abrupt,False,0.000000
319,42,aftkd_fixed,AF-TKD Fixo,Abrupt,False,0.000000
320,42,aftkd_fixed,AF-TKD Fixo,Abrupt,False,0.000000
321,42,aftkd_fixed,AF-TKD Fixo,Abrupt,False,0.000000
322,42,aftkd_fixed,AF-TKD Fixo,Abrupt,False,0.000000
323,42,aftkd_fixed,AF-TKD Fixo,Abrupt,False,0.000000
324,42,aftkd_fixed,AF-TKD Fixo,Abrupt,False,0.000000
325,42,aftkd_fixed,AF-TKD Fixo,Abrupt,False,0.000000
326,42,aftkd_fixed,AF-TKD Fixo,Abrupt,False,0.000000
327,42,aftkd_fixed,AF-TKD Fixo,Abrupt,False,0.000000
328,42,aftkd_fixed,AF-TKD Fixo,Abrupt,False,0.000000
329,42,aftkd_fixed,AF-TKD Fixo,Abrupt,False,0.000000
330,42,aftkd_fixed,AF-TKD Fixo,Abrupt,False,0.000000
331,42,aftkd_fixed,AF-TKD Fixo,Abrupt,False,0.000000
332,42,aftkd_fixed,AF-TKD Fixo,Abrupt,False,0.000000
333,42,aftkd_fixed,AF-TKD Fixo,Abrupt,False,0.000000
334,42,aftkd_fixed,AF-TKD Fixo,Abrupt,False,0.000000
335,42,aftkd_fixed,AF-TKD Fixo,Abrupt,False,0.000000
336,42,aftkd_fixed,AF-TKD Fixo,Abrupt,False,0.000000
337,42,aftkd_fixed,AF-TKD Fixo,Abrupt,False,0.000000
338,42,aftkd_fixed,AF-TKD Fixo,Abrupt,False,0.000000
339,42,aftkd_fixed,AF-TKD Fixo,Abrupt,False,0.000000
340,42,aftkd_fixed,AF-TKD Fixo,Abrupt,False,0.000000
341,42,aftkd_fixed,AF-TKD Fixo,Abrupt,False,0.000000
342,42,aftkd_fixed,AF-TKD Fixo,Abrupt,False,0.000000
343,42,aftkd_fixed,AF-TKD Fixo,Abrupt,False,0.000000
344,42,aftkd_fixed,AF-TKD Fixo,Abrupt,False,0.000000
345,42,aftkd_fixed,AF-TKD Fixo,Abrupt,False,0.000000
346,42,aftkd_fixed,AF-TKD Fixo,Abrupt,False,0.000000
347,42,aftkd_fixed,AF-TKD Fixo,Abrupt,False,0.000000
348,42,aftkd_fixed,AF-TKD Fixo,Abrupt,False,0.000000
349,42,aftkd_fixed,AF-TKD Fixo,Abrupt,False,0.000000
350,42,aftkd_fixed,AF-TKD Fixo,Abrupt,False,0.000000
351,42,aftkd_fixed,AF-TKD Fixo,Abrupt,False,0.000000
352,42,aftkd_fixed,AF-TKD Fixo,Abrupt,False,0.000000
353,42,aftkd_fixed,AF-TKD Fixo,Abrupt,False,0.000000
354,42,aftkd_fixed,AF-TKD Fixo,Abrupt,False,0.000000
355,42,aftkd_fixed,AF-TKD Fixo,Abrupt,False,0.000000
356,42,aftkd_fixed,AF-TKD Fixo,Abrupt,False,0.000000
357,42,aftkd_fixed,AF-TKD Fixo,Abrupt,False,0.000000
358,42,aftkd_fixed,AF-TKD Fixo,Abrupt,False,0.000000
359,42,aftkd_fixed,AF-TKD Fixo,Abrupt,False,0.000000
360,42,aftkd_hybrid,AF-TKD+Gating,Progressive,False,0.033300
361,42,aftkd_hybrid,AF-TKD+Gating,Progressive,False,0.033300
362,42,aftkd_hybrid,AF-TKD+Gating,Progressive,False,0.033300
363,42,aftkd_hybrid,AF-TKD+Gating,Progressive,False,0.033300
364,42,aftkd_hybrid,AF-TKD+Gating,Progressive,False,0.033300
365,42,aftkd_hybrid,AF-TKD+Gating,Progressive,False,0.033300
366,42,aftkd_hybrid,AF-TKD+Gating,Progressive,False,0.033300
367,42,aftkd_hybrid,AF-TKD+Gating,Progressive,False,0.033300
368,42,aftkd_hybrid,AF-TKD+Gating,Progressive,False,0.033300
369,42,aftkd_hybrid,AF-TKD+Gating,Progressive,False,0.033300
370,42,aftkd_hybrid,AF-TKD+Gating,Progressive,False,0.033300
371,42,aftkd_hybrid,AF-TKD+Gating,Progressive,False,0.033300
372,42,aftkd_hybrid,AF-TKD+Gating,Progressive,False,0.033300
373,42,aftkd_hybrid,AF-TKD+Gating,Progressive,False,0.033300
374,42,aftkd_hybrid,AF-TKD+Gating,Progressive,False,0.033300
375,42,aftkd_hybrid,AF-TKD+Gating,Progressive,False,0.033300
376,42,aftkd_hybrid,AF-TKD+Gating,Progressive,False,0.033300
377,42,aftkd_hybrid,AF-TKD+Gating,Progressive,False,0.033300
378,42,aftkd_hybrid,AF-TKD+Gating,Progressive,False,0.033300
379,42,aftkd_hybrid,AF-TKD+Gating,Progressive,False,0.033300
380,42,aftkd_hybrid,AF-TKD+Gating,Progressive,False,0.033300
381,42,aftkd_hybrid,AF-TKD+Gating,Progressive,False,0.033300
382,42,aftkd_hybrid,AF-TKD+Gating,Progressive,False,0.033300
383,42,aftkd_hybrid,AF-TKD+Gating,Progressive,False,0.033300
384,42,aftkd_hybrid,AF-TKD+Gating,Progressive,False,0.033300
385,42,aftkd_hybrid,AF-TKD+Gating,Progressive,False,0.033300
386,42,aftkd_hybrid,AF-TKD+Gating,Progressive,False,0.033300
387,42,aftkd_hybrid,AF-TKD+Gating,Progressive,False,0.033300
388,42,aftkd_hybrid,AF-TKD+Gating,Progressive,False,0.033300
389,42,aftkd_hybrid,AF-TKD+Gating,Progressive,False,0.033300
390,42,aftkd_hybrid,AF-TKD+Gating,Progressive,False,0.033300
391,42,aftkd_hybrid,AF-TKD+Gating,Progressive,False,0.033300
392,42,aftkd_hybrid,AF-TKD+Gating,Progressive,False,0.033300
393,42,aftkd_hybrid,AF-TKD+Gating,Progressive,False,0.033300
394,42,aftkd_hybrid,AF-TKD+Gating,Progressive,False,0.033300
395,42,aftkd_hybrid,AF-TKD+Gating,Progressive,False,0.033300
396,42,aftkd_hybrid,AF-TKD+Gating,Progressive,False,0.033300
397,42,aftkd_hybrid,AF-TKD+Gating,Progressive,False,0.033300
398,42,aftkd_hybrid,AF-TKD+Gating,Progressive,False,0.033300
399,42,aftkd_hybrid,AF-TKD+Gating,Progressive,False,0.033300
400,42,aftkd_hybrid,AF-TKD+Gating,Progressive,False,0.033300
401,42,aftkd_hybrid,AF-TKD+Gating,Progressive,False,0.033300
402,42,aftkd_hybrid,AF-TKD+Gating,Progressive,False,0.033300
403,42,aftkd_hybrid,AF-TKD+Gating,Progressive,False,0.033300
404,42,aftkd_hybrid,AF-TKD+Gating,Progressive,False,0.033300
405,42,aftkd_hybrid,AF-TKD+Gating,Progressive,False,0.033300
406,42,aftkd_hybrid,AF-TKD+Gating,Progressive,False,0.033300
407,42,aftkd_hybrid,AF-TKD+Gating,Progressive,False,0.033300
408,42,aftkd_hybrid,AF-TKD+Gating,Progressive,False,0.033300
409,42,aftkd_hybrid,AF-TKD+Gating,Progressive,False,0.033300
410,42,aftkd_hybrid,AF-TKD+Gating,Progressive,False,0.033300
411,42,aftkd_hybrid,AF-TKD+Gating,Progressive,False,0.033300
412,42,aftkd_hybrid,AF-TKD+Gating,Progressive,False,0.033300
413,42,aftkd_hybrid,AF-TKD+Gating,Progressive,False,0.033300
414,42,aftkd_hybrid,AF-TKD+Gating,Progressive,False,0.033300
415,42,aftkd_hybrid,AF-TKD+Gating,Progressive,False,0.033300
416,42,aftkd_hybrid,AF-TKD+Gating,Progressive,False,0.033300
417,42,aftkd_hybrid,AF-TKD+Gating,Progressive,False,0.033300
418,42,aftkd_hybrid,AF-TKD+Gating,Progressive,False,0.033300
419,42,aftkd_hybrid,AF-TKD+Gating,Progressive,False,0.033300
420,42,aftkd_hybrid,AF-TKD+Gating,Progressive,False,0.033300
421,42,aftkd_hybrid,AF-TKD+Gating,Progressive,False,0.033300
422,42,aftkd_hybrid,AF-TKD+Gating,Progressive,False,0.033300
423,42,aftkd_hybrid,AF-TKD+Gating,Progressive,False,0.033300
424,42,aftkd_hybrid,AF-TKD+Gating,Progressive,False,0.033300
425,42,aftkd_hybrid,AF-TKD+Gating,Progressive,False,0.033300
426,42,aftkd_hybrid,AF-TKD+Gating,Progressive,False,0.033300
427,42,aftkd_hybrid,AF-TKD+Gating,Progressive,False,0.033300
428,42,aftkd_hybrid,AF-TKD+Gating,Progressive,False,0.033300
429,42,aftkd_hybrid,AF-TKD+Gating,Progressive,False,0.033300
430,42,aftkd_hybrid,AF-TKD+Gating,Progressive,False,0.033300
431,42,aftkd_hybrid,AF-TKD+Gating,Progressive,False,0.033300
432,42,aftkd_hybrid,AF-TKD+Gating,Abrupt,False,0.000000
433,42,aftkd_hybrid,AF-TKD+Gating,Abrupt,False,0.000000
434,42,aftkd_hybrid,AF-TKD+Gating,Abrupt,False,0.000000
435,42,aftkd_hybrid,AF-TKD+Gating,Abrupt,False,0.000000
436,42,aftkd_hybrid,AF-TKD+Gating,Abrupt,False,0.000000
437,42,aftkd_hybrid,AF-TKD+Gating,Abrupt,False,0.000000
438,42,aftkd_hybrid,AF-TKD+Gating,Abrupt,False,0.000000
439,42,aftkd_hybrid,AF-TKD+Gating,Abrupt,False,0.000000
440,42,aftkd_hybrid,AF-TKD+Gating,Abrupt,False,0.000000
441,42,aftkd_hybrid,AF-TKD+Gating,Abrupt,False,0.000000
442,42,aftkd_hybrid,AF-TKD+Gating,Abrupt,False,0.000000
443,42,aftkd_hybrid,AF-TKD+Gating,Abrupt,False,0.000000
444,42,aftkd_hybrid,AF-TKD+Gating,Abrupt,False,0.000000
445,42,aftkd_hybrid,AF-TKD+Gating,Abrupt,False,0.000000
446,42,aftkd_hybrid,AF-TKD+Gating,Abrupt,False,0.000000
447,42,aftkd_hybrid,AF-TKD+Gating,Abrupt,False,0.000000
448,42,aftkd_hybrid,AF-TKD+Gating,Abrupt,False,0.000000
449,42,aftkd_hybrid,AF-TKD+Gating,Abrupt,False,0.000000
450,42,aftkd_hybrid,AF-TKD+Gating,Abrupt,False,0.000000
451,42,aftkd_hybrid,AF-TKD+Gating,Abrupt,False,0.000000
452,42,aftkd_hybrid,AF-TKD+Gating,Abrupt,False,0.000000
453,42,aftkd_hybrid,AF-TKD+Gating,Abrupt,False,0.000000
454,42,aftkd_hybrid,AF-TKD+Gating,Abrupt,False,0.000000
455,42,aftkd_hybrid,AF-TKD+Gating,Abrupt,False,0.000000
456,42,aftkd_hybrid,AF-TKD+Gating,Abrupt,False,0.000000
457,42,aftkd_hybrid,AF-TKD+Gating,Abrupt,False,0.000000
458,42,aftkd_hybrid,AF-TKD+Gating,Abrupt,False,0.000000
459,42,aftkd_hybrid,AF-TKD+Gating,Abrupt,False,0.000000
460,42,aftkd_hybrid,AF-TKD+Gating,Abrupt,False,0.000000
461,42,aftkd_hybrid,AF-TKD+Gating,Abrupt,False,0.000000
462,42,aftkd_hybrid,AF-TKD+Gating,Abrupt,False,0.000000
463,42,aftkd_hybrid,AF-TKD+Gating,Abrupt,False,0.000000
464,42,aftkd_hybrid,AF-TKD+Gating,Abrupt,False,0.000000
465,42,aftkd_hybrid,AF-TKD+Gating,Abrupt,False,0.000000
466,42,aftkd_hybrid,AF-TKD+Gating,Abrupt,False,0.000000
467,42,aftkd_hybrid,AF-TKD+Gating,Abrupt,False,0.000000
468,42,aftkd_hybrid,AF-TKD+Gating,Abrupt,False,0.000000
469,42,aftkd_hybrid,AF-TKD+Gating,Abrupt,False,0.000000
470,42,aftkd_hybrid,AF-TKD+Gating,Abrupt,False,0.000000
471,42,aftkd_hybrid,AF-TKD+Gating,Abrupt,False,0.000000
472,42,aftkd_hybrid,AF-TKD+Gating,Abrupt,False,0.000000
473,42,aftkd_hybrid,AF-TKD+Gating,Abrupt,False,0.000000
474,42,aftkd_hybrid,AF-TKD+Gating,Abrupt,False,0.000000
475,42,aftkd_hybrid,AF-TKD+Gating,Abrupt,False,0.000000
476,42,aftkd_hybrid,AF-TKD+Gating,Abrupt,False,0.000000
477,42,aftkd_hybrid,AF-TKD+Gating,Abrupt,False,0.000000
478,42,aftkd_hybrid,AF-TKD+Gating,Abrupt,False,0.000000
479,42,aftkd_hybrid,AF-TKD+Gating,Abrupt,False,0.000000
480,43,baseline_fixed,LSTM-Baseline,Progressive,False,0.018800
481,43,baseline_fixed,LSTM-Baseline,Progressive,False,0.018800
482,43,baseline_fixed,LSTM-Baseline,Progressive,False,0.018800
483,43,baseline_fixed,LSTM-Baseline,Progressive,False,0.018800
484,43,baseline_fixed,LSTM-Baseline,Progressive,False,0.018800
485,43,baseline_fixed,LSTM-Baseline,Progressive,False,0.018800
486,43,baseline_fixed,LSTM-Baseline,Progressive,False,0.018800
487,43,baseline_fixed,LSTM-Baseline,Progressive,False,0.018800
488,43,baseline_fixed,LSTM-Baseline,Progressive,False,0.018800
489,43,baseline_fixed,LSTM-Baseline,Progressive,False,0.018800
490,43,baseline_fixed,LSTM-Baseline,Progressive,False,0.018800
491,43,baseline_fixed,LSTM-Baseline,Progressive,False,0.018800
492,43,baseline_fixed,LSTM-Baseline,Progressive,False,0.018800
493,43,baseline_fixed,LSTM-Baseline,Progressive,False,0.018800
494,43,baseline_fixed,LSTM-Baseline,Progressive,False,0.018800
495,43,baseline_fixed,LSTM-Baseline,Progressive,False,0.018800
496,43,baseline_fixed,LSTM-Baseline,Progressive,False,0.018800
497,43,baseline_fixed,LSTM-Baseline,Progressive,False,0.018800
498,43,baseline_fixed,LSTM-Baseline,Progressive,False,0.018800
499,43,baseline_fixed,LSTM-Baseline,Progressive,False,0.018800
500,43,baseline_fixed,LSTM-Baseline,Progressive,False,0.018800
501,43,baseline_fixed,LSTM-Baseline,Progressive,False,0.018800
502,43,baseline_fixed,LSTM-Baseline,Progressive,False,0.018800
503,43,baseline_fixed,LSTM-Baseline,Progressive,False,0.018800
504,43,baseline_fixed,LSTM-Baseline,Progressive,False,0.018800
505,43,baseline_fixed,LSTM-Baseline,Progressive,False,0.018800
506,43,baseline_fixed,LSTM-Baseline,Progressive,False,0.018800
507,43,baseline_fixed,LSTM-Baseline,Progressive,False,0.018800
508,43,baseline_fixed,LSTM-Baseline,Progressive,False,0.018800
509,43,baseline_fixed,LSTM-Baseline,Progressive,False,0.018800
510,43,baseline_fixed,LSTM-Baseline,Progressive,False,0.018800
511,43,baseline_fixed,LSTM-Baseline,Progressive,False,0.018800
512,43,baseline_fixed,LSTM-Baseline,Progressive,False,0.018800
513,43,baseline_fixed,LSTM-Baseline,Progressive,False,0.018800
514,43,baseline_fixed,LSTM-Baseline,Progressive,False,0.018800
515,43,baseline_fixed,LSTM-Baseline,Progressive,False,0.018800
516,43,baseline_fixed,LSTM-Baseline,Progressive,False,0.018800
517,43,baseline_fixed,LSTM-Baseline,Progressive,False,0.018800
518,43,baseline_fixed,LSTM-Baseline,Progressive,False,0.018800
519,43,baseline_fixed,LSTM-Baseline,Progressive,False,0.018800
520,43,baseline_fixed,LSTM-Baseline,Progressive,False,0.018800
521,43,baseline_fixed,LSTM-Baseline,Progressive,False,0.018800
522,43,baseline_fixed,LSTM-Baseline,Progressive,False,0.018800
523,43,baseline_fixed,LSTM-Baseline,Progressive,False,0.018800
524,43,baseline_fixed,LSTM-Baseline,Progressive,False,0.018800
525,43,baseline_fixed,LSTM-Baseline,Progressive,False,0.018800
526,43,baseline_fixed,LSTM-Baseline,Progressive,False,0.018800
527,43,baseline_fixed,LSTM-Baseline,Progressive,False,0.018800
528,43,baseline_fixed,LSTM-Baseline,Progressive,False,0.018800
529,43,baseline_fixed,LSTM-Baseline,Progressive,False,0.018800
530,43,baseline_fixed,LSTM-Baseline,Progressive,False,0.018800
531,43,baseline_fixed,LSTM-Baseline,Progressive,False,0.018800
532,43,baseline_fixed,LSTM-Baseline,Progressive,False,0.018800
533,43,baseline_fixed,LSTM-Baseline,Progressive,False,0.018800
534,43,baseline_fixed,LSTM-Baseline,Progressive,False,0.018800
535,43,baseline_fixed,LSTM-Baseline,Progressive,False,0.018800
536,43,baseline_fixed,LSTM-Baseline,Progressive,False,0.018800
537,43,baseline_fixed,LSTM-Baseline,Progressive,False,0.018800
538,43,baseline_fixed,LSTM-Baseline,Progressive,False,0.018800
539,43,baseline_fixed,LSTM-Baseline,Progressive,False,0.018800
540,43,baseline_fixed,LSTM-Baseline,Progressive,False,0.018800
541,43,baseline_fixed,LSTM-Baseline,Progressive,False,0.018800
542,43,baseline_fixed,LSTM-Baseline,Progressive,False,0.018800
543,43,baseline_fixed,LSTM-Baseline,Progressive,False,0.018800
544,43,baseline_fixed,LSTM-Baseline,Progressive,False,0.018800
545,43,baseline_fixed,LSTM-Baseline,Progressive,False,0.018800
546,43,baseline_fixed,LSTM-Baseline,Progressive,False,0.018800
547,43,baseline_fixed,LSTM-Baseline,Progressive,False,0.018800
548,43,baseline_fixed,LSTM-Baseline,Progressive,False,0.018800
549,43,baseline_fixed,LSTM-Baseline,Progressive,False,0.018800
550,43,baseline_fixed,LSTM-Baseline,Progressive,False,0.018800
551,43,baseline_fixed,LSTM-Baseline,Progressive,False,0.018800
552,43,baseline_fixed,LSTM-Baseline,Abrupt,True,10.000000
553,43,baseline_fixed,LSTM-Baseline,Abrupt,True,10.000000
554,43,baseline_fixed,LSTM-Baseline,Abrupt,False,0.432452
555,43,baseline_fixed,LSTM-Baseline,Abrupt,False,0.432452
556,43,baseline_fixed,LSTM-Baseline,Abrupt,False,0.432452
557,43,baseline_fixed,LSTM-Baseline,Abrupt,False,0.432452
558,43,baseline_fixed,LSTM-Baseline,Abrupt,False,0.432452
559,43,baseline_fixed,LSTM-Baseline,Abrupt,False,0.432452
560,43,baseline_fixed,LSTM-Baseline,Abrupt,False,0.432452
561,43,baseline_fixed,LSTM-Baseline,Abrupt,False,0.432452
562,43,baseline_fixed,LSTM-Baseline,Abrupt,False,0.432452
563,43,baseline_fixed,LSTM-Baseline,Abrupt,False,0.432452
564,43,baseline_fixed,LSTM-Baseline,Abrupt,False,0.432452
565,43,baseline_fixed,LSTM-Baseline,Abrupt,False,0.432452
566,43,baseline_fixed,LSTM-Baseline,Abrupt,False,0.432452
567,43,baseline_fixed,LSTM-Baseline,Abrupt,False,0.432452
568,43,baseline_fixed,LSTM-Baseline,Abrupt,False,0.432452
569,43,baseline_fixed,LSTM-Baseline,Abrupt,False,0.432452
570,43,baseline_fixed,LSTM-Baseline,Abrupt,False,0.432452
571,43,baseline_fixed,LSTM-Baseline,Abrupt,False,0.432452
572,43,baseline_fixed,LSTM-Baseline,Abrupt,False,0.432452
573,43,baseline_fixed,LSTM-Baseline,Abrupt,False,0.432452
574,43,baseline_fixed,LSTM-Baseline,Abrupt,False,0.432452
575,43,baseline_fixed,LSTM-Baseline,Abrupt,False,0.432452
576,43,baseline_fixed,LSTM-Baseline,Abrupt,False,0.432452
577,43,baseline_fixed,LSTM-Baseline,Abrupt,False,0.432452
578,43,baseline_fixed,LSTM-Baseline,Abrupt,False,0.432452
579,43,baseline_fixed,LSTM-Baseline,Abrupt,False,0.432452
580,43,baseline_fixed,LSTM-Baseline,Abrupt,False,0.432452
581,43,baseline_fixed,LSTM-Baseline,Abrupt,False,0.432452
582,43,baseline_fixed,LSTM-Baseline,Abrupt,False,0.432452
583,43,baseline_fixed,LSTM-Baseline,Abrupt,False,0.432452
584,43,baseline_fixed,LSTM-Baseline,Abrupt,False,0.432452
585,43,baseline_fixed,LSTM-Baseline,Abrupt,False,0.432452
586,43,baseline_fixed,LSTM-Baseline,Abrupt,False,0.432452
587,43,baseline_fixed,LSTM-Baseline,Abrupt,False,0.432452
588,43,baseline_fixed,LSTM-Baseline,Abrupt,False,0.432452
589,43,baseline_fixed,LSTM-Baseline,Abrupt,False,0.432452
590,43,baseline_fixed,LSTM-Baseline,Abrupt,False,0.432452
591,43,baseline_fixed,LSTM-Baseline,Abrupt,False,0.432452
592,43,baseline_fixed,LSTM-Baseline,Abrupt,False,0.432452
593,43,baseline_fixed,LSTM-Baseline,Abrupt,False,0.432452
594,43,baseline_fixed,LSTM-Baseline,Abrupt,False,0.432452
595,43,baseline_fixed,LSTM-Baseline,Abrupt,False,0.432452
596,43,baseline_fixed,LSTM-Baseline,Abrupt,False,0.432452
597,43,baseline_fixed,LSTM-Baseline,Abrupt,False,0.432452
598,43,baseline_fixed,LSTM-Baseline,Abrupt,False,0.432452
599,43,baseline_fixed,LSTM-Baseline,Abrupt,False,0.432452
600,43,baseline_hybrid,Baseline+Gating,Progressive,False,0.063700
601,43,baseline_hybrid,Baseline+Gating,Progressive,False,0.063700
602,43,baseline_hybrid,Baseline+Gating,Progressive,False,0.063700
603,43,baseline_hybrid,Baseline+Gating,Progressive,False,0.063700
604,43,baseline_hybrid,Baseline+Gating,Progressive,False,0.063700
605,43,baseline_hybrid,Baseline+Gating,Progressive,False,0.063700
606,43,baseline_hybrid,Baseline+Gating,Progressive,False,0.063700
607,43,baseline_hybrid,Baseline+Gating,Progressive,False,0.063700
608,43,baseline_hybrid,Baseline+Gating,Progressive,False,0.063700
609,43,baseline_hybrid,Baseline+Gating,Progressive,False,0.063700
610,43,baseline_hybrid,Baseline+Gating,Progressive,False,0.063700
611,43,baseline_hybrid,Baseline+Gating,Progressive,False,0.063700
612,43,baseline_hybrid,Baseline+Gating,Progressive,False,0.063700
613,43,baseline_hybrid,Baseline+Gating,Progressive,False,0.063700
614,43,baseline_hybrid,Baseline+Gating,Progressive,False,0.063700
615,43,baseline_hybrid,Baseline+Gating,Progressive,False,0.063700
616,43,baseline_hybrid,Baseline+Gating,Progressive,False,0.063700
617,43,baseline_hybrid,Baseline+Gating,Progressive,False,0.063700
618,43,baseline_hybrid,Baseline+Gating,Progressive,False,0.063700
619,43,baseline_hybrid,Baseline+Gating,Progressive,False,0.063700
620,43,baseline_hybrid,Baseline+Gating,Progressive,False,0.063700
621,43,baseline_hybrid,Baseline+Gating,Progressive,False,0.063700
622,43,baseline_hybrid,Baseline+Gating,Progressive,False,0.063700
623,43,baseline_hybrid,Baseline+Gating,Progressive,False,0.063700
624,43,baseline_hybrid,Baseline+Gating,Progressive,False,0.063700
625,43,baseline_hybrid,Baseline+Gating,Progressive,False,0.063700
626,43,baseline_hybrid,Baseline+Gating,Progressive,False,0.063700
627,43,baseline_hybrid,Baseline+Gating,Progressive,False,0.063700
628,43,baseline_hybrid,Baseline+Gating,Progressive,False,0.063700
629,43,baseline_hybrid,Baseline+Gating,Progressive,False,0.063700
630,43,baseline_hybrid,Baseline+Gating,Progressive,False,0.063700
631,43,baseline_hybrid,Baseline+Gating,Progressive,False,0.063700
632,43,baseline_hybrid,Baseline+Gating,Progressive,False,0.063700
633,43,baseline_hybrid,Baseline+Gating,Progressive,False,0.063700
634,43,baseline_hybrid,Baseline+Gating,Progressive,False,0.063700
635,43,baseline_hybrid,Baseline+Gating,Progressive,False,0.063700
636,43,baseline_hybrid,Baseline+Gating,Progressive,False,0.063700
637,43,baseline_hybrid,Baseline+Gating,Progressive,False,0.063700
638,43,baseline_hybrid,Baseline+Gating,Progressive,False,0.063700
639,43,baseline_hybrid,Baseline+Gating,Progressive,False,0.063700
640,43,baseline_hybrid,Baseline+Gating,Progressive,False,0.063700
641,43,baseline_hybrid,Baseline+Gating,Progressive,False,0.063700
642,43,baseline_hybrid,Baseline+Gating,Progressive,False,0.063700
643,43,baseline_hybrid,Baseline+Gating,Progressive,False,0.063700
644,43,baseline_hybrid,Baseline+Gating,Progressive,False,0.063700
645,43,baseline_hybrid,Baseline+Gating,Progressive,False,0.063700
646,43,baseline_hybrid,Baseline+Gating,Progressive,False,0.063700
647,43,baseline_hybrid,Baseline+Gating,Progressive,False,0.063700
648,43,baseline_hybrid,Baseline+Gating,Progressive,False,0.063700
649,43,baseline_hybrid,Baseline+Gating,Progressive,False,0.063700
650,43,baseline_hybrid,Baseline+Gating,Progressive,False,0.063700
651,43,baseline_hybrid,Baseline+Gating,Progressive,False,0.063700
652,43,baseline_hybrid,Baseline+Gating,Progressive,False,0.063700
653,43,baseline_hybrid,Baseline+Gating,Progressive,False,0.063700
654,43,baseline_hybrid,Baseline+Gating,Progressive,False,0.063700
655,43,baseline_hybrid,Baseline+Gating,Progressive,False,0.063700
656,43,baseline_hybrid,Baseline+Gating,Progressive,False,0.063700
657,43,baseline_hybrid,Baseline+Gating,Progressive,False,0.063700
658,43,baseline_hybrid,Baseline+Gating,Progressive,False,0.063700
659,43,baseline_hybrid,Baseline+Gating,Progressive,False,0.063700
660,43,baseline_hybrid,Baseline+Gating,Progressive,False,0.063700
661,43,baseline_hybrid,Baseline+Gating,Progressive,False,0.063700
662,43,baseline_hybrid,Baseline+Gating,Progressive,False,0.063700
663,43,baseline_hybrid,Baseline+Gating,Progressive,False,0.063700
664,43,baseline_hybrid,Baseline+Gating,Progressive,False,0.063700
665,43,baseline_hybrid,Baseline+Gating,Progressive,False,0.063700
666,43,baseline_hybrid,Baseline+Gating,Progressive,False,0.063700
667,43,baseline_hybrid,Baseline+Gating,Progressive,False,0.063700
668,43,baseline_hybrid,Baseline+Gating,Progressive,False,0.063700
669,43,baseline_hybrid,Baseline+Gating,Progressive,False,0.063700
670,43,baseline_hybrid,Baseline+Gating,Progressive,False,0.063700
671,43,baseline_hybrid,Baseline+Gating,Progressive,False,0.063700
672,43,baseline_hybrid,Baseline+Gating,Abrupt,True,10.000000
673,43,baseline_hybrid,Baseline+Gating,Abrupt,True,10.000000
674,43,baseline_hybrid,Baseline+Gating,Abrupt,False,0.437148
675,43,baseline_hybrid,Baseline+Gating,Abrupt,False,0.437148
676,43,baseline_hybrid,Baseline+Gating,Abrupt,False,0.437148
677,43,baseline_hybrid,Baseline+Gating,Abrupt,False,0.437148
678,43,baseline_hybrid,Baseline+Gating,Abrupt,False,0.437148
679,43,baseline_hybrid,Baseline+Gating,Abrupt,False,0.437148
680,43,baseline_hybrid,Baseline+Gating,Abrupt,False,0.437148
681,43,baseline_hybrid,Baseline+Gating,Abrupt,False,0.437148
682,43,baseline_hybrid,Baseline+Gating,Abrupt,False,0.437148
683,43,baseline_hybrid,Baseline+Gating,Abrupt,False,0.437148
684,43,baseline_hybrid,Baseline+Gating,Abrupt,False,0.437148
685,43,baseline_hybrid,Baseline+Gating,Abrupt,False,0.437148
686,43,baseline_hybrid,Baseline+Gating,Abrupt,False,0.437148
687,43,baseline_hybrid,Baseline+Gating,Abrupt,False,0.437148
688,43,baseline_hybrid,Baseline+Gating,Abrupt,False,0.437148
689,43,baseline_hybrid,Baseline+Gating,Abrupt,False,0.437148
690,43,baseline_hybrid,Baseline+Gating,Abrupt,False,0.437148
691,43,baseline_hybrid,Baseline+Gating,Abrupt,False,0.437148
692,43,baseline_hybrid,Baseline+Gating,Abrupt,False,0.437148
693,43,baseline_hybrid,Baseline+Gating,Abrupt,False,0.437148
694,43,baseline_hybrid,Baseline+Gating,Abrupt,False,0.437148
695,43,baseline_hybrid,Baseline+Gating,Abrupt,False,0.437148
696,43,baseline_hybrid,Baseline+Gating,Abrupt,False,0.437148
697,43,baseline_hybrid,Baseline+Gating,Abrupt,False,0.437148
698,43,baseline_hybrid,Baseline+Gating,Abrupt,False,0.437148
699,43,baseline_hybrid,Baseline+Gating,Abrupt,False,0.437148
700,43,baseline_hybrid,Baseline+Gating,Abrupt,False,0.437148
701,43,baseline_hybrid,Baseline+Gating,Abrupt,False,0.437148
702,43,baseline_hybrid,Baseline+Gating,Abrupt,False,0.437148
703,43,baseline_hybrid,Baseline+Gating,Abrupt,False,0.437148
704,43,baseline_hybrid,Baseline+Gating,Abrupt,False,0.437148
705,43,baseline_hybrid,Baseline+Gating,Abrupt,False,0.437148
706,43,baseline_hybrid,Baseline+Gating,Abrupt,False,0.437148
707,43,baseline_hybrid,Baseline+Gating,Abrupt,False,0.437148
708,43,baseline_hybrid,Baseline+Gating,Abrupt,False,0.437148
709,43,baseline_hybrid,Baseline+Gating,Abrupt,False,0.437148
710,43,baseline_hybrid,Baseline+Gating,Abrupt,False,0.437148
711,43,baseline_hybrid,Baseline+Gating,Abrupt,False,0.437148
712,43,baseline_hybrid,Baseline+Gating,Abrupt,False,0.437148
713,43,baseline_hybrid,Baseline+Gating,Abrupt,False,0.437148
714,43,baseline_hybrid,Baseline+Gating,Abrupt,False,0.437148
715,43,baseline_hybrid,Baseline+Gating,Abrupt,False,0.437148
716,43,baseline_hybrid,Baseline+Gating,Abrupt,False,0.437148
717,43,baseline_hybrid,Baseline+Gating,Abrupt,False,0.437148
718,43,baseline_hybrid,Baseline+Gating,Abrupt,False,0.437148
719,43,baseline_hybrid,Baseline+Gating,Abrupt,False,0.437148
720,43,aftkd_fixed,AF-TKD Fixo,Progressive,False,0.013000
721,43,aftkd_fixed,AF-TKD Fixo,Progressive,False,0.013000
722,43,aftkd_fixed,AF-TKD Fixo,Progressive,False,0.013000
723,43,aftkd_fixed,AF-TKD Fixo,Progressive,False,0.013000
724,43,aftkd_fixed,AF-TKD Fixo,Progressive,False,0.013000
725,43,aftkd_fixed,AF-TKD Fixo,Progressive,False,0.013000
726,43,aftkd_fixed,AF-TKD Fixo,Progressive,False,0.013000
727,43,aftkd_fixed,AF-TKD Fixo,Progressive,False,0.013000
728,43,aftkd_fixed,AF-TKD Fixo,Progressive,False,0.013000
729,43,aftkd_fixed,AF-TKD Fixo,Progressive,False,0.013000
730,43,aftkd_fixed,AF-TKD Fixo,Progressive,False,0.013000
731,43,aftkd_fixed,AF-TKD Fixo,Progressive,False,0.013000
732,43,aftkd_fixed,AF-TKD Fixo,Progressive,False,0.013000
733,43,aftkd_fixed,AF-TKD Fixo,Progressive,False,0.013000
734,43,aftkd_fixed,AF-TKD Fixo,Progressive,False,0.013000
735,43,aftkd_fixed,AF-TKD Fixo,Progressive,False,0.013000
736,43,aftkd_fixed,AF-TKD Fixo,Progressive,False,0.013000
737,43,aftkd_fixed,AF-TKD Fixo,Progressive,False,0.013000
738,43,aftkd_fixed,AF-TKD Fixo,Progressive,False,0.013000
739,43,aftkd_fixed,AF-TKD Fixo,Progressive,False,0.013000
740,43,aftkd_fixed,AF-TKD Fixo,Progressive,False,0.013000
741,43,aftkd_fixed,AF-TKD Fixo,Progressive,False,0.013000
742,43,aftkd_fixed,AF-TKD Fixo,Progressive,False,0.013000
743,43,aftkd_fixed,AF-TKD Fixo,Progressive,False,0.013000
744,43,aftkd_fixed,AF-TKD Fixo,Progressive,False,0.013000
745,43,aftkd_fixed,AF-TKD Fixo,Progressive,False,0.013000
746,43,aftkd_fixed,AF-TKD Fixo,Progressive,False,0.013000
747,43,aftkd_fixed,AF-TKD Fixo,Progressive,False,0.013000
748,43,aftkd_fixed,AF-TKD Fixo,Progressive,False,0.013000
749,43,aftkd_fixed,AF-TKD Fixo,Progressive,False,0.013000
750,43,aftkd_fixed,AF-TKD Fixo,Progressive,False,0.013000
751,43,aftkd_fixed,AF-TKD Fixo,Progressive,False,0.013000
752,43,aftkd_fixed,AF-TKD Fixo,Progressive,False,0.013000
753,43,aftkd_fixed,AF-TKD Fixo,Progressive,False,0.013000
754,43,aftkd_fixed,AF-TKD Fixo,Progressive,False,0.013000
755,43,aftkd_fixed,AF-TKD Fixo,Progressive,False,0.013000
756,43,aftkd_fixed,AF-TKD Fixo,Progressive,False,0.013000
757,43,aftkd_fixed,AF-TKD Fixo,Progressive,False,0.013000
758,43,aftkd_fixed,AF-TKD Fixo,Progressive,False,0.013000
759,43,aftkd_fixed,AF-TKD Fixo,Progressive,False,0.013000
760,43,aftkd_fixed,AF-TKD Fixo,Progressive,False,0.013000
761,43,aftkd_fixed,AF-TKD Fixo,Progressive,False,0.013000
762,43,aftkd_fixed,AF-TKD Fixo,Progressive,False,0.013000
763,43,aftkd_fixed,AF-TKD Fixo,Progressive,False,0.013000
764,43,aftkd_fixed,AF-TKD Fixo,Progressive,False,0.013000
765,43,aftkd_fixed,AF-TKD Fixo,Progressive,False,0.013000
766,43,aftkd_fixed,AF-TKD Fixo,Progressive,False,0.013000
767,43,aftkd_fixed,AF-TKD Fixo,Progressive,False,0.013000
768,43,aftkd_fixed,AF-TKD Fixo,Progressive,False,0.013000
769,43,aftkd_fixed,AF-TKD Fixo,Progressive,False,0.013000
770,43,aftkd_fixed,AF-TKD Fixo,Progressive,False,0.013000
771,43,aftkd_fixed,AF-TKD Fixo,Progressive,False,0.013000
772,43,aftkd_fixed,AF-TKD Fixo,Progressive,False,0.013000
773,43,aftkd_fixed,AF-TKD Fixo,Progressive,False,0.013000
774,43,aftkd_fixed,AF-TKD Fixo,Progressive,False,0.013000
775,43,aftkd_fixed,AF-TKD Fixo,Progressive,False,0.013000
776,43,aftkd_fixed,AF-TKD Fixo,Progressive,False,0.013000
777,43,aftkd_fixed,AF-TKD Fixo,Progressive,False,0.013000
778,43,aftkd_fixed,AF-TKD Fixo,Progressive,False,0.013000
779,43,aftkd_fixed,AF-TKD Fixo,Progressive,False,0.013000
780,43,aftkd_fixed,AF-TKD Fixo,Progressive,False,0.013000
781,43,aftkd_fixed,AF-TKD Fixo,Progressive,False,0.013000
782,43,aftkd_fixed,AF-TKD Fixo,Progressive,False,0.013000
783,43,aftkd_fixed,AF-TKD Fixo,Progressive,False,0.013000
784,43,aftkd_fixed,AF-TKD Fixo,Progressive,False,0.013000
785,43,aftkd_fixed,AF-TKD Fixo,Progressive,False,0.013000
786,43,aftkd_fixed,AF-TKD Fixo,Progressive,False,0.013000
787,43,aftkd_fixed,AF-TKD Fixo,Progressive,False,0.013000
788,43,aftkd_fixed,AF-TKD Fixo,Progressive,False,0.013000
789,43,aftkd_fixed,AF-TKD Fixo,Progressive,False,0.013000
790,43,aftkd_fixed,AF-TKD Fixo,Progressive,False,0.013000
791,43,aftkd_fixed,AF-TKD Fixo,Progressive,False,0.013000
792,43,aftkd_fixed,AF-TKD Fixo,Abrupt,False,0.010900
793,43,aftkd_fixed,AF-TKD Fixo,Abrupt,False,0.010900
794,43,aftkd_fixed,AF-TKD Fixo,Abrupt,False,0.010900
795,43,aftkd_fixed,AF-TKD Fixo,Abrupt,False,0.010900
796,43,aftkd_fixed,AF-TKD Fixo,Abrupt,False,0.010900
797,43,aftkd_fixed,AF-TKD Fixo,Abrupt,False,0.010900
798,43,aftkd_fixed,AF-TKD Fixo,Abrupt,False,0.010900
799,43,aftkd_fixed,AF-TKD Fixo,Abrupt,False,0.010900
800,43,aftkd_fixed,AF-TKD Fixo,Abrupt,False,0.010900
801,43,aftkd_fixed,AF-TKD Fixo,Abrupt,False,0.010900
802,43,aftkd_fixed,AF-TKD Fixo,Abrupt,False,0.010900
803,43,aftkd_fixed,AF-TKD Fixo,Abrupt,False,0.010900
804,43,aftkd_fixed,AF-TKD Fixo,Abrupt,False,0.010900
805,43,aftkd_fixed,AF-TKD Fixo,Abrupt,False,0.010900
806,43,aftkd_fixed,AF-TKD Fixo,Abrupt,False,0.010900
807,43,aftkd_fixed,AF-TKD Fixo,Abrupt,False,0.010900
808,43,aftkd_fixed,AF-TKD Fixo,Abrupt,False,0.010900
809,43,aftkd_fixed,AF-TKD Fixo,Abrupt,False,0.010900
810,43,aftkd_fixed,AF-TKD Fixo,Abrupt,False,0.010900
811,43,aftkd_fixed,AF-TKD Fixo,Abrupt,False,0.010900
812,43,aftkd_fixed,AF-TKD Fixo,Abrupt,False,0.010900
813,43,aftkd_fixed,AF-TKD Fixo,Abrupt,False,0.010900
814,43,aftkd_fixed,AF-TKD Fixo,Abrupt,False,0.010900
815,43,aftkd_fixed,AF-TKD Fixo,Abrupt,False,0.010900
816,43,aftkd_fixed,AF-TKD Fixo,Abrupt,False,0.010900
817,43,aftkd_fixed,AF-TKD Fixo,Abrupt,False,0.010900
818,43,aftkd_fixed,AF-TKD Fixo,Abrupt,False,0.010900
819,43,aftkd_fixed,AF-TKD Fixo,Abrupt,False,0.010900
820,43,aftkd_fixed,AF-TKD Fixo,Abrupt,False,0.010900
821,43,aftkd_fixed,AF-TKD Fixo,Abrupt,False,0.010900
822,43,aftkd_fixed,AF-TKD Fixo,Abrupt,False,0.010900
823,43,aftkd_fixed,AF-TKD Fixo,Abrupt,False,0.010900
824,43,aftkd_fixed,AF-TKD Fixo,Abrupt,False,0.010900
825,43,aftkd_fixed,AF-TKD Fixo,Abrupt,False,0.010900
826,43,aftkd_fixed,AF-TKD Fixo,Abrupt,False,0.010900
827,43,aftkd_fixed,AF-TKD Fixo,Abrupt,False,0.010900
828,43,aftkd_fixed,AF-TKD Fixo,Abrupt,False,0.010900
829,43,aftkd_fixed,AF-TKD Fixo,Abrupt,False,0.010900
830,43,aftkd_fixed,AF-TKD Fixo,Abrupt,False,0.010900
831,43,aftkd_fixed,AF-TKD Fixo,Abrupt,False,0.010900
832,43,aftkd_fixed,AF-TKD Fixo,Abrupt,False,0.010900
833,43,aftkd_fixed,AF-TKD Fixo,Abrupt,False,0.010900
834,43,aftkd_fixed,AF-TKD Fixo,Abrupt,False,0.010900
835,43,aftkd_fixed,AF-TKD Fixo,Abrupt,False,0.010900
836,43,aftkd_fixed,AF-TKD Fixo,Abrupt,False,0.010900
837,43,aftkd_fixed,AF-TKD Fixo,Abrupt,False,0.010900
838,43,aftkd_fixed,AF-TKD Fixo,Abrupt,False,0.010900
839,43,aftkd_fixed,AF-TKD Fixo,Abrupt,False,0.010900
840,43,aftkd_hybrid,AF-TKD+Gating,Progressive,False,0.020300
841,43,aftkd_hybrid,AF-TKD+Gating,Progressive,False,0.020300
842,43,aftkd_hybrid,AF-TKD+Gating,Progressive,False,0.020300
843,43,aftkd_hybrid,AF-TKD+Gating,Progressive,False,0.020300
844,43,aftkd_hybrid,AF-TKD+Gating,Progressive,False,0.020300
845,43,aftkd_hybrid,AF-TKD+Gating,Progressive,False,0.020300
846,43,aftkd_hybrid,AF-TKD+Gating,Progressive,False,0.020300
847,43,aftkd_hybrid,AF-TKD+Gating,Progressive,False,0.020300
848,43,aftkd_hybrid,AF-TKD+Gating,Progressive,False,0.020300
849,43,aftkd_hybrid,AF-TKD+Gating,Progressive,False,0.020300
850,43,aftkd_hybrid,AF-TKD+Gating,Progressive,False,0.020300
851,43,aftkd_hybrid,AF-TKD+Gating,Progressive,False,0.020300
852,43,aftkd_hybrid,AF-TKD+Gating,Progressive,False,0.020300
853,43,aftkd_hybrid,AF-TKD+Gating,Progressive,False,0.020300
854,43,aftkd_hybrid,AF-TKD+Gating,Progressive,False,0.020300
855,43,aftkd_hybrid,AF-TKD+Gating,Progressive,False,0.020300
856,43,aftkd_hybrid,AF-TKD+Gating,Progressive,False,0.020300
857,43,aftkd_hybrid,AF-TKD+Gating,Progressive,False,0.020300
858,43,aftkd_hybrid,AF-TKD+Gating,Progressive,False,0.020300
859,43,aftkd_hybrid,AF-TKD+Gating,Progressive,False,0.020300
860,43,aftkd_hybrid,AF-TKD+Gating,Progressive,False,0.020300
861,43,aftkd_hybrid,AF-TKD+Gating,Progressive,False,0.020300
862,43,aftkd_hybrid,AF-TKD+Gating,Progressive,False,0.020300
863,43,aftkd_hybrid,AF-TKD+Gating,Progressive,False,0.020300
864,43,aftkd_hybrid,AF-TKD+Gating,Progressive,False,0.020300
865,43,aftkd_hybrid,AF-TKD+Gating,Progressive,False,0.020300
866,43,aftkd_hybrid,AF-TKD+Gating,Progressive,False,0.020300
867,43,aftkd_hybrid,AF-TKD+Gating,Progressive,False,0.020300
868,43,aftkd_hybrid,AF-TKD+Gating,Progressive,False,0.020300
869,43,aftkd_hybrid,AF-TKD+Gating,Progressive,False,0.020300
870,43,aftkd_hybrid,AF-TKD+Gating,Progressive,False,0.020300
871,43,aftkd_hybrid,AF-TKD+Gating,Progressive,False,0.020300
872,43,aftkd_hybrid,AF-TKD+Gating,Progressive,False,0.020300
873,43,aftkd_hybrid,AF-TKD+Gating,Progressive,False,0.020300
874,43,aftkd_hybrid,AF-TKD+Gating,Progressive,False,0.020300
875,43,aftkd_hybrid,AF-TKD+Gating,Progressive,False,0.020300
876,43,aftkd_hybrid,AF-TKD+Gating,Progressive,False,0.020300
877,43,aftkd_hybrid,AF-TKD+Gating,Progressive,False,0.020300
878,43,aftkd_hybrid,AF-TKD+Gating,Progressive,False,0.020300
879,43,aftkd_hybrid,AF-TKD+Gating,Progressive,False,0.020300
880,43,aftkd_hybrid,AF-TKD+Gating,Progressive,False,0.020300
881,43,aftkd_hybrid,AF-TKD+Gating,Progressive,False,0.020300
882,43,aftkd_hybrid,AF-TKD+Gating,Progressive,False,0.020300
883,43,aftkd_hybrid,AF-TKD+Gating,Progressive,False,0.020300
884,43,aftkd_hybrid,AF-TKD+Gating,Progressive,False,0.020300
885,43,aftkd_hybrid,AF-TKD+Gating,Progressive,False,0.020300
886,43,aftkd_hybrid,AF-TKD+Gating,Progressive,False,0.020300
887,43,aftkd_hybrid,AF-TKD+Gating,Progressive,False,0.020300
888,43,aftkd_hybrid,AF-TKD+Gating,Progressive,False,0.020300
889,43,aftkd_hybrid,AF-TKD+Gating,Progressive,False,0.020300
890,43,aftkd_hybrid,AF-TKD+Gating,Progressive,False,0.020300
891,43,aftkd_hybrid,AF-TKD+Gating,Progressive,False,0.020300
892,43,aftkd_hybrid,AF-TKD+Gating,Progressive,False,0.020300
893,43,aftkd_hybrid,AF-TKD+Gating,Progressive,False,0.020300
894,43,aftkd_hybrid,AF-TKD+Gating,Progressive,False,0.020300
895,43,aftkd_hybrid,AF-TKD+Gating,Progressive,False,0.020300
896,43,aftkd_hybrid,AF-TKD+Gating,Progressive,False,0.020300
897,43,aftkd_hybrid,AF-TKD+Gating,Progressive,False,0.020300
898,43,aftkd_hybrid,AF-TKD+Gating,Progressive,False,0.020300
899,43,aftkd_hybrid,AF-TKD+Gating,Progressive,False,0.020300
900,43,aftkd_hybrid,AF-TKD+Gating,Progressive,False,0.020300
901,43,aftkd_hybrid,AF-TKD+Gating,Progressive,False,0.020300
902,43,aftkd_hybrid,AF-TKD+Gating,Progressive,False,0.020300
903,43,aftkd_hybrid,AF-TKD+Gating,Progressive,False,0.020300
904,43,aftkd_hybrid,AF-TKD+Gating,Progressive,False,0.020300
905,43,aftkd_hybrid,AF-TKD+Gating,Progressive,False,0.020300
906,43,aftkd_hybrid,AF-TKD+Gating,Progressive,False,0.020300
907,43,aftkd_hybrid,AF-TKD+Gating,Progressive,False,0.020300
908,43,aftkd_hybrid,AF-TKD+Gating,Progressive,False,0.020300
909,43,aftkd_hybrid,AF-TKD+Gating,Progressive,False,0.020300
910,43,aftkd_hybrid,AF-TKD+Gating,Progressive,False,0.020300
911,43,aftkd_hybrid,AF-TKD+Gating,Progressive,False,0.020300
912,43,aftkd_hybrid,AF-TKD+Gating,Abrupt,False,0.015200
913,43,aftkd_hybrid,AF-TKD+Gating,Abrupt,False,0.015200
914,43,aftkd_hybrid,AF-TKD+Gating,Abrupt,False,0.015200
915,43,aftkd_hybrid,AF-TKD+Gating,Abrupt,False,0.015200
916,43,aftkd_hybrid,AF-TKD+Gating,Abrupt,False,0.015200
917,43,aftkd_hybrid,AF-TKD+Gating,Abrupt,False,0.015200
918,43,aftkd_hybrid,AF-TKD+Gating,Abrupt,False,0.015200
919,43,aftkd_hybrid,AF-TKD+Gating,Abrupt,False,0.015200
920,43,aftkd_hybrid,AF-TKD+Gating,Abrupt,False,0.015200
921,43,aftkd_hybrid,AF-TKD+Gating,Abrupt,False,0.015200
922,43,aftkd_hybrid,AF-TKD+Gating,Abrupt,False,0.015200
923,43,aftkd_hybrid,AF-TKD+Gating,Abrupt,False,0.015200
924,43,aftkd_hybrid,AF-TKD+Gating,Abrupt,False,0.015200
925,43,aftkd_hybrid,AF-TKD+Gating,Abrupt,False,0.015200
926,43,aftkd_hybrid,AF-TKD+Gating,Abrupt,False,0.015200
927,43,aftkd_hybrid,AF-TKD+Gating,Abrupt,False,0.015200
928,43,aftkd_hybrid,AF-TKD+Gating,Abrupt,False,0.015200
929,43,aftkd_hybrid,AF-TKD+Gating,Abrupt,False,0.015200
930,43,aftkd_hybrid,AF-TKD+Gating,Abrupt,False,0.015200
931,43,aftkd_hybrid,AF-TKD+Gating,Abrupt,False,0.015200
932,43,aftkd_hybrid,AF-TKD+Gating,Abrupt,False,0.015200
933,43,aftkd_hybrid,AF-TKD+Gating,Abrupt,False,0.015200
934,43,aftkd_hybrid,AF-TKD+Gating,Abrupt,False,0.015200
935,43,aftkd_hybrid,AF-TKD+Gating,Abrupt,False,0.015200
936,43,aftkd_hybrid,AF-TKD+Gating,Abrupt,False,0.015200
937,43,aftkd_hybrid,AF-TKD+Gating,Abrupt,False,0.015200
938,43,aftkd_hybrid,AF-TKD+Gating,Abrupt,False,0.015200
939,43,aftkd_hybrid,AF-TKD+Gating,Abrupt,False,0.015200
940,43,aftkd_hybrid,AF-TKD+Gating,Abrupt,False,0.015200
941,43,aftkd_hybrid,AF-TKD+Gating,Abrupt,False,0.015200
942,43,aftkd_hybrid,AF-TKD+Gating,Abrupt,False,0.015200
943,43,aftkd_hybrid,AF-TKD+Gating,Abrupt,False,0.015200
944,43,aftkd_hybrid,AF-TKD+Gating,Abrupt,False,0.015200
945,43,aftkd_hybrid,AF-TKD+Gating,Abrupt,False,0.015200
946,43,aftkd_hybrid,AF-TKD+Gating,Abrupt,False,0.015200
947,43,aftkd_hybrid,AF-TKD+Gating,Abrupt,False,0.015200
948,43,aftkd_hybrid,AF-TKD+Gating,Abrupt,False,0.015200
949,43,aftkd_hybrid,AF-TKD+Gating,Abrupt,False,0.015200
950,43,aftkd_hybrid,AF-TKD+Gating,Abrupt,False,0.015200
951,43,aftkd_hybrid,AF-TKD+Gating,Abrupt,False,0.015200
952,43,aftkd_hybrid,AF-TKD+Gating,Abrupt,False,0.015200
953,43,aftkd_hybrid,AF-TKD+Gating,Abrupt,False,0.015200
954,43,aftkd_hybrid,AF-TKD+Gating,Abrupt,False,0.015200
955,43,aftkd_hybrid,AF-TKD+Gating,Abrupt,False,0.015200
956,43,aftkd_hybrid,AF-TKD+Gating,Abrupt,False,0.015200
957,43,aftkd_hybrid,AF-TKD+Gating,Abrupt,False,0.015200
958,43,aftkd_hybrid,AF-TKD+Gating,Abrupt,False,0.015200
959,43,aftkd_hybrid,AF-TKD+Gating,Abrupt,False,0.015200
960,44,baseline_fixed,LSTM-Baseline,Progressive,False,0.001400
961,44,baseline_fixed,LSTM-Baseline,Progressive,False,0.001400
962,44,baseline_fixed,LSTM-Baseline,Progressive,False,0.001400
963,44,baseline_fixed,LSTM-Baseline,Progressive,False,0.001400
964,44,baseline_fixed,LSTM-Baseline,Progressive,False,0.001400
965,44,baseline_fixed,LSTM-Baseline,Progressive,False,0.001400
966,44,baseline_fixed,LSTM-Baseline,Progressive,False,0.001400
967,44,baseline_fixed,LSTM-Baseline,Progressive,False,0.001400
968,44,baseline_fixed,LSTM-Baseline,Progressive,False,0.001400
969,44,baseline_fixed,LSTM-Baseline,Progressive,False,0.001400
970,44,baseline_fixed,LSTM-Baseline,Progressive,False,0.001400
971,44,baseline_fixed,LSTM-Baseline,Progressive,False,0.001400
972,44,baseline_fixed,LSTM-Baseline,Progressive,False,0.001400
973,44,baseline_fixed,LSTM-Baseline,Progressive,False,0.001400
974,44,baseline_fixed,LSTM-Baseline,Progressive,False,0.001400
975,44,baseline_fixed,LSTM-Baseline,Progressive,False,0.001400
976,44,baseline_fixed,LSTM-Baseline,Progressive,False,0.001400
977,44,baseline_fixed,LSTM-Baseline,Progressive,False,0.001400
978,44,baseline_fixed,LSTM-Baseline,Progressive,False,0.001400
979,44,baseline_fixed,LSTM-Baseline,Progressive,False,0.001400
980,44,baseline_fixed,LSTM-Baseline,Progressive,False,0.001400
981,44,baseline_fixed,LSTM-Baseline,Progressive,False,0.001400
982,44,baseline_fixed,LSTM-Baseline,Progressive,False,0.001400
983,44,baseline_fixed,LSTM-Baseline,Progressive,False,0.001400
984,44,baseline_fixed,LSTM-Baseline,Progressive,False,0.001400
985,44,baseline_fixed,LSTM-Baseline,Progressive,False,0.001400
986,44,baseline_fixed,LSTM-Baseline,Progressive,False,0.001400
987,44,baseline_fixed,LSTM-Baseline,Progressive,False,0.001400
988,44,baseline_fixed,LSTM-Baseline,Progressive,False,0.001400
989,44,baseline_fixed,LSTM-Baseline,Progressive,False,0.001400
990,44,baseline_fixed,LSTM-Baseline,Progressive,False,0.001400
991,44,baseline_fixed,LSTM-Baseline,Progressive,False,0.001400
992,44,baseline_fixed,LSTM-Baseline,Progressive,False,0.001400
993,44,baseline_fixed,LSTM-Baseline,Progressive,False,0.001400
994,44,baseline_fixed,LSTM-Baseline,Progressive,False,0.001400
995,44,baseline_fixed,LSTM-Baseline,Progressive,False,0.001400
996,44,baseline_fixed,LSTM-Baseline,Progressive,False,0.001400
997,44,baseline_fixed,LSTM-Baseline,Progressive,False,0.001400
998,44,baseline_fixed,LSTM-Baseline,Progressive,False,0.001400
999,44,baseline_fixed,LSTM-Baseline,Progressive,False,0.001400
1000,44,baseline_fixed,LSTM-Baseline,Progressive,False,0.001400
1001,44,baseline_fixed,LSTM-Baseline,Progressive,False,0.001400
1002,44,baseline_fixed,LSTM-Baseline,Progressive,False,0.001400
1003,44,baseline_fixed,LSTM-Baseline,Progressive,False,0.001400
1004,44,baseline_fixed,LSTM-Baseline,Progressive,False,0.001400
1005,44,baseline_fixed,LSTM-Baseline,Progressive,False,0.001400
1006,44,baseline_fixed,LSTM-Baseline,Progressive,False,0.001400
1007,44,baseline_fixed,LSTM-Baseline,Progressive,False,0.001400
1008,44,baseline_fixed,LSTM-Baseline,Progressive,False,0.001400
1009,44,baseline_fixed,LSTM-Baseline,Progressive,False,0.001400
1010,44,baseline_fixed,LSTM-Baseline,Progressive,False,0.001400
1011,44,baseline_fixed,LSTM-Baseline,Progressive,False,0.001400
1012,44,baseline_fixed,LSTM-Baseline,Progressive,False,0.001400
1013,44,baseline_fixed,LSTM-Baseline,Progressive,False,0.001400
1014,44,baseline_fixed,LSTM-Baseline,Progressive,False,0.001400
1015,44,baseline_fixed,LSTM-Baseline,Progressive,False,0.001400
1016,44,baseline_fixed,LSTM-Baseline,Progressive,False,0.001400
1017,44,baseline_fixed,LSTM-Baseline,Progressive,False,0.001400
1018,44,baseline_fixed,LSTM-Baseline,Progressive,False,0.001400
1019,44,baseline_fixed,LSTM-Baseline,Progressive,False,0.001400
1020,44,baseline_fixed,LSTM-Baseline,Progressive,False,0.001400
1021,44,baseline_fixed,LSTM-Baseline,Progressive,False,0.001400
1022,44,baseline_fixed,LSTM-Baseline,Progressive,False,0.001400
1023,44,baseline_fixed,LSTM-Baseline,Progressive,False,0.001400
1024,44,baseline_fixed,LSTM-Baseline,Progressive,False,0.001400
1025,44,baseline_fixed,LSTM-Baseline,Progressive,False,0.001400
1026,44,baseline_fixed,LSTM-Baseline,Progressive,False,0.001400
1027,44,baseline_fixed,LSTM-Baseline,Progressive,False,0.001400
1028,44,baseline_fixed,LSTM-Baseline,Progressive,False,0.001400
1029,44,baseline_fixed,LSTM-Baseline,Progressive,False,0.001400
1030,44,baseline_fixed,LSTM-Baseline,Progressive,False,0.001400
1031,44,baseline_fixed,LSTM-Baseline,Progressive,False,0.001400
1032,44,baseline_fixed,LSTM-Baseline,Abrupt,True,10.000000
1033,44,baseline_fixed,LSTM-Baseline,Abrupt,True,10.000000
1034,44,baseline_fixed,LSTM-Baseline,Abrupt,True,10.000000
1035,44,baseline_fixed,LSTM-Baseline,Abrupt,False,0.708693
1036,44,baseline_fixed,LSTM-Baseline,Abrupt,False,0.708693
1037,44,baseline_fixed,LSTM-Baseline,Abrupt,False,0.708693
1038,44,baseline_fixed,LSTM-Baseline,Abrupt,False,0.708693
1039,44,baseline_fixed,LSTM-Baseline,Abrupt,False,0.708693
1040,44,baseline_fixed,LSTM-Baseline,Abrupt,False,0.708693
1041,44,baseline_fixed,LSTM-Baseline,Abrupt,False,0.708693
1042,44,baseline_fixed,LSTM-Baseline,Abrupt,False,0.708693
1043,44,baseline_fixed,LSTM-Baseline,Abrupt,False,0.708693
1044,44,baseline_fixed,LSTM-Baseline,Abrupt,False,0.708693
1045,44,baseline_fixed,LSTM-Baseline,Abrupt,False,0.708693
1046,44,baseline_fixed,LSTM-Baseline,Abrupt,False,0.708693
1047,44,baseline_fixed,LSTM-Baseline,Abrupt,False,0.708693
1048,44,baseline_fixed,LSTM-Baseline,Abrupt,False,0.708693
1049,44,baseline_fixed,LSTM-Baseline,Abrupt,False,0.708693
1050,44,baseline_fixed,LSTM-Baseline,Abrupt,False,0.708693
1051,44,baseline_fixed,LSTM-Baseline,Abrupt,False,0.708693
1052,44,baseline_fixed,LSTM-Baseline,Abrupt,False,0.708693
1053,44,baseline_fixed,LSTM-Baseline,Abrupt,False,0.708693
1054,44,baseline_fixed,LSTM-Baseline,Abrupt,False,0.708693
1055,44,baseline_fixed,LSTM-Baseline,Abrupt,False,0.708693
1056,44,baseline_fixed,LSTM-Baseline,Abrupt,False,0.708693
1057,44,baseline_fixed,LSTM-Baseline,Abrupt,False,0.708693
1058,44,baseline_fixed,LSTM-Baseline,Abrupt,False,0.708693
1059,44,baseline_fixed,LSTM-Baseline,Abrupt,False,0.708693
1060,44,baseline_fixed,LSTM-Baseline,Abrupt,False,0.708693
1061,44,baseline_fixed,LSTM-Baseline,Abrupt,False,0.708693
1062,44,baseline_fixed,LSTM-Baseline,Abrupt,False,0.708693
1063,44,baseline_fixed,LSTM-Baseline,Abrupt,False,0.708693
1064,44,baseline_fixed,LSTM-Baseline,Abrupt,False,0.708693
1065,44,baseline_fixed,LSTM-Baseline,Abrupt,False,0.708693
1066,44,baseline_fixed,LSTM-Baseline,Abrupt,False,0.708693
1067,44,baseline_fixed,LSTM-Baseline,Abrupt,False,0.708693
1068,44,baseline_fixed,LSTM-Baseline,Abrupt,False,0.708693
1069,44,baseline_fixed,LSTM-Baseline,Abrupt,False,0.708693
1070,44,baseline_fixed,LSTM-Baseline,Abrupt,False,0.708693
1071,44,baseline_fixed,LSTM-Baseline,Abrupt,False,0.708693
1072,44,baseline_fixed,LSTM-Baseline,Abrupt,False,0.708693
1073,44,baseline_fixed,LSTM-Baseline,Abrupt,False,0.708693
1074,44,baseline_fixed,LSTM-Baseline,Abrupt,False,0.708693
1075,44,baseline_fixed,LSTM-Baseline,Abrupt,False,0.708693
1076,44,baseline_fixed,LSTM-Baseline,Abrupt,False,0.708693
1077,44,baseline_fixed,LSTM-Baseline,Abrupt,False,0.708693
1078,44,baseline_fixed,LSTM-Baseline,Abrupt,False,0.708693
1079,44,baseline_fixed,LSTM-Baseline,Abrupt,False,0.708693
1080,44,baseline_hybrid,Baseline+Gating,Progressive,False,0.130200
1081,44,baseline_hybrid,Baseline+Gating,Progressive,False,0.130200
1082,44,baseline_hybrid,Baseline+Gating,Progressive,False,0.130200
1083,44,baseline_hybrid,Baseline+Gating,Progressive,False,0.130200
1084,44,baseline_hybrid,Baseline+Gating,Progressive,False,0.130200
1085,44,baseline_hybrid,Baseline+Gating,Progressive,False,0.130200
1086,44,baseline_hybrid,Baseline+Gating,Progressive,False,0.130200
1087,44,baseline_hybrid,Baseline+Gating,Progressive,False,0.130200
1088,44,baseline_hybrid,Baseline+Gating,Progressive,False,0.130200
1089,44,baseline_hybrid,Baseline+Gating,Progressive,False,0.130200
1090,44,baseline_hybrid,Baseline+Gating,Progressive,False,0.130200
1091,44,baseline_hybrid,Baseline+Gating,Progressive,False,0.130200
1092,44,baseline_hybrid,Baseline+Gating,Progressive,False,0.130200
1093,44,baseline_hybrid,Baseline+Gating,Progressive,False,0.130200
1094,44,baseline_hybrid,Baseline+Gating,Progressive,False,0.130200
1095,44,baseline_hybrid,Baseline+Gating,Progressive,False,0.130200
1096,44,baseline_hybrid,Baseline+Gating,Progressive,False,0.130200
1097,44,baseline_hybrid,Baseline+Gating,Progressive,False,0.130200
1098,44,baseline_hybrid,Baseline+Gating,Progressive,False,0.130200
1099,44,baseline_hybrid,Baseline+Gating,Progressive,False,0.130200
1100,44,baseline_hybrid,Baseline+Gating,Progressive,False,0.130200
1101,44,baseline_hybrid,Baseline+Gating,Progressive,False,0.130200
1102,44,baseline_hybrid,Baseline+Gating,Progressive,False,0.130200
1103,44,baseline_hybrid,Baseline+Gating,Progressive,False,0.130200
1104,44,baseline_hybrid,Baseline+Gating,Progressive,False,0.130200
1105,44,baseline_hybrid,Baseline+Gating,Progressive,False,0.130200
1106,44,baseline_hybrid,Baseline+Gating,Progressive,False,0.130200
1107,44,baseline_hybrid,Baseline+Gating,Progressive,False,0.130200
1108,44,baseline_hybrid,Baseline+Gating,Progressive,False,0.130200
1109,44,baseline_hybrid,Baseline+Gating,Progressive,False,0.130200
1110,44,baseline_hybrid,Baseline+Gating,Progressive,False,0.130200
1111,44,baseline_hybrid,Baseline+Gating,Progressive,False,0.130200
1112,44,baseline_hybrid,Baseline+Gating,Progressive,False,0.130200
1113,44,baseline_hybrid,Baseline+Gating,Progressive,False,0.130200
1114,44,baseline_hybrid,Baseline+Gating,Progressive,False,0.130200
1115,44,baseline_hybrid,Baseline+Gating,Progressive,False,0.130200
1116,44,baseline_hybrid,Baseline+Gating,Progressive,False,0.130200
1117,44,baseline_hybrid,Baseline+Gating,Progressive,False,0.130200
1118,44,baseline_hybrid,Baseline+Gating,Progressive,False,0.130200
1119,44,baseline_hybrid,Baseline+Gating,Progressive,False,0.130200
1120,44,baseline_hybrid,Baseline+Gating,Progressive,False,0.130200
1121,44,baseline_hybrid,Baseline+Gating,Progressive,False,0.130200
1122,44,baseline_hybrid,Baseline+Gating,Progressive,False,0.130200
1123,44,baseline_hybrid,Baseline+Gating,Progressive,False,0.130200
1124,44,baseline_hybrid,Baseline+Gating,Progressive,False,0.130200
1125,44,baseline_hybrid,Baseline+Gating,Progressive,False,0.130200
1126,44,baseline_hybrid,Baseline+Gating,Progressive,False,0.130200
1127,44,baseline_hybrid,Baseline+Gating,Progressive,False,0.130200
1128,44,baseline_hybrid,Baseline+Gating,Progressive,False,0.130200
1129,44,baseline_hybrid,Baseline+Gating,Progressive,False,0.130200
1130,44,baseline_hybrid,Baseline+Gating,Progressive,False,0.130200
1131,44,baseline_hybrid,Baseline+Gating,Progressive,False,0.130200
1132,44,baseline_hybrid,Baseline+Gating,Progressive,False,0.130200
1133,44,baseline_hybrid,Baseline+Gating,Progressive,False,0.130200
1134,44,baseline_hybrid,Baseline+Gating,Progressive,False,0.130200
1135,44,baseline_hybrid,Baseline+Gating,Progressive,False,0.130200
1136,44,baseline_hybrid,Baseline+Gating,Progressive,False,0.130200
1137,44,baseline_hybrid,Baseline+Gating,Progressive,False,0.130200
1138,44,baseline_hybrid,Baseline+Gating,Progressive,False,0.130200
1139,44,baseline_hybrid,Baseline+Gating,Progressive,False,0.130200
1140,44,baseline_hybrid,Baseline+Gating,Progressive,False,0.130200
1141,44,baseline_hybrid,Baseline+Gating,Progressive,False,0.130200
1142,44,baseline_hybrid,Baseline+Gating,Progressive,False,0.130200
1143,44,baseline_hybrid,Baseline+Gating,Progressive,False,0.130200
1144,44,baseline_hybrid,Baseline+Gating,Progressive,False,0.130200
1145,44,baseline_hybrid,Baseline+Gating,Progressive,False,0.130200
1146,44,baseline_hybrid,Baseline+Gating,Progressive,False,0.130200
1147,44,baseline_hybrid,Baseline+Gating,Progressive,False,0.130200
1148,44,baseline_hybrid,Baseline+Gating,Progressive,False,0.130200
1149,44,baseline_hybrid,Baseline+Gating,Progressive,False,0.130200
1150,44,baseline_hybrid,Baseline+Gating,Progressive,False,0.130200
1151,44,baseline_hybrid,Baseline+Gating,Progressive,False,0.130200
1152,44,baseline_hybrid,Baseline+Gating,Abrupt,True,10.000000
1153,44,baseline_hybrid,Baseline+Gating,Abrupt,True,10.000000
1154,44,baseline_hybrid,Baseline+Gating,Abrupt,True,10.000000
1155,44,baseline_hybrid,Baseline+Gating,Abrupt,False,0.708693
1156,44,baseline_hybrid,Baseline+Gating,Abrupt,False,0.708693
1157,44,baseline_hybrid,Baseline+Gating,Abrupt,False,0.708693
1158,44,baseline_hybrid,Baseline+Gating,Abrupt,False,0.708693
1159,44,baseline_hybrid,Baseline+Gating,Abrupt,False,0.708693
1160,44,baseline_hybrid,Baseline+Gating,Abrupt,False,0.708693
1161,44,baseline_hybrid,Baseline+Gating,Abrupt,False,0.708693
1162,44,baseline_hybrid,Baseline+Gating,Abrupt,False,0.708693
1163,44,baseline_hybrid,Baseline+Gating,Abrupt,False,0.708693
1164,44,baseline_hybrid,Baseline+Gating,Abrupt,False,0.708693
1165,44,baseline_hybrid,Baseline+Gating,Abrupt,False,0.708693
1166,44,baseline_hybrid,Baseline+Gating,Abrupt,False,0.708693
1167,44,baseline_hybrid,Baseline+Gating,Abrupt,False,0.708693
1168,44,baseline_hybrid,Baseline+Gating,Abrupt,False,0.708693
1169,44,baseline_hybrid,Baseline+Gating,Abrupt,False,0.708693
1170,44,baseline_hybrid,Baseline+Gating,Abrupt,False,0.708693
1171,44,baseline_hybrid,Baseline+Gating,Abrupt,False,0.708693
1172,44,baseline_hybrid,Baseline+Gating,Abrupt,False,0.708693
1173,44,baseline_hybrid,Baseline+Gating,Abrupt,False,0.708693
1174,44,baseline_hybrid,Baseline+Gating,Abrupt,False,0.708693
1175,44,baseline_hybrid,Baseline+Gating,Abrupt,False,0.708693
1176,44,baseline_hybrid,Baseline+Gating,Abrupt,False,0.708693
1177,44,baseline_hybrid,Baseline+Gating,Abrupt,False,0.708693
1178,44,baseline_hybrid,Baseline+Gating,Abrupt,False,0.708693
1179,44,baseline_hybrid,Baseline+Gating,Abrupt,False,0.708693
1180,44,baseline_hybrid,Baseline+Gating,Abrupt,False,0.708693
1181,44,baseline_hybrid,Baseline+Gating,Abrupt,False,0.708693
1182,44,baseline_hybrid,Baseline+Gating,Abrupt,False,0.708693
1183,44,baseline_hybrid,Baseline+Gating,Abrupt,False,0.708693
1184,44,baseline_hybrid,Baseline+Gating,Abrupt,False,0.708693
1185,44,baseline_hybrid,Baseline+Gating,Abrupt,False,0.708693
1186,44,baseline_hybrid,Baseline+Gating,Abrupt,False,0.708693
1187,44,baseline_hybrid,Baseline+Gating,Abrupt,False,0.708693
1188,44,baseline_hybrid,Baseline+Gating,Abrupt,False,0.708693
1189,44,baseline_hybrid,Baseline+Gating,Abrupt,False,0.708693
1190,44,baseline_hybrid,Baseline+Gating,Abrupt,False,0.708693
1191,44,baseline_hybrid,Baseline+Gating,Abrupt,False,0.708693
1192,44,baseline_hybrid,Baseline+Gating,Abrupt,False,0.708693
1193,44,baseline_hybrid,Baseline+Gating,Abrupt,False,0.708693
1194,44,baseline_hybrid,Baseline+Gating,Abrupt,False,0.708693
1195,44,baseline_hybrid,Baseline+Gating,Abrupt,False,0.708693
1196,44,baseline_hybrid,Baseline+Gating,Abrupt,False,0.708693
1197,44,baseline_hybrid,Baseline+Gating,Abrupt,False,0.708693
1198,44,baseline_hybrid,Baseline+Gating,Abrupt,False,0.708693
1199,44,baseline_hybrid,Baseline+Gating,Abrupt,False,0.708693
1200,44,aftkd_fixed,AF-TKD Fixo,Progressive,False,0.002900
1201,44,aftkd_fixed,AF-TKD Fixo,Progressive,False,0.002900
1202,44,aftkd_fixed,AF-TKD Fixo,Progressive,False,0.002900
1203,44,aftkd_fixed,AF-TKD Fixo,Progressive,False,0.002900
1204,44,aftkd_fixed,AF-TKD Fixo,Progressive,False,0.002900
1205,44,aftkd_fixed,AF-TKD Fixo,Progressive,False,0.002900
1206,44,aftkd_fixed,AF-TKD Fixo,Progressive,False,0.002900
1207,44,aftkd_fixed,AF-TKD Fixo,Progressive,False,0.002900
1208,44,aftkd_fixed,AF-TKD Fixo,Progressive,False,0.002900
1209,44,aftkd_fixed,AF-TKD Fixo,Progressive,False,0.002900
1210,44,aftkd_fixed,AF-TKD Fixo,Progressive,False,0.002900
1211,44,aftkd_fixed,AF-TKD Fixo,Progressive,False,0.002900
1212,44,aftkd_fixed,AF-TKD Fixo,Progressive,False,0.002900
1213,44,aftkd_fixed,AF-TKD Fixo,Progressive,False,0.002900
1214,44,aftkd_fixed,AF-TKD Fixo,Progressive,False,0.002900
1215,44,aftkd_fixed,AF-TKD Fixo,Progressive,False,0.002900
1216,44,aftkd_fixed,AF-TKD Fixo,Progressive,False,0.002900
1217,44,aftkd_fixed,AF-TKD Fixo,Progressive,False,0.002900
1218,44,aftkd_fixed,AF-TKD Fixo,Progressive,False,0.002900
1219,44,aftkd_fixed,AF-TKD Fixo,Progressive,False,0.002900
1220,44,aftkd_fixed,AF-TKD Fixo,Progressive,False,0.002900
1221,44,aftkd_fixed,AF-TKD Fixo,Progressive,False,0.002900
1222,44,aftkd_fixed,AF-TKD Fixo,Progressive,False,0.002900
1223,44,aftkd_fixed,AF-TKD Fixo,Progressive,False,0.002900
1224,44,aftkd_fixed,AF-TKD Fixo,Progressive,False,0.002900
1225,44,aftkd_fixed,AF-TKD Fixo,Progressive,False,0.002900
1226,44,aftkd_fixed,AF-TKD Fixo,Progressive,False,0.002900
1227,44,aftkd_fixed,AF-TKD Fixo,Progressive,False,0.002900
1228,44,aftkd_fixed,AF-TKD Fixo,Progressive,False,0.002900
1229,44,aftkd_fixed,AF-TKD Fixo,Progressive,False,0.002900
1230,44,aftkd_fixed,AF-TKD Fixo,Progressive,False,0.002900
1231,44,aftkd_fixed,AF-TKD Fixo,Progressive,False,0.002900
1232,44,aftkd_fixed,AF-TKD Fixo,Progressive,False,0.002900
1233,44,aftkd_fixed,AF-TKD Fixo,Progressive,False,0.002900
1234,44,aftkd_fixed,AF-TKD Fixo,Progressive,False,0.002900
1235,44,aftkd_fixed,AF-TKD Fixo,Progressive,False,0.002900
1236,44,aftkd_fixed,AF-TKD Fixo,Progressive,False,0.002900
1237,44,aftkd_fixed,AF-TKD Fixo,Progressive,False,0.002900
1238,44,aftkd_fixed,AF-TKD Fixo,Progressive,False,0.002900
1239,44,aftkd_fixed,AF-TKD Fixo,Progressive,False,0.002900
1240,44,aftkd_fixed,AF-TKD Fixo,Progressive,False,0.002900
1241,44,aftkd_fixed,AF-TKD Fixo,Progressive,False,0.002900
1242,44,aftkd_fixed,AF-TKD Fixo,Progressive,False,0.002900
1243,44,aftkd_fixed,AF-TKD Fixo,Progressive,False,0.002900
1244,44,aftkd_fixed,AF-TKD Fixo,Progressive,False,0.002900
1245,44,aftkd_fixed,AF-TKD Fixo,Progressive,False,0.002900
1246,44,aftkd_fixed,AF-TKD Fixo,Progressive,False,0.002900
1247,44,aftkd_fixed,AF-TKD Fixo,Progressive,False,0.002900
1248,44,aftkd_fixed,AF-TKD Fixo,Progressive,False,0.002900
1249,44,aftkd_fixed,AF-TKD Fixo,Progressive,False,0.002900
1250,44,aftkd_fixed,AF-TKD Fixo,Progressive,False,0.002900
1251,44,aftkd_fixed,AF-TKD Fixo,Progressive,False,0.002900
1252,44,aftkd_fixed,AF-TKD Fixo,Progressive,False,0.002900
1253,44,aftkd_fixed,AF-TKD Fixo,Progressive,False,0.002900
1254,44,aftkd_fixed,AF-TKD Fixo,Progressive,False,0.002900
1255,44,aftkd_fixed,AF-TKD Fixo,Progressive,False,0.002900
1256,44,aftkd_fixed,AF-TKD Fixo,Progressive,False,0.002900
1257,44,aftkd_fixed,AF-TKD Fixo,Progressive,False,0.002900
1258,44,aftkd_fixed,AF-TKD Fixo,Progressive,False,0.002900
1259,44,aftkd_fixed,AF-TKD Fixo,Progressive,False,0.002900
1260,44,aftkd_fixed,AF-TKD Fixo,Progressive,False,0.002900
1261,44,aftkd_fixed,AF-TKD Fixo,Progressive,False,0.002900
1262,44,aftkd_fixed,AF-TKD Fixo,Progressive,False,0.002900
1263,44,aftkd_fixed,AF-TKD Fixo,Progressive,False,0.002900
1264,44,aftkd_fixed,AF-TKD Fixo,Progressive,False,0.002900
1265,44,aftkd_fixed,AF-TKD Fixo,Progressive,False,0.002900
1266,44,aftkd_fixed,AF-TKD Fixo,Progressive,False,0.002900
1267,44,aftkd_fixed,AF-TKD Fixo,Progressive,False,0.002900
1268,44,aftkd_fixed,AF-TKD Fixo,Progressive,False,0.002900
1269,44,aftkd_fixed,AF-TKD Fixo,Progressive,False,0.002900
1270,44,aftkd_fixed,AF-TKD Fixo,Progressive,False,0.002900
1271,44,aftkd_fixed,AF-TKD Fixo,Progressive,False,0.002900
1272,44,aftkd_fixed,AF-TKD Fixo,Abrupt,False,0.000000
1273,44,aftkd_fixed,AF-TKD Fixo,Abrupt,False,0.000000
1274,44,aftkd_fixed,AF-TKD Fixo,Abrupt,False,0.000000
1275,44,aftkd_fixed,AF-TKD Fixo,Abrupt,False,0.000000
1276,44,aftkd_fixed,AF-TKD Fixo,Abrupt,False,0.000000
1277,44,aftkd_fixed,AF-TKD Fixo,Abrupt,False,0.000000
1278,44,aftkd_fixed,AF-TKD Fixo,Abrupt,False,0.000000
1279,44,aftkd_fixed,AF-TKD Fixo,Abrupt,False,0.000000
1280,44,aftkd_fixed,AF-TKD Fixo,Abrupt,False,0.000000
1281,44,aftkd_fixed,AF-TKD Fixo,Abrupt,False,0.000000
1282,44,aftkd_fixed,AF-TKD Fixo,Abrupt,False,0.000000
1283,44,aftkd_fixed,AF-TKD Fixo,Abrupt,False,0.000000
1284,44,aftkd_fixed,AF-TKD Fixo,Abrupt,False,0.000000
1285,44,aftkd_fixed,AF-TKD Fixo,Abrupt,False,0.000000
1286,44,aftkd_fixed,AF-TKD Fixo,Abrupt,False,0.000000
1287,44,aftkd_fixed,AF-TKD Fixo,Abrupt,False,0.000000
1288,44,aftkd_fixed,AF-TKD Fixo,Abrupt,False,0.000000
1289,44,aftkd_fixed,AF-TKD Fixo,Abrupt,False,0.000000
1290,44,aftkd_fixed,AF-TKD Fixo,Abrupt,False,0.000000
1291,44,aftkd_fixed,AF-TKD Fixo,Abrupt,False,0.000000
1292,44,aftkd_fixed,AF-TKD Fixo,Abrupt,False,0.000000
1293,44,aftkd_fixed,AF-TKD Fixo,Abrupt,False,0.000000
1294,44,aftkd_fixed,AF-TKD Fixo,Abrupt,False,0.000000
1295,44,aftkd_fixed,AF-TKD Fixo,Abrupt,False,0.000000
1296,44,aftkd_fixed,AF-TKD Fixo,Abrupt,False,0.000000
1297,44,aftkd_fixed,AF-TKD Fixo,Abrupt,False,0.000000
1298,44,aftkd_fixed,AF-TKD Fixo,Abrupt,False,0.000000
1299,44,aftkd_fixed,AF-TKD Fixo,Abrupt,False,0.000000
1300,44,aftkd_fixed,AF-TKD Fixo,Abrupt,False,0.000000
1301,44,aftkd_fixed,AF-TKD Fixo,Abrupt,False,0.000000
1302,44,aftkd_fixed,AF-TKD Fixo,Abrupt,False,0.000000
1303,44,aftkd_fixed,AF-TKD Fixo,Abrupt,False,0.000000
1304,44,aftkd_fixed,AF-TKD Fixo,Abrupt,False,0.000000
1305,44,aftkd_fixed,AF-TKD Fixo,Abrupt,False,0.000000
1306,44,aftkd_fixed,AF-TKD Fixo,Abrupt,False,0.000000
1307,44,aftkd_fixed,AF-TKD Fixo,Abrupt,False,0.000000
1308,44,aftkd_fixed,AF-TKD Fixo,Abrupt,False,0.000000
1309,44,aftkd_fixed,AF-TKD Fixo,Abrupt,False,0.000000
1310,44,aftkd_fixed,AF-TKD Fixo,Abrupt,False,0.000000
1311,44,aftkd_fixed,AF-TKD Fixo,Abrupt,False,0.000000
1312,44,aftkd_fixed,AF-TKD Fixo,Abrupt,False,0.000000
1313,44,aftkd_fixed,AF-TKD Fixo,Abrupt,False,0.000000
1314,44,aftkd_fixed,AF-TKD Fixo,Abrupt,False,0.000000
1315,44,aftkd_fixed,AF-TKD Fixo,Abrupt,False,0.000000
1316,44,aftkd_fixed,AF-TKD Fixo,Abrupt,False,0.000000
1317,44,aftkd_fixed,AF-TKD Fixo,Abrupt,False,0.000000
1318,44,aftkd_fixed,AF-TKD Fixo,Abrupt,False,0.000000
1319,44,aftkd_fixed,AF-TKD Fixo,Abrupt,False,0.000000
1320,44,aftkd_hybrid,AF-TKD+Gating,Progressive,False,0.018800
1321,44,aftkd_hybrid,AF-TKD+Gating,Progressive,False,0.018800
1322,44,aftkd_hybrid,AF-TKD+Gating,Progressive,False,0.018800
1323,44,aftkd_hybrid,AF-TKD+Gating,Progressive,False,0.018800
1324,44,aftkd_hybrid,AF-TKD+Gating,Progressive,False,0.018800
1325,44,aftkd_hybrid,AF-TKD+Gating,Progressive,False,0.018800
1326,44,aftkd_hybrid,AF-TKD+Gating,Progressive,False,0.018800
1327,44,aftkd_hybrid,AF-TKD+Gating,Progressive,False,0.018800
1328,44,aftkd_hybrid,AF-TKD+Gating,Progressive,False,0.018800
1329,44,aftkd_hybrid,AF-TKD+Gating,Progressive,False,0.018800
1330,44,aftkd_hybrid,AF-TKD+Gating,Progressive,False,0.018800
1331,44,aftkd_hybrid,AF-TKD+Gating,Progressive,False,0.018800
1332,44,aftkd_hybrid,AF-TKD+Gating,Progressive,False,0.018800
1333,44,aftkd_hybrid,AF-TKD+Gating,Progressive,False,0.018800
1334,44,aftkd_hybrid,AF-TKD+Gating,Progressive,False,0.018800
1335,44,aftkd_hybrid,AF-TKD+Gating,Progressive,False,0.018800
1336,44,aftkd_hybrid,AF-TKD+Gating,Progressive,False,0.018800
1337,44,aftkd_hybrid,AF-TKD+Gating,Progressive,False,0.018800
1338,44,aftkd_hybrid,AF-TKD+Gating,Progressive,False,0.018800
1339,44,aftkd_hybrid,AF-TKD+Gating,Progressive,False,0.018800
1340,44,aftkd_hybrid,AF-TKD+Gating,Progressive,False,0.018800
1341,44,aftkd_hybrid,AF-TKD+Gating,Progressive,False,0.018800
1342,44,aftkd_hybrid,AF-TKD+Gating,Progressive,False,0.018800
1343,44,aftkd_hybrid,AF-TKD+Gating,Progressive,False,0.018800
1344,44,aftkd_hybrid,AF-TKD+Gating,Progressive,False,0.018800
1345,44,aftkd_hybrid,AF-TKD+Gating,Progressive,False,0.018800
1346,44,aftkd_hybrid,AF-TKD+Gating,Progressive,False,0.018800
1347,44,aftkd_hybrid,AF-TKD+Gating,Progressive,False,0.018800
1348,44,aftkd_hybrid,AF-TKD+Gating,Progressive,False,0.018800
1349,44,aftkd_hybrid,AF-TKD+Gating,Progressive,False,0.018800
1350,44,aftkd_hybrid,AF-TKD+Gating,Progressive,False,0.018800
1351,44,aftkd_hybrid,AF-TKD+Gating,Progressive,False,0.018800
1352,44,aftkd_hybrid,AF-TKD+Gating,Progressive,False,0.018800
1353,44,aftkd_hybrid,AF-TKD+Gating,Progressive,False,0.018800
1354,44,aftkd_hybrid,AF-TKD+Gating,Progressive,False,0.018800
1355,44,aftkd_hybrid,AF-TKD+Gating,Progressive,False,0.018800
1356,44,aftkd_hybrid,AF-TKD+Gating,Progressive,False,0.018800
1357,44,aftkd_hybrid,AF-TKD+Gating,Progressive,False,0.018800
1358,44,aftkd_hybrid,AF-TKD+Gating,Progressive,False,0.018800
1359,44,aftkd_hybrid,AF-TKD+Gating,Progressive,False,0.018800
1360,44,aftkd_hybrid,AF-TKD+Gating,Progressive,False,0.018800
1361,44,aftkd_hybrid,AF-TKD+Gating,Progressive,False,0.018800
1362,44,aftkd_hybrid,AF-TKD+Gating,Progressive,False,0.018800
1363,44,aftkd_hybrid,AF-TKD+Gating,Progressive,False,0.018800
1364,44,aftkd_hybrid,AF-TKD+Gating,Progressive,False,0.018800
1365,44,aftkd_hybrid,AF-TKD+Gating,Progressive,False,0.018800
1366,44,aftkd_hybrid,AF-TKD+Gating,Progressive,False,0.018800
1367,44,aftkd_hybrid,AF-TKD+Gating,Progressive,False,0.018800
1368,44,aftkd_hybrid,AF-TKD+Gating,Progressive,False,0.018800
1369,44,aftkd_hybrid,AF-TKD+Gating,Progressive,False,0.018800
1370,44,aftkd_hybrid,AF-TKD+Gating,Progressive,False,0.018800
1371,44,aftkd_hybrid,AF-TKD+Gating,Progressive,False,0.018800
1372,44,aftkd_hybrid,AF-TKD+Gating,Progressive,False,0.018800
1373,44,aftkd_hybrid,AF-TKD+Gating,Progressive,False,0.018800
1374,44,aftkd_hybrid,AF-TKD+Gating,Progressive,False,0.018800
1375,44,aftkd_hybrid,AF-TKD+Gating,Progressive,False,0.018800
1376,44,aftkd_hybrid,AF-TKD+Gating,Progressive,False,0.018800
1377,44,aftkd_hybrid,AF-TKD+Gating,Progressive,False,0.018800
1378,44,aftkd_hybrid,AF-TKD+Gating,Progressive,False,0.018800
1379,44,aftkd_hybrid,AF-TKD+Gating,Progressive,False,0.018800
1380,44,aftkd_hybrid,AF-TKD+Gating,Progressive,False,0.018800
1381,44,aftkd_hybrid,AF-TKD+Gating,Progressive,False,0.018800
1382,44,aftkd_hybrid,AF-TKD+Gating,Progressive,False,0.018800
1383,44,aftkd_hybrid,AF-TKD+Gating,Progressive,False,0.018800
1384,44,aftkd_hybrid,AF-TKD+Gating,Progressive,False,0.018800
1385,44,aftkd_hybrid,AF-TKD+Gating,Progressive,False,0.018800
1386,44,aftkd_hybrid,AF-TKD+Gating,Progressive,False,0.018800
1387,44,aftkd_hybrid,AF-TKD+Gating,Progressive,False,0.018800
1388,44,aftkd_hybrid,AF-TKD+Gating,Progressive,False,0.018800
1389,44,aftkd_hybrid,AF-TKD+Gating,Progressive,False,0.018800
1390,44,aftkd_hybrid,AF-TKD+Gating,Progressive,False,0.018800
1391,44,aftkd_hybrid,AF-TKD+Gating,Progressive,False,0.018800
1392,44,aftkd_hybrid,AF-TKD+Gating,Abrupt,False,0.000000
1393,44,aftkd_hybrid,AF-TKD+Gating,Abrupt,False,0.000000
1394,44,aftkd_hybrid,AF-TKD+Gating,Abrupt,False,0.000000
1395,44,aftkd_hybrid,AF-TKD+Gating,Abrupt,False,0.000000
1396,44,aftkd_hybrid,AF-TKD+Gating,Abrupt,False,0.000000
1397,44,aftkd_hybrid,AF-TKD+Gating,Abrupt,False,0.000000
1398,44,aftkd_hybrid,AF-TKD+Gating,Abrupt,False,0.000000
1399,44,aftkd_hybrid,AF-TKD+Gating,Abrupt,False,0.000000
1400,44,aftkd_hybrid,AF-TKD+Gating,Abrupt,False,0.000000
1401,44,aftkd_hybrid,AF-TKD+Gating,Abrupt,False,0.000000
1402,44,aftkd_hybrid,AF-TKD+Gating,Abrupt,False,0.000000
1403,44,aftkd_hybrid,AF-TKD+Gating,Abrupt,False,0.000000
1404,44,aftkd_hybrid,AF-TKD+Gating,Abrupt,False,0.000000
1405,44,aftkd_hybrid,AF-TKD+Gating,Abrupt,False,0.000000
1406,44,aftkd_hybrid,AF-TKD+Gating,Abrupt,False,0.000000
1407,44,aftkd_hybrid,AF-TKD+Gating,Abrupt,False,0.000000
1408,44,aftkd_hybrid,AF-TKD+Gating,Abrupt,False,0.000000
1409,44,aftkd_hybrid,AF-TKD+Gating,Abrupt,False,0.000000
1410,44,aftkd_hybrid,AF-TKD+Gating,Abrupt,False,0.000000
1411,44,aftkd_hybrid,AF-TKD+Gating,Abrupt,False,0.000000
1412,44,aftkd_hybrid,AF-TKD+Gating,Abrupt,False,0.000000
1413,44,aftkd_hybrid,AF-TKD+Gating,Abrupt,False,0.000000
1414,44,aftkd_hybrid,AF-TKD+Gating,Abrupt,False,0.000000
1415,44,aftkd_hybrid,AF-TKD+Gating,Abrupt,False,0.000000
1416,44,aftkd_hybrid,AF-TKD+Gating,Abrupt,False,0.000000
1417,44,aftkd_hybrid,AF-TKD+Gating,Abrupt,False,0.000000
1418,44,aftkd_hybrid,AF-TKD+Gating,Abrupt,False,0.000000
1419,44,aftkd_hybrid,AF-TKD+Gating,Abrupt,False,0.000000
1420,44,aftkd_hybrid,AF-TKD+Gating,Abrupt,False,0.000000
1421,44,aftkd_hybrid,AF-TKD+Gating,Abrupt,False,0.000000
1422,44,aftkd_hybrid,AF-TKD+Gating,Abrupt,False,0.000000
1423,44,aftkd_hybrid,AF-TKD+Gating,Abrupt,False,0.000000
1424,44,aftkd_hybrid,AF-TKD+Gating,Abrupt,False,0.000000
1425,44,aftkd_hybrid,AF-TKD+Gating,Abrupt,False,0.000000
1426,44,aftkd_hybrid,AF-TKD+Gating,Abrupt,False,0.000000
1427,44,aftkd_hybrid,AF-TKD+Gating,Abrupt,False,0.000000
1428,44,aftkd_hybrid,AF-TKD+Gating,Abrupt,False,0.000000
1429,44,aftkd_hybrid,AF-TKD+Gating,Abrupt,False,0.000000
1430,44,aftkd_hybrid,AF-TKD+Gating,Abrupt,False,0.000000
1431,44,aftkd_hybrid,AF-TKD+Gating,Abrupt,False,0.000000
1432,44,aftkd_hybrid,AF-TKD+Gating,Abrupt,False,0.000000
1433,44,aftkd_hybrid,AF-TKD+Gating,Abrupt,False,0.000000
1434,44,aftkd_hybrid,AF-TKD+Gating,Abrupt,False,0.000000
1435,44,aftkd_hybrid,AF-TKD+Gating,Abrupt,False,0.000000
1436,44,aftkd_hybrid,AF-TKD+Gating,Abrupt,False,0.000000
1437,44,aftkd_hybrid,AF-TKD+Gating,Abrupt,False,0.000000
1438,44,aftkd_hybrid,AF-TKD+Gating,Abrupt,False,0.000000
1439,44,aftkd_hybrid,AF-TKD+Gating,Abrupt,False,0.000000
1440,45,baseline_fixed,LSTM-Baseline,Progressive,False,0.028900
1441,45,baseline_fixed,LSTM-Baseline,Progressive,False,0.028900
1442,45,baseline_fixed,LSTM-Baseline,Progressive,False,0.028900
1443,45,baseline_fixed,LSTM-Baseline,Progressive,False,0.028900
1444,45,baseline_fixed,LSTM-Baseline,Progressive,False,0.028900
1445,45,baseline_fixed,LSTM-Baseline,Progressive,False,0.028900
1446,45,baseline_fixed,LSTM-Baseline,Progressive,False,0.028900
1447,45,baseline_fixed,LSTM-Baseline,Progressive,False,0.028900
1448,45,baseline_fixed,LSTM-Baseline,Progressive,False,0.028900
1449,45,baseline_fixed,LSTM-Baseline,Progressive,False,0.028900
1450,45,baseline_fixed,LSTM-Baseline,Progressive,False,0.028900
1451,45,baseline_fixed,LSTM-Baseline,Progressive,False,0.028900
1452,45,baseline_fixed,LSTM-Baseline,Progressive,False,0.028900
1453,45,baseline_fixed,LSTM-Baseline,Progressive,False,0.028900
1454,45,baseline_fixed,LSTM-Baseline,Progressive,False,0.028900
1455,45,baseline_fixed,LSTM-Baseline,Progressive,False,0.028900
1456,45,baseline_fixed,LSTM-Baseline,Progressive,False,0.028900
1457,45,baseline_fixed,LSTM-Baseline,Progressive,False,0.028900
1458,45,baseline_fixed,LSTM-Baseline,Progressive,False,0.028900
1459,45,baseline_fixed,LSTM-Baseline,Progressive,False,0.028900
1460,45,baseline_fixed,LSTM-Baseline,Progressive,False,0.028900
1461,45,baseline_fixed,LSTM-Baseline,Progressive,False,0.028900
1462,45,baseline_fixed,LSTM-Baseline,Progressive,False,0.028900
1463,45,baseline_fixed,LSTM-Baseline,Progressive,False,0.028900
1464,45,baseline_fixed,LSTM-Baseline,Progressive,False,0.028900
1465,45,baseline_fixed,LSTM-Baseline,Progressive,False,0.028900
1466,45,baseline_fixed,LSTM-Baseline,Progressive,False,0.028900
1467,45,baseline_fixed,LSTM-Baseline,Progressive,False,0.028900
1468,45,baseline_fixed,LSTM-Baseline,Progressive,False,0.028900
1469,45,baseline_fixed,LSTM-Baseline,Progressive,False,0.028900
1470,45,baseline_fixed,LSTM-Baseline,Progressive,False,0.028900
1471,45,baseline_fixed,LSTM-Baseline,Progressive,False,0.028900
1472,45,baseline_fixed,LSTM-Baseline,Progressive,False,0.028900
1473,45,baseline_fixed,LSTM-Baseline,Progressive,False,0.028900
1474,45,baseline_fixed,LSTM-Baseline,Progressive,False,0.028900
1475,45,baseline_fixed,LSTM-Baseline,Progressive,False,0.028900
1476,45,baseline_fixed,LSTM-Baseline,Progressive,False,0.028900
1477,45,baseline_fixed,LSTM-Baseline,Progressive,False,0.028900
1478,45,baseline_fixed,LSTM-Baseline,Progressive,False,0.028900
1479,45,baseline_fixed,LSTM-Baseline,Progressive,False,0.028900
1480,45,baseline_fixed,LSTM-Baseline,Progressive,False,0.028900
1481,45,baseline_fixed,LSTM-Baseline,Progressive,False,0.028900
1482,45,baseline_fixed,LSTM-Baseline,Progressive,False,0.028900
1483,45,baseline_fixed,LSTM-Baseline,Progressive,False,0.028900
1484,45,baseline_fixed,LSTM-Baseline,Progressive,False,0.028900
1485,45,baseline_fixed,LSTM-Baseline,Progressive,False,0.028900
1486,45,baseline_fixed,LSTM-Baseline,Progressive,False,0.028900
1487,45,baseline_fixed,LSTM-Baseline,Progressive,False,0.028900
1488,45,baseline_fixed,LSTM-Baseline,Progressive,False,0.028900
1489,45,baseline_fixed,LSTM-Baseline,Progressive,False,0.028900
1490,45,baseline_fixed,LSTM-Baseline,Progressive,False,0.028900
1491,45,baseline_fixed,LSTM-Baseline,Progressive,False,0.028900
1492,45,baseline_fixed,LSTM-Baseline,Progressive,False,0.028900
1493,45,baseline_fixed,LSTM-Baseline,Progressive,False,0.028900
1494,45,baseline_fixed,LSTM-Baseline,Progressive,False,0.028900
1495,45,baseline_fixed,LSTM-Baseline,Progressive,False,0.028900
1496,45,baseline_fixed,LSTM-Baseline,Progressive,False,0.028900
1497,45,baseline_fixed,LSTM-Baseline,Progressive,False,0.028900
1498,45,baseline_fixed,LSTM-Baseline,Progressive,False,0.028900
1499,45,baseline_fixed,LSTM-Baseline,Progressive,False,0.028900
1500,45,baseline_fixed,LSTM-Baseline,Progressive,False,0.028900
1501,45,baseline_fixed,LSTM-Baseline,Progressive,False,0.028900
1502,45,baseline_fixed,LSTM-Baseline,Progressive,False,0.028900
1503,45,baseline_fixed,LSTM-Baseline,Progressive,False,0.028900
1504,45,baseline_fixed,LSTM-Baseline,Progressive,False,0.028900
1505,45,baseline_fixed,LSTM-Baseline,Progressive,False,0.028900
1506,45,baseline_fixed,LSTM-Baseline,Progressive,False,0.028900
1507,45,baseline_fixed,LSTM-Baseline,Progressive,False,0.028900
1508,45,baseline_fixed,LSTM-Baseline,Progressive,False,0.028900
1509,45,baseline_fixed,LSTM-Baseline,Progressive,False,0.028900
1510,45,baseline_fixed,LSTM-Baseline,Progressive,False,0.028900
1511,45,baseline_fixed,LSTM-Baseline,Progressive,False,0.028900
1512,45,baseline_fixed,LSTM-Baseline,Abrupt,True,10.000000
1513,45,baseline_fixed,LSTM-Baseline,Abrupt,True,10.000000
1514,45,baseline_fixed,LSTM-Baseline,Abrupt,True,10.000000
1515,45,baseline_fixed,LSTM-Baseline,Abrupt,True,10.000000
1516,45,baseline_fixed,LSTM-Baseline,Abrupt,True,10.000000
1517,45,baseline_fixed,LSTM-Baseline,Abrupt,True,10.000000
1518,45,baseline_fixed,LSTM-Baseline,Abrupt,True,10.000000
1519,45,baseline_fixed,LSTM-Baseline,Abrupt,True,10.000000
1520,45,baseline_fixed,LSTM-Baseline,Abrupt,True,10.000000
1521,45,baseline_fixed,LSTM-Baseline,Abrupt,True,10.000000
1522,45,baseline_fixed,LSTM-Baseline,Abrupt,True,10.000000
1523,45,baseline_fixed,LSTM-Baseline,Abrupt,True,10.000000
1524,45,baseline_fixed,LSTM-Baseline,Abrupt,True,10.000000
1525,45,baseline_fixed,LSTM-Baseline,Abrupt,True,10.000000
1526,45,baseline_fixed,LSTM-Baseline,Abrupt,False,1.276000
1527,45,baseline_fixed,LSTM-Baseline,Abrupt,False,1.276000
1528,45,baseline_fixed,LSTM-Baseline,Abrupt,False,1.276000
1529,45,baseline_fixed,LSTM-Baseline,Abrupt,False,1.276000
1530,45,baseline_fixed,LSTM-Baseline,Abrupt,False,1.276000
1531,45,baseline_fixed,LSTM-Baseline,Abrupt,False,1.276000
1532,45,baseline_fixed,LSTM-Baseline,Abrupt,False,1.276000
1533,45,baseline_fixed,LSTM-Baseline,Abrupt,False,1.276000
1534,45,baseline_fixed,LSTM-Baseline,Abrupt,False,1.276000
1535,45,baseline_fixed,LSTM-Baseline,Abrupt,False,1.276000
1536,45,baseline_fixed,LSTM-Baseline,Abrupt,False,1.276000
1537,45,baseline_fixed,LSTM-Baseline,Abrupt,False,1.276000
1538,45,baseline_fixed,LSTM-Baseline,Abrupt,False,1.276000
1539,45,baseline_fixed,LSTM-Baseline,Abrupt,False,1.276000
1540,45,baseline_fixed,LSTM-Baseline,Abrupt,False,1.276000
1541,45,baseline_fixed,LSTM-Baseline,Abrupt,False,1.276000
1542,45,baseline_fixed,LSTM-Baseline,Abrupt,False,1.276000
1543,45,baseline_fixed,LSTM-Baseline,Abrupt,False,1.276000
1544,45,baseline_fixed,LSTM-Baseline,Abrupt,False,1.276000
1545,45,baseline_fixed,LSTM-Baseline,Abrupt,False,1.276000
1546,45,baseline_fixed,LSTM-Baseline,Abrupt,False,1.276000
1547,45,baseline_fixed,LSTM-Baseline,Abrupt,False,1.276000
1548,45,baseline_fixed,LSTM-Baseline,Abrupt,False,1.276000
1549,45,baseline_fixed,LSTM-Baseline,Abrupt,False,1.276000
1550,45,baseline_fixed,LSTM-Baseline,Abrupt,False,1.276000
1551,45,baseline_fixed,LSTM-Baseline,Abrupt,False,1.276000
1552,45,baseline_fixed,LSTM-Baseline,Abrupt,False,1.276000
1553,45,baseline_fixed,LSTM-Baseline,Abrupt,False,1.276000
1554,45,baseline_fixed,LSTM-Baseline,Abrupt,False,1.276000
1555,45,baseline_fixed,LSTM-Baseline,Abrupt,False,1.276000
1556,45,baseline_fixed,LSTM-Baseline,Abrupt,False,1.276000
1557,45,baseline_fixed,LSTM-Baseline,Abrupt,False,1.276000
1558,45,baseline_fixed,LSTM-Baseline,Abrupt,False,1.276000
1559,45,baseline_fixed,LSTM-Baseline,Abrupt,False,1.276000
1560,45,baseline_hybrid,Baseline+Gating,Progressive,False,0.224200
1561,45,baseline_hybrid,Baseline+Gating,Progressive,False,0.224200
1562,45,baseline_hybrid,Baseline+Gating,Progressive,False,0.224200
1563,45,baseline_hybrid,Baseline+Gating,Progressive,False,0.224200
1564,45,baseline_hybrid,Baseline+Gating,Progressive,False,0.224200
1565,45,baseline_hybrid,Baseline+Gating,Progressive,False,0.224200
1566,45,baseline_hybrid,Baseline+Gating,Progressive,False,0.224200
1567,45,baseline_hybrid,Baseline+Gating,Progressive,False,0.224200
1568,45,baseline_hybrid,Baseline+Gating,Progressive,False,0.224200
1569,45,baseline_hybrid,Baseline+Gating,Progressive,False,0.224200
1570,45,baseline_hybrid,Baseline+Gating,Progressive,False,0.224200
1571,45,baseline_hybrid,Baseline+Gating,Progressive,False,0.224200
1572,45,baseline_hybrid,Baseline+Gating,Progressive,False,0.224200
1573,45,baseline_hybrid,Baseline+Gating,Progressive,False,0.224200
1574,45,baseline_hybrid,Baseline+Gating,Progressive,False,0.224200
1575,45,baseline_hybrid,Baseline+Gating,Progressive,False,0.224200
1576,45,baseline_hybrid,Baseline+Gating,Progressive,False,0.224200
1577,45,baseline_hybrid,Baseline+Gating,Progressive,False,0.224200
1578,45,baseline_hybrid,Baseline+Gating,Progressive,False,0.224200
1579,45,baseline_hybrid,Baseline+Gating,Progressive,False,0.224200
1580,45,baseline_hybrid,Baseline+Gating,Progressive,False,0.224200
1581,45,baseline_hybrid,Baseline+Gating,Progressive,False,0.224200
1582,45,baseline_hybrid,Baseline+Gating,Progressive,False,0.224200
1583,45,baseline_hybrid,Baseline+Gating,Progressive,False,0.224200
1584,45,baseline_hybrid,Baseline+Gating,Progressive,False,0.224200
1585,45,baseline_hybrid,Baseline+Gating,Progressive,False,0.224200
1586,45,baseline_hybrid,Baseline+Gating,Progressive,False,0.224200
1587,45,baseline_hybrid,Baseline+Gating,Progressive,False,0.224200
1588,45,baseline_hybrid,Baseline+Gating,Progressive,False,0.224200
1589,45,baseline_hybrid,Baseline+Gating,Progressive,False,0.224200
1590,45,baseline_hybrid,Baseline+Gating,Progressive,False,0.224200
1591,45,baseline_hybrid,Baseline+Gating,Progressive,False,0.224200
1592,45,baseline_hybrid,Baseline+Gating,Progressive,False,0.224200
1593,45,baseline_hybrid,Baseline+Gating,Progressive,False,0.224200
1594,45,baseline_hybrid,Baseline+Gating,Progressive,False,0.224200
1595,45,baseline_hybrid,Baseline+Gating,Progressive,False,0.224200
1596,45,baseline_hybrid,Baseline+Gating,Progressive,False,0.224200
1597,45,baseline_hybrid,Baseline+Gating,Progressive,False,0.224200
1598,45,baseline_hybrid,Baseline+Gating,Progressive,False,0.224200
1599,45,baseline_hybrid,Baseline+Gating,Progressive,False,0.224200
1600,45,baseline_hybrid,Baseline+Gating,Progressive,False,0.224200
1601,45,baseline_hybrid,Baseline+Gating,Progressive,False,0.224200
1602,45,baseline_hybrid,Baseline+Gating,Progressive,False,0.224200
1603,45,baseline_hybrid,Baseline+Gating,Progressive,False,0.224200
1604,45,baseline_hybrid,Baseline+Gating,Progressive,False,0.224200
1605,45,baseline_hybrid,Baseline+Gating,Progressive,False,0.224200
1606,45,baseline_hybrid,Baseline+Gating,Progressive,False,0.224200
1607,45,baseline_hybrid,Baseline+Gating,Progressive,False,0.224200
1608,45,baseline_hybrid,Baseline+Gating,Progressive,False,0.224200
1609,45,baseline_hybrid,Baseline+Gating,Progressive,False,0.224200
1610,45,baseline_hybrid,Baseline+Gating,Progressive,False,0.224200
1611,45,baseline_hybrid,Baseline+Gating,Progressive,False,0.224200
1612,45,baseline_hybrid,Baseline+Gating,Progressive,False,0.224200
1613,45,baseline_hybrid,Baseline+Gating,Progressive,False,0.224200
1614,45,baseline_hybrid,Baseline+Gating,Progressive,False,0.224200
1615,45,baseline_hybrid,Baseline+Gating,Progressive,False,0.224200
1616,45,baseline_hybrid,Baseline+Gating,Progressive,False,0.224200
1617,45,baseline_hybrid,Baseline+Gating,Progressive,False,0.224200
1618,45,baseline_hybrid,Baseline+Gating,Progressive,False,0.224200
1619,45,baseline_hybrid,Baseline+Gating,Progressive,False,0.224200
1620,45,baseline_hybrid,Baseline+Gating,Progressive,False,0.224200
1621,45,baseline_hybrid,Baseline+Gating,Progressive,False,0.224200
1622,45,baseline_hybrid,Baseline+Gating,Progressive,False,0.224200
1623,45,baseline_hybrid,Baseline+Gating,Progressive,False,0.224200
1624,45,baseline_hybrid,Baseline+Gating,Progressive,False,0.224200
1625,45,baseline_hybrid,Baseline+Gating,Progressive,False,0.224200
1626,45,baseline_hybrid,Baseline+Gating,Progressive,False,0.224200
1627,45,baseline_hybrid,Baseline+Gating,Progressive,False,0.224200
1628,45,baseline_hybrid,Baseline+Gating,Progressive,False,0.224200
1629,45,baseline_hybrid,Baseline+Gating,Progressive,False,0.224200
1630,45,baseline_hybrid,Baseline+Gating,Progressive,False,0.224200
1631,45,baseline_hybrid,Baseline+Gating,Progressive,False,0.224200
1632,45,baseline_hybrid,Baseline+Gating,Abrupt,True,10.000000
1633,45,baseline_hybrid,Baseline+Gating,Abrupt,True,10.000000
1634,45,baseline_hybrid,Baseline+Gating,Abrupt,True,10.000000
1635,45,baseline_hybrid,Baseline+Gating,Abrupt,True,10.000000
1636,45,baseline_hybrid,Baseline+Gating,Abrupt,True,10.000000
1637,45,baseline_hybrid,Baseline+Gating,Abrupt,True,10.000000
1638,45,baseline_hybrid,Baseline+Gating,Abrupt,True,10.000000
1639,45,baseline_hybrid,Baseline+Gating,Abrupt,True,10.000000
1640,45,baseline_hybrid,Baseline+Gating,Abrupt,True,10.000000
1641,45,baseline_hybrid,Baseline+Gating,Abrupt,True,10.000000
1642,45,baseline_hybrid,Baseline+Gating,Abrupt,True,10.000000
1643,45,baseline_hybrid,Baseline+Gating,Abrupt,True,10.000000
1644,45,baseline_hybrid,Baseline+Gating,Abrupt,True,10.000000
1645,45,baseline_hybrid,Baseline+Gating,Abrupt,True,10.000000
1646,45,baseline_hybrid,Baseline+Gating,Abrupt,False,1.431718
1647,45,baseline_hybrid,Baseline+Gating,Abrupt,False,1.431718
1648,45,baseline_hybrid,Baseline+Gating,Abrupt,False,1.431718
1649,45,baseline_hybrid,Baseline+Gating,Abrupt,False,1.431718
1650,45,baseline_hybrid,Baseline+Gating,Abrupt,False,1.431718
1651,45,baseline_hybrid,Baseline+Gating,Abrupt,False,1.431718
1652,45,baseline_hybrid,Baseline+Gating,Abrupt,False,1.431718
1653,45,baseline_hybrid,Baseline+Gating,Abrupt,False,1.431718
1654,45,baseline_hybrid,Baseline+Gating,Abrupt,False,1.431718
1655,45,baseline_hybrid,Baseline+Gating,Abrupt,False,1.431718
1656,45,baseline_hybrid,Baseline+Gating,Abrupt,False,1.431718
1657,45,baseline_hybrid,Baseline+Gating,Abrupt,False,1.431718
1658,45,baseline_hybrid,Baseline+Gating,Abrupt,False,1.431718
1659,45,baseline_hybrid,Baseline+Gating,Abrupt,False,1.431718
1660,45,baseline_hybrid,Baseline+Gating,Abrupt,False,1.431718
1661,45,baseline_hybrid,Baseline+Gating,Abrupt,False,1.431718
1662,45,baseline_hybrid,Baseline+Gating,Abrupt,False,1.431718
1663,45,baseline_hybrid,Baseline+Gating,Abrupt,False,1.431718
1664,45,baseline_hybrid,Baseline+Gating,Abrupt,False,1.431718
1665,45,baseline_hybrid,Baseline+Gating,Abrupt,False,1.431718
1666,45,baseline_hybrid,Baseline+Gating,Abrupt,False,1.431718
1667,45,baseline_hybrid,Baseline+Gating,Abrupt,False,1.431718
1668,45,baseline_hybrid,Baseline+Gating,Abrupt,False,1.431718
1669,45,baseline_hybrid,Baseline+Gating,Abrupt,False,1.431718
1670,45,baseline_hybrid,Baseline+Gating,Abrupt,False,1.431718
1671,45,baseline_hybrid,Baseline+Gating,Abrupt,False,1.431718
1672,45,baseline_hybrid,Baseline+Gating,Abrupt,False,1.431718
1673,45,baseline_hybrid,Baseline+Gating,Abrupt,False,1.431718
1674,45,baseline_hybrid,Baseline+Gating,Abrupt,False,1.431718
1675,45,baseline_hybrid,Baseline+Gating,Abrupt,False,1.431718
1676,45,baseline_hybrid,Baseline+Gating,Abrupt,False,1.431718
1677,45,baseline_hybrid,Baseline+Gating,Abrupt,False,1.431718
1678,45,baseline_hybrid,Baseline+Gating,Abrupt,False,1.431718
1679,45,baseline_hybrid,Baseline+Gating,Abrupt,False,1.431718
1680,45,aftkd_fixed,AF-TKD Fixo,Progressive,False,0.001400
1681,45,aftkd_fixed,AF-TKD Fixo,Progressive,False,0.001400
1682,45,aftkd_fixed,AF-TKD Fixo,Progressive,False,0.001400
1683,45,aftkd_fixed,AF-TKD Fixo,Progressive,False,0.001400
1684,45,aftkd_fixed,AF-TKD Fixo,Progressive,False,0.001400
1685,45,aftkd_fixed,AF-TKD Fixo,Progressive,False,0.001400
1686,45,aftkd_fixed,AF-TKD Fixo,Progressive,False,0.001400
1687,45,aftkd_fixed,AF-TKD Fixo,Progressive,False,0.001400
1688,45,aftkd_fixed,AF-TKD Fixo,Progressive,False,0.001400
1689,45,aftkd_fixed,AF-TKD Fixo,Progressive,False,0.001400
1690,45,aftkd_fixed,AF-TKD Fixo,Progressive,False,0.001400
1691,45,aftkd_fixed,AF-TKD Fixo,Progressive,False,0.001400
1692,45,aftkd_fixed,AF-TKD Fixo,Progressive,False,0.001400
1693,45,aftkd_fixed,AF-TKD Fixo,Progressive,False,0.001400
1694,45,aftkd_fixed,AF-TKD Fixo,Progressive,False,0.001400
1695,45,aftkd_fixed,AF-TKD Fixo,Progressive,False,0.001400
1696,45,aftkd_fixed,AF-TKD Fixo,Progressive,False,0.001400
1697,45,aftkd_fixed,AF-TKD Fixo,Progressive,False,0.001400
1698,45,aftkd_fixed,AF-TKD Fixo,Progressive,False,0.001400
1699,45,aftkd_fixed,AF-TKD Fixo,Progressive,False,0.001400
1700,45,aftkd_fixed,AF-TKD Fixo,Progressive,False,0.001400
1701,45,aftkd_fixed,AF-TKD Fixo,Progressive,False,0.001400
1702,45,aftkd_fixed,AF-TKD Fixo,Progressive,False,0.001400
1703,45,aftkd_fixed,AF-TKD Fixo,Progressive,False,0.001400
1704,45,aftkd_fixed,AF-TKD Fixo,Progressive,False,0.001400
1705,45,aftkd_fixed,AF-TKD Fixo,Progressive,False,0.001400
1706,45,aftkd_fixed,AF-TKD Fixo,Progressive,False,0.001400
1707,45,aftkd_fixed,AF-TKD Fixo,Progressive,False,0.001400
1708,45,aftkd_fixed,AF-TKD Fixo,Progressive,False,0.001400
1709,45,aftkd_fixed,AF-TKD Fixo,Progressive,False,0.001400
1710,45,aftkd_fixed,AF-TKD Fixo,Progressive,False,0.001400
1711,45,aftkd_fixed,AF-TKD Fixo,Progressive,False,0.001400
1712,45,aftkd_fixed,AF-TKD Fixo,Progressive,False,0.001400
1713,45,aftkd_fixed,AF-TKD Fixo,Progressive,False,0.001400
1714,45,aftkd_fixed,AF-TKD Fixo,Progressive,False,0.001400
1715,45,aftkd_fixed,AF-TKD Fixo,Progressive,False,0.001400
1716,45,aftkd_fixed,AF-TKD Fixo,Progressive,False,0.001400
1717,45,aftkd_fixed,AF-TKD Fixo,Progressive,False,0.001400
1718,45,aftkd_fixed,AF-TKD Fixo,Progressive,False,0.001400
1719,45,aftkd_fixed,AF-TKD Fixo,Progressive,False,0.001400
1720,45,aftkd_fixed,AF-TKD Fixo,Progressive,False,0.001400
1721,45,aftkd_fixed,AF-TKD Fixo,Progressive,False,0.001400
1722,45,aftkd_fixed,AF-TKD Fixo,Progressive,False,0.001400
1723,45,aftkd_fixed,AF-TKD Fixo,Progressive,False,0.001400
1724,45,aftkd_fixed,AF-TKD Fixo,Progressive,False,0.001400
1725,45,aftkd_fixed,AF-TKD Fixo,Progressive,False,0.001400
1726,45,aftkd_fixed,AF-TKD Fixo,Progressive,False,0.001400
1727,45,aftkd_fixed,AF-TKD Fixo,Progressive,False,0.001400
1728,45,aftkd_fixed,AF-TKD Fixo,Progressive,False,0.001400
1729,45,aftkd_fixed,AF-TKD Fixo,Progressive,False,0.001400
1730,45,aftkd_fixed,AF-TKD Fixo,Progressive,False,0.001400
1731,45,aftkd_fixed,AF-TKD Fixo,Progressive,False,0.001400
1732,45,aftkd_fixed,AF-TKD Fixo,Progressive,False,0.001400
1733,45,aftkd_fixed,AF-TKD Fixo,Progressive,False,0.001400
1734,45,aftkd_fixed,AF-TKD Fixo,Progressive,False,0.001400
1735,45,aftkd_fixed,AF-TKD Fixo,Progressive,False,0.001400
1736,45,aftkd_fixed,AF-TKD Fixo,Progressive,False,0.001400
1737,45,aftkd_fixed,AF-TKD Fixo,Progressive,False,0.001400
1738,45,aftkd_fixed,AF-TKD Fixo,Progressive,False,0.001400
1739,45,aftkd_fixed,AF-TKD Fixo,Progressive,False,0.001400
1740,45,aftkd_fixed,AF-TKD Fixo,Progressive,False,0.001400
1741,45,aftkd_fixed,AF-TKD Fixo,Progressive,False,0.001400
1742,45,aftkd_fixed,AF-TKD Fixo,Progressive,False,0.001400
1743,45,aftkd_fixed,AF-TKD Fixo,Progressive,False,0.001400
1744,45,aftkd_fixed,AF-TKD Fixo,Progressive,False,0.001400
1745,45,aftkd_fixed,AF-TKD Fixo,Progressive,False,0.001400
1746,45,aftkd_fixed,AF-TKD Fixo,Progressive,False,0.001400
1747,45,aftkd_fixed,AF-TKD Fixo,Progressive,False,0.001400
1748,45,aftkd_fixed,AF-TKD Fixo,Progressive,False,0.001400
1749,45,aftkd_fixed,AF-TKD Fixo,Progressive,False,0.001400
1750,45,aftkd_fixed,AF-TKD Fixo,Progressive,False,0.001400
1751,45,aftkd_fixed,AF-TKD Fixo,Progressive,False,0.001400
1752,45,aftkd_fixed,AF-TKD Fixo,Abrupt,True,10.000000
1753,45,aftkd_fixed,AF-TKD Fixo,Abrupt,True,10.000000
1754,45,aftkd_fixed,AF-TKD Fixo,Abrupt,False,0.179617
1755,45,aftkd_fixed,AF-TKD Fixo,Abrupt,False,0.179617
1756,45,aftkd_fixed,AF-TKD Fixo,Abrupt,False,0.179617
1757,45,aftkd_fixed,AF-TKD Fixo,Abrupt,False,0.179617
1758,45,aftkd_fixed,AF-TKD Fixo,Abrupt,False,0.179617
1759,45,aftkd_fixed,AF-TKD Fixo,Abrupt,False,0.179617
1760,45,aftkd_fixed,AF-TKD Fixo,Abrupt,False,0.179617
1761,45,aftkd_fixed,AF-TKD Fixo,Abrupt,False,0.179617
1762,45,aftkd_fixed,AF-TKD Fixo,Abrupt,False,0.179617
1763,45,aftkd_fixed,AF-TKD Fixo,Abrupt,False,0.179617
1764,45,aftkd_fixed,AF-TKD Fixo,Abrupt,False,0.179617
1765,45,aftkd_fixed,AF-TKD Fixo,Abrupt,False,0.179617
1766,45,aftkd_fixed,AF-TKD Fixo,Abrupt,False,0.179617
1767,45,aftkd_fixed,AF-TKD Fixo,Abrupt,False,0.179617
1768,45,aftkd_fixed,AF-TKD Fixo,Abrupt,False,0.179617
1769,45,aftkd_fixed,AF-TKD Fixo,Abrupt,False,0.179617
1770,45,aftkd_fixed,AF-TKD Fixo,Abrupt,False,0.179617
1771,45,aftkd_fixed,AF-TKD Fixo,Abrupt,False,0.179617
1772,45,aftkd_fixed,AF-TKD Fixo,Abrupt,False,0.179617
1773,45,aftkd_fixed,AF-TKD Fixo,Abrupt,False,0.179617
1774,45,aftkd_fixed,AF-TKD Fixo,Abrupt,False,0.179617
1775,45,aftkd_fixed,AF-TKD Fixo,Abrupt,False,0.179617
1776,45,aftkd_fixed,AF-TKD Fixo,Abrupt,False,0.179617
1777,45,aftkd_fixed,AF-TKD Fixo,Abrupt,False,0.179617
1778,45,aftkd_fixed,AF-TKD Fixo,Abrupt,False,0.179617
1779,45,aftkd_fixed,AF-TKD Fixo,Abrupt,False,0.179617
1780,45,aftkd_fixed,AF-TKD Fixo,Abrupt,False,0.179617
1781,45,aftkd_fixed,AF-TKD Fixo,Abrupt,False,0.179617
1782,45,aftkd_fixed,AF-TKD Fixo,Abrupt,False,0.179617
1783,45,aftkd_fixed,AF-TKD Fixo,Abrupt,False,0.179617
1784,45,aftkd_fixed,AF-TKD Fixo,Abrupt,False,0.179617
1785,45,aftkd_fixed,AF-TKD Fixo,Abrupt,False,0.179617
1786,45,aftkd_fixed,AF-TKD Fixo,Abrupt,False,0.179617
1787,45,aftkd_fixed,AF-TKD Fixo,Abrupt,False,0.179617
1788,45,aftkd_fixed,AF-TKD Fixo,Abrupt,False,0.179617
1789,45,aftkd_fixed,AF-TKD Fixo,Abrupt,False,0.179617
1790,45,aftkd_fixed,AF-TKD Fixo,Abrupt,False,0.179617
1791,45,aftkd_fixed,AF-TKD Fixo,Abrupt,False,0.179617
1792,45,aftkd_fixed,AF-TKD Fixo,Abrupt,False,0.179617
1793,45,aftkd_fixed,AF-TKD Fixo,Abrupt,False,0.179617
1794,45,aftkd_fixed,AF-TKD Fixo,Abrupt,False,0.179617
1795,45,aftkd_fixed,AF-TKD Fixo,Abrupt,False,0.179617
1796,45,aftkd_fixed,AF-TKD Fixo,Abrupt,False,0.179617
1797,45,aftkd_fixed,AF-TKD Fixo,Abrupt,False,0.179617
1798,45,aftkd_fixed,AF-TKD Fixo,Abrupt,False,0.179617
1799,45,aftkd_fixed,AF-TKD Fixo,Abrupt,False,0.179617
1800,45,aftkd_hybrid,AF-TKD+Gating,Progressive,False,0.052100
1801,45,aftkd_hybrid,AF-TKD+Gating,Progressive,False,0.052100
1802,45,aftkd_hybrid,AF-TKD+Gating,Progressive,False,0.052100
1803,45,aftkd_hybrid,AF-TKD+Gating,Progressive,False,0.052100
1804,45,aftkd_hybrid,AF-TKD+Gating,Progressive,False,0.052100
1805,45,aftkd_hybrid,AF-TKD+Gating,Progressive,False,0.052100
1806,45,aftkd_hybrid,AF-TKD+Gating,Progressive,False,0.052100
1807,45,aftkd_hybrid,AF-TKD+Gating,Progressive,False,0.052100
1808,45,aftkd_hybrid,AF-TKD+Gating,Progressive,False,0.052100
1809,45,aftkd_hybrid,AF-TKD+Gating,Progressive,False,0.052100
1810,45,aftkd_hybrid,AF-TKD+Gating,Progressive,False,0.052100
1811,45,aftkd_hybrid,AF-TKD+Gating,Progressive,False,0.052100
1812,45,aftkd_hybrid,AF-TKD+Gating,Progressive,False,0.052100
1813,45,aftkd_hybrid,AF-TKD+Gating,Progressive,False,0.052100
1814,45,aftkd_hybrid,AF-TKD+Gating,Progressive,False,0.052100
1815,45,aftkd_hybrid,AF-TKD+Gating,Progressive,False,0.052100
1816,45,aftkd_hybrid,AF-TKD+Gating,Progressive,False,0.052100
1817,45,aftkd_hybrid,AF-TKD+Gating,Progressive,False,0.052100
1818,45,aftkd_hybrid,AF-TKD+Gating,Progressive,False,0.052100
1819,45,aftkd_hybrid,AF-TKD+Gating,Progressive,False,0.052100
1820,45,aftkd_hybrid,AF-TKD+Gating,Progressive,False,0.052100
1821,45,aftkd_hybrid,AF-TKD+Gating,Progressive,False,0.052100
1822,45,aftkd_hybrid,AF-TKD+Gating,Progressive,False,0.052100
1823,45,aftkd_hybrid,AF-TKD+Gating,Progressive,False,0.052100
1824,45,aftkd_hybrid,AF-TKD+Gating,Progressive,False,0.052100
1825,45,aftkd_hybrid,AF-TKD+Gating,Progressive,False,0.052100
1826,45,aftkd_hybrid,AF-TKD+Gating,Progressive,False,0.052100
1827,45,aftkd_hybrid,AF-TKD+Gating,Progressive,False,0.052100
1828,45,aftkd_hybrid,AF-TKD+Gating,Progressive,False,0.052100
1829,45,aftkd_hybrid,AF-TKD+Gating,Progressive,False,0.052100
1830,45,aftkd_hybrid,AF-TKD+Gating,Progressive,False,0.052100
1831,45,aftkd_hybrid,AF-TKD+Gating,Progressive,False,0.052100
1832,45,aftkd_hybrid,AF-TKD+Gating,Progressive,False,0.052100
1833,45,aftkd_hybrid,AF-TKD+Gating,Progressive,False,0.052100
1834,45,aftkd_hybrid,AF-TKD+Gating,Progressive,False,0.052100
1835,45,aftkd_hybrid,AF-TKD+Gating,Progressive,False,0.052100
1836,45,aftkd_hybrid,AF-TKD+Gating,Progressive,False,0.052100
1837,45,aftkd_hybrid,AF-TKD+Gating,Progressive,False,0.052100
1838,45,aftkd_hybrid,AF-TKD+Gating,Progressive,False,0.052100
1839,45,aftkd_hybrid,AF-TKD+Gating,Progressive,False,0.052100
1840,45,aftkd_hybrid,AF-TKD+Gating,Progressive,False,0.052100
1841,45,aftkd_hybrid,AF-TKD+Gating,Progressive,False,0.052100
1842,45,aftkd_hybrid,AF-TKD+Gating,Progressive,False,0.052100
1843,45,aftkd_hybrid,AF-TKD+Gating,Progressive,False,0.052100
1844,45,aftkd_hybrid,AF-TKD+Gating,Progressive,False,0.052100
1845,45,aftkd_hybrid,AF-TKD+Gating,Progressive,False,0.052100
1846,45,aftkd_hybrid,AF-TKD+Gating,Progressive,False,0.052100
1847,45,aftkd_hybrid,AF-TKD+Gating,Progressive,False,0.052100
1848,45,aftkd_hybrid,AF-TKD+Gating,Progressive,False,0.052100
1849,45,aftkd_hybrid,AF-TKD+Gating,Progressive,False,0.052100
1850,45,aftkd_hybrid,AF-TKD+Gating,Progressive,False,0.052100
1851,45,aftkd_hybrid,AF-TKD+Gating,Progressive,False,0.052100
1852,45,aftkd_hybrid,AF-TKD+Gating,Progressive,False,0.052100
1853,45,aftkd_hybrid,AF-TKD+Gating,Progressive,False,0.052100
1854,45,aftkd_hybrid,AF-TKD+Gating,Progressive,False,0.052100
1855,45,aftkd_hybrid,AF-TKD+Gating,Progressive,False,0.052100
1856,45,aftkd_hybrid,AF-TKD+Gating,Progressive,False,0.052100
1857,45,aftkd_hybrid,AF-TKD+Gating,Progressive,False,0.052100
1858,45,aftkd_hybrid,AF-TKD+Gating,Progressive,False,0.052100
1859,45,aftkd_hybrid,AF-TKD+Gating,Progressive,False,0.052100
1860,45,aftkd_hybrid,AF-TKD+Gating,Progressive,False,0.052100
1861,45,aftkd_hybrid,AF-TKD+Gating,Progressive,False,0.052100
1862,45,aftkd_hybrid,AF-TKD+Gating,Progressive,False,0.052100
1863,45,aftkd_hybrid,AF-TKD+Gating,Progressive,False,0.052100
1864,45,aftkd_hybrid,AF-TKD+Gating,Progressive,False,0.052100
1865,45,aftkd_hybrid,AF-TKD+Gating,Progressive,False,0.052100
1866,45,aftkd_hybrid,AF-TKD+Gating,Progressive,False,0.052100
1867,45,aftkd_hybrid,AF-TKD+Gating,Progressive,False,0.052100
1868,45,aftkd_hybrid,AF-TKD+Gating,Progressive,False,0.052100
1869,45,aftkd_hybrid,AF-TKD+Gating,Progressive,False,0.052100
1870,45,aftkd_hybrid,AF-TKD+Gating,Progressive,False,0.052100
1871,45,aftkd_hybrid,AF-TKD+Gating,Progressive,False,0.052100
1872,45,aftkd_hybrid,AF-TKD+Gating,Abrupt,True,10.000000
1873,45,aftkd_hybrid,AF-TKD+Gating,Abrupt,True,10.000000
1874,45,aftkd_hybrid,AF-TKD+Gating,Abrupt,False,0.248070
1875,45,aftkd_hybrid,AF-TKD+Gating,Abrupt,False,0.248070
1876,45,aftkd_hybrid,AF-TKD+Gating,Abrupt,False,0.248070
1877,45,aftkd_hybrid,AF-TKD+Gating,Abrupt,False,0.248070
1878,45,aftkd_hybrid,AF-TKD+Gating,Abrupt,False,0.248070
1879,45,aftkd_hybrid,AF-TKD+Gating,Abrupt,False,0.248070
1880,45,aftkd_hybrid,AF-TKD+Gating,Abrupt,False,0.248070
1881,45,aftkd_hybrid,AF-TKD+Gating,Abrupt,False,0.248070
1882,45,aftkd_hybrid,AF-TKD+Gating,Abrupt,False,0.248070
1883,45,aftkd_hybrid,AF-TKD+Gating,Abrupt,False,0.248070
1884,45,aftkd_hybrid,AF-TKD+Gating,Abrupt,False,0.248070
1885,45,aftkd_hybrid,AF-TKD+Gating,Abrupt,False,0.248070
1886,45,aftkd_hybrid,AF-TKD+Gating,Abrupt,False,0.248070
1887,45,aftkd_hybrid,AF-TKD+Gating,Abrupt,False,0.248070
1888,45,aftkd_hybrid,AF-TKD+Gating,Abrupt,False,0.248070
1889,45,aftkd_hybrid,AF-TKD+Gating,Abrupt,False,0.248070
1890,45,aftkd_hybrid,AF-TKD+Gating,Abrupt,False,0.248070
1891,45,aftkd_hybrid,AF-TKD+Gating,Abrupt,False,0.248070
1892,45,aftkd_hybrid,AF-TKD+Gating,Abrupt,False,0.248070
1893,45,aftkd_hybrid,AF-TKD+Gating,Abrupt,False,0.248070
1894,45,aftkd_hybrid,AF-TKD+Gating,Abrupt,False,0.248070
1895,45,aftkd_hybrid,AF-TKD+Gating,Abrupt,False,0.248070
1896,45,aftkd_hybrid,AF-TKD+Gating,Abrupt,False,0.248070
1897,45,aftkd_hybrid,AF-TKD+Gating,Abrupt,False,0.248070
1898,45,aftkd_hybrid,AF-TKD+Gating,Abrupt,False,0.248070
1899,45,aftkd_hybrid,AF-TKD+Gating,Abrupt,False,0.248070
1900,45,aftkd_hybrid,AF-TKD+Gating,Abrupt,False,0.248070
1901,45,aftkd_hybrid,AF-TKD+Gating,Abrupt,False,0.248070
1902,45,aftkd_hybrid,AF-TKD+Gating,Abrupt,False,0.248070
1903,45,aftkd_hybrid,AF-TKD+Gating,Abrupt,False,0.248070
1904,45,aftkd_hybrid,AF-TKD+Gating,Abrupt,False,0.248070
1905,45,aftkd_hybrid,AF-TKD+Gating,Abrupt,False,0.248070
1906,45,aftkd_hybrid,AF-TKD+Gating,Abrupt,False,0.248070
1907,45,aftkd_hybrid,AF-TKD+Gating,Abrupt,False,0.248070
1908,45,aftkd_hybrid,AF-TKD+Gating,Abrupt,False,0.248070
1909,45,aftkd_hybrid,AF-TKD+Gating,Abrupt,False,0.248070
1910,45,aftkd_hybrid,AF-TKD+Gating,Abrupt,False,0.248070
1911,45,aftkd_hybrid,AF-TKD+Gating,Abrupt,False,0.248070
1912,45,aftkd_hybrid,AF-TKD+Gating,Abrupt,False,0.248070
1913,45,aftkd_hybrid,AF-TKD+Gating,Abrupt,False,0.248070
1914,45,aftkd_hybrid,AF-TKD+Gating,Abrupt,False,0.248070
1915,45,aftkd_hybrid,AF-TKD+Gating,Abrupt,False,0.248070
1916,45,aftkd_hybrid,AF-TKD+Gating,Abrupt,False,0.248070
1917,45,aftkd_hybrid,AF-TKD+Gating,Abrupt,False,0.248070
1918,45,aftkd_hybrid,AF-TKD+Gating,Abrupt,False,0.248070
1919,45,aftkd_hybrid,AF-TKD+Gating,Abrupt,False,0.248070
