id;recipe_id;nome;categoria;class_name;risk_episode;risk_episode_severity;regime;event_start;event_end;event_duration;progressive;detectable_start_035;onset_gap_035;persistent_tail;last6_mean_clean;mean_eye_gaze;mean_lane_offset;window;sensor_level
C06;C06;Critico progressivo: Fadiga noturna;Critico;Critico;0.4613717496395111;0.4613717496395111;R2_STABLE_RISK;36;81;46;1;62;26;1;0.3151259422302246;0.16838300228118896;0.12397193163633347;96;4
C09;C09;Critico progressivo: Bebida ao volante;Critico;Critico;0.39836623072624205;0.39836623072624205;R2_STABLE_RISK;38;73;36;1;59;21;0;0.05000000819563866;0.2518392503261566;0.1239786446094513;96;4
C07;C07;Critico progressivo: Sem cinto sob chuva;Critico;Critico;0.493704155087471;0.493704155087471;R1_NORMAL;37;75;39;1;59;22;1;0.3210966885089874;0.37843212485313416;0.1804565191268921;96;4
N03;N03;Normal: Noite estável;Normal;Normal;0.050000007078051564;0.050000007078051564;R2_STABLE_RISK;-1;-1;0;0;-1;-1;0;0.05000000819563866;0.030767930671572685;0.08813508599996567;96;4
N02;N02;Normal: Urbano moderado;Normal;Normal;0.050000007078051564;0.050000007078051564;R3_FALSE_KIN;-1;-1;0;0;-1;-1;0;0.05000000819563866;0.028443841263651848;0.07228776812553406;96;4
C06;C06;Critico progressivo: Fadiga noturna;Critico;Critico;0.47954716384410856;0.47954716384410856;R3_FALSE_KIN;36;81;46;1;62;26;1;0.31011009216308594;0.1569628119468689;0.11617082357406616;96;4
C07;C07;Critico progressivo: Sem cinto sob chuva;Critico;Critico;0.5000612705945968;0.5000612705945968;R2_STABLE_RISK;37;75;39;1;60;23;1;0.32518675923347473;0.3782447576522827;0.14972259104251862;96;4
C09;C09;Critico progressivo: Bebida ao volante;Critico;Critico;0.3723519995808601;0.3723519995808601;R2_STABLE_RISK;38;73;36;1;60;22;0;0.05000000819563866;0.24449074268341064;0.1590059995651245;96;4
C09;C09;Critico progressivo: Bebida ao volante;Critico;Critico;0.4863087922334671;0.4863087922334671;R1_NORMAL;38;73;36;1;59;21;1;0.2995811104774475;0.2605752646923065;0.15521574020385742;96;4
C07;C07;Critico progressivo: Sem cinto sob chuva;Critico;Critico;0.4213324010372162;0.4213324010372162;R2_STABLE_RISK;37;75;39;1;60;23;0;0.05000000819563866;0.3709709942340851;0.13538599014282227;96;4
C05;C05;Critico progressivo: Celular em rodovia;Critico;Critico;0.3996654793620109;0.3996654793620109;R1_NORMAL;42;73;32;1;57;15;0;0.05000000819563866;0.31526875495910645;0.11684545129537582;96;4
N02;N02;Normal: Urbano moderado;Normal;Normal;0.050000007078051564;0.050000007078051564;R1_NORMAL;-1;-1;0;0;-1;-1;0;0.05000000819563866;0.02535156160593033;0.10415682941675186;96;4
C10;C10;Critico progressivo: Grooming em rodovia com fadiga;Critico;Critico;0.4340995028614998;0.4340995028614998;R1_NORMAL;40;81;42;1;58;18;0;0.05000000819563866;0.2096230536699295;0.1155410185456276;96;4
C10;C10;Critico progressivo: Grooming em rodovia com fadiga;Critico;Critico;0.43859889954328535;0.43859889954328535;R1_NORMAL;40;81;42;1;58;18;0;0.05000000819563866;0.20173008739948273;0.10885259509086609;96;4
C03;C03;Critico: Celular sem cinto sob chuva;Critico;Critico;0.3752959698438644;0.3752959698438644;R1_NORMAL;26;41;16;0;28;2;0;0.05000000819563866;0.18962804973125458;0.14323915541172028;96;4
N03;N03;Normal: Noite estável;Normal;Normal;0.050000007078051564;0.050000007078051564;R1_NORMAL;-1;-1;0;0;-1;-1;0;0.05000000819563866;0.03293204680085182;0.12882469594478607;96;4
C08;C08;Critico progressivo: Distracao urbana multietapas;Critico;Critico;0.4738655298948288;0.4738655298948288;R1_NORMAL;28;77;50;1;59;31;1;0.26198601722717285;0.3188202679157257;0.18385517597198486;96;4
C02;C02;Critico: Fadiga com desvio cinematico;Critico;Critico;0.39378328174352645;0.39378328174352645;R3_FALSE_KIN;29;50;22;0;32;3;0;0.05000000819563866;0.09197405725717545;0.1328774243593216;96;4
C04;C04;Critico: Multiplas distracoes urbanas;Critico;Critico;0.3713889718055725;0.3713889718055725;R2_STABLE_RISK;22;45;24;0;24;2;0;0.05000000819563866;0.19835156202316284;0.12823344767093658;96;4
C10;C10;Critico progressivo: Grooming em rodovia com fadiga;Critico;Critico;0.4630227029323578;0.4630227029323578;R1_NORMAL;40;81;42;1;62;22;1;0.3009492754936218;0.19888830184936523;0.12989144027233124;96;4
C03;C03;Critico: Celular sem cinto sob chuva;Critico;Critico;0.3752959698438644;0.3752959698438644;R3_FALSE_KIN;26;41;16;0;28;2;0;0.05000000819563866;0.18061287701129913;0.10582349449396133;96;4
C04;C04;Critico: Multiplas distracoes urbanas;Critico;Critico;0.3713889718055725;0.3713889718055725;R3_FALSE_KIN;22;45;24;0;24;2;0;0.05000000819563866;0.19620072841644287;0.10037791728973389;96;4
C09;C09;Critico progressivo: Bebida ao volante;Critico;Critico;0.41939051747322076;0.41939051747322076;R2_STABLE_RISK;38;73;36;1;54;16;0;0.05000000819563866;0.2491905689239502;0.13078148663043976;96;4
N01;N01;Normal: Viagem tranquila em rodovia;Normal;Normal;0.050000007078051564;0.050000007078051564;R2_STABLE_RISK;-1;-1;0;0;-1;-1;0;0.05000000819563866;0.03129662945866585;0.11600009351968765;96;4
C07;C07;Critico progressivo: Sem cinto sob chuva;Critico;Critico;0.4156213030219078;0.4156213030219078;R2_STABLE_RISK;37;75;39;1;57;20;0;0.05000000819563866;0.3787027895450592;0.13692009449005127;96;4
C08;C08;Critico progressivo: Distracao urbana multietapas;Critico;Critico;0.4201578631997108;0.4201578631997108;R1_NORMAL;28;77;50;1;53;25;0;0.05000000819563866;0.3138347566127777;0.18375642597675323;96;4
C10;C10;Critico progressivo: Grooming em rodovia com fadiga;Critico;Critico;0.3866568684577942;0.3866568684577942;R1_NORMAL;40;81;42;1;67;27;0;0.05000000819563866;0.20746226608753204;0.1044863685965538;96;4
N02;N02;Normal: Urbano moderado;Normal;Normal;0.050000007078051564;0.050000007078051564;R1_NORMAL;-1;-1;0;0;-1;-1;0;0.05000000819563866;0.026926381513476372;0.07819196581840515;96;4
C10;C10;Critico progressivo: Grooming em rodovia com fadiga;Critico;Critico;0.405466790497303;0.405466790497303;R1_NORMAL;40;81;42;1;63;23;0;0.05000000819563866;0.19446633756160736;0.07754901051521301;96;4
C06;C06;Critico progressivo: Fadiga noturna;Critico;Critico;0.3968837037682533;0.3968837037682533;R3_FALSE_KIN;36;81;46;1;60;24;0;0.05000000819563866;0.15664683282375336;0.09706238657236099;96;4
C05;C05;Critico progressivo: Celular em rodovia;Critico;Critico;0.3628056049346924;0.3628056049346924;R1_NORMAL;42;73;32;1;59;17;0;0.05000000819563866;0.3155026435852051;0.12374445796012878;96;4
N03;N03;Normal: Noite estável;Normal;Normal;0.050000007078051564;0.050000007078051564;R3_FALSE_KIN;-1;-1;0;0;-1;-1;0;0.05000000819563866;0.03300509974360466;0.08110049366950989;96;4
N01;N01;Normal: Viagem tranquila em rodovia;Normal;Normal;0.050000007078051564;0.050000007078051564;R2_STABLE_RISK;-1;-1;0;0;-1;-1;0;0.05000000819563866;0.029981061816215515;0.10765310376882553;96;4
C08;C08;Critico progressivo: Distracao urbana multietapas;Critico;Critico;0.42798849046230314;0.42798849046230314;R1_NORMAL;28;77;50;1;53;25;0;0.05000000819563866;0.3135705888271332;0.16228830814361572;96;4
C01;C01;Critico: Celular em alta velocidade;Critico;Critico;0.5234452843666076;0.5234452843666076;R2_STABLE_RISK;32;44;13;0;34;2;1;0.2125987857580185;0.15843577682971954;0.1342022716999054;96;4
N01;N01;Normal: Viagem tranquila em rodovia;Normal;Normal;0.050000007078051564;0.050000007078051564;R2_STABLE_RISK;-1;-1;0;0;-1;-1;0;0.05000000819563866;0.026129037141799927;0.10040616989135742;96;4
C01;C01;Critico: Celular em alta velocidade;Critico;Critico;0.29102678298950196;0.29102678298950196;R1_NORMAL;32;44;13;0;34;2;0;0.05000000819563866;0.15562938153743744;0.08766398578882217;96;4
C02;C02;Critico: Fadiga com desvio cinematico;Critico;Critico;0.39378328174352645;0.39378328174352645;R1_NORMAL;29;50;22;0;32;3;0;0.05000000819563866;0.10176699608564377;0.16349627077579498;96;4
C01;C01;Critico: Celular em alta velocidade;Critico;Critico;0.29102678298950196;0.29102678298950196;R1_NORMAL;32;44;13;0;34;2;0;0.05000000819563866;0.14779172837734222;0.11423790454864502;96;4
C01;C01;Critico: Celular em alta velocidade;Critico;Critico;0.29102678298950196;0.29102678298950196;R1_NORMAL;32;44;13;0;34;2;0;0.05000000819563866;0.151517853140831;0.1033584475517273;96;4
C01;C01;Critico: Celular em alta velocidade;Critico;Critico;0.29102678298950196;0.29102678298950196;R2_STABLE_RISK;32;44;13;0;34;2;0;0.05000000819563866;0.1517372578382492;0.16081778705120087;96;4
C08;C08;Critico progressivo: Distracao urbana multietapas;Critico;Critico;0.4580861419439316;0.4580861419439316;R2_STABLE_RISK;28;77;50;1;51;23;0;0.05000000819563866;0.3227557837963104;0.17303366959095;96;4
C08;C08;Critico progressivo: Distracao urbana multietapas;Critico;Critico;0.4232545480132103;0.4232545480132103;R1_NORMAL;28;77;50;1;55;27;0;0.05000000819563866;0.3141312897205353;0.13932834565639496;96;4
C06;C06;Critico progressivo: Fadiga noturna;Critico;Critico;0.40684844851493834;0.40684844851493834;R1_NORMAL;36;81;46;1;62;26;0;0.05000000819563866;0.1445554941892624;0.11386474221944809;96;4
C07;C07;Critico progressivo: Sem cinto sob chuva;Critico;Critico;0.4026914164423942;0.4026914164423942;R1_NORMAL;37;75;39;1;58;21;0;0.05000000819563866;0.3786827325820923;0.16914807260036469;96;4
C04;C04;Critico: Multiplas distracoes urbanas;Critico;Critico;0.5585107982158661;0.5585107982158661;R2_STABLE_RISK;22;45;24;0;24;2;1;0.19739998877048492;0.2010391503572464;0.22130940854549408;96;4
C05;C05;Critico progressivo: Celular em rodovia;Critico;Critico;0.3818061128258705;0.3818061128258705;R2_STABLE_RISK;42;73;32;1;57;15;0;0.05000000819563866;0.32144683599472046;0.11472684144973755;96;4
C01;C01;Critico: Celular em alta velocidade;Critico;Critico;0.29102678298950196;0.29102678298950196;R2_STABLE_RISK;32;44;13;0;34;2;0;0.05000000819563866;0.14909692108631134;0.08591771125793457;96;4
C02;C02;Critico: Fadiga com desvio cinematico;Critico;Critico;0.5963296681642531;0.5963296681642531;R2_STABLE_RISK;29;50;22;0;32;3;1;0.26335611939430237;0.1024218201637268;0.20246297121047974;96;4
C09;C09;Critico progressivo: Bebida ao volante;Critico;Critico;0.3757162749767303;0.3757162749767303;R2_STABLE_RISK;38;73;36;1;60;22;0;0.05000000819563866;0.2483849674463272;0.18595163524150848;96;4
C05;C05;Critico progressivo: Celular em rodovia;Critico;Critico;0.38482248336076735;0.38482248336076735;R1_NORMAL;42;73;32;1;60;18;0;0.05000000819563866;0.31305626034736633;0.10132485628128052;96;4
C08;C08;Critico progressivo: Distracao urbana multietapas;Critico;Critico;0.4482359647750854;0.4482359647750854;R1_NORMAL;28;77;50;1;58;30;0;0.05000000819563866;0.3234598636627197;0.15068753063678741;96;4
C06;C06;Critico progressivo: Fadiga noturna;Critico;Critico;0.5177697688341141;0.5177697688341141;R2_STABLE_RISK;36;81;46;1;61;25;1;0.3743921220302582;0.15447275340557098;0.15809743106365204;96;4
C01;C01;Critico: Celular em alta velocidade;Critico;Critico;0.29102678298950196;0.29102678298950196;R2_STABLE_RISK;32;44;13;0;34;2;0;0.05000000819563866;0.15240953862667084;0.11958175897598267;96;4
N03;N03;Normal: Noite estável;Normal;Normal;0.050000007078051564;0.050000007078051564;R2_STABLE_RISK;-1;-1;0;0;-1;-1;0;0.05000000819563866;0.03549463301897049;0.08975283056497574;96;4
C03;C03;Critico: Celular sem cinto sob chuva;Critico;Critico;0.3752959698438644;0.3752959698438644;R1_NORMAL;26;41;16;0;28;2;0;0.05000000819563866;0.18745720386505127;0.1332479864358902;96;4
C03;C03;Critico: Celular sem cinto sob chuva;Critico;Critico;0.3752959698438644;0.3752959698438644;R2_STABLE_RISK;26;41;16;0;28;2;0;0.05000000819563866;0.19030678272247314;0.13434520363807678;96;4
C07;C07;Critico progressivo: Sem cinto sob chuva;Critico;Critico;0.472840604186058;0.472840604186058;R1_NORMAL;37;75;39;1;59;22;1;0.27199915051460266;0.3723287582397461;0.1405840516090393;96;4
C10;C10;Critico progressivo: Grooming em rodovia com fadiga;Critico;Critico;0.4225122645497322;0.4225122645497322;R3_FALSE_KIN;40;81;42;1;64;24;0;0.05000000819563866;0.2014319896697998;0.14792726933956146;96;4
N02;N02;Normal: Urbano moderado;Normal;Normal;0.050000007078051564;0.050000007078051564;R1_NORMAL;-1;-1;0;0;-1;-1;0;0.05000000819563866;0.03326927497982979;0.08677712082862854;96;4
N03;N03;Normal: Noite estável;Normal;Normal;0.050000007078051564;0.050000007078051564;R1_NORMAL;-1;-1;0;0;-1;-1;0;0.05000000819563866;0.032886579632759094;0.10397598892450333;96;4
C06;C06;Critico progressivo: Fadiga noturna;Critico;Critico;0.4310957297682762;0.4310957297682762;R2_STABLE_RISK;36;81;46;1;58;22;0;0.05000000819563866;0.1618259996175766;0.09651714563369751;96;4
C06;C06;Critico progressivo: Fadiga noturna;Critico;Critico;0.4394672870635986;0.4394672870635986;R1_NORMAL;36;81;46;1;61;25;0;0.05000000819563866;0.1609121412038803;0.10266152769327164;96;4
C09;C09;Critico progressivo: Bebida ao volante;Critico;Critico;0.47613103687763214;0.47613103687763214;R2_STABLE_RISK;38;73;36;1;53;15;1;0.2559034526348114;0.2595651149749756;0.1710689812898636;96;4
C07;C07;Critico progressivo: Sem cinto sob chuva;Critico;Critico;0.4232471033930778;0.4232471033930778;R1_NORMAL;37;75;39;1;59;22;0;0.05000000819563866;0.3719930350780487;0.08268242329359055;96;4
N02;N02;Normal: Urbano moderado;Normal;Normal;0.050000007078051564;0.050000007078051564;R2_STABLE_RISK;-1;-1;0;0;-1;-1;0;0.05000000819563866;0.02667281962931156;0.10712197422981262;96;4
C07;C07;Critico progressivo: Sem cinto sob chuva;Critico;Critico;0.38958020359277723;0.38958020359277723;R1_NORMAL;37;75;39;1;59;22;0;0.05000000819563866;0.3738190233707428;0.09700822830200195;96;4
N01;N01;Normal: Viagem tranquila em rodovia;Normal;Normal;0.050000007078051564;0.050000007078051564;R2_STABLE_RISK;-1;-1;0;0;-1;-1;0;0.05000000819563866;0.03307429701089859;0.09197909384965897;96;4
C05;C05;Critico progressivo: Celular em rodovia;Critico;Critico;0.390511716902256;0.390511716902256;R2_STABLE_RISK;42;73;32;1;58;16;0;0.05000000819563866;0.3218410313129425;0.0984734520316124;96;4
C02;C02;Critico: Fadiga com desvio cinematico;Critico;Critico;0.39378328174352645;0.39378328174352645;R2_STABLE_RISK;29;50;22;0;32;3;0;0.05000000819563866;0.1034439206123352;0.15586788952350616;96;4
C08;C08;Critico progressivo: Distracao urbana multietapas;Critico;Critico;0.4341239497065544;0.4341239497065544;R2_STABLE_RISK;28;77;50;1;54;26;0;0.05000000819563866;0.3159042298793793;0.1468355655670166;96;4
C06;C06;Critico progressivo: Fadiga noturna;Critico;Critico;0.42849316596984866;0.42849316596984866;R2_STABLE_RISK;36;81;46;1;62;26;0;0.05000000819563866;0.15755943953990936;0.1242932453751564;96;4
C04;C04;Critico: Multiplas distracoes urbanas;Critico;Critico;0.3713889718055725;0.3713889718055725;R1_NORMAL;22;45;24;0;24;2;0;0.05000000819563866;0.20227380096912384;0.15250885486602783;96;4
N03;N03;Normal: Noite estável;Normal;Normal;0.050000007078051564;0.050000007078051564;R2_STABLE_RISK;-1;-1;0;0;-1;-1;0;0.05000000819563866;0.029779354110360146;0.08524113148450851;96;4
N01;N01;Normal: Viagem tranquila em rodovia;Normal;Normal;0.050000007078051564;0.050000007078051564;R2_STABLE_RISK;-1;-1;0;0;-1;-1;0;0.05000000819563866;0.03528199717402458;0.10711123794317245;96;4
C01;C01;Critico: Celular em alta velocidade;Critico;Critico;0.29102678298950196;0.29102678298950196;R1_NORMAL;32;44;13;0;34;2;0;0.05000000819563866;0.15359394252300262;0.12225992232561111;96;4
N01;N01;Normal: Viagem tranquila em rodovia;Normal;Normal;0.050000007078051564;0.050000007078051564;R3_FALSE_KIN;-1;-1;0;0;-1;-1;0;0.05000000819563866;0.035045918077230453;0.09604451805353165;96;4
C03;C03;Critico: Celular sem cinto sob chuva;Critico;Critico;0.3752959698438644;0.3752959698438644;R1_NORMAL;26;41;16;0;28;2;0;0.05000000819563866;0.18272317945957184;0.1384517401456833;96;4
N02;N02;Normal: Urbano moderado;Normal;Normal;0.050000007078051564;0.050000007078051564;R3_FALSE_KIN;-1;-1;0;0;-1;-1;0;0.05000000819563866;0.027556762099266052;0.1041836366057396;96;4
C03;C03;Critico: Celular sem cinto sob chuva;Critico;Critico;0.3752959698438644;0.3752959698438644;R1_NORMAL;26;41;16;0;28;2;0;0.05000000819563866;0.19008301198482513;0.08538606017827988;96;4
C09;C09;Critico progressivo: Bebida ao volante;Critico;Critico;0.46432714760303495;0.46432714760303495;R1_NORMAL;38;73;36;1;58;20;1;0.2697509229183197;0.25564149022102356;0.18045347929000854;96;4
C10;C10;Critico progressivo: Grooming em rodovia com fadiga;Critico;Critico;0.4173284485936165;0.4173284485936165;R1_NORMAL;40;81;42;1;64;24;0;0.05000000819563866;0.19553077220916748;0.14515361189842224;96;4
C09;C09;Critico progressivo: Bebida ao volante;Critico;Critico;0.38518637269735334;0.38518637269735334;R1_NORMAL;38;73;36;1;58;20;0;0.05000000819563866;0.2533930838108063;0.14630235731601715;96;4
C03;C03;Critico: Celular sem cinto sob chuva;Critico;Critico;0.6173373579978942;0.6173373579978942;R2_STABLE_RISK;26;41;16;0;28;2;1;0.2632007300853729;0.18725131452083588;0.18952500820159912;96;4
C10;C10;Critico progressivo: Grooming em rodovia com fadiga;Critico;Critico;0.4193660631775856;0.4193660631775856;R2_STABLE_RISK;40;81;42;1;61;21;0;0.05000000819563866;0.20310015976428986;0.09813717752695084;96;4
C08;C08;Critico progressivo: Distracao urbana multietapas;Critico;Critico;0.43341645151376723;0.43341645151376723;R1_NORMAL;28;77;50;1;59;31;0;0.05000000819563866;0.3048091232776642;0.12274559587240219;96;4
C01;C01;Critico: Celular em alta velocidade;Critico;Critico;0.29102678298950196;0.29102678298950196;R2_STABLE_RISK;32;44;13;0;34;2;0;0.05000000819563866;0.15071821212768555;0.10007289797067642;96;4
N02;N02;Normal: Urbano moderado;Normal;Normal;0.050000007078051564;0.050000007078051564;R2_STABLE_RISK;-1;-1;0;0;-1;-1;0;0.05000000819563866;0.029806608334183693;0.07039052248001099;96;4
C05;C05;Critico progressivo: Celular em rodovia;Critico;Critico;0.3686851069331169;0.3686851069331169;R1_NORMAL;42;73;32;1;57;15;0;0.05000000819563866;0.3213895857334137;0.11052510887384415;96;4
N01;N01;Normal: Viagem tranquila em rodovia;Normal;Normal;0.050000007078051564;0.050000007078051564;R1_NORMAL;-1;-1;0;0;-1;-1;0;0.05000000819563866;0.0328948087990284;0.0867728665471077;96;4
C06;C06;Critico progressivo: Fadiga noturna;Critico;Critico;0.4840529203414917;0.4840529203414917;R1_NORMAL;36;81;46;1;55;19;1;0.3085322678089142;0.1649046093225479;0.13728147745132446;96;4
C04;C04;Critico: Multiplas distracoes urbanas;Critico;Critico;0.3713889718055725;0.3713889718055725;R2_STABLE_RISK;22;45;24;0;24;2;0;0.05000000819563866;0.2104330062866211;0.17347979545593262;96;4
N01;N01;Normal: Viagem tranquila em rodovia;Normal;Normal;0.050000007078051564;0.050000007078051564;R2_STABLE_RISK;-1;-1;0;0;-1;-1;0;0.05000000819563866;0.034281425178050995;0.10889065265655518;96;4
C02;C02;Critico: Fadiga com desvio cinematico;Critico;Critico;0.5894261419773101;0.5894261419773101;R2_STABLE_RISK;29;50;22;0;32;3;1;0.19824440777301788;0.098882757127285;0.19116590917110443;96;4
C08;C08;Critico progressivo: Distracao urbana multietapas;Critico;Critico;0.5229343324899673;0.5229343324899673;R1_NORMAL;28;77;50;1;57;29;1;0.3074624538421631;0.30692070722579956;0.1858549565076828;96;4
C05;C05;Critico progressivo: Celular em rodovia;Critico;Critico;0.45782747864723206;0.45782747864723206;R1_NORMAL;42;73;32;1;58;16;1;0.244571253657341;0.32176533341407776;0.1433468461036682;96;4
C06;C06;Critico progressivo: Fadiga noturna;Critico;Critico;0.43413649350404737;0.43413649350404737;R1_NORMAL;36;81;46;1;65;29;0;0.05000000819563866;0.15567024052143097;0.13738641142845154;96;4
C02;C02;Critico: Fadiga com desvio cinematico;Critico;Critico;0.39378328174352645;0.39378328174352645;R1_NORMAL;29;50;22;0;32;3;0;0.05000000819563866;0.09752926975488663;0.0967901349067688;96;4
C04;C04;Critico: Multiplas distracoes urbanas;Critico;Critico;0.3713889718055725;0.3713889718055725;R3_FALSE_KIN;22;45;24;0;24;2;0;0.05000000819563866;0.19838912785053253;0.10274827480316162;96;4
C07;C07;Critico progressivo: Sem cinto sob chuva;Critico;Critico;0.498136493563652;0.498136493563652;R1_NORMAL;37;75;39;1;56;19;1;0.2912444770336151;0.37886643409729004;0.13549448549747467;96;4
C03;C03;Critico: Celular sem cinto sob chuva;Critico;Critico;0.3752959698438644;0.3752959698438644;R3_FALSE_KIN;26;41;16;0;28;2;0;0.05000000819563866;0.18545323610305786;0.1357991248369217;96;4
C07;C07;Critico progressivo: Sem cinto sob chuva;Critico;Critico;0.3962526574730873;0.3962526574730873;R1_NORMAL;37;75;39;1;59;22;0;0.05000000819563866;0.3714970052242279;0.16024212539196014;96;4
C05;C05;Critico progressivo: Celular em rodovia;Critico;Critico;0.38147459477186196;0.38147459477186196;R1_NORMAL;42;73;32;1;57;15;0;0.05000000819563866;0.32193365693092346;0.16285891830921173;96;4
C10;C10;Critico progressivo: Grooming em rodovia com fadiga;Critico;Critico;0.4121520802378654;0.4121520802378654;R2_STABLE_RISK;40;81;42;1;61;21;0;0.05000000819563866;0.20638616383075714;0.10257688909769058;96;4
C03;C03;Critico: Celular sem cinto sob chuva;Critico;Critico;0.6194899946451187;0.6194899946451187;R1_NORMAL;26;41;16;0;28;2;1;0.24250614643096924;0.186376690864563;0.17428536713123322;96;4
N03;N03;Normal: Noite estável;Normal;Normal;0.050000007078051564;0.050000007078051564;R1_NORMAL;-1;-1;0;0;-1;-1;0;0.05000000819563866;0.026551494374871254;0.10628799349069595;96;4
C01;C01;Critico: Celular em alta velocidade;Critico;Critico;0.5265619724988937;0.5265619724988937;R1_NORMAL;32;44;13;0;34;2;1;0.26489248871803284;0.15511935949325562;0.21034954488277435;96;4
C06;C06;Critico progressivo: Fadiga noturna;Critico;Critico;0.4457360461354255;0.4457360461354255;R1_NORMAL;36;81;46;1;58;22;0;0.05000000819563866;0.16375842690467834;0.11641726642847061;96;4
N01;N01;Normal: Viagem tranquila em rodovia;Normal;Normal;0.050000007078051564;0.050000007078051564;R1_NORMAL;-1;-1;0;0;-1;-1;0;0.05000000819563866;0.030712252482771873;0.0935455858707428;96;4
N01;N01;Normal: Viagem tranquila em rodovia;Normal;Normal;0.050000007078051564;0.050000007078051564;R2_STABLE_RISK;-1;-1;0;0;-1;-1;0;0.05000000819563866;0.03330688178539276;0.08537837117910385;96;4
N01;N01;Normal: Viagem tranquila em rodovia;Normal;Normal;0.050000007078051564;0.050000007078051564;R2_STABLE_RISK;-1;-1;0;0;-1;-1;0;0.05000000819563866;0.030936235561966896;0.09069279581308365;96;4
N01;N01;Normal: Viagem tranquila em rodovia;Normal;Normal;0.050000007078051564;0.050000007078051564;R1_NORMAL;-1;-1;0;0;-1;-1;0;0.05000000819563866;0.03384087607264519;0.1120370402932167;96;4
C06;C06;Critico progressivo: Fadiga noturna;Critico;Critico;0.4459181234240531;0.4459181234240531;R1_NORMAL;36;81;46;1;59;23;0;0.05000000819563866;0.15517747402191162;0.16695356369018555;96;4
N02;N02;Normal: Urbano moderado;Normal;Normal;0.050000007078051564;0.050000007078051564;R1_NORMAL;-1;-1;0;0;-1;-1;0;0.05000000819563866;0.03281711786985397;0.10130587965250015;96;4
N03;N03;Normal: Noite estável;Normal;Normal;0.050000007078051564;0.050000007078051564;R1_NORMAL;-1;-1;0;0;-1;-1;0;0.05000000819563866;0.027568332850933075;0.0843956246972084;96;4
C02;C02;Critico: Fadiga com desvio cinematico;Critico;Critico;0.5956187665462493;0.5956187665462493;R2_STABLE_RISK;29;50;22;0;32;3;1;0.23406369984149933;0.10504934936761856;0.19715364277362823;96;4
C03;C03;Critico: Celular sem cinto sob chuva;Critico;Critico;0.3752959698438644;0.3752959698438644;R1_NORMAL;26;41;16;0;28;2;0;0.05000000819563866;0.19354741275310516;0.13552770018577576;96;4
C05;C05;Critico progressivo: Celular em rodovia;Critico;Critico;0.36940047591924663;0.36940047591924663;R2_STABLE_RISK;42;73;32;1;59;17;0;0.05000000819563866;0.31762638688087463;0.16136175394058228;96;4
N01;N01;Normal: Viagem tranquila em rodovia;Normal;Normal;0.050000007078051564;0.050000007078051564;R3_FALSE_KIN;-1;-1;0;0;-1;-1;0;0.05000000819563866;0.031002573668956757;0.11854537576436996;96;4
C09;C09;Critico progressivo: Bebida ao volante;Critico;Critico;0.37541466802358625;0.37541466802358625;R3_FALSE_KIN;38;73;36;1;58;20;0;0.05000000819563866;0.25147658586502075;0.15101976692676544;96;4
N03;N03;Normal: Noite estável;Normal;Normal;0.050000007078051564;0.050000007078051564;R3_FALSE_KIN;-1;-1;0;0;-1;-1;0;0.05000000819563866;0.030987588688731194;0.09891653060913086;96;4
C04;C04;Critico: Multiplas distracoes urbanas;Critico;Critico;0.3713889718055725;0.3713889718055725;R1_NORMAL;22;45;24;0;24;2;0;0.05000000819563866;0.1953769475221634;0.12736818194389343;96;4
C02;C02;Critico: Fadiga com desvio cinematico;Critico;Critico;0.5963530957698822;0.5963530957698822;R1_NORMAL;29;50;22;0;32;3;1;0.24804061651229858;0.09591851383447647;0.15572763979434967;96;4
C02;C02;Critico: Fadiga com desvio cinematico;Critico;Critico;0.39378328174352645;0.39378328174352645;R3_FALSE_KIN;29;50;22;0;32;3;0;0.05000000819563866;0.1036883220076561;0.11494797468185425;96;4
C10;C10;Critico progressivo: Grooming em rodovia com fadiga;Critico;Critico;0.3819382384419441;0.3819382384419441;R1_NORMAL;40;81;42;1;67;27;0;0.05000000819563866;0.20312444865703583;0.10650008171796799;96;4
N03;N03;Normal: Noite estável;Normal;Normal;0.050000007078051564;0.050000007078051564;R2_STABLE_RISK;-1;-1;0;0;-1;-1;0;0.05000000819563866;0.03417516127228737;0.10369062423706055;96;4
N01;N01;Normal: Viagem tranquila em rodovia;Normal;Normal;0.050000007078051564;0.050000007078051564;R1_NORMAL;-1;-1;0;0;-1;-1;0;0.05000000819563866;0.03097626380622387;0.08820343017578125;96;4
C05;C05;Critico progressivo: Celular em rodovia;Critico;Critico;0.3900483027100563;0.3900483027100563;R1_NORMAL;42;73;32;1;59;17;0;0.05000000819563866;0.3281829059123993;0.11720182746648788;96;4
C07;C07;Critico progressivo: Sem cinto sob chuva;Critico;Critico;0.41653576642274853;0.41653576642274853;R3_FALSE_KIN;37;75;39;1;55;18;0;0.05000000819563866;0.38210949301719666;0.14701910316944122;96;4
C05;C05;Critico progressivo: Celular em rodovia;Critico;Critico;0.3972055479884148;0.3972055479884148;R1_NORMAL;42;73;32;1;58;16;0;0.05000000819563866;0.3191814124584198;0.13808222115039825;96;4
C07;C07;Critico progressivo: Sem cinto sob chuva;Critico;Critico;0.407538503408432;0.407538503408432;R1_NORMAL;37;75;39;1;57;20;0;0.05000000819563866;0.3805031478404999;0.12270575761795044;96;4
C03;C03;Critico: Celular sem cinto sob chuva;Critico;Critico;0.3752959698438644;0.3752959698438644;R2_STABLE_RISK;26;41;16;0;28;2;0;0.05000000819563866;0.19191305339336395;0.10202682018280029;96;4
C08;C08;Critico progressivo: Distracao urbana multietapas;Critico;Critico;0.43774613440036775;0.43774613440036775;R2_STABLE_RISK;28;77;50;1;52;24;0;0.05000000819563866;0.316326379776001;0.13912203907966614;96;4
N01;N01;Normal: Viagem tranquila em rodovia;Normal;Normal;0.050000007078051564;0.050000007078051564;R1_NORMAL;-1;-1;0;0;-1;-1;0;0.05000000819563866;0.03367118909955025;0.08173105865716934;96;4
N01;N01;Normal: Viagem tranquila em rodovia;Normal;Normal;0.050000007078051564;0.050000007078051564;R1_NORMAL;-1;-1;0;0;-1;-1;0;0.05000000819563866;0.03438442572951317;0.08719772845506668;96;4
N02;N02;Normal: Urbano moderado;Normal;Normal;0.050000007078051564;0.050000007078051564;R1_NORMAL;-1;-1;0;0;-1;-1;0;0.05000000819563866;0.02990041859447956;0.08577600866556168;96;4
C09;C09;Critico progressivo: Bebida ao volante;Critico;Critico;0.3834374248981476;0.3834374248981476;R2_STABLE_RISK;38;73;36;1;60;22;0;0.05000000819563866;0.2562987804412842;0.12935373187065125;96;4
N01;N01;Normal: Viagem tranquila em rodovia;Normal;Normal;0.050000007078051564;0.050000007078051564;R3_FALSE_KIN;-1;-1;0;0;-1;-1;0;0.05000000819563866;0.028584301471710205;0.07206486910581589;96;4
C09;C09;Critico progressivo: Bebida ao volante;Critico;Critico;0.4161054566502571;0.4161054566502571;R1_NORMAL;38;73;36;1;57;19;0;0.05000000819563866;0.2564840018749237;0.13259239494800568;96;4
C07;C07;Critico progressivo: Sem cinto sob chuva;Critico;Critico;0.42331492751836775;0.42331492751836775;R1_NORMAL;37;75;39;1;59;22;0;0.05000000819563866;0.37954190373420715;0.193642258644104;96;4
C05;C05;Critico progressivo: Celular em rodovia;Critico;Critico;0.48739192783832547;0.48739192783832547;R2_STABLE_RISK;42;73;32;1;59;17;1;0.30419039726257324;0.31855669617652893;0.14333553612232208;96;4
C03;C03;Critico: Celular sem cinto sob chuva;Critico;Critico;0.3752959698438644;0.3752959698438644;R1_NORMAL;26;41;16;0;28;2;0;0.05000000819563866;0.18764306604862213;0.11902614682912827;96;4
C02;C02;Critico: Fadiga com desvio cinematico;Critico;Critico;0.39378328174352645;0.39378328174352645;R1_NORMAL;29;50;22;0;32;3;0;0.05000000819563866;0.09443151950836182;0.09894540905952454;96;4
C01;C01;Critico: Celular em alta velocidade;Critico;Critico;0.29102678298950196;0.29102678298950196;R3_FALSE_KIN;32;44;13;0;34;2;0;0.05000000819563866;0.1471838802099228;0.14164389669895172;96;4
N02;N02;Normal: Urbano moderado;Normal;Normal;0.050000007078051564;0.050000007078051564;R1_NORMAL;-1;-1;0;0;-1;-1;0;0.05000000819563866;0.027175655588507652;0.09749257564544678;96;4
N02;N02;Normal: Urbano moderado;Normal;Normal;0.050000007078051564;0.050000007078051564;R3_FALSE_KIN;-1;-1;0;0;-1;-1;0;0.05000000819563866;0.029336174950003624;0.08477694541215897;96;4
C03;C03;Critico: Celular sem cinto sob chuva;Critico;Critico;0.626069700717926;0.626069700717926;R3_FALSE_KIN;26;41;16;0;28;2;1;0.2784557044506073;0.19665630161762238;0.1785772442817688;96;4
C03;C03;Critico: Celular sem cinto sob chuva;Critico;Critico;0.3752959698438644;0.3752959698438644;R1_NORMAL;26;41;16;0;28;2;0;0.05000000819563866;0.19072353839874268;0.11240754276514053;96;4
C01;C01;Critico: Celular em alta velocidade;Critico;Critico;0.29102678298950196;0.29102678298950196;R3_FALSE_KIN;32;44;13;0;34;2;0;0.05000000819563866;0.15255869925022125;0.09615335613489151;96;4
C05;C05;Critico progressivo: Celular em rodovia;Critico;Critico;0.37483910769224166;0.37483910769224166;R1_NORMAL;42;73;32;1;58;16;0;0.05000000819563866;0.3141033351421356;0.13855411112308502;96;4
N03;N03;Normal: Noite estável;Normal;Normal;0.050000007078051564;0.050000007078051564;R1_NORMAL;-1;-1;0;0;-1;-1;0;0.05000000819563866;0.03511683642864227;0.10433804243803024;96;4
C03;C03;Critico: Celular sem cinto sob chuva;Critico;Critico;0.3752959698438644;0.3752959698438644;R2_STABLE_RISK;26;41;16;0;28;2;0;0.05000000819563866;0.18741655349731445;0.14460445940494537;96;4
C06;C06;Critico progressivo: Fadiga noturna;Critico;Critico;0.40326529890298846;0.40326529890298846;R1_NORMAL;36;81;46;1;58;22;0;0.05000000819563866;0.15431581437587738;0.16359196603298187;96;4
C04;C04;Critico: Multiplas distracoes urbanas;Critico;Critico;0.3713889718055725;0.3713889718055725;R1_NORMAL;22;45;24;0;24;2;0;0.05000000819563866;0.20257706940174103;0.1264602243900299;96;4
C02;C02;Critico: Fadiga com desvio cinematico;Critico;Critico;0.5935662060976028;0.5935662060976028;R1_NORMAL;29;50;22;0;32;3;1;0.23640714585781097;0.09505513310432434;0.23953044414520264;96;4
N03;N03;Normal: Noite estável;Normal;Normal;0.050000007078051564;0.050000007078051564;R3_FALSE_KIN;-1;-1;0;0;-1;-1;0;0.05000000819563866;0.0338156595826149;0.10031628608703613;96;4
N01;N01;Normal: Viagem tranquila em rodovia;Normal;Normal;0.050000007078051564;0.050000007078051564;R2_STABLE_RISK;-1;-1;0;0;-1;-1;0;0.05000000819563866;0.02904793806374073;0.0846167802810669;96;4
C03;C03;Critico: Celular sem cinto sob chuva;Critico;Critico;0.3752959698438644;0.3752959698438644;R2_STABLE_RISK;26;41;16;0;28;2;0;0.05000000819563866;0.1849934309720993;0.11034860461950302;96;4
C08;C08;Critico progressivo: Distracao urbana multietapas;Critico;Critico;0.4522479638457298;0.4522479638457298;R2_STABLE_RISK;28;77;50;1;54;26;0;0.05000000819563866;0.31882044672966003;0.1467481404542923;96;4
N03;N03;Normal: Noite estável;Normal;Normal;0.050000007078051564;0.050000007078051564;R2_STABLE_RISK;-1;-1;0;0;-1;-1;0;0.05000000819563866;0.03325694054365158;0.1189698651432991;96;4
N02;N02;Normal: Urbano moderado;Normal;Normal;0.050000007078051564;0.050000007078051564;R2_STABLE_RISK;-1;-1;0;0;-1;-1;0;0.05000000819563866;0.03222702816128731;0.11820385605096817;96;4
C06;C06;Critico progressivo: Fadiga noturna;Critico;Critico;0.4237930491566658;0.4237930491566658;R2_STABLE_RISK;36;81;46;1;56;20;0;0.05000000819563866;0.16363145411014557;0.10216321796178818;96;4
N03;N03;Normal: Noite estável;Normal;Normal;0.050000007078051564;0.050000007078051564;R1_NORMAL;-1;-1;0;0;-1;-1;0;0.05000000819563866;0.03364675119519234;0.1642460972070694;96;4
N02;N02;Normal: Urbano moderado;Normal;Normal;0.050000007078051564;0.050000007078051564;R1_NORMAL;-1;-1;0;0;-1;-1;0;0.05000000819563866;0.029804319143295288;0.1443822830915451;96;4
C02;C02;Critico: Fadiga com desvio cinematico;Critico;Critico;0.39378328174352645;0.39378328174352645;R2_STABLE_RISK;29;50;22;0;32;3;0;0.05000000819563866;0.10322767496109009;0.11597597599029541;96;4
C04;C04;Critico: Multiplas distracoes urbanas;Critico;Critico;0.3713889718055725;0.3713889718055725;R2_STABLE_RISK;22;45;24;0;24;2;0;0.05000000819563866;0.20958609879016876;0.18275554478168488;96;4
C01;C01;Critico: Celular em alta velocidade;Critico;Critico;0.29102678298950196;0.29102678298950196;R3_FALSE_KIN;32;44;13;0;34;2;0;0.05000000819563866;0.15457163751125336;0.09855049103498459;96;4
C09;C09;Critico progressivo: Bebida ao volante;Critico;Critico;0.3794424906373024;0.3794424906373024;R3_FALSE_KIN;38;73;36;1;60;22;0;0.05000000819563866;0.2507546842098236;0.17624014616012573;96;4
C03;C03;Critico: Celular sem cinto sob chuva;Critico;Critico;0.3752959698438644;0.3752959698438644;R2_STABLE_RISK;26;41;16;0;28;2;0;0.05000000819563866;0.18298721313476562;0.1190333291888237;96;4
C07;C07;Critico progressivo: Sem cinto sob chuva;Critico;Critico;0.414763756096363;0.414763756096363;R2_STABLE_RISK;37;75;39;1;59;22;0;0.05000000819563866;0.38217201828956604;0.13077037036418915;96;4
C06;C06;Critico progressivo: Fadiga noturna;Critico;Critico;0.39606618136167526;0.39606618136167526;R3_FALSE_KIN;36;81;46;1;64;28;0;0.05000000819563866;0.1633981466293335;0.08316195756196976;96;4
C08;C08;Critico progressivo: Distracao urbana multietapas;Critico;Critico;0.48627603650093076;0.48627603650093076;R2_STABLE_RISK;28;77;50;1;47;19;0;0.05000000819563866;0.32314333319664;0.14892055094242096;96;4
N03;N03;Normal: Noite estável;Normal;Normal;0.050000007078051564;0.050000007078051564;R1_NORMAL;-1;-1;0;0;-1;-1;0;0.05000000819563866;0.026401693001389503;0.08146334439516068;96;4
C01;C01;Critico: Celular em alta velocidade;Critico;Critico;0.29102678298950196;0.29102678298950196;R1_NORMAL;32;44;13;0;34;2;0;0.05000000819563866;0.14976102113723755;0.10156107693910599;96;4
C04;C04;Critico: Multiplas distracoes urbanas;Critico;Critico;0.3713889718055725;0.3713889718055725;R1_NORMAL;22;45;24;0;24;2;0;0.05000000819563866;0.2061646729707718;0.10189411789178848;96;4
N02;N02;Normal: Urbano moderado;Normal;Normal;0.050000007078051564;0.050000007078051564;R3_FALSE_KIN;-1;-1;0;0;-1;-1;0;0.05000000819563866;0.033382441848516464;0.08742833137512207;96;4
N02;N02;Normal: Urbano moderado;Normal;Normal;0.050000007078051564;0.050000007078051564;R1_NORMAL;-1;-1;0;0;-1;-1;0;0.05000000819563866;0.03338988497853279;0.0835263803601265;96;4
C06;C06;Critico progressivo: Fadiga noturna;Critico;Critico;0.42652429491281507;0.42652429491281507;R2_STABLE_RISK;36;81;46;1;57;21;0;0.05000000819563866;0.15616653859615326;0.1357100009918213;96;4
C01;C01;Critico: Celular em alta velocidade;Critico;Critico;0.5243539005517959;0.5243539005517959;R1_NORMAL;32;44;13;0;34;2;1;0.23407651484012604;0.154119074344635;0.13225381076335907;96;4
C02;C02;Critico: Fadiga com desvio cinematico;Critico;Critico;0.39378328174352645;0.39378328174352645;R2_STABLE_RISK;29;50;22;0;32;3;0;0.05000000819563866;0.09335380792617798;0.11355260759592056;96;4
N02;N02;Normal: Urbano moderado;Normal;Normal;0.050000007078051564;0.050000007078051564;R2_STABLE_RISK;-1;-1;0;0;-1;-1;0;0.05000000819563866;0.02665209211409092;0.10045573860406876;96;4
C05;C05;Critico progressivo: Celular em rodovia;Critico;Critico;0.37467699497938156;0.37467699497938156;R2_STABLE_RISK;42;73;32;1;58;16;0;0.05000000819563866;0.3170926868915558;0.12458401918411255;96;4
N03;N03;Normal: Noite estável;Normal;Normal;0.050000007078051564;0.050000007078051564;R2_STABLE_RISK;-1;-1;0;0;-1;-1;0;0.05000000819563866;0.023855766281485558;0.08765421062707901;96;4
C08;C08;Critico progressivo: Distracao urbana multietapas;Critico;Critico;0.45574490278959273;0.45574490278959273;R2_STABLE_RISK;28;77;50;1;55;27;0;0.05000000819563866;0.31235411763191223;0.12933093309402466;96;4
N01;N01;Normal: Viagem tranquila em rodovia;Normal;Normal;0.050000007078051564;0.050000007078051564;R1_NORMAL;-1;-1;0;0;-1;-1;0;0.05000000819563866;0.02892141044139862;0.10421907901763916;96;4
C02;C02;Critico: Fadiga com desvio cinematico;Critico;Critico;0.39378328174352645;0.39378328174352645;R1_NORMAL;29;50;22;0;32;3;0;0.05000000819563866;0.09282642602920532;0.14599759876728058;96;4
C02;C02;Critico: Fadiga com desvio cinematico;Critico;Critico;0.39378328174352645;0.39378328174352645;R2_STABLE_RISK;29;50;22;0;32;3;0;0.05000000819563866;0.09980753064155579;0.13516540825366974;96;4
C01;C01;Critico: Celular em alta velocidade;Critico;Critico;0.29102678298950196;0.29102678298950196;R2_STABLE_RISK;32;44;13;0;34;2;0;0.05000000819563866;0.15129855275154114;0.13567803800106049;96;4
N01;N01;Normal: Viagem tranquila em rodovia;Normal;Normal;0.050000007078051564;0.050000007078051564;R2_STABLE_RISK;-1;-1;0;0;-1;-1;0;0.05000000819563866;0.029024889692664146;0.0968199074268341;96;4
N01;N01;Normal: Viagem tranquila em rodovia;Normal;Normal;0.050000007078051564;0.050000007078051564;R2_STABLE_RISK;-1;-1;0;0;-1;-1;0;0.05000000819563866;0.030995920300483704;0.09790622442960739;96;4
C06;C06;Critico progressivo: Fadiga noturna;Critico;Critico;0.40521932095289226;0.40521932095289226;R2_STABLE_RISK;36;81;46;1;60;24;0;0.05000000819563866;0.15172457695007324;0.1070014014840126;96;4
C04;C04;Critico: Multiplas distracoes urbanas;Critico;Critico;0.5772959947586059;0.5772959947586059;R2_STABLE_RISK;22;45;24;0;24;2;1;0.2635433077812195;0.20392970740795135;0.1883644312620163;96;4
C03;C03;Critico: Celular sem cinto sob chuva;Critico;Critico;0.3752959698438644;0.3752959698438644;R1_NORMAL;26;41;16;0;28;2;0;0.05000000819563866;0.18636417388916016;0.10284677892923355;96;4
C05;C05;Critico progressivo: Celular em rodovia;Critico;Critico;0.478624078631401;0.478624078631401;R1_NORMAL;42;73;32;1;58;16;1;0.2900829315185547;0.3180796802043915;0.13406796753406525;96;4
C06;C06;Critico progressivo: Fadiga noturna;Critico;Critico;0.5061216592788695;0.5061216592788695;R3_FALSE_KIN;36;81;46;1;58;22;1;0.3291564881801605;0.16353824734687805;0.10975587368011475;96;4
C05;C05;Critico progressivo: Celular em rodovia;Critico;Critico;0.3794760271906853;0.3794760271906853;R1_NORMAL;42;73;32;1;58;16;0;0.05000000819563866;0.31777122616767883;0.11545833945274353;96;4
C02;C02;Critico: Fadiga com desvio cinematico;Critico;Critico;0.5906239539384841;0.5906239539384841;R1_NORMAL;29;50;22;0;32;3;1;0.20818699896335602;0.10205811262130737;0.18671207129955292;96;4
C06;C06;Critico progressivo: Fadiga noturna;Critico;Critico;0.46011406779289243;0.46011406779289243;R1_NORMAL;36;81;46;1;60;24;1;0.34176555275917053;0.16994833946228027;0.14383603632450104;96;4
C07;C07;Critico progressivo: Sem cinto sob chuva;Critico;Critico;0.4241549149155616;0.4241549149155616;R2_STABLE_RISK;37;75;39;1;60;23;0;0.05000000819563866;0.37436214089393616;0.18352122604846954;96;4
C03;C03;Critico: Celular sem cinto sob chuva;Critico;Critico;0.3752959698438644;0.3752959698438644;R1_NORMAL;26;41;16;0;28;2;0;0.05000000819563866;0.18836206197738647;0.10647261142730713;96;4
C02;C02;Critico: Fadiga com desvio cinematico;Critico;Critico;0.5959141641855239;0.5959141641855239;R2_STABLE_RISK;29;50;22;0;32;3;1;0.270682692527771;0.10122489929199219;0.13696224987506866;96;4
C01;C01;Critico: Celular em alta velocidade;Critico;Critico;0.29102678298950196;0.29102678298950196;R2_STABLE_RISK;32;44;13;0;34;2;0;0.05000000819563866;0.15932460129261017;0.08330941945314407;96;4
N02;N02;Normal: Urbano moderado;Normal;Normal;0.050000007078051564;0.050000007078051564;R2_STABLE_RISK;-1;-1;0;0;-1;-1;0;0.05000000819563866;0.03398754820227623;0.10741007328033447;96;4
C04;C04;Critico: Multiplas distracoes urbanas;Critico;Critico;0.3713889718055725;0.3713889718055725;R1_NORMAL;22;45;24;0;24;2;0;0.05000000819563866;0.20055396854877472;0.11197987198829651;96;4
N02;N02;Normal: Urbano moderado;Normal;Normal;0.050000007078051564;0.050000007078051564;R1_NORMAL;-1;-1;0;0;-1;-1;0;0.05000000819563866;0.024593966081738472;0.12697257101535797;96;4
C07;C07;Critico progressivo: Sem cinto sob chuva;Critico;Critico;0.4216004848480225;0.4216004848480225;R1_NORMAL;37;75;39;1;59;22;0;0.05000000819563866;0.3782605230808258;0.15067006647586823;96;4
C06;C06;Critico progressivo: Fadiga noturna;Critico;Critico;0.447157683968544;0.447157683968544;R1_NORMAL;36;81;46;1;64;28;1;0.3021148443222046;0.15877702832221985;0.1008928194642067;96;4
C07;C07;Critico progressivo: Sem cinto sob chuva;Critico;Critico;0.4856853991746902;0.4856853991746902;R1_NORMAL;37;75;39;1;57;20;1;0.2857263684272766;0.37625589966773987;0.20867693424224854;96;4
N03;N03;Normal: Noite estável;Normal;Normal;0.050000007078051564;0.050000007078051564;R1_NORMAL;-1;-1;0;0;-1;-1;0;0.05000000819563866;0.022835349664092064;0.09342201799154282;96;4
C02;C02;Critico: Fadiga com desvio cinematico;Critico;Critico;0.39378328174352645;0.39378328174352645;R2_STABLE_RISK;29;50;22;0;32;3;0;0.05000000819563866;0.09652981907129288;0.11362256854772568;96;4
C10;C10;Critico progressivo: Grooming em rodovia com fadiga;Critico;Critico;0.3953988075256347;0.3953988075256347;R3_FALSE_KIN;40;81;42;1;65;25;0;0.05000000819563866;0.19863517582416534;0.08485875278711319;96;4
C03;C03;Critico: Celular sem cinto sob chuva;Critico;Critico;0.3752959698438644;0.3752959698438644;R1_NORMAL;26;41;16;0;28;2;0;0.05000000819563866;0.18879759311676025;0.1198635920882225;96;4
C08;C08;Critico progressivo: Distracao urbana multietapas;Critico;Critico;0.441773372888565;0.441773372888565;R3_FALSE_KIN;28;77;50;1;46;18;0;0.05000000819563866;0.3183940649032593;0.1361229419708252;96;4
C01;C01;Critico: Celular em alta velocidade;Critico;Critico;0.29102678298950196;0.29102678298950196;R1_NORMAL;32;44;13;0;34;2;0;0.05000000819563866;0.1486874669790268;0.11671584844589233;96;4
N01;N01;Normal: Viagem tranquila em rodovia;Normal;Normal;0.050000007078051564;0.050000007078051564;R2_STABLE_RISK;-1;-1;0;0;-1;-1;0;0.05000000819563866;0.03469426929950714;0.0851462259888649;96;4
C03;C03;Critico: Celular sem cinto sob chuva;Critico;Critico;0.3752959698438644;0.3752959698438644;R2_STABLE_RISK;26;41;16;0;28;2;0;0.05000000819563866;0.18425936996936798;0.15461882948875427;96;4
C10;C10;Critico progressivo: Grooming em rodovia com fadiga;Critico;Critico;0.4393706679344177;0.4393706679344177;R1_NORMAL;40;81;42;1;58;18;0;0.05000000819563866;0.21058130264282227;0.13582299649715424;96;4
N02;N02;Normal: Urbano moderado;Normal;Normal;0.050000007078051564;0.050000007078051564;R2_STABLE_RISK;-1;-1;0;0;-1;-1;0;0.05000000819563866;0.034274861216545105;0.10622654110193253;96;4
C02;C02;Critico: Fadiga com desvio cinematico;Critico;Critico;0.39378328174352645;0.39378328174352645;R1_NORMAL;29;50;22;0;32;3;0;0.05000000819563866;0.09917405992746353;0.15308137238025665;96;4
C01;C01;Critico: Celular em alta velocidade;Critico;Critico;0.29102678298950196;0.29102678298950196;R1_NORMAL;32;44;13;0;34;2;0;0.05000000819563866;0.1531391143798828;0.11789041757583618;96;4
N03;N03;Normal: Noite estável;Normal;Normal;0.050000007078051564;0.050000007078051564;R2_STABLE_RISK;-1;-1;0;0;-1;-1;0;0.05000000819563866;0.03077475167810917;0.08054658025503159;96;4
C05;C05;Critico progressivo: Celular em rodovia;Critico;Critico;0.3698803901672363;0.3698803901672363;R1_NORMAL;42;73;32;1;58;16;0;0.05000000819563866;0.3096896708011627;0.09484641999006271;96;4
C08;C08;Critico progressivo: Distracao urbana multietapas;Critico;Critico;0.42309253960847854;0.42309253960847854;R2_STABLE_RISK;28;77;50;1;54;26;0;0.05000000819563866;0.31075647473335266;0.1426382213830948;96;4
C05;C05;Critico progressivo: Celular em rodovia;Critico;Critico;0.3981040731072426;0.3981040731072426;R2_STABLE_RISK;42;73;32;1;59;17;0;0.05000000819563866;0.3091859221458435;0.1271921545267105;96;4
N03;N03;Normal: Noite estável;Normal;Normal;0.050000007078051564;0.050000007078051564;R2_STABLE_RISK;-1;-1;0;0;-1;-1;0;0.05000000819563866;0.03871268779039383;0.06490010023117065;96;4
C06;C06;Critico progressivo: Fadiga noturna;Critico;Critico;0.46142922937870023;0.46142922937870023;R3_FALSE_KIN;36;81;46;1;59;23;1;0.30950379371643066;0.1560860574245453;0.09115445613861084;96;4
C08;C08;Critico progressivo: Distracao urbana multietapas;Critico;Critico;0.43563227653503417;0.43563227653503417;R2_STABLE_RISK;28;77;50;1;58;30;0;0.05000000819563866;0.31292974948883057;0.13568949699401855;96;4
C06;C06;Critico progressivo: Fadiga noturna;Critico;Critico;0.451513996720314;0.451513996720314;R3_FALSE_KIN;36;81;46;1;59;23;0;0.05000000819563866;0.16298218071460724;0.136087104678154;96;4
C01;C01;Critico: Celular em alta velocidade;Critico;Critico;0.5354769796133041;0.5354769796133041;R1_NORMAL;32;44;13;0;34;2;1;0.2622632682323456;0.1550673097372055;0.15553422272205353;96;4
C09;C09;Critico progressivo: Bebida ao volante;Critico;Critico;0.3736966624855995;0.3736966624855995;R2_STABLE_RISK;38;73;36;1;56;18;0;0.05000000819563866;0.25104933977127075;0.15123911201953888;96;4
C02;C02;Critico: Fadiga com desvio cinematico;Critico;Critico;0.6005765914916992;0.6005765914916992;R2_STABLE_RISK;29;50;22;0;32;3;1;0.242328479886055;0.10239257663488388;0.14203844964504242;96;4
C09;C09;Critico progressivo: Bebida ao volante;Critico;Critico;0.3974235966801643;0.3974235966801643;R1_NORMAL;38;73;36;1;56;18;0;0.05000000819563866;0.25721868872642517;0.1285136491060257;96;4
C02;C02;Critico: Fadiga com desvio cinematico;Critico;Critico;0.39378328174352645;0.39378328174352645;R3_FALSE_KIN;29;50;22;0;32;3;0;0.05000000819563866;0.10024669766426086;0.11360421031713486;96;4
C08;C08;Critico progressivo: Distracao urbana multietapas;Critico;Critico;0.40685147196054455;0.40685147196054455;R2_STABLE_RISK;28;77;50;1;59;31;0;0.05000000819563866;0.30159851908683777;0.11227282136678696;96;4
C02;C02;Critico: Fadiga com desvio cinematico;Critico;Critico;0.39378328174352645;0.39378328174352645;R2_STABLE_RISK;29;50;22;0;32;3;0;0.05000000819563866;0.09628947824239731;0.12557904422283173;96;4
C05;C05;Critico progressivo: Celular em rodovia;Critico;Critico;0.4728207767009735;0.4728207767009735;R2_STABLE_RISK;42;73;32;1;58;16;1;0.2805050313472748;0.31480851769447327;0.16069987416267395;96;4
C10;C10;Critico progressivo: Grooming em rodovia com fadiga;Critico;Critico;0.38361866027116776;0.38361866027116776;R2_STABLE_RISK;40;81;42;1;63;23;0;0.05000000819563866;0.2027757614850998;0.09040994197130203;96;4
N01;N01;Normal: Viagem tranquila em rodovia;Normal;Normal;0.050000007078051564;0.050000007078051564;R1_NORMAL;-1;-1;0;0;-1;-1;0;0.05000000819563866;0.030062688514590263;0.06622299551963806;96;4
C07;C07;Critico progressivo: Sem cinto sob chuva;Critico;Critico;0.4053769990801811;0.4053769990801811;R2_STABLE_RISK;37;75;39;1;61;24;0;0.05000000819563866;0.3744056224822998;0.16757090389728546;96;4
C10;C10;Critico progressivo: Grooming em rodovia com fadiga;Critico;Critico;0.4176273480057716;0.4176273480057716;R3_FALSE_KIN;40;81;42;1;61;21;0;0.05000000819563866;0.19933265447616577;0.10407356172800064;96;4
C03;C03;Critico: Celular sem cinto sob chuva;Critico;Critico;0.6232493817806244;0.6232493817806244;R1_NORMAL;26;41;16;0;28;2;1;0.25936388969421387;0.1917351633310318;0.17837458848953247;96;4
N01;N01;Normal: Viagem tranquila em rodovia;Normal;Normal;0.050000007078051564;0.050000007078051564;R2_STABLE_RISK;-1;-1;0;0;-1;-1;0;0.05000000819563866;0.02855250984430313;0.10774309188127518;96;4
C05;C05;Critico progressivo: Celular em rodovia;Critico;Critico;0.39937818199396136;0.39937818199396136;R3_FALSE_KIN;42;73;32;1;60;18;0;0.05000000819563866;0.3110615313053131;0.14714431762695312;96;4
N02;N02;Normal: Urbano moderado;Normal;Normal;0.050000007078051564;0.050000007078051564;R3_FALSE_KIN;-1;-1;0;0;-1;-1;0;0.05000000819563866;0.04152247682213783;0.12126284092664719;96;4
C06;C06;Critico progressivo: Fadiga noturna;Critico;Critico;0.42569545954465865;0.42569545954465865;R3_FALSE_KIN;36;81;46;1;61;25;0;0.05000000819563866;0.1548866480588913;0.1223389133810997;96;4
C07;C07;Critico progressivo: Sem cinto sob chuva;Critico;Critico;0.4014802515506744;0.4014802515506744;R1_NORMAL;37;75;39;1;57;20;0;0.05000000819563866;0.37355729937553406;0.11154666543006897;96;4
C08;C08;Critico progressivo: Distracao urbana multietapas;Critico;Critico;0.43656657934188836;0.43656657934188836;R3_FALSE_KIN;28;77;50;1;54;26;0;0.05000000819563866;0.3177286386489868;0.12763579189777374;96;4
C05;C05;Critico progressivo: Celular em rodovia;Critico;Critico;0.39367092698812484;0.39367092698812484;R2_STABLE_RISK;42;73;32;1;59;17;0;0.05000000819563866;0.3187136948108673;0.13809260725975037;96;4
C10;C10;Critico progressivo: Grooming em rodovia com fadiga;Critico;Critico;0.41728730201721187;0.41728730201721187;R2_STABLE_RISK;40;81;42;1;63;23;0;0.05000000819563866;0.20558619499206543;0.14247046411037445;96;4
C04;C04;Critico: Multiplas distracoes urbanas;Critico;Critico;0.3713889718055725;0.3713889718055725;R2_STABLE_RISK;22;45;24;0;24;2;0;0.05000000819563866;0.20000366866588593;0.13013392686843872;96;4
C10;C10;Critico progressivo: Grooming em rodovia com fadiga;Critico;Critico;0.4451827645301819;0.4451827645301819;R2_STABLE_RISK;40;81;42;1;62;22;0;0.05000000819563866;0.200492724776268;0.1130274310708046;96;4
C09;C09;Critico progressivo: Bebida ao volante;Critico;Critico;0.40382969230413435;0.40382969230413435;R1_NORMAL;38;73;36;1;55;17;0;0.05000000819563866;0.256978839635849;0.18607699871063232;96;4
C09;C09;Critico progressivo: Bebida ao volante;Critico;Critico;0.4811090886592865;0.4811090886592865;R1_NORMAL;38;73;36;1;58;20;1;0.2918652296066284;0.23955410718917847;0.15002544224262238;96;4
N03;N03;Normal: Noite estável;Normal;Normal;0.050000007078051564;0.050000007078051564;R2_STABLE_RISK;-1;-1;0;0;-1;-1;0;0.05000000819563866;0.03514961525797844;0.08974172919988632;96;4
N03;N03;Normal: Noite estável;Normal;Normal;0.050000007078051564;0.050000007078051564;R2_STABLE_RISK;-1;-1;0;0;-1;-1;0;0.05000000819563866;0.040324363857507706;0.1208982989192009;96;4
C04;C04;Critico: Multiplas distracoes urbanas;Critico;Critico;0.5655817180871963;0.5655817180871963;R1_NORMAL;22;45;24;0;24;2;1;0.22005747258663177;0.19823598861694336;0.2185797244310379;96;4
C07;C07;Critico progressivo: Sem cinto sob chuva;Critico;Critico;0.4054092094302177;0.4054092094302177;R2_STABLE_RISK;37;75;39;1;59;22;0;0.05000000819563866;0.37441524863243103;0.11166264861822128;96;4
C04;C04;Critico: Multiplas distracoes urbanas;Critico;Critico;0.3713889718055725;0.3713889718055725;R3_FALSE_KIN;22;45;24;0;24;2;0;0.05000000819563866;0.2008325606584549;0.15232010185718536;96;4
N02;N02;Normal: Urbano moderado;Normal;Normal;0.050000007078051564;0.050000007078051564;R1_NORMAL;-1;-1;0;0;-1;-1;0;0.05000000819563866;0.026784447953104973;0.12373962253332138;96;4
C03;C03;Critico: Celular sem cinto sob chuva;Critico;Critico;0.6095922738313675;0.6095922738313675;R1_NORMAL;26;41;16;0;28;2;1;0.2732844650745392;0.19696283340454102;0.23280203342437744;96;4
C01;C01;Critico: Celular em alta velocidade;Critico;Critico;0.29102678298950196;0.29102678298950196;R1_NORMAL;32;44;13;0;34;2;0;0.05000000819563866;0.15473276376724243;0.1573723554611206;96;4
C06;C06;Critico progressivo: Fadiga noturna;Critico;Critico;0.3962296023964882;0.3962296023964882;R2_STABLE_RISK;36;81;46;1;62;26;0;0.05000000819563866;0.152618408203125;0.09686199575662613;96;4
C04;C04;Critico: Multiplas distracoes urbanas;Critico;Critico;0.3713889718055725;0.3713889718055725;R2_STABLE_RISK;22;45;24;0;24;2;0;0.05000000819563866;0.20181266963481903;0.15763698518276215;96;4
C03;C03;Critico: Celular sem cinto sob chuva;Critico;Critico;0.3752959698438644;0.3752959698438644;R1_NORMAL;26;41;16;0;28;2;0;0.05000000819563866;0.18846191465854645;0.12139734625816345;96;4
C08;C08;Critico progressivo: Distracao urbana multietapas;Critico;Critico;0.46336260139942165;0.46336260139942165;R1_NORMAL;28;77;50;1;51;23;0;0.05000000819563866;0.3255217373371124;0.15366758406162262;96;4
N01;N01;Normal: Viagem tranquila em rodovia;Normal;Normal;0.050000007078051564;0.050000007078051564;R2_STABLE_RISK;-1;-1;0;0;-1;-1;0;0.05000000819563866;0.029524492099881172;0.08587796241044998;96;4
C06;C06;Critico progressivo: Fadiga noturna;Critico;Critico;0.45789643526077267;0.45789643526077267;R1_NORMAL;36;81;46;1;61;25;1;0.2961517870426178;0.15990622341632843;0.11641291528940201;96;4
C05;C05;Critico progressivo: Celular em rodovia;Critico;Critico;0.3734396532177925;0.3734396532177925;R1_NORMAL;42;73;32;1;57;15;0;0.05000000819563866;0.3196404278278351;0.1451985239982605;96;4
C10;C10;Critico progressivo: Grooming em rodovia com fadiga;Critico;Critico;0.45539435446262355;0.45539435446262355;R1_NORMAL;40;81;42;1;66;26;1;0.33979034423828125;0.19862057268619537;0.1409982591867447;96;4
N02;N02;Normal: Urbano moderado;Normal;Normal;0.050000007078051564;0.050000007078051564;R2_STABLE_RISK;-1;-1;0;0;-1;-1;0;0.05000000819563866;0.029952943325042725;0.09006759524345398;96;4
C10;C10;Critico progressivo: Grooming em rodovia com fadiga;Critico;Critico;0.4085888087749481;0.4085888087749481;R1_NORMAL;40;81;42;1;60;20;0;0.05000000819563866;0.20099425315856934;0.11790034174919128;96;4
C01;C01;Critico: Celular em alta velocidade;Critico;Critico;0.29102678298950196;0.29102678298950196;R3_FALSE_KIN;32;44;13;0;34;2;0;0.05000000819563866;0.15009720623493195;0.1260264366865158;96;4
N03;N03;Normal: Noite estável;Normal;Normal;0.050000007078051564;0.050000007078051564;R1_NORMAL;-1;-1;0;0;-1;-1;0;0.05000000819563866;0.026276255026459694;0.1054709181189537;96;4
C01;C01;Critico: Celular em alta velocidade;Critico;Critico;0.5259913891553878;0.5259913891553878;R2_STABLE_RISK;32;44;13;0;34;2;1;0.26564350724220276;0.16412369906902313;0.16220198571681976;96;4
C05;C05;Critico progressivo: Celular em rodovia;Critico;Critico;0.3719624876976013;0.3719624876976013;R2_STABLE_RISK;42;73;32;1;56;14;0;0.05000000819563866;0.31704309582710266;0.16495823860168457;96;4
C02;C02;Critico: Fadiga com desvio cinematico;Critico;Critico;0.6058151483535766;0.6058151483535766;R1_NORMAL;29;50;22;0;32;3;1;0.2857029139995575;0.09377539157867432;0.2025306671857834;96;4
C10;C10;Critico progressivo: Grooming em rodovia com fadiga;Critico;Critico;0.4668107658624649;0.4668107658624649;R3_FALSE_KIN;40;81;42;1;65;25;1;0.3224245309829712;0.20204336941242218;0.0948316678404808;96;4
C04;C04;Critico: Multiplas distracoes urbanas;Critico;Critico;0.3713889718055725;0.3713889718055725;R2_STABLE_RISK;22;45;24;0;24;2;0;0.05000000819563866;0.194127157330513;0.13651253283023834;96;4
N02;N02;Normal: Urbano moderado;Normal;Normal;0.050000007078051564;0.050000007078051564;R2_STABLE_RISK;-1;-1;0;0;-1;-1;0;0.05000000819563866;0.03878215700387955;0.08406452089548111;96;4
C06;C06;Critico progressivo: Fadiga noturna;Critico;Critico;0.41807046383619306;0.41807046383619306;R1_NORMAL;36;81;46;1;62;26;0;0.05000000819563866;0.15665145218372345;0.10282152891159058;96;4
C10;C10;Critico progressivo: Grooming em rodovia com fadiga;Critico;Critico;0.4109196558594704;0.4109196558594704;R1_NORMAL;40;81;42;1;67;27;0;0.05000000819563866;0.19507324695587158;0.08382944017648697;96;4
C05;C05;Critico progressivo: Celular em rodovia;Critico;Critico;0.4545074045658111;0.4545074045658111;R1_NORMAL;42;73;32;1;57;15;1;0.23157085478305817;0.31449612975120544;0.15350033342838287;96;4
C07;C07;Critico progressivo: Sem cinto sob chuva;Critico;Critico;0.4384239077568054;0.4384239077568054;R1_NORMAL;37;75;39;1;55;18;0;0.05000000819563866;0.3872705399990082;0.13910646736621857;96;4
C01;C01;Critico: Celular em alta velocidade;Critico;Critico;0.5320858925580978;0.5320858925580978;R1_NORMAL;32;44;13;0;34;2;1;0.2519904673099518;0.14958371222019196;0.18311326205730438;96;4
C05;C05;Critico progressivo: Celular em rodovia;Critico;Critico;0.38926333785057066;0.38926333785057066;R1_NORMAL;42;73;32;1;58;16;0;0.05000000819563866;0.316754013299942;0.12230255454778671;96;4
C02;C02;Critico: Fadiga com desvio cinematico;Critico;Critico;0.39378328174352645;0.39378328174352645;R2_STABLE_RISK;29;50;22;0;32;3;0;0.05000000819563866;0.1031421646475792;0.14643938839435577;96;4
C06;C06;Critico progressivo: Fadiga noturna;Critico;Critico;0.4803203344345093;0.4803203344345093;R3_FALSE_KIN;36;81;46;1;57;21;1;0.33018144965171814;0.1617857962846756;0.10672790557146072;96;4
N03;N03;Normal: Noite estável;Normal;Normal;0.050000007078051564;0.050000007078051564;R1_NORMAL;-1;-1;0;0;-1;-1;0;0.05000000819563866;0.035067617893218994;0.07026311755180359;96;4
C07;C07;Critico progressivo: Sem cinto sob chuva;Critico;Critico;0.42368320822715755;0.42368320822715755;R2_STABLE_RISK;37;75;39;1;55;18;0;0.05000000819563866;0.3814904987812042;0.12322042137384415;96;4
C06;C06;Critico progressivo: Fadiga noturna;Critico;Critico;0.44298613369464873;0.44298613369464873;R1_NORMAL;36;81;46;1;55;19;0;0.05000000819563866;0.1545633226633072;0.13628721237182617;96;4
C04;C04;Critico: Multiplas distracoes urbanas;Critico;Critico;0.3713889718055725;0.3713889718055725;R1_NORMAL;22;45;24;0;24;2;0;0.05000000819563866;0.20671392977237701;0.15317535400390625;96;4
C08;C08;Critico progressivo: Distracao urbana multietapas;Critico;Critico;0.5288863688707351;0.5288863688707351;R3_FALSE_KIN;28;77;50;1;51;23;1;0.3017703592777252;0.32095345854759216;0.1635906994342804;96;4
C10;C10;Critico progressivo: Grooming em rodovia com fadiga;Critico;Critico;0.3986339449882507;0.3986339449882507;R2_STABLE_RISK;40;81;42;1;63;23;0;0.05000000819563866;0.206124946475029;0.09852391481399536;96;4
C02;C02;Critico: Fadiga com desvio cinematico;Critico;Critico;0.39378328174352645;0.39378328174352645;R2_STABLE_RISK;29;50;22;0;32;3;0;0.05000000819563866;0.09893961995840073;0.1229746863245964;96;4
N01;N01;Normal: Viagem tranquila em rodovia;Normal;Normal;0.050000007078051564;0.050000007078051564;R1_NORMAL;-1;-1;0;0;-1;-1;0;0.05000000819563866;0.0313388854265213;0.12268242985010147;96;4
C01;C01;Critico: Celular em alta velocidade;Critico;Critico;0.29102678298950196;0.29102678298950196;R2_STABLE_RISK;32;44;13;0;34;2;0;0.05000000819563866;0.1518128663301468;0.1428423821926117;96;4
C07;C07;Critico progressivo: Sem cinto sob chuva;Critico;Critico;0.4060796245932579;0.4060796245932579;R1_NORMAL;37;75;39;1;56;19;0;0.05000000819563866;0.3843052387237549;0.11155989021062851;96;4
C01;C01;Critico: Celular em alta velocidade;Critico;Critico;0.29102678298950196;0.29102678298950196;R1_NORMAL;32;44;13;0;34;2;0;0.05000000819563866;0.15193629264831543;0.10755005478858948;96;4
C02;C02;Critico: Fadiga com desvio cinematico;Critico;Critico;0.39378328174352645;0.39378328174352645;R2_STABLE_RISK;29;50;22;0;32;3;0;0.05000000819563866;0.09853459149599075;0.11497708410024643;96;4
C03;C03;Critico: Celular sem cinto sob chuva;Critico;Critico;0.3752959698438644;0.3752959698438644;R1_NORMAL;26;41;16;0;28;2;0;0.05000000819563866;0.1897350400686264;0.13856859505176544;96;4
N01;N01;Normal: Viagem tranquila em rodovia;Normal;Normal;0.050000007078051564;0.050000007078051564;R2_STABLE_RISK;-1;-1;0;0;-1;-1;0;0.05000000819563866;0.02619171142578125;0.08711854368448257;96;4
C10;C10;Critico progressivo: Grooming em rodovia com fadiga;Critico;Critico;0.463890528678894;0.463890528678894;R1_NORMAL;40;81;42;1;63;23;1;0.3177328407764435;0.20020408928394318;0.1267697960138321;96;4
C02;C02;Critico: Fadiga com desvio cinematico;Critico;Critico;0.39378328174352645;0.39378328174352645;R2_STABLE_RISK;29;50;22;0;32;3;0;0.05000000819563866;0.09656979888677597;0.10118788480758667;96;4
C07;C07;Critico progressivo: Sem cinto sob chuva;Critico;Critico;0.4173365488648414;0.4173365488648414;R3_FALSE_KIN;37;75;39;1;54;17;0;0.05000000819563866;0.38400375843048096;0.1402033269405365;96;4
C09;C09;Critico progressivo: Bebida ao volante;Critico;Critico;0.36848074644803996;0.36848074644803996;R1_NORMAL;38;73;36;1;58;20;0;0.05000000819563866;0.25579774379730225;0.11869252473115921;96;4
C03;C03;Critico: Celular sem cinto sob chuva;Critico;Critico;0.6099390774965285;0.6099390774965285;R1_NORMAL;26;41;16;0;28;2;1;0.26802027225494385;0.18640343844890594;0.18993234634399414;96;4
C02;C02;Critico: Fadiga com desvio cinematico;Critico;Critico;0.39378328174352645;0.39378328174352645;R3_FALSE_KIN;29;50;22;0;32;3;0;0.05000000819563866;0.09574995189905167;0.11812055110931396;96;4
C09;C09;Critico progressivo: Bebida ao volante;Critico;Critico;0.38541211485862736;0.38541211485862736;R1_NORMAL;38;73;36;1;57;19;0;0.05000000819563866;0.2535695433616638;0.13262902200222015;96;4
C10;C10;Critico progressivo: Grooming em rodovia com fadiga;Critico;Critico;0.41336040347814557;0.41336040347814557;R1_NORMAL;40;81;42;1;60;20;0;0.05000000819563866;0.20138412714004517;0.10199788212776184;96;4
C06;C06;Critico progressivo: Fadiga noturna;Critico;Critico;0.4018969178199768;0.4018969178199768;R2_STABLE_RISK;36;81;46;1;64;28;0;0.05000000819563866;0.15849067270755768;0.07880324870347977;96;4
C07;C07;Critico progressivo: Sem cinto sob chuva;Critico;Critico;0.48693389594554903;0.48693389594554903;R2_STABLE_RISK;37;75;39;1;58;21;1;0.28633353114128113;0.3774665892124176;0.11944737285375595;96;4
C07;C07;Critico progressivo: Sem cinto sob chuva;Critico;Critico;0.41449612379074097;0.41449612379074097;R2_STABLE_RISK;37;75;39;1;59;22;0;0.05000000819563866;0.38658249378204346;0.1426025778055191;96;4
C07;C07;Critico progressivo: Sem cinto sob chuva;Critico;Critico;0.3954057857394218;0.3954057857394218;R2_STABLE_RISK;37;75;39;1;58;21;0;0.05000000819563866;0.37487825751304626;0.14017845690250397;96;4
C08;C08;Critico progressivo: Distracao urbana multietapas;Critico;Critico;0.4827212393283844;0.4827212393283844;R1_NORMAL;28;77;50;1;47;19;0;0.05000000819563866;0.3258759677410126;0.17514105141162872;96;4
C09;C09;Critico progressivo: Bebida ao volante;Critico;Critico;0.398065023124218;0.398065023124218;R2_STABLE_RISK;38;73;36;1;57;19;0;0.05000000819563866;0.2484397292137146;0.1203768327832222;96;4
C01;C01;Critico: Celular em alta velocidade;Critico;Critico;0.29102678298950196;0.29102678298950196;R1_NORMAL;32;44;13;0;34;2;0;0.05000000819563866;0.15645967423915863;0.16117484867572784;96;4
N01;N01;Normal: Viagem tranquila em rodovia;Normal;Normal;0.050000007078051564;0.050000007078051564;R1_NORMAL;-1;-1;0;0;-1;-1;0;0.05000000819563866;0.027920320630073547;0.09938903898000717;96;4
C06;C06;Critico progressivo: Fadiga noturna;Critico;Critico;0.4367711260914803;0.4367711260914803;R3_FALSE_KIN;36;81;46;1;58;22;0;0.05000000819563866;0.1552526205778122;0.14443887770175934;96;4
C08;C08;Critico progressivo: Distracao urbana multietapas;Critico;Critico;0.4123120605945587;0.4123120605945587;R1_NORMAL;28;77;50;1;56;28;0;0.05000000819563866;0.3042661249637604;0.1227438673377037;96;4
C02;C02;Critico: Fadiga com desvio cinematico;Critico;Critico;0.606746506690979;0.606746506690979;R1_NORMAL;29;50;22;0;32;3;1;0.28388524055480957;0.10211145877838135;0.16475796699523926;96;4
C09;C09;Critico progressivo: Bebida ao volante;Critico;Critico;0.40601725131273264;0.40601725131273264;R2_STABLE_RISK;38;73;36;1;59;21;0;0.05000000819563866;0.2490626573562622;0.11644554138183594;96;4
N02;N02;Normal: Urbano moderado;Normal;Normal;0.050000007078051564;0.050000007078051564;R3_FALSE_KIN;-1;-1;0;0;-1;-1;0;0.05000000819563866;0.027127400040626526;0.12742522358894348;96;4
C01;C01;Critico: Celular em alta velocidade;Critico;Critico;0.5357858121395112;0.5357858121395112;R2_STABLE_RISK;32;44;13;0;34;2;1;0.2637122869491577;0.15980000793933868;0.19353385269641876;96;4
C10;C10;Critico progressivo: Grooming em rodovia com fadiga;Critico;Critico;0.4245611548423767;0.4245611548423767;R2_STABLE_RISK;40;81;42;1;66;26;0;0.05000000819563866;0.1983739137649536;0.12378144264221191;96;4
C08;C08;Critico progressivo: Distracao urbana multietapas;Critico;Critico;0.5258984953165053;0.5258984953165053;R2_STABLE_RISK;28;77;50;1;47;19;1;0.3315263092517853;0.32450518012046814;0.17713017761707306;96;4
N03;N03;Normal: Noite estável;Normal;Normal;0.050000007078051564;0.050000007078051564;R3_FALSE_KIN;-1;-1;0;0;-1;-1;0;0.05000000819563866;0.03159179911017418;0.07700086385011673;96;4
C08;C08;Critico progressivo: Distracao urbana multietapas;Critico;Critico;0.510088038444519;0.510088038444519;R2_STABLE_RISK;28;77;50;1;54;26;1;0.2816750705242157;0.3153674304485321;0.13410882651805878;96;4
N03;N03;Normal: Noite estável;Normal;Normal;0.050000007078051564;0.050000007078051564;R2_STABLE_RISK;-1;-1;0;0;-1;-1;0;0.05000000819563866;0.03440965339541435;0.10386396199464798;96;4
C02;C02;Critico: Fadiga com desvio cinematico;Critico;Critico;0.6039730280637741;0.6039730280637741;R2_STABLE_RISK;29;50;22;0;32;3;1;0.26131847500801086;0.10282508283853531;0.13185426592826843;96;4
N01;N01;Normal: Viagem tranquila em rodovia;Normal;Normal;0.050000007078051564;0.050000007078051564;R1_NORMAL;-1;-1;0;0;-1;-1;0;0.05000000819563866;0.026121636852622032;0.09593509882688522;96;4
C05;C05;Critico progressivo: Celular em rodovia;Critico;Critico;0.39294224232435226;0.39294224232435226;R2_STABLE_RISK;42;73;32;1;58;16;0;0.05000000819563866;0.3185324966907501;0.13988925516605377;96;4
C04;C04;Critico: Multiplas distracoes urbanas;Critico;Critico;0.3713889718055725;0.3713889718055725;R3_FALSE_KIN;22;45;24;0;24;2;0;0.05000000819563866;0.19788391888141632;0.14250053465366364;96;4
C07;C07;Critico progressivo: Sem cinto sob chuva;Critico;Critico;0.4781211286783218;0.4781211286783218;R3_FALSE_KIN;37;75;39;1;59;22;1;0.3147108852863312;0.37363138794898987;0.16821755468845367;96;4
C05;C05;Critico progressivo: Celular em rodovia;Critico;Critico;0.3983822867274284;0.3983822867274284;R1_NORMAL;42;73;32;1;60;18;0;0.05000000819563866;0.3190732002258301;0.1459553986787796;96;4
C07;C07;Critico progressivo: Sem cinto sob chuva;Critico;Critico;0.4070022419095039;0.4070022419095039;R2_STABLE_RISK;37;75;39;1;58;21;0;0.05000000819563866;0.37032485008239746;0.1537335067987442;96;4
C09;C09;Critico progressivo: Bebida ao volante;Critico;Critico;0.48404056131839746;0.48404056131839746;R1_NORMAL;38;73;36;1;59;21;1;0.30321750044822693;0.2504250705242157;0.1109221875667572;96;4
C02;C02;Critico: Fadiga com desvio cinematico;Critico;Critico;0.39378328174352645;0.39378328174352645;R2_STABLE_RISK;29;50;22;0;32;3;0;0.05000000819563866;0.09808845072984695;0.11371801048517227;96;4
N03;N03;Normal: Noite estável;Normal;Normal;0.050000007078051564;0.050000007078051564;R3_FALSE_KIN;-1;-1;0;0;-1;-1;0;0.05000000819563866;0.030412176623940468;0.09423508495092392;96;4
C02;C02;Critico: Fadiga com desvio cinematico;Critico;Critico;0.39378328174352645;0.39378328174352645;R1_NORMAL;29;50;22;0;32;3;0;0.05000000819563866;0.09851432591676712;0.1223812997341156;96;4
C02;C02;Critico: Fadiga com desvio cinematico;Critico;Critico;0.6023773282766343;0.6023773282766343;R2_STABLE_RISK;29;50;22;0;32;3;1;0.25907716155052185;0.10429771989583969;0.16641974449157715;96;4
C04;C04;Critico: Multiplas distracoes urbanas;Critico;Critico;0.565516436100006;0.565516436100006;R1_NORMAL;22;45;24;0;24;2;1;0.21499629318714142;0.20334649085998535;0.17679651081562042;96;4
C07;C07;Critico progressivo: Sem cinto sob chuva;Critico;Critico;0.4159119293093681;0.4159119293093681;R2_STABLE_RISK;37;75;39;1;61;24;0;0.05000000819563866;0.37311306595802307;0.17144425213336945;96;4
N03;N03;Normal: Noite estável;Normal;Normal;0.050000007078051564;0.050000007078051564;R2_STABLE_RISK;-1;-1;0;0;-1;-1;0;0.05000000819563866;0.03575208783149719;0.1408892273902893;96;4
C08;C08;Critico progressivo: Distracao urbana multietapas;Critico;Critico;0.43290361166000363;0.43290361166000363;R1_NORMAL;28;77;50;1;50;22;0;0.05000000819563866;0.32000717520713806;0.19975103437900543;96;4
C04;C04;Critico: Multiplas distracoes urbanas;Critico;Critico;0.3713889718055725;0.3713889718055725;R2_STABLE_RISK;22;45;24;0;24;2;0;0.05000000819563866;0.20341765880584717;0.11055025458335876;96;4
C08;C08;Critico progressivo: Distracao urbana multietapas;Critico;Critico;0.522123396396637;0.522123396396637;R1_NORMAL;28;77;50;1;58;30;1;0.30581292510032654;0.32429659366607666;0.14189614355564117;96;4
C04;C04;Critico: Multiplas distracoes urbanas;Critico;Critico;0.3713889718055725;0.3713889718055725;R2_STABLE_RISK;22;45;24;0;24;2;0;0.05000000819563866;0.20221646130084991;0.1416487842798233;96;4
C08;C08;Critico progressivo: Distracao urbana multietapas;Critico;Critico;0.43895354419946664;0.43895354419946664;R1_NORMAL;28;77;50;1;55;27;0;0.05000000819563866;0.3101501762866974;0.1366262286901474;96;4
C03;C03;Critico: Celular sem cinto sob chuva;Critico;Critico;0.3752959698438644;0.3752959698438644;R3_FALSE_KIN;26;41;16;0;28;2;0;0.05000000819563866;0.18848860263824463;0.13669760525226593;96;4
C04;C04;Critico: Multiplas distracoes urbanas;Critico;Critico;0.5798120617866516;0.5798120617866516;R1_NORMAL;22;45;24;0;24;2;1;0.2741788923740387;0.2032233029603958;0.20453329384326935;96;4
C05;C05;Critico progressivo: Celular em rodovia;Critico;Critico;0.3690920159220695;0.3690920159220695;R2_STABLE_RISK;42;73;32;1;59;17;0;0.05000000819563866;0.3172849714756012;0.18304584920406342;96;4
C07;C07;Critico progressivo: Sem cinto sob chuva;Critico;Critico;0.3984507873654365;0.3984507873654365;R1_NORMAL;37;75;39;1;59;22;0;0.05000000819563866;0.38500356674194336;0.10407337546348572;96;4
C09;C09;Critico progressivo: Bebida ao volante;Critico;Critico;0.45962656438350674;0.45962656438350674;R2_STABLE_RISK;38;73;36;1;57;19;1;0.257834792137146;0.24736182391643524;0.19089309871196747;96;4
N03;N03;Normal: Noite estável;Normal;Normal;0.050000007078051564;0.050000007078051564;R3_FALSE_KIN;-1;-1;0;0;-1;-1;0;0.05000000819563866;0.036191925406455994;0.12625020742416382;96;4
C02;C02;Critico: Fadiga com desvio cinematico;Critico;Critico;0.39378328174352645;0.39378328174352645;R1_NORMAL;29;50;22;0;32;3;0;0.05000000819563866;0.09832332283258438;0.1361842304468155;96;4
N01;N01;Normal: Viagem tranquila em rodovia;Normal;Normal;0.050000007078051564;0.050000007078051564;R1_NORMAL;-1;-1;0;0;-1;-1;0;0.05000000819563866;0.03381320834159851;0.16047155857086182;96;4
C10;C10;Critico progressivo: Grooming em rodovia com fadiga;Critico;Critico;0.3975677415728569;0.3975677415728569;R2_STABLE_RISK;40;81;42;1;61;21;0;0.05000000819563866;0.20496003329753876;0.06777606159448624;96;4
C08;C08;Critico progressivo: Distracao urbana multietapas;Critico;Critico;0.4923072010278702;0.4923072010278702;R1_NORMAL;28;77;50;1;56;28;1;0.3168499767780304;0.3188207447528839;0.1937277764081955;96;4
C02;C02;Critico: Fadiga com desvio cinematico;Critico;Critico;0.5913378506898879;0.5913378506898879;R2_STABLE_RISK;29;50;22;0;32;3;1;0.20971763134002686;0.10311409831047058;0.10978025943040848;96;4
C02;C02;Critico: Fadiga com desvio cinematico;Critico;Critico;0.39378328174352645;0.39378328174352645;R2_STABLE_RISK;29;50;22;0;32;3;0;0.05000000819563866;0.09472160786390305;0.10284893959760666;96;4
N01;N01;Normal: Viagem tranquila em rodovia;Normal;Normal;0.050000007078051564;0.050000007078051564;R3_FALSE_KIN;-1;-1;0;0;-1;-1;0;0.05000000819563866;0.03295683115720749;0.06890370696783066;96;4
C08;C08;Critico progressivo: Distracao urbana multietapas;Critico;Critico;0.4587952315807342;0.4587952315807342;R2_STABLE_RISK;28;77;50;1;55;27;0;0.05000000819563866;0.31250250339508057;0.15809671580791473;96;4
C03;C03;Critico: Celular sem cinto sob chuva;Critico;Critico;0.6210070818662643;0.6210070818662643;R1_NORMAL;26;41;16;0;28;2;1;0.2513899505138397;0.1886628419160843;0.19388997554779053;96;4
N02;N02;Normal: Urbano moderado;Normal;Normal;0.050000007078051564;0.050000007078051564;R3_FALSE_KIN;-1;-1;0;0;-1;-1;0;0.05000000819563866;0.030478358268737793;0.06889856606721878;96;4
C03;C03;Critico: Celular sem cinto sob chuva;Critico;Critico;0.3752959698438644;0.3752959698438644;R1_NORMAL;26;41;16;0;28;2;0;0.05000000819563866;0.18769268691539764;0.09033564478158951;96;4
C06;C06;Critico progressivo: Fadiga noturna;Critico;Critico;0.44329822510480876;0.44329822510480876;R3_FALSE_KIN;36;81;46;1;57;21;0;0.05000000819563866;0.16467687487602234;0.135752871632576;96;4
N03;N03;Normal: Noite estável;Normal;Normal;0.050000007078051564;0.050000007078051564;R1_NORMAL;-1;-1;0;0;-1;-1;0;0.05000000819563866;0.028855986893177032;0.10651012510061264;96;4
C02;C02;Critico: Fadiga com desvio cinematico;Critico;Critico;0.39378328174352645;0.39378328174352645;R1_NORMAL;29;50;22;0;32;3;0;0.05000000819563866;0.09935500472784042;0.09534114599227905;96;4
N03;N03;Normal: Noite estável;Normal;Normal;0.050000007078051564;0.050000007078051564;R2_STABLE_RISK;-1;-1;0;0;-1;-1;0;0.05000000819563866;0.03191448748111725;0.08421429246664047;96;4
N01;N01;Normal: Viagem tranquila em rodovia;Normal;Normal;0.050000007078051564;0.050000007078051564;R2_STABLE_RISK;-1;-1;0;0;-1;-1;0;0.05000000819563866;0.02883225865662098;0.10655202716588974;96;4
C04;C04;Critico: Multiplas distracoes urbanas;Critico;Critico;0.3713889718055725;0.3713889718055725;R2_STABLE_RISK;22;45;24;0;24;2;0;0.05000000819563866;0.20645743608474731;0.14987905323505402;96;4
C03;C03;Critico: Celular sem cinto sob chuva;Critico;Critico;0.6109731137752532;0.6109731137752532;R1_NORMAL;26;41;16;0;28;2;1;0.2326786071062088;0.18956921994686127;0.1860635131597519;96;4
C07;C07;Critico progressivo: Sem cinto sob chuva;Critico;Critico;0.4045197069644928;0.4045197069644928;R3_FALSE_KIN;37;75;39;1;59;22;0;0.05000000819563866;0.37512528896331787;0.18314385414123535;96;4
C06;C06;Critico progressivo: Fadiga noturna;Critico;Critico;0.4333885908126831;0.4333885908126831;R1_NORMAL;36;81;46;1;62;26;0;0.05000000819563866;0.1589808464050293;0.10710469633340836;96;4
C09;C09;Critico progressivo: Bebida ao volante;Critico;Critico;0.4077421769499779;0.4077421769499779;R1_NORMAL;38;73;36;1;58;20;0;0.05000000819563866;0.2541617155075073;0.10425221920013428;96;4
N01;N01;Normal: Viagem tranquila em rodovia;Normal;Normal;0.050000007078051564;0.050000007078051564;R1_NORMAL;-1;-1;0;0;-1;-1;0;0.05000000819563866;0.025090182200074196;0.12055303901433945;96;4
C07;C07;Critico progressivo: Sem cinto sob chuva;Critico;Critico;0.4198152542114258;0.4198152542114258;R1_NORMAL;37;75;39;1;58;21;0;0.05000000819563866;0.3776402473449707;0.1417345255613327;96;4
C02;C02;Critico: Fadiga com desvio cinematico;Critico;Critico;0.39378328174352645;0.39378328174352645;R1_NORMAL;29;50;22;0;32;3;0;0.05000000819563866;0.09915363043546677;0.1009284034371376;96;4
C06;C06;Critico progressivo: Fadiga noturna;Critico;Critico;0.4836355239152908;0.4836355239152908;R1_NORMAL;36;81;46;1;56;20;1;0.34429097175598145;0.16072584688663483;0.14288611710071564;96;4
C08;C08;Critico progressivo: Distracao urbana multietapas;Critico;Critico;0.42342826277017587;0.42342826277017587;R1_NORMAL;28;77;50;1;53;25;0;0.05000000819563866;0.3160494565963745;0.15576978027820587;96;4
C10;C10;Critico progressivo: Grooming em rodovia com fadiga;Critico;Critico;0.424198542535305;0.424198542535305;R1_NORMAL;40;81;42;1;60;20;0;0.05000000819563866;0.1912868767976761;0.1386040598154068;96;4
C09;C09;Critico progressivo: Bebida ao volante;Critico;Critico;0.4991500407457351;0.4991500407457351;R2_STABLE_RISK;38;73;36;1;58;20;1;0.2539721727371216;0.25826016068458557;0.10218735784292221;96;4
C08;C08;Critico progressivo: Distracao urbana multietapas;Critico;Critico;0.46028566658496856;0.46028566658496856;R2_STABLE_RISK;28;77;50;1;49;21;0;0.05000000819563866;0.3210172951221466;0.11364740133285522;96;4
C06;C06;Critico progressivo: Fadiga noturna;Critico;Critico;0.42607312202453607;0.42607312202453607;R2_STABLE_RISK;36;81;46;1;63;27;0;0.05000000819563866;0.15069225430488586;0.11417058855295181;96;4
C04;C04;Critico: Multiplas distracoes urbanas;Critico;Critico;0.3713889718055725;0.3713889718055725;R3_FALSE_KIN;22;45;24;0;24;2;0;0.05000000819563866;0.2068871259689331;0.1535658985376358;96;4
C09;C09;Critico progressivo: Bebida ao volante;Critico;Critico;0.46879845857620234;0.46879845857620234;R1_NORMAL;38;73;36;1;56;18;1;0.31338801980018616;0.2518724501132965;0.20827354490756989;96;4
C05;C05;Critico progressivo: Celular em rodovia;Critico;Critico;0.479407998919487;0.479407998919487;R3_FALSE_KIN;42;73;32;1;60;18;1;0.2420794516801834;0.3244532644748688;0.14970223605632782;96;4
C05;C05;Critico progressivo: Celular em rodovia;Critico;Critico;0.38146937638521194;0.38146937638521194;R3_FALSE_KIN;42;73;32;1;61;19;0;0.05000000819563866;0.31434038281440735;0.12810581922531128;96;4
C07;C07;Critico progressivo: Sem cinto sob chuva;Critico;Critico;0.4821483284235;0.4821483284235;R3_FALSE_KIN;37;75;39;1;58;21;1;0.3102329969406128;0.38734450936317444;0.15499155223369598;96;4
N01;N01;Normal: Viagem tranquila em rodovia;Normal;Normal;0.050000007078051564;0.050000007078051564;R1_NORMAL;-1;-1;0;0;-1;-1;0;0.05000000819563866;0.02957303635776043;0.07473576813936234;96;4
C08;C08;Critico progressivo: Distracao urbana multietapas;Critico;Critico;0.5274625033140182;0.5274625033140182;R2_STABLE_RISK;28;77;50;1;55;27;1;0.2700241506099701;0.31910160183906555;0.13511447608470917;96;4
C04;C04;Critico: Multiplas distracoes urbanas;Critico;Critico;0.564267835021019;0.564267835021019;R1_NORMAL;22;45;24;0;24;2;1;0.21904189884662628;0.20460836589336395;0.16816748678684235;96;4
C03;C03;Critico: Celular sem cinto sob chuva;Critico;Critico;0.6110946506261825;0.6110946506261825;R1_NORMAL;26;41;16;0;28;2;1;0.23447971045970917;0.19068080186843872;0.22906677424907684;96;4
C02;C02;Critico: Fadiga com desvio cinematico;Critico;Critico;0.39378328174352645;0.39378328174352645;R2_STABLE_RISK;29;50;22;0;32;3;0;0.05000000819563866;0.09869179874658585;0.11365029960870743;96;4
C01;C01;Critico: Celular em alta velocidade;Critico;Critico;0.29102678298950196;0.29102678298950196;R1_NORMAL;32;44;13;0;34;2;0;0.05000000819563866;0.1524830311536789;0.09733157604932785;96;4
C10;C10;Critico progressivo: Grooming em rodovia com fadiga;Critico;Critico;0.3762298479676246;0.3762298479676246;R2_STABLE_RISK;40;81;42;1;64;24;0;0.05000000819563866;0.19665861129760742;0.10850995779037476;96;4
C01;C01;Critico: Celular em alta velocidade;Critico;Critico;0.29102678298950196;0.29102678298950196;R3_FALSE_KIN;32;44;13;0;34;2;0;0.05000000819563866;0.15180915594100952;0.11264944076538086;96;4
C08;C08;Critico progressivo: Distracao urbana multietapas;Critico;Critico;0.44275186657905574;0.44275186657905574;R2_STABLE_RISK;28;77;50;1;59;31;0;0.05000000819563866;0.310070663690567;0.1380239725112915;96;4
N01;N01;Normal: Viagem tranquila em rodovia;Normal;Normal;0.050000007078051564;0.050000007078051564;R3_FALSE_KIN;-1;-1;0;0;-1;-1;0;0.05000000819563866;0.027548832818865776;0.11352749913930893;96;4
C08;C08;Critico progressivo: Distracao urbana multietapas;Critico;Critico;0.47131918370723724;0.47131918370723724;R3_FALSE_KIN;28;77;50;1;51;23;0;0.05000000819563866;0.3214510977268219;0.1533745378255844;96;4
C03;C03;Critico: Celular sem cinto sob chuva;Critico;Critico;0.3752959698438644;0.3752959698438644;R3_FALSE_KIN;26;41;16;0;28;2;0;0.05000000819563866;0.1901208609342575;0.1360980123281479;96;4
C08;C08;Critico progressivo: Distracao urbana multietapas;Critico;Critico;0.46661023199558255;0.46661023199558255;R2_STABLE_RISK;28;77;50;1;52;24;0;0.05000000819563866;0.32519105076789856;0.15635764598846436;96;4
C02;C02;Critico: Fadiga com desvio cinematico;Critico;Critico;0.5911932468414307;0.5911932468414307;R2_STABLE_RISK;29;50;22;0;32;3;1;0.25242650508880615;0.09773954749107361;0.22598540782928467;96;4
C03;C03;Critico: Celular sem cinto sob chuva;Critico;Critico;0.3752959698438644;0.3752959698438644;R2_STABLE_RISK;26;41;16;0;28;2;0;0.05000000819563866;0.189195454120636;0.1309889703989029;96;4
C08;C08;Critico progressivo: Distracao urbana multietapas;Critico;Critico;0.4898995369672775;0.4898995369672775;R1_NORMAL;28;77;50;1;56;28;1;0.3350963294506073;0.31286776065826416;0.13494868576526642;96;4
C01;C01;Critico: Celular em alta velocidade;Critico;Critico;0.29102678298950196;0.29102678298950196;R1_NORMAL;32;44;13;0;34;2;0;0.05000000819563866;0.1495099663734436;0.11838036775588989;96;4
N03;N03;Normal: Noite estável;Normal;Normal;0.050000007078051564;0.050000007078051564;R1_NORMAL;-1;-1;0;0;-1;-1;0;0.05000000819563866;0.038439150899648666;0.1108420118689537;96;4
C07;C07;Critico progressivo: Sem cinto sob chuva;Critico;Critico;0.39850220233201983;0.39850220233201983;R1_NORMAL;37;75;39;1;59;22;0;0.05000000819563866;0.3749096095561981;0.19481952488422394;96;4
N01;N01;Normal: Viagem tranquila em rodovia;Normal;Normal;0.050000007078051564;0.050000007078051564;R1_NORMAL;-1;-1;0;0;-1;-1;0;0.05000000819563866;0.03324984014034271;0.09496188163757324;96;4
C10;C10;Critico progressivo: Grooming em rodovia com fadiga;Critico;Critico;0.4184294864535331;0.4184294864535331;R1_NORMAL;40;81;42;1;61;21;0;0.05000000819563866;0.1993708610534668;0.09316086769104004;96;4
C01;C01;Critico: Celular em alta velocidade;Critico;Critico;0.29102678298950196;0.29102678298950196;R1_NORMAL;32;44;13;0;34;2;0;0.05000000819563866;0.15170972049236298;0.11052005738019943;96;4
C02;C02;Critico: Fadiga com desvio cinematico;Critico;Critico;0.39378328174352645;0.39378328174352645;R1_NORMAL;29;50;22;0;32;3;0;0.05000000819563866;0.10323777049779892;0.12439575046300888;96;4
N01;N01;Normal: Viagem tranquila em rodovia;Normal;Normal;0.050000007078051564;0.050000007078051564;R1_NORMAL;-1;-1;0;0;-1;-1;0;0.05000000819563866;0.036857377737760544;0.08712533861398697;96;4
C03;C03;Critico: Celular sem cinto sob chuva;Critico;Critico;0.3752959698438644;0.3752959698438644;R2_STABLE_RISK;26;41;16;0;28;2;0;0.05000000819563866;0.19169802963733673;0.17348022758960724;96;4
C03;C03;Critico: Celular sem cinto sob chuva;Critico;Critico;0.6257353782653807;0.6257353782653807;R1_NORMAL;26;41;16;0;28;2;1;0.2705116271972656;0.19033975899219513;0.15566767752170563;96;4
C04;C04;Critico: Multiplas distracoes urbanas;Critico;Critico;0.3713889718055725;0.3713889718055725;R2_STABLE_RISK;22;45;24;0;24;2;0;0.05000000819563866;0.19567590951919556;0.08384338766336441;96;4
C02;C02;Critico: Fadiga com desvio cinematico;Critico;Critico;0.39378328174352645;0.39378328174352645;R1_NORMAL;29;50;22;0;32;3;0;0.05000000819563866;0.09287857264280319;0.10909834504127502;96;4
N03;N03;Normal: Noite estável;Normal;Normal;0.050000007078051564;0.050000007078051564;R1_NORMAL;-1;-1;0;0;-1;-1;0;0.05000000819563866;0.030509665608406067;0.11044776439666748;96;4
C10;C10;Critico progressivo: Grooming em rodovia com fadiga;Critico;Critico;0.3764457881450653;0.3764457881450653;R2_STABLE_RISK;40;81;42;1;63;23;0;0.05000000819563866;0.19418185949325562;0.08371412754058838;96;4
C08;C08;Critico progressivo: Distracao urbana multietapas;Critico;Critico;0.43160458207130425;0.43160458207130425;R3_FALSE_KIN;28;77;50;1;51;23;0;0.05000000819563866;0.31464025378227234;0.17598296701908112;96;4
C03;C03;Critico: Celular sem cinto sob chuva;Critico;Critico;0.6266951143741607;0.6266951143741607;R2_STABLE_RISK;26;41;16;0;28;2;1;0.28667160868644714;0.18470700085163116;0.20062218606472015;96;4
C06;C06;Critico progressivo: Fadiga noturna;Critico;Critico;0.40769669264554975;0.40769669264554975;R2_STABLE_RISK;36;81;46;1;61;25;0;0.05000000819563866;0.1560756415128708;0.10079723596572876;96;4
C01;C01;Critico: Celular em alta velocidade;Critico;Critico;0.29102678298950196;0.29102678298950196;R1_NORMAL;32;44;13;0;34;2;0;0.05000000819563866;0.15944181382656097;0.1132836565375328;96;4
N01;N01;Normal: Viagem tranquila em rodovia;Normal;Normal;0.050000007078051564;0.050000007078051564;R2_STABLE_RISK;-1;-1;0;0;-1;-1;0;0.05000000819563866;0.030119193717837334;0.10501956194639206;96;4
N03;N03;Normal: Noite estável;Normal;Normal;0.050000007078051564;0.050000007078051564;R2_STABLE_RISK;-1;-1;0;0;-1;-1;0;0.05000000819563866;0.030033627524971962;0.07759178429841995;96;4
N01;N01;Normal: Viagem tranquila em rodovia;Normal;Normal;0.050000007078051564;0.050000007078051564;R2_STABLE_RISK;-1;-1;0;0;-1;-1;0;0.05000000819563866;0.03501492738723755;0.12642692029476166;96;4
C02;C02;Critico: Fadiga com desvio cinematico;Critico;Critico;0.39378328174352645;0.39378328174352645;R3_FALSE_KIN;29;50;22;0;32;3;0;0.05000000819563866;0.09701354056596756;0.12026545405387878;96;4
C10;C10;Critico progressivo: Grooming em rodovia com fadiga;Critico;Critico;0.40668734461069106;0.40668734461069106;R1_NORMAL;40;81;42;1;63;23;0;0.05000000819563866;0.20170502364635468;0.1659787893295288;96;4
C03;C03;Critico: Celular sem cinto sob chuva;Critico;Critico;0.6268559247255325;0.6268559247255325;R2_STABLE_RISK;26;41;16;0;28;2;1;0.27553626894950867;0.18870306015014648;0.19495265185832977;96;4
C02;C02;Critico: Fadiga com desvio cinematico;Critico;Critico;0.39378328174352645;0.39378328174352645;R1_NORMAL;29;50;22;0;32;3;0;0.05000000819563866;0.09516546875238419;0.1406802088022232;96;4
C10;C10;Critico progressivo: Grooming em rodovia com fadiga;Critico;Critico;0.42356327325105664;0.42356327325105664;R3_FALSE_KIN;40;81;42;1;65;25;0;0.05000000819563866;0.1991967409849167;0.1439184993505478;96;4
C05;C05;Critico progressivo: Celular em rodovia;Critico;Critico;0.47852264940738676;0.47852264940738676;R3_FALSE_KIN;42;73;32;1;61;19;1;0.2886098623275757;0.3170924186706543;0.1121319904923439;96;4
N01;N01;Normal: Viagem tranquila em rodovia;Normal;Normal;0.050000007078051564;0.050000007078051564;R3_FALSE_KIN;-1;-1;0;0;-1;-1;0;0.05000000819563866;0.03375108912587166;0.0983789786696434;96;4
C01;C01;Critico: Celular em alta velocidade;Critico;Critico;0.29102678298950196;0.29102678298950196;R2_STABLE_RISK;32;44;13;0;34;2;0;0.05000000819563866;0.15423281490802765;0.1703694462776184;96;4
C09;C09;Critico progressivo: Bebida ao volante;Critico;Critico;0.4110093995928764;0.4110093995928764;R1_NORMAL;38;73;36;1;57;19;0;0.05000000819563866;0.2545606791973114;0.1059434711933136;96;4
C08;C08;Critico progressivo: Distracao urbana multietapas;Critico;Critico;0.5405835419893265;0.5405835419893265;R2_STABLE_RISK;28;77;50;1;53;25;1;0.33241623640060425;0.3231864869594574;0.14364075660705566;96;4
N01;N01;Normal: Viagem tranquila em rodovia;Normal;Normal;0.050000007078051564;0.050000007078051564;R1_NORMAL;-1;-1;0;0;-1;-1;0;0.05000000819563866;0.0323706679046154;0.08356371521949768;96;4
N01;N01;Normal: Viagem tranquila em rodovia;Normal;Normal;0.050000007078051564;0.050000007078051564;R1_NORMAL;-1;-1;0;0;-1;-1;0;0.05000000819563866;0.03211019188165665;0.11706524342298508;96;4
C09;C09;Critico progressivo: Bebida ao volante;Critico;Critico;0.4191697344183921;0.4191697344183921;R1_NORMAL;38;73;36;1;57;19;0;0.05000000819563866;0.25067928433418274;0.14004530012607574;96;4
N01;N01;Normal: Viagem tranquila em rodovia;Normal;Normal;0.050000007078051564;0.050000007078051564;R1_NORMAL;-1;-1;0;0;-1;-1;0;0.05000000819563866;0.0339316688477993;0.11384457349777222;96;4
C02;C02;Critico: Fadiga com desvio cinematico;Critico;Critico;0.39378328174352645;0.39378328174352645;R1_NORMAL;29;50;22;0;32;3;0;0.05000000819563866;0.10256838798522949;0.12390664219856262;96;4
C05;C05;Critico progressivo: Celular em rodovia;Critico;Critico;0.40077058523893355;0.40077058523893355;R1_NORMAL;42;73;32;1;59;17;0;0.05000000819563866;0.3211289346218109;0.12859615683555603;96;4
C01;C01;Critico: Celular em alta velocidade;Critico;Critico;0.29102678298950196;0.29102678298950196;R2_STABLE_RISK;32;44;13;0;34;2;0;0.05000000819563866;0.15275602042675018;0.08659196645021439;96;4
C07;C07;Critico progressivo: Sem cinto sob chuva;Critico;Critico;0.4137246131896972;0.4137246131896972;R2_STABLE_RISK;37;75;39;1;57;20;0;0.05000000819563866;0.37589898705482483;0.1520448923110962;96;4
C07;C07;Critico progressivo: Sem cinto sob chuva;Critico;Critico;0.47559646666049954;0.47559646666049954;R1_NORMAL;37;75;39;1;59;22;1;0.3316040635108948;0.3736850321292877;0.19137971103191376;96;4
C08;C08;Critico progressivo: Distracao urbana multietapas;Critico;Critico;0.5198038756847382;0.5198038756847382;R1_NORMAL;28;77;50;1;57;29;1;0.3240114152431488;0.3193068504333496;0.16612254083156586;96;4
C07;C07;Critico progressivo: Sem cinto sob chuva;Critico;Critico;0.43447679877281187;0.43447679877281187;R3_FALSE_KIN;37;75;39;1;53;16;0;0.05000000819563866;0.3862668573856354;0.1626531332731247;96;4
C07;C07;Critico progressivo: Sem cinto sob chuva;Critico;Critico;0.4888034284114837;0.4888034284114837;R2_STABLE_RISK;37;75;39;1;57;20;1;0.25137948989868164;0.3767467439174652;0.17109441757202148;96;4
N02;N02;Normal: Urbano moderado;Normal;Normal;0.050000007078051564;0.050000007078051564;R2_STABLE_RISK;-1;-1;0;0;-1;-1;0;0.05000000819563866;0.03635494038462639;0.16259877383708954;96;4
C10;C10;Critico progressivo: Grooming em rodovia com fadiga;Critico;Critico;0.41131318807601924;0.41131318807601924;R2_STABLE_RISK;40;81;42;1;62;22;0;0.05000000819563866;0.20335359871387482;0.14961542189121246;96;4
C04;C04;Critico: Multiplas distracoes urbanas;Critico;Critico;0.5694652587175368;0.5694652587175368;R2_STABLE_RISK;22;45;24;0;24;2;1;0.2537781000137329;0.20035672187805176;0.22696298360824585;96;4
N01;N01;Normal: Viagem tranquila em rodovia;Normal;Normal;0.050000007078051564;0.050000007078051564;R2_STABLE_RISK;-1;-1;0;0;-1;-1;0;0.05000000819563866;0.02995620109140873;0.10959756374359131;96;4
C04;C04;Critico: Multiplas distracoes urbanas;Critico;Critico;0.3713889718055725;0.3713889718055725;R2_STABLE_RISK;22;45;24;0;24;2;0;0.05000000819563866;0.2052512913942337;0.11554982513189316;96;4
N02;N02;Normal: Urbano moderado;Normal;Normal;0.050000007078051564;0.050000007078051564;R3_FALSE_KIN;-1;-1;0;0;-1;-1;0;0.05000000819563866;0.027246074751019478;0.07973561435937881;96;4
C07;C07;Critico progressivo: Sem cinto sob chuva;Critico;Critico;0.49351268410682675;0.49351268410682675;R3_FALSE_KIN;37;75;39;1;57;20;1;0.2670110762119293;0.3838597536087036;0.15512602031230927;96;4
N02;N02;Normal: Urbano moderado;Normal;Normal;0.050000007078051564;0.050000007078051564;R3_FALSE_KIN;-1;-1;0;0;-1;-1;0;0.05000000819563866;0.03060738742351532;0.0786459743976593;96;4
C02;C02;Critico: Fadiga com desvio cinematico;Critico;Critico;0.590465149283409;0.590465149283409;R3_FALSE_KIN;29;50;22;0;32;3;1;0.21887366473674774;0.09496599435806274;0.12164167314767838;96;4
N01;N01;Normal: Viagem tranquila em rodovia;Normal;Normal;0.050000007078051564;0.050000007078051564;R1_NORMAL;-1;-1;0;0;-1;-1;0;0.05000000819563866;0.030899861827492714;0.10714273899793625;96;4
N03;N03;Normal: Noite estável;Normal;Normal;0.050000007078051564;0.050000007078051564;R3_FALSE_KIN;-1;-1;0;0;-1;-1;0;0.05000000819563866;0.03179009631276131;0.10228791832923889;96;4
C01;C01;Critico: Celular em alta velocidade;Critico;Critico;0.29102678298950196;0.29102678298950196;R1_NORMAL;32;44;13;0;34;2;0;0.05000000819563866;0.15385565161705017;0.11319401860237122;96;4
C05;C05;Critico progressivo: Celular em rodovia;Critico;Critico;0.38709389716386794;0.38709389716386794;R3_FALSE_KIN;42;73;32;1;60;18;0;0.05000000819563866;0.3185010850429535;0.10354361683130264;96;4
C05;C05;Critico progressivo: Celular em rodovia;Critico;Critico;0.45154833793640137;0.45154833793640137;R2_STABLE_RISK;42;73;32;1;60;18;1;0.2670457065105438;0.31330522894859314;0.12829424440860748;96;4
C07;C07;Critico progressivo: Sem cinto sob chuva;Critico;Critico;0.4833797216415405;0.4833797216415405;R1_NORMAL;37;75;39;1;62;25;1;0.2819002568721771;0.37873491644859314;0.1663631796836853;96;4
N03;N03;Normal: Noite estável;Normal;Normal;0.050000007078051564;0.050000007078051564;R2_STABLE_RISK;-1;-1;0;0;-1;-1;0;0.05000000819563866;0.024455545470118523;0.08252662420272827;96;4
C09;C09;Critico progressivo: Bebida ao volante;Critico;Critico;0.4721147209405899;0.4721147209405899;R1_NORMAL;38;73;36;1;58;20;1;0.3135533034801483;0.24870657920837402;0.21339046955108643;96;4
N02;N02;Normal: Urbano moderado;Normal;Normal;0.050000007078051564;0.050000007078051564;R1_NORMAL;-1;-1;0;0;-1;-1;0;0.05000000819563866;0.027027010917663574;0.10087309032678604;96;4
C03;C03;Critico: Celular sem cinto sob chuva;Critico;Critico;0.625935223698616;0.625935223698616;R3_FALSE_KIN;26;41;16;0;28;2;1;0.27591440081596375;0.18765796720981598;0.16859395802021027;96;4
C06;C06;Critico progressivo: Fadiga noturna;Critico;Critico;0.439340440928936;0.439340440928936;R1_NORMAL;36;81;46;1;57;21;0;0.05000000819563866;0.1637669801712036;0.14444494247436523;96;4
C04;C04;Critico: Multiplas distracoes urbanas;Critico;Critico;0.3713889718055725;0.3713889718055725;R1_NORMAL;22;45;24;0;24;2;0;0.05000000819563866;0.2003541737794876;0.16682486236095428;96;4
C08;C08;Critico progressivo: Distracao urbana multietapas;Critico;Critico;0.4876283466815948;0.4876283466815948;R2_STABLE_RISK;28;77;50;1;57;29;1;0.32463544607162476;0.31181657314300537;0.16262751817703247;96;4
N01;N01;Normal: Viagem tranquila em rodovia;Normal;Normal;0.050000007078051564;0.050000007078051564;R1_NORMAL;-1;-1;0;0;-1;-1;0;0.05000000819563866;0.030712639912962914;0.11120679974555969;96;4
N02;N02;Normal: Urbano moderado;Normal;Normal;0.050000007078051564;0.050000007078051564;R2_STABLE_RISK;-1;-1;0;0;-1;-1;0;0.05000000819563866;0.03420701250433922;0.09767115116119385;96;4
C03;C03;Critico: Celular sem cinto sob chuva;Critico;Critico;0.3752959698438644;0.3752959698438644;R2_STABLE_RISK;26;41;16;0;28;2;0;0.05000000819563866;0.1885930299758911;0.12393506616353989;96;4
C06;C06;Critico progressivo: Fadiga noturna;Critico;Critico;0.448292638361454;0.448292638361454;R1_NORMAL;36;81;46;1;58;22;0;0.05000000819563866;0.15150798857212067;0.12267109006643295;96;4
C06;C06;Critico progressivo: Fadiga noturna;Critico;Critico;0.4821693807840347;0.4821693807840347;R1_NORMAL;36;81;46;1;57;21;1;0.3657037317752838;0.15846216678619385;0.13004070520401;96;4
C08;C08;Critico progressivo: Distracao urbana multietapas;Critico;Critico;0.43125967085361483;0.43125967085361483;R1_NORMAL;28;77;50;1;54;26;0;0.05000000819563866;0.3182031214237213;0.1374189704656601;96;4
C05;C05;Critico progressivo: Celular em rodovia;Critico;Critico;0.39095182418823243;0.39095182418823243;R1_NORMAL;42;73;32;1;59;17;0;0.05000000819563866;0.3178075850009918;0.09717131406068802;96;4
C09;C09;Critico progressivo: Bebida ao volante;Critico;Critico;0.40952361971139906;0.40952361971139906;R1_NORMAL;38;73;36;1;56;18;0;0.05000000819563866;0.24527043104171753;0.14530415832996368;96;4
C08;C08;Critico progressivo: Distracao urbana multietapas;Critico;Critico;0.5033977180719376;0.5033977180719376;R2_STABLE_RISK;28;77;50;1;53;25;1;0.33171725273132324;0.3094651401042938;0.14825762808322906;96;4
C03;C03;Critico: Celular sem cinto sob chuva;Critico;Critico;0.6079047650098801;0.6079047650098801;R1_NORMAL;26;41;16;0;28;2;1;0.19996760785579681;0.19293296337127686;0.20395083725452423;96;4
C04;C04;Critico: Multiplas distracoes urbanas;Critico;Critico;0.3713889718055725;0.3713889718055725;R2_STABLE_RISK;22;45;24;0;24;2;0;0.05000000819563866;0.2055279165506363;0.1185370609164238;96;4
C07;C07;Critico progressivo: Sem cinto sob chuva;Critico;Critico;0.41755409091711043;0.41755409091711043;R1_NORMAL;37;75;39;1;57;20;0;0.05000000819563866;0.3817657232284546;0.13919736444950104;96;4
C09;C09;Critico progressivo: Bebida ao volante;Critico;Critico;0.40319703370332716;0.40319703370332716;R1_NORMAL;38;73;36;1;54;16;0;0.05000000819563866;0.2527197599411011;0.12337643653154373;96;4
C02;C02;Critico: Fadiga com desvio cinematico;Critico;Critico;0.5923415392637252;0.5923415392637252;R1_NORMAL;29;50;22;0;32;3;1;0.20790910720825195;0.10042806714773178;0.17354266345500946;96;4
C05;C05;Critico progressivo: Celular em rodovia;Critico;Critico;0.3828249633312225;0.3828249633312225;R3_FALSE_KIN;42;73;32;1;58;16;0;0.05000000819563866;0.3169585168361664;0.09292808175086975;96;4
C05;C05;Critico progressivo: Celular em rodovia;Critico;Critico;0.391942572593689;0.391942572593689;R1_NORMAL;42;73;32;1;57;15;0;0.05000000819563866;0.3160684108734131;0.1556173712015152;96;4
C05;C05;Critico progressivo: Celular em rodovia;Critico;Critico;0.39173768013715743;0.39173768013715743;R1_NORMAL;42;73;32;1;59;17;0;0.05000000819563866;0.31779181957244873;0.12570098042488098;96;4
C07;C07;Critico progressivo: Sem cinto sob chuva;Critico;Critico;0.4252092316746712;0.4252092316746712;R3_FALSE_KIN;37;75;39;1;58;21;0;0.05000000819563866;0.37729528546333313;0.11635448783636093;96;4
C09;C09;Critico progressivo: Bebida ao volante;Critico;Critico;0.49411876201629634;0.49411876201629634;R2_STABLE_RISK;38;73;36;1;60;22;1;0.28859612345695496;0.2530255913734436;0.13082103431224823;96;4
C04;C04;Critico: Multiplas distracoes urbanas;Critico;Critico;0.3713889718055725;0.3713889718055725;R1_NORMAL;22;45;24;0;24;2;0;0.05000000819563866;0.20283590257167816;0.11553832143545151;96;4
C06;C06;Critico progressivo: Fadiga noturna;Critico;Critico;0.4312093377113342;0.4312093377113342;R3_FALSE_KIN;36;81;46;1;59;23;0;0.05000000819563866;0.15779830515384674;0.11154956370592117;96;4
C04;C04;Critico: Multiplas distracoes urbanas;Critico;Critico;0.3713889718055725;0.3713889718055725;R2_STABLE_RISK;22;45;24;0;24;2;0;0.05000000819563866;0.19630533456802368;0.10006881505250931;96;4
C10;C10;Critico progressivo: Grooming em rodovia com fadiga;Critico;Critico;0.4811211973428726;0.4811211973428726;R2_STABLE_RISK;40;81;42;1;58;18;1;0.3637436330318451;0.20722858607769012;0.0978178158402443;96;4
N03;N03;Normal: Noite estável;Normal;Normal;0.050000007078051564;0.050000007078051564;R1_NORMAL;-1;-1;0;0;-1;-1;0;0.05000000819563866;0.032265402376651764;0.07482210546731949;96;4
C09;C09;Critico progressivo: Bebida ao volante;Critico;Critico;0.48445857167243955;0.48445857167243955;R1_NORMAL;38;73;36;1;58;20;1;0.276693731546402;0.24981689453125;0.16596442461013794;96;4
C03;C03;Critico: Celular sem cinto sob chuva;Critico;Critico;0.3752959698438644;0.3752959698438644;R1_NORMAL;26;41;16;0;28;2;0;0.05000000819563866;0.18441879749298096;0.08789705485105515;96;4
N02;N02;Normal: Urbano moderado;Normal;Normal;0.050000007078051564;0.050000007078051564;R1_NORMAL;-1;-1;0;0;-1;-1;0;0.05000000819563866;0.029709825292229652;0.0973949208855629;96;4
N01;N01;Normal: Viagem tranquila em rodovia;Normal;Normal;0.050000007078051564;0.050000007078051564;R1_NORMAL;-1;-1;0;0;-1;-1;0;0.05000000819563866;0.031220654025673866;0.09567471593618393;96;4
C05;C05;Critico progressivo: Celular em rodovia;Critico;Critico;0.37371288686990733;0.37371288686990733;R3_FALSE_KIN;42;73;32;1;59;17;0;0.05000000819563866;0.31725481152534485;0.12188180536031723;96;4
N02;N02;Normal: Urbano moderado;Normal;Normal;0.050000007078051564;0.050000007078051564;R2_STABLE_RISK;-1;-1;0;0;-1;-1;0;0.05000000819563866;0.03273401036858559;0.114527128636837;96;4
C03;C03;Critico: Celular sem cinto sob chuva;Critico;Critico;0.3752959698438644;0.3752959698438644;R3_FALSE_KIN;26;41;16;0;28;2;0;0.05000000819563866;0.1859709471464157;0.14061035215854645;96;4
C01;C01;Critico: Celular em alta velocidade;Critico;Critico;0.29102678298950196;0.29102678298950196;R1_NORMAL;32;44;13;0;34;2;0;0.05000000819563866;0.1497330516576767;0.13244377076625824;96;4
N01;N01;Normal: Viagem tranquila em rodovia;Normal;Normal;0.050000007078051564;0.050000007078051564;R1_NORMAL;-1;-1;0;0;-1;-1;0;0.05000000819563866;0.037165507674217224;0.10810807347297668;96;4
C01;C01;Critico: Celular em alta velocidade;Critico;Critico;0.29102678298950196;0.29102678298950196;R1_NORMAL;32;44;13;0;34;2;0;0.05000000819563866;0.15546749532222748;0.09494461864233017;96;4
N02;N02;Normal: Urbano moderado;Normal;Normal;0.050000007078051564;0.050000007078051564;R1_NORMAL;-1;-1;0;0;-1;-1;0;0.05000000819563866;0.0330209881067276;0.11134293675422668;96;4
C09;C09;Critico progressivo: Bebida ao volante;Critico;Critico;0.4154282212257385;0.4154282212257385;R1_NORMAL;38;73;36;1;54;16;0;0.05000000819563866;0.2549426853656769;0.1848667860031128;96;4
C08;C08;Critico progressivo: Distracao urbana multietapas;Critico;Critico;0.5419502258300781;0.5419502258300781;R3_FALSE_KIN;28;77;50;1;52;24;1;0.2886117398738861;0.3264606297016144;0.19157564640045166;96;4
C03;C03;Critico: Celular sem cinto sob chuva;Critico;Critico;0.3752959698438644;0.3752959698438644;R2_STABLE_RISK;26;41;16;0;28;2;0;0.05000000819563866;0.18646013736724854;0.14967115223407745;96;4
N03;N03;Normal: Noite estável;Normal;Normal;0.050000007078051564;0.050000007078051564;R2_STABLE_RISK;-1;-1;0;0;-1;-1;0;0.05000000819563866;0.038698822259902954;0.11692208796739578;96;4
C04;C04;Critico: Multiplas distracoes urbanas;Critico;Critico;0.5762492477893829;0.5762492477893829;R1_NORMAL;22;45;24;0;24;2;1;0.2713964879512787;0.20195984840393066;0.1699032038450241;96;4
C05;C05;Critico progressivo: Celular em rodovia;Critico;Critico;0.4681088060140609;0.4681088060140609;R2_STABLE_RISK;42;73;32;1;62;20;1;0.25569775700569153;0.31763067841529846;0.13145427405834198;96;4
N03;N03;Normal: Noite estável;Normal;Normal;0.050000007078051564;0.050000007078051564;R1_NORMAL;-1;-1;0;0;-1;-1;0;0.05000000819563866;0.03165562450885773;0.09859714657068253;96;4
C08;C08;Critico progressivo: Distracao urbana multietapas;Critico;Critico;0.4107987344264984;0.4107987344264984;R2_STABLE_RISK;28;77;50;1;56;28;0;0.05000000819563866;0.31317126750946045;0.14032739400863647;96;4
C03;C03;Critico: Celular sem cinto sob chuva;Critico;Critico;0.619206467270851;0.619206467270851;R3_FALSE_KIN;26;41;16;0;28;2;1;0.24604438245296478;0.19040699303150177;0.2280391901731491;96;4
N03;N03;Normal: Noite estável;Normal;Normal;0.050000007078051564;0.050000007078051564;R2_STABLE_RISK;-1;-1;0;0;-1;-1;0;0.05000000819563866;0.03052680939435959;0.08182767033576965;96;4
N01;N01;Normal: Viagem tranquila em rodovia;Normal;Normal;0.050000007078051564;0.050000007078051564;R2_STABLE_RISK;-1;-1;0;0;-1;-1;0;0.05000000819563866;0.038469988852739334;0.0999753475189209;96;4
N02;N02;Normal: Urbano moderado;Normal;Normal;0.050000007078051564;0.050000007078051564;R2_STABLE_RISK;-1;-1;0;0;-1;-1;0;0.05000000819563866;0.027253253385424614;0.10984516143798828;96;4
N03;N03;Normal: Noite estável;Normal;Normal;0.050000007078051564;0.050000007078051564;R2_STABLE_RISK;-1;-1;0;0;-1;-1;0;0.05000000819563866;0.03496973589062691;0.07916259765625;96;4
N02;N02;Normal: Urbano moderado;Normal;Normal;0.050000007078051564;0.050000007078051564;R2_STABLE_RISK;-1;-1;0;0;-1;-1;0;0.05000000819563866;0.03166743740439415;0.11806118488311768;96;4
C08;C08;Critico progressivo: Distracao urbana multietapas;Critico;Critico;0.47988831698894496;0.47988831698894496;R2_STABLE_RISK;28;77;50;1;52;24;0;0.05000000819563866;0.3168993294239044;0.1401250660419464;96;4
C08;C08;Critico progressivo: Distracao urbana multietapas;Critico;Critico;0.45720007121562956;0.45720007121562956;R2_STABLE_RISK;28;77;50;1;54;26;0;0.05000000819563866;0.31698083877563477;0.11655020713806152;96;4
C04;C04;Critico: Multiplas distracoes urbanas;Critico;Critico;0.3713889718055725;0.3713889718055725;R2_STABLE_RISK;22;45;24;0;24;2;0;0.05000000819563866;0.21010415256023407;0.15589167177677155;96;4
C02;C02;Critico: Fadiga com desvio cinematico;Critico;Critico;0.39378328174352645;0.39378328174352645;R2_STABLE_RISK;29;50;22;0;32;3;0;0.05000000819563866;0.09618552774190903;0.17408305406570435;96;4
C09;C09;Critico progressivo: Bebida ao volante;Critico;Critico;0.4162670597434044;0.4162670597434044;R1_NORMAL;38;73;36;1;59;21;0;0.05000000819563866;0.2545272409915924;0.1273997575044632;96;4
N03;N03;Normal: Noite estável;Normal;Normal;0.050000007078051564;0.050000007078051564;R1_NORMAL;-1;-1;0;0;-1;-1;0;0.05000000819563866;0.036003343760967255;0.10063078999519348;96;4
C06;C06;Critico progressivo: Fadiga noturna;Critico;Critico;0.4204596161842346;0.4204596161842346;R2_STABLE_RISK;36;81;46;1;59;23;0;0.05000000819563866;0.1600235104560852;0.12349645048379898;96;4
C10;C10;Critico progressivo: Grooming em rodovia com fadiga;Critico;Critico;0.4014090597629547;0.4014090597629547;R2_STABLE_RISK;40;81;42;1;64;24;0;0.05000000819563866;0.2019972950220108;0.12011749297380447;96;4
C08;C08;Critico progressivo: Distracao urbana multietapas;Critico;Critico;0.4532721936702728;0.4532721936702728;R1_NORMAL;28;77;50;1;54;26;0;0.05000000819563866;0.3246191143989563;0.17787736654281616;96;4
N01;N01;Normal: Viagem tranquila em rodovia;Normal;Normal;0.050000007078051564;0.050000007078051564;R1_NORMAL;-1;-1;0;0;-1;-1;0;0.05000000819563866;0.03389628604054451;0.12579336762428284;96;4
C09;C09;Critico progressivo: Bebida ao volante;Critico;Critico;0.5040927499532699;0.5040927499532699;R1_NORMAL;38;73;36;1;57;19;1;0.3169308602809906;0.255503386259079;0.15891453623771667;96;4
C03;C03;Critico: Celular sem cinto sob chuva;Critico;Critico;0.3752959698438644;0.3752959698438644;R3_FALSE_KIN;26;41;16;0;28;2;0;0.05000000819563866;0.18641918897628784;0.13957588374614716;96;4
C02;C02;Critico: Fadiga com desvio cinematico;Critico;Critico;0.39378328174352645;0.39378328174352645;R2_STABLE_RISK;29;50;22;0;32;3;0;0.05000000819563866;0.10212811082601547;0.10651925951242447;96;4
N02;N02;Normal: Urbano moderado;Normal;Normal;0.050000007078051564;0.050000007078051564;R3_FALSE_KIN;-1;-1;0;0;-1;-1;0;0.05000000819563866;0.03410346433520317;0.0875324085354805;96;4
C03;C03;Critico: Celular sem cinto sob chuva;Critico;Critico;0.3752959698438644;0.3752959698438644;R1_NORMAL;26;41;16;0;28;2;0;0.05000000819563866;0.18856064975261688;0.14274390041828156;96;4
C10;C10;Critico progressivo: Grooming em rodovia com fadiga;Critico;Critico;0.40276625752449036;0.40276625752449036;R2_STABLE_RISK;40;81;42;1;65;25;0;0.05000000819563866;0.20157228410243988;0.1807868629693985;96;4
C05;C05;Critico progressivo: Celular em rodovia;Critico;Critico;0.38644637316465374;0.38644637316465374;R2_STABLE_RISK;42;73;32;1;61;19;0;0.05000000819563866;0.31226301193237305;0.11864757537841797;96;4
C04;C04;Critico: Multiplas distracoes urbanas;Critico;Critico;0.3713889718055725;0.3713889718055725;R2_STABLE_RISK;22;45;24;0;24;2;0;0.05000000819563866;0.20969295501708984;0.12434136122465134;96;4
N02;N02;Normal: Urbano moderado;Normal;Normal;0.050000007078051564;0.050000007078051564;R1_NORMAL;-1;-1;0;0;-1;-1;0;0.05000000819563866;0.025429455563426018;0.08961927890777588;96;4
C10;C10;Critico progressivo: Grooming em rodovia com fadiga;Critico;Critico;0.48732779920101166;0.48732779920101166;R2_STABLE_RISK;40;81;42;1;63;23;1;0.3263530433177948;0.20601673424243927;0.1303650289773941;96;4
C08;C08;Critico progressivo: Distracao urbana multietapas;Critico;Critico;0.4312513187527656;0.4312513187527656;R2_STABLE_RISK;28;77;50;1;57;29;0;0.05000000819563866;0.3161759376525879;0.13853946328163147;96;4
C03;C03;Critico: Celular sem cinto sob chuva;Critico;Critico;0.3752959698438644;0.3752959698438644;R3_FALSE_KIN;26;41;16;0;28;2;0;0.05000000819563866;0.18173372745513916;0.1352546513080597;96;4
C01;C01;Critico: Celular em alta velocidade;Critico;Critico;0.29102678298950196;0.29102678298950196;R1_NORMAL;32;44;13;0;34;2;0;0.05000000819563866;0.15391850471496582;0.11345252394676208;96;4
C02;C02;Critico: Fadiga com desvio cinematico;Critico;Critico;0.39378328174352645;0.39378328174352645;R2_STABLE_RISK;29;50;22;0;32;3;0;0.05000000819563866;0.0946345329284668;0.1700524091720581;96;4
C09;C09;Critico progressivo: Bebida ao volante;Critico;Critico;0.38768429309129715;0.38768429309129715;R2_STABLE_RISK;38;73;36;1;58;20;0;0.05000000819563866;0.2544272243976593;0.09156154841184616;96;4
C02;C02;Critico: Fadiga com desvio cinematico;Critico;Critico;0.39378328174352645;0.39378328174352645;R2_STABLE_RISK;29;50;22;0;32;3;0;0.05000000819563866;0.10076256841421127;0.11774221062660217;96;4
C08;C08;Critico progressivo: Distracao urbana multietapas;Critico;Critico;0.4438462868332863;0.4438462868332863;R2_STABLE_RISK;28;77;50;1;54;26;0;0.05000000819563866;0.319038987159729;0.14965786039829254;96;4
C01;C01;Critico: Celular em alta velocidade;Critico;Critico;0.5172520548105239;0.5172520548105239;R2_STABLE_RISK;32;44;13;0;34;2;1;0.22576427459716797;0.15781718492507935;0.16945873200893402;96;4
C05;C05;Critico progressivo: Celular em rodovia;Critico;Critico;0.39413792937993997;0.39413792937993997;R1_NORMAL;42;73;32;1;58;16;0;0.05000000819563866;0.3142068088054657;0.1407996118068695;96;4
C07;C07;Critico progressivo: Sem cinto sob chuva;Critico;Critico;0.4176397636532783;0.4176397636532783;R1_NORMAL;37;75;39;1;59;22;0;0.05000000819563866;0.3770155906677246;0.11631620675325394;96;4
C01;C01;Critico: Celular em alta velocidade;Critico;Critico;0.29102678298950196;0.29102678298950196;R3_FALSE_KIN;32;44;13;0;34;2;0;0.05000000819563866;0.14989614486694336;0.13470549881458282;96;4
C05;C05;Critico progressivo: Celular em rodovia;Critico;Critico;0.46259616911411283;0.46259616911411283;R1_NORMAL;42;73;32;1;59;17;1;0.2761211097240448;0.3137925863265991;0.1722671538591385;96;4
C09;C09;Critico progressivo: Bebida ao volante;Critico;Critico;0.3934191063046455;0.3934191063046455;R3_FALSE_KIN;38;73;36;1;55;17;0;0.05000000819563866;0.251720130443573;0.14440716803073883;96;4
C05;C05;Critico progressivo: Celular em rodovia;Critico;Critico;0.39174844026565553;0.39174844026565553;R1_NORMAL;42;73;32;1;58;16;0;0.05000000819563866;0.32578226923942566;0.13027842342853546;96;4
N02;N02;Normal: Urbano moderado;Normal;Normal;0.050000007078051564;0.050000007078051564;R2_STABLE_RISK;-1;-1;0;0;-1;-1;0;0.05000000819563866;0.028766104951500893;0.09671580791473389;96;4
C02;C02;Critico: Fadiga com desvio cinematico;Critico;Critico;0.39378328174352645;0.39378328174352645;R2_STABLE_RISK;29;50;22;0;32;3;0;0.05000000819563866;0.09353911131620407;0.12474247068166733;96;4
N03;N03;Normal: Noite estável;Normal;Normal;0.050000007078051564;0.050000007078051564;R2_STABLE_RISK;-1;-1;0;0;-1;-1;0;0.05000000819563866;0.029649198055267334;0.09976661205291748;96;4
C08;C08;Critico progressivo: Distracao urbana multietapas;Critico;Critico;0.49158184528350823;0.49158184528350823;R2_STABLE_RISK;28;77;50;1;58;30;1;0.306838721036911;0.30852457880973816;0.189008429646492;96;4
N01;N01;Normal: Viagem tranquila em rodovia;Normal;Normal;0.050000007078051564;0.050000007078051564;R1_NORMAL;-1;-1;0;0;-1;-1;0;0.05000000819563866;0.03269878029823303;0.10046428442001343;96;4
N01;N01;Normal: Viagem tranquila em rodovia;Normal;Normal;0.050000007078051564;0.050000007078051564;R1_NORMAL;-1;-1;0;0;-1;-1;0;0.05000000819563866;0.030042454600334167;0.15773151814937592;96;4
C05;C05;Critico progressivo: Celular em rodovia;Critico;Critico;0.3881670370697975;0.3881670370697975;R1_NORMAL;42;73;32;1;61;19;0;0.05000000819563866;0.3119182884693146;0.11703824996948242;96;4
C09;C09;Critico progressivo: Bebida ao volante;Critico;Critico;0.3956472754478454;0.3956472754478454;R2_STABLE_RISK;38;73;36;1;55;17;0;0.05000000819563866;0.24986211955547333;0.11402527242898941;96;4
N03;N03;Normal: Noite estável;Normal;Normal;0.050000007078051564;0.050000007078051564;R1_NORMAL;-1;-1;0;0;-1;-1;0;0.05000000819563866;0.032129064202308655;0.12330053001642227;96;4
C10;C10;Critico progressivo: Grooming em rodovia com fadiga;Critico;Critico;0.37958378344774246;0.37958378344774246;R3_FALSE_KIN;40;81;42;1;63;23;0;0.05000000819563866;0.201508030295372;0.10147330909967422;96;4
C04;C04;Critico: Multiplas distracoes urbanas;Critico;Critico;0.3713889718055725;0.3713889718055725;R3_FALSE_KIN;22;45;24;0;24;2;0;0.05000000819563866;0.20286183059215546;0.13395409286022186;96;4
C01;C01;Critico: Celular em alta velocidade;Critico;Critico;0.517443272471428;0.517443272471428;R3_FALSE_KIN;32;44;13;0;34;2;1;0.24230748414993286;0.158066526055336;0.20442114770412445;96;4
C10;C10;Critico progressivo: Grooming em rodovia com fadiga;Critico;Critico;0.4374066889286041;0.4374066889286041;R1_NORMAL;40;81;42;1;60;20;1;0.29838716983795166;0.19759924709796906;0.11488518863916397;96;4
C05;C05;Critico progressivo: Celular em rodovia;Critico;Critico;0.37474436759948726;0.37474436759948726;R2_STABLE_RISK;42;73;32;1;58;16;0;0.05000000819563866;0.31863006949424744;0.12920217216014862;96;4
C03;C03;Critico: Celular sem cinto sob chuva;Critico;Critico;0.3752959698438644;0.3752959698438644;R1_NORMAL;26;41;16;0;28;2;0;0.05000000819563866;0.18591801822185516;0.11501839756965637;96;4
C07;C07;Critico progressivo: Sem cinto sob chuva;Critico;Critico;0.48254502713680264;0.48254502713680264;R3_FALSE_KIN;37;75;39;1;59;22;1;0.2870238423347473;0.3822215497493744;0.19085605442523956;96;4
C10;C10;Critico progressivo: Grooming em rodovia com fadiga;Critico;Critico;0.3930789709091186;0.3930789709091186;R1_NORMAL;40;81;42;1;62;22;0;0.05000000819563866;0.19624292850494385;0.132670059800148;96;4
C08;C08;Critico progressivo: Distracao urbana multietapas;Critico;Critico;0.410477451980114;0.410477451980114;R1_NORMAL;28;77;50;1;60;32;0;0.05000000819563866;0.3168889284133911;0.14894594252109528;96;4
C02;C02;Critico: Fadiga com desvio cinematico;Critico;Critico;0.39378328174352645;0.39378328174352645;R2_STABLE_RISK;29;50;22;0;32;3;0;0.05000000819563866;0.10210999101400375;0.12748239934444427;96;4
C06;C06;Critico progressivo: Fadiga noturna;Critico;Critico;0.445704585313797;0.445704585313797;R2_STABLE_RISK;36;81;46;1;59;23;0;0.05000000819563866;0.15677094459533691;0.1208014190196991;96;4
C10;C10;Critico progressivo: Grooming em rodovia com fadiga;Critico;Critico;0.4252011060714721;0.4252011060714721;R2_STABLE_RISK;40;81;42;1;63;23;0;0.05000000819563866;0.19576089084148407;0.09608989953994751;96;4
C04;C04;Critico: Multiplas distracoes urbanas;Critico;Critico;0.3713889718055725;0.3713889718055725;R1_NORMAL;22;45;24;0;24;2;0;0.05000000819563866;0.20340512692928314;0.11578170210123062;96;4
C07;C07;Critico progressivo: Sem cinto sob chuva;Critico;Critico;0.4269699975848198;0.4269699975848198;R3_FALSE_KIN;37;75;39;1;55;18;0;0.05000000819563866;0.38078880310058594;0.16611438989639282;96;4
N03;N03;Normal: Noite estável;Normal;Normal;0.050000007078051564;0.050000007078051564;R1_NORMAL;-1;-1;0;0;-1;-1;0;0.05000000819563866;0.03711972013115883;0.11423301696777344;96;4
C05;C05;Critico progressivo: Celular em rodovia;Critico;Critico;0.38601951152086256;0.38601951152086256;R3_FALSE_KIN;42;73;32;1;59;17;0;0.05000000819563866;0.3297477960586548;0.1831159144639969;96;4
C10;C10;Critico progressivo: Grooming em rodovia com fadiga;Critico;Critico;0.42174203544855116;0.42174203544855116;R1_NORMAL;40;81;42;1;61;21;0;0.05000000819563866;0.2037150114774704;0.11572897434234619;96;4
C02;C02;Critico: Fadiga com desvio cinematico;Critico;Critico;0.6036281585693359;0.6036281585693359;R2_STABLE_RISK;29;50;22;0;32;3;1;0.259456068277359;0.09613058716058731;0.1297646313905716;96;4
C02;C02;Critico: Fadiga com desvio cinematico;Critico;Critico;0.39378328174352645;0.39378328174352645;R1_NORMAL;29;50;22;0;32;3;0;0.05000000819563866;0.10225311666727066;0.15270118415355682;96;4
C05;C05;Critico progressivo: Celular em rodovia;Critico;Critico;0.3686692789196968;0.3686692789196968;R1_NORMAL;42;73;32;1;58;16;0;0.05000000819563866;0.3142505884170532;0.13210643827915192;96;4
C08;C08;Critico progressivo: Distracao urbana multietapas;Critico;Critico;0.4437965080142021;0.4437965080142021;R1_NORMAL;28;77;50;1;54;26;0;0.05000000819563866;0.32262763381004333;0.14575323462486267;96;4
C03;C03;Critico: Celular sem cinto sob chuva;Critico;Critico;0.6160487681627274;0.6160487681627274;R2_STABLE_RISK;26;41;16;0;28;2;1;0.22726725041866302;0.18808676302433014;0.1575341671705246;96;4
N03;N03;Normal: Noite estável;Normal;Normal;0.050000007078051564;0.050000007078051564;R2_STABLE_RISK;-1;-1;0;0;-1;-1;0;0.05000000819563866;0.029750587418675423;0.16241224110126495;96;4
C01;C01;Critico: Celular em alta velocidade;Critico;Critico;0.29102678298950196;0.29102678298950196;R1_NORMAL;32;44;13;0;34;2;0;0.05000000819563866;0.1537136435508728;0.13192568719387054;96;4
C04;C04;Critico: Multiplas distracoes urbanas;Critico;Critico;0.3713889718055725;0.3713889718055725;R1_NORMAL;22;45;24;0;24;2;0;0.05000000819563866;0.20449888706207275;0.1130242571234703;96;4
N02;N02;Normal: Urbano moderado;Normal;Normal;0.050000007078051564;0.050000007078051564;R1_NORMAL;-1;-1;0;0;-1;-1;0;0.05000000819563866;0.025458551943302155;0.09151595830917358;96;4
C06;C06;Critico progressivo: Fadiga noturna;Critico;Critico;0.4216920152306557;0.4216920152306557;R2_STABLE_RISK;36;81;46;1;60;24;0;0.05000000819563866;0.1647450476884842;0.12773136794567108;96;4
C06;C06;Critico progressivo: Fadiga noturna;Critico;Critico;0.3981984749436378;0.3981984749436378;R1_NORMAL;36;81;46;1;58;22;0;0.05000000819563866;0.15834146738052368;0.12535612285137177;96;4
C09;C09;Critico progressivo: Bebida ao volante;Critico;Critico;0.478407946228981;0.478407946228981;R2_STABLE_RISK;38;73;36;1;55;17;1;0.26614320278167725;0.2593632936477661;0.20546559989452362;96;4
C06;C06;Critico progressivo: Fadiga noturna;Critico;Critico;0.4542816072702408;0.4542816072702408;R2_STABLE_RISK;36;81;46;1;59;23;0;0.05000000819563866;0.16279719769954681;0.1430942565202713;96;4
C08;C08;Critico progressivo: Distracao urbana multietapas;Critico;Critico;0.43871936202049255;0.43871936202049255;R2_STABLE_RISK;28;77;50;1;58;30;0;0.05000000819563866;0.30749714374542236;0.1481592357158661;96;4
N02;N02;Normal: Urbano moderado;Normal;Normal;0.050000007078051564;0.050000007078051564;R3_FALSE_KIN;-1;-1;0;0;-1;-1;0;0.05000000819563866;0.03455633297562599;0.08966261893510818;96;4
C01;C01;Critico: Celular em alta velocidade;Critico;Critico;0.29102678298950196;0.29102678298950196;R1_NORMAL;32;44;13;0;34;2;0;0.05000000819563866;0.1567200869321823;0.17716701328754425;96;4
C06;C06;Critico progressivo: Fadiga noturna;Critico;Critico;0.4724661141633987;0.4724661141633987;R1_NORMAL;36;81;46;1;59;23;1;0.28975075483322144;0.1537211686372757;0.14448775351047516;96;4
C03;C03;Critico: Celular sem cinto sob chuva;Critico;Critico;0.3752959698438644;0.3752959698438644;R2_STABLE_RISK;26;41;16;0;28;2;0;0.05000000819563866;0.18950696289539337;0.15546245872974396;96;4
C04;C04;Critico: Multiplas distracoes urbanas;Critico;Critico;0.3713889718055725;0.3713889718055725;R3_FALSE_KIN;22;45;24;0;24;2;0;0.05000000819563866;0.20353250205516815;0.13550734519958496;96;4
C05;C05;Critico progressivo: Celular em rodovia;Critico;Critico;0.4737398773431778;0.4737398773431778;R3_FALSE_KIN;42;73;32;1;57;15;1;0.24872706830501556;0.31411829590797424;0.18321548402309418;96;4
C06;C06;Critico progressivo: Fadiga noturna;Critico;Critico;0.4353502616286278;0.4353502616286278;R2_STABLE_RISK;36;81;46;1;56;20;0;0.05000000819563866;0.1543748527765274;0.1601412147283554;96;4
N03;N03;Normal: Noite estável;Normal;Normal;0.050000007078051564;0.050000007078051564;R1_NORMAL;-1;-1;0;0;-1;-1;0;0.05000000819563866;0.02858065627515316;0.10356918722391129;96;4
C06;C06;Critico progressivo: Fadiga noturna;Critico;Critico;0.427467967569828;0.427467967569828;R3_FALSE_KIN;36;81;46;1;57;21;0;0.05000000819563866;0.15291617810726166;0.13157762587070465;96;4
C04;C04;Critico: Multiplas distracoes urbanas;Critico;Critico;0.3713889718055725;0.3713889718055725;R2_STABLE_RISK;22;45;24;0;24;2;0;0.05000000819563866;0.20748989284038544;0.14390958845615387;96;4
C06;C06;Critico progressivo: Fadiga noturna;Critico;Critico;0.4200959965586662;0.4200959965586662;R2_STABLE_RISK;36;81;46;1;65;29;0;0.05000000819563866;0.15614166855812073;0.1357535719871521;96;4
C10;C10;Critico progressivo: Grooming em rodovia com fadiga;Critico;Critico;0.474044194817543;0.474044194817543;R2_STABLE_RISK;40;81;42;1;63;23;1;0.33979570865631104;0.20473730564117432;0.1569286435842514;96;4
C04;C04;Critico: Multiplas distracoes urbanas;Critico;Critico;0.5665781676769257;0.5665781676769257;R1_NORMAL;22;45;24;0;24;2;1;0.21008634567260742;0.20127452909946442;0.21702106297016144;96;4
C01;C01;Critico: Celular em alta velocidade;Critico;Critico;0.5239690750837326;0.5239690750837326;R1_NORMAL;32;44;13;0;34;2;1;0.20827169716358185;0.1537935584783554;0.13258881866931915;96;4
C01;C01;Critico: Celular em alta velocidade;Critico;Critico;0.29102678298950196;0.29102678298950196;R3_FALSE_KIN;32;44;13;0;34;2;0;0.05000000819563866;0.15559260547161102;0.11832457035779953;96;4
C02;C02;Critico: Fadiga com desvio cinematico;Critico;Critico;0.5975616216659545;0.5975616216659545;R3_FALSE_KIN;29;50;22;0;32;3;1;0.226779043674469;0.09805568307638168;0.18669891357421875;96;4
C10;C10;Critico progressivo: Grooming em rodovia com fadiga;Critico;Critico;0.4231369614601135;0.4231369614601135;R2_STABLE_RISK;40;81;42;1;64;24;1;0.30223342776298523;0.19668859243392944;0.09776230901479721;96;4
C04;C04;Critico: Multiplas distracoes urbanas;Critico;Critico;0.3713889718055725;0.3713889718055725;R2_STABLE_RISK;22;45;24;0;24;2;0;0.05000000819563866;0.2024535983800888;0.11452924460172653;96;4
N02;N02;Normal: Urbano moderado;Normal;Normal;0.050000007078051564;0.050000007078051564;R1_NORMAL;-1;-1;0;0;-1;-1;0;0.05000000819563866;0.033968016505241394;0.14637592434883118;96;4
N03;N03;Normal: Noite estável;Normal;Normal;0.050000007078051564;0.050000007078051564;R1_NORMAL;-1;-1;0;0;-1;-1;0;0.05000000819563866;0.03556889295578003;0.08983304351568222;96;4
C04;C04;Critico: Multiplas distracoes urbanas;Critico;Critico;0.3713889718055725;0.3713889718055725;R1_NORMAL;22;45;24;0;24;2;0;0.05000000819563866;0.203494593501091;0.14482177793979645;96;4
C01;C01;Critico: Celular em alta velocidade;Critico;Critico;0.29102678298950196;0.29102678298950196;R2_STABLE_RISK;32;44;13;0;34;2;0;0.05000000819563866;0.15293440222740173;0.12558232247829437;96;4
C06;C06;Critico progressivo: Fadiga noturna;Critico;Critico;0.4422432407736778;0.4422432407736778;R2_STABLE_RISK;36;81;46;1;58;22;0;0.05000000819563866;0.16032080352306366;0.1270073801279068;96;4
C05;C05;Critico progressivo: Celular em rodovia;Critico;Critico;0.38188967704772947;0.38188967704772947;R2_STABLE_RISK;42;73;32;1;56;14;0;0.05000000819563866;0.3220377564430237;0.12162328511476517;96;4
C09;C09;Critico progressivo: Bebida ao volante;Critico;Critico;0.3913586437702179;0.3913586437702179;R1_NORMAL;38;73;36;1;58;20;0;0.05000000819563866;0.25607118010520935;0.1389090120792389;96;4
C05;C05;Critico progressivo: Celular em rodovia;Critico;Critico;0.449226501584053;0.449226501584053;R2_STABLE_RISK;42;73;32;1;60;18;1;0.253941148519516;0.31259360909461975;0.14621150493621826;96;4
N01;N01;Normal: Viagem tranquila em rodovia;Normal;Normal;0.050000007078051564;0.050000007078051564;R2_STABLE_RISK;-1;-1;0;0;-1;-1;0;0.05000000819563866;0.03851579874753952;0.10955256223678589;96;4
C02;C02;Critico: Fadiga com desvio cinematico;Critico;Critico;0.39378328174352645;0.39378328174352645;R1_NORMAL;29;50;22;0;32;3;0;0.05000000819563866;0.09924375265836716;0.09796887636184692;96;4
C02;C02;Critico: Fadiga com desvio cinematico;Critico;Critico;0.39378328174352645;0.39378328174352645;R3_FALSE_KIN;29;50;22;0;32;3;0;0.05000000819563866;0.09464254975318909;0.11172252893447876;96;4
C04;C04;Critico: Multiplas distracoes urbanas;Critico;Critico;0.3713889718055725;0.3713889718055725;R1_NORMAL;22;45;24;0;24;2;0;0.05000000819563866;0.20237909257411957;0.12863560020923615;96;4
C10;C10;Critico progressivo: Grooming em rodovia com fadiga;Critico;Critico;0.43094256371259687;0.43094256371259687;R2_STABLE_RISK;40;81;42;1;62;22;0;0.05000000819563866;0.2038494199514389;0.10483822971582413;96;4
C08;C08;Critico progressivo: Distracao urbana multietapas;Critico;Critico;0.42826207280158995;0.42826207280158995;R1_NORMAL;28;77;50;1;54;26;0;0.05000000819563866;0.30943045020103455;0.18755431473255157;96;4
N03;N03;Normal: Noite estável;Normal;Normal;0.050000007078051564;0.050000007078051564;R1_NORMAL;-1;-1;0;0;-1;-1;0;0.05000000819563866;0.03546926751732826;0.09045574814081192;96;4
C09;C09;Critico progressivo: Bebida ao volante;Critico;Critico;0.45733917653560635;0.45733917653560635;R3_FALSE_KIN;38;73;36;1;58;20;1;0.30059298872947693;0.2453756183385849;0.13963113725185394;96;4
C09;C09;Critico progressivo: Bebida ao volante;Critico;Critico;0.4663567811250687;0.4663567811250687;R1_NORMAL;38;73;36;1;60;22;1;0.22440285980701447;0.2506541311740875;0.15794746577739716;96;4
C01;C01;Critico: Celular em alta velocidade;Critico;Critico;0.29102678298950196;0.29102678298950196;R1_NORMAL;32;44;13;0;34;2;0;0.05000000819563866;0.1498793661594391;0.11917196959257126;96;4
C09;C09;Critico progressivo: Bebida ao volante;Critico;Critico;0.3905524328351021;0.3905524328351021;R1_NORMAL;38;73;36;1;58;20;0;0.05000000819563866;0.24811863899230957;0.13546352088451385;96;4
N02;N02;Normal: Urbano moderado;Normal;Normal;0.050000007078051564;0.050000007078051564;R1_NORMAL;-1;-1;0;0;-1;-1;0;0.05000000819563866;0.03840712830424309;0.11432787030935287;96;4
C07;C07;Critico progressivo: Sem cinto sob chuva;Critico;Critico;0.48202619850635525;0.48202619850635525;R2_STABLE_RISK;37;75;39;1;57;20;1;0.2567427456378937;0.3778427839279175;0.15469324588775635;96;4
C02;C02;Critico: Fadiga com desvio cinematico;Critico;Critico;0.39378328174352645;0.39378328174352645;R1_NORMAL;29;50;22;0;32;3;0;0.05000000819563866;0.10360249876976013;0.12920065224170685;96;4
C07;C07;Critico progressivo: Sem cinto sob chuva;Critico;Critico;0.3884936571121216;0.3884936571121216;R3_FALSE_KIN;37;75;39;1;58;21;0;0.05000000819563866;0.38005852699279785;0.10250372439622879;96;4
C06;C06;Critico progressivo: Fadiga noturna;Critico;Critico;0.4430524125695229;0.4430524125695229;R3_FALSE_KIN;36;81;46;1;56;20;0;0.05000000819563866;0.1591508537530899;0.10439509153366089;96;4
N01;N01;Normal: Viagem tranquila em rodovia;Normal;Normal;0.050000007078051564;0.050000007078051564;R3_FALSE_KIN;-1;-1;0;0;-1;-1;0;0.05000000819563866;0.029905125498771667;0.08503970503807068;96;4
C05;C05;Critico progressivo: Celular em rodovia;Critico;Critico;0.37089953273534776;0.37089953273534776;R3_FALSE_KIN;42;73;32;1;60;18;0;0.05000000819563866;0.31302520632743835;0.13363933563232422;96;4
C01;C01;Critico: Celular em alta velocidade;Critico;Critico;0.5174572557210921;0.5174572557210921;R3_FALSE_KIN;32;44;13;0;34;2;1;0.23757518827915192;0.15785495936870575;0.22218887507915497;96;4
C04;C04;Critico: Multiplas distracoes urbanas;Critico;Critico;0.3713889718055725;0.3713889718055725;R3_FALSE_KIN;22;45;24;0;24;2;0;0.05000000819563866;0.19944733381271362;0.10139381885528564;96;4
C01;C01;Critico: Celular em alta velocidade;Critico;Critico;0.5273786455392837;0.5273786455392837;R3_FALSE_KIN;32;44;13;0;34;2;1;0.22928988933563232;0.15027348697185516;0.1893063187599182;96;4
C07;C07;Critico progressivo: Sem cinto sob chuva;Critico;Critico;0.4241452887654304;0.4241452887654304;R1_NORMAL;37;75;39;1;60;23;0;0.05000000819563866;0.37411829829216003;0.18961696326732635;96;4
C02;C02;Critico: Fadiga com desvio cinematico;Critico;Critico;0.39378328174352645;0.39378328174352645;R1_NORMAL;29;50;22;0;32;3;0;0.05000000819563866;0.1077929362654686;0.11073813587427139;96;4
C06;C06;Critico progressivo: Fadiga noturna;Critico;Critico;0.4100485980510712;0.4100485980510712;R2_STABLE_RISK;36;81;46;1;59;23;0;0.05000000819563866;0.15618564188480377;0.1458214968442917;96;4
N03;N03;Normal: Noite estável;Normal;Normal;0.050000007078051564;0.050000007078051564;R3_FALSE_KIN;-1;-1;0;0;-1;-1;0;0.05000000819563866;0.03091987408697605;0.10072740167379379;96;4
C10;C10;Critico progressivo: Grooming em rodovia com fadiga;Critico;Critico;0.38585307151079173;0.38585307151079173;R1_NORMAL;40;81;42;1;63;23;0;0.05000000819563866;0.1999969333410263;0.11324014514684677;96;4
C03;C03;Critico: Celular sem cinto sob chuva;Critico;Critico;0.3752959698438644;0.3752959698438644;R1_NORMAL;26;41;16;0;28;2;0;0.05000000819563866;0.18833623826503754;0.13734625279903412;96;4
C01;C01;Critico: Celular em alta velocidade;Critico;Critico;0.29102678298950196;0.29102678298950196;R3_FALSE_KIN;32;44;13;0;34;2;0;0.05000000819563866;0.153287872672081;0.10934153944253922;96;4
C01;C01;Critico: Celular em alta velocidade;Critico;Critico;0.29102678298950196;0.29102678298950196;R1_NORMAL;32;44;13;0;34;2;0;0.05000000819563866;0.1552562564611435;0.12460120767354965;96;4
C02;C02;Critico: Fadiga com desvio cinematico;Critico;Critico;0.39378328174352645;0.39378328174352645;R3_FALSE_KIN;29;50;22;0;32;3;0;0.05000000819563866;0.09596487134695053;0.12982648611068726;96;4
C10;C10;Critico progressivo: Grooming em rodovia com fadiga;Critico;Critico;0.38243920654058455;0.38243920654058455;R3_FALSE_KIN;40;81;42;1;67;27;0;0.05000000819563866;0.20720183849334717;0.10587797313928604;96;4
C10;C10;Critico progressivo: Grooming em rodovia com fadiga;Critico;Critico;0.4256837770342827;0.4256837770342827;R2_STABLE_RISK;40;81;42;1;64;24;0;0.05000000819563866;0.2041182965040207;0.1405063271522522;96;4
N02;N02;Normal: Urbano moderado;Normal;Normal;0.050000007078051564;0.050000007078051564;R2_STABLE_RISK;-1;-1;0;0;-1;-1;0;0.05000000819563866;0.034401655197143555;0.1068478599190712;96;4
C03;C03;Critico: Celular sem cinto sob chuva;Critico;Critico;0.3752959698438644;0.3752959698438644;R1_NORMAL;26;41;16;0;28;2;0;0.05000000819563866;0.19236446917057037;0.14850445091724396;96;4
N01;N01;Normal: Viagem tranquila em rodovia;Normal;Normal;0.050000007078051564;0.050000007078051564;R1_NORMAL;-1;-1;0;0;-1;-1;0;0.05000000819563866;0.029113659635186195;0.1171267032623291;96;4
N01;N01;Normal: Viagem tranquila em rodovia;Normal;Normal;0.050000007078051564;0.050000007078051564;R2_STABLE_RISK;-1;-1;0;0;-1;-1;0;0.05000000819563866;0.03591223806142807;0.07695986330509186;96;4
C06;C06;Critico progressivo: Fadiga noturna;Critico;Critico;0.41399145126342773;0.41399145126342773;R2_STABLE_RISK;36;81;46;1;56;20;0;0.05000000819563866;0.15701918303966522;0.163939967751503;96;4
C09;C09;Critico progressivo: Bebida ao volante;Critico;Critico;0.47634865641593926;0.47634865641593926;R1_NORMAL;38;73;36;1;58;20;1;0.2847045958042145;0.2561417520046234;0.1735677719116211;96;4
N02;N02;Normal: Urbano moderado;Normal;Normal;0.050000007078051564;0.050000007078051564;R3_FALSE_KIN;-1;-1;0;0;-1;-1;0;0.05000000819563866;0.03107505477964878;0.0859312042593956;96;4
C01;C01;Critico: Celular em alta velocidade;Critico;Critico;0.29102678298950196;0.29102678298950196;R1_NORMAL;32;44;13;0;34;2;0;0.05000000819563866;0.15152844786643982;0.1156226396560669;96;4
N03;N03;Normal: Noite estável;Normal;Normal;0.050000007078051564;0.050000007078051564;R1_NORMAL;-1;-1;0;0;-1;-1;0;0.05000000819563866;0.029146680608391762;0.10350774973630905;96;4
C06;C06;Critico progressivo: Fadiga noturna;Critico;Critico;0.434920984506607;0.434920984506607;R1_NORMAL;36;81;46;1;59;23;0;0.05000000819563866;0.15305593609809875;0.1212415099143982;96;4
C07;C07;Critico progressivo: Sem cinto sob chuva;Critico;Critico;0.39987847954034805;0.39987847954034805;R1_NORMAL;37;75;39;1;57;20;0;0.05000000819563866;0.38912686705589294;0.15012221038341522;96;4
C07;C07;Critico progressivo: Sem cinto sob chuva;Critico;Critico;0.41881680935621257;0.41881680935621257;R1_NORMAL;37;75;39;1;55;18;0;0.05000000819563866;0.38078102469444275;0.13523928821086884;96;4
N01;N01;Normal: Viagem tranquila em rodovia;Normal;Normal;0.050000007078051564;0.050000007078051564;R3_FALSE_KIN;-1;-1;0;0;-1;-1;0;0.05000000819563866;0.030553214251995087;0.11074584722518921;96;4
C07;C07;Critico progressivo: Sem cinto sob chuva;Critico;Critico;0.3951395913958549;0.3951395913958549;R1_NORMAL;37;75;39;1;58;21;0;0.05000000819563866;0.3753775656223297;0.12234821170568466;96;4
C03;C03;Critico: Celular sem cinto sob chuva;Critico;Critico;0.3752959698438644;0.3752959698438644;R2_STABLE_RISK;26;41;16;0;28;2;0;0.05000000819563866;0.1821429282426834;0.11246082186698914;96;4
C09;C09;Critico progressivo: Bebida ao volante;Critico;Critico;0.4036391392350197;0.4036391392350197;R1_NORMAL;38;73;36;1;57;19;0;0.05000000819563866;0.24806053936481476;0.1556469351053238;96;4
C08;C08;Critico progressivo: Distracao urbana multietapas;Critico;Critico;0.44432919323444364;0.44432919323444364;R1_NORMAL;28;77;50;1;52;24;0;0.05000000819563866;0.31682825088500977;0.20175878703594208;96;4
N02;N02;Normal: Urbano moderado;Normal;Normal;0.050000007078051564;0.050000007078051564;R1_NORMAL;-1;-1;0;0;-1;-1;0;0.05000000819563866;0.03339304029941559;0.0934579148888588;96;4
C08;C08;Critico progressivo: Distracao urbana multietapas;Critico;Critico;0.5279959589242935;0.5279959589242935;R2_STABLE_RISK;28;77;50;1;56;28;1;0.32794174551963806;0.324908047914505;0.1840161830186844;96;4
N02;N02;Normal: Urbano moderado;Normal;Normal;0.050000007078051564;0.050000007078051564;R1_NORMAL;-1;-1;0;0;-1;-1;0;0.05000000819563866;0.028730155900120735;0.10921347141265869;96;4
C03;C03;Critico: Celular sem cinto sob chuva;Critico;Critico;0.3752959698438644;0.3752959698438644;R3_FALSE_KIN;26;41;16;0;28;2;0;0.05000000819563866;0.19179420173168182;0.1793830245733261;96;4
C02;C02;Critico: Fadiga com desvio cinematico;Critico;Critico;0.39378328174352645;0.39378328174352645;R3_FALSE_KIN;29;50;22;0;32;3;0;0.05000000819563866;0.0920669436454773;0.1002899706363678;96;4
C07;C07;Critico progressivo: Sem cinto sob chuva;Critico;Critico;0.4789376348257065;0.4789376348257065;R1_NORMAL;37;75;39;1;61;24;1;0.29355859756469727;0.3795551359653473;0.13081566989421844;96;4
C10;C10;Critico progressivo: Grooming em rodovia com fadiga;Critico;Critico;0.41950987130403516;0.41950987130403516;R3_FALSE_KIN;40;81;42;1;65;25;0;0.05000000819563866;0.19926734268665314;0.11537045985460281;96;4
C10;C10;Critico progressivo: Grooming em rodovia com fadiga;Critico;Critico;0.4273395389318466;0.4273395389318466;R1_NORMAL;40;81;42;1;66;26;1;0.3422503173351288;0.192147895693779;0.09568772464990616;96;4
N02;N02;Normal: Urbano moderado;Normal;Normal;0.050000007078051564;0.050000007078051564;R1_NORMAL;-1;-1;0;0;-1;-1;0;0.05000000819563866;0.034185171127319336;0.07764368504285812;96;4
C10;C10;Critico progressivo: Grooming em rodovia com fadiga;Critico;Critico;0.4203941822052002;0.4203941822052002;R2_STABLE_RISK;40;81;42;1;64;24;0;0.05000000819563866;0.19984452426433563;0.12619122862815857;96;4
C10;C10;Critico progressivo: Grooming em rodovia com fadiga;Critico;Critico;0.4508134931325912;0.4508134931325912;R1_NORMAL;40;81;42;1;63;23;1;0.31122705340385437;0.20048975944519043;0.1097484827041626;96;4
C07;C07;Critico progressivo: Sem cinto sob chuva;Critico;Critico;0.5071911185979843;0.5071911185979843;R1_NORMAL;37;75;39;1;55;18;1;0.2976965010166168;0.38069668412208557;0.1488829255104065;96;4
C04;C04;Critico: Multiplas distracoes urbanas;Critico;Critico;0.3713889718055725;0.3713889718055725;R1_NORMAL;22;45;24;0;24;2;0;0.05000000819563866;0.20003966987133026;0.12749138474464417;96;4
N03;N03;Normal: Noite estável;Normal;Normal;0.050000007078051564;0.050000007078051564;R3_FALSE_KIN;-1;-1;0;0;-1;-1;0;0.05000000819563866;0.025138193741440773;0.09917002171278;96;4
C06;C06;Critico progressivo: Fadiga noturna;Critico;Critico;0.4510842233896255;0.4510842233896255;R3_FALSE_KIN;36;81;46;1;59;23;1;0.33926185965538025;0.1495826095342636;0.15789081156253815;96;4
C05;C05;Critico progressivo: Celular em rodovia;Critico;Critico;0.3829339563846588;0.3829339563846588;R1_NORMAL;42;73;32;1;61;19;0;0.05000000819563866;0.31494322419166565;0.15953148901462555;96;4
C06;C06;Critico progressivo: Fadiga noturna;Critico;Critico;0.46232651770114896;0.46232651770114896;R1_NORMAL;36;81;46;1;59;23;1;0.3111865222454071;0.15975718200206757;0.16937430202960968;96;4
N02;N02;Normal: Urbano moderado;Normal;Normal;0.050000007078051564;0.050000007078051564;R2_STABLE_RISK;-1;-1;0;0;-1;-1;0;0.05000000819563866;0.03315526992082596;0.12066193670034409;96;4
C09;C09;Critico progressivo: Bebida ao volante;Critico;Critico;0.3973361536860466;0.3973361536860466;R1_NORMAL;38;73;36;1;60;22;0;0.05000000819563866;0.25503700971603394;0.13151822984218597;96;4
N02;N02;Normal: Urbano moderado;Normal;Normal;0.050000007078051564;0.050000007078051564;R1_NORMAL;-1;-1;0;0;-1;-1;0;0.05000000819563866;0.029370814561843872;0.11847960948944092;96;4
C08;C08;Critico progressivo: Distracao urbana multietapas;Critico;Critico;0.46275411546230316;0.46275411546230316;R1_NORMAL;28;77;50;1;53;25;0;0.05000000819563866;0.3056258261203766;0.15399710834026337;96;4
C01;C01;Critico: Celular em alta velocidade;Critico;Critico;0.29102678298950196;0.29102678298950196;R2_STABLE_RISK;32;44;13;0;34;2;0;0.05000000819563866;0.15435947477817535;0.09919584542512894;96;4
C05;C05;Critico progressivo: Celular em rodovia;Critico;Critico;0.37767075747251505;0.37767075747251505;R3_FALSE_KIN;42;73;32;1;58;16;0;0.05000000819563866;0.3126305043697357;0.12715932726860046;96;4
N02;N02;Normal: Urbano moderado;Normal;Normal;0.050000007078051564;0.050000007078051564;R2_STABLE_RISK;-1;-1;0;0;-1;-1;0;0.05000000819563866;0.0362594835460186;0.127629354596138;96;4
N02;N02;Normal: Urbano moderado;Normal;Normal;0.050000007078051564;0.050000007078051564;R3_FALSE_KIN;-1;-1;0;0;-1;-1;0;0.05000000819563866;0.03505004569888115;0.08163353055715561;96;4
C01;C01;Critico: Celular em alta velocidade;Critico;Critico;0.29102678298950196;0.29102678298950196;R2_STABLE_RISK;32;44;13;0;34;2;0;0.05000000819563866;0.14900369942188263;0.11562878638505936;96;4
C03;C03;Critico: Celular sem cinto sob chuva;Critico;Critico;0.3752959698438644;0.3752959698438644;R1_NORMAL;26;41;16;0;28;2;0;0.05000000819563866;0.18567506968975067;0.12329158931970596;96;4
N03;N03;Normal: Noite estável;Normal;Normal;0.050000007078051564;0.050000007078051564;R3_FALSE_KIN;-1;-1;0;0;-1;-1;0;0.05000000819563866;0.03170197829604149;0.10896751284599304;96;4
C01;C01;Critico: Celular em alta velocidade;Critico;Critico;0.5230657845735549;0.5230657845735549;R2_STABLE_RISK;32;44;13;0;34;2;1;0.22930651903152466;0.15357865393161774;0.18257136642932892;96;4
C06;C06;Critico progressivo: Fadiga noturna;Critico;Critico;0.4336092367768288;0.4336092367768288;R2_STABLE_RISK;36;81;46;1;60;24;0;0.05000000819563866;0.15712834894657135;0.10849761217832565;96;4
C09;C09;Critico progressivo: Bebida ao volante;Critico;Critico;0.38018590956926346;0.38018590956926346;R1_NORMAL;38;73;36;1;59;21;0;0.05000000819563866;0.2588919699192047;0.1396428346633911;96;4
C04;C04;Critico: Multiplas distracoes urbanas;Critico;Critico;0.3713889718055725;0.3713889718055725;R2_STABLE_RISK;22;45;24;0;24;2;0;0.05000000819563866;0.19960255920886993;0.15076591074466705;96;4
C10;C10;Critico progressivo: Grooming em rodovia com fadiga;Critico;Critico;0.43160520941019054;0.43160520941019054;R1_NORMAL;40;81;42;1;59;19;0;0.05000000819563866;0.19646354019641876;0.11934187263250351;96;4
N03;N03;Normal: Noite estável;Normal;Normal;0.050000007078051564;0.050000007078051564;R1_NORMAL;-1;-1;0;0;-1;-1;0;0.05000000819563866;0.03273467719554901;0.07092886418104172;96;4
N01;N01;Normal: Viagem tranquila em rodovia;Normal;Normal;0.050000007078051564;0.050000007078051564;R1_NORMAL;-1;-1;0;0;-1;-1;0;0.05000000819563866;0.03408847376704216;0.11219214648008347;96;4
C08;C08;Critico progressivo: Distracao urbana multietapas;Critico;Critico;0.4309044435620307;0.4309044435620307;R2_STABLE_RISK;28;77;50;1;54;26;0;0.05000000819563866;0.3162511885166168;0.1368912309408188;96;4
C04;C04;Critico: Multiplas distracoes urbanas;Critico;Critico;0.3713889718055725;0.3713889718055725;R1_NORMAL;22;45;24;0;24;2;0;0.05000000819563866;0.1956639289855957;0.11405244469642639;96;4
N02;N02;Normal: Urbano moderado;Normal;Normal;0.050000007078051564;0.050000007078051564;R3_FALSE_KIN;-1;-1;0;0;-1;-1;0;0.05000000819563866;0.037344593554735184;0.0968385711312294;96;4
N02;N02;Normal: Urbano moderado;Normal;Normal;0.050000007078051564;0.050000007078051564;R1_NORMAL;-1;-1;0;0;-1;-1;0;0.05000000819563866;0.0302076805382967;0.11110371351242065;96;4
N03;N03;Normal: Noite estável;Normal;Normal;0.050000007078051564;0.050000007078051564;R2_STABLE_RISK;-1;-1;0;0;-1;-1;0;0.05000000819563866;0.03126898780465126;0.11128339171409607;96;4
N03;N03;Normal: Noite estável;Normal;Normal;0.050000007078051564;0.050000007078051564;R2_STABLE_RISK;-1;-1;0;0;-1;-1;0;0.05000000819563866;0.03418627753853798;0.08558458089828491;96;4
N02;N02;Normal: Urbano moderado;Normal;Normal;0.050000007078051564;0.050000007078051564;R3_FALSE_KIN;-1;-1;0;0;-1;-1;0;0.05000000819563866;0.035865772515535355;0.0774892047047615;96;4
C04;C04;Critico: Multiplas distracoes urbanas;Critico;Critico;0.3713889718055725;0.3713889718055725;R1_NORMAL;22;45;24;0;24;2;0;0.05000000819563866;0.2049737423658371;0.1421111673116684;96;4
C08;C08;Critico progressivo: Distracao urbana multietapas;Critico;Critico;0.4570175439119339;0.4570175439119339;R2_STABLE_RISK;28;77;50;1;52;24;0;0.05000000819563866;0.31439200043678284;0.12647022306919098;96;4
C07;C07;Critico progressivo: Sem cinto sob chuva;Critico;Critico;0.48516552746295927;0.48516552746295927;R2_STABLE_RISK;37;75;39;1;58;21;1;0.26735085248947144;0.387401819229126;0.18943548202514648;96;4
N03;N03;Normal: Noite estável;Normal;Normal;0.050000007078051564;0.050000007078051564;R2_STABLE_RISK;-1;-1;0;0;-1;-1;0;0.05000000819563866;0.03071236051619053;0.11191802471876144;96;4
C10;C10;Critico progressivo: Grooming em rodovia com fadiga;Critico;Critico;0.39579904526472093;0.39579904526472093;R2_STABLE_RISK;40;81;42;1;63;23;0;0.05000000819563866;0.1947362869977951;0.13368669152259827;96;4
C01;C01;Critico: Celular em alta velocidade;Critico;Critico;0.5251334100961684;0.5251334100961684;R1_NORMAL;32;44;13;0;34;2;1;0.218905970454216;0.1560545116662979;0.19685888290405273;96;4
C09;C09;Critico progressivo: Bebida ao volante;Critico;Critico;0.47839872837066644;0.47839872837066644;R2_STABLE_RISK;38;73;36;1;58;20;1;0.253145694732666;0.2511719763278961;0.18424880504608154;96;4
C02;C02;Critico: Fadiga com desvio cinematico;Critico;Critico;0.39378328174352645;0.39378328174352645;R2_STABLE_RISK;29;50;22;0;32;3;0;0.05000000819563866;0.10244634002447128;0.11255902796983719;96;4
C05;C05;Critico progressivo: Celular em rodovia;Critico;Critico;0.3713882252573967;0.3713882252573967;R2_STABLE_RISK;42;73;32;1;59;17;0;0.05000000819563866;0.31993475556373596;0.11828403919935226;96;4
C04;C04;Critico: Multiplas distracoes urbanas;Critico;Critico;0.5719467371702194;0.5719467371702194;R1_NORMAL;22;45;24;0;24;2;1;0.23511101305484772;0.2056797593832016;0.1867341548204422;96;4
C01;C01;Critico: Celular em alta velocidade;Critico;Critico;0.29102678298950196;0.29102678298950196;R1_NORMAL;32;44;13;0;34;2;0;0.05000000819563866;0.15710677206516266;0.10249199718236923;96;4
C09;C09;Critico progressivo: Bebida ao volante;Critico;Critico;0.4035210445523262;0.4035210445523262;R1_NORMAL;38;73;36;1;57;19;0;0.05000000819563866;0.25506722927093506;0.16112709045410156;96;4
C03;C03;Critico: Celular sem cinto sob chuva;Critico;Critico;0.6025552183389664;0.6025552183389664;R1_NORMAL;26;41;16;0;28;2;1;0.17564399540424347;0.19275708496570587;0.17360670864582062;96;4
C05;C05;Critico progressivo: Celular em rodovia;Critico;Critico;0.38926618844270705;0.38926618844270705;R2_STABLE_RISK;42;73;32;1;58;16;0;0.05000000819563866;0.31747791171073914;0.12013348191976547;96;4
C01;C01;Critico: Celular em alta velocidade;Critico;Critico;0.29102678298950196;0.29102678298950196;R1_NORMAL;32;44;13;0;34;2;0;0.05000000819563866;0.15676318109035492;0.11086058616638184;96;4
C06;C06;Critico progressivo: Fadiga noturna;Critico;Critico;0.4902090311050415;0.4902090311050415;R2_STABLE_RISK;36;81;46;1;59;23;1;0.3395557701587677;0.15094958245754242;0.1601758748292923;96;4
C06;C06;Critico progressivo: Fadiga noturna;Critico;Critico;0.3919466570019722;0.3919466570019722;R3_FALSE_KIN;36;81;46;1;64;28;0;0.05000000819563866;0.16077636182308197;0.11847347021102905;96;4
C01;C01;Critico: Celular em alta velocidade;Critico;Critico;0.29102678298950196;0.29102678298950196;R1_NORMAL;32;44;13;0;34;2;0;0.05000000819563866;0.155941903591156;0.10595228523015976;96;4
C07;C07;Critico progressivo: Sem cinto sob chuva;Critico;Critico;0.40886117368936536;0.40886117368936536;R2_STABLE_RISK;37;75;39;1;56;19;0;0.05000000819563866;0.378661185503006;0.14424198865890503;96;4
C09;C09;Critico progressivo: Bebida ao volante;Critico;Critico;0.4732972115278244;0.4732972115278244;R1_NORMAL;38;73;36;1;58;20;1;0.31714916229248047;0.2530646026134491;0.14693106710910797;96;4
C07;C07;Critico progressivo: Sem cinto sob chuva;Critico;Critico;0.4807498067617416;0.4807498067617416;R3_FALSE_KIN;37;75;39;1;61;24;1;0.3117663562297821;0.3796418607234955;0.17478947341442108;96;4
C02;C02;Critico: Fadiga com desvio cinematico;Critico;Critico;0.593972846865654;0.593972846865654;R1_NORMAL;29;50;22;0;32;3;1;0.24287576973438263;0.09563946723937988;0.20180493593215942;96;4
C10;C10;Critico progressivo: Grooming em rodovia com fadiga;Critico;Critico;0.38606319874525064;0.38606319874525064;R1_NORMAL;40;81;42;1;58;18;0;0.05000000819563866;0.20897434651851654;0.11850462108850479;96;4
C05;C05;Critico progressivo: Celular em rodovia;Critico;Critico;0.3699410483241081;0.3699410483241081;R3_FALSE_KIN;42;73;32;1;58;16;0;0.05000000819563866;0.3101036846637726;0.14632661640644073;96;4
C03;C03;Critico: Celular sem cinto sob chuva;Critico;Critico;0.3752959698438644;0.3752959698438644;R1_NORMAL;26;41;16;0;28;2;0;0.05000000819563866;0.183205246925354;0.1321740746498108;96;4
C04;C04;Critico: Multiplas distracoes urbanas;Critico;Critico;0.3713889718055725;0.3713889718055725;R2_STABLE_RISK;22;45;24;0;24;2;0;0.05000000819563866;0.2064359188079834;0.14835704863071442;96;4
N02;N02;Normal: Urbano moderado;Normal;Normal;0.050000007078051564;0.050000007078051564;R1_NORMAL;-1;-1;0;0;-1;-1;0;0.05000000819563866;0.037061963230371475;0.12158630043268204;96;4
N01;N01;Normal: Viagem tranquila em rodovia;Normal;Normal;0.050000007078051564;0.050000007078051564;R2_STABLE_RISK;-1;-1;0;0;-1;-1;0;0.05000000819563866;0.029613064602017403;0.09066107124090195;96;4
C06;C06;Critico progressivo: Fadiga noturna;Critico;Critico;0.45493307113647463;0.45493307113647463;R1_NORMAL;36;81;46;1;62;26;1;0.3523097038269043;0.1542273610830307;0.12668834626674652;96;4
N03;N03;Normal: Noite estável;Normal;Normal;0.050000007078051564;0.050000007078051564;R1_NORMAL;-1;-1;0;0;-1;-1;0;0.05000000819563866;0.04328727722167969;0.10616698116064072;96;4
C04;C04;Critico: Multiplas distracoes urbanas;Critico;Critico;0.5787369549274444;0.5787369549274444;R1_NORMAL;22;45;24;0;24;2;1;0.2695026099681854;0.20164190232753754;0.17588861286640167;96;4
C10;C10;Critico progressivo: Grooming em rodovia com fadiga;Critico;Critico;0.4668234586715698;0.4668234586715698;R3_FALSE_KIN;40;81;42;1;63;23;1;0.33781591057777405;0.1994747668504715;0.0921831950545311;96;4
C09;C09;Critico progressivo: Bebida ao volante;Critico;Critico;0.4128770962357521;0.4128770962357521;R2_STABLE_RISK;38;73;36;1;58;20;0;0.05000000819563866;0.2534140348434448;0.15987412631511688;96;4
C08;C08;Critico progressivo: Distracao urbana multietapas;Critico;Critico;0.5207500040531158;0.5207500040531158;R2_STABLE_RISK;28;77;50;1;57;29;1;0.29839131236076355;0.31235066056251526;0.17515134811401367;96;4
C01;C01;Critico: Celular em alta velocidade;Critico;Critico;0.29102678298950196;0.29102678298950196;R1_NORMAL;32;44;13;0;34;2;0;0.05000000819563866;0.14855526387691498;0.10064273327589035;96;4
C09;C09;Critico progressivo: Bebida ao volante;Critico;Critico;0.3775995567440986;0.3775995567440986;R2_STABLE_RISK;38;73;36;1;58;20;0;0.05000000819563866;0.24356383085250854;0.14058290421962738;96;4
C01;C01;Critico: Celular em alta velocidade;Critico;Critico;0.29102678298950196;0.29102678298950196;R2_STABLE_RISK;32;44;13;0;34;2;0;0.05000000819563866;0.15577645599842072;0.10453485697507858;96;4
C05;C05;Critico progressivo: Celular em rodovia;Critico;Critico;0.3719542816281318;0.3719542816281318;R1_NORMAL;42;73;32;1;61;19;0;0.05000000819563866;0.3139183521270752;0.1256282776594162;96;4
C05;C05;Critico progressivo: Celular em rodovia;Critico;Critico;0.38114532083272934;0.38114532083272934;R1_NORMAL;42;73;32;1;60;18;0;0.05000000819563866;0.31360965967178345;0.11760308593511581;96;4
C09;C09;Critico progressivo: Bebida ao volante;Critico;Critico;0.4001309037208557;0.4001309037208557;R1_NORMAL;38;73;36;1;58;20;0;0.05000000819563866;0.2571119964122772;0.18533273041248322;96;4
N03;N03;Normal: Noite estável;Normal;Normal;0.050000007078051564;0.050000007078051564;R2_STABLE_RISK;-1;-1;0;0;-1;-1;0;0.05000000819563866;0.02860940806567669;0.10385183244943619;96;4
C05;C05;Critico progressivo: Celular em rodovia;Critico;Critico;0.4597582668066024;0.4597582668066024;R2_STABLE_RISK;42;73;32;1;61;19;1;0.2351112961769104;0.3180319368839264;0.1302507072687149;96;4
N01;N01;Normal: Viagem tranquila em rodovia;Normal;Normal;0.050000007078051564;0.050000007078051564;R2_STABLE_RISK;-1;-1;0;0;-1;-1;0;0.05000000819563866;0.032284606248140335;0.1315128356218338;96;4
C01;C01;Critico: Celular em alta velocidade;Critico;Critico;0.29102678298950196;0.29102678298950196;R2_STABLE_RISK;32;44;13;0;34;2;0;0.05000000819563866;0.1506470888853073;0.15196101367473602;96;4
C09;C09;Critico progressivo: Bebida ao volante;Critico;Critico;0.4816946417093277;0.4816946417093277;R3_FALSE_KIN;38;73;36;1;59;21;1;0.27342116832733154;0.2544086277484894;0.1538798213005066;96;4
C04;C04;Critico: Multiplas distracoes urbanas;Critico;Critico;0.5792195886373519;0.5792195886373519;R3_FALSE_KIN;22;45;24;0;24;2;1;0.2708614468574524;0.20464031398296356;0.2410641759634018;96;4
N03;N03;Normal: Noite estável;Normal;Normal;0.050000007078051564;0.050000007078051564;R3_FALSE_KIN;-1;-1;0;0;-1;-1;0;0.05000000819563866;0.0255492702126503;0.10376916080713272;96;4
C04;C04;Critico: Multiplas distracoes urbanas;Critico;Critico;0.3713889718055725;0.3713889718055725;R1_NORMAL;22;45;24;0;24;2;0;0.05000000819563866;0.2047015279531479;0.18588213622570038;96;4
N01;N01;Normal: Viagem tranquila em rodovia;Normal;Normal;0.050000007078051564;0.050000007078051564;R1_NORMAL;-1;-1;0;0;-1;-1;0;0.05000000819563866;0.03738361597061157;0.1240481361746788;96;4
C06;C06;Critico progressivo: Fadiga noturna;Critico;Critico;0.5184151202440261;0.5184151202440261;R1_NORMAL;36;81;46;1;54;18;1;0.3308619558811188;0.15959134697914124;0.10295915603637695;96;4
C05;C05;Critico progressivo: Celular em rodovia;Critico;Critico;0.37152965813875194;0.37152965813875194;R1_NORMAL;42;73;32;1;58;16;0;0.05000000819563866;0.32425665855407715;0.15629053115844727;96;4
C03;C03;Critico: Celular sem cinto sob chuva;Critico;Critico;0.6171043664216995;0.6171043664216995;R2_STABLE_RISK;26;41;16;0;28;2;1;0.2436101883649826;0.18669553101062775;0.17095202207565308;96;4
C07;C07;Critico progressivo: Sem cinto sob chuva;Critico;Critico;0.3845711871981621;0.3845711871981621;R3_FALSE_KIN;37;75;39;1;58;21;0;0.05000000819563866;0.3757023811340332;0.14299646019935608;96;4
C04;C04;Critico: Multiplas distracoes urbanas;Critico;Critico;0.3713889718055725;0.3713889718055725;R2_STABLE_RISK;22;45;24;0;24;2;0;0.05000000819563866;0.19994361698627472;0.15237770974636078;96;4
C10;C10;Critico progressivo: Grooming em rodovia com fadiga;Critico;Critico;0.44153695106506347;0.44153695106506347;R2_STABLE_RISK;40;81;42;1;66;26;1;0.3614914119243622;0.20127229392528534;0.11924395710229874;96;4
N01;N01;Normal: Viagem tranquila em rodovia;Normal;Normal;0.050000007078051564;0.050000007078051564;R3_FALSE_KIN;-1;-1;0;0;-1;-1;0;0.05000000819563866;0.03193287551403046;0.11543536931276321;96;4
N02;N02;Normal: Urbano moderado;Normal;Normal;0.050000007078051564;0.050000007078051564;R2_STABLE_RISK;-1;-1;0;0;-1;-1;0;0.05000000819563866;0.03791291266679764;0.09071263670921326;96;4
C10;C10;Critico progressivo: Grooming em rodovia com fadiga;Critico;Critico;0.3827301427721977;0.3827301427721977;R2_STABLE_RISK;40;81;42;1;61;21;0;0.05000000819563866;0.1939680576324463;0.105508953332901;96;4
C10;C10;Critico progressivo: Grooming em rodovia com fadiga;Critico;Critico;0.4157516837120056;0.4157516837120056;R2_STABLE_RISK;40;81;42;1;60;20;0;0.05000000819563866;0.2016456127166748;0.1402309089899063;96;4
C01;C01;Critico: Celular em alta velocidade;Critico;Critico;0.5318230181932448;0.5318230181932448;R1_NORMAL;32;44;13;0;34;2;1;0.2748138904571533;0.15552066266536713;0.17862556874752045;96;4
C09;C09;Critico progressivo: Bebida ao volante;Critico;Critico;0.37053806632757186;0.37053806632757186;R2_STABLE_RISK;38;73;36;1;57;19;0;0.05000000819563866;0.2511886656284332;0.12444501370191574;96;4
N01;N01;Normal: Viagem tranquila em rodovia;Normal;Normal;0.050000007078051564;0.050000007078051564;R3_FALSE_KIN;-1;-1;0;0;-1;-1;0;0.05000000819563866;0.036876291036605835;0.12010981887578964;96;4
C02;C02;Critico: Fadiga com desvio cinematico;Critico;Critico;0.6049434900283813;0.6049434900283813;R1_NORMAL;29;50;22;0;32;3;1;0.26485195755958557;0.11156453937292099;0.13831262290477753;96;4
C10;C10;Critico progressivo: Grooming em rodovia com fadiga;Critico;Critico;0.3762573957443237;0.3762573957443237;R1_NORMAL;40;81;42;1;63;23;0;0.05000000819563866;0.202816441655159;0.11238933354616165;96;4
C09;C09;Critico progressivo: Bebida ao volante;Critico;Critico;0.4107332542538643;0.4107332542538643;R1_NORMAL;38;73;36;1;59;21;0;0.05000000819563866;0.2546132206916809;0.17278487980365753;96;4
N03;N03;Normal: Noite estável;Normal;Normal;0.050000007078051564;0.050000007078051564;R3_FALSE_KIN;-1;-1;0;0;-1;-1;0;0.05000000819563866;0.03059469722211361;0.0624513141810894;96;4
C10;C10;Critico progressivo: Grooming em rodovia com fadiga;Critico;Critico;0.4163750290870666;0.4163750290870666;R3_FALSE_KIN;40;81;42;1;66;26;0;0.05000000819563866;0.18964548408985138;0.10283874720335007;96;4
C04;C04;Critico: Multiplas distracoes urbanas;Critico;Critico;0.5600657135248184;0.5600657135248184;R1_NORMAL;22;45;24;0;24;2;1;0.18311510980129242;0.20071150362491608;0.17418278753757477;96;4
C03;C03;Critico: Celular sem cinto sob chuva;Critico;Critico;0.3752959698438644;0.3752959698438644;R1_NORMAL;26;41;16;0;28;2;0;0.05000000819563866;0.1872064620256424;0.13710454106330872;96;4
C08;C08;Critico progressivo: Distracao urbana multietapas;Critico;Critico;0.463644003868103;0.463644003868103;R1_NORMAL;28;77;50;1;53;25;0;0.05000000819563866;0.3171238899230957;0.19083799421787262;96;4
C06;C06;Critico progressivo: Fadiga noturna;Critico;Critico;0.4503252446651459;0.4503252446651459;R1_NORMAL;36;81;46;1;65;29;1;0.2957267761230469;0.16376902163028717;0.15506090223789215;96;4
C08;C08;Critico progressivo: Distracao urbana multietapas;Critico;Critico;0.4448398411273956;0.4448398411273956;R2_STABLE_RISK;28;77;50;1;56;28;0;0.05000000819563866;0.31497594714164734;0.13150900602340698;96;4
C07;C07;Critico progressivo: Sem cinto sob chuva;Critico;Critico;0.4914135068655014;0.4914135068655014;R3_FALSE_KIN;37;75;39;1;59;22;1;0.31209596991539;0.3726724684238434;0.14255905151367188;96;4
C08;C08;Critico progressivo: Distracao urbana multietapas;Critico;Critico;0.4730595678091049;0.4730595678091049;R2_STABLE_RISK;28;77;50;1;50;22;0;0.05000000819563866;0.32273808121681213;0.14275288581848145;96;4
C03;C03;Critico: Celular sem cinto sob chuva;Critico;Critico;0.6171607732772827;0.6171607732772827;R1_NORMAL;26;41;16;0;28;2;1;0.27553775906562805;0.18974335491657257;0.17308811843395233;96;4
C03;C03;Critico: Celular sem cinto sob chuva;Critico;Critico;0.3752959698438644;0.3752959698438644;R2_STABLE_RISK;26;41;16;0;28;2;0;0.05000000819563866;0.18781232833862305;0.09827502816915512;96;4
C01;C01;Critico: Celular em alta velocidade;Critico;Critico;0.5180594742298126;0.5180594742298126;R3_FALSE_KIN;32;44;13;0;34;2;1;0.21660976111888885;0.15650354325771332;0.20386731624603271;96;4
N01;N01;Normal: Viagem tranquila em rodovia;Normal;Normal;0.050000007078051564;0.050000007078051564;R1_NORMAL;-1;-1;0;0;-1;-1;0;0.05000000819563866;0.024394094944000244;0.1306115835905075;96;4
C05;C05;Critico progressivo: Celular em rodovia;Critico;Critico;0.39035831242799757;0.39035831242799757;R3_FALSE_KIN;42;73;32;1;62;20;0;0.05000000819563866;0.3120632767677307;0.12127197533845901;96;4
C04;C04;Critico: Multiplas distracoes urbanas;Critico;Critico;0.3713889718055725;0.3713889718055725;R2_STABLE_RISK;22;45;24;0;24;2;0;0.05000000819563866;0.20686376094818115;0.09935476630926132;96;4
C07;C07;Critico progressivo: Sem cinto sob chuva;Critico;Critico;0.43161362558603283;0.43161362558603283;R1_NORMAL;37;75;39;1;56;19;0;0.05000000819563866;0.38478073477745056;0.10844757407903671;96;4
C01;C01;Critico: Celular em alta velocidade;Critico;Critico;0.29102678298950196;0.29102678298950196;R3_FALSE_KIN;32;44;13;0;34;2;0;0.05000000819563866;0.15127551555633545;0.09208852797746658;96;4
C05;C05;Critico progressivo: Celular em rodovia;Critico;Critico;0.3779580160975456;0.3779580160975456;R2_STABLE_RISK;42;73;32;1;58;16;0;0.05000000819563866;0.3152271807193756;0.1039954200387001;96;4
C09;C09;Critico progressivo: Bebida ao volante;Critico;Critico;0.4830053061246872;0.4830053061246872;R3_FALSE_KIN;38;73;36;1;53;15;1;0.23640559613704681;0.2540900409221649;0.13332858681678772;96;4
N03;N03;Normal: Noite estável;Normal;Normal;0.050000007078051564;0.050000007078051564;R1_NORMAL;-1;-1;0;0;-1;-1;0;0.05000000819563866;0.030845588073134422;0.12269385904073715;96;4
C09;C09;Critico progressivo: Bebida ao volante;Critico;Critico;0.4665099263191223;0.4665099263191223;R1_NORMAL;38;73;36;1;58;20;1;0.280505895614624;0.25051411986351013;0.17957526445388794;96;4
C05;C05;Critico progressivo: Celular em rodovia;Critico;Critico;0.48149155676364896;0.48149155676364896;R1_NORMAL;42;73;32;1;60;18;1;0.3159206807613373;0.31742143630981445;0.1281892955303192;96;4
C09;C09;Critico progressivo: Bebida ao volante;Critico;Critico;0.4740936547517776;0.4740936547517776;R2_STABLE_RISK;38;73;36;1;59;21;1;0.3017851412296295;0.2536309063434601;0.12572337687015533;96;4
C02;C02;Critico: Fadiga com desvio cinematico;Critico;Critico;0.39378328174352645;0.39378328174352645;R3_FALSE_KIN;29;50;22;0;32;3;0;0.05000000819563866;0.09946300834417343;0.13279537856578827;96;4
C08;C08;Critico progressivo: Distracao urbana multietapas;Critico;Critico;0.42214566916227336;0.42214566916227336;R1_NORMAL;28;77;50;1;55;27;0;0.05000000819563866;0.30583617091178894;0.1728835254907608;96;4
N02;N02;Normal: Urbano moderado;Normal;Normal;0.050000007078051564;0.050000007078051564;R2_STABLE_RISK;-1;-1;0;0;-1;-1;0;0.05000000819563866;0.03835185989737511;0.09780231863260269;96;4
C03;C03;Critico: Celular sem cinto sob chuva;Critico;Critico;0.6123669892549515;0.6123669892549515;R1_NORMAL;26;41;16;0;28;2;1;0.22031472623348236;0.19026599824428558;0.1592070758342743;96;4
C03;C03;Critico: Celular sem cinto sob chuva;Critico;Critico;0.3752959698438644;0.3752959698438644;R3_FALSE_KIN;26;41;16;0;28;2;0;0.05000000819563866;0.18801836669445038;0.1471243053674698;96;4
C07;C07;Critico progressivo: Sem cinto sob chuva;Critico;Critico;0.38676920533180237;0.38676920533180237;R2_STABLE_RISK;37;75;39;1;60;23;0;0.05000000819563866;0.3790532648563385;0.11359819024801254;96;4
C04;C04;Critico: Multiplas distracoes urbanas;Critico;Critico;0.3713889718055725;0.3713889718055725;R1_NORMAL;22;45;24;0;24;2;0;0.05000000819563866;0.20402920246124268;0.15001873672008514;96;4
C03;C03;Critico: Celular sem cinto sob chuva;Critico;Critico;0.3752959698438644;0.3752959698438644;R2_STABLE_RISK;26;41;16;0;28;2;0;0.05000000819563866;0.18571501970291138;0.13633179664611816;96;4
C01;C01;Critico: Celular em alta velocidade;Critico;Critico;0.29102678298950196;0.29102678298950196;R1_NORMAL;32;44;13;0;34;2;0;0.05000000819563866;0.14926977455615997;0.09937313944101334;96;4
C06;C06;Critico progressivo: Fadiga noturna;Critico;Critico;0.45661153197288507;0.45661153197288507;R1_NORMAL;36;81;46;1;61;25;0;0.05000000819563866;0.15940959751605988;0.12472039461135864;96;4
N01;N01;Normal: Viagem tranquila em rodovia;Normal;Normal;0.050000007078051564;0.050000007078051564;R2_STABLE_RISK;-1;-1;0;0;-1;-1;0;0.05000000819563866;0.03409257531166077;0.10713248699903488;96;4
C04;C04;Critico: Multiplas distracoes urbanas;Critico;Critico;0.3713889718055725;0.3713889718055725;R2_STABLE_RISK;22;45;24;0;24;2;0;0.05000000819563866;0.20124036073684692;0.12236066907644272;96;4
C10;C10;Critico progressivo: Grooming em rodovia com fadiga;Critico;Critico;0.4871800303459167;0.4871800303459167;R2_STABLE_RISK;40;81;42;1;60;20;1;0.32478269934654236;0.20432746410369873;0.179775670170784;96;4
N01;N01;Normal: Viagem tranquila em rodovia;Normal;Normal;0.050000007078051564;0.050000007078051564;R3_FALSE_KIN;-1;-1;0;0;-1;-1;0;0.05000000819563866;0.03393816202878952;0.11711727827787399;96;4
C09;C09;Critico progressivo: Bebida ao volante;Critico;Critico;0.46763323843479154;0.46763323843479154;R1_NORMAL;38;73;36;1;55;17;1;0.2590274512767792;0.2594544589519501;0.13263118267059326;96;4
N03;N03;Normal: Noite estável;Normal;Normal;0.050000007078051564;0.050000007078051564;R2_STABLE_RISK;-1;-1;0;0;-1;-1;0;0.05000000819563866;0.03016728162765503;0.10776665061712265;96;4
N02;N02;Normal: Urbano moderado;Normal;Normal;0.050000007078051564;0.050000007078051564;R1_NORMAL;-1;-1;0;0;-1;-1;0;0.05000000819563866;0.026613695546984673;0.09116651862859726;96;4
C05;C05;Critico progressivo: Celular em rodovia;Critico;Critico;0.36521513909101483;0.36521513909101483;R1_NORMAL;42;73;32;1;61;19;0;0.05000000819563866;0.3156924247741699;0.17285557091236115;96;4
C03;C03;Critico: Celular sem cinto sob chuva;Critico;Critico;0.3752959698438644;0.3752959698438644;R1_NORMAL;26;41;16;0;28;2;0;0.05000000819563866;0.18459177017211914;0.16143423318862915;96;4
N02;N02;Normal: Urbano moderado;Normal;Normal;0.050000007078051564;0.050000007078051564;R2_STABLE_RISK;-1;-1;0;0;-1;-1;0;0.05000000819563866;0.03209241107106209;0.06617750227451324;96;4
C05;C05;Critico progressivo: Celular em rodovia;Critico;Critico;0.4006010517477989;0.4006010517477989;R1_NORMAL;42;73;32;1;60;18;0;0.05000000819563866;0.3152617812156677;0.1314019411802292;96;4
C08;C08;Critico progressivo: Distracao urbana multietapas;Critico;Critico;0.423900331556797;0.423900331556797;R2_STABLE_RISK;28;77;50;1;52;24;0;0.05000000819563866;0.3163307011127472;0.13352039456367493;96;4
C07;C07;Critico progressivo: Sem cinto sob chuva;Critico;Critico;0.40553815513849256;0.40553815513849256;R2_STABLE_RISK;37;75;39;1;53;16;0;0.05000000819563866;0.3786897659301758;0.12811078131198883;96;4
C08;C08;Critico progressivo: Distracao urbana multietapas;Critico;Critico;0.41825349926948546;0.41825349926948546;R3_FALSE_KIN;28;77;50;1;54;26;0;0.05000000819563866;0.3244171440601349;0.12572936713695526;96;4
C05;C05;Critico progressivo: Celular em rodovia;Critico;Critico;0.41128283292055134;0.41128283292055134;R2_STABLE_RISK;42;73;32;1;58;16;0;0.05000000819563866;0.3219510316848755;0.13326966762542725;96;4
C07;C07;Critico progressivo: Sem cinto sob chuva;Critico;Critico;0.4220475375652313;0.4220475375652313;R2_STABLE_RISK;37;75;39;1;57;20;0;0.05000000819563866;0.37761521339416504;0.12612371146678925;96;4
N03;N03;Normal: Noite estável;Normal;Normal;0.050000007078051564;0.050000007078051564;R2_STABLE_RISK;-1;-1;0;0;-1;-1;0;0.05000000819563866;0.034987352788448334;0.0677083358168602;96;4
N03;N03;Normal: Noite estável;Normal;Normal;0.050000007078051564;0.050000007078051564;R2_STABLE_RISK;-1;-1;0;0;-1;-1;0;0.05000000819563866;0.03262876346707344;0.13699986040592194;96;4
C10;C10;Critico progressivo: Grooming em rodovia com fadiga;Critico;Critico;0.4156533300876617;0.4156533300876617;R1_NORMAL;40;81;42;1;62;22;0;0.05000000819563866;0.1995662897825241;0.12170291692018509;96;4
N01;N01;Normal: Viagem tranquila em rodovia;Normal;Normal;0.050000007078051564;0.050000007078051564;R2_STABLE_RISK;-1;-1;0;0;-1;-1;0;0.05000000819563866;0.03244553133845329;0.09431347995996475;96;4
C02;C02;Critico: Fadiga com desvio cinematico;Critico;Critico;0.39378328174352645;0.39378328174352645;R1_NORMAL;29;50;22;0;32;3;0;0.05000000819563866;0.0962618812918663;0.1089005097746849;96;4
C04;C04;Critico: Multiplas distracoes urbanas;Critico;Critico;0.3713889718055725;0.3713889718055725;R1_NORMAL;22;45;24;0;24;2;0;0.05000000819563866;0.19907188415527344;0.14354754984378815;96;4
C08;C08;Critico progressivo: Distracao urbana multietapas;Critico;Critico;0.49139318764209744;0.49139318764209744;R1_NORMAL;28;77;50;1;51;23;1;0.25739404559135437;0.31780603528022766;0.1837083101272583;96;4
C08;C08;Critico progressivo: Distracao urbana multietapas;Critico;Critico;0.43342204242944715;0.43342204242944715;R2_STABLE_RISK;28;77;50;1;54;26;0;0.05000000819563866;0.3182118237018585;0.14811541140079498;96;4
N02;N02;Normal: Urbano moderado;Normal;Normal;0.050000007078051564;0.050000007078051564;R3_FALSE_KIN;-1;-1;0;0;-1;-1;0;0.05000000819563866;0.031220993027091026;0.12082850933074951;96;4
N02;N02;Normal: Urbano moderado;Normal;Normal;0.050000007078051564;0.050000007078051564;R1_NORMAL;-1;-1;0;0;-1;-1;0;0.05000000819563866;0.033252615481615067;0.07333125919103622;96;4
C09;C09;Critico progressivo: Bebida ao volante;Critico;Critico;0.3875230550765991;0.3875230550765991;R2_STABLE_RISK;38;73;36;1;54;16;0;0.05000000819563866;0.2475920468568802;0.13239192962646484;96;4
C02;C02;Critico: Fadiga com desvio cinematico;Critico;Critico;0.39378328174352645;0.39378328174352645;R2_STABLE_RISK;29;50;22;0;32;3;0;0.05000000819563866;0.09562494605779648;0.11696293950080872;96;4
C06;C06;Critico progressivo: Fadiga noturna;Critico;Critico;0.5194175571203231;0.5194175571203231;R1_NORMAL;36;81;46;1;56;20;1;0.3316260278224945;0.1703379899263382;0.11504318565130234;96;4
C02;C02;Critico: Fadiga com desvio cinematico;Critico;Critico;0.39378328174352645;0.39378328174352645;R2_STABLE_RISK;29;50;22;0;32;3;0;0.05000000819563866;0.09580433368682861;0.09809283167123795;96;4
C07;C07;Critico progressivo: Sem cinto sob chuva;Critico;Critico;0.4241064980626106;0.4241064980626106;R2_STABLE_RISK;37;75;39;1;58;21;0;0.05000000819563866;0.3725781738758087;0.1425088495016098;96;4
N02;N02;Normal: Urbano moderado;Normal;Normal;0.050000007078051564;0.050000007078051564;R1_NORMAL;-1;-1;0;0;-1;-1;0;0.05000000819563866;0.03563695400953293;0.0653555765748024;96;4
C10;C10;Critico progressivo: Grooming em rodovia com fadiga;Critico;Critico;0.41649487763643267;0.41649487763643267;R3_FALSE_KIN;40;81;42;1;64;24;0;0.05000000819563866;0.21002447605133057;0.1252310425043106;96;4
N02;N02;Normal: Urbano moderado;Normal;Normal;0.050000007078051564;0.050000007078051564;R1_NORMAL;-1;-1;0;0;-1;-1;0;0.05000000819563866;0.03767109662294388;0.1055360957980156;96;4
N02;N02;Normal: Urbano moderado;Normal;Normal;0.050000007078051564;0.050000007078051564;R1_NORMAL;-1;-1;0;0;-1;-1;0;0.05000000819563866;0.02617991901934147;0.11894457787275314;96;4
C04;C04;Critico: Multiplas distracoes urbanas;Critico;Critico;0.3713889718055725;0.3713889718055725;R2_STABLE_RISK;22;45;24;0;24;2;0;0.05000000819563866;0.209303617477417;0.14208285510540009;96;4
C07;C07;Critico progressivo: Sem cinto sob chuva;Critico;Critico;0.3960931360721588;0.3960931360721588;R2_STABLE_RISK;37;75;39;1;57;20;0;0.05000000819563866;0.3720003664493561;0.11648595333099365;96;4
C04;C04;Critico: Multiplas distracoes urbanas;Critico;Critico;0.3713889718055725;0.3713889718055725;R1_NORMAL;22;45;24;0;24;2;0;0.05000000819563866;0.20390130579471588;0.11553213745355606;96;4
C04;C04;Critico: Multiplas distracoes urbanas;Critico;Critico;0.5777365654706954;0.5777365654706954;R2_STABLE_RISK;22;45;24;0;24;2;1;0.26357147097587585;0.20183448493480682;0.1717715859413147;96;4
C01;C01;Critico: Celular em alta velocidade;Critico;Critico;0.5236001282930374;0.5236001282930374;R2_STABLE_RISK;32;44;13;0;34;2;1;0.2100105732679367;0.15285806357860565;0.20972757041454315;96;4
C10;C10;Critico progressivo: Grooming em rodovia com fadiga;Critico;Critico;0.4180601134896278;0.4180601134896278;R3_FALSE_KIN;40;81;42;1;64;24;0;0.05000000819563866;0.19700710475444794;0.12815000116825104;96;4
C01;C01;Critico: Celular em alta velocidade;Critico;Critico;0.5251962214708328;0.5251962214708328;R3_FALSE_KIN;32;44;13;0;34;2;1;0.2190505862236023;0.15724962949752808;0.19446706771850586;96;4
C06;C06;Critico progressivo: Fadiga noturna;Critico;Critico;0.42499440312385556;0.42499440312385556;R2_STABLE_RISK;36;81;46;1;60;24;0;0.05000000819563866;0.15834347903728485;0.10316005349159241;96;4
C04;C04;Critico: Multiplas distracoes urbanas;Critico;Critico;0.558271449804306;0.558271449804306;R3_FALSE_KIN;22;45;24;0;24;2;1;0.18055172264575958;0.19951069355010986;0.17268109321594238;96;4
C08;C08;Critico progressivo: Distracao urbana multietapas;Critico;Critico;0.4636007517576217;0.4636007517576217;R1_NORMAL;28;77;50;1;54;26;0;0.05000000819563866;0.31764987111091614;0.11341661959886551;96;4
C03;C03;Critico: Celular sem cinto sob chuva;Critico;Critico;0.3752959698438644;0.3752959698438644;R1_NORMAL;26;41;16;0;28;2;0;0.05000000819563866;0.18951483070850372;0.14236657321453094;96;4
C03;C03;Critico: Celular sem cinto sob chuva;Critico;Critico;0.3752959698438644;0.3752959698438644;R3_FALSE_KIN;26;41;16;0;28;2;0;0.05000000819563866;0.182735875248909;0.12763498723506927;96;4
C08;C08;Critico progressivo: Distracao urbana multietapas;Critico;Critico;0.46511357128620145;0.46511357128620145;R3_FALSE_KIN;28;77;50;1;52;24;0;0.05000000819563866;0.31940051913261414;0.14978498220443726;96;4
C07;C07;Critico progressivo: Sem cinto sob chuva;Critico;Critico;0.4102348789572715;0.4102348789572715;R2_STABLE_RISK;37;75;39;1;57;20;0;0.05000000819563866;0.3811691701412201;0.12405863404273987;96;4
C07;C07;Critico progressivo: Sem cinto sob chuva;Critico;Critico;0.4376319885253906;0.4376319885253906;R2_STABLE_RISK;37;75;39;1;55;18;0;0.05000000819563866;0.3820767402648926;0.1596425324678421;96;4
N03;N03;Normal: Noite estável;Normal;Normal;0.050000007078051564;0.050000007078051564;R1_NORMAL;-1;-1;0;0;-1;-1;0;0.05000000819563866;0.027301818132400513;0.09464055299758911;96;4
C01;C01;Critico: Celular em alta velocidade;Critico;Critico;0.29102678298950196;0.29102678298950196;R2_STABLE_RISK;32;44;13;0;34;2;0;0.05000000819563866;0.15087035298347473;0.11394498497247696;96;4
C09;C09;Critico progressivo: Bebida ao volante;Critico;Critico;0.4045695707201957;0.4045695707201957;R3_FALSE_KIN;38;73;36;1;60;22;0;0.05000000819563866;0.248356893658638;0.13909263908863068;96;4
C03;C03;Critico: Celular sem cinto sob chuva;Critico;Critico;0.3752959698438644;0.3752959698438644;R1_NORMAL;26;41;16;0;28;2;0;0.05000000819563866;0.18330354988574982;0.15809576213359833;96;4
C02;C02;Critico: Fadiga com desvio cinematico;Critico;Critico;0.39378328174352645;0.39378328174352645;R1_NORMAL;29;50;22;0;32;3;0;0.05000000819563866;0.0955311730504036;0.10838545113801956;96;4
C03;C03;Critico: Celular sem cinto sob chuva;Critico;Critico;0.6226092606782914;0.6226092606782914;R1_NORMAL;26;41;16;0;28;2;1;0.2587602436542511;0.18458469212055206;0.1682981252670288;96;4
C09;C09;Critico progressivo: Bebida ao volante;Critico;Critico;0.4070714399218559;0.4070714399218559;R3_FALSE_KIN;38;73;36;1;58;20;0;0.05000000819563866;0.2531324625015259;0.11594384908676147;96;4
C05;C05;Critico progressivo: Celular em rodovia;Critico;Critico;0.46187703907489774;0.46187703907489774;R1_NORMAL;42;73;32;1;56;14;1;0.3133546710014343;0.3201504051685333;0.1503104716539383;96;4
C09;C09;Critico progressivo: Bebida ao volante;Critico;Critico;0.39725922197103497;0.39725922197103497;R1_NORMAL;38;73;36;1;59;21;0;0.05000000819563866;0.25219425559043884;0.11601724475622177;96;4
C10;C10;Critico progressivo: Grooming em rodovia com fadiga;Critico;Critico;0.4193117156624794;0.4193117156624794;R2_STABLE_RISK;40;81;42;1;62;22;0;0.05000000819563866;0.19522856175899506;0.10750814527273178;96;4
C06;C06;Critico progressivo: Fadiga noturna;Critico;Critico;0.43209735006093974;0.43209735006093974;R1_NORMAL;36;81;46;1;63;27;0;0.05000000819563866;0.15936961770057678;0.14435850083827972;96;4
C10;C10;Critico progressivo: Grooming em rodovia com fadiga;Critico;Critico;0.43800102621316905;0.43800102621316905;R2_STABLE_RISK;40;81;42;1;64;24;0;0.05000000819563866;0.2023419290781021;0.08444920927286148;96;4
N02;N02;Normal: Urbano moderado;Normal;Normal;0.050000007078051564;0.050000007078051564;R1_NORMAL;-1;-1;0;0;-1;-1;0;0.05000000819563866;0.03554916009306908;0.10280227661132812;96;4
C07;C07;Critico progressivo: Sem cinto sob chuva;Critico;Critico;0.42684185653924944;0.42684185653924944;R1_NORMAL;37;75;39;1;54;17;0;0.05000000819563866;0.382589727640152;0.15834607183933258;96;4
C03;C03;Critico: Celular sem cinto sob chuva;Critico;Critico;0.606993368268013;0.606993368268013;R3_FALSE_KIN;26;41;16;0;28;2;1;0.265909343957901;0.1869380921125412;0.1931043118238449;96;4
C09;C09;Critico progressivo: Bebida ao volante;Critico;Critico;0.38178759962320324;0.38178759962320324;R2_STABLE_RISK;38;73;36;1;60;22;0;0.05000000819563866;0.2518605589866638;0.12387504428625107;96;4
C07;C07;Critico progressivo: Sem cinto sob chuva;Critico;Critico;0.4745832353830337;0.4745832353830337;R2_STABLE_RISK;37;75;39;1;57;20;1;0.2627243995666504;0.37883591651916504;0.12329933792352676;96;4
C07;C07;Critico progressivo: Sem cinto sob chuva;Critico;Critico;0.477771246433258;0.477771246433258;R1_NORMAL;37;75;39;1;60;23;1;0.28170111775398254;0.3845832347869873;0.14397697150707245;96;4
N03;N03;Normal: Noite estável;Normal;Normal;0.050000007078051564;0.050000007078051564;R1_NORMAL;-1;-1;0;0;-1;-1;0;0.05000000819563866;0.03103055991232395;0.10793789476156235;96;4
N01;N01;Normal: Viagem tranquila em rodovia;Normal;Normal;0.050000007078051564;0.050000007078051564;R3_FALSE_KIN;-1;-1;0;0;-1;-1;0;0.05000000819563866;0.030002912506461143;0.10946925729513168;96;4
C05;C05;Critico progressivo: Celular em rodovia;Critico;Critico;0.39409406781196593;0.39409406781196593;R3_FALSE_KIN;42;73;32;1;58;16;0;0.05000000819563866;0.31301847100257874;0.1225227490067482;96;4
C05;C05;Critico progressivo: Celular em rodovia;Critico;Critico;0.4591676622629165;0.4591676622629165;R1_NORMAL;42;73;32;1;62;20;1;0.3068165183067322;0.31503215432167053;0.15238389372825623;96;4
C09;C09;Critico progressivo: Bebida ao volante;Critico;Critico;0.37208871692419054;0.37208871692419054;R1_NORMAL;38;73;36;1;59;21;0;0.05000000819563866;0.24894966185092926;0.1281471699476242;96;4
N02;N02;Normal: Urbano moderado;Normal;Normal;0.050000007078051564;0.050000007078051564;R3_FALSE_KIN;-1;-1;0;0;-1;-1;0;0.05000000819563866;0.027783827856183052;0.08961161226034164;96;4
N02;N02;Normal: Urbano moderado;Normal;Normal;0.050000007078051564;0.050000007078051564;R1_NORMAL;-1;-1;0;0;-1;-1;0;0.05000000819563866;0.031080642715096474;0.07783900946378708;96;4
C09;C09;Critico progressivo: Bebida ao volante;Critico;Critico;0.39705544859170916;0.39705544859170916;R1_NORMAL;38;73;36;1;57;19;0;0.05000000819563866;0.2540883719921112;0.1323467344045639;96;4
C10;C10;Critico progressivo: Grooming em rodovia com fadiga;Critico;Critico;0.39967408776283264;0.39967408776283264;R1_NORMAL;40;81;42;1;59;19;0;0.05000000819563866;0.19411325454711914;0.11005649715662003;96;4
C10;C10;Critico progressivo: Grooming em rodovia com fadiga;Critico;Critico;0.39965147376060484;0.39965147376060484;R1_NORMAL;40;81;42;1;61;21;0;0.05000000819563866;0.20399856567382812;0.09420639276504517;96;4
N03;N03;Normal: Noite estável;Normal;Normal;0.050000007078051564;0.050000007078051564;R3_FALSE_KIN;-1;-1;0;0;-1;-1;0;0.05000000819563866;0.038842786103487015;0.10521983355283737;96;4
C10;C10;Critico progressivo: Grooming em rodovia com fadiga;Critico;Critico;0.3887612625956535;0.3887612625956535;R2_STABLE_RISK;40;81;42;1;65;25;0;0.05000000819563866;0.20458586513996124;0.11493702977895737;96;4
N02;N02;Normal: Urbano moderado;Normal;Normal;0.050000007078051564;0.050000007078051564;R2_STABLE_RISK;-1;-1;0;0;-1;-1;0;0.05000000819563866;0.02473149262368679;0.09062884002923965;96;4
N01;N01;Normal: Viagem tranquila em rodovia;Normal;Normal;0.050000007078051564;0.050000007078051564;R3_FALSE_KIN;-1;-1;0;0;-1;-1;0;0.05000000819563866;0.029954498633742332;0.108706034719944;96;4
C06;C06;Critico progressivo: Fadiga noturna;Critico;Critico;0.4134131476283073;0.4134131476283073;R1_NORMAL;36;81;46;1;61;25;0;0.05000000819563866;0.15266801416873932;0.10767332464456558;96;4
N02;N02;Normal: Urbano moderado;Normal;Normal;0.050000007078051564;0.050000007078051564;R2_STABLE_RISK;-1;-1;0;0;-1;-1;0;0.05000000819563866;0.02734454534947872;0.09679180383682251;96;4
C09;C09;Critico progressivo: Bebida ao volante;Critico;Critico;0.38457709550857544;0.38457709550857544;R2_STABLE_RISK;38;73;36;1;56;18;0;0.05000000819563866;0.25169578194618225;0.16110025346279144;96;4
C09;C09;Critico progressivo: Bebida ao volante;Critico;Critico;0.36780674308538436;0.36780674308538436;R2_STABLE_RISK;38;73;36;1;59;21;0;0.05000000819563866;0.2486102133989334;0.1269657164812088;96;4
C04;C04;Critico: Multiplas distracoes urbanas;Critico;Critico;0.5608760982751846;0.5608760982751846;R1_NORMAL;22;45;24;0;24;2;1;0.251511812210083;0.2006959468126297;0.19574914872646332;96;4
C04;C04;Critico: Multiplas distracoes urbanas;Critico;Critico;0.3713889718055725;0.3713889718055725;R1_NORMAL;22;45;24;0;24;2;0;0.05000000819563866;0.19843930006027222;0.1481282263994217;96;4
C03;C03;Critico: Celular sem cinto sob chuva;Critico;Critico;0.3752959698438644;0.3752959698438644;R1_NORMAL;26;41;16;0;28;2;0;0.05000000819563866;0.18274740874767303;0.11642029136419296;96;4
N02;N02;Normal: Urbano moderado;Normal;Normal;0.050000007078051564;0.050000007078051564;R3_FALSE_KIN;-1;-1;0;0;-1;-1;0;0.05000000819563866;0.03310351073741913;0.09189949184656143;96;4
N03;N03;Normal: Noite estável;Normal;Normal;0.050000007078051564;0.050000007078051564;R1_NORMAL;-1;-1;0;0;-1;-1;0;0.05000000819563866;0.03499532863497734;0.11563513427972794;96;4
N03;N03;Normal: Noite estável;Normal;Normal;0.050000007078051564;0.050000007078051564;R1_NORMAL;-1;-1;0;0;-1;-1;0;0.05000000819563866;0.030470749363303185;0.09677409380674362;96;4
C09;C09;Critico progressivo: Bebida ao volante;Critico;Critico;0.41687336713075634;0.41687336713075634;R1_NORMAL;38;73;36;1;59;21;0;0.05000000819563866;0.2535403072834015;0.1442146897315979;96;4
C03;C03;Critico: Celular sem cinto sob chuva;Critico;Critico;0.3752959698438644;0.3752959698438644;R1_NORMAL;26;41;16;0;28;2;0;0.05000000819563866;0.18994809687137604;0.14304395020008087;96;4
C03;C03;Critico: Celular sem cinto sob chuva;Critico;Critico;0.3752959698438644;0.3752959698438644;R3_FALSE_KIN;26;41;16;0;28;2;0;0.05000000819563866;0.18444420397281647;0.1317649781703949;96;4
C04;C04;Critico: Multiplas distracoes urbanas;Critico;Critico;0.3713889718055725;0.3713889718055725;R1_NORMAL;22;45;24;0;24;2;0;0.05000000819563866;0.19874727725982666;0.16128195822238922;96;4
C04;C04;Critico: Multiplas distracoes urbanas;Critico;Critico;0.3713889718055725;0.3713889718055725;R2_STABLE_RISK;22;45;24;0;24;2;0;0.05000000819563866;0.20555762946605682;0.1180967465043068;96;4
C06;C06;Critico progressivo: Fadiga noturna;Critico;Critico;0.4070689454674721;0.4070689454674721;R1_NORMAL;36;81;46;1;60;24;0;0.05000000819563866;0.15437592566013336;0.1039041057229042;96;4
C04;C04;Critico: Multiplas distracoes urbanas;Critico;Critico;0.3713889718055725;0.3713889718055725;R1_NORMAL;22;45;24;0;24;2;0;0.05000000819563866;0.2017713040113449;0.10789421200752258;96;4
N01;N01;Normal: Viagem tranquila em rodovia;Normal;Normal;0.050000007078051564;0.050000007078051564;R1_NORMAL;-1;-1;0;0;-1;-1;0;0.05000000819563866;0.03194369003176689;0.10012539476156235;96;4
C10;C10;Critico progressivo: Grooming em rodovia com fadiga;Critico;Critico;0.4107796594500541;0.4107796594500541;R1_NORMAL;40;81;42;1;58;18;0;0.05000000819563866;0.20322160422801971;0.13051362335681915;96;4
C06;C06;Critico progressivo: Fadiga noturna;Critico;Critico;0.47235600054264065;0.47235600054264065;R1_NORMAL;36;81;46;1;58;22;1;0.3585074245929718;0.15826551616191864;0.09696201235055923;96;4
C05;C05;Critico progressivo: Celular em rodovia;Critico;Critico;0.3921008512377739;0.3921008512377739;R1_NORMAL;42;73;32;1;57;15;0;0.05000000819563866;0.3166309595108032;0.12910713255405426;96;4
N01;N01;Normal: Viagem tranquila em rodovia;Normal;Normal;0.050000007078051564;0.050000007078051564;R3_FALSE_KIN;-1;-1;0;0;-1;-1;0;0.05000000819563866;0.03527740016579628;0.09532368928194046;96;4
N03;N03;Normal: Noite estável;Normal;Normal;0.050000007078051564;0.050000007078051564;R3_FALSE_KIN;-1;-1;0;0;-1;-1;0;0.05000000819563866;0.031009143218398094;0.09247827529907227;96;4
N03;N03;Normal: Noite estável;Normal;Normal;0.050000007078051564;0.050000007078051564;R2_STABLE_RISK;-1;-1;0;0;-1;-1;0;0.05000000819563866;0.03437185660004616;0.09633374959230423;96;4
C04;C04;Critico: Multiplas distracoes urbanas;Critico;Critico;0.5697469711303711;0.5697469711303711;R1_NORMAL;22;45;24;0;24;2;1;0.22429780662059784;0.20386554300785065;0.16111433506011963;96;4
C10;C10;Critico progressivo: Grooming em rodovia com fadiga;Critico;Critico;0.44876346886157986;0.44876346886157986;R1_NORMAL;40;81;42;1;61;21;1;0.33745887875556946;0.20265233516693115;0.10661917179822922;96;4
C07;C07;Critico progressivo: Sem cinto sob chuva;Critico;Critico;0.42390515208244317;0.42390515208244317;R3_FALSE_KIN;37;75;39;1;56;19;0;0.05000000819563866;0.3826068341732025;0.15513403713703156;96;4
C03;C03;Critico: Celular sem cinto sob chuva;Critico;Critico;0.3752959698438644;0.3752959698438644;R2_STABLE_RISK;26;41;16;0;28;2;0;0.05000000819563866;0.19424398243427277;0.1354217529296875;96;4
N03;N03;Normal: Noite estável;Normal;Normal;0.050000007078051564;0.050000007078051564;R2_STABLE_RISK;-1;-1;0;0;-1;-1;0;0.05000000819563866;0.02897540293633938;0.13870199024677277;96;4
C02;C02;Critico: Fadiga com desvio cinematico;Critico;Critico;0.5963043928146361;0.5963043928146361;R2_STABLE_RISK;29;50;22;0;32;3;1;0.2441684603691101;0.0957474336028099;0.12214529514312744;96;4
N02;N02;Normal: Urbano moderado;Normal;Normal;0.050000007078051564;0.050000007078051564;R2_STABLE_RISK;-1;-1;0;0;-1;-1;0;0.05000000819563866;0.0335979200899601;0.09069114178419113;96;4
C03;C03;Critico: Celular sem cinto sob chuva;Critico;Critico;0.3752959698438644;0.3752959698438644;R1_NORMAL;26;41;16;0;28;2;0;0.05000000819563866;0.18473179638385773;0.1414712518453598;96;4
N03;N03;Normal: Noite estável;Normal;Normal;0.050000007078051564;0.050000007078051564;R1_NORMAL;-1;-1;0;0;-1;-1;0;0.05000000819563866;0.03389952704310417;0.13183587789535522;96;4
C10;C10;Critico progressivo: Grooming em rodovia com fadiga;Critico;Critico;0.4514342397451401;0.4514342397451401;R1_NORMAL;40;81;42;1;64;24;1;0.3014875054359436;0.19919423758983612;0.10643590241670609;96;4
C02;C02;Critico: Fadiga com desvio cinematico;Critico;Critico;0.5984473586082457;0.5984473586082457;R1_NORMAL;29;50;22;0;32;3;1;0.2646932303905487;0.10578127950429916;0.10479824990034103;96;4
C02;C02;Critico: Fadiga com desvio cinematico;Critico;Critico;0.5961257547140122;0.5961257547140122;R1_NORMAL;29;50;22;0;32;3;1;0.2560979127883911;0.09393491595983505;0.15865403413772583;96;4
C01;C01;Critico: Celular em alta velocidade;Critico;Critico;0.29102678298950196;0.29102678298950196;R2_STABLE_RISK;32;44;13;0;34;2;0;0.05000000819563866;0.1477283388376236;0.13953407108783722;96;4
C06;C06;Critico progressivo: Fadiga noturna;Critico;Critico;0.4382822081446648;0.4382822081446648;R1_NORMAL;36;81;46;1;61;25;0;0.05000000819563866;0.158281609416008;0.08391176909208298;96;4
C06;C06;Critico progressivo: Fadiga noturna;Critico;Critico;0.4306284084916115;0.4306284084916115;R2_STABLE_RISK;36;81;46;1;59;23;0;0.05000000819563866;0.15342991054058075;0.17578202486038208;96;4
C10;C10;Critico progressivo: Grooming em rodovia com fadiga;Critico;Critico;0.39925966858863826;0.39925966858863826;R2_STABLE_RISK;40;81;42;1;66;26;0;0.05000000819563866;0.20031483471393585;0.11230507493019104;96;4
C05;C05;Critico progressivo: Celular em rodovia;Critico;Critico;0.36828028708696364;0.36828028708696364;R1_NORMAL;42;73;32;1;60;18;0;0.05000000819563866;0.314101904630661;0.14758309721946716;96;4
N01;N01;Normal: Viagem tranquila em rodovia;Normal;Normal;0.050000007078051564;0.050000007078051564;R2_STABLE_RISK;-1;-1;0;0;-1;-1;0;0.05000000819563866;0.031083976849913597;0.13251517713069916;96;4
N02;N02;Normal: Urbano moderado;Normal;Normal;0.050000007078051564;0.050000007078051564;R1_NORMAL;-1;-1;0;0;-1;-1;0;0.05000000819563866;0.03149867430329323;0.0810733214020729;96;4
C08;C08;Critico progressivo: Distracao urbana multietapas;Critico;Critico;0.44449712336063385;0.44449712336063385;R2_STABLE_RISK;28;77;50;1;51;23;0;0.05000000819563866;0.31587350368499756;0.15110492706298828;96;4
C03;C03;Critico: Celular sem cinto sob chuva;Critico;Critico;0.3752959698438644;0.3752959698438644;R1_NORMAL;26;41;16;0;28;2;0;0.05000000819563866;0.19274507462978363;0.12863290309906006;96;4
C10;C10;Critico progressivo: Grooming em rodovia com fadiga;Critico;Critico;0.45985635221004484;0.45985635221004484;R3_FALSE_KIN;40;81;42;1;60;20;1;0.31220752000808716;0.2034376710653305;0.13347502052783966;96;4
C04;C04;Critico: Multiplas distracoes urbanas;Critico;Critico;0.3713889718055725;0.3713889718055725;R1_NORMAL;22;45;24;0;24;2;0;0.05000000819563866;0.20485074818134308;0.13222448527812958;96;4
C08;C08;Critico progressivo: Distracao urbana multietapas;Critico;Critico;0.4388036966323853;0.4388036966323853;R1_NORMAL;28;77;50;1;54;26;0;0.05000000819563866;0.31304433941841125;0.1573215276002884;96;4
C06;C06;Critico progressivo: Fadiga noturna;Critico;Critico;0.43227569609880445;0.43227569609880445;R1_NORMAL;36;81;46;1;59;23;0;0.05000000819563866;0.16291643679141998;0.09114733338356018;96;4
N02;N02;Normal: Urbano moderado;Normal;Normal;0.050000007078051564;0.050000007078051564;R1_NORMAL;-1;-1;0;0;-1;-1;0;0.05000000819563866;0.03303440287709236;0.08840855211019516;96;4
C09;C09;Critico progressivo: Bebida ao volante;Critico;Critico;0.3929694458842277;0.3929694458842277;R1_NORMAL;38;73;36;1;57;19;0;0.05000000819563866;0.25704216957092285;0.1426706463098526;96;4
N02;N02;Normal: Urbano moderado;Normal;Normal;0.050000007078051564;0.050000007078051564;R2_STABLE_RISK;-1;-1;0;0;-1;-1;0;0.05000000819563866;0.036283206194639206;0.11422087997198105;96;4
C06;C06;Critico progressivo: Fadiga noturna;Critico;Critico;0.48292297720909116;0.48292297720909116;R3_FALSE_KIN;36;81;46;1;56;20;1;0.29164135456085205;0.15951299667358398;0.10913378745317459;96;4
C09;C09;Critico progressivo: Bebida ao volante;Critico;Critico;0.46730419993400574;0.46730419993400574;R2_STABLE_RISK;38;73;36;1;60;22;1;0.2367653101682663;0.24904794991016388;0.13516674935817719;96;4
C06;C06;Critico progressivo: Fadiga noturna;Critico;Critico;0.4979820132255554;0.4979820132255554;R1_NORMAL;36;81;46;1;59;23;1;0.31159716844558716;0.16635645925998688;0.1266491711139679;96;4
C06;C06;Critico progressivo: Fadiga noturna;Critico;Critico;0.4189843162894249;0.4189843162894249;R2_STABLE_RISK;36;81;46;1;63;27;0;0.05000000819563866;0.15731513500213623;0.10681984573602676;96;4
C05;C05;Critico progressivo: Celular em rodovia;Critico;Critico;0.4603787183761596;0.4603787183761596;R2_STABLE_RISK;42;73;32;1;58;16;1;0.2926614582538605;0.3181847631931305;0.11673039197921753;96;4
N02;N02;Normal: Urbano moderado;Normal;Normal;0.050000007078051564;0.050000007078051564;R1_NORMAL;-1;-1;0;0;-1;-1;0;0.05000000819563866;0.026915809139609337;0.10438070446252823;96;4
N03;N03;Normal: Noite estável;Normal;Normal;0.050000007078051564;0.050000007078051564;R1_NORMAL;-1;-1;0;0;-1;-1;0;0.05000000819563866;0.03175565227866173;0.07256180047988892;96;4
C07;C07;Critico progressivo: Sem cinto sob chuva;Critico;Critico;0.5166951805353165;0.5166951805353165;R3_FALSE_KIN;37;75;39;1;53;16;1;0.32567301392555237;0.3863879144191742;0.14317749440670013;96;4
N03;N03;Normal: Noite estável;Normal;Normal;0.050000007078051564;0.050000007078051564;R3_FALSE_KIN;-1;-1;0;0;-1;-1;0;0.05000000819563866;0.03215804323554039;0.08901219815015793;96;4
C07;C07;Critico progressivo: Sem cinto sob chuva;Critico;Critico;0.48740776181221;0.48740776181221;R2_STABLE_RISK;37;75;39;1;57;20;1;0.28743496537208557;0.3808239996433258;0.16532547771930695;96;4
C02;C02;Critico: Fadiga com desvio cinematico;Critico;Critico;0.39378328174352645;0.39378328174352645;R1_NORMAL;29;50;22;0;32;3;0;0.05000000819563866;0.09631607681512833;0.1125948503613472;96;4
N02;N02;Normal: Urbano moderado;Normal;Normal;0.050000007078051564;0.050000007078051564;R2_STABLE_RISK;-1;-1;0;0;-1;-1;0;0.05000000819563866;0.026947058737277985;0.08564429730176926;96;4
C10;C10;Critico progressivo: Grooming em rodovia com fadiga;Critico;Critico;0.49366754293441767;0.49366754293441767;R2_STABLE_RISK;40;81;42;1;59;19;1;0.3466174602508545;0.20927013456821442;0.1011977568268776;96;4
C09;C09;Critico progressivo: Bebida ao volante;Critico;Critico;0.4831824660301208;0.4831824660301208;R1_NORMAL;38;73;36;1;54;16;1;0.2617933452129364;0.25351178646087646;0.135854110121727;96;4
N02;N02;Normal: Urbano moderado;Normal;Normal;0.050000007078051564;0.050000007078051564;R1_NORMAL;-1;-1;0;0;-1;-1;0;0.05000000819563866;0.030399024486541748;0.11580314487218857;96;4
C08;C08;Critico progressivo: Distracao urbana multietapas;Critico;Critico;0.41025518029928204;0.41025518029928204;R3_FALSE_KIN;28;77;50;1;55;27;0;0.05000000819563866;0.3045431077480316;0.12706173956394196;96;4
C06;C06;Critico progressivo: Fadiga noturna;Critico;Critico;0.4501712992787361;0.4501712992787361;R2_STABLE_RISK;36;81;46;1;60;24;0;0.05000000819563866;0.16114099323749542;0.11202311515808105;96;4
C04;C04;Critico: Multiplas distracoes urbanas;Critico;Critico;0.5722324132919312;0.5722324132919312;R2_STABLE_RISK;22;45;24;0;24;2;1;0.25389090180397034;0.20072698593139648;0.2360820174217224;96;4
N02;N02;Normal: Urbano moderado;Normal;Normal;0.050000007078051564;0.050000007078051564;R1_NORMAL;-1;-1;0;0;-1;-1;0;0.05000000819563866;0.030548786744475365;0.09158416837453842;96;4
C05;C05;Critico progressivo: Celular em rodovia;Critico;Critico;0.36448689848184584;0.36448689848184584;R1_NORMAL;42;73;32;1;58;16;0;0.05000000819563866;0.3204389214515686;0.14807938039302826;96;4
C01;C01;Critico: Celular em alta velocidade;Critico;Critico;0.29102678298950196;0.29102678298950196;R3_FALSE_KIN;32;44;13;0;34;2;0;0.05000000819563866;0.15973271429538727;0.09072241932153702;96;4
C01;C01;Critico: Celular em alta velocidade;Critico;Critico;0.29102678298950196;0.29102678298950196;R2_STABLE_RISK;32;44;13;0;34;2;0;0.05000000819563866;0.16041290760040283;0.10201115161180496;96;4
C09;C09;Critico progressivo: Bebida ao volante;Critico;Critico;0.4679301619529724;0.4679301619529724;R1_NORMAL;38;73;36;1;53;15;1;0.24299614131450653;0.255021870136261;0.19233888387680054;96;4
C02;C02;Critico: Fadiga com desvio cinematico;Critico;Critico;0.6065646260976791;0.6065646260976791;R1_NORMAL;29;50;22;0;32;3;1;0.2732132375240326;0.0971270203590393;0.15751682221889496;96;4
N03;N03;Normal: Noite estável;Normal;Normal;0.050000007078051564;0.050000007078051564;R1_NORMAL;-1;-1;0;0;-1;-1;0;0.05000000819563866;0.03428621590137482;0.13463141024112701;96;4
C01;C01;Critico: Celular em alta velocidade;Critico;Critico;0.29102678298950196;0.29102678298950196;R2_STABLE_RISK;32;44;13;0;34;2;0;0.05000000819563866;0.15743467211723328;0.1270521730184555;96;4
C03;C03;Critico: Celular sem cinto sob chuva;Critico;Critico;0.3752959698438644;0.3752959698438644;R1_NORMAL;26;41;16;0;28;2;0;0.05000000819563866;0.18366436660289764;0.13306377828121185;96;4
C05;C05;Critico progressivo: Celular em rodovia;Critico;Critico;0.47935420572757714;0.47935420572757714;R1_NORMAL;42;73;32;1;58;16;1;0.2632477581501007;0.3192535936832428;0.14720256626605988;96;4
C04;C04;Critico: Multiplas distracoes urbanas;Critico;Critico;0.3713889718055725;0.3713889718055725;R2_STABLE_RISK;22;45;24;0;24;2;0;0.05000000819563866;0.1997043490409851;0.1340523213148117;96;4
N01;N01;Normal: Viagem tranquila em rodovia;Normal;Normal;0.050000007078051564;0.050000007078051564;R1_NORMAL;-1;-1;0;0;-1;-1;0;0.05000000819563866;0.030870923772454262;0.11214813590049744;96;4
C07;C07;Critico progressivo: Sem cinto sob chuva;Critico;Critico;0.4256167307496071;0.4256167307496071;R2_STABLE_RISK;37;75;39;1;55;18;0;0.05000000819563866;0.3774350583553314;0.1124739870429039;96;4
C04;C04;Critico: Multiplas distracoes urbanas;Critico;Critico;0.3713889718055725;0.3713889718055725;R2_STABLE_RISK;22;45;24;0;24;2;0;0.05000000819563866;0.20132167637348175;0.11571568250656128;96;4
C01;C01;Critico: Celular em alta velocidade;Critico;Critico;0.29102678298950196;0.29102678298950196;R2_STABLE_RISK;32;44;13;0;34;2;0;0.05000000819563866;0.149022176861763;0.1179889515042305;96;4
C04;C04;Critico: Multiplas distracoes urbanas;Critico;Critico;0.57632517516613;0.57632517516613;R2_STABLE_RISK;22;45;24;0;24;2;1;0.25971880555152893;0.19846387207508087;0.16540056467056274;96;4
N03;N03;Normal: Noite estável;Normal;Normal;0.050000007078051564;0.050000007078051564;R1_NORMAL;-1;-1;0;0;-1;-1;0;0.05000000819563866;0.02883790247142315;0.07619315385818481;96;4
C03;C03;Critico: Celular sem cinto sob chuva;Critico;Critico;0.3752959698438644;0.3752959698438644;R2_STABLE_RISK;26;41;16;0;28;2;0;0.05000000819563866;0.1882195919752121;0.14291806519031525;96;4
N01;N01;Normal: Viagem tranquila em rodovia;Normal;Normal;0.050000007078051564;0.050000007078051564;R2_STABLE_RISK;-1;-1;0;0;-1;-1;0;0.05000000819563866;0.0300733745098114;0.08642082661390305;96;4
C01;C01;Critico: Celular em alta velocidade;Critico;Critico;0.5289611190557479;0.5289611190557479;R1_NORMAL;32;44;13;0;34;2;1;0.23169298470020294;0.1679268628358841;0.17681555449962616;96;4
C08;C08;Critico progressivo: Distracao urbana multietapas;Critico;Critico;0.5302096873521804;0.5302096873521804;R1_NORMAL;28;77;50;1;49;21;1;0.30303865671157837;0.32252538204193115;0.1774756908416748;96;4
C02;C02;Critico: Fadiga com desvio cinematico;Critico;Critico;0.39378328174352645;0.39378328174352645;R2_STABLE_RISK;29;50;22;0;32;3;0;0.05000000819563866;0.0978221520781517;0.09761925786733627;96;4
C06;C06;Critico progressivo: Fadiga noturna;Critico;Critico;0.4714418977499008;0.4714418977499008;R3_FALSE_KIN;36;81;46;1;57;21;1;0.3117646872997284;0.15792058408260345;0.11510426551103592;96;4
C10;C10;Critico progressivo: Grooming em rodovia com fadiga;Critico;Critico;0.39240679591894145;0.39240679591894145;R3_FALSE_KIN;40;81;42;1;61;21;0;0.05000000819563866;0.20909041166305542;0.08401373773813248;96;4
C09;C09;Critico progressivo: Bebida ao volante;Critico;Critico;0.38853433281183236;0.38853433281183236;R1_NORMAL;38;73;36;1;56;18;0;0.05000000819563866;0.2480509728193283;0.1488795280456543;96;4
C05;C05;Critico progressivo: Celular em rodovia;Critico;Critico;0.3870569363236427;0.3870569363236427;R2_STABLE_RISK;42;73;32;1;61;19;0;0.05000000819563866;0.3244439661502838;0.11678987741470337;96;4
N01;N01;Normal: Viagem tranquila em rodovia;Normal;Normal;0.050000007078051564;0.050000007078051564;R2_STABLE_RISK;-1;-1;0;0;-1;-1;0;0.05000000819563866;0.032360661774873734;0.10448922961950302;96;4
C10;C10;Critico progressivo: Grooming em rodovia com fadiga;Critico;Critico;0.39045378714799883;0.39045378714799883;R1_NORMAL;40;81;42;1;63;23;0;0.05000000819563866;0.19923539459705353;0.09845864772796631;96;4
C06;C06;Critico progressivo: Fadiga noturna;Critico;Critico;0.4094468578696251;0.4094468578696251;R3_FALSE_KIN;36;81;46;1;58;22;0;0.05000000819563866;0.16388434171676636;0.11994090676307678;96;4
C02;C02;Critico: Fadiga com desvio cinematico;Critico;Critico;0.39378328174352645;0.39378328174352645;R1_NORMAL;29;50;22;0;32;3;0;0.05000000819563866;0.09002693742513657;0.17835845053195953;96;4
N02;N02;Normal: Urbano moderado;Normal;Normal;0.050000007078051564;0.050000007078051564;R2_STABLE_RISK;-1;-1;0;0;-1;-1;0;0.05000000819563866;0.03163556382060051;0.09560954570770264;96;4
C09;C09;Critico progressivo: Bebida ao volante;Critico;Critico;0.41795303076505663;0.41795303076505663;R1_NORMAL;38;73;36;1;58;20;0;0.05000000819563866;0.26078009605407715;0.15809780359268188;96;4
C09;C09;Critico progressivo: Bebida ao volante;Critico;Critico;0.4023086607456207;0.4023086607456207;R3_FALSE_KIN;38;73;36;1;57;19;0;0.05000000819563866;0.24581778049468994;0.14537018537521362;96;4
C04;C04;Critico: Multiplas distracoes urbanas;Critico;Critico;0.5646883249282837;0.5646883249282837;R2_STABLE_RISK;22;45;24;0;24;2;1;0.20863009989261627;0.20253032445907593;0.1942095011472702;96;4
C09;C09;Critico progressivo: Bebida ao volante;Critico;Critico;0.5024557441473007;0.5024557441473007;R2_STABLE_RISK;38;73;36;1;56;18;1;0.31915977597236633;0.24981854856014252;0.16151843965053558;96;4
C01;C01;Critico: Celular em alta velocidade;Critico;Critico;0.5281520128250121;0.5281520128250121;R2_STABLE_RISK;32;44;13;0;34;2;1;0.23185299336910248;0.1587018519639969;0.2194473147392273;96;4
C07;C07;Critico progressivo: Sem cinto sob chuva;Critico;Critico;0.3812195852398872;0.3812195852398872;R1_NORMAL;37;75;39;1;62;25;0;0.05000000819563866;0.37666478753089905;0.13457226753234863;96;4
C05;C05;Critico progressivo: Celular em rodovia;Critico;Critico;0.3934394657611847;0.3934394657611847;R1_NORMAL;42;73;32;1;58;16;0;0.05000000819563866;0.31507280468940735;0.15765827894210815;96;4
C01;C01;Critico: Celular em alta velocidade;Critico;Critico;0.29102678298950196;0.29102678298950196;R2_STABLE_RISK;32;44;13;0;34;2;0;0.05000000819563866;0.1513502448797226;0.14686857163906097;96;4
C08;C08;Critico progressivo: Distracao urbana multietapas;Critico;Critico;0.4635425239801407;0.4635425239801407;R1_NORMAL;28;77;50;1;57;29;0;0.05000000819563866;0.31677326560020447;0.1440233290195465;96;4
C08;C08;Critico progressivo: Distracao urbana multietapas;Critico;Critico;0.5513356178998947;0.5513356178998947;R2_STABLE_RISK;28;77;50;1;49;21;1;0.30799511075019836;0.32672229409217834;0.18122291564941406;96;4
C04;C04;Critico: Multiplas distracoes urbanas;Critico;Critico;0.3713889718055725;0.3713889718055725;R2_STABLE_RISK;22;45;24;0;24;2;0;0.05000000819563866;0.1978360414505005;0.1207239031791687;96;4
C03;C03;Critico: Celular sem cinto sob chuva;Critico;Critico;0.3752959698438644;0.3752959698438644;R2_STABLE_RISK;26;41;16;0;28;2;0;0.05000000819563866;0.18382887542247772;0.14476105570793152;96;4
C08;C08;Critico progressivo: Distracao urbana multietapas;Critico;Critico;0.5238988071680069;0.5238988071680069;R1_NORMAL;28;77;50;1;47;19;1;0.3178979456424713;0.3242737352848053;0.18985615670681;96;4
C09;C09;Critico progressivo: Bebida ao volante;Critico;Critico;0.4710095942020416;0.4710095942020416;R1_NORMAL;38;73;36;1;60;22;1;0.3108837604522705;0.24807798862457275;0.1604585498571396;96;4
N01;N01;Normal: Viagem tranquila em rodovia;Normal;Normal;0.050000007078051564;0.050000007078051564;R2_STABLE_RISK;-1;-1;0;0;-1;-1;0;0.05000000819563866;0.0336967371404171;0.1104782447218895;96;4
C04;C04;Critico: Multiplas distracoes urbanas;Critico;Critico;0.3713889718055725;0.3713889718055725;R1_NORMAL;22;45;24;0;24;2;0;0.05000000819563866;0.2037809044122696;0.17762668430805206;96;4
C08;C08;Critico progressivo: Distracao urbana multietapas;Critico;Critico;0.43033807128667834;0.43033807128667834;R2_STABLE_RISK;28;77;50;1;53;25;0;0.05000000819563866;0.3108561336994171;0.13540875911712646;96;4
C02;C02;Critico: Fadiga com desvio cinematico;Critico;Critico;0.595685663819313;0.595685663819313;R1_NORMAL;29;50;22;0;32;3;1;0.22136986255645752;0.09530920535326004;0.18434913456439972;96;4
C05;C05;Critico progressivo: Celular em rodovia;Critico;Critico;0.3914259314537048;0.3914259314537048;R1_NORMAL;42;73;32;1;58;16;0;0.05000000819563866;0.31846338510513306;0.1050228700041771;96;4
N01;N01;Normal: Viagem tranquila em rodovia;Normal;Normal;0.050000007078051564;0.050000007078051564;R1_NORMAL;-1;-1;0;0;-1;-1;0;0.05000000819563866;0.03330240771174431;0.1041918694972992;96;4
C06;C06;Critico progressivo: Fadiga noturna;Critico;Critico;0.41785512715578077;0.41785512715578077;R3_FALSE_KIN;36;81;46;1;53;17;0;0.05000000819563866;0.15997183322906494;0.15983092784881592;96;4
C06;C06;Critico progressivo: Fadiga noturna;Critico;Critico;0.4559402823448181;0.4559402823448181;R2_STABLE_RISK;36;81;46;1;56;20;0;0.05000000819563866;0.15807001292705536;0.12446192651987076;96;4
C01;C01;Critico: Celular em alta velocidade;Critico;Critico;0.29102678298950196;0.29102678298950196;R2_STABLE_RISK;32;44;13;0;34;2;0;0.05000000819563866;0.15313245356082916;0.09788087755441666;96;4
C02;C02;Critico: Fadiga com desvio cinematico;Critico;Critico;0.6057427436113357;0.6057427436113357;R1_NORMAL;29;50;22;0;32;3;1;0.26897409558296204;0.09374270588159561;0.14048738777637482;96;4
C05;C05;Critico progressivo: Celular em rodovia;Critico;Critico;0.39012062996625896;0.39012062996625896;R1_NORMAL;42;73;32;1;57;15;0;0.05000000819563866;0.3187798261642456;0.15698528289794922;96;4
C02;C02;Critico: Fadiga com desvio cinematico;Critico;Critico;0.39378328174352645;0.39378328174352645;R2_STABLE_RISK;29;50;22;0;32;3;0;0.05000000819563866;0.09591865539550781;0.12404169887304306;96;4
N03;N03;Normal: Noite estável;Normal;Normal;0.050000007078051564;0.050000007078051564;R1_NORMAL;-1;-1;0;0;-1;-1;0;0.05000000819563866;0.025183118879795074;0.0931641086935997;96;4
C07;C07;Critico progressivo: Sem cinto sob chuva;Critico;Critico;0.41204120367765423;0.41204120367765423;R2_STABLE_RISK;37;75;39;1;55;18;0;0.05000000819563866;0.3777908384799957;0.18176202476024628;96;4
C10;C10;Critico progressivo: Grooming em rodovia com fadiga;Critico;Critico;0.4001297727227211;0.4001297727227211;R3_FALSE_KIN;40;81;42;1;63;23;0;0.05000000819563866;0.20400650799274445;0.10825302451848984;96;4
C10;C10;Critico progressivo: Grooming em rodovia com fadiga;Critico;Critico;0.3884930908679962;0.3884930908679962;R2_STABLE_RISK;40;81;42;1;63;23;0;0.05000000819563866;0.1952614039182663;0.10294569283723831;96;4
C07;C07;Critico progressivo: Sem cinto sob chuva;Critico;Critico;0.4186858773231506;0.4186858773231506;R2_STABLE_RISK;37;75;39;1;59;22;0;0.05000000819563866;0.3764421045780182;0.10628852993249893;96;4
N01;N01;Normal: Viagem tranquila em rodovia;Normal;Normal;0.050000007078051564;0.050000007078051564;R3_FALSE_KIN;-1;-1;0;0;-1;-1;0;0.05000000819563866;0.030526043847203255;0.0876370370388031;96;4
C03;C03;Critico: Celular sem cinto sob chuva;Critico;Critico;0.3752959698438644;0.3752959698438644;R2_STABLE_RISK;26;41;16;0;28;2;0;0.05000000819563866;0.18462549149990082;0.11686170101165771;96;4
N03;N03;Normal: Noite estável;Normal;Normal;0.050000007078051564;0.050000007078051564;R1_NORMAL;-1;-1;0;0;-1;-1;0;0.05000000819563866;0.03504075109958649;0.12364909797906876;96;4
C01;C01;Critico: Celular em alta velocidade;Critico;Critico;0.29102678298950196;0.29102678298950196;R2_STABLE_RISK;32;44;13;0;34;2;0;0.05000000819563866;0.15676598250865936;0.10460752248764038;96;4
C07;C07;Critico progressivo: Sem cinto sob chuva;Critico;Critico;0.40595309585332867;0.40595309585332867;R1_NORMAL;37;75;39;1;61;24;0;0.05000000819563866;0.3740672171115875;0.10137323290109634;96;4
C09;C09;Critico progressivo: Bebida ao volante;Critico;Critico;0.3931042835116386;0.3931042835116386;R2_STABLE_RISK;38;73;36;1;57;19;0;0.05000000819563866;0.256015419960022;0.11855097860097885;96;4
C06;C06;Critico progressivo: Fadiga noturna;Critico;Critico;0.4240717217326164;0.4240717217326164;R2_STABLE_RISK;36;81;46;1;58;22;0;0.05000000819563866;0.15335281193256378;0.07779138535261154;96;4
N03;N03;Normal: Noite estável;Normal;Normal;0.050000007078051564;0.050000007078051564;R2_STABLE_RISK;-1;-1;0;0;-1;-1;0;0.05000000819563866;0.028917109593749046;0.11501461267471313;96;4
C04;C04;Critico: Multiplas distracoes urbanas;Critico;Critico;0.3713889718055725;0.3713889718055725;R1_NORMAL;22;45;24;0;24;2;0;0.05000000819563866;0.2016844004392624;0.1266169399023056;96;4
C08;C08;Critico progressivo: Distracao urbana multietapas;Critico;Critico;0.44651963859796523;0.44651963859796523;R2_STABLE_RISK;28;77;50;1;59;31;0;0.05000000819563866;0.30571305751800537;0.15558749437332153;96;4
C08;C08;Critico progressivo: Distracao urbana multietapas;Critico;Critico;0.48788727223873135;0.48788727223873135;R1_NORMAL;28;77;50;1;54;26;1;0.27069416642189026;0.31497928500175476;0.16542869806289673;96;4
C07;C07;Critico progressivo: Sem cinto sob chuva;Critico;Critico;0.40065855979919435;0.40065855979919435;R2_STABLE_RISK;37;75;39;1;57;20;0;0.05000000819563866;0.3786996901035309;0.15739703178405762;96;4
C05;C05;Critico progressivo: Celular em rodovia;Critico;Critico;0.3930192649364471;0.3930192649364471;R3_FALSE_KIN;42;73;32;1;59;17;0;0.05000000819563866;0.31580719351768494;0.10974039882421494;96;4
N01;N01;Normal: Viagem tranquila em rodovia;Normal;Normal;0.050000007078051564;0.050000007078051564;R2_STABLE_RISK;-1;-1;0;0;-1;-1;0;0.05000000819563866;0.03575550392270088;0.06375420093536377;96;4
C07;C07;Critico progressivo: Sem cinto sob chuva;Critico;Critico;0.47041456401348114;0.47041456401348114;R2_STABLE_RISK;37;75;39;1;59;22;1;0.28749850392341614;0.3754960596561432;0.17165593802928925;96;4
C10;C10;Critico progressivo: Grooming em rodovia com fadiga;Critico;Critico;0.38991487026214594;0.38991487026214594;R1_NORMAL;40;81;42;1;63;23;0;0.05000000819563866;0.2024775743484497;0.11884447932243347;96;4
N02;N02;Normal: Urbano moderado;Normal;Normal;0.050000007078051564;0.050000007078051564;R2_STABLE_RISK;-1;-1;0;0;-1;-1;0;0.05000000819563866;0.02990381419658661;0.07166650891304016;96;4
N01;N01;Normal: Viagem tranquila em rodovia;Normal;Normal;0.050000007078051564;0.050000007078051564;R1_NORMAL;-1;-1;0;0;-1;-1;0;0.05000000819563866;0.03248138725757599;0.10841911286115646;96;4
