id;recipe_id;nome;categoria;class_name;risk_episode;risk_episode_severity;regime;event_start;event_end;event_duration;progressive;detectable_start_035;onset_gap_035;persistent_tail;last6_mean_clean;mean_eye_gaze;mean_lane_offset;window;sensor_level
C07;C07;Critico progressivo: Sem cinto sob chuva;Critico;Critico;0.48915503621101375;0.48915503621101375;R2_STABLE_RISK;37;75;39;1;57;20;1;0.3153044283390045;0.381038099527359;0.16498158872127533;96;4
C09;C09;Critico progressivo: Bebida ao volante;Critico;Critico;0.41853058338165283;0.41853058338165283;R1_NORMAL;38;73;36;1;60;22;0;0.05000000819563866;0.2462615966796875;0.12955616414546967;96;4
C04;C04;Critico: Multiplas distracoes urbanas;Critico;Critico;0.3713889718055725;0.3713889718055725;R2_STABLE_RISK;22;45;24;0;24;2;0;0.05000000819563866;0.19923777878284454;0.14201848208904266;96;4
N01;N01;Normal: Viagem tranquila em rodovia;Normal;Normal;0.050000007078051564;0.050000007078051564;R3_FALSE_KIN;-1;-1;0;0;-1;-1;0;0.05000000819563866;0.024927696213126183;0.0833662748336792;96;4
N03;N03;Normal: Noite estável;Normal;Normal;0.050000007078051564;0.050000007078051564;R2_STABLE_RISK;-1;-1;0;0;-1;-1;0;0.05000000819563866;0.0312827005982399;0.12334690243005753;96;4
N03;N03;Normal: Noite estável;Normal;Normal;0.050000007078051564;0.050000007078051564;R1_NORMAL;-1;-1;0;0;-1;-1;0;0.05000000819563866;0.026660406962037086;0.11699644476175308;96;4
C03;C03;Critico: Celular sem cinto sob chuva;Critico;Critico;0.3752959698438644;0.3752959698438644;R2_STABLE_RISK;26;41;16;0;28;2;0;0.05000000819563866;0.1921139508485794;0.12650008499622345;96;4
C03;C03;Critico: Celular sem cinto sob chuva;Critico;Critico;0.3752959698438644;0.3752959698438644;R1_NORMAL;26;41;16;0;28;2;0;0.05000000819563866;0.18877609074115753;0.12888853251934052;96;4
N03;N03;Normal: Noite estável;Normal;Normal;0.050000007078051564;0.050000007078051564;R3_FALSE_KIN;-1;-1;0;0;-1;-1;0;0.05000000819563866;0.036293718963861465;0.07792264968156815;96;4
C10;C10;Critico progressivo: Grooming em rodovia com fadiga;Critico;Critico;0.43398087620735165;0.43398087620735165;R3_FALSE_KIN;40;81;42;1;59;19;0;0.05000000819563866;0.20994466543197632;0.1114603579044342;96;4
N01;N01;Normal: Viagem tranquila em rodovia;Normal;Normal;0.050000007078051564;0.050000007078051564;R2_STABLE_RISK;-1;-1;0;0;-1;-1;0;0.05000000819563866;0.026383938267827034;0.10893978923559189;96;4
N02;N02;Normal: Urbano moderado;Normal;Normal;0.050000007078051564;0.050000007078051564;R2_STABLE_RISK;-1;-1;0;0;-1;-1;0;0.05000000819563866;0.02914983220398426;0.09737547487020493;96;4
N03;N03;Normal: Noite estável;Normal;Normal;0.050000007078051564;0.050000007078051564;R2_STABLE_RISK;-1;-1;0;0;-1;-1;0;0.05000000819563866;0.03307776153087616;0.1167968139052391;96;4
C05;C05;Critico progressivo: Celular em rodovia;Critico;Critico;0.4786553025245666;0.4786553025245666;R2_STABLE_RISK;42;73;32;1;62;20;1;0.28196290135383606;0.31218573451042175;0.13565419614315033;96;4
C03;C03;Critico: Celular sem cinto sob chuva;Critico;Critico;0.3752959698438644;0.3752959698438644;R3_FALSE_KIN;26;41;16;0;28;2;0;0.05000000819563866;0.1877710372209549;0.09915248304605484;96;4
C03;C03;Critico: Celular sem cinto sob chuva;Critico;Critico;0.3752959698438644;0.3752959698438644;R3_FALSE_KIN;26;41;16;0;28;2;0;0.05000000819563866;0.18741454184055328;0.09862542897462845;96;4
C03;C03;Critico: Celular sem cinto sob chuva;Critico;Critico;0.3752959698438644;0.3752959698438644;R1_NORMAL;26;41;16;0;28;2;0;0.05000000819563866;0.18357856571674347;0.1592550277709961;96;4
C03;C03;Critico: Celular sem cinto sob chuva;Critico;Critico;0.6259647041559219;0.6259647041559219;R1_NORMAL;26;41;16;0;28;2;1;0.2715398371219635;0.18901823461055756;0.13640213012695312;96;4
C08;C08;Critico progressivo: Distracao urbana multietapas;Critico;Critico;0.4392881482839584;0.4392881482839584;R3_FALSE_KIN;28;77;50;1;52;24;0;0.05000000819563866;0.31949520111083984;0.15207229554653168;96;4
C04;C04;Critico: Multiplas distracoes urbanas;Critico;Critico;0.3713889718055725;0.3713889718055725;R2_STABLE_RISK;22;45;24;0;24;2;0;0.05000000819563866;0.19918690621852875;0.14865471422672272;96;4
C03;C03;Critico: Celular sem cinto sob chuva;Critico;Critico;0.6258362859487534;0.6258362859487534;R2_STABLE_RISK;26;41;16;0;28;2;1;0.2709640860557556;0.18882286548614502;0.1851842850446701;96;4
N01;N01;Normal: Viagem tranquila em rodovia;Normal;Normal;0.050000007078051564;0.050000007078051564;R1_NORMAL;-1;-1;0;0;-1;-1;0;0.05000000819563866;0.030926793813705444;0.08140131086111069;96;4
C03;C03;Critico: Celular sem cinto sob chuva;Critico;Critico;0.3752959698438644;0.3752959698438644;R1_NORMAL;26;41;16;0;28;2;0;0.05000000819563866;0.19198019802570343;0.14670248329639435;96;4
N02;N02;Normal: Urbano moderado;Normal;Normal;0.050000007078051564;0.050000007078051564;R3_FALSE_KIN;-1;-1;0;0;-1;-1;0;0.05000000819563866;0.027131566777825356;0.09786560386419296;96;4
C06;C06;Critico progressivo: Fadiga noturna;Critico;Critico;0.49741420745849607;0.49741420745849607;R3_FALSE_KIN;36;81;46;1;58;22;1;0.3592590391635895;0.16319088637828827;0.1312924474477768;96;4
C06;C06;Critico progressivo: Fadiga noturna;Critico;Critico;0.4195496365427971;0.4195496365427971;R2_STABLE_RISK;36;81;46;1;57;21;0;0.05000000819563866;0.15638898313045502;0.12207607179880142;96;4
C02;C02;Critico: Fadiga com desvio cinematico;Critico;Critico;0.39378328174352645;0.39378328174352645;R2_STABLE_RISK;29;50;22;0;32;3;0;0.05000000819563866;0.0974169671535492;0.11861789971590042;96;4
N02;N02;Normal: Urbano moderado;Normal;Normal;0.050000007078051564;0.050000007078051564;R1_NORMAL;-1;-1;0;0;-1;-1;0;0.05000000819563866;0.033602405339479446;0.08595889806747437;96;4
C02;C02;Critico: Fadiga com desvio cinematico;Critico;Critico;0.6016737192869186;0.6016737192869186;R2_STABLE_RISK;29;50;22;0;32;3;1;0.26160791516304016;0.09851398319005966;0.14911501109600067;96;4
C01;C01;Critico: Celular em alta velocidade;Critico;Critico;0.535338893532753;0.535338893532753;R2_STABLE_RISK;32;44;13;0;34;2;1;0.26161548495292664;0.15363727509975433;0.20169265568256378;96;4
N02;N02;Normal: Urbano moderado;Normal;Normal;0.050000007078051564;0.050000007078051564;R1_NORMAL;-1;-1;0;0;-1;-1;0;0.05000000819563866;0.0358271487057209;0.11265841871500015;96;4
C03;C03;Critico: Celular sem cinto sob chuva;Critico;Critico;0.6224481970071792;0.6224481970071792;R3_FALSE_KIN;26;41;16;0;28;2;1;0.26752039790153503;0.18680016696453094;0.15528129041194916;96;4
C01;C01;Critico: Celular em alta velocidade;Critico;Critico;0.5280125916004181;0.5280125916004181;R1_NORMAL;32;44;13;0;34;2;1;0.23530559241771698;0.14906282722949982;0.1951202154159546;96;4
C09;C09;Critico progressivo: Bebida ao volante;Critico;Critico;0.3640540406107902;0.3640540406107902;R1_NORMAL;38;73;36;1;59;21;0;0.05000000819563866;0.2501154839992523;0.1239946112036705;96;4
C01;C01;Critico: Celular em alta velocidade;Critico;Critico;0.29102678298950196;0.29102678298950196;R1_NORMAL;32;44;13;0;34;2;0;0.05000000819563866;0.1517079472541809;0.0948156788945198;96;4
C02;C02;Critico: Fadiga com desvio cinematico;Critico;Critico;0.39378328174352645;0.39378328174352645;R2_STABLE_RISK;29;50;22;0;32;3;0;0.05000000819563866;0.09807918220758438;0.10216928273439407;96;4
C02;C02;Critico: Fadiga com desvio cinematico;Critico;Critico;0.39378328174352645;0.39378328174352645;R2_STABLE_RISK;29;50;22;0;32;3;0;0.05000000819563866;0.09866151213645935;0.13294614851474762;96;4
C10;C10;Critico progressivo: Grooming em rodovia com fadiga;Critico;Critico;0.4222970440983772;0.4222970440983772;R2_STABLE_RISK;40;81;42;1;64;24;0;0.05000000819563866;0.19135630130767822;0.1171087920665741;96;4
C03;C03;Critico: Celular sem cinto sob chuva;Critico;Critico;0.6043545454740524;0.6043545454740524;R1_NORMAL;26;41;16;0;28;2;1;0.21331171691417694;0.18667860329151154;0.19954301416873932;96;4
C06;C06;Critico progressivo: Fadiga noturna;Critico;Critico;0.40875328332185745;0.40875328332185745;R1_NORMAL;36;81;46;1;62;26;0;0.05000000819563866;0.15701629221439362;0.06587531417608261;96;4
C07;C07;Critico progressivo: Sem cinto sob chuva;Critico;Critico;0.420451731979847;0.420451731979847;R1_NORMAL;37;75;39;1;60;23;0;0.05000000819563866;0.3756199777126312;0.1323028802871704;96;4
C02;C02;Critico: Fadiga com desvio cinematico;Critico;Critico;0.39378328174352645;0.39378328174352645;R1_NORMAL;29;50;22;0;32;3;0;0.05000000819563866;0.09513314813375473;0.0931781455874443;96;4
C08;C08;Critico progressivo: Distracao urbana multietapas;Critico;Critico;0.494401940703392;0.494401940703392;R2_STABLE_RISK;28;77;50;1;55;27;1;0.31619974970817566;0.31153833866119385;0.181459441781044;96;4
N03;N03;Normal: Noite estável;Normal;Normal;0.050000007078051564;0.050000007078051564;R1_NORMAL;-1;-1;0;0;-1;-1;0;0.05000000819563866;0.03022056072950363;0.09519437700510025;96;4
C01;C01;Critico: Celular em alta velocidade;Critico;Critico;0.29102678298950196;0.29102678298950196;R2_STABLE_RISK;32;44;13;0;34;2;0;0.05000000819563866;0.15353639423847198;0.10002162307500839;96;4
C06;C06;Critico progressivo: Fadiga noturna;Critico;Critico;0.46875884830951686;0.46875884830951686;R2_STABLE_RISK;36;81;46;1;59;23;1;0.33930420875549316;0.16008858382701874;0.14361487329006195;96;4
N01;N01;Normal: Viagem tranquila em rodovia;Normal;Normal;0.050000007078051564;0.050000007078051564;R2_STABLE_RISK;-1;-1;0;0;-1;-1;0;0.05000000819563866;0.03709132969379425;0.08152148127555847;96;4
C07;C07;Critico progressivo: Sem cinto sob chuva;Critico;Critico;0.48907783925533294;0.48907783925533294;R2_STABLE_RISK;37;75;39;1;55;18;1;0.29003581404685974;0.3797454833984375;0.17532861232757568;96;4
C02;C02;Critico: Fadiga com desvio cinematico;Critico;Critico;0.39378328174352645;0.39378328174352645;R2_STABLE_RISK;29;50;22;0;32;3;0;0.05000000819563866;0.09188991785049438;0.10924970358610153;96;4
C04;C04;Critico: Multiplas distracoes urbanas;Critico;Critico;0.3713889718055725;0.3713889718055725;R2_STABLE_RISK;22;45;24;0;24;2;0;0.05000000819563866;0.20439839363098145;0.13199849426746368;96;4
C10;C10;Critico progressivo: Grooming em rodovia com fadiga;Critico;Critico;0.4730104833841324;0.4730104833841324;R2_STABLE_RISK;40;81;42;1;62;22;1;0.3022715747356415;0.20078225433826447;0.13703669607639313;96;4
C05;C05;Critico progressivo: Celular em rodovia;Critico;Critico;0.3863790154457092;0.3863790154457092;R1_NORMAL;42;73;32;1;57;15;0;0.05000000819563866;0.32347285747528076;0.1281415969133377;96;4
C05;C05;Critico progressivo: Celular em rodovia;Critico;Critico;0.3923497274518013;0.3923497274518013;R1_NORMAL;42;73;32;1;58;16;0;0.05000000819563866;0.3201148808002472;0.14761173725128174;96;4
N01;N01;Normal: Viagem tranquila em rodovia;Normal;Normal;0.050000007078051564;0.050000007078051564;R1_NORMAL;-1;-1;0;0;-1;-1;0;0.05000000819563866;0.028999261558055878;0.09070081263780594;96;4
C02;C02;Critico: Fadiga com desvio cinematico;Critico;Critico;0.6053383082151413;0.6053383082151413;R1_NORMAL;29;50;22;0;32;3;1;0.266888290643692;0.1012149453163147;0.21662835776805878;96;4
C05;C05;Critico progressivo: Celular em rodovia;Critico;Critico;0.37096565812826154;0.37096565812826154;R2_STABLE_RISK;42;73;32;1;59;17;0;0.05000000819563866;0.32181480526924133;0.10262980312108994;96;4
C08;C08;Critico progressivo: Distracao urbana multietapas;Critico;Critico;0.4729300111532211;0.4729300111532211;R1_NORMAL;28;77;50;1;47;19;0;0.05000000819563866;0.3222140073776245;0.1472688466310501;96;4
C10;C10;Critico progressivo: Grooming em rodovia com fadiga;Critico;Critico;0.4011732831597328;0.4011732831597328;R2_STABLE_RISK;40;81;42;1;66;26;0;0.05000000819563866;0.20001332461833954;0.10647519677877426;96;4
N03;N03;Normal: Noite estável;Normal;Normal;0.050000007078051564;0.050000007078051564;R2_STABLE_RISK;-1;-1;0;0;-1;-1;0;0.05000000819563866;0.028317779302597046;0.0643615871667862;96;4
C02;C02;Critico: Fadiga com desvio cinematico;Critico;Critico;0.39378328174352645;0.39378328174352645;R1_NORMAL;29;50;22;0;32;3;0;0.05000000819563866;0.10389623045921326;0.09681157022714615;96;4
C05;C05;Critico progressivo: Celular em rodovia;Critico;Critico;0.3589866518974304;0.3589866518974304;R1_NORMAL;42;73;32;1;58;16;0;0.05000000819563866;0.3206191062927246;0.15513645112514496;96;4
N03;N03;Normal: Noite estável;Normal;Normal;0.050000007078051564;0.050000007078051564;R1_NORMAL;-1;-1;0;0;-1;-1;0;0.05000000819563866;0.032617345452308655;0.11077622324228287;96;4
C02;C02;Critico: Fadiga com desvio cinematico;Critico;Critico;0.39378328174352645;0.39378328174352645;R3_FALSE_KIN;29;50;22;0;32;3;0;0.05000000819563866;0.10033697634935379;0.14586524665355682;96;4
C10;C10;Critico progressivo: Grooming em rodovia com fadiga;Critico;Critico;0.40362902730703354;0.40362902730703354;R2_STABLE_RISK;40;81;42;1;61;21;0;0.05000000819563866;0.19974787533283234;0.10665231943130493;96;4
C09;C09;Critico progressivo: Bebida ao volante;Critico;Critico;0.4110665440559387;0.4110665440559387;R1_NORMAL;38;73;36;1;58;20;0;0.05000000819563866;0.2518036365509033;0.16129840910434723;96;4
C03;C03;Critico: Celular sem cinto sob chuva;Critico;Critico;0.3752959698438644;0.3752959698438644;R3_FALSE_KIN;26;41;16;0;28;2;0;0.05000000819563866;0.18721361458301544;0.13214874267578125;96;4
N03;N03;Normal: Noite estável;Normal;Normal;0.050000007078051564;0.050000007078051564;R2_STABLE_RISK;-1;-1;0;0;-1;-1;0;0.05000000819563866;0.034980881959199905;0.11107981950044632;96;4
C01;C01;Critico: Celular em alta velocidade;Critico;Critico;0.29102678298950196;0.29102678298950196;R2_STABLE_RISK;32;44;13;0;34;2;0;0.05000000819563866;0.15343786776065826;0.16157276928424835;96;4
C05;C05;Critico progressivo: Celular em rodovia;Critico;Critico;0.38541495651006696;0.38541495651006696;R1_NORMAL;42;73;32;1;57;15;0;0.05000000819563866;0.32311809062957764;0.1386645883321762;96;4
C03;C03;Critico: Celular sem cinto sob chuva;Critico;Critico;0.6102856427431106;0.6102856427431106;R1_NORMAL;26;41;16;0;28;2;1;0.20711427927017212;0.18848831951618195;0.19551604986190796;96;4
C03;C03;Critico: Celular sem cinto sob chuva;Critico;Critico;0.3752959698438644;0.3752959698438644;R1_NORMAL;26;41;16;0;28;2;0;0.05000000819563866;0.18359525501728058;0.10804605484008789;96;4
C08;C08;Critico progressivo: Distracao urbana multietapas;Critico;Critico;0.423453588783741;0.423453588783741;R2_STABLE_RISK;28;77;50;1;52;24;0;0.05000000819563866;0.3152066469192505;0.15622657537460327;96;4
C08;C08;Critico progressivo: Distracao urbana multietapas;Critico;Critico;0.45590238571166986;0.45590238571166986;R1_NORMAL;28;77;50;1;51;23;0;0.05000000819563866;0.3175252676010132;0.16747254133224487;96;4
C10;C10;Critico progressivo: Grooming em rodovia com fadiga;Critico;Critico;0.41778939962387085;0.41778939962387085;R1_NORMAL;40;81;42;1;60;20;0;0.05000000819563866;0.2051665186882019;0.14878688752651215;96;4
N02;N02;Normal: Urbano moderado;Normal;Normal;0.050000007078051564;0.050000007078051564;R1_NORMAL;-1;-1;0;0;-1;-1;0;0.05000000819563866;0.030398450791835785;0.08567873388528824;96;4
C09;C09;Critico progressivo: Bebida ao volante;Critico;Critico;0.4171061113476753;0.4171061113476753;R2_STABLE_RISK;38;73;36;1;59;21;0;0.05000000819563866;0.2538350820541382;0.15166646242141724;96;4
C10;C10;Critico progressivo: Grooming em rodovia com fadiga;Critico;Critico;0.3840010583400726;0.3840010583400726;R1_NORMAL;40;81;42;1;63;23;0;0.05000000819563866;0.20103776454925537;0.11099221557378769;96;4
N01;N01;Normal: Viagem tranquila em rodovia;Normal;Normal;0.050000007078051564;0.050000007078051564;R1_NORMAL;-1;-1;0;0;-1;-1;0;0.05000000819563866;0.03647812083363533;0.0849396213889122;96;4
C07;C07;Critico progressivo: Sem cinto sob chuva;Critico;Critico;0.3907245948910713;0.3907245948910713;R1_NORMAL;37;75;39;1;56;19;0;0.05000000819563866;0.3842301070690155;0.16000835597515106;96;4
N01;N01;Normal: Viagem tranquila em rodovia;Normal;Normal;0.050000007078051564;0.050000007078051564;R2_STABLE_RISK;-1;-1;0;0;-1;-1;0;0.05000000819563866;0.03498883917927742;0.09301415085792542;96;4
C03;C03;Critico: Celular sem cinto sob chuva;Critico;Critico;0.3752959698438644;0.3752959698438644;R1_NORMAL;26;41;16;0;28;2;0;0.05000000819563866;0.18713469803333282;0.16219085454940796;96;4
C08;C08;Critico progressivo: Distracao urbana multietapas;Critico;Critico;0.4645698815584183;0.4645698815584183;R1_NORMAL;28;77;50;1;48;20;0;0.05000000819563866;0.3141445815563202;0.16917119920253754;96;4
N02;N02;Normal: Urbano moderado;Normal;Normal;0.050000007078051564;0.050000007078051564;R1_NORMAL;-1;-1;0;0;-1;-1;0;0.05000000819563866;0.03020508401095867;0.09396112710237503;96;4
N01;N01;Normal: Viagem tranquila em rodovia;Normal;Normal;0.050000007078051564;0.050000007078051564;R1_NORMAL;-1;-1;0;0;-1;-1;0;0.05000000819563866;0.03226582705974579;0.0723339393734932;96;4
C07;C07;Critico progressivo: Sem cinto sob chuva;Critico;Critico;0.41350590437650675;0.41350590437650675;R1_NORMAL;37;75;39;1;54;17;0;0.05000000819563866;0.3879966735839844;0.16387736797332764;96;4
N01;N01;Normal: Viagem tranquila em rodovia;Normal;Normal;0.050000007078051564;0.050000007078051564;R3_FALSE_KIN;-1;-1;0;0;-1;-1;0;0.05000000819563866;0.03079926408827305;0.07805849611759186;96;4
C03;C03;Critico: Celular sem cinto sob chuva;Critico;Critico;0.3752959698438644;0.3752959698438644;R2_STABLE_RISK;26;41;16;0;28;2;0;0.05000000819563866;0.18256957828998566;0.10628626495599747;96;4
C01;C01;Critico: Celular em alta velocidade;Critico;Critico;0.29102678298950196;0.29102678298950196;R1_NORMAL;32;44;13;0;34;2;0;0.05000000819563866;0.15509043633937836;0.13203053176403046;96;4
C08;C08;Critico progressivo: Distracao urbana multietapas;Critico;Critico;0.42390049695968623;0.42390049695968623;R1_NORMAL;28;77;50;1;52;24;0;0.05000000819563866;0.3138768970966339;0.13368266820907593;96;4
C01;C01;Critico: Celular em alta velocidade;Critico;Critico;0.5307519078254699;0.5307519078254699;R1_NORMAL;32;44;13;0;34;2;1;0.2400948852300644;0.15197378396987915;0.17404508590698242;96;4
C01;C01;Critico: Celular em alta velocidade;Critico;Critico;0.29102678298950196;0.29102678298950196;R1_NORMAL;32;44;13;0;34;2;0;0.05000000819563866;0.15391965210437775;0.11553128808736801;96;4
N02;N02;Normal: Urbano moderado;Normal;Normal;0.050000007078051564;0.050000007078051564;R2_STABLE_RISK;-1;-1;0;0;-1;-1;0;0.05000000819563866;0.026245778426527977;0.14096294343471527;96;4
N03;N03;Normal: Noite estável;Normal;Normal;0.050000007078051564;0.050000007078051564;R3_FALSE_KIN;-1;-1;0;0;-1;-1;0;0.05000000819563866;0.029530005529522896;0.11862415820360184;96;4
C06;C06;Critico progressivo: Fadiga noturna;Critico;Critico;0.4107135355472564;0.4107135355472564;R1_NORMAL;36;81;46;1;61;25;0;0.05000000819563866;0.15554721653461456;0.15859109163284302;96;4
C04;C04;Critico: Multiplas distracoes urbanas;Critico;Critico;0.3713889718055725;0.3713889718055725;R3_FALSE_KIN;22;45;24;0;24;2;0;0.05000000819563866;0.1985529512166977;0.09832622855901718;96;4
C05;C05;Critico progressivo: Celular em rodovia;Critico;Critico;0.3768164828419685;0.3768164828419685;R2_STABLE_RISK;42;73;32;1;59;17;0;0.05000000819563866;0.32172274589538574;0.10107365250587463;96;4
N01;N01;Normal: Viagem tranquila em rodovia;Normal;Normal;0.050000007078051564;0.050000007078051564;R3_FALSE_KIN;-1;-1;0;0;-1;-1;0;0.05000000819563866;0.03021620772778988;0.0622270442545414;96;4
C06;C06;Critico progressivo: Fadiga noturna;Critico;Critico;0.4430590614676475;0.4430590614676475;R1_NORMAL;36;81;46;1;60;24;0;0.05000000819563866;0.1620253175497055;0.09974697977304459;96;4
C04;C04;Critico: Multiplas distracoes urbanas;Critico;Critico;0.3713889718055725;0.3713889718055725;R2_STABLE_RISK;22;45;24;0;24;2;0;0.05000000819563866;0.20239341259002686;0.09248850494623184;96;4
C07;C07;Critico progressivo: Sem cinto sob chuva;Critico;Critico;0.4924622446298599;0.4924622446298599;R3_FALSE_KIN;37;75;39;1;57;20;1;0.2938321530818939;0.38593968749046326;0.18610157072544098;96;4
N02;N02;Normal: Urbano moderado;Normal;Normal;0.050000007078051564;0.050000007078051564;R2_STABLE_RISK;-1;-1;0;0;-1;-1;0;0.05000000819563866;0.03316224738955498;0.08179022371768951;96;4
C10;C10;Critico progressivo: Grooming em rodovia com fadiga;Critico;Critico;0.38488097637891766;0.38488097637891766;R3_FALSE_KIN;40;81;42;1;63;23;0;0.05000000819563866;0.20370011031627655;0.16386283934116364;96;4
C07;C07;Critico progressivo: Sem cinto sob chuva;Critico;Critico;0.49146762192249294;0.49146762192249294;R2_STABLE_RISK;37;75;39;1;61;24;1;0.29832518100738525;0.3814208209514618;0.18744009733200073;96;4
C07;C07;Critico progressivo: Sem cinto sob chuva;Critico;Critico;0.41707413941621774;0.41707413941621774;R2_STABLE_RISK;37;75;39;1;59;22;0;0.05000000819563866;0.37652215361595154;0.14187875390052795;96;4
C09;C09;Critico progressivo: Bebida ao volante;Critico;Critico;0.3875758424401283;0.3875758424401283;R1_NORMAL;38;73;36;1;57;19;0;0.05000000819563866;0.2451959103345871;0.12493512779474258;96;4
C05;C05;Critico progressivo: Celular em rodovia;Critico;Critico;0.4814765214920044;0.4814765214920044;R2_STABLE_RISK;42;73;32;1;62;20;1;0.2893931567668915;0.3180902302265167;0.14264827966690063;96;4
N02;N02;Normal: Urbano moderado;Normal;Normal;0.050000007078051564;0.050000007078051564;R2_STABLE_RISK;-1;-1;0;0;-1;-1;0;0.05000000819563866;0.03611269220709801;0.09372126311063766;96;4
C10;C10;Critico progressivo: Grooming em rodovia com fadiga;Critico;Critico;0.4841718077659607;0.4841718077659607;R1_NORMAL;40;81;42;1;65;25;1;0.367869108915329;0.19805574417114258;0.09053513407707214;96;4
C06;C06;Critico progressivo: Fadiga noturna;Critico;Critico;0.4844242870807648;0.4844242870807648;R2_STABLE_RISK;36;81;46;1;61;25;1;0.3457845151424408;0.15926890075206757;0.11296188831329346;96;4
C02;C02;Critico: Fadiga com desvio cinematico;Critico;Critico;0.39378328174352645;0.39378328174352645;R1_NORMAL;29;50;22;0;32;3;0;0.05000000819563866;0.09953520447015762;0.0978345051407814;96;4
N03;N03;Normal: Noite estável;Normal;Normal;0.050000007078051564;0.050000007078051564;R2_STABLE_RISK;-1;-1;0;0;-1;-1;0;0.05000000819563866;0.03219623491168022;0.11025436967611313;96;4
C01;C01;Critico: Celular em alta velocidade;Critico;Critico;0.29102678298950196;0.29102678298950196;R1_NORMAL;32;44;13;0;34;2;0;0.05000000819563866;0.16012321412563324;0.11015206575393677;96;4
C09;C09;Critico progressivo: Bebida ao volante;Critico;Critico;0.4057654693722725;0.4057654693722725;R3_FALSE_KIN;38;73;36;1;59;21;0;0.05000000819563866;0.24932201206684113;0.1555587500333786;96;4
N01;N01;Normal: Viagem tranquila em rodovia;Normal;Normal;0.050000007078051564;0.050000007078051564;R1_NORMAL;-1;-1;0;0;-1;-1;0;0.05000000819563866;0.03602203354239464;0.08309882879257202;96;4
C08;C08;Critico progressivo: Distracao urbana multietapas;Critico;Critico;0.44595509469509126;0.44595509469509126;R1_NORMAL;28;77;50;1;51;23;0;0.05000000819563866;0.3232581913471222;0.1608978658914566;96;4
C05;C05;Critico progressivo: Celular em rodovia;Critico;Critico;0.3759184792637825;0.3759184792637825;R1_NORMAL;42;73;32;1;60;18;0;0.05000000819563866;0.3127482533454895;0.1049753800034523;96;4
C01;C01;Critico: Celular em alta velocidade;Critico;Critico;0.29102678298950196;0.29102678298950196;R1_NORMAL;32;44;13;0;34;2;0;0.05000000819563866;0.15322411060333252;0.11334963887929916;96;4
N02;N02;Normal: Urbano moderado;Normal;Normal;0.050000007078051564;0.050000007078051564;R2_STABLE_RISK;-1;-1;0;0;-1;-1;0;0.05000000819563866;0.028896426782011986;0.10705944895744324;96;4
C10;C10;Critico progressivo: Grooming em rodovia com fadiga;Critico;Critico;0.4396535143256187;0.4396535143256187;R1_NORMAL;40;81;42;1;62;22;0;0.05000000819563866;0.19365160167217255;0.13007743656635284;96;4
C02;C02;Critico: Fadiga com desvio cinematico;Critico;Critico;0.39378328174352645;0.39378328174352645;R3_FALSE_KIN;29;50;22;0;32;3;0;0.05000000819563866;0.10443954914808273;0.11110550910234451;96;4
C06;C06;Critico progressivo: Fadiga noturna;Critico;Critico;0.37394129782915114;0.37394129782915114;R2_STABLE_RISK;36;81;46;1;64;28;0;0.05000000819563866;0.14718769490718842;0.1281377524137497;96;4
N03;N03;Normal: Noite estável;Normal;Normal;0.050000007078051564;0.050000007078051564;R2_STABLE_RISK;-1;-1;0;0;-1;-1;0;0.05000000819563866;0.02782028168439865;0.11606413125991821;96;4
C10;C10;Critico progressivo: Grooming em rodovia com fadiga;Critico;Critico;0.43628262430429454;0.43628262430429454;R1_NORMAL;40;81;42;1;60;20;0;0.05000000819563866;0.20185662806034088;0.17157061398029327;96;4
C04;C04;Critico: Multiplas distracoes urbanas;Critico;Critico;0.3713889718055725;0.3713889718055725;R1_NORMAL;22;45;24;0;24;2;0;0.05000000819563866;0.1970617026090622;0.17742778360843658;96;4
C01;C01;Critico: Celular em alta velocidade;Critico;Critico;0.5261496126651763;0.5261496126651763;R1_NORMAL;32;44;13;0;34;2;1;0.26512107253074646;0.1544625610113144;0.15979745984077454;96;4
C06;C06;Critico progressivo: Fadiga noturna;Critico;Critico;0.3905370250344276;0.3905370250344276;R2_STABLE_RISK;36;81;46;1;62;26;0;0.05000000819563866;0.1650441437959671;0.09920666366815567;96;4
C02;C02;Critico: Fadiga com desvio cinematico;Critico;Critico;0.6022338241338729;0.6022338241338729;R1_NORMAL;29;50;22;0;32;3;1;0.2508760392665863;0.09285932779312134;0.10427991300821304;96;4
C08;C08;Critico progressivo: Distracao urbana multietapas;Critico;Critico;0.4260437950491905;0.4260437950491905;R2_STABLE_RISK;28;77;50;1;55;27;0;0.05000000819563866;0.3149206340312958;0.12073012441396713;96;4
N01;N01;Normal: Viagem tranquila em rodovia;Normal;Normal;0.050000007078051564;0.050000007078051564;R3_FALSE_KIN;-1;-1;0;0;-1;-1;0;0.05000000819563866;0.034994203597307205;0.08203347772359848;96;4
C08;C08;Critico progressivo: Distracao urbana multietapas;Critico;Critico;0.48709657192230227;0.48709657192230227;R1_NORMAL;28;77;50;1;52;24;1;0.2801472246646881;0.32062363624572754;0.18798625469207764;96;4
C09;C09;Critico progressivo: Bebida ao volante;Critico;Critico;0.4270613446831703;0.4270613446831703;R2_STABLE_RISK;38;73;36;1;53;15;0;0.05000000819563866;0.24856482446193695;0.10894513130187988;96;4
N03;N03;Normal: Noite estável;Normal;Normal;0.050000007078051564;0.050000007078051564;R1_NORMAL;-1;-1;0;0;-1;-1;0;0.05000000819563866;0.036130934953689575;0.07855545729398727;96;4
C09;C09;Critico progressivo: Bebida ao volante;Critico;Critico;0.4024098202586174;0.4024098202586174;R1_NORMAL;38;73;36;1;59;21;0;0.05000000819563866;0.2509209215641022;0.13949556648731232;96;4
C02;C02;Critico: Fadiga com desvio cinematico;Critico;Critico;0.39378328174352645;0.39378328174352645;R3_FALSE_KIN;29;50;22;0;32;3;0;0.05000000819563866;0.10097408294677734;0.09734133630990982;96;4
N01;N01;Normal: Viagem tranquila em rodovia;Normal;Normal;0.050000007078051564;0.050000007078051564;R2_STABLE_RISK;-1;-1;0;0;-1;-1;0;0.05000000819563866;0.031419944018125534;0.09553647041320801;96;4
C05;C05;Critico progressivo: Celular em rodovia;Critico;Critico;0.3815972924232483;0.3815972924232483;R2_STABLE_RISK;42;73;32;1;59;17;0;0.05000000819563866;0.31969213485717773;0.13810083270072937;96;4
C02;C02;Critico: Fadiga com desvio cinematico;Critico;Critico;0.39378328174352645;0.39378328174352645;R1_NORMAL;29;50;22;0;32;3;0;0.05000000819563866;0.09981725364923477;0.13956116139888763;96;4
N03;N03;Normal: Noite estável;Normal;Normal;0.050000007078051564;0.050000007078051564;R1_NORMAL;-1;-1;0;0;-1;-1;0;0.05000000819563866;0.03573337197303772;0.1009526476264;96;4
C10;C10;Critico progressivo: Grooming em rodovia com fadiga;Critico;Critico;0.4708673655986786;0.4708673655986786;R2_STABLE_RISK;40;81;42;1;59;19;1;0.33213600516319275;0.20291276276111603;0.12865541875362396;96;4
C03;C03;Critico: Celular sem cinto sob chuva;Critico;Critico;0.6073352873325348;0.6073352873325348;R3_FALSE_KIN;26;41;16;0;28;2;1;0.23449039459228516;0.1834220290184021;0.22125406563282013;96;4
C01;C01;Critico: Celular em alta velocidade;Critico;Critico;0.29102678298950196;0.29102678298950196;R2_STABLE_RISK;32;44;13;0;34;2;0;0.05000000819563866;0.15676508843898773;0.1434997320175171;96;4
C04;C04;Critico: Multiplas distracoes urbanas;Critico;Critico;0.3713889718055725;0.3713889718055725;R1_NORMAL;22;45;24;0;24;2;0;0.05000000819563866;0.20724213123321533;0.13803385198116302;96;4
C09;C09;Critico progressivo: Bebida ao volante;Critico;Critico;0.4093282267451286;0.4093282267451286;R1_NORMAL;38;73;36;1;59;21;0;0.05000000819563866;0.25489339232444763;0.17373298108577728;96;4
C05;C05;Critico progressivo: Celular em rodovia;Critico;Critico;0.502070888876915;0.502070888876915;R3_FALSE_KIN;42;73;32;1;55;13;1;0.28181198239326477;0.3286076784133911;0.15748322010040283;96;4
C05;C05;Critico progressivo: Celular em rodovia;Critico;Critico;0.3955078244209289;0.3955078244209289;R1_NORMAL;42;73;32;1;61;19;0;0.05000000819563866;0.3211617171764374;0.11241042613983154;96;4
C02;C02;Critico: Fadiga com desvio cinematico;Critico;Critico;0.39378328174352645;0.39378328174352645;R3_FALSE_KIN;29;50;22;0;32;3;0;0.05000000819563866;0.09543062001466751;0.1620936542749405;96;4
C04;C04;Critico: Multiplas distracoes urbanas;Critico;Critico;0.3713889718055725;0.3713889718055725;R2_STABLE_RISK;22;45;24;0;24;2;0;0.05000000819563866;0.2004658728837967;0.15046639740467072;96;4
C07;C07;Critico progressivo: Sem cinto sob chuva;Critico;Critico;0.464478313922882;0.464478313922882;R2_STABLE_RISK;37;75;39;1;59;22;1;0.289737731218338;0.3881281912326813;0.11562216281890869;96;4
C03;C03;Critico: Celular sem cinto sob chuva;Critico;Critico;0.6240609198808669;0.6240609198808669;R1_NORMAL;26;41;16;0;28;2;1;0.26300284266471863;0.18885977566242218;0.21334362030029297;96;4
C06;C06;Critico progressivo: Fadiga noturna;Critico;Critico;0.4130244851112366;0.4130244851112366;R3_FALSE_KIN;36;81;46;1;60;24;0;0.05000000819563866;0.15991292893886566;0.11524441093206406;96;4
N01;N01;Normal: Viagem tranquila em rodovia;Normal;Normal;0.050000007078051564;0.050000007078051564;R3_FALSE_KIN;-1;-1;0;0;-1;-1;0;0.05000000819563866;0.023526767268776894;0.1326550990343094;96;4
C05;C05;Critico progressivo: Celular em rodovia;Critico;Critico;0.3994554176926613;0.3994554176926613;R1_NORMAL;42;73;32;1;57;15;0;0.05000000819563866;0.3127637803554535;0.10937198251485825;96;4
C02;C02;Critico: Fadiga com desvio cinematico;Critico;Critico;0.5919985502958298;0.5919985502958298;R1_NORMAL;29;50;22;0;32;3;1;0.20169012248516083;0.1026550754904747;0.17825676500797272;96;4
C10;C10;Critico progressivo: Grooming em rodovia com fadiga;Critico;Critico;0.4035712197422981;0.4035712197422981;R2_STABLE_RISK;40;81;42;1;63;23;0;0.05000000819563866;0.1992117166519165;0.10622382164001465;96;4
C04;C04;Critico: Multiplas distracoes urbanas;Critico;Critico;0.3713889718055725;0.3713889718055725;R3_FALSE_KIN;22;45;24;0;24;2;0;0.05000000819563866;0.20093806087970734;0.15503497421741486;96;4
N02;N02;Normal: Urbano moderado;Normal;Normal;0.050000007078051564;0.050000007078051564;R2_STABLE_RISK;-1;-1;0;0;-1;-1;0;0.05000000819563866;0.030988717451691628;0.09629019349813461;96;4
C02;C02;Critico: Fadiga com desvio cinematico;Critico;Critico;0.39378328174352645;0.39378328174352645;R2_STABLE_RISK;29;50;22;0;32;3;0;0.05000000819563866;0.10288697481155396;0.11529772728681564;96;4
C10;C10;Critico progressivo: Grooming em rodovia com fadiga;Critico;Critico;0.3948886632919312;0.3948886632919312;R1_NORMAL;40;81;42;1;62;22;0;0.05000000819563866;0.20069952309131622;0.1326705813407898;96;4
C07;C07;Critico progressivo: Sem cinto sob chuva;Critico;Critico;0.503449410200119;0.503449410200119;R3_FALSE_KIN;37;75;39;1;55;18;1;0.2864062786102295;0.37951359152793884;0.1814030259847641;96;4
C06;C06;Critico progressivo: Fadiga noturna;Critico;Critico;0.4498264938592911;0.4498264938592911;R3_FALSE_KIN;36;81;46;1;65;29;1;0.36749908328056335;0.15513284504413605;0.12602417171001434;96;4
C03;C03;Critico: Celular sem cinto sob chuva;Critico;Critico;0.3752959698438644;0.3752959698438644;R1_NORMAL;26;41;16;0;28;2;0;0.05000000819563866;0.1846063733100891;0.12504108250141144;96;4
C08;C08;Critico progressivo: Distracao urbana multietapas;Critico;Critico;0.4560411155223846;0.4560411155223846;R1_NORMAL;28;77;50;1;53;25;0;0.05000000819563866;0.31143227219581604;0.13697147369384766;96;4
C06;C06;Critico progressivo: Fadiga noturna;Critico;Critico;0.5030773639678955;0.5030773639678955;R1_NORMAL;36;81;46;1;57;21;1;0.32811567187309265;0.15811459720134735;0.12230080366134644;96;4
C07;C07;Critico progressivo: Sem cinto sob chuva;Critico;Critico;0.45504276454448694;0.45504276454448694;R1_NORMAL;37;75;39;1;61;24;1;0.2721821069717407;0.37752553820610046;0.13775664567947388;96;4
N03;N03;Normal: Noite estável;Normal;Normal;0.050000007078051564;0.050000007078051564;R1_NORMAL;-1;-1;0;0;-1;-1;0;0.05000000819563866;0.030523978173732758;0.09611021727323532;96;4
N02;N02;Normal: Urbano moderado;Normal;Normal;0.050000007078051564;0.050000007078051564;R1_NORMAL;-1;-1;0;0;-1;-1;0;0.05000000819563866;0.032270222902297974;0.08986762911081314;96;4
C01;C01;Critico: Celular em alta velocidade;Critico;Critico;0.29102678298950196;0.29102678298950196;R3_FALSE_KIN;32;44;13;0;34;2;0;0.05000000819563866;0.1500929296016693;0.11382769793272018;96;4
C03;C03;Critico: Celular sem cinto sob chuva;Critico;Critico;0.3752959698438644;0.3752959698438644;R2_STABLE_RISK;26;41;16;0;28;2;0;0.05000000819563866;0.1912902593612671;0.14103065431118011;96;4
C10;C10;Critico progressivo: Grooming em rodovia com fadiga;Critico;Critico;0.3972693040966987;0.3972693040966987;R1_NORMAL;40;81;42;1;63;23;0;0.05000000819563866;0.1908239871263504;0.10039768368005753;96;4
N01;N01;Normal: Viagem tranquila em rodovia;Normal;Normal;0.050000007078051564;0.050000007078051564;R3_FALSE_KIN;-1;-1;0;0;-1;-1;0;0.05000000819563866;0.04132680222392082;0.07495621591806412;96;4
C07;C07;Critico progressivo: Sem cinto sob chuva;Critico;Critico;0.4778457790613174;0.4778457790613174;R2_STABLE_RISK;37;75;39;1;59;22;1;0.278956800699234;0.380945086479187;0.19177119433879852;96;4
N02;N02;Normal: Urbano moderado;Normal;Normal;0.050000007078051564;0.050000007078051564;R2_STABLE_RISK;-1;-1;0;0;-1;-1;0;0.05000000819563866;0.03293826803565025;0.07541612535715103;96;4
C07;C07;Critico progressivo: Sem cinto sob chuva;Critico;Critico;0.42011855691671374;0.42011855691671374;R2_STABLE_RISK;37;75;39;1;56;19;0;0.05000000819563866;0.38387569785118103;0.17472873628139496;96;4
C06;C06;Critico progressivo: Fadiga noturna;Critico;Critico;0.45893317759037017;0.45893317759037017;R3_FALSE_KIN;36;81;46;1;62;26;1;0.3186197280883789;0.15702305734157562;0.14942516386508942;96;4
C03;C03;Critico: Celular sem cinto sob chuva;Critico;Critico;0.6119680017232894;0.6119680017232894;R2_STABLE_RISK;26;41;16;0;28;2;1;0.21002322435379028;0.2003083974123001;0.201284721493721;96;4
N02;N02;Normal: Urbano moderado;Normal;Normal;0.050000007078051564;0.050000007078051564;R2_STABLE_RISK;-1;-1;0;0;-1;-1;0;0.05000000819563866;0.02754831314086914;0.10378485918045044;96;4
C04;C04;Critico: Multiplas distracoes urbanas;Critico;Critico;0.3713889718055725;0.3713889718055725;R2_STABLE_RISK;22;45;24;0;24;2;0;0.05000000819563866;0.20094943046569824;0.1179158166050911;96;4
C06;C06;Critico progressivo: Fadiga noturna;Critico;Critico;0.4079107359051704;0.4079107359051704;R1_NORMAL;36;81;46;1;61;25;0;0.05000000819563866;0.15866172313690186;0.13237053155899048;96;4
C09;C09;Critico progressivo: Bebida ao volante;Critico;Critico;0.3986467897891998;0.3986467897891998;R3_FALSE_KIN;38;73;36;1;55;17;0;0.05000000819563866;0.24853390455245972;0.09927918761968613;96;4
C01;C01;Critico: Celular em alta velocidade;Critico;Critico;0.5361524015665053;0.5361524015665053;R1_NORMAL;32;44;13;0;34;2;1;0.2684502601623535;0.15526354312896729;0.21727387607097626;96;4
N01;N01;Normal: Viagem tranquila em rodovia;Normal;Normal;0.050000007078051564;0.050000007078051564;R3_FALSE_KIN;-1;-1;0;0;-1;-1;0;0.05000000819563866;0.028064459562301636;0.1047665998339653;96;4
C04;C04;Critico: Multiplas distracoes urbanas;Critico;Critico;0.5667176634073257;0.5667176634073257;R1_NORMAL;22;45;24;0;24;2;1;0.21152545511722565;0.20654551684856415;0.18936967849731445;96;4
C09;C09;Critico progressivo: Bebida ao volante;Critico;Critico;0.409472906589508;0.409472906589508;R2_STABLE_RISK;38;73;36;1;58;20;0;0.05000000819563866;0.2497437447309494;0.0903288722038269;96;4
C10;C10;Critico progressivo: Grooming em rodovia com fadiga;Critico;Critico;0.47282297909259796;0.47282297909259796;R1_NORMAL;40;81;42;1;60;20;1;0.3223544657230377;0.2009318321943283;0.12960036098957062;96;4
C07;C07;Critico progressivo: Sem cinto sob chuva;Critico;Critico;0.39365793317556375;0.39365793317556375;R3_FALSE_KIN;37;75;39;1;60;23;0;0.05000000819563866;0.373800665140152;0.13471169769763947;96;4
C08;C08;Critico progressivo: Distracao urbana multietapas;Critico;Critico;0.41716378182172775;0.41716378182172775;R1_NORMAL;28;77;50;1;56;28;0;0.05000000819563866;0.30504849553108215;0.16248086094856262;96;4
C02;C02;Critico: Fadiga com desvio cinematico;Critico;Critico;0.602206191420555;0.602206191420555;R1_NORMAL;29;50;22;0;32;3;1;0.268269807100296;0.09621024876832962;0.1302260309457779;96;4
C10;C10;Critico progressivo: Grooming em rodovia com fadiga;Critico;Critico;0.37921726554632185;0.37921726554632185;R3_FALSE_KIN;40;81;42;1;64;24;0;0.05000000819563866;0.19097024202346802;0.13963498175144196;96;4
C06;C06;Critico progressivo: Fadiga noturna;Critico;Critico;0.40425753593444824;0.40425753593444824;R2_STABLE_RISK;36;81;46;1;60;24;0;0.05000000819563866;0.1616429090499878;0.07951779663562775;96;4
C03;C03;Critico: Celular sem cinto sob chuva;Critico;Critico;0.61541768014431;0.61541768014431;R1_NORMAL;26;41;16;0;28;2;1;0.2344386726617813;0.18325261771678925;0.18152141571044922;96;4
N03;N03;Normal: Noite estável;Normal;Normal;0.050000007078051564;0.050000007078051564;R1_NORMAL;-1;-1;0;0;-1;-1;0;0.05000000819563866;0.03410419449210167;0.09533270448446274;96;4
C03;C03;Critico: Celular sem cinto sob chuva;Critico;Critico;0.6121616035699844;0.6121616035699844;R1_NORMAL;26;41;16;0;28;2;1;0.21772049367427826;0.19386255741119385;0.19415539503097534;96;4
C10;C10;Critico progressivo: Grooming em rodovia com fadiga;Critico;Critico;0.4009824499487876;0.4009824499487876;R2_STABLE_RISK;40;81;42;1;61;21;0;0.05000000819563866;0.19793783128261566;0.09382179379463196;96;4
C02;C02;Critico: Fadiga com desvio cinematico;Critico;Critico;0.6015448987483978;0.6015448987483978;R1_NORMAL;29;50;22;0;32;3;1;0.24732275307178497;0.10632602125406265;0.13538843393325806;96;4
N01;N01;Normal: Viagem tranquila em rodovia;Normal;Normal;0.050000007078051564;0.050000007078051564;R1_NORMAL;-1;-1;0;0;-1;-1;0;0.05000000819563866;0.03855369612574577;0.08752080053091049;96;4
C06;C06;Critico progressivo: Fadiga noturna;Critico;Critico;0.4018918141722679;0.4018918141722679;R1_NORMAL;36;81;46;1;61;25;0;0.05000000819563866;0.15693418681621552;0.13322265446186066;96;4
C01;C01;Critico: Celular em alta velocidade;Critico;Critico;0.29102678298950196;0.29102678298950196;R1_NORMAL;32;44;13;0;34;2;0;0.05000000819563866;0.1555013507604599;0.13015641272068024;96;4
C09;C09;Critico progressivo: Bebida ao volante;Critico;Critico;0.4079402446746826;0.4079402446746826;R1_NORMAL;38;73;36;1;57;19;0;0.05000000819563866;0.2536945343017578;0.1278695911169052;96;4
N01;N01;Normal: Viagem tranquila em rodovia;Normal;Normal;0.050000007078051564;0.050000007078051564;R1_NORMAL;-1;-1;0;0;-1;-1;0;0.05000000819563866;0.0314205177128315;0.12126805633306503;96;4
C02;C02;Critico: Fadiga com desvio cinematico;Critico;Critico;0.39378328174352645;0.39378328174352645;R1_NORMAL;29;50;22;0;32;3;0;0.05000000819563866;0.10160789638757706;0.11663027852773666;96;4
C07;C07;Critico progressivo: Sem cinto sob chuva;Critico;Critico;0.47676727175712585;0.47676727175712585;R3_FALSE_KIN;37;75;39;1;60;23;1;0.2702387571334839;0.37962451577186584;0.1508658230304718;96;4
C02;C02;Critico: Fadiga com desvio cinematico;Critico;Critico;0.39378328174352645;0.39378328174352645;R3_FALSE_KIN;29;50;22;0;32;3;0;0.05000000819563866;0.10177300125360489;0.11760946363210678;96;4
C08;C08;Critico progressivo: Distracao urbana multietapas;Critico;Critico;0.4933296889066696;0.4933296889066696;R2_STABLE_RISK;28;77;50;1;45;17;0;0.05000000819563866;0.3158308267593384;0.17847971618175507;96;4
C05;C05;Critico progressivo: Celular em rodovia;Critico;Critico;0.3795719504356384;0.3795719504356384;R3_FALSE_KIN;42;73;32;1;61;19;0;0.05000000819563866;0.3178000748157501;0.13156528770923615;96;4
C10;C10;Critico progressivo: Grooming em rodovia com fadiga;Critico;Critico;0.41483985036611554;0.41483985036611554;R1_NORMAL;40;81;42;1;57;17;0;0.05000000819563866;0.19841837882995605;0.0795573815703392;96;4
C01;C01;Critico: Celular em alta velocidade;Critico;Critico;0.5304608076810837;0.5304608076810837;R3_FALSE_KIN;32;44;13;0;34;2;1;0.2727763056755066;0.15383906662464142;0.18170614540576935;96;4
C10;C10;Critico progressivo: Grooming em rodovia com fadiga;Critico;Critico;0.43902110457420346;0.43902110457420346;R1_NORMAL;40;81;42;1;61;21;0;0.05000000819563866;0.20593242347240448;0.09753493219614029;96;4
C04;C04;Critico: Multiplas distracoes urbanas;Critico;Critico;0.3713889718055725;0.3713889718055725;R2_STABLE_RISK;22;45;24;0;24;2;0;0.05000000819563866;0.20186102390289307;0.14383582770824432;96;4
C05;C05;Critico progressivo: Celular em rodovia;Critico;Critico;0.3839851126074791;0.3839851126074791;R3_FALSE_KIN;42;73;32;1;59;17;0;0.05000000819563866;0.3217802345752716;0.12714453041553497;96;4
C01;C01;Critico: Celular em alta velocidade;Critico;Critico;0.29102678298950196;0.29102678298950196;R1_NORMAL;32;44;13;0;34;2;0;0.05000000819563866;0.15369641780853271;0.12280184030532837;96;4
C09;C09;Critico progressivo: Bebida ao volante;Critico;Critico;0.48680522441864016;0.48680522441864016;R3_FALSE_KIN;38;73;36;1;58;20;1;0.29771628975868225;0.252200722694397;0.16637860238552094;96;4
C10;C10;Critico progressivo: Grooming em rodovia com fadiga;Critico;Critico;0.40066569000482555;0.40066569000482555;R1_NORMAL;40;81;42;1;66;26;0;0.05000000819563866;0.20294694602489471;0.11383496969938278;96;4
C04;C04;Critico: Multiplas distracoes urbanas;Critico;Critico;0.5657009929418564;0.5657009929418564;R2_STABLE_RISK;22;45;24;0;24;2;1;0.20738083124160767;0.20341527462005615;0.13814730942249298;96;4
C01;C01;Critico: Celular em alta velocidade;Critico;Critico;0.29102678298950196;0.29102678298950196;R3_FALSE_KIN;32;44;13;0;34;2;0;0.05000000819563866;0.15197356045246124;0.1262076050043106;96;4
C03;C03;Critico: Celular sem cinto sob chuva;Critico;Critico;0.3752959698438644;0.3752959698438644;R1_NORMAL;26;41;16;0;28;2;0;0.05000000819563866;0.1850711554288864;0.12636291980743408;96;4
C04;C04;Critico: Multiplas distracoes urbanas;Critico;Critico;0.3713889718055725;0.3713889718055725;R3_FALSE_KIN;22;45;24;0;24;2;0;0.05000000819563866;0.20100001990795135;0.1392587125301361;96;4
C05;C05;Critico progressivo: Celular em rodovia;Critico;Critico;0.4558297634124756;0.4558297634124756;R1_NORMAL;42;73;32;1;59;17;1;0.2859000861644745;0.3279348313808441;0.2226300686597824;96;4
C06;C06;Critico progressivo: Fadiga noturna;Critico;Critico;0.44049379974603653;0.44049379974603653;R1_NORMAL;36;81;46;1;59;23;0;0.05000000819563866;0.15512734651565552;0.12757673859596252;96;4
C10;C10;Critico progressivo: Grooming em rodovia com fadiga;Critico;Critico;0.4447678357362747;0.4447678357362747;R3_FALSE_KIN;40;81;42;1;65;25;1;0.3704669177532196;0.20452918112277985;0.09149941056966782;96;4
C03;C03;Critico: Celular sem cinto sob chuva;Critico;Critico;0.3752959698438644;0.3752959698438644;R1_NORMAL;26;41;16;0;28;2;0;0.05000000819563866;0.1828887015581131;0.1406235545873642;96;4
C05;C05;Critico progressivo: Celular em rodovia;Critico;Critico;0.38444327563047404;0.38444327563047404;R3_FALSE_KIN;42;73;32;1;58;16;0;0.05000000819563866;0.3168056309223175;0.11319369077682495;96;4
C06;C06;Critico progressivo: Fadiga noturna;Critico;Critico;0.407662858068943;0.407662858068943;R2_STABLE_RISK;36;81;46;1;59;23;0;0.05000000819563866;0.1551835983991623;0.13470067083835602;96;4
C03;C03;Critico: Celular sem cinto sob chuva;Critico;Critico;0.3752959698438644;0.3752959698438644;R2_STABLE_RISK;26;41;16;0;28;2;0;0.05000000819563866;0.18504095077514648;0.10542365908622742;96;4
C01;C01;Critico: Celular em alta velocidade;Critico;Critico;0.29102678298950196;0.29102678298950196;R1_NORMAL;32;44;13;0;34;2;0;0.05000000819563866;0.15273627638816833;0.1412382870912552;96;4
C07;C07;Critico progressivo: Sem cinto sob chuva;Critico;Critico;0.40597914457321166;0.40597914457321166;R1_NORMAL;37;75;39;1;59;22;0;0.05000000819563866;0.3754301965236664;0.11141175031661987;96;4
C08;C08;Critico progressivo: Distracao urbana multietapas;Critico;Critico;0.41896583288908;0.41896583288908;R1_NORMAL;28;77;50;1;54;26;0;0.05000000819563866;0.3092848062515259;0.1537596434354782;96;4
C02;C02;Critico: Fadiga com desvio cinematico;Critico;Critico;0.39378328174352645;0.39378328174352645;R1_NORMAL;29;50;22;0;32;3;0;0.05000000819563866;0.10051282495260239;0.12067177146673203;96;4
C01;C01;Critico: Celular em alta velocidade;Critico;Critico;0.5234606295824051;0.5234606295824051;R1_NORMAL;32;44;13;0;34;2;1;0.2143886238336563;0.15301841497421265;0.181559219956398;96;4
C06;C06;Critico progressivo: Fadiga noturna;Critico;Critico;0.42204636782407756;0.42204636782407756;R1_NORMAL;36;81;46;1;57;21;0;0.05000000819563866;0.1540309637784958;0.12076786905527115;96;4
C02;C02;Critico: Fadiga com desvio cinematico;Critico;Critico;0.5967272371053696;0.5967272371053696;R1_NORMAL;29;50;22;0;32;3;1;0.2615055441856384;0.10908236354589462;0.22032791376113892;96;4
C04;C04;Critico: Multiplas distracoes urbanas;Critico;Critico;0.3713889718055725;0.3713889718055725;R1_NORMAL;22;45;24;0;24;2;0;0.05000000819563866;0.2037520408630371;0.1525452882051468;96;4
C02;C02;Critico: Fadiga com desvio cinematico;Critico;Critico;0.5992741554975509;0.5992741554975509;R2_STABLE_RISK;29;50;22;0;32;3;1;0.23561091721057892;0.09714124351739883;0.16993464529514313;96;4
C04;C04;Critico: Multiplas distracoes urbanas;Critico;Critico;0.3713889718055725;0.3713889718055725;R1_NORMAL;22;45;24;0;24;2;0;0.05000000819563866;0.20462429523468018;0.13378441333770752;96;4
C02;C02;Critico: Fadiga com desvio cinematico;Critico;Critico;0.5959139108657836;0.5959139108657836;R2_STABLE_RISK;29;50;22;0;32;3;1;0.2213800549507141;0.1005784347653389;0.232277050614357;96;4
C09;C09;Critico progressivo: Bebida ao volante;Critico;Critico;0.4884400874376297;0.4884400874376297;R2_STABLE_RISK;38;73;36;1;58;20;1;0.31497347354888916;0.25015485286712646;0.12765856087207794;96;4
C09;C09;Critico progressivo: Bebida ao volante;Critico;Critico;0.46039939522743223;0.46039939522743223;R1_NORMAL;38;73;36;1;57;19;1;0.2812229096889496;0.25397682189941406;0.12720154225826263;96;4
C05;C05;Critico progressivo: Celular em rodovia;Critico;Critico;0.39298727512359616;0.39298727512359616;R1_NORMAL;42;73;32;1;59;17;0;0.05000000819563866;0.3138664662837982;0.1014668345451355;96;4
N02;N02;Normal: Urbano moderado;Normal;Normal;0.050000007078051564;0.050000007078051564;R3_FALSE_KIN;-1;-1;0;0;-1;-1;0;0.05000000819563866;0.038418471813201904;0.09332331269979477;96;4
C08;C08;Critico progressivo: Distracao urbana multietapas;Critico;Critico;0.4144523605704308;0.4144523605704308;R2_STABLE_RISK;28;77;50;1;56;28;0;0.05000000819563866;0.3143823444843292;0.13631783425807953;96;4
C05;C05;Critico progressivo: Celular em rodovia;Critico;Critico;0.4918659776449203;0.4918659776449203;R1_NORMAL;42;73;32;1;57;15;1;0.32353851199150085;0.31686893105506897;0.18270765244960785;96;4
N02;N02;Normal: Urbano moderado;Normal;Normal;0.050000007078051564;0.050000007078051564;R1_NORMAL;-1;-1;0;0;-1;-1;0;0.05000000819563866;0.03391026332974434;0.10402736812829971;96;4
N01;N01;Normal: Viagem tranquila em rodovia;Normal;Normal;0.050000007078051564;0.050000007078051564;R2_STABLE_RISK;-1;-1;0;0;-1;-1;0;0.05000000819563866;0.03444427624344826;0.08630029112100601;96;4
N03;N03;Normal: Noite estável;Normal;Normal;0.050000007078051564;0.050000007078051564;R3_FALSE_KIN;-1;-1;0;0;-1;-1;0;0.05000000819563866;0.0330769345164299;0.16328677535057068;96;4
N03;N03;Normal: Noite estável;Normal;Normal;0.050000007078051564;0.050000007078051564;R2_STABLE_RISK;-1;-1;0;0;-1;-1;0;0.05000000819563866;0.030237948521971703;0.09479858726263046;96;4
N01;N01;Normal: Viagem tranquila em rodovia;Normal;Normal;0.050000007078051564;0.050000007078051564;R2_STABLE_RISK;-1;-1;0;0;-1;-1;0;0.05000000819563866;0.032079797238111496;0.11308819055557251;96;4
N01;N01;Normal: Viagem tranquila em rodovia;Normal;Normal;0.050000007078051564;0.050000007078051564;R2_STABLE_RISK;-1;-1;0;0;-1;-1;0;0.05000000819563866;0.032087620347738266;0.07503806799650192;96;4
C06;C06;Critico progressivo: Fadiga noturna;Critico;Critico;0.48406762778759;0.48406762778759;R3_FALSE_KIN;36;81;46;1;59;23;1;0.3015987277030945;0.15789516270160675;0.08617662638425827;96;4
C06;C06;Critico progressivo: Fadiga noturna;Critico;Critico;0.4413352444767952;0.4413352444767952;R1_NORMAL;36;81;46;1;59;23;0;0.05000000819563866;0.15709859132766724;0.1363898664712906;96;4
C04;C04;Critico: Multiplas distracoes urbanas;Critico;Critico;0.3713889718055725;0.3713889718055725;R2_STABLE_RISK;22;45;24;0;24;2;0;0.05000000819563866;0.20103268325328827;0.10314792394638062;96;4
N01;N01;Normal: Viagem tranquila em rodovia;Normal;Normal;0.050000007078051564;0.050000007078051564;R1_NORMAL;-1;-1;0;0;-1;-1;0;0.05000000819563866;0.028846891596913338;0.10991356521844864;96;4
C09;C09;Critico progressivo: Bebida ao volante;Critico;Critico;0.4297516509890556;0.4297516509890556;R2_STABLE_RISK;38;73;36;1;53;15;0;0.05000000819563866;0.2570553719997406;0.1348467320203781;96;4
C05;C05;Critico progressivo: Celular em rodovia;Critico;Critico;0.4095833957195282;0.4095833957195282;R2_STABLE_RISK;42;73;32;1;56;14;0;0.05000000819563866;0.32075831294059753;0.09826302528381348;96;4
C07;C07;Critico progressivo: Sem cinto sob chuva;Critico;Critico;0.401043801009655;0.401043801009655;R2_STABLE_RISK;37;75;39;1;57;20;0;0.05000000819563866;0.3871333599090576;0.12793222069740295;96;4
C09;C09;Critico progressivo: Bebida ao volante;Critico;Critico;0.37787144780158993;0.37787144780158993;R3_FALSE_KIN;38;73;36;1;59;21;0;0.05000000819563866;0.2443239688873291;0.11525377631187439;96;4
C03;C03;Critico: Celular sem cinto sob chuva;Critico;Critico;0.626667284965515;0.626667284965515;R2_STABLE_RISK;26;41;16;0;28;2;1;0.28449031710624695;0.19498296082019806;0.21822595596313477;96;4
C05;C05;Critico progressivo: Celular em rodovia;Critico;Critico;0.387540827691555;0.387540827691555;R3_FALSE_KIN;42;73;32;1;59;17;0;0.05000000819563866;0.31836602091789246;0.1283179074525833;96;4
C06;C06;Critico progressivo: Fadiga noturna;Critico;Critico;0.4493902921676636;0.4493902921676636;R1_NORMAL;36;81;46;1;62;26;1;0.34445643424987793;0.1536771059036255;0.11999250203371048;96;4
N03;N03;Normal: Noite estável;Normal;Normal;0.050000007078051564;0.050000007078051564;R2_STABLE_RISK;-1;-1;0;0;-1;-1;0;0.05000000819563866;0.030804112553596497;0.13427160680294037;96;4
C05;C05;Critico progressivo: Celular em rodovia;Critico;Critico;0.3934904977679252;0.3934904977679252;R1_NORMAL;42;73;32;1;58;16;0;0.05000000819563866;0.31723108887672424;0.1145690307021141;96;4
N02;N02;Normal: Urbano moderado;Normal;Normal;0.050000007078051564;0.050000007078051564;R2_STABLE_RISK;-1;-1;0;0;-1;-1;0;0.05000000819563866;0.030133195221424103;0.08763372898101807;96;4
C08;C08;Critico progressivo: Distracao urbana multietapas;Critico;Critico;0.5384449750185013;0.5384449750185013;R3_FALSE_KIN;28;77;50;1;50;22;1;0.2753550112247467;0.3237353563308716;0.15428036451339722;96;4
C01;C01;Critico: Celular em alta velocidade;Critico;Critico;0.29102678298950196;0.29102678298950196;R2_STABLE_RISK;32;44;13;0;34;2;0;0.05000000819563866;0.15397705137729645;0.11482616513967514;96;4
N03;N03;Normal: Noite estável;Normal;Normal;0.050000007078051564;0.050000007078051564;R1_NORMAL;-1;-1;0;0;-1;-1;0;0.05000000819563866;0.033823322504758835;0.12824714183807373;96;4
C04;C04;Critico: Multiplas distracoes urbanas;Critico;Critico;0.3713889718055725;0.3713889718055725;R1_NORMAL;22;45;24;0;24;2;0;0.05000000819563866;0.19366101920604706;0.1039329394698143;96;4
C03;C03;Critico: Celular sem cinto sob chuva;Critico;Critico;0.3752959698438644;0.3752959698438644;R3_FALSE_KIN;26;41;16;0;28;2;0;0.05000000819563866;0.19274424016475677;0.1158832237124443;96;4
C04;C04;Critico: Multiplas distracoes urbanas;Critico;Critico;0.3713889718055725;0.3713889718055725;R1_NORMAL;22;45;24;0;24;2;0;0.05000000819563866;0.20224721729755402;0.13373152911663055;96;4
C02;C02;Critico: Fadiga com desvio cinematico;Critico;Critico;0.39378328174352645;0.39378328174352645;R1_NORMAL;29;50;22;0;32;3;0;0.05000000819563866;0.10131874680519104;0.14046096801757812;96;4
C05;C05;Critico progressivo: Celular em rodovia;Critico;Critico;0.4817205876111984;0.4817205876111984;R2_STABLE_RISK;42;73;32;1;57;15;1;0.3020157516002655;0.3246723711490631;0.17643077671527863;96;4
C03;C03;Critico: Celular sem cinto sob chuva;Critico;Critico;0.608299395442009;0.608299395442009;R1_NORMAL;26;41;16;0;28;2;1;0.2655222713947296;0.19381225109100342;0.13485480844974518;96;4
N02;N02;Normal: Urbano moderado;Normal;Normal;0.050000007078051564;0.050000007078051564;R2_STABLE_RISK;-1;-1;0;0;-1;-1;0;0.05000000819563866;0.029486170038580894;0.08502522855997086;96;4
N02;N02;Normal: Urbano moderado;Normal;Normal;0.050000007078051564;0.050000007078051564;R2_STABLE_RISK;-1;-1;0;0;-1;-1;0;0.05000000819563866;0.03878914937376976;0.09694153070449829;96;4
C05;C05;Critico progressivo: Celular em rodovia;Critico;Critico;0.46194710731506344;0.46194710731506344;R2_STABLE_RISK;42;73;32;1;58;16;1;0.2539740800857544;0.3164840638637543;0.1704038828611374;96;4
N03;N03;Normal: Noite estável;Normal;Normal;0.050000007078051564;0.050000007078051564;R3_FALSE_KIN;-1;-1;0;0;-1;-1;0;0.05000000819563866;0.030636584386229515;0.10773331671953201;96;4
C10;C10;Critico progressivo: Grooming em rodovia com fadiga;Critico;Critico;0.3971724674105644;0.3971724674105644;R1_NORMAL;40;81;42;1;66;26;0;0.05000000819563866;0.20213599503040314;0.1436215490102768;96;4
C04;C04;Critico: Multiplas distracoes urbanas;Critico;Critico;0.3713889718055725;0.3713889718055725;R1_NORMAL;22;45;24;0;24;2;0;0.05000000819563866;0.20935654640197754;0.11055350303649902;96;4
N02;N02;Normal: Urbano moderado;Normal;Normal;0.050000007078051564;0.050000007078051564;R1_NORMAL;-1;-1;0;0;-1;-1;0;0.05000000819563866;0.03653952106833458;0.1000792607665062;96;4
C01;C01;Critico: Celular em alta velocidade;Critico;Critico;0.29102678298950196;0.29102678298950196;R2_STABLE_RISK;32;44;13;0;34;2;0;0.05000000819563866;0.15076351165771484;0.13718952238559723;96;4
N03;N03;Normal: Noite estável;Normal;Normal;0.050000007078051564;0.050000007078051564;R1_NORMAL;-1;-1;0;0;-1;-1;0;0.05000000819563866;0.027722539380192757;0.10657647997140884;96;4
N03;N03;Normal: Noite estável;Normal;Normal;0.050000007078051564;0.050000007078051564;R1_NORMAL;-1;-1;0;0;-1;-1;0;0.05000000819563866;0.030242374166846275;0.09706646203994751;96;4
C01;C01;Critico: Celular em alta velocidade;Critico;Critico;0.29102678298950196;0.29102678298950196;R2_STABLE_RISK;32;44;13;0;34;2;0;0.05000000819563866;0.1542740911245346;0.11772483587265015;96;4
C01;C01;Critico: Celular em alta velocidade;Critico;Critico;0.29102678298950196;0.29102678298950196;R1_NORMAL;32;44;13;0;34;2;0;0.05000000819563866;0.1483977735042572;0.1254464089870453;96;4
N02;N02;Normal: Urbano moderado;Normal;Normal;0.050000007078051564;0.050000007078051564;R3_FALSE_KIN;-1;-1;0;0;-1;-1;0;0.05000000819563866;0.031039804220199585;0.09771541506052017;96;4
C04;C04;Critico: Multiplas distracoes urbanas;Critico;Critico;0.5769524335861206;0.5769524335861206;R3_FALSE_KIN;22;45;24;0;24;2;1;0.25971683859825134;0.19895552098751068;0.19116325676441193;96;4
C02;C02;Critico: Fadiga com desvio cinematico;Critico;Critico;0.39378328174352645;0.39378328174352645;R3_FALSE_KIN;29;50;22;0;32;3;0;0.05000000819563866;0.10702114552259445;0.16049908101558685;96;4
C02;C02;Critico: Fadiga com desvio cinematico;Critico;Critico;0.39378328174352645;0.39378328174352645;R1_NORMAL;29;50;22;0;32;3;0;0.05000000819563866;0.09630349278450012;0.12115129083395004;96;4
C10;C10;Critico progressivo: Grooming em rodovia com fadiga;Critico;Critico;0.42151260823011394;0.42151260823011394;R1_NORMAL;40;81;42;1;60;20;0;0.05000000819563866;0.2122928649187088;0.14510026574134827;96;4
C04;C04;Critico: Multiplas distracoes urbanas;Critico;Critico;0.3713889718055725;0.3713889718055725;R2_STABLE_RISK;22;45;24;0;24;2;0;0.05000000819563866;0.2018718272447586;0.14141510426998138;96;4
C01;C01;Critico: Celular em alta velocidade;Critico;Critico;0.29102678298950196;0.29102678298950196;R2_STABLE_RISK;32;44;13;0;34;2;0;0.05000000819563866;0.15295976400375366;0.0858486220240593;96;4
C09;C09;Critico progressivo: Bebida ao volante;Critico;Critico;0.4689672917127609;0.4689672917127609;R3_FALSE_KIN;38;73;36;1;56;18;1;0.2491130381822586;0.2526305019855499;0.15039664506912231;96;4
C05;C05;Critico progressivo: Celular em rodovia;Critico;Critico;0.368484365940094;0.368484365940094;R3_FALSE_KIN;42;73;32;1;58;16;0;0.05000000819563866;0.31824004650115967;0.15468892455101013;96;4
C04;C04;Critico: Multiplas distracoes urbanas;Critico;Critico;0.3713889718055725;0.3713889718055725;R1_NORMAL;22;45;24;0;24;2;0;0.05000000819563866;0.1952071189880371;0.10091497749090195;96;4
C03;C03;Critico: Celular sem cinto sob chuva;Critico;Critico;0.3752959698438644;0.3752959698438644;R2_STABLE_RISK;26;41;16;0;28;2;0;0.05000000819563866;0.18063075840473175;0.1230320930480957;96;4
C06;C06;Critico progressivo: Fadiga noturna;Critico;Critico;0.43108636885881424;0.43108636885881424;R2_STABLE_RISK;36;81;46;1;65;29;0;0.05000000819563866;0.1550360471010208;0.06564068049192429;96;4
N03;N03;Normal: Noite estável;Normal;Normal;0.050000007078051564;0.050000007078051564;R1_NORMAL;-1;-1;0;0;-1;-1;0;0.05000000819563866;0.031874243170022964;0.1393156200647354;96;4
N01;N01;Normal: Viagem tranquila em rodovia;Normal;Normal;0.050000007078051564;0.050000007078051564;R1_NORMAL;-1;-1;0;0;-1;-1;0;0.05000000819563866;0.028354845941066742;0.14105726778507233;96;4
N03;N03;Normal: Noite estável;Normal;Normal;0.050000007078051564;0.050000007078051564;R3_FALSE_KIN;-1;-1;0;0;-1;-1;0;0.05000000819563866;0.027054930105805397;0.07467206567525864;96;4
C04;C04;Critico: Multiplas distracoes urbanas;Critico;Critico;0.5785613387823104;0.5785613387823104;R1_NORMAL;22;45;24;0;24;2;1;0.26762551069259644;0.20551235973834991;0.19370298087596893;96;4
C09;C09;Critico progressivo: Bebida ao volante;Critico;Critico;0.383945332467556;0.383945332467556;R1_NORMAL;38;73;36;1;57;19;0;0.05000000819563866;0.24568475782871246;0.14399884641170502;96;4
C05;C05;Critico progressivo: Celular em rodovia;Critico;Critico;0.3800503373146057;0.3800503373146057;R2_STABLE_RISK;42;73;32;1;58;16;0;0.05000000819563866;0.31344112753868103;0.2061297446489334;96;4
C07;C07;Critico progressivo: Sem cinto sob chuva;Critico;Critico;0.46800916492938993;0.46800916492938993;R2_STABLE_RISK;37;75;39;1;57;20;1;0.29168078303337097;0.37591472268104553;0.12766961753368378;96;4
N03;N03;Normal: Noite estável;Normal;Normal;0.050000007078051564;0.050000007078051564;R1_NORMAL;-1;-1;0;0;-1;-1;0;0.05000000819563866;0.028366485610604286;0.11228302866220474;96;4
C05;C05;Critico progressivo: Celular em rodovia;Critico;Critico;0.4567266821861267;0.4567266821861267;R1_NORMAL;42;73;32;1;57;15;1;0.2846467196941376;0.33007559180259705;0.146274596452713;96;4
C03;C03;Critico: Celular sem cinto sob chuva;Critico;Critico;0.3752959698438644;0.3752959698438644;R2_STABLE_RISK;26;41;16;0;28;2;0;0.05000000819563866;0.18367190659046173;0.12645412981510162;96;4
C06;C06;Critico progressivo: Fadiga noturna;Critico;Critico;0.4329185202717781;0.4329185202717781;R3_FALSE_KIN;36;81;46;1;60;24;0;0.05000000819563866;0.15824924409389496;0.09183311462402344;96;4
C03;C03;Critico: Celular sem cinto sob chuva;Critico;Critico;0.6204685896635055;0.6204685896635055;R1_NORMAL;26;41;16;0;28;2;1;0.25419601798057556;0.1860455721616745;0.21139740943908691;96;4
C09;C09;Critico progressivo: Bebida ao volante;Critico;Critico;0.46981231868267054;0.46981231868267054;R2_STABLE_RISK;38;73;36;1;60;22;1;0.31067943572998047;0.2464369684457779;0.1489505022764206;96;4
C08;C08;Critico progressivo: Distracao urbana multietapas;Critico;Critico;0.42001475840806957;0.42001475840806957;R1_NORMAL;28;77;50;1;54;26;0;0.05000000819563866;0.31740716099739075;0.14491452276706696;96;4
C03;C03;Critico: Celular sem cinto sob chuva;Critico;Critico;0.3752959698438644;0.3752959698438644;R1_NORMAL;26;41;16;0;28;2;0;0.05000000819563866;0.18277962505817413;0.09374264627695084;96;4
C05;C05;Critico progressivo: Celular em rodovia;Critico;Critico;0.3689627662301064;0.3689627662301064;R3_FALSE_KIN;42;73;32;1;59;17;0;0.05000000819563866;0.3142935335636139;0.12853401899337769;96;4
C08;C08;Critico progressivo: Distracao urbana multietapas;Critico;Critico;0.43811117112636566;0.43811117112636566;R2_STABLE_RISK;28;77;50;1;53;25;0;0.05000000819563866;0.3138410151004791;0.14930827915668488;96;4
C10;C10;Critico progressivo: Grooming em rodovia com fadiga;Critico;Critico;0.434013494849205;0.434013494849205;R1_NORMAL;40;81;42;1;61;21;1;0.33185282349586487;0.20089773833751678;0.13772593438625336;96;4
C07;C07;Critico progressivo: Sem cinto sob chuva;Critico;Critico;0.4011358574032783;0.4011358574032783;R3_FALSE_KIN;37;75;39;1;61;24;0;0.05000000819563866;0.3738921582698822;0.1343180239200592;96;4
N03;N03;Normal: Noite estável;Normal;Normal;0.050000007078051564;0.050000007078051564;R2_STABLE_RISK;-1;-1;0;0;-1;-1;0;0.05000000819563866;0.027487188577651978;0.10236522555351257;96;4
C09;C09;Critico progressivo: Bebida ao volante;Critico;Critico;0.5102559953927993;0.5102559953927993;R1_NORMAL;38;73;36;1;52;14;1;0.26996102929115295;0.2604060471057892;0.15052439272403717;96;4
C06;C06;Critico progressivo: Fadiga noturna;Critico;Critico;0.43244134187698363;0.43244134187698363;R1_NORMAL;36;81;46;1;56;20;0;0.05000000819563866;0.15464790165424347;0.11183911561965942;96;4
N01;N01;Normal: Viagem tranquila em rodovia;Normal;Normal;0.050000007078051564;0.050000007078051564;R3_FALSE_KIN;-1;-1;0;0;-1;-1;0;0.05000000819563866;0.029408207163214684;0.11882369965314865;96;4
C02;C02;Critico: Fadiga com desvio cinematico;Critico;Critico;0.39378328174352645;0.39378328174352645;R1_NORMAL;29;50;22;0;32;3;0;0.05000000819563866;0.0982152447104454;0.13835041224956512;96;4
C01;C01;Critico: Celular em alta velocidade;Critico;Critico;0.5347540348768234;0.5347540348768234;R1_NORMAL;32;44;13;0;34;2;1;0.2588716447353363;0.15812204778194427;0.15319128334522247;96;4
C03;C03;Critico: Celular sem cinto sob chuva;Critico;Critico;0.6049903333187103;0.6049903333187103;R3_FALSE_KIN;26;41;16;0;28;2;1;0.20317302644252777;0.18909527361392975;0.1879296898841858;96;4
C03;C03;Critico: Celular sem cinto sob chuva;Critico;Critico;0.3752959698438644;0.3752959698438644;R2_STABLE_RISK;26;41;16;0;28;2;0;0.05000000819563866;0.18225149810314178;0.13282719254493713;96;4
C06;C06;Critico progressivo: Fadiga noturna;Critico;Critico;0.3965526565909385;0.3965526565909385;R1_NORMAL;36;81;46;1;62;26;0;0.05000000819563866;0.15015307068824768;0.13606248795986176;96;4
C08;C08;Critico progressivo: Distracao urbana multietapas;Critico;Critico;0.4576012700796127;0.4576012700796127;R1_NORMAL;28;77;50;1;53;25;0;0.05000000819563866;0.3181668221950531;0.13808909058570862;96;4
C01;C01;Critico: Celular em alta velocidade;Critico;Critico;0.29102678298950196;0.29102678298950196;R1_NORMAL;32;44;13;0;34;2;0;0.05000000819563866;0.16298873722553253;0.09292148798704147;96;4
C07;C07;Critico progressivo: Sem cinto sob chuva;Critico;Critico;0.4055298924446106;0.4055298924446106;R2_STABLE_RISK;37;75;39;1;57;20;0;0.05000000819563866;0.3737722933292389;0.13809889554977417;96;4
C06;C06;Critico progressivo: Fadiga noturna;Critico;Critico;0.42949356883764267;0.42949356883764267;R1_NORMAL;36;81;46;1;58;22;0;0.05000000819563866;0.15918143093585968;0.16047988831996918;96;4
C04;C04;Critico: Multiplas distracoes urbanas;Critico;Critico;0.3713889718055725;0.3713889718055725;R1_NORMAL;22;45;24;0;24;2;0;0.05000000819563866;0.20871341228485107;0.12199866026639938;96;4
C07;C07;Critico progressivo: Sem cinto sob chuva;Critico;Critico;0.3919185116887092;0.3919185116887092;R1_NORMAL;37;75;39;1;57;20;0;0.05000000819563866;0.3787499666213989;0.1384132206439972;96;4
C05;C05;Critico progressivo: Celular em rodovia;Critico;Critico;0.3782743081450462;0.3782743081450462;R3_FALSE_KIN;42;73;32;1;58;16;0;0.05000000819563866;0.319339781999588;0.15281635522842407;96;4
C03;C03;Critico: Celular sem cinto sob chuva;Critico;Critico;0.3752959698438644;0.3752959698438644;R3_FALSE_KIN;26;41;16;0;28;2;0;0.05000000819563866;0.18102101981639862;0.11980605870485306;96;4
N03;N03;Normal: Noite estável;Normal;Normal;0.050000007078051564;0.050000007078051564;R1_NORMAL;-1;-1;0;0;-1;-1;0;0.05000000819563866;0.035017114132642746;0.07173696160316467;96;4
C02;C02;Critico: Fadiga com desvio cinematico;Critico;Critico;0.5979948729276656;0.5979948729276656;R1_NORMAL;29;50;22;0;32;3;1;0.2783510088920593;0.09332433342933655;0.14283119142055511;96;4
N03;N03;Normal: Noite estável;Normal;Normal;0.050000007078051564;0.050000007078051564;R1_NORMAL;-1;-1;0;0;-1;-1;0;0.05000000819563866;0.02512286603450775;0.08904147148132324;96;4
N02;N02;Normal: Urbano moderado;Normal;Normal;0.050000007078051564;0.050000007078051564;R1_NORMAL;-1;-1;0;0;-1;-1;0;0.05000000819563866;0.03298809751868248;0.1179959774017334;96;4
C10;C10;Critico progressivo: Grooming em rodovia com fadiga;Critico;Critico;0.41282763034105296;0.41282763034105296;R3_FALSE_KIN;40;81;42;1;63;23;0;0.05000000819563866;0.19564495980739594;0.09586779028177261;96;4
C06;C06;Critico progressivo: Fadiga noturna;Critico;Critico;0.5111190527677536;0.5111190527677536;R1_NORMAL;36;81;46;1;62;26;1;0.37582874298095703;0.1606983095407486;0.111020028591156;96;4
C10;C10;Critico progressivo: Grooming em rodovia com fadiga;Critico;Critico;0.4314909294247627;0.4314909294247627;R2_STABLE_RISK;40;81;42;1;63;23;0;0.05000000819563866;0.20448808372020721;0.14520911872386932;96;4
C09;C09;Critico progressivo: Bebida ao volante;Critico;Critico;0.3736664995551109;0.3736664995551109;R1_NORMAL;38;73;36;1;56;18;0;0.05000000819563866;0.24580435454845428;0.1274627447128296;96;4
C04;C04;Critico: Multiplas distracoes urbanas;Critico;Critico;0.3713889718055725;0.3713889718055725;R1_NORMAL;22;45;24;0;24;2;0;0.05000000819563866;0.1996866911649704;0.12212999910116196;96;4
C01;C01;Critico: Celular em alta velocidade;Critico;Critico;0.29102678298950196;0.29102678298950196;R3_FALSE_KIN;32;44;13;0;34;2;0;0.05000000819563866;0.159976065158844;0.11217641830444336;96;4
C09;C09;Critico progressivo: Bebida ao volante;Critico;Critico;0.45299097895622253;0.45299097895622253;R1_NORMAL;38;73;36;1;61;23;1;0.23941875994205475;0.248346209526062;0.14770974218845367;96;4
C03;C03;Critico: Celular sem cinto sob chuva;Critico;Critico;0.3752959698438644;0.3752959698438644;R1_NORMAL;26;41;16;0;28;2;0;0.05000000819563866;0.1844477653503418;0.12188827991485596;96;4
C10;C10;Critico progressivo: Grooming em rodovia com fadiga;Critico;Critico;0.4271294176578522;0.4271294176578522;R2_STABLE_RISK;40;81;42;1;60;20;0;0.05000000819563866;0.20766079425811768;0.13862483203411102;96;4
C03;C03;Critico: Celular sem cinto sob chuva;Critico;Critico;0.3752959698438644;0.3752959698438644;R2_STABLE_RISK;26;41;16;0;28;2;0;0.05000000819563866;0.19406867027282715;0.10372394323348999;96;4
C06;C06;Critico progressivo: Fadiga noturna;Critico;Critico;0.4543580710887909;0.4543580710887909;R1_NORMAL;36;81;46;1;62;26;1;0.3314468562602997;0.16402240097522736;0.1250915378332138;96;4
N03;N03;Normal: Noite estável;Normal;Normal;0.050000007078051564;0.050000007078051564;R3_FALSE_KIN;-1;-1;0;0;-1;-1;0;0.05000000819563866;0.032284073531627655;0.0953410193324089;96;4
C04;C04;Critico: Multiplas distracoes urbanas;Critico;Critico;0.3713889718055725;0.3713889718055725;R1_NORMAL;22;45;24;0;24;2;0;0.05000000819563866;0.203436017036438;0.15705181658267975;96;4
C01;C01;Critico: Celular em alta velocidade;Critico;Critico;0.29102678298950196;0.29102678298950196;R2_STABLE_RISK;32;44;13;0;34;2;0;0.05000000819563866;0.1516721546649933;0.0930517315864563;96;4
C10;C10;Critico progressivo: Grooming em rodovia com fadiga;Critico;Critico;0.4266309693455696;0.4266309693455696;R1_NORMAL;40;81;42;1;63;23;0;0.05000000819563866;0.21132509410381317;0.12697988748550415;96;4
C09;C09;Critico progressivo: Bebida ao volante;Critico;Critico;0.4166672825813293;0.4166672825813293;R1_NORMAL;38;73;36;1;55;17;0;0.05000000819563866;0.252142071723938;0.1383206993341446;96;4
C01;C01;Critico: Celular em alta velocidade;Critico;Critico;0.29102678298950196;0.29102678298950196;R1_NORMAL;32;44;13;0;34;2;0;0.05000000819563866;0.1508021503686905;0.11964555829763412;96;4
C07;C07;Critico progressivo: Sem cinto sob chuva;Critico;Critico;0.41755205392837524;0.41755205392837524;R3_FALSE_KIN;37;75;39;1;54;17;0;0.05000000819563866;0.3864239752292633;0.10711751133203506;96;4
C04;C04;Critico: Multiplas distracoes urbanas;Critico;Critico;0.5639534264802932;0.5639534264802932;R1_NORMAL;22;45;24;0;24;2;1;0.1986231952905655;0.2052987813949585;0.15375901758670807;96;4
C06;C06;Critico progressivo: Fadiga noturna;Critico;Critico;0.4206697717308998;0.4206697717308998;R2_STABLE_RISK;36;81;46;1;59;23;0;0.05000000819563866;0.16194401681423187;0.11143554002046585;96;4
C04;C04;Critico: Multiplas distracoes urbanas;Critico;Critico;0.3713889718055725;0.3713889718055725;R1_NORMAL;22;45;24;0;24;2;0;0.05000000819563866;0.20263783633708954;0.13595183193683624;96;4
C09;C09;Critico progressivo: Bebida ao volante;Critico;Critico;0.3936221346259117;0.3936221346259117;R1_NORMAL;38;73;36;1;59;21;0;0.05000000819563866;0.2442314177751541;0.15940643846988678;96;4
C04;C04;Critico: Multiplas distracoes urbanas;Critico;Critico;0.3713889718055725;0.3713889718055725;R1_NORMAL;22;45;24;0;24;2;0;0.05000000819563866;0.2038133144378662;0.20419184863567352;96;4
C01;C01;Critico: Celular em alta velocidade;Critico;Critico;0.5300005942583084;0.5300005942583084;R1_NORMAL;32;44;13;0;34;2;1;0.23656964302062988;0.15955592691898346;0.1719708889722824;96;4
C04;C04;Critico: Multiplas distracoes urbanas;Critico;Critico;0.3713889718055725;0.3713889718055725;R2_STABLE_RISK;22;45;24;0;24;2;0;0.05000000819563866;0.20098614692687988;0.1442849189043045;96;4
C07;C07;Critico progressivo: Sem cinto sob chuva;Critico;Critico;0.4216841354966164;0.4216841354966164;R1_NORMAL;37;75;39;1;58;21;0;0.05000000819563866;0.37774649262428284;0.1344199776649475;96;4
C04;C04;Critico: Multiplas distracoes urbanas;Critico;Critico;0.3713889718055725;0.3713889718055725;R1_NORMAL;22;45;24;0;24;2;0;0.05000000819563866;0.19932635128498077;0.14867852628231049;96;4
N02;N02;Normal: Urbano moderado;Normal;Normal;0.050000007078051564;0.050000007078051564;R3_FALSE_KIN;-1;-1;0;0;-1;-1;0;0.05000000819563866;0.029035106301307678;0.08852801471948624;96;4
C05;C05;Critico progressivo: Celular em rodovia;Critico;Critico;0.39118900895118713;0.39118900895118713;R3_FALSE_KIN;42;73;32;1;61;19;0;0.05000000819563866;0.3203331530094147;0.13153360784053802;96;4
C07;C07;Critico progressivo: Sem cinto sob chuva;Critico;Critico;0.470171970129013;0.470171970129013;R2_STABLE_RISK;37;75;39;1;58;21;1;0.3267378509044647;0.37844738364219666;0.16375817358493805;96;4
C01;C01;Critico: Celular em alta velocidade;Critico;Critico;0.5278235048055648;0.5278235048055648;R2_STABLE_RISK;32;44;13;0;34;2;1;0.22635556757450104;0.1528148353099823;0.13166913390159607;96;4
C09;C09;Critico progressivo: Bebida ao volante;Critico;Critico;0.41644380837678907;0.41644380837678907;R1_NORMAL;38;73;36;1;57;19;0;0.05000000819563866;0.25254106521606445;0.14378051459789276;96;4
C08;C08;Critico progressivo: Distracao urbana multietapas;Critico;Critico;0.4575860947370529;0.4575860947370529;R2_STABLE_RISK;28;77;50;1;56;28;0;0.05000000819563866;0.3124516010284424;0.18788792192935944;96;4
C09;C09;Critico progressivo: Bebida ao volante;Critico;Critico;0.3964600920677185;0.3964600920677185;R2_STABLE_RISK;38;73;36;1;56;18;0;0.05000000819563866;0.25051575899124146;0.11425435543060303;96;4
C01;C01;Critico: Celular em alta velocidade;Critico;Critico;0.5253121376037597;0.5253121376037597;R2_STABLE_RISK;32;44;13;0;34;2;1;0.21457314491271973;0.15247322618961334;0.17625682055950165;96;4
C08;C08;Critico progressivo: Distracao urbana multietapas;Critico;Critico;0.4637008637189865;0.4637008637189865;R2_STABLE_RISK;28;77;50;1;56;28;0;0.05000000819563866;0.32113444805145264;0.19272290170192719;96;4
C07;C07;Critico progressivo: Sem cinto sob chuva;Critico;Critico;0.4034148886799812;0.4034148886799812;R1_NORMAL;37;75;39;1;61;24;0;0.05000000819563866;0.37994012236595154;0.09424259513616562;96;4
C09;C09;Critico progressivo: Bebida ao volante;Critico;Critico;0.4543360620737076;0.4543360620737076;R2_STABLE_RISK;38;73;36;1;61;23;1;0.2765854299068451;0.24803410470485687;0.14092732965946198;96;4
N01;N01;Normal: Viagem tranquila em rodovia;Normal;Normal;0.050000007078051564;0.050000007078051564;R1_NORMAL;-1;-1;0;0;-1;-1;0;0.05000000819563866;0.032356876879930496;0.132417693734169;96;4
C04;C04;Critico: Multiplas distracoes urbanas;Critico;Critico;0.3713889718055725;0.3713889718055725;R1_NORMAL;22;45;24;0;24;2;0;0.05000000819563866;0.20582453906536102;0.12738515436649323;96;4
C04;C04;Critico: Multiplas distracoes urbanas;Critico;Critico;0.5658888965845108;0.5658888965845108;R2_STABLE_RISK;22;45;24;0;24;2;1;0.23594187200069427;0.20602446794509888;0.21051503717899323;96;4
C05;C05;Critico progressivo: Celular em rodovia;Critico;Critico;0.37812718749046326;0.37812718749046326;R1_NORMAL;42;73;32;1;61;19;0;0.05000000819563866;0.31755688786506653;0.11590919643640518;96;4
N02;N02;Normal: Urbano moderado;Normal;Normal;0.050000007078051564;0.050000007078051564;R1_NORMAL;-1;-1;0;0;-1;-1;0;0.05000000819563866;0.03410561382770538;0.097341388463974;96;4
C08;C08;Critico progressivo: Distracao urbana multietapas;Critico;Critico;0.435315166413784;0.435315166413784;R3_FALSE_KIN;28;77;50;1;55;27;0;0.05000000819563866;0.3192044198513031;0.17419596016407013;96;4
N01;N01;Normal: Viagem tranquila em rodovia;Normal;Normal;0.050000007078051564;0.050000007078051564;R2_STABLE_RISK;-1;-1;0;0;-1;-1;0;0.05000000819563866;0.0295597855001688;0.09508395195007324;96;4
C02;C02;Critico: Fadiga com desvio cinematico;Critico;Critico;0.5899206072092056;0.5899206072092056;R3_FALSE_KIN;29;50;22;0;32;3;1;0.2334892600774765;0.10129155963659286;0.1874329298734665;96;4
C02;C02;Critico: Fadiga com desvio cinematico;Critico;Critico;0.5959027826786041;0.5959027826786041;R1_NORMAL;29;50;22;0;32;3;1;0.2747478783130646;0.09538927674293518;0.13902293145656586;96;4
C03;C03;Critico: Celular sem cinto sob chuva;Critico;Critico;0.6100598335266112;0.6100598335266112;R2_STABLE_RISK;26;41;16;0;28;2;1;0.20712940394878387;0.18795382976531982;0.19485513865947723;96;4
N02;N02;Normal: Urbano moderado;Normal;Normal;0.050000007078051564;0.050000007078051564;R3_FALSE_KIN;-1;-1;0;0;-1;-1;0;0.05000000819563866;0.034194424748420715;0.12480109930038452;96;4
C09;C09;Critico progressivo: Bebida ao volante;Critico;Critico;0.39678606837987895;0.39678606837987895;R1_NORMAL;38;73;36;1;58;20;0;0.05000000819563866;0.2522888481616974;0.10818732529878616;96;4
C10;C10;Critico progressivo: Grooming em rodovia com fadiga;Critico;Critico;0.4179347112774848;0.4179347112774848;R1_NORMAL;40;81;42;1;66;26;0;0.05000000819563866;0.19535575807094574;0.07898479700088501;96;4
C03;C03;Critico: Celular sem cinto sob chuva;Critico;Critico;0.3752959698438644;0.3752959698438644;R3_FALSE_KIN;26;41;16;0;28;2;0;0.05000000819563866;0.1902281790971756;0.1252647340297699;96;4
C07;C07;Critico progressivo: Sem cinto sob chuva;Critico;Critico;0.40499202460050576;0.40499202460050576;R2_STABLE_RISK;37;75;39;1;62;25;0;0.05000000819563866;0.3693218231201172;0.0957314744591713;96;4
C09;C09;Critico progressivo: Bebida ao volante;Critico;Critico;0.4057253524661064;0.4057253524661064;R1_NORMAL;38;73;36;1;59;21;0;0.05000000819563866;0.2524167001247406;0.1425648182630539;96;4
C10;C10;Critico progressivo: Grooming em rodovia com fadiga;Critico;Critico;0.45531074702739716;0.45531074702739716;R1_NORMAL;40;81;42;1;60;20;1;0.3303866684436798;0.20555423200130463;0.15879672765731812;96;4
C01;C01;Critico: Celular em alta velocidade;Critico;Critico;0.5347668439149855;0.5347668439149855;R2_STABLE_RISK;32;44;13;0;34;2;1;0.26195669174194336;0.15613189339637756;0.17789863049983978;96;4
C10;C10;Critico progressivo: Grooming em rodovia com fadiga;Critico;Critico;0.39388825148344037;0.39388825148344037;R2_STABLE_RISK;40;81;42;1;64;24;0;0.05000000819563866;0.19869345426559448;0.1103157177567482;96;4
N03;N03;Normal: Noite estável;Normal;Normal;0.050000007078051564;0.050000007078051564;R1_NORMAL;-1;-1;0;0;-1;-1;0;0.05000000819563866;0.026376424357295036;0.10685458779335022;96;4
C03;C03;Critico: Celular sem cinto sob chuva;Critico;Critico;0.6159108430147171;0.6159108430147171;R2_STABLE_RISK;26;41;16;0;28;2;1;0.22645656764507294;0.18933303654193878;0.17076046764850616;96;4
C09;C09;Critico progressivo: Bebida ao volante;Critico;Critico;0.46747243106365205;0.46747243106365205;R1_NORMAL;38;73;36;1;55;17;1;0.27633094787597656;0.2542071044445038;0.1685934215784073;96;4
N01;N01;Normal: Viagem tranquila em rodovia;Normal;Normal;0.050000007078051564;0.050000007078051564;R2_STABLE_RISK;-1;-1;0;0;-1;-1;0;0.05000000819563866;0.0318300761282444;0.10429372638463974;96;4
N02;N02;Normal: Urbano moderado;Normal;Normal;0.050000007078051564;0.050000007078051564;R2_STABLE_RISK;-1;-1;0;0;-1;-1;0;0.05000000819563866;0.031032592058181763;0.09344730526208878;96;4
C09;C09;Critico progressivo: Bebida ao volante;Critico;Critico;0.4162269845604896;0.4162269845604896;R2_STABLE_RISK;38;73;36;1;56;18;0;0.05000000819563866;0.2508353292942047;0.10887990146875381;96;4
C07;C07;Critico progressivo: Sem cinto sob chuva;Critico;Critico;0.39833464622497555;0.39833464622497555;R1_NORMAL;37;75;39;1;56;19;0;0.05000000819563866;0.3704996109008789;0.1222202256321907;96;4
N01;N01;Normal: Viagem tranquila em rodovia;Normal;Normal;0.050000007078051564;0.050000007078051564;R2_STABLE_RISK;-1;-1;0;0;-1;-1;0;0.05000000819563866;0.03330380097031593;0.09052779525518417;96;4
C04;C04;Critico: Multiplas distracoes urbanas;Critico;Critico;0.3713889718055725;0.3713889718055725;R2_STABLE_RISK;22;45;24;0;24;2;0;0.05000000819563866;0.20332778990268707;0.13477158546447754;96;4
C08;C08;Critico progressivo: Distracao urbana multietapas;Critico;Critico;0.4484020799398422;0.4484020799398422;R2_STABLE_RISK;28;77;50;1;54;26;0;0.05000000819563866;0.308752179145813;0.20116735994815826;96;4
C06;C06;Critico progressivo: Fadiga noturna;Critico;Critico;0.44007328152656555;0.44007328152656555;R1_NORMAL;36;81;46;1;63;27;0;0.05000000819563866;0.16116291284561157;0.12769779562950134;96;4
C01;C01;Critico: Celular em alta velocidade;Critico;Critico;0.29102678298950196;0.29102678298950196;R3_FALSE_KIN;32;44;13;0;34;2;0;0.05000000819563866;0.15202085673809052;0.16950242221355438;96;4
C05;C05;Critico progressivo: Celular em rodovia;Critico;Critico;0.3648479118943214;0.3648479118943214;R1_NORMAL;42;73;32;1;58;16;0;0.05000000819563866;0.3167564570903778;0.17089371383190155;96;4
C08;C08;Critico progressivo: Distracao urbana multietapas;Critico;Critico;0.5052503317594528;0.5052503317594528;R2_STABLE_RISK;28;77;50;1;49;21;1;0.32640182971954346;0.3228297531604767;0.2346976399421692;96;4
N01;N01;Normal: Viagem tranquila em rodovia;Normal;Normal;0.050000007078051564;0.050000007078051564;R3_FALSE_KIN;-1;-1;0;0;-1;-1;0;0.05000000819563866;0.040508441627025604;0.0746382623910904;96;4
N02;N02;Normal: Urbano moderado;Normal;Normal;0.050000007078051564;0.050000007078051564;R2_STABLE_RISK;-1;-1;0;0;-1;-1;0;0.05000000819563866;0.034667592495679855;0.07783540338277817;96;4
N03;N03;Normal: Noite estável;Normal;Normal;0.050000007078051564;0.050000007078051564;R1_NORMAL;-1;-1;0;0;-1;-1;0;0.05000000819563866;0.029636478051543236;0.14498238265514374;96;4
C04;C04;Critico: Multiplas distracoes urbanas;Critico;Critico;0.5624407380819321;0.5624407380819321;R2_STABLE_RISK;22;45;24;0;24;2;1;0.1977730244398117;0.20286135375499725;0.17490744590759277;96;4
C03;C03;Critico: Celular sem cinto sob chuva;Critico;Critico;0.3752959698438644;0.3752959698438644;R1_NORMAL;26;41;16;0;28;2;0;0.05000000819563866;0.18060092628002167;0.11042263358831406;96;4
C04;C04;Critico: Multiplas distracoes urbanas;Critico;Critico;0.3713889718055725;0.3713889718055725;R3_FALSE_KIN;22;45;24;0;24;2;0;0.05000000819563866;0.20349927246570587;0.09216898679733276;96;4
C07;C07;Critico progressivo: Sem cinto sob chuva;Critico;Critico;0.4003901258111;0.4003901258111;R3_FALSE_KIN;37;75;39;1;57;20;0;0.05000000819563866;0.379526287317276;0.10978110879659653;96;4
C08;C08;Critico progressivo: Distracao urbana multietapas;Critico;Critico;0.4646686762571335;0.4646686762571335;R1_NORMAL;28;77;50;1;54;26;0;0.05000000819563866;0.3184872567653656;0.1707221269607544;96;4
C07;C07;Critico progressivo: Sem cinto sob chuva;Critico;Critico;0.40059572011232375;0.40059572011232375;R1_NORMAL;37;75;39;1;54;17;0;0.05000000819563866;0.39140018820762634;0.16188475489616394;96;4
N03;N03;Normal: Noite estável;Normal;Normal;0.050000007078051564;0.050000007078051564;R3_FALSE_KIN;-1;-1;0;0;-1;-1;0;0.05000000819563866;0.028127094730734825;0.1018550768494606;96;4
C06;C06;Critico progressivo: Fadiga noturna;Critico;Critico;0.48715348541736603;0.48715348541736603;R2_STABLE_RISK;36;81;46;1;58;22;1;0.3088861405849457;0.1658543348312378;0.11822279542684555;96;4
N03;N03;Normal: Noite estável;Normal;Normal;0.050000007078051564;0.050000007078051564;R1_NORMAL;-1;-1;0;0;-1;-1;0;0.05000000819563866;0.027024127542972565;0.08999224752187729;96;4
N03;N03;Normal: Noite estável;Normal;Normal;0.050000007078051564;0.050000007078051564;R2_STABLE_RISK;-1;-1;0;0;-1;-1;0;0.05000000819563866;0.036468084901571274;0.12731584906578064;96;4
N03;N03;Normal: Noite estável;Normal;Normal;0.050000007078051564;0.050000007078051564;R3_FALSE_KIN;-1;-1;0;0;-1;-1;0;0.05000000819563866;0.030471013858914375;0.10810139030218124;96;4
C08;C08;Critico progressivo: Distracao urbana multietapas;Critico;Critico;0.45898879468441006;0.45898879468441006;R1_NORMAL;28;77;50;1;54;26;0;0.05000000819563866;0.32306358218193054;0.16571661829948425;96;4
N02;N02;Normal: Urbano moderado;Normal;Normal;0.050000007078051564;0.050000007078051564;R1_NORMAL;-1;-1;0;0;-1;-1;0;0.05000000819563866;0.024983488023281097;0.09584039449691772;96;4
C10;C10;Critico progressivo: Grooming em rodovia com fadiga;Critico;Critico;0.43187379091978073;0.43187379091978073;R1_NORMAL;40;81;42;1;60;20;0;0.05000000819563866;0.20565247535705566;0.14404337108135223;96;4
C10;C10;Critico progressivo: Grooming em rodovia com fadiga;Critico;Critico;0.40843849331140514;0.40843849331140514;R1_NORMAL;40;81;42;1;57;17;0;0.05000000819563866;0.20583026111125946;0.10866466909646988;96;4
N02;N02;Normal: Urbano moderado;Normal;Normal;0.050000007078051564;0.050000007078051564;R2_STABLE_RISK;-1;-1;0;0;-1;-1;0;0.05000000819563866;0.027395635843276978;0.0865638479590416;96;4
C10;C10;Critico progressivo: Grooming em rodovia com fadiga;Critico;Critico;0.44299581944942473;0.44299581944942473;R2_STABLE_RISK;40;81;42;1;61;21;1;0.3071891665458679;0.19989013671875;0.12553739547729492;96;4
C07;C07;Critico progressivo: Sem cinto sob chuva;Critico;Critico;0.37412600368261334;0.37412600368261334;R1_NORMAL;37;75;39;1;59;22;0;0.05000000819563866;0.3687933385372162;0.12706220149993896;96;4
C05;C05;Critico progressivo: Celular em rodovia;Critico;Critico;0.4867469161748886;0.4867469161748886;R2_STABLE_RISK;42;73;32;1;60;18;1;0.281065970659256;0.3244059979915619;0.13624019920825958;96;4
N02;N02;Normal: Urbano moderado;Normal;Normal;0.050000007078051564;0.050000007078051564;R1_NORMAL;-1;-1;0;0;-1;-1;0;0.05000000819563866;0.0318119078874588;0.09258049726486206;96;4
C08;C08;Critico progressivo: Distracao urbana multietapas;Critico;Critico;0.448264105618;0.448264105618;R3_FALSE_KIN;28;77;50;1;58;30;0;0.05000000819563866;0.3174698054790497;0.1333955079317093;96;4
C10;C10;Critico progressivo: Grooming em rodovia com fadiga;Critico;Critico;0.41421805173158643;0.41421805173158643;R2_STABLE_RISK;40;81;42;1;59;19;0;0.05000000819563866;0.20523373782634735;0.08818244934082031;96;4
C01;C01;Critico: Celular em alta velocidade;Critico;Critico;0.29102678298950196;0.29102678298950196;R1_NORMAL;32;44;13;0;34;2;0;0.05000000819563866;0.14916262030601501;0.11135130375623703;96;4
C04;C04;Critico: Multiplas distracoes urbanas;Critico;Critico;0.3713889718055725;0.3713889718055725;R1_NORMAL;22;45;24;0;24;2;0;0.05000000819563866;0.20175530016422272;0.15636685490608215;96;4
C04;C04;Critico: Multiplas distracoes urbanas;Critico;Critico;0.3713889718055725;0.3713889718055725;R2_STABLE_RISK;22;45;24;0;24;2;0;0.05000000819563866;0.20386141538619995;0.141330286860466;96;4
C05;C05;Critico progressivo: Celular em rodovia;Critico;Critico;0.3968485787510872;0.3968485787510872;R2_STABLE_RISK;42;73;32;1;59;17;0;0.05000000819563866;0.31749024987220764;0.11700526624917984;96;4
C08;C08;Critico progressivo: Distracao urbana multietapas;Critico;Critico;0.5285639315843582;0.5285639315843582;R2_STABLE_RISK;28;77;50;1;52;24;1;0.27768006920814514;0.3165266513824463;0.18555979430675507;96;4
N01;N01;Normal: Viagem tranquila em rodovia;Normal;Normal;0.050000007078051564;0.050000007078051564;R3_FALSE_KIN;-1;-1;0;0;-1;-1;0;0.05000000819563866;0.033322419971227646;0.07856105268001556;96;4
N01;N01;Normal: Viagem tranquila em rodovia;Normal;Normal;0.050000007078051564;0.050000007078051564;R3_FALSE_KIN;-1;-1;0;0;-1;-1;0;0.05000000819563866;0.0339265875518322;0.11647287011146545;96;4
C01;C01;Critico: Celular em alta velocidade;Critico;Critico;0.29102678298950196;0.29102678298950196;R1_NORMAL;32;44;13;0;34;2;0;0.05000000819563866;0.15282763540744781;0.19353574514389038;96;4
C05;C05;Critico progressivo: Celular em rodovia;Critico;Critico;0.3777537390589714;0.3777537390589714;R3_FALSE_KIN;42;73;32;1;61;19;0;0.05000000819563866;0.31441640853881836;0.14330647885799408;96;4
C02;C02;Critico: Fadiga com desvio cinematico;Critico;Critico;0.5893366247415542;0.5893366247415542;R1_NORMAL;29;50;22;0;32;3;1;0.22431224584579468;0.09588081389665604;0.1855972409248352;96;4
C06;C06;Critico progressivo: Fadiga noturna;Critico;Critico;0.45319809019565577;0.45319809019565577;R2_STABLE_RISK;36;81;46;1;56;20;0;0.05000000819563866;0.16323262453079224;0.1217767670750618;96;4
N02;N02;Normal: Urbano moderado;Normal;Normal;0.050000007078051564;0.050000007078051564;R2_STABLE_RISK;-1;-1;0;0;-1;-1;0;0.05000000819563866;0.033104900270700455;0.09545718878507614;96;4
C04;C04;Critico: Multiplas distracoes urbanas;Critico;Critico;0.3713889718055725;0.3713889718055725;R2_STABLE_RISK;22;45;24;0;24;2;0;0.05000000819563866;0.20203320682048798;0.11952390521764755;96;4
C10;C10;Critico progressivo: Grooming em rodovia com fadiga;Critico;Critico;0.4709276795387268;0.4709276795387268;R1_NORMAL;40;81;42;1;57;17;1;0.32011643052101135;0.2036818265914917;0.09504424780607224;96;4
C07;C07;Critico progressivo: Sem cinto sob chuva;Critico;Critico;0.4912157952785492;0.4912157952785492;R2_STABLE_RISK;37;75;39;1;57;20;1;0.3071984052658081;0.37670597434043884;0.131360724568367;96;4
C08;C08;Critico progressivo: Distracao urbana multietapas;Critico;Critico;0.426442976295948;0.426442976295948;R1_NORMAL;28;77;50;1;60;32;0;0.05000000819563866;0.3106832206249237;0.1761111170053482;96;4
C05;C05;Critico progressivo: Celular em rodovia;Critico;Critico;0.3824580743908882;0.3824580743908882;R2_STABLE_RISK;42;73;32;1;61;19;0;0.05000000819563866;0.3160426616668701;0.13018953800201416;96;4
C07;C07;Critico progressivo: Sem cinto sob chuva;Critico;Critico;0.40677983015775676;0.40677983015775676;R2_STABLE_RISK;37;75;39;1;57;20;0;0.05000000819563866;0.3784811198711395;0.11836409568786621;96;4
C10;C10;Critico progressivo: Grooming em rodovia com fadiga;Critico;Critico;0.3897384837269783;0.3897384837269783;R2_STABLE_RISK;40;81;42;1;60;20;0;0.05000000819563866;0.19395489990711212;0.09710714966058731;96;4
C02;C02;Critico: Fadiga com desvio cinematico;Critico;Critico;0.39378328174352645;0.39378328174352645;R1_NORMAL;29;50;22;0;32;3;0;0.05000000819563866;0.09592650085687637;0.08608654886484146;96;4
N02;N02;Normal: Urbano moderado;Normal;Normal;0.050000007078051564;0.050000007078051564;R2_STABLE_RISK;-1;-1;0;0;-1;-1;0;0.05000000819563866;0.025361770763993263;0.09993148595094681;96;4
C04;C04;Critico: Multiplas distracoes urbanas;Critico;Critico;0.3713889718055725;0.3713889718055725;R3_FALSE_KIN;22;45;24;0;24;2;0;0.05000000819563866;0.19609910249710083;0.11366597563028336;96;4
N03;N03;Normal: Noite estável;Normal;Normal;0.050000007078051564;0.050000007078051564;R1_NORMAL;-1;-1;0;0;-1;-1;0;0.05000000819563866;0.02768412046134472;0.10081446170806885;96;4
C05;C05;Critico progressivo: Celular em rodovia;Critico;Critico;0.3591056808829307;0.3591056808829307;R1_NORMAL;42;73;32;1;58;16;0;0.05000000819563866;0.3144091069698334;0.13124293088912964;96;4
C09;C09;Critico progressivo: Bebida ao volante;Critico;Critico;0.41065067201852795;0.41065067201852795;R3_FALSE_KIN;38;73;36;1;56;18;0;0.05000000819563866;0.2466294765472412;0.2041976898908615;96;4
C07;C07;Critico progressivo: Sem cinto sob chuva;Critico;Critico;0.4703783422708511;0.4703783422708511;R3_FALSE_KIN;37;75;39;1;60;23;1;0.32125380635261536;0.37889012694358826;0.1465725600719452;96;4
C07;C07;Critico progressivo: Sem cinto sob chuva;Critico;Critico;0.48021863102912904;0.48021863102912904;R1_NORMAL;37;75;39;1;58;21;1;0.2657080888748169;0.37907421588897705;0.16162270307540894;96;4
C09;C09;Critico progressivo: Bebida ao volante;Critico;Critico;0.3659805580973625;0.3659805580973625;R3_FALSE_KIN;38;73;36;1;60;22;0;0.05000000819563866;0.2530485689640045;0.1407376527786255;96;4
N03;N03;Normal: Noite estável;Normal;Normal;0.050000007078051564;0.050000007078051564;R3_FALSE_KIN;-1;-1;0;0;-1;-1;0;0.05000000819563866;0.03128812462091446;0.10012885183095932;96;4
C05;C05;Critico progressivo: Celular em rodovia;Critico;Critico;0.37471106052398684;0.37471106052398684;R1_NORMAL;42;73;32;1;61;19;0;0.05000000819563866;0.3134215176105499;0.0948277935385704;96;4
C07;C07;Critico progressivo: Sem cinto sob chuva;Critico;Critico;0.4250975057482719;0.4250975057482719;R1_NORMAL;37;75;39;1;58;21;0;0.05000000819563866;0.38017499446868896;0.13336414098739624;96;4
C09;C09;Critico progressivo: Bebida ao volante;Critico;Critico;0.41112976521253586;0.41112976521253586;R1_NORMAL;38;73;36;1;60;22;0;0.05000000819563866;0.25090205669403076;0.14604823291301727;96;4
C02;C02;Critico: Fadiga com desvio cinematico;Critico;Critico;0.39378328174352645;0.39378328174352645;R1_NORMAL;29;50;22;0;32;3;0;0.05000000819563866;0.09510073810815811;0.10045171529054642;96;4
C10;C10;Critico progressivo: Grooming em rodovia com fadiga;Critico;Critico;0.44881440401077266;0.44881440401077266;R2_STABLE_RISK;40;81;42;1;62;22;1;0.3415353000164032;0.20383203029632568;0.09847275167703629;96;4
C06;C06;Critico progressivo: Fadiga noturna;Critico;Critico;0.4056026235222816;0.4056026235222816;R2_STABLE_RISK;36;81;46;1;61;25;0;0.05000000819563866;0.1516760140657425;0.11950037628412247;96;4
N01;N01;Normal: Viagem tranquila em rodovia;Normal;Normal;0.050000007078051564;0.050000007078051564;R3_FALSE_KIN;-1;-1;0;0;-1;-1;0;0.05000000819563866;0.03620928153395653;0.12081488966941833;96;4
C05;C05;Critico progressivo: Celular em rodovia;Critico;Critico;0.45093114972114556;0.45093114972114556;R2_STABLE_RISK;42;73;32;1;61;19;1;0.24045513570308685;0.31671789288520813;0.19856147468090057;96;4
C09;C09;Critico progressivo: Bebida ao volante;Critico;Critico;0.5091994225978851;0.5091994225978851;R3_FALSE_KIN;38;73;36;1;57;19;1;0.3054233491420746;0.2448514848947525;0.13455837965011597;96;4
C09;C09;Critico progressivo: Bebida ao volante;Critico;Critico;0.3902301475405693;0.3902301475405693;R2_STABLE_RISK;38;73;36;1;56;18;0;0.05000000819563866;0.2522217333316803;0.09330198913812637;96;4
C05;C05;Critico progressivo: Celular em rodovia;Critico;Critico;0.39288699477910993;0.39288699477910993;R2_STABLE_RISK;42;73;32;1;58;16;0;0.05000000819563866;0.31314677000045776;0.1189759150147438;96;4
N03;N03;Normal: Noite estável;Normal;Normal;0.050000007078051564;0.050000007078051564;R2_STABLE_RISK;-1;-1;0;0;-1;-1;0;0.05000000819563866;0.031079091131687164;0.09386029839515686;96;4
C01;C01;Critico: Celular em alta velocidade;Critico;Critico;0.5356183558702468;0.5356183558702468;R1_NORMAL;32;44;13;0;34;2;1;0.26292648911476135;0.14875127375125885;0.1859108805656433;96;4
N01;N01;Normal: Viagem tranquila em rodovia;Normal;Normal;0.050000007078051564;0.050000007078051564;R2_STABLE_RISK;-1;-1;0;0;-1;-1;0;0.05000000819563866;0.030033832415938377;0.0986061692237854;96;4
C04;C04;Critico: Multiplas distracoes urbanas;Critico;Critico;0.3713889718055725;0.3713889718055725;R2_STABLE_RISK;22;45;24;0;24;2;0;0.05000000819563866;0.2070712298154831;0.15225236117839813;96;4
N01;N01;Normal: Viagem tranquila em rodovia;Normal;Normal;0.050000007078051564;0.050000007078051564;R1_NORMAL;-1;-1;0;0;-1;-1;0;0.05000000819563866;0.031983453780412674;0.07237901538610458;96;4
C04;C04;Critico: Multiplas distracoes urbanas;Critico;Critico;0.5618206292390823;0.5618206292390823;R2_STABLE_RISK;22;45;24;0;24;2;1;0.20084013044834137;0.20685191452503204;0.1996586173772812;96;4
N01;N01;Normal: Viagem tranquila em rodovia;Normal;Normal;0.050000007078051564;0.050000007078051564;R2_STABLE_RISK;-1;-1;0;0;-1;-1;0;0.05000000819563866;0.030871352180838585;0.09703292697668076;96;4
C09;C09;Critico progressivo: Bebida ao volante;Critico;Critico;0.39901379495859146;0.39901379495859146;R2_STABLE_RISK;38;73;36;1;60;22;0;0.05000000819563866;0.24999690055847168;0.13632310926914215;96;4
C01;C01;Critico: Celular em alta velocidade;Critico;Critico;0.29102678298950196;0.29102678298950196;R2_STABLE_RISK;32;44;13;0;34;2;0;0.05000000819563866;0.15008887648582458;0.14195682108402252;96;4
C02;C02;Critico: Fadiga com desvio cinematico;Critico;Critico;0.39378328174352645;0.39378328174352645;R2_STABLE_RISK;29;50;22;0;32;3;0;0.05000000819563866;0.09796646237373352;0.11939889192581177;96;4
C09;C09;Critico progressivo: Bebida ao volante;Critico;Critico;0.4863111287355423;0.4863111287355423;R2_STABLE_RISK;38;73;36;1;60;22;1;0.23397564888000488;0.24886439740657806;0.16700886189937592;96;4
C07;C07;Critico progressivo: Sem cinto sob chuva;Critico;Critico;0.4028963685035705;0.4028963685035705;R1_NORMAL;37;75;39;1;59;22;0;0.05000000819563866;0.3840552270412445;0.10771286487579346;96;4
C10;C10;Critico progressivo: Grooming em rodovia com fadiga;Critico;Critico;0.41184412986040114;0.41184412986040114;R1_NORMAL;40;81;42;1;59;19;0;0.05000000819563866;0.2025178223848343;0.16766856610774994;96;4
C04;C04;Critico: Multiplas distracoes urbanas;Critico;Critico;0.3713889718055725;0.3713889718055725;R2_STABLE_RISK;22;45;24;0;24;2;0;0.05000000819563866;0.20677901804447174;0.10302714258432388;96;4
C04;C04;Critico: Multiplas distracoes urbanas;Critico;Critico;0.5600299060344696;0.5600299060344696;R2_STABLE_RISK;22;45;24;0;24;2;1;0.19571693241596222;0.20152761042118073;0.2474656105041504;96;4
N02;N02;Normal: Urbano moderado;Normal;Normal;0.050000007078051564;0.050000007078051564;R3_FALSE_KIN;-1;-1;0;0;-1;-1;0;0.05000000819563866;0.02638838440179825;0.0973731055855751;96;4
N02;N02;Normal: Urbano moderado;Normal;Normal;0.050000007078051564;0.050000007078051564;R2_STABLE_RISK;-1;-1;0;0;-1;-1;0;0.05000000819563866;0.02659163624048233;0.10521486401557922;96;4
N02;N02;Normal: Urbano moderado;Normal;Normal;0.050000007078051564;0.050000007078051564;R1_NORMAL;-1;-1;0;0;-1;-1;0;0.05000000819563866;0.04084368422627449;0.06927970796823502;96;4
C01;C01;Critico: Celular em alta velocidade;Critico;Critico;0.29102678298950196;0.29102678298950196;R2_STABLE_RISK;32;44;13;0;34;2;0;0.05000000819563866;0.15376625955104828;0.0860004723072052;96;4
C02;C02;Critico: Fadiga com desvio cinematico;Critico;Critico;0.39378328174352645;0.39378328174352645;R1_NORMAL;29;50;22;0;32;3;0;0.05000000819563866;0.09276172518730164;0.11773926764726639;96;4
N02;N02;Normal: Urbano moderado;Normal;Normal;0.050000007078051564;0.050000007078051564;R1_NORMAL;-1;-1;0;0;-1;-1;0;0.05000000819563866;0.03125834837555885;0.110777348279953;96;4
C05;C05;Critico progressivo: Celular em rodovia;Critico;Critico;0.37236375808715816;0.37236375808715816;R2_STABLE_RISK;42;73;32;1;58;16;0;0.05000000819563866;0.3149360120296478;0.13673119246959686;96;4
C09;C09;Critico progressivo: Bebida ao volante;Critico;Critico;0.4191342413425445;0.4191342413425445;R1_NORMAL;38;73;36;1;56;18;0;0.05000000819563866;0.2500442564487457;0.12335296720266342;96;4
C08;C08;Critico progressivo: Distracao urbana multietapas;Critico;Critico;0.5239320904016495;0.5239320904016495;R1_NORMAL;28;77;50;1;51;23;1;0.2695865333080292;0.31568875908851624;0.12394976615905762;96;4
N03;N03;Normal: Noite estável;Normal;Normal;0.050000007078051564;0.050000007078051564;R1_NORMAL;-1;-1;0;0;-1;-1;0;0.05000000819563866;0.032939840108156204;0.09969603270292282;96;4
C08;C08;Critico progressivo: Distracao urbana multietapas;Critico;Critico;0.4293934136629104;0.4293934136629104;R2_STABLE_RISK;28;77;50;1;50;22;0;0.05000000819563866;0.32216909527778625;0.14991003274917603;96;4
C07;C07;Critico progressivo: Sem cinto sob chuva;Critico;Critico;0.39251873940229415;0.39251873940229415;R1_NORMAL;37;75;39;1;55;18;0;0.05000000819563866;0.38984671235084534;0.17443527281284332;96;4
C09;C09;Critico progressivo: Bebida ao volante;Critico;Critico;0.3706294909119606;0.3706294909119606;R3_FALSE_KIN;38;73;36;1;58;20;0;0.05000000819563866;0.24702978134155273;0.1246596947312355;96;4
N01;N01;Normal: Viagem tranquila em rodovia;Normal;Normal;0.050000007078051564;0.050000007078051564;R2_STABLE_RISK;-1;-1;0;0;-1;-1;0;0.05000000819563866;0.03743915632367134;0.08230555057525635;96;4
C06;C06;Critico progressivo: Fadiga noturna;Critico;Critico;0.41297122836112976;0.41297122836112976;R1_NORMAL;36;81;46;1;62;26;0;0.05000000819563866;0.1526220291852951;0.12967057526111603;96;4
C10;C10;Critico progressivo: Grooming em rodovia com fadiga;Critico;Critico;0.3759430155158042;0.3759430155158042;R3_FALSE_KIN;40;81;42;1;61;21;0;0.05000000819563866;0.20067407190799713;0.09492770582437515;96;4
C09;C09;Critico progressivo: Bebida ao volante;Critico;Critico;0.4918982833623886;0.4918982833623886;R3_FALSE_KIN;38;73;36;1;60;22;1;0.27003854513168335;0.24717791378498077;0.154098778963089;96;4
C10;C10;Critico progressivo: Grooming em rodovia com fadiga;Critico;Critico;0.42224769443273547;0.42224769443273547;R3_FALSE_KIN;40;81;42;1;63;23;0;0.05000000819563866;0.2007928341627121;0.10350918769836426;96;4
C05;C05;Critico progressivo: Celular em rodovia;Critico;Critico;0.39511481970548623;0.39511481970548623;R1_NORMAL;42;73;32;1;56;14;0;0.05000000819563866;0.3239322006702423;0.16730014979839325;96;4
N01;N01;Normal: Viagem tranquila em rodovia;Normal;Normal;0.050000007078051564;0.050000007078051564;R3_FALSE_KIN;-1;-1;0;0;-1;-1;0;0.05000000819563866;0.03421534225344658;0.08452234417200089;96;4
C03;C03;Critico: Celular sem cinto sob chuva;Critico;Critico;0.6136077970266343;0.6136077970266343;R3_FALSE_KIN;26;41;16;0;28;2;1;0.22711236774921417;0.18529999256134033;0.16624991595745087;96;4
N01;N01;Normal: Viagem tranquila em rodovia;Normal;Normal;0.050000007078051564;0.050000007078051564;R1_NORMAL;-1;-1;0;0;-1;-1;0;0.05000000819563866;0.035983938723802567;0.11907777935266495;96;4
C06;C06;Critico progressivo: Fadiga noturna;Critico;Critico;0.43318365067243575;0.43318365067243575;R2_STABLE_RISK;36;81;46;1;60;24;0;0.05000000819563866;0.1600894331932068;0.1180996373295784;96;4
C10;C10;Critico progressivo: Grooming em rodovia com fadiga;Critico;Critico;0.41515029817819593;0.41515029817819593;R1_NORMAL;40;81;42;1;62;22;0;0.05000000819563866;0.19634325802326202;0.0816497877240181;96;4
C01;C01;Critico: Celular em alta velocidade;Critico;Critico;0.5338431507349013;0.5338431507349013;R3_FALSE_KIN;32;44;13;0;34;2;1;0.25459787249565125;0.1615864634513855;0.13537460565567017;96;4
C06;C06;Critico progressivo: Fadiga noturna;Critico;Critico;0.4216315507888794;0.4216315507888794;R3_FALSE_KIN;36;81;46;1;64;28;0;0.05000000819563866;0.15715426206588745;0.13574765622615814;96;4
C07;C07;Critico progressivo: Sem cinto sob chuva;Critico;Critico;0.41993585675954814;0.41993585675954814;R1_NORMAL;37;75;39;1;57;20;0;0.05000000819563866;0.38048624992370605;0.15875478088855743;96;4
C03;C03;Critico: Celular sem cinto sob chuva;Critico;Critico;0.3752959698438644;0.3752959698438644;R1_NORMAL;26;41;16;0;28;2;0;0.05000000819563866;0.18515849113464355;0.1299939751625061;96;4
N02;N02;Normal: Urbano moderado;Normal;Normal;0.050000007078051564;0.050000007078051564;R3_FALSE_KIN;-1;-1;0;0;-1;-1;0;0.05000000819563866;0.03217342495918274;0.09359997510910034;96;4
C04;C04;Critico: Multiplas distracoes urbanas;Critico;Critico;0.3713889718055725;0.3713889718055725;R3_FALSE_KIN;22;45;24;0;24;2;0;0.05000000819563866;0.20238162577152252;0.09742122888565063;96;4
C08;C08;Critico progressivo: Distracao urbana multietapas;Critico;Critico;0.4524206861853599;0.4524206861853599;R3_FALSE_KIN;28;77;50;1;55;27;0;0.05000000819563866;0.3203907907009125;0.20999151468276978;96;4
C05;C05;Critico progressivo: Celular em rodovia;Critico;Critico;0.44628283679485314;0.44628283679485314;R2_STABLE_RISK;42;73;32;1;59;17;1;0.24252517521381378;0.3157324492931366;0.15616321563720703;96;4
C02;C02;Critico: Fadiga com desvio cinematico;Critico;Critico;0.39378328174352645;0.39378328174352645;R1_NORMAL;29;50;22;0;32;3;0;0.05000000819563866;0.09130757302045822;0.11673977971076965;96;4
C09;C09;Critico progressivo: Bebida ao volante;Critico;Critico;0.3867014214396477;0.3867014214396477;R2_STABLE_RISK;38;73;36;1;56;18;0;0.05000000819563866;0.24725496768951416;0.12206780165433884;96;4
C06;C06;Critico progressivo: Fadiga noturna;Critico;Critico;0.4605722814798355;0.4605722814798355;R2_STABLE_RISK;36;81;46;1;63;27;1;0.2990361452102661;0.1619405597448349;0.14065612852573395;96;4
C07;C07;Critico progressivo: Sem cinto sob chuva;Critico;Critico;0.38692872077226637;0.38692872077226637;R2_STABLE_RISK;37;75;39;1;61;24;0;0.05000000819563866;0.37143459916114807;0.13950558006763458;96;4
N02;N02;Normal: Urbano moderado;Normal;Normal;0.050000007078051564;0.050000007078051564;R1_NORMAL;-1;-1;0;0;-1;-1;0;0.05000000819563866;0.03256833180785179;0.09860102087259293;96;4
C07;C07;Critico progressivo: Sem cinto sob chuva;Critico;Critico;0.4106299102306366;0.4106299102306366;R1_NORMAL;37;75;39;1;57;20;0;0.05000000819563866;0.3846292793750763;0.16648857295513153;96;4
C02;C02;Critico: Fadiga com desvio cinematico;Critico;Critico;0.39378328174352645;0.39378328174352645;R1_NORMAL;29;50;22;0;32;3;0;0.05000000819563866;0.10719124227762222;0.10753092914819717;96;4
N02;N02;Normal: Urbano moderado;Normal;Normal;0.050000007078051564;0.050000007078051564;R1_NORMAL;-1;-1;0;0;-1;-1;0;0.05000000819563866;0.03333806246519089;0.07294683903455734;96;4
C01;C01;Critico: Celular em alta velocidade;Critico;Critico;0.29102678298950196;0.29102678298950196;R2_STABLE_RISK;32;44;13;0;34;2;0;0.05000000819563866;0.15355397760868073;0.11426448822021484;96;4
C08;C08;Critico progressivo: Distracao urbana multietapas;Critico;Critico;0.48817779421806334;0.48817779421806334;R1_NORMAL;28;77;50;1;57;29;1;0.32335036993026733;0.30961278080940247;0.1664695292711258;96;4
C05;C05;Critico progressivo: Celular em rodovia;Critico;Critico;0.3732262387871742;0.3732262387871742;R3_FALSE_KIN;42;73;32;1;57;15;0;0.05000000819563866;0.3243865966796875;0.143339142203331;96;4
C09;C09;Critico progressivo: Bebida ao volante;Critico;Critico;0.3961406648159027;0.3961406648159027;R1_NORMAL;38;73;36;1;60;22;0;0.05000000819563866;0.24949495494365692;0.12410923093557358;96;4
C02;C02;Critico: Fadiga com desvio cinematico;Critico;Critico;0.39378328174352645;0.39378328174352645;R2_STABLE_RISK;29;50;22;0;32;3;0;0.05000000819563866;0.10057663917541504;0.12550145387649536;96;4
C02;C02;Critico: Fadiga com desvio cinematico;Critico;Critico;0.39378328174352645;0.39378328174352645;R3_FALSE_KIN;29;50;22;0;32;3;0;0.05000000819563866;0.09651949256658554;0.13925984501838684;96;4
C09;C09;Critico progressivo: Bebida ao volante;Critico;Critico;0.4710521221160888;0.4710521221160888;R1_NORMAL;38;73;36;1;56;18;1;0.28757986426353455;0.2561813294887543;0.1430434137582779;96;4
N02;N02;Normal: Urbano moderado;Normal;Normal;0.050000007078051564;0.050000007078051564;R1_NORMAL;-1;-1;0;0;-1;-1;0;0.05000000819563866;0.031142979860305786;0.09151753038167953;96;4
C07;C07;Critico progressivo: Sem cinto sob chuva;Critico;Critico;0.48406787812709806;0.48406787812709806;R1_NORMAL;37;75;39;1;56;19;1;0.2895245850086212;0.37476858496665955;0.1645919233560562;96;4
C08;C08;Critico progressivo: Distracao urbana multietapas;Critico;Critico;0.4519631370902061;0.4519631370902061;R2_STABLE_RISK;28;77;50;1;54;26;0;0.05000000819563866;0.3179490268230438;0.17648740112781525;96;4
C05;C05;Critico progressivo: Celular em rodovia;Critico;Critico;0.48079244792461395;0.48079244792461395;R1_NORMAL;42;73;32;1;60;18;1;0.28316164016723633;0.32230955362319946;0.18668437004089355;96;4
C09;C09;Critico progressivo: Bebida ao volante;Critico;Critico;0.4192300036549568;0.4192300036549568;R1_NORMAL;38;73;36;1;57;19;0;0.05000000819563866;0.24933724105358124;0.16798298060894012;96;4
C04;C04;Critico: Multiplas distracoes urbanas;Critico;Critico;0.5628023743629456;0.5628023743629456;R2_STABLE_RISK;22;45;24;0;24;2;1;0.20894981920719147;0.20311272144317627;0.20267732441425323;96;4
C02;C02;Critico: Fadiga com desvio cinematico;Critico;Critico;0.39378328174352645;0.39378328174352645;R3_FALSE_KIN;29;50;22;0;32;3;0;0.05000000819563866;0.09694156795740128;0.1262318640947342;96;4
C03;C03;Critico: Celular sem cinto sob chuva;Critico;Critico;0.6190586358308792;0.6190586358308792;R3_FALSE_KIN;26;41;16;0;28;2;1;0.26406729221343994;0.18652717769145966;0.16886520385742188;96;4
C02;C02;Critico: Fadiga com desvio cinematico;Critico;Critico;0.39378328174352645;0.39378328174352645;R1_NORMAL;29;50;22;0;32;3;0;0.05000000819563866;0.09680745750665665;0.16103976964950562;96;4
C07;C07;Critico progressivo: Sem cinto sob chuva;Critico;Critico;0.40238362997770305;0.40238362997770305;R2_STABLE_RISK;37;75;39;1;59;22;0;0.05000000819563866;0.3718087673187256;0.12369997054338455;96;4
C09;C09;Critico progressivo: Bebida ao volante;Critico;Critico;0.37313578873872755;0.37313578873872755;R3_FALSE_KIN;38;73;36;1;60;22;0;0.05000000819563866;0.2464025467634201;0.12574706971645355;96;4
C05;C05;Critico progressivo: Celular em rodovia;Critico;Critico;0.37608943730592725;0.37608943730592725;R1_NORMAL;42;73;32;1;58;16;0;0.05000000819563866;0.3164302408695221;0.14248810708522797;96;4
C03;C03;Critico: Celular sem cinto sob chuva;Critico;Critico;0.3752959698438644;0.3752959698438644;R3_FALSE_KIN;26;41;16;0;28;2;0;0.05000000819563866;0.1829853057861328;0.1802251935005188;96;4
C09;C09;Critico progressivo: Bebida ao volante;Critico;Critico;0.46592751145362854;0.46592751145362854;R1_NORMAL;38;73;36;1;59;21;1;0.2726467549800873;0.24400965869426727;0.18214024603366852;96;4
C01;C01;Critico: Celular em alta velocidade;Critico;Critico;0.29102678298950196;0.29102678298950196;R1_NORMAL;32;44;13;0;34;2;0;0.05000000819563866;0.1574448198080063;0.11506620049476624;96;4
C06;C06;Critico progressivo: Fadiga noturna;Critico;Critico;0.4259078428149223;0.4259078428149223;R2_STABLE_RISK;36;81;46;1;63;27;0;0.05000000819563866;0.15266789495944977;0.1221761703491211;96;4
C06;C06;Critico progressivo: Fadiga noturna;Critico;Critico;0.4658365339040756;0.4658365339040756;R1_NORMAL;36;81;46;1;59;23;1;0.34800970554351807;0.15400491654872894;0.10440041869878769;96;4
N03;N03;Normal: Noite estável;Normal;Normal;0.050000007078051564;0.050000007078051564;R2_STABLE_RISK;-1;-1;0;0;-1;-1;0;0.05000000819563866;0.030727533623576164;0.13391202688217163;96;4
C07;C07;Critico progressivo: Sem cinto sob chuva;Critico;Critico;0.4039237096905708;0.4039237096905708;R2_STABLE_RISK;37;75;39;1;58;21;0;0.05000000819563866;0.3757036030292511;0.1429564207792282;96;4
C03;C03;Critico: Celular sem cinto sob chuva;Critico;Critico;0.3752959698438644;0.3752959698438644;R3_FALSE_KIN;26;41;16;0;28;2;0;0.05000000819563866;0.18942765891551971;0.15671353042125702;96;4
C06;C06;Critico progressivo: Fadiga noturna;Critico;Critico;0.4601726472377777;0.4601726472377777;R2_STABLE_RISK;36;81;46;1;53;17;0;0.05000000819563866;0.16278232634067535;0.15280546247959137;96;4
C10;C10;Critico progressivo: Grooming em rodovia com fadiga;Critico;Critico;0.41692477017641066;0.41692477017641066;R1_NORMAL;40;81;42;1;67;27;0;0.05000000819563866;0.184742271900177;0.11560049653053284;96;4
C10;C10;Critico progressivo: Grooming em rodovia com fadiga;Critico;Critico;0.4487219750881195;0.4487219750881195;R2_STABLE_RISK;40;81;42;1;63;23;1;0.3664095401763916;0.19184352457523346;0.16048158705234528;96;4
C01;C01;Critico: Celular em alta velocidade;Critico;Critico;0.29102678298950196;0.29102678298950196;R1_NORMAL;32;44;13;0;34;2;0;0.05000000819563866;0.15412747859954834;0.1116645336151123;96;4
C07;C07;Critico progressivo: Sem cinto sob chuva;Critico;Critico;0.5040718823671341;0.5040718823671341;R2_STABLE_RISK;37;75;39;1;56;19;1;0.2751151919364929;0.38028255105018616;0.15795709192752838;96;4
N02;N02;Normal: Urbano moderado;Normal;Normal;0.050000007078051564;0.050000007078051564;R3_FALSE_KIN;-1;-1;0;0;-1;-1;0;0.05000000819563866;0.03678032383322716;0.11075878143310547;96;4
N01;N01;Normal: Viagem tranquila em rodovia;Normal;Normal;0.050000007078051564;0.050000007078051564;R1_NORMAL;-1;-1;0;0;-1;-1;0;0.05000000819563866;0.032198403030633926;0.10417705029249191;96;4
C06;C06;Critico progressivo: Fadiga noturna;Critico;Critico;0.4671359926462173;0.4671359926462173;R1_NORMAL;36;81;46;1;60;24;1;0.34961822628974915;0.16657738387584686;0.10234532505273819;96;4
C08;C08;Critico progressivo: Distracao urbana multietapas;Critico;Critico;0.5355634212493896;0.5355634212493896;R2_STABLE_RISK;28;77;50;1;51;23;1;0.30655673146247864;0.3237297534942627;0.14221177995204926;96;4
C06;C06;Critico progressivo: Fadiga noturna;Critico;Critico;0.4258186861872673;0.4258186861872673;R2_STABLE_RISK;36;81;46;1;61;25;0;0.05000000819563866;0.15603171288967133;0.08457133919000626;96;4
C04;C04;Critico: Multiplas distracoes urbanas;Critico;Critico;0.3713889718055725;0.3713889718055725;R1_NORMAL;22;45;24;0;24;2;0;0.05000000819563866;0.2031988948583603;0.13837091624736786;96;4
C08;C08;Critico progressivo: Distracao urbana multietapas;Critico;Critico;0.5013032197952271;0.5013032197952271;R3_FALSE_KIN;28;77;50;1;53;25;1;0.27360185980796814;0.31910109519958496;0.15951144695281982;96;4
N02;N02;Normal: Urbano moderado;Normal;Normal;0.050000007078051564;0.050000007078051564;R2_STABLE_RISK;-1;-1;0;0;-1;-1;0;0.05000000819563866;0.03288610652089119;0.1153491958975792;96;4
C06;C06;Critico progressivo: Fadiga noturna;Critico;Critico;0.4358980223536491;0.4358980223536491;R2_STABLE_RISK;36;81;46;1;60;24;0;0.05000000819563866;0.15579718351364136;0.14745379984378815;96;4
C06;C06;Critico progressivo: Fadiga noturna;Critico;Critico;0.46245857477188107;0.46245857477188107;R2_STABLE_RISK;36;81;46;1;54;18;0;0.05000000819563866;0.16561545431613922;0.1356511116027832;96;4
C10;C10;Critico progressivo: Grooming em rodovia com fadiga;Critico;Critico;0.40639930516481393;0.40639930516481393;R3_FALSE_KIN;40;81;42;1;66;26;0;0.05000000819563866;0.19454555213451385;0.1486865133047104;96;4
C09;C09;Critico progressivo: Bebida ao volante;Critico;Critico;0.40825113207101815;0.40825113207101815;R2_STABLE_RISK;38;73;36;1;59;21;0;0.05000000819563866;0.25325724482536316;0.1143319383263588;96;4
N03;N03;Normal: Noite estável;Normal;Normal;0.050000007078051564;0.050000007078051564;R1_NORMAL;-1;-1;0;0;-1;-1;0;0.05000000819563866;0.03254467621445656;0.08691933006048203;96;4
C03;C03;Critico: Celular sem cinto sob chuva;Critico;Critico;0.3752959698438644;0.3752959698438644;R1_NORMAL;26;41;16;0;28;2;0;0.05000000819563866;0.18458960950374603;0.13169871270656586;96;4
C05;C05;Critico progressivo: Celular em rodovia;Critico;Critico;0.4503474682569504;0.4503474682569504;R2_STABLE_RISK;42;73;32;1;61;19;1;0.2793566882610321;0.31743189692497253;0.1408172994852066;96;4
C02;C02;Critico: Fadiga com desvio cinematico;Critico;Critico;0.39378328174352645;0.39378328174352645;R1_NORMAL;29;50;22;0;32;3;0;0.05000000819563866;0.09770387411117554;0.158037468791008;96;4
N02;N02;Normal: Urbano moderado;Normal;Normal;0.050000007078051564;0.050000007078051564;R2_STABLE_RISK;-1;-1;0;0;-1;-1;0;0.05000000819563866;0.024796100333333015;0.11195966601371765;96;4
C10;C10;Critico progressivo: Grooming em rodovia com fadiga;Critico;Critico;0.4871814787387848;0.4871814787387848;R3_FALSE_KIN;40;81;42;1;59;19;1;0.3726339638233185;0.19668763875961304;0.14786489307880402;96;4
C10;C10;Critico progressivo: Grooming em rodovia com fadiga;Critico;Critico;0.4034144803881645;0.4034144803881645;R3_FALSE_KIN;40;81;42;1;67;27;0;0.05000000819563866;0.19606374204158783;0.10172124952077866;96;4
N01;N01;Normal: Viagem tranquila em rodovia;Normal;Normal;0.050000007078051564;0.050000007078051564;R3_FALSE_KIN;-1;-1;0;0;-1;-1;0;0.05000000819563866;0.03702042996883392;0.13337062299251556;96;4
C04;C04;Critico: Multiplas distracoes urbanas;Critico;Critico;0.5784205317497253;0.5784205317497253;R1_NORMAL;22;45;24;0;24;2;1;0.26693350076675415;0.19884757697582245;0.2506318986415863;96;4
C06;C06;Critico progressivo: Fadiga noturna;Critico;Critico;0.4732595175504684;0.4732595175504684;R2_STABLE_RISK;36;81;46;1;57;21;1;0.3643907606601715;0.16710738837718964;0.14120693504810333;96;4
N01;N01;Normal: Viagem tranquila em rodovia;Normal;Normal;0.050000007078051564;0.050000007078051564;R2_STABLE_RISK;-1;-1;0;0;-1;-1;0;0.05000000819563866;0.035387828946113586;0.09121004492044449;96;4
C01;C01;Critico: Celular em alta velocidade;Critico;Critico;0.29102678298950196;0.29102678298950196;R1_NORMAL;32;44;13;0;34;2;0;0.05000000819563866;0.1539924591779709;0.11177436262369156;96;4
C05;C05;Critico progressivo: Celular em rodovia;Critico;Critico;0.377965997159481;0.377965997159481;R1_NORMAL;42;73;32;1;60;18;0;0.05000000819563866;0.30978700518608093;0.14112727344036102;96;4
C10;C10;Critico progressivo: Grooming em rodovia com fadiga;Critico;Critico;0.43159908503293987;0.43159908503293987;R2_STABLE_RISK;40;81;42;1;61;21;0;0.05000000819563866;0.20083296298980713;0.1420006901025772;96;4
C06;C06;Critico progressivo: Fadiga noturna;Critico;Critico;0.47357156276702883;0.47357156276702883;R2_STABLE_RISK;36;81;46;1;58;22;1;0.3299344480037689;0.16136257350444794;0.12217079848051071;96;4
C10;C10;Critico progressivo: Grooming em rodovia com fadiga;Critico;Critico;0.38922088891267775;0.38922088891267775;R2_STABLE_RISK;40;81;42;1;64;24;0;0.05000000819563866;0.20016930997371674;0.06592210382223129;96;4
N01;N01;Normal: Viagem tranquila em rodovia;Normal;Normal;0.050000007078051564;0.050000007078051564;R1_NORMAL;-1;-1;0;0;-1;-1;0;0.05000000819563866;0.02946568839251995;0.0988910123705864;96;4
N03;N03;Normal: Noite estável;Normal;Normal;0.050000007078051564;0.050000007078051564;R3_FALSE_KIN;-1;-1;0;0;-1;-1;0;0.05000000819563866;0.028314754366874695;0.1116778627038002;96;4
C09;C09;Critico progressivo: Bebida ao volante;Critico;Critico;0.4055859804153442;0.4055859804153442;R2_STABLE_RISK;38;73;36;1;58;20;0;0.05000000819563866;0.2572736442089081;0.14178092777729034;96;4
C05;C05;Critico progressivo: Celular em rodovia;Critico;Critico;0.3854457333683967;0.3854457333683967;R2_STABLE_RISK;42;73;32;1;60;18;0;0.05000000819563866;0.320793479681015;0.14003349840641022;96;4
N02;N02;Normal: Urbano moderado;Normal;Normal;0.050000007078051564;0.050000007078051564;R1_NORMAL;-1;-1;0;0;-1;-1;0;0.05000000819563866;0.035174086689949036;0.07617712765932083;96;4
C09;C09;Critico progressivo: Bebida ao volante;Critico;Critico;0.3966732397675514;0.3966732397675514;R2_STABLE_RISK;38;73;36;1;60;22;0;0.05000000819563866;0.2482878565788269;0.13659179210662842;96;4
C03;C03;Critico: Celular sem cinto sob chuva;Critico;Critico;0.6160087674856185;0.6160087674856185;R1_NORMAL;26;41;16;0;28;2;1;0.24159158766269684;0.1934862732887268;0.18833418190479279;96;4
C07;C07;Critico progressivo: Sem cinto sob chuva;Critico;Critico;0.4229381188750267;0.4229381188750267;R1_NORMAL;37;75;39;1;58;21;0;0.05000000819563866;0.37954795360565186;0.11259952187538147;96;4
C05;C05;Critico progressivo: Celular em rodovia;Critico;Critico;0.39631348252296444;0.39631348252296444;R1_NORMAL;42;73;32;1;61;19;0;0.05000000819563866;0.31595003604888916;0.13740447163581848;96;4
C02;C02;Critico: Fadiga com desvio cinematico;Critico;Critico;0.39378328174352645;0.39378328174352645;R2_STABLE_RISK;29;50;22;0;32;3;0;0.05000000819563866;0.09769541770219803;0.12403655052185059;96;4
C02;C02;Critico: Fadiga com desvio cinematico;Critico;Critico;0.39378328174352645;0.39378328174352645;R2_STABLE_RISK;29;50;22;0;32;3;0;0.05000000819563866;0.10085922479629517;0.08671450614929199;96;4
C08;C08;Critico progressivo: Distracao urbana multietapas;Critico;Critico;0.43893007934093475;0.43893007934093475;R3_FALSE_KIN;28;77;50;1;51;23;0;0.05000000819563866;0.3132723569869995;0.17579448223114014;96;4
C04;C04;Critico: Multiplas distracoes urbanas;Critico;Critico;0.3713889718055725;0.3713889718055725;R3_FALSE_KIN;22;45;24;0;24;2;0;0.05000000819563866;0.20200471580028534;0.15812532603740692;96;4
C10;C10;Critico progressivo: Grooming em rodovia com fadiga;Critico;Critico;0.40120146125555034;0.40120146125555034;R2_STABLE_RISK;40;81;42;1;59;19;0;0.05000000819563866;0.1978956013917923;0.1173321008682251;96;4
C07;C07;Critico progressivo: Sem cinto sob chuva;Critico;Critico;0.40626792460680006;0.40626792460680006;R3_FALSE_KIN;37;75;39;1;61;24;0;0.05000000819563866;0.3767426908016205;0.1406755894422531;96;4
N03;N03;Normal: Noite estável;Normal;Normal;0.050000007078051564;0.050000007078051564;R3_FALSE_KIN;-1;-1;0;0;-1;-1;0;0.05000000819563866;0.039409030228853226;0.09766378253698349;96;4
C03;C03;Critico: Celular sem cinto sob chuva;Critico;Critico;0.3752959698438644;0.3752959698438644;R3_FALSE_KIN;26;41;16;0;28;2;0;0.05000000819563866;0.18487955629825592;0.10661659389734268;96;4
C10;C10;Critico progressivo: Grooming em rodovia com fadiga;Critico;Critico;0.41487118005752566;0.41487118005752566;R1_NORMAL;40;81;42;1;60;20;0;0.05000000819563866;0.1995583027601242;0.19571608304977417;96;4
C03;C03;Critico: Celular sem cinto sob chuva;Critico;Critico;0.6095845997333527;0.6095845997333527;R3_FALSE_KIN;26;41;16;0;28;2;1;0.27528664469718933;0.19514046609401703;0.20689606666564941;96;4
N03;N03;Normal: Noite estável;Normal;Normal;0.050000007078051564;0.050000007078051564;R1_NORMAL;-1;-1;0;0;-1;-1;0;0.05000000819563866;0.02808489464223385;0.08009622991085052;96;4
N02;N02;Normal: Urbano moderado;Normal;Normal;0.050000007078051564;0.050000007078051564;R2_STABLE_RISK;-1;-1;0;0;-1;-1;0;0.05000000819563866;0.027415433898568153;0.11673945188522339;96;4
C08;C08;Critico progressivo: Distracao urbana multietapas;Critico;Critico;0.45685902833938596;0.45685902833938596;R1_NORMAL;28;77;50;1;48;20;0;0.05000000819563866;0.32016098499298096;0.12970809638500214;96;4
N03;N03;Normal: Noite estável;Normal;Normal;0.050000007078051564;0.050000007078051564;R2_STABLE_RISK;-1;-1;0;0;-1;-1;0;0.05000000819563866;0.036426935344934464;0.080593042075634;96;4
C01;C01;Critico: Celular em alta velocidade;Critico;Critico;0.29102678298950196;0.29102678298950196;R3_FALSE_KIN;32;44;13;0;34;2;0;0.05000000819563866;0.15118856728076935;0.07989836484193802;96;4
C04;C04;Critico: Multiplas distracoes urbanas;Critico;Critico;0.3713889718055725;0.3713889718055725;R2_STABLE_RISK;22;45;24;0;24;2;0;0.05000000819563866;0.20027820765972137;0.13057787716388702;96;4
C04;C04;Critico: Multiplas distracoes urbanas;Critico;Critico;0.3713889718055725;0.3713889718055725;R3_FALSE_KIN;22;45;24;0;24;2;0;0.05000000819563866;0.19630689918994904;0.17824463546276093;96;4
C05;C05;Critico progressivo: Celular em rodovia;Critico;Critico;0.47319882214069364;0.47319882214069364;R2_STABLE_RISK;42;73;32;1;58;16;1;0.24645645916461945;0.3197830021381378;0.12167445570230484;96;4
C01;C01;Critico: Celular em alta velocidade;Critico;Critico;0.29102678298950196;0.29102678298950196;R3_FALSE_KIN;32;44;13;0;34;2;0;0.05000000819563866;0.15761184692382812;0.10153273493051529;96;4
C08;C08;Critico progressivo: Distracao urbana multietapas;Critico;Critico;0.43057272434234617;0.43057272434234617;R1_NORMAL;28;77;50;1;57;29;0;0.05000000819563866;0.3129037916660309;0.19037754833698273;96;4
C05;C05;Critico progressivo: Celular em rodovia;Critico;Critico;0.38656421154737475;0.38656421154737475;R2_STABLE_RISK;42;73;32;1;58;16;0;0.05000000819563866;0.31285038590431213;0.15571029484272003;96;4
C02;C02;Critico: Fadiga com desvio cinematico;Critico;Critico;0.39378328174352645;0.39378328174352645;R2_STABLE_RISK;29;50;22;0;32;3;0;0.05000000819563866;0.08711769431829453;0.10866979509592056;96;4
C06;C06;Critico progressivo: Fadiga noturna;Critico;Critico;0.4260654047131538;0.4260654047131538;R1_NORMAL;36;81;46;1;60;24;0;0.05000000819563866;0.16249144077301025;0.14392279088497162;96;4
C07;C07;Critico progressivo: Sem cinto sob chuva;Critico;Critico;0.46495141685009;0.46495141685009;R1_NORMAL;37;75;39;1;59;22;1;0.25898393988609314;0.38285350799560547;0.15140070021152496;96;4
C04;C04;Critico: Multiplas distracoes urbanas;Critico;Critico;0.3713889718055725;0.3713889718055725;R2_STABLE_RISK;22;45;24;0;24;2;0;0.05000000819563866;0.20574931800365448;0.13420210778713226;96;4
N03;N03;Normal: Noite estável;Normal;Normal;0.050000007078051564;0.050000007078051564;R1_NORMAL;-1;-1;0;0;-1;-1;0;0.05000000819563866;0.031576335430145264;0.10067126899957657;96;4
C09;C09;Critico progressivo: Bebida ao volante;Critico;Critico;0.39615826606750487;0.39615826606750487;R1_NORMAL;38;73;36;1;56;18;0;0.05000000819563866;0.2513892948627472;0.13511495292186737;96;4
C03;C03;Critico: Celular sem cinto sob chuva;Critico;Critico;0.3752959698438644;0.3752959698438644;R1_NORMAL;26;41;16;0;28;2;0;0.05000000819563866;0.18348853290081024;0.12864148616790771;96;4
C07;C07;Critico progressivo: Sem cinto sob chuva;Critico;Critico;0.40796643048524855;0.40796643048524855;R3_FALSE_KIN;37;75;39;1;56;19;0;0.05000000819563866;0.3788512647151947;0.1553211361169815;96;4
C08;C08;Critico progressivo: Distracao urbana multietapas;Critico;Critico;0.4337901949882507;0.4337901949882507;R3_FALSE_KIN;28;77;50;1;58;30;0;0.05000000819563866;0.31282374262809753;0.17258058488368988;96;4
C03;C03;Critico: Celular sem cinto sob chuva;Critico;Critico;0.3752959698438644;0.3752959698438644;R1_NORMAL;26;41;16;0;28;2;0;0.05000000819563866;0.1853950470685959;0.12423058599233627;96;4
C07;C07;Critico progressivo: Sem cinto sob chuva;Critico;Critico;0.4137515768408775;0.4137515768408775;R2_STABLE_RISK;37;75;39;1;58;21;0;0.05000000819563866;0.3783353865146637;0.13784928619861603;96;4
C02;C02;Critico: Fadiga com desvio cinematico;Critico;Critico;0.600640395283699;0.600640395283699;R3_FALSE_KIN;29;50;22;0;32;3;1;0.25842490792274475;0.10294748097658157;0.18511486053466797;96;4
C10;C10;Critico progressivo: Grooming em rodovia com fadiga;Critico;Critico;0.4562680125236511;0.4562680125236511;R3_FALSE_KIN;40;81;42;1;64;24;1;0.354676216840744;0.1997532695531845;0.11195003241300583;96;4
C03;C03;Critico: Celular sem cinto sob chuva;Critico;Critico;0.3752959698438644;0.3752959698438644;R3_FALSE_KIN;26;41;16;0;28;2;0;0.05000000819563866;0.18253684043884277;0.0958111509680748;96;4
C02;C02;Critico: Fadiga com desvio cinematico;Critico;Critico;0.39378328174352645;0.39378328174352645;R2_STABLE_RISK;29;50;22;0;32;3;0;0.05000000819563866;0.09437981247901917;0.17962104082107544;96;4
C03;C03;Critico: Celular sem cinto sob chuva;Critico;Critico;0.3752959698438644;0.3752959698438644;R1_NORMAL;26;41;16;0;28;2;0;0.05000000819563866;0.1874120831489563;0.10445574671030045;96;4
N02;N02;Normal: Urbano moderado;Normal;Normal;0.050000007078051564;0.050000007078051564;R1_NORMAL;-1;-1;0;0;-1;-1;0;0.05000000819563866;0.02535330317914486;0.11307903379201889;96;4
C04;C04;Critico: Multiplas distracoes urbanas;Critico;Critico;0.3713889718055725;0.3713889718055725;R3_FALSE_KIN;22;45;24;0;24;2;0;0.05000000819563866;0.20554214715957642;0.12226399034261703;96;4
C10;C10;Critico progressivo: Grooming em rodovia com fadiga;Critico;Critico;0.42323587089776993;0.42323587089776993;R1_NORMAL;40;81;42;1;66;26;0;0.05000000819563866;0.20091910660266876;0.10662251710891724;96;4
C03;C03;Critico: Celular sem cinto sob chuva;Critico;Critico;0.6210416376590728;0.6210416376590728;R1_NORMAL;26;41;16;0;28;2;1;0.24946390092372894;0.18403027951717377;0.19026778638362885;96;4
C09;C09;Critico progressivo: Bebida ao volante;Critico;Critico;0.42872479408979414;0.42872479408979414;R3_FALSE_KIN;38;73;36;1;52;14;0;0.05000000819563866;0.25795552134513855;0.1492488831281662;96;4
C09;C09;Critico progressivo: Bebida ao volante;Critico;Critico;0.39647121429443355;0.39647121429443355;R1_NORMAL;38;73;36;1;61;23;0;0.05000000819563866;0.24475611746311188;0.13599462807178497;96;4
C06;C06;Critico progressivo: Fadiga noturna;Critico;Critico;0.49221753478050234;0.49221753478050234;R1_NORMAL;36;81;46;1;60;24;1;0.30111387372016907;0.15961237251758575;0.09186211228370667;96;4
N01;N01;Normal: Viagem tranquila em rodovia;Normal;Normal;0.050000007078051564;0.050000007078051564;R1_NORMAL;-1;-1;0;0;-1;-1;0;0.05000000819563866;0.03239741921424866;0.08924051374197006;96;4
C04;C04;Critico: Multiplas distracoes urbanas;Critico;Critico;0.3713889718055725;0.3713889718055725;R1_NORMAL;22;45;24;0;24;2;0;0.05000000819563866;0.20040321350097656;0.12357819825410843;96;4
C05;C05;Critico progressivo: Celular em rodovia;Critico;Critico;0.38523871898651124;0.38523871898651124;R3_FALSE_KIN;42;73;32;1;61;19;0;0.05000000819563866;0.3119708001613617;0.11680833250284195;96;4
C08;C08;Critico progressivo: Distracao urbana multietapas;Critico;Critico;0.45037904679775237;0.45037904679775237;R1_NORMAL;28;77;50;1;51;23;0;0.05000000819563866;0.32044532895088196;0.18704946339130402;96;4
C08;C08;Critico progressivo: Distracao urbana multietapas;Critico;Critico;0.4357466131448745;0.4357466131448745;R2_STABLE_RISK;28;77;50;1;52;24;0;0.05000000819563866;0.31967177987098694;0.17383380234241486;96;4
C01;C01;Critico: Celular em alta velocidade;Critico;Critico;0.29102678298950196;0.29102678298950196;R2_STABLE_RISK;32;44;13;0;34;2;0;0.05000000819563866;0.15371638536453247;0.1873885542154312;96;4
C07;C07;Critico progressivo: Sem cinto sob chuva;Critico;Critico;0.4927916288375854;0.4927916288375854;R1_NORMAL;37;75;39;1;58;21;1;0.30794206261634827;0.3710686266422272;0.1560254842042923;96;4
C09;C09;Critico progressivo: Bebida ao volante;Critico;Critico;0.38787533193826673;0.38787533193826673;R1_NORMAL;38;73;36;1;58;20;0;0.05000000819563866;0.25103726983070374;0.1074623093008995;96;4
C06;C06;Critico progressivo: Fadiga noturna;Critico;Critico;0.4495333075523376;0.4495333075523376;R1_NORMAL;36;81;46;1;60;24;0;0.05000000819563866;0.15129972994327545;0.11798721551895142;96;4
C07;C07;Critico progressivo: Sem cinto sob chuva;Critico;Critico;0.41120162755250933;0.41120162755250933;R1_NORMAL;37;75;39;1;55;18;0;0.05000000819563866;0.38232865929603577;0.14414803683757782;96;4
C04;C04;Critico: Multiplas distracoes urbanas;Critico;Critico;0.3713889718055725;0.3713889718055725;R3_FALSE_KIN;22;45;24;0;24;2;0;0.05000000819563866;0.19504474103450775;0.1387842893600464;96;4
N03;N03;Normal: Noite estável;Normal;Normal;0.050000007078051564;0.050000007078051564;R2_STABLE_RISK;-1;-1;0;0;-1;-1;0;0.05000000819563866;0.031706925481557846;0.10671963542699814;96;4
C02;C02;Critico: Fadiga com desvio cinematico;Critico;Critico;0.5987040281295777;0.5987040281295777;R3_FALSE_KIN;29;50;22;0;32;3;1;0.2512761354446411;0.09337470680475235;0.13918767869472504;96;4
C03;C03;Critico: Celular sem cinto sob chuva;Critico;Critico;0.6082521766424178;0.6082521766424178;R2_STABLE_RISK;26;41;16;0;28;2;1;0.19711442291736603;0.19105935096740723;0.20295007526874542;96;4
N01;N01;Normal: Viagem tranquila em rodovia;Normal;Normal;0.050000007078051564;0.050000007078051564;R1_NORMAL;-1;-1;0;0;-1;-1;0;0.05000000819563866;0.03265026584267616;0.09605497121810913;96;4
C01;C01;Critico: Celular em alta velocidade;Critico;Critico;0.29102678298950196;0.29102678298950196;R2_STABLE_RISK;32;44;13;0;34;2;0;0.05000000819563866;0.15412567555904388;0.13331006467342377;96;4
C10;C10;Critico progressivo: Grooming em rodovia com fadiga;Critico;Critico;0.41065124422311783;0.41065124422311783;R1_NORMAL;40;81;42;1;63;23;0;0.05000000819563866;0.196990966796875;0.13611763715744019;96;4
N01;N01;Normal: Viagem tranquila em rodovia;Normal;Normal;0.050000007078051564;0.050000007078051564;R2_STABLE_RISK;-1;-1;0;0;-1;-1;0;0.05000000819563866;0.03113359957933426;0.08214666694402695;96;4
C04;C04;Critico: Multiplas distracoes urbanas;Critico;Critico;0.3713889718055725;0.3713889718055725;R1_NORMAL;22;45;24;0;24;2;0;0.05000000819563866;0.20416836440563202;0.12342876195907593;96;4
C09;C09;Critico progressivo: Bebida ao volante;Critico;Critico;0.4855227112770081;0.4855227112770081;R1_NORMAL;38;73;36;1;60;22;1;0.2878390848636627;0.24984459578990936;0.14177963137626648;96;4
N02;N02;Normal: Urbano moderado;Normal;Normal;0.050000007078051564;0.050000007078051564;R1_NORMAL;-1;-1;0;0;-1;-1;0;0.05000000819563866;0.03394455835223198;0.09677919000387192;96;4
C06;C06;Critico progressivo: Fadiga noturna;Critico;Critico;0.4380898222327232;0.4380898222327232;R1_NORMAL;36;81;46;1;63;27;0;0.05000000819563866;0.15573956072330475;0.10306058079004288;96;4
C07;C07;Critico progressivo: Sem cinto sob chuva;Critico;Critico;0.41893075555562975;0.41893075555562975;R1_NORMAL;37;75;39;1;61;24;0;0.05000000819563866;0.3733079433441162;0.12241685390472412;96;4
C05;C05;Critico progressivo: Celular em rodovia;Critico;Critico;0.4594268769025802;0.4594268769025802;R2_STABLE_RISK;42;73;32;1;61;19;1;0.2852606475353241;0.3120217025279999;0.13622190058231354;96;4
C08;C08;Critico progressivo: Distracao urbana multietapas;Critico;Critico;0.49893660843372345;0.49893660843372345;R2_STABLE_RISK;28;77;50;1;59;31;1;0.3326411545276642;0.3086874186992645;0.16260379552841187;96;4
C08;C08;Critico progressivo: Distracao urbana multietapas;Critico;Critico;0.545348733663559;0.545348733663559;R1_NORMAL;28;77;50;1;49;21;1;0.3086094856262207;0.32596027851104736;0.1820605993270874;96;4
C08;C08;Critico progressivo: Distracao urbana multietapas;Critico;Critico;0.4553325057029724;0.4553325057029724;R2_STABLE_RISK;28;77;50;1;55;27;0;0.05000000819563866;0.3163083791732788;0.17120586335659027;96;4
N02;N02;Normal: Urbano moderado;Normal;Normal;0.050000007078051564;0.050000007078051564;R1_NORMAL;-1;-1;0;0;-1;-1;0;0.05000000819563866;0.028397271409630775;0.09820157289505005;96;4
C07;C07;Critico progressivo: Sem cinto sob chuva;Critico;Critico;0.40010779649019235;0.40010779649019235;R1_NORMAL;37;75;39;1;58;21;0;0.05000000819563866;0.3703629970550537;0.18186146020889282;96;4
N02;N02;Normal: Urbano moderado;Normal;Normal;0.050000007078051564;0.050000007078051564;R1_NORMAL;-1;-1;0;0;-1;-1;0;0.05000000819563866;0.027736404910683632;0.12717176973819733;96;4
C06;C06;Critico progressivo: Fadiga noturna;Critico;Critico;0.4438029170036316;0.4438029170036316;R1_NORMAL;36;81;46;1;64;28;0;0.05000000819563866;0.15904122591018677;0.13148994743824005;96;4
N01;N01;Normal: Viagem tranquila em rodovia;Normal;Normal;0.050000007078051564;0.050000007078051564;R2_STABLE_RISK;-1;-1;0;0;-1;-1;0;0.05000000819563866;0.032127439975738525;0.09100028872489929;96;4
N01;N01;Normal: Viagem tranquila em rodovia;Normal;Normal;0.050000007078051564;0.050000007078051564;R1_NORMAL;-1;-1;0;0;-1;-1;0;0.05000000819563866;0.035424161702394485;0.08502700179815292;96;4
C06;C06;Critico progressivo: Fadiga noturna;Critico;Critico;0.5032145589590072;0.5032145589590072;R1_NORMAL;36;81;46;1;56;20;1;0.3364734649658203;0.15561293065547943;0.11636406183242798;96;4
C07;C07;Critico progressivo: Sem cinto sob chuva;Critico;Critico;0.43615150004625314;0.43615150004625314;R3_FALSE_KIN;37;75;39;1;55;18;0;0.05000000819563866;0.38353848457336426;0.1413566619157791;96;4
C02;C02;Critico: Fadiga com desvio cinematico;Critico;Critico;0.6046084612607956;0.6046084612607956;R2_STABLE_RISK;29;50;22;0;32;3;1;0.2631237804889679;0.09773252159357071;0.1743837147951126;96;4
C10;C10;Critico progressivo: Grooming em rodovia com fadiga;Critico;Critico;0.4171287059783935;0.4171287059783935;R2_STABLE_RISK;40;81;42;1;62;22;0;0.05000000819563866;0.204197958111763;0.12233686447143555;96;4
N02;N02;Normal: Urbano moderado;Normal;Normal;0.050000007078051564;0.050000007078051564;R1_NORMAL;-1;-1;0;0;-1;-1;0;0.05000000819563866;0.03580081835389137;0.09536826610565186;96;4
C02;C02;Critico: Fadiga com desvio cinematico;Critico;Critico;0.39378328174352645;0.39378328174352645;R1_NORMAL;29;50;22;0;32;3;0;0.05000000819563866;0.09479228407144547;0.12891018390655518;96;4
C06;C06;Critico progressivo: Fadiga noturna;Critico;Critico;0.4247964724898338;0.4247964724898338;R2_STABLE_RISK;36;81;46;1;55;19;0;0.05000000819563866;0.15804623067378998;0.15199202299118042;96;4
N02;N02;Normal: Urbano moderado;Normal;Normal;0.050000007078051564;0.050000007078051564;R1_NORMAL;-1;-1;0;0;-1;-1;0;0.05000000819563866;0.03389235958456993;0.08545788377523422;96;4
N01;N01;Normal: Viagem tranquila em rodovia;Normal;Normal;0.050000007078051564;0.050000007078051564;R1_NORMAL;-1;-1;0;0;-1;-1;0;0.05000000819563866;0.03179331496357918;0.07004063576459885;96;4
C03;C03;Critico: Celular sem cinto sob chuva;Critico;Critico;0.3752959698438644;0.3752959698438644;R2_STABLE_RISK;26;41;16;0;28;2;0;0.05000000819563866;0.18989455699920654;0.11801586300134659;96;4
C03;C03;Critico: Celular sem cinto sob chuva;Critico;Critico;0.3752959698438644;0.3752959698438644;R2_STABLE_RISK;26;41;16;0;28;2;0;0.05000000819563866;0.18592572212219238;0.14073477685451508;96;4
C06;C06;Critico progressivo: Fadiga noturna;Critico;Critico;0.47400512397289274;0.47400512397289274;R3_FALSE_KIN;36;81;46;1;61;25;1;0.3028925657272339;0.14923028647899628;0.1115041971206665;96;4
N03;N03;Normal: Noite estável;Normal;Normal;0.050000007078051564;0.050000007078051564;R1_NORMAL;-1;-1;0;0;-1;-1;0;0.05000000819563866;0.030442506074905396;0.0918496623635292;96;4
N03;N03;Normal: Noite estável;Normal;Normal;0.050000007078051564;0.050000007078051564;R1_NORMAL;-1;-1;0;0;-1;-1;0;0.05000000819563866;0.033241644501686096;0.09357867389917374;96;4
N02;N02;Normal: Urbano moderado;Normal;Normal;0.050000007078051564;0.050000007078051564;R2_STABLE_RISK;-1;-1;0;0;-1;-1;0;0.05000000819563866;0.025732776150107384;0.07914359122514725;96;4
C07;C07;Critico progressivo: Sem cinto sob chuva;Critico;Critico;0.38991636633872984;0.38991636633872984;R1_NORMAL;37;75;39;1;61;24;0;0.05000000819563866;0.3779844343662262;0.14626331627368927;96;4
C08;C08;Critico progressivo: Distracao urbana multietapas;Critico;Critico;0.4978404879570007;0.4978404879570007;R1_NORMAL;28;77;50;1;52;24;1;0.31306910514831543;0.3142850399017334;0.16006805002689362;96;4
C05;C05;Critico progressivo: Celular em rodovia;Critico;Critico;0.46218525171279906;0.46218525171279906;R2_STABLE_RISK;42;73;32;1;61;19;1;0.24486874043941498;0.3124212920665741;0.16622427105903625;96;4
C10;C10;Critico progressivo: Grooming em rodovia com fadiga;Critico;Critico;0.4443468421697616;0.4443468421697616;R3_FALSE_KIN;40;81;42;1;63;23;1;0.3645254075527191;0.2005542516708374;0.1146523728966713;96;4
C04;C04;Critico: Multiplas distracoes urbanas;Critico;Critico;0.3713889718055725;0.3713889718055725;R3_FALSE_KIN;22;45;24;0;24;2;0;0.05000000819563866;0.21142517030239105;0.1304316371679306;96;4
C01;C01;Critico: Celular em alta velocidade;Critico;Critico;0.5291474282741546;0.5291474282741546;R1_NORMAL;32;44;13;0;34;2;1;0.24746549129486084;0.15344318747520447;0.1767130047082901;96;4
C04;C04;Critico: Multiplas distracoes urbanas;Critico;Critico;0.3713889718055725;0.3713889718055725;R2_STABLE_RISK;22;45;24;0;24;2;0;0.05000000819563866;0.20020359754562378;0.11582472175359726;96;4
C02;C02;Critico: Fadiga com desvio cinematico;Critico;Critico;0.39378328174352645;0.39378328174352645;R2_STABLE_RISK;29;50;22;0;32;3;0;0.05000000819563866;0.0884406641125679;0.08794320374727249;96;4
N01;N01;Normal: Viagem tranquila em rodovia;Normal;Normal;0.050000007078051564;0.050000007078051564;R2_STABLE_RISK;-1;-1;0;0;-1;-1;0;0.05000000819563866;0.024111436679959297;0.10451855510473251;96;4
C06;C06;Critico progressivo: Fadiga noturna;Critico;Critico;0.45295141190290444;0.45295141190290444;R1_NORMAL;36;81;46;1;60;24;0;0.05000000819563866;0.15291188657283783;0.1280539184808731;96;4
C06;C06;Critico progressivo: Fadiga noturna;Critico;Critico;0.4197304129600524;0.4197304129600524;R1_NORMAL;36;81;46;1;64;28;0;0.05000000819563866;0.15595005452632904;0.17007875442504883;96;4
C06;C06;Critico progressivo: Fadiga noturna;Critico;Critico;0.4182858169078827;0.4182858169078827;R3_FALSE_KIN;36;81;46;1;59;23;0;0.05000000819563866;0.15656286478042603;0.10296836495399475;96;4
C08;C08;Critico progressivo: Distracao urbana multietapas;Critico;Critico;0.5136339664459229;0.5136339664459229;R1_NORMAL;28;77;50;1;54;26;1;0.27030909061431885;0.31133097410202026;0.18459367752075195;96;4
C02;C02;Critico: Fadiga com desvio cinematico;Critico;Critico;0.39378328174352645;0.39378328174352645;R2_STABLE_RISK;29;50;22;0;32;3;0;0.05000000819563866;0.09769090265035629;0.11489786952733994;96;4
N02;N02;Normal: Urbano moderado;Normal;Normal;0.050000007078051564;0.050000007078051564;R2_STABLE_RISK;-1;-1;0;0;-1;-1;0;0.05000000819563866;0.03106103278696537;0.11482510715723038;96;4
C09;C09;Critico progressivo: Bebida ao volante;Critico;Critico;0.48915528059005736;0.48915528059005736;R1_NORMAL;38;73;36;1;57;19;1;0.28455933928489685;0.2502317428588867;0.16699032485485077;96;4
C09;C09;Critico progressivo: Bebida ao volante;Critico;Critico;0.41221003532409667;0.41221003532409667;R1_NORMAL;38;73;36;1;52;14;0;0.05000000819563866;0.2521595060825348;0.13884614408016205;96;4
C06;C06;Critico progressivo: Fadiga noturna;Critico;Critico;0.4284785032272339;0.4284785032272339;R2_STABLE_RISK;36;81;46;1;53;17;0;0.05000000819563866;0.16015388071537018;0.09643548727035522;96;4
N01;N01;Normal: Viagem tranquila em rodovia;Normal;Normal;0.050000007078051564;0.050000007078051564;R2_STABLE_RISK;-1;-1;0;0;-1;-1;0;0.05000000819563866;0.029867440462112427;0.08823928982019424;96;4
C03;C03;Critico: Celular sem cinto sob chuva;Critico;Critico;0.3752959698438644;0.3752959698438644;R1_NORMAL;26;41;16;0;28;2;0;0.05000000819563866;0.18567585945129395;0.162886381149292;96;4
C01;C01;Critico: Celular em alta velocidade;Critico;Critico;0.29102678298950196;0.29102678298950196;R2_STABLE_RISK;32;44;13;0;34;2;0;0.05000000819563866;0.15387964248657227;0.09367772191762924;96;4
C03;C03;Critico: Celular sem cinto sob chuva;Critico;Critico;0.6226980298757553;0.6226980298757553;R1_NORMAL;26;41;16;0;28;2;1;0.2642771005630493;0.1850840300321579;0.1624310463666916;96;4
C09;C09;Critico progressivo: Bebida ao volante;Critico;Critico;0.4023658379912376;0.4023658379912376;R3_FALSE_KIN;38;73;36;1;58;20;0;0.05000000819563866;0.2595536410808563;0.14187191426753998;96;4
N03;N03;Normal: Noite estável;Normal;Normal;0.050000007078051564;0.050000007078051564;R3_FALSE_KIN;-1;-1;0;0;-1;-1;0;0.05000000819563866;0.03028913401067257;0.08899252861738205;96;4
N03;N03;Normal: Noite estável;Normal;Normal;0.050000007078051564;0.050000007078051564;R3_FALSE_KIN;-1;-1;0;0;-1;-1;0;0.05000000819563866;0.0380542129278183;0.11696135997772217;96;4
C02;C02;Critico: Fadiga com desvio cinematico;Critico;Critico;0.594940385222435;0.594940385222435;R1_NORMAL;29;50;22;0;32;3;1;0.26670992374420166;0.09935081750154495;0.18794649839401245;96;4
C05;C05;Critico progressivo: Celular em rodovia;Critico;Critico;0.4838017016649246;0.4838017016649246;R1_NORMAL;42;73;32;1;57;15;1;0.26458266377449036;0.3225681483745575;0.16685940325260162;96;4
C01;C01;Critico: Celular em alta velocidade;Critico;Critico;0.5305667757987975;0.5305667757987975;R3_FALSE_KIN;32;44;13;0;34;2;1;0.2494167536497116;0.16345393657684326;0.1786903738975525;96;4
C05;C05;Critico progressivo: Celular em rodovia;Critico;Critico;0.4732795387506485;0.4732795387506485;R2_STABLE_RISK;42;73;32;1;57;15;1;0.2709241211414337;0.3228743076324463;0.14103423058986664;96;4
C06;C06;Critico progressivo: Fadiga noturna;Critico;Critico;0.39663067311048505;0.39663067311048505;R2_STABLE_RISK;36;81;46;1;61;25;0;0.05000000819563866;0.1553746908903122;0.13586726784706116;96;4
N03;N03;Normal: Noite estável;Normal;Normal;0.050000007078051564;0.050000007078051564;R3_FALSE_KIN;-1;-1;0;0;-1;-1;0;0.05000000819563866;0.028772523626685143;0.11957869678735733;96;4
C08;C08;Critico progressivo: Distracao urbana multietapas;Critico;Critico;0.4301523134112358;0.4301523134112358;R3_FALSE_KIN;28;77;50;1;57;29;0;0.05000000819563866;0.31342813372612;0.18252511322498322;96;4
C03;C03;Critico: Celular sem cinto sob chuva;Critico;Critico;0.6109035044908524;0.6109035044908524;R2_STABLE_RISK;26;41;16;0;28;2;1;0.25975754857063293;0.18560373783111572;0.1855405569076538;96;4
N01;N01;Normal: Viagem tranquila em rodovia;Normal;Normal;0.050000007078051564;0.050000007078051564;R1_NORMAL;-1;-1;0;0;-1;-1;0;0.05000000819563866;0.039084821939468384;0.07975850254297256;96;4
C07;C07;Critico progressivo: Sem cinto sob chuva;Critico;Critico;0.47274931371212003;0.47274931371212003;R1_NORMAL;37;75;39;1;60;23;1;0.2416340708732605;0.37857794761657715;0.17885231971740723;96;4
N02;N02;Normal: Urbano moderado;Normal;Normal;0.050000007078051564;0.050000007078051564;R3_FALSE_KIN;-1;-1;0;0;-1;-1;0;0.05000000819563866;0.04181630536913872;0.09435379505157471;96;4
N01;N01;Normal: Viagem tranquila em rodovia;Normal;Normal;0.050000007078051564;0.050000007078051564;R1_NORMAL;-1;-1;0;0;-1;-1;0;0.05000000819563866;0.03481593728065491;0.10392194986343384;96;4
C08;C08;Critico progressivo: Distracao urbana multietapas;Critico;Critico;0.49643133282661434;0.49643133282661434;R1_NORMAL;28;77;50;1;59;31;1;0.26439374685287476;0.3139842450618744;0.14873600006103516;96;4
C02;C02;Critico: Fadiga com desvio cinematico;Critico;Critico;0.39378328174352645;0.39378328174352645;R1_NORMAL;29;50;22;0;32;3;0;0.05000000819563866;0.09152243286371231;0.1536310762166977;96;4
C10;C10;Critico progressivo: Grooming em rodovia com fadiga;Critico;Critico;0.4139524459838867;0.4139524459838867;R1_NORMAL;40;81;42;1;60;20;0;0.05000000819563866;0.21476006507873535;0.10409537702798843;96;4
N02;N02;Normal: Urbano moderado;Normal;Normal;0.050000007078051564;0.050000007078051564;R2_STABLE_RISK;-1;-1;0;0;-1;-1;0;0.05000000819563866;0.028208866715431213;0.12800312042236328;96;4
N02;N02;Normal: Urbano moderado;Normal;Normal;0.050000007078051564;0.050000007078051564;R3_FALSE_KIN;-1;-1;0;0;-1;-1;0;0.05000000819563866;0.03701971098780632;0.13824795186519623;96;4
N02;N02;Normal: Urbano moderado;Normal;Normal;0.050000007078051564;0.050000007078051564;R2_STABLE_RISK;-1;-1;0;0;-1;-1;0;0.05000000819563866;0.032519880682229996;0.09862061589956284;96;4
C07;C07;Critico progressivo: Sem cinto sob chuva;Critico;Critico;0.40353920012712474;0.40353920012712474;R1_NORMAL;37;75;39;1;58;21;0;0.05000000819563866;0.37543606758117676;0.15994852781295776;96;4
C06;C06;Critico progressivo: Fadiga noturna;Critico;Critico;0.40320476740598676;0.40320476740598676;R3_FALSE_KIN;36;81;46;1;57;21;0;0.05000000819563866;0.16058789193630219;0.07824286818504333;96;4
C05;C05;Critico progressivo: Celular em rodovia;Critico;Critico;0.3952107712626457;0.3952107712626457;R2_STABLE_RISK;42;73;32;1;58;16;0;0.05000000819563866;0.31592607498168945;0.15317390859127045;96;4
C10;C10;Critico progressivo: Grooming em rodovia com fadiga;Critico;Critico;0.441898176074028;0.441898176074028;R2_STABLE_RISK;40;81;42;1;62;22;1;0.28443795442581177;0.1992122381925583;0.08520384877920151;96;4
C06;C06;Critico progressivo: Fadiga noturna;Critico;Critico;0.4121441140770912;0.4121441140770912;R2_STABLE_RISK;36;81;46;1;64;28;0;0.05000000819563866;0.16361112892627716;0.1324620246887207;96;4
N03;N03;Normal: Noite estável;Normal;Normal;0.050000007078051564;0.050000007078051564;R1_NORMAL;-1;-1;0;0;-1;-1;0;0.05000000819563866;0.03031226061284542;0.09824365377426147;96;4
N03;N03;Normal: Noite estável;Normal;Normal;0.050000007078051564;0.050000007078051564;R1_NORMAL;-1;-1;0;0;-1;-1;0;0.05000000819563866;0.028599342331290245;0.09210148453712463;96;4
C05;C05;Critico progressivo: Celular em rodovia;Critico;Critico;0.38296543508768077;0.38296543508768077;R2_STABLE_RISK;42;73;32;1;61;19;0;0.05000000819563866;0.31714388728141785;0.19623418152332306;96;4
C01;C01;Critico: Celular em alta velocidade;Critico;Critico;0.29102678298950196;0.29102678298950196;R1_NORMAL;32;44;13;0;34;2;0;0.05000000819563866;0.156136617064476;0.13683979213237762;96;4
C03;C03;Critico: Celular sem cinto sob chuva;Critico;Critico;0.3752959698438644;0.3752959698438644;R1_NORMAL;26;41;16;0;28;2;0;0.05000000819563866;0.1885635405778885;0.11936170607805252;96;4
N03;N03;Normal: Noite estável;Normal;Normal;0.050000007078051564;0.050000007078051564;R1_NORMAL;-1;-1;0;0;-1;-1;0;0.05000000819563866;0.03684103116393089;0.1068824753165245;96;4
N02;N02;Normal: Urbano moderado;Normal;Normal;0.050000007078051564;0.050000007078051564;R1_NORMAL;-1;-1;0;0;-1;-1;0;0.05000000819563866;0.03529581427574158;0.07568017393350601;96;4
C03;C03;Critico: Celular sem cinto sob chuva;Critico;Critico;0.3752959698438644;0.3752959698438644;R1_NORMAL;26;41;16;0;28;2;0;0.05000000819563866;0.18296624720096588;0.11962247639894485;96;4
C02;C02;Critico: Fadiga com desvio cinematico;Critico;Critico;0.39378328174352645;0.39378328174352645;R2_STABLE_RISK;29;50;22;0;32;3;0;0.05000000819563866;0.09003909677267075;0.11212108284235;96;4
N01;N01;Normal: Viagem tranquila em rodovia;Normal;Normal;0.050000007078051564;0.050000007078051564;R2_STABLE_RISK;-1;-1;0;0;-1;-1;0;0.05000000819563866;0.040688950568437576;0.1177736297249794;96;4
N01;N01;Normal: Viagem tranquila em rodovia;Normal;Normal;0.050000007078051564;0.050000007078051564;R2_STABLE_RISK;-1;-1;0;0;-1;-1;0;0.05000000819563866;0.030113959684967995;0.11843248456716537;96;4
N02;N02;Normal: Urbano moderado;Normal;Normal;0.050000007078051564;0.050000007078051564;R3_FALSE_KIN;-1;-1;0;0;-1;-1;0;0.05000000819563866;0.03908154368400574;0.06475348025560379;96;4
C10;C10;Critico progressivo: Grooming em rodovia com fadiga;Critico;Critico;0.4430807799100876;0.4430807799100876;R1_NORMAL;40;81;42;1;63;23;1;0.32493826746940613;0.20354671776294708;0.08905180543661118;96;4
N01;N01;Normal: Viagem tranquila em rodovia;Normal;Normal;0.050000007078051564;0.050000007078051564;R1_NORMAL;-1;-1;0;0;-1;-1;0;0.05000000819563866;0.03844601288437843;0.11696382611989975;96;4
C01;C01;Critico: Celular em alta velocidade;Critico;Critico;0.5336315542459488;0.5336315542459488;R2_STABLE_RISK;32;44;13;0;34;2;1;0.2628825008869171;0.15711969137191772;0.15752790868282318;96;4
C01;C01;Critico: Celular em alta velocidade;Critico;Critico;0.29102678298950196;0.29102678298950196;R1_NORMAL;32;44;13;0;34;2;0;0.05000000819563866;0.15154768526554108;0.1028902605175972;96;4
N03;N03;Normal: Noite estável;Normal;Normal;0.050000007078051564;0.050000007078051564;R2_STABLE_RISK;-1;-1;0;0;-1;-1;0;0.05000000819563866;0.03175557032227516;0.08875966817140579;96;4
C03;C03;Critico: Celular sem cinto sob chuva;Critico;Critico;0.3752959698438644;0.3752959698438644;R1_NORMAL;26;41;16;0;28;2;0;0.05000000819563866;0.1890316605567932;0.09581007808446884;96;4
C06;C06;Critico progressivo: Fadiga noturna;Critico;Critico;0.4759505897760391;0.4759505897760391;R1_NORMAL;36;81;46;1;61;25;1;0.3062233626842499;0.15450124442577362;0.09182224422693253;96;4
C02;C02;Critico: Fadiga com desvio cinematico;Critico;Critico;0.39378328174352645;0.39378328174352645;R2_STABLE_RISK;29;50;22;0;32;3;0;0.05000000819563866;0.09180889278650284;0.13016527891159058;96;4
C02;C02;Critico: Fadiga com desvio cinematico;Critico;Critico;0.39378328174352645;0.39378328174352645;R1_NORMAL;29;50;22;0;32;3;0;0.05000000819563866;0.09034047275781631;0.11354893445968628;96;4
C09;C09;Critico progressivo: Bebida ao volante;Critico;Critico;0.3791749313473701;0.3791749313473701;R2_STABLE_RISK;38;73;36;1;57;19;0;0.05000000819563866;0.24605464935302734;0.13081063330173492;96;4
C10;C10;Critico progressivo: Grooming em rodovia com fadiga;Critico;Critico;0.43079630136489866;0.43079630136489866;R2_STABLE_RISK;40;81;42;1;64;24;0;0.05000000819563866;0.20390073955059052;0.11331834644079208;96;4
C03;C03;Critico: Celular sem cinto sob chuva;Critico;Critico;0.3752959698438644;0.3752959698438644;R1_NORMAL;26;41;16;0;28;2;0;0.05000000819563866;0.17839129269123077;0.17254595458507538;96;4
N01;N01;Normal: Viagem tranquila em rodovia;Normal;Normal;0.050000007078051564;0.050000007078051564;R2_STABLE_RISK;-1;-1;0;0;-1;-1;0;0.05000000819563866;0.027058662846684456;0.09881313890218735;96;4
C07;C07;Critico progressivo: Sem cinto sob chuva;Critico;Critico;0.4027080401778221;0.4027080401778221;R1_NORMAL;37;75;39;1;61;24;0;0.05000000819563866;0.37862467765808105;0.12826956808567047;96;4
C03;C03;Critico: Celular sem cinto sob chuva;Critico;Critico;0.3752959698438644;0.3752959698438644;R1_NORMAL;26;41;16;0;28;2;0;0.05000000819563866;0.19234347343444824;0.18048004806041718;96;4
C05;C05;Critico progressivo: Celular em rodovia;Critico;Critico;0.36074320524930953;0.36074320524930953;R1_NORMAL;42;73;32;1;59;17;0;0.05000000819563866;0.31629326939582825;0.15029750764369965;96;4
N03;N03;Normal: Noite estável;Normal;Normal;0.050000007078051564;0.050000007078051564;R1_NORMAL;-1;-1;0;0;-1;-1;0;0.05000000819563866;0.022893188521265984;0.09556526690721512;96;4
C07;C07;Critico progressivo: Sem cinto sob chuva;Critico;Critico;0.46708215475082393;0.46708215475082393;R3_FALSE_KIN;37;75;39;1;60;23;1;0.2452416568994522;0.3772033452987671;0.16995786130428314;96;4
C06;C06;Critico progressivo: Fadiga noturna;Critico;Critico;0.431534169614315;0.431534169614315;R3_FALSE_KIN;36;81;46;1;63;27;0;0.05000000819563866;0.16780929267406464;0.16828341782093048;96;4
N03;N03;Normal: Noite estável;Normal;Normal;0.050000007078051564;0.050000007078051564;R1_NORMAL;-1;-1;0;0;-1;-1;0;0.05000000819563866;0.023645615205168724;0.10361621528863907;96;4
C06;C06;Critico progressivo: Fadiga noturna;Critico;Critico;0.44604602009058;0.44604602009058;R1_NORMAL;36;81;46;1;60;24;0;0.05000000819563866;0.1615477055311203;0.0978957936167717;96;4
C09;C09;Critico progressivo: Bebida ao volante;Critico;Critico;0.46647273302078246;0.46647273302078246;R2_STABLE_RISK;38;73;36;1;58;20;1;0.27034255862236023;0.2528025805950165;0.18237805366516113;96;4
C01;C01;Critico: Celular em alta velocidade;Critico;Critico;0.29102678298950196;0.29102678298950196;R2_STABLE_RISK;32;44;13;0;34;2;0;0.05000000819563866;0.1552180051803589;0.11220211535692215;96;4
C08;C08;Critico progressivo: Distracao urbana multietapas;Critico;Critico;0.4092914894223213;0.4092914894223213;R1_NORMAL;28;77;50;1;57;29;0;0.05000000819563866;0.30908679962158203;0.1660885214805603;96;4
C07;C07;Critico progressivo: Sem cinto sob chuva;Critico;Critico;0.4160593137145042;0.4160593137145042;R1_NORMAL;37;75;39;1;60;23;0;0.05000000819563866;0.37527740001678467;0.11663349717855453;96;4
C09;C09;Critico progressivo: Bebida ao volante;Critico;Critico;0.37680703848600383;0.37680703848600383;R2_STABLE_RISK;38;73;36;1;58;20;0;0.05000000819563866;0.25228479504585266;0.1280144304037094;96;4
C04;C04;Critico: Multiplas distracoes urbanas;Critico;Critico;0.3713889718055725;0.3713889718055725;R1_NORMAL;22;45;24;0;24;2;0;0.05000000819563866;0.2014559656381607;0.143466055393219;96;4
N03;N03;Normal: Noite estável;Normal;Normal;0.050000007078051564;0.050000007078051564;R3_FALSE_KIN;-1;-1;0;0;-1;-1;0;0.05000000819563866;0.034305501729249954;0.12470408529043198;96;4
C01;C01;Critico: Celular em alta velocidade;Critico;Critico;0.5312123030424118;0.5312123030424118;R1_NORMAL;32;44;13;0;34;2;1;0.2603321969509125;0.15688109397888184;0.15892784297466278;96;4
N01;N01;Normal: Viagem tranquila em rodovia;Normal;Normal;0.050000007078051564;0.050000007078051564;R1_NORMAL;-1;-1;0;0;-1;-1;0;0.05000000819563866;0.030168859288096428;0.08170048147439957;96;4
N02;N02;Normal: Urbano moderado;Normal;Normal;0.050000007078051564;0.050000007078051564;R2_STABLE_RISK;-1;-1;0;0;-1;-1;0;0.05000000819563866;0.03382311388850212;0.08926144987344742;96;4
N02;N02;Normal: Urbano moderado;Normal;Normal;0.050000007078051564;0.050000007078051564;R1_NORMAL;-1;-1;0;0;-1;-1;0;0.05000000819563866;0.03678479418158531;0.07692128419876099;96;4
N02;N02;Normal: Urbano moderado;Normal;Normal;0.050000007078051564;0.050000007078051564;R3_FALSE_KIN;-1;-1;0;0;-1;-1;0;0.05000000819563866;0.028188562020659447;0.10175687074661255;96;4
C08;C08;Critico progressivo: Distracao urbana multietapas;Critico;Critico;0.4463853314518928;0.4463853314518928;R3_FALSE_KIN;28;77;50;1;55;27;0;0.05000000819563866;0.3105085492134094;0.16869108378887177;96;4
C01;C01;Critico: Celular em alta velocidade;Critico;Critico;0.5167341172695159;0.5167341172695159;R2_STABLE_RISK;32;44;13;0;34;2;1;0.227091446518898;0.1592136025428772;0.19465482234954834;96;4
N02;N02;Normal: Urbano moderado;Normal;Normal;0.050000007078051564;0.050000007078051564;R1_NORMAL;-1;-1;0;0;-1;-1;0;0.05000000819563866;0.024874359369277954;0.07823114097118378;96;4
C10;C10;Critico progressivo: Grooming em rodovia com fadiga;Critico;Critico;0.3877139940857887;0.3877139940857887;R1_NORMAL;40;81;42;1;67;27;0;0.05000000819563866;0.19246263802051544;0.11637229472398758;96;4
C08;C08;Critico progressivo: Distracao urbana multietapas;Critico;Critico;0.5071269601583481;0.5071269601583481;R2_STABLE_RISK;28;77;50;1;50;22;1;0.3288755416870117;0.3170495331287384;0.1759401559829712;96;4
C08;C08;Critico progressivo: Distracao urbana multietapas;Critico;Critico;0.4302496150135994;0.4302496150135994;R2_STABLE_RISK;28;77;50;1;53;25;0;0.05000000819563866;0.31557151675224304;0.13162337243556976;96;4
N02;N02;Normal: Urbano moderado;Normal;Normal;0.050000007078051564;0.050000007078051564;R1_NORMAL;-1;-1;0;0;-1;-1;0;0.05000000819563866;0.029342005029320717;0.13477115333080292;96;4
C04;C04;Critico: Multiplas distracoes urbanas;Critico;Critico;0.5717291206121444;0.5717291206121444;R1_NORMAL;22;45;24;0;24;2;1;0.2340412735939026;0.1995876580476761;0.17924754321575165;96;4
C03;C03;Critico: Celular sem cinto sob chuva;Critico;Critico;0.3752959698438644;0.3752959698438644;R1_NORMAL;26;41;16;0;28;2;0;0.05000000819563866;0.18690483272075653;0.16368941962718964;96;4
C10;C10;Critico progressivo: Grooming em rodovia com fadiga;Critico;Critico;0.4649984151124954;0.4649984151124954;R2_STABLE_RISK;40;81;42;1;61;21;1;0.3169417381286621;0.20404265820980072;0.08500397205352783;96;4
C08;C08;Critico progressivo: Distracao urbana multietapas;Critico;Critico;0.4394239977002144;0.4394239977002144;R1_NORMAL;28;77;50;1;51;23;0;0.05000000819563866;0.31710371375083923;0.14625872671604156;96;4
C03;C03;Critico: Celular sem cinto sob chuva;Critico;Critico;0.3752959698438644;0.3752959698438644;R1_NORMAL;26;41;16;0;28;2;0;0.05000000819563866;0.17868995666503906;0.11236315965652466;96;4
C09;C09;Critico progressivo: Bebida ao volante;Critico;Critico;0.39599450230598443;0.39599450230598443;R1_NORMAL;38;73;36;1;56;18;0;0.05000000819563866;0.25196295976638794;0.17787347733974457;96;4
C04;C04;Critico: Multiplas distracoes urbanas;Critico;Critico;0.3713889718055725;0.3713889718055725;R2_STABLE_RISK;22;45;24;0;24;2;0;0.05000000819563866;0.2069532424211502;0.11682859808206558;96;4
N03;N03;Normal: Noite estável;Normal;Normal;0.050000007078051564;0.050000007078051564;R2_STABLE_RISK;-1;-1;0;0;-1;-1;0;0.05000000819563866;0.03439686819911003;0.11077956110239029;96;4
C03;C03;Critico: Celular sem cinto sob chuva;Critico;Critico;0.3752959698438644;0.3752959698438644;R2_STABLE_RISK;26;41;16;0;28;2;0;0.05000000819563866;0.18379788100719452;0.1247638538479805;96;4
C02;C02;Critico: Fadiga com desvio cinematico;Critico;Critico;0.5894110053777695;0.5894110053777695;R1_NORMAL;29;50;22;0;32;3;1;0.22232098877429962;0.09328369051218033;0.14392539858818054;96;4
N03;N03;Normal: Noite estável;Normal;Normal;0.050000007078051564;0.050000007078051564;R1_NORMAL;-1;-1;0;0;-1;-1;0;0.05000000819563866;0.03516973927617073;0.08524638414382935;96;4
C09;C09;Critico progressivo: Bebida ao volante;Critico;Critico;0.4618940830230712;0.4618940830230712;R3_FALSE_KIN;38;73;36;1;58;20;1;0.305726557970047;0.25038209557533264;0.21475033462047577;96;4
C06;C06;Critico progressivo: Fadiga noturna;Critico;Critico;0.4554881721735;0.4554881721735;R3_FALSE_KIN;36;81;46;1;60;24;1;0.3245425820350647;0.15982958674430847;0.1319059431552887;96;4
C02;C02;Critico: Fadiga com desvio cinematico;Critico;Critico;0.39378328174352645;0.39378328174352645;R3_FALSE_KIN;29;50;22;0;32;3;0;0.05000000819563866;0.09483063966035843;0.1180146113038063;96;4
C03;C03;Critico: Celular sem cinto sob chuva;Critico;Critico;0.3752959698438644;0.3752959698438644;R2_STABLE_RISK;26;41;16;0;28;2;0;0.05000000819563866;0.19033505022525787;0.12766556441783905;96;4
C10;C10;Critico progressivo: Grooming em rodovia com fadiga;Critico;Critico;0.45455172955989837;0.45455172955989837;R2_STABLE_RISK;40;81;42;1;63;23;1;0.35393252968788147;0.20476461946964264;0.14668019115924835;96;4
C03;C03;Critico: Celular sem cinto sob chuva;Critico;Critico;0.6190962374210358;0.6190962374210358;R1_NORMAL;26;41;16;0;28;2;1;0.2772914469242096;0.18657588958740234;0.15054376423358917;96;4
C08;C08;Critico progressivo: Distracao urbana multietapas;Critico;Critico;0.42947249859571457;0.42947249859571457;R2_STABLE_RISK;28;77;50;1;51;23;0;0.05000000819563866;0.3169325888156891;0.2106953114271164;96;4
N03;N03;Normal: Noite estável;Normal;Normal;0.050000007078051564;0.050000007078051564;R2_STABLE_RISK;-1;-1;0;0;-1;-1;0;0.05000000819563866;0.03241489455103874;0.11538821458816528;96;4
C08;C08;Critico progressivo: Distracao urbana multietapas;Critico;Critico;0.5176477372646331;0.5176477372646331;R1_NORMAL;28;77;50;1;50;22;1;0.2714250385761261;0.3225495517253876;0.13686485588550568;96;4
N02;N02;Normal: Urbano moderado;Normal;Normal;0.050000007078051564;0.050000007078051564;R2_STABLE_RISK;-1;-1;0;0;-1;-1;0;0.05000000819563866;0.028900032863020897;0.10215488821268082;96;4
N03;N03;Normal: Noite estável;Normal;Normal;0.050000007078051564;0.050000007078051564;R2_STABLE_RISK;-1;-1;0;0;-1;-1;0;0.05000000819563866;0.03676692396402359;0.13962845504283905;96;4
N02;N02;Normal: Urbano moderado;Normal;Normal;0.050000007078051564;0.050000007078051564;R2_STABLE_RISK;-1;-1;0;0;-1;-1;0;0.05000000819563866;0.0343993715941906;0.13981746137142181;96;4
N01;N01;Normal: Viagem tranquila em rodovia;Normal;Normal;0.050000007078051564;0.050000007078051564;R1_NORMAL;-1;-1;0;0;-1;-1;0;0.05000000819563866;0.02805669605731964;0.08628473430871964;96;4
C07;C07;Critico progressivo: Sem cinto sob chuva;Critico;Critico;0.39092848300933836;0.39092848300933836;R3_FALSE_KIN;37;75;39;1;59;22;0;0.05000000819563866;0.37117505073547363;0.17514626681804657;96;4
N01;N01;Normal: Viagem tranquila em rodovia;Normal;Normal;0.050000007078051564;0.050000007078051564;R3_FALSE_KIN;-1;-1;0;0;-1;-1;0;0.05000000819563866;0.03301318362355232;0.09105982631444931;96;4
C09;C09;Critico progressivo: Bebida ao volante;Critico;Critico;0.48105553984642024;0.48105553984642024;R2_STABLE_RISK;38;73;36;1;56;18;1;0.26538702845573425;0.2572038173675537;0.17259353399276733;96;4
C09;C09;Critico progressivo: Bebida ao volante;Critico;Critico;0.3856182098388672;0.3856182098388672;R1_NORMAL;38;73;36;1;57;19;0;0.05000000819563866;0.2518373131752014;0.12843479216098785;96;4
C08;C08;Critico progressivo: Distracao urbana multietapas;Critico;Critico;0.5020371973514557;0.5020371973514557;R1_NORMAL;28;77;50;1;58;30;1;0.2569984495639801;0.3186056911945343;0.16289296746253967;96;4
C08;C08;Critico progressivo: Distracao urbana multietapas;Critico;Critico;0.43091288954019547;0.43091288954019547;R1_NORMAL;28;77;50;1;54;26;0;0.05000000819563866;0.3152993619441986;0.13109605014324188;96;4
C02;C02;Critico: Fadiga com desvio cinematico;Critico;Critico;0.39378328174352645;0.39378328174352645;R2_STABLE_RISK;29;50;22;0;32;3;0;0.05000000819563866;0.10178331285715103;0.10013457387685776;96;4
N01;N01;Normal: Viagem tranquila em rodovia;Normal;Normal;0.050000007078051564;0.050000007078051564;R2_STABLE_RISK;-1;-1;0;0;-1;-1;0;0.05000000819563866;0.02746998332440853;0.11017272621393204;96;4
C07;C07;Critico progressivo: Sem cinto sob chuva;Critico;Critico;0.39799477905035013;0.39799477905035013;R3_FALSE_KIN;37;75;39;1;59;22;0;0.05000000819563866;0.37118005752563477;0.1610337495803833;96;4
C09;C09;Critico progressivo: Bebida ao volante;Critico;Critico;0.3878549382090568;0.3878549382090568;R3_FALSE_KIN;38;73;36;1;59;21;0;0.05000000819563866;0.24855542182922363;0.12247229367494583;96;4
C05;C05;Critico progressivo: Celular em rodovia;Critico;Critico;0.45633619129657743;0.45633619129657743;R2_STABLE_RISK;42;73;32;1;57;15;1;0.2641197144985199;0.3138658106327057;0.15456491708755493;96;4
C03;C03;Critico: Celular sem cinto sob chuva;Critico;Critico;0.3752959698438644;0.3752959698438644;R3_FALSE_KIN;26;41;16;0;28;2;0;0.05000000819563866;0.1901140660047531;0.1326281726360321;96;4
C02;C02;Critico: Fadiga com desvio cinematico;Critico;Critico;0.39378328174352645;0.39378328174352645;R1_NORMAL;29;50;22;0;32;3;0;0.05000000819563866;0.09378767013549805;0.14103254675865173;96;4
C04;C04;Critico: Multiplas distracoes urbanas;Critico;Critico;0.3713889718055725;0.3713889718055725;R2_STABLE_RISK;22;45;24;0;24;2;0;0.05000000819563866;0.2104523777961731;0.10755220800638199;96;4
N01;N01;Normal: Viagem tranquila em rodovia;Normal;Normal;0.050000007078051564;0.050000007078051564;R2_STABLE_RISK;-1;-1;0;0;-1;-1;0;0.05000000819563866;0.029126137495040894;0.09641274064779282;96;4
C03;C03;Critico: Celular sem cinto sob chuva;Critico;Critico;0.6168501645326614;0.6168501645326614;R2_STABLE_RISK;26;41;16;0;28;2;1;0.2306685447692871;0.18906836211681366;0.18598832190036774;96;4
C07;C07;Critico progressivo: Sem cinto sob chuva;Critico;Critico;0.49919822216033927;0.49919822216033927;R1_NORMAL;37;75;39;1;53;16;1;0.25457262992858887;0.384195476770401;0.12617087364196777;96;4
C07;C07;Critico progressivo: Sem cinto sob chuva;Critico;Critico;0.5116784423589706;0.5116784423589706;R2_STABLE_RISK;37;75;39;1;58;21;1;0.33891990780830383;0.38236260414123535;0.17400383949279785;96;4
C06;C06;Critico progressivo: Fadiga noturna;Critico;Critico;0.408082728087902;0.408082728087902;R3_FALSE_KIN;36;81;46;1;62;26;0;0.05000000819563866;0.155027374625206;0.10309932380914688;96;4
N01;N01;Normal: Viagem tranquila em rodovia;Normal;Normal;0.050000007078051564;0.050000007078051564;R1_NORMAL;-1;-1;0;0;-1;-1;0;0.05000000819563866;0.02764093317091465;0.11501938104629517;96;4
C04;C04;Critico: Multiplas distracoes urbanas;Critico;Critico;0.3713889718055725;0.3713889718055725;R2_STABLE_RISK;22;45;24;0;24;2;0;0.05000000819563866;0.203257754445076;0.11469829827547073;96;4
N01;N01;Normal: Viagem tranquila em rodovia;Normal;Normal;0.050000007078051564;0.050000007078051564;R2_STABLE_RISK;-1;-1;0;0;-1;-1;0;0.05000000819563866;0.03081725351512432;0.09358824044466019;96;4
C04;C04;Critico: Multiplas distracoes urbanas;Critico;Critico;0.3713889718055725;0.3713889718055725;R2_STABLE_RISK;22;45;24;0;24;2;0;0.05000000819563866;0.20060037076473236;0.11394169181585312;96;4
C08;C08;Critico progressivo: Distracao urbana multietapas;Critico;Critico;0.45031912326812745;0.45031912326812745;R1_NORMAL;28;77;50;1;48;20;0;0.05000000819563866;0.32110270857810974;0.1505267471075058;96;4
N02;N02;Normal: Urbano moderado;Normal;Normal;0.050000007078051564;0.050000007078051564;R2_STABLE_RISK;-1;-1;0;0;-1;-1;0;0.05000000819563866;0.032982345670461655;0.10970038175582886;96;4
C09;C09;Critico progressivo: Bebida ao volante;Critico;Critico;0.49210027456283567;0.49210027456283567;R3_FALSE_KIN;38;73;36;1;55;17;1;0.2761724889278412;0.25702211260795593;0.11596745997667313;96;4
C04;C04;Critico: Multiplas distracoes urbanas;Critico;Critico;0.3713889718055725;0.3713889718055725;R2_STABLE_RISK;22;45;24;0;24;2;0;0.05000000819563866;0.1994307041168213;0.14893698692321777;96;4
N02;N02;Normal: Urbano moderado;Normal;Normal;0.050000007078051564;0.050000007078051564;R2_STABLE_RISK;-1;-1;0;0;-1;-1;0;0.05000000819563866;0.02807564102113247;0.08685276657342911;96;4
N02;N02;Normal: Urbano moderado;Normal;Normal;0.050000007078051564;0.050000007078051564;R3_FALSE_KIN;-1;-1;0;0;-1;-1;0;0.05000000819563866;0.02708064578473568;0.08486264944076538;96;4
C02;C02;Critico: Fadiga com desvio cinematico;Critico;Critico;0.39378328174352645;0.39378328174352645;R2_STABLE_RISK;29;50;22;0;32;3;0;0.05000000819563866;0.09914080053567886;0.14656473696231842;96;4
C01;C01;Critico: Celular em alta velocidade;Critico;Critico;0.29102678298950196;0.29102678298950196;R2_STABLE_RISK;32;44;13;0;34;2;0;0.05000000819563866;0.15691228210926056;0.11604622006416321;96;4
N01;N01;Normal: Viagem tranquila em rodovia;Normal;Normal;0.050000007078051564;0.050000007078051564;R1_NORMAL;-1;-1;0;0;-1;-1;0;0.05000000819563866;0.031536880880594254;0.08284208178520203;96;4
C05;C05;Critico progressivo: Celular em rodovia;Critico;Critico;0.3581523343920707;0.3581523343920707;R3_FALSE_KIN;42;73;32;1;59;17;0;0.05000000819563866;0.3193226158618927;0.1502046436071396;96;4
C01;C01;Critico: Celular em alta velocidade;Critico;Critico;0.5199135214090347;0.5199135214090347;R1_NORMAL;32;44;13;0;34;2;1;0.21827013790607452;0.157570943236351;0.17875222861766815;96;4
N02;N02;Normal: Urbano moderado;Normal;Normal;0.050000007078051564;0.050000007078051564;R3_FALSE_KIN;-1;-1;0;0;-1;-1;0;0.05000000819563866;0.03552057966589928;0.07242048531770706;96;4
C04;C04;Critico: Multiplas distracoes urbanas;Critico;Critico;0.3713889718055725;0.3713889718055725;R1_NORMAL;22;45;24;0;24;2;0;0.05000000819563866;0.19358187913894653;0.12564373016357422;96;4
C10;C10;Critico progressivo: Grooming em rodovia com fadiga;Critico;Critico;0.42624902725219727;0.42624902725219727;R1_NORMAL;40;81;42;1;62;22;0;0.05000000819563866;0.2019498348236084;0.13451454043388367;96;4
C02;C02;Critico: Fadiga com desvio cinematico;Critico;Critico;0.6035808324813843;0.6035808324813843;R2_STABLE_RISK;29;50;22;0;32;3;1;0.2582763433456421;0.1003824844956398;0.19362668693065643;96;4
C10;C10;Critico progressivo: Grooming em rodovia com fadiga;Critico;Critico;0.4340125888586044;0.4340125888586044;R1_NORMAL;40;81;42;1;62;22;1;0.29328447580337524;0.2026108056306839;0.1235390231013298;96;4
C07;C07;Critico progressivo: Sem cinto sob chuva;Critico;Critico;0.47799329757690423;0.47799329757690423;R2_STABLE_RISK;37;75;39;1;58;21;1;0.3042468726634979;0.3799465000629425;0.22179032862186432;96;4
C02;C02;Critico: Fadiga com desvio cinematico;Critico;Critico;0.39378328174352645;0.39378328174352645;R1_NORMAL;29;50;22;0;32;3;0;0.05000000819563866;0.09425737708806992;0.11502724140882492;96;4
C09;C09;Critico progressivo: Bebida ao volante;Critico;Critico;0.3943984866142273;0.3943984866142273;R2_STABLE_RISK;38;73;36;1;54;16;0;0.05000000819563866;0.25716090202331543;0.14334441721439362;96;4
C02;C02;Critico: Fadiga com desvio cinematico;Critico;Critico;0.39378328174352645;0.39378328174352645;R2_STABLE_RISK;29;50;22;0;32;3;0;0.05000000819563866;0.09335965663194656;0.10134007781744003;96;4
N03;N03;Normal: Noite estável;Normal;Normal;0.050000007078051564;0.050000007078051564;R2_STABLE_RISK;-1;-1;0;0;-1;-1;0;0.05000000819563866;0.030191434547305107;0.10079412907361984;96;4
C05;C05;Critico progressivo: Celular em rodovia;Critico;Critico;0.4617567837238311;0.4617567837238311;R1_NORMAL;42;73;32;1;61;19;1;0.2935808002948761;0.3191533386707306;0.1403302401304245;96;4
C07;C07;Critico progressivo: Sem cinto sob chuva;Critico;Critico;0.4658697336912155;0.4658697336912155;R2_STABLE_RISK;37;75;39;1;59;22;1;0.29269886016845703;0.37841248512268066;0.14070022106170654;96;4
N03;N03;Normal: Noite estável;Normal;Normal;0.050000007078051564;0.050000007078051564;R3_FALSE_KIN;-1;-1;0;0;-1;-1;0;0.05000000819563866;0.03577757254242897;0.1251990646123886;96;4
N01;N01;Normal: Viagem tranquila em rodovia;Normal;Normal;0.050000007078051564;0.050000007078051564;R2_STABLE_RISK;-1;-1;0;0;-1;-1;0;0.05000000819563866;0.027161484584212303;0.09253070503473282;96;4
C09;C09;Critico progressivo: Bebida ao volante;Critico;Critico;0.5000747829675675;0.5000747829675675;R2_STABLE_RISK;38;73;36;1;56;18;1;0.333484023809433;0.25229987502098083;0.15307103097438812;96;4
C07;C07;Critico progressivo: Sem cinto sob chuva;Critico;Critico;0.4096478149294853;0.4096478149294853;R2_STABLE_RISK;37;75;39;1;60;23;0;0.05000000819563866;0.3769911527633667;0.17965014278888702;96;4
C05;C05;Critico progressivo: Celular em rodovia;Critico;Critico;0.4071931958198547;0.4071931958198547;R3_FALSE_KIN;42;73;32;1;56;14;0;0.05000000819563866;0.31634417176246643;0.13937415182590485;96;4
C08;C08;Critico progressivo: Distracao urbana multietapas;Critico;Critico;0.5021352738142013;0.5021352738142013;R3_FALSE_KIN;28;77;50;1;58;30;1;0.2902242839336395;0.314717561006546;0.20561371743679047;96;4
N01;N01;Normal: Viagem tranquila em rodovia;Normal;Normal;0.050000007078051564;0.050000007078051564;R3_FALSE_KIN;-1;-1;0;0;-1;-1;0;0.05000000819563866;0.02945811115205288;0.1316441297531128;96;4
C08;C08;Critico progressivo: Distracao urbana multietapas;Critico;Critico;0.43204460144042967;0.43204460144042967;R1_NORMAL;28;77;50;1;55;27;0;0.05000000819563866;0.3137103319168091;0.19226621091365814;96;4
C03;C03;Critico: Celular sem cinto sob chuva;Critico;Critico;0.3752959698438644;0.3752959698438644;R1_NORMAL;26;41;16;0;28;2;0;0.05000000819563866;0.1900918036699295;0.15640829503536224;96;4
C06;C06;Critico progressivo: Fadiga noturna;Critico;Critico;0.4948619246482849;0.4948619246482849;R1_NORMAL;36;81;46;1;58;22;1;0.3390256464481354;0.1539972871541977;0.1346011906862259;96;4
C05;C05;Critico progressivo: Celular em rodovia;Critico;Critico;0.3593286707997322;0.3593286707997322;R3_FALSE_KIN;42;73;32;1;62;20;0;0.05000000819563866;0.3047187626361847;0.11940454691648483;96;4
C01;C01;Critico: Celular em alta velocidade;Critico;Critico;0.29102678298950196;0.29102678298950196;R1_NORMAL;32;44;13;0;34;2;0;0.05000000819563866;0.14989592134952545;0.1286015510559082;96;4
C09;C09;Critico progressivo: Bebida ao volante;Critico;Critico;0.41498851776123047;0.41498851776123047;R3_FALSE_KIN;38;73;36;1;57;19;0;0.05000000819563866;0.2522916793823242;0.12468108534812927;96;4
C10;C10;Critico progressivo: Grooming em rodovia com fadiga;Critico;Critico;0.436405836045742;0.436405836045742;R1_NORMAL;40;81;42;1;58;18;0;0.05000000819563866;0.2114814668893814;0.11564439535140991;96;4
N01;N01;Normal: Viagem tranquila em rodovia;Normal;Normal;0.050000007078051564;0.050000007078051564;R3_FALSE_KIN;-1;-1;0;0;-1;-1;0;0.05000000819563866;0.036718856543302536;0.07800499349832535;96;4
C01;C01;Critico: Celular em alta velocidade;Critico;Critico;0.5175821483135223;0.5175821483135223;R1_NORMAL;32;44;13;0;34;2;1;0.198796808719635;0.15140976011753082;0.1803268939256668;96;4
C10;C10;Critico progressivo: Grooming em rodovia com fadiga;Critico;Critico;0.43578527569770814;0.43578527569770814;R3_FALSE_KIN;40;81;42;1;63;23;0;0.05000000819563866;0.20806652307510376;0.12383215874433517;96;4
C04;C04;Critico: Multiplas distracoes urbanas;Critico;Critico;0.3713889718055725;0.3713889718055725;R1_NORMAL;22;45;24;0;24;2;0;0.05000000819563866;0.2050938606262207;0.16400180757045746;96;4
N03;N03;Normal: Noite estável;Normal;Normal;0.050000007078051564;0.050000007078051564;R2_STABLE_RISK;-1;-1;0;0;-1;-1;0;0.05000000819563866;0.0298087727278471;0.10354290157556534;96;4
C07;C07;Critico progressivo: Sem cinto sob chuva;Critico;Critico;0.4855538010597229;0.4855538010597229;R1_NORMAL;37;75;39;1;58;21;1;0.2747949957847595;0.38281312584877014;0.17716531455516815;96;4
C02;C02;Critico: Fadiga com desvio cinematico;Critico;Critico;0.39378328174352645;0.39378328174352645;R3_FALSE_KIN;29;50;22;0;32;3;0;0.05000000819563866;0.09235432744026184;0.12813779711723328;96;4
C07;C07;Critico progressivo: Sem cinto sob chuva;Critico;Critico;0.4010754391551018;0.4010754391551018;R1_NORMAL;37;75;39;1;60;23;0;0.05000000819563866;0.3712550699710846;0.14888189733028412;96;4
N03;N03;Normal: Noite estável;Normal;Normal;0.050000007078051564;0.050000007078051564;R1_NORMAL;-1;-1;0;0;-1;-1;0;0.05000000819563866;0.03206362575292587;0.149348646402359;96;4
C10;C10;Critico progressivo: Grooming em rodovia com fadiga;Critico;Critico;0.43192711025476455;0.43192711025476455;R2_STABLE_RISK;40;81;42;1;58;18;0;0.05000000819563866;0.20680345594882965;0.14129434525966644;96;4
C06;C06;Critico progressivo: Fadiga noturna;Critico;Critico;0.4340078815817833;0.4340078815817833;R1_NORMAL;36;81;46;1;59;23;0;0.05000000819563866;0.16298127174377441;0.13211235404014587;96;4
C10;C10;Critico progressivo: Grooming em rodovia com fadiga;Critico;Critico;0.49464752674102785;0.49464752674102785;R1_NORMAL;40;81;42;1;63;23;1;0.379304975271225;0.19691604375839233;0.1355556845664978;96;4
C04;C04;Critico: Multiplas distracoes urbanas;Critico;Critico;0.567649671435356;0.567649671435356;R1_NORMAL;22;45;24;0;24;2;1;0.27213430404663086;0.20270024240016937;0.15569454431533813;96;4
C04;C04;Critico: Multiplas distracoes urbanas;Critico;Critico;0.3713889718055725;0.3713889718055725;R3_FALSE_KIN;22;45;24;0;24;2;0;0.05000000819563866;0.20579008758068085;0.11790558695793152;96;4
N02;N02;Normal: Urbano moderado;Normal;Normal;0.050000007078051564;0.050000007078051564;R1_NORMAL;-1;-1;0;0;-1;-1;0;0.05000000819563866;0.035695213824510574;0.0886385440826416;96;4
C04;C04;Critico: Multiplas distracoes urbanas;Critico;Critico;0.565994107723236;0.565994107723236;R2_STABLE_RISK;22;45;24;0;24;2;1;0.2415759116411209;0.20754848420619965;0.20491915941238403;96;4
N03;N03;Normal: Noite estável;Normal;Normal;0.050000007078051564;0.050000007078051564;R2_STABLE_RISK;-1;-1;0;0;-1;-1;0;0.05000000819563866;0.03364506736397743;0.08870762586593628;96;4
C08;C08;Critico progressivo: Distracao urbana multietapas;Critico;Critico;0.4945293217897415;0.4945293217897415;R3_FALSE_KIN;28;77;50;1;55;27;1;0.30006086826324463;0.3172801733016968;0.18485240638256073;96;4
C03;C03;Critico: Celular sem cinto sob chuva;Critico;Critico;0.3752959698438644;0.3752959698438644;R3_FALSE_KIN;26;41;16;0;28;2;0;0.05000000819563866;0.18557453155517578;0.12610143423080444;96;4
C02;C02;Critico: Fadiga com desvio cinematico;Critico;Critico;0.39378328174352645;0.39378328174352645;R2_STABLE_RISK;29;50;22;0;32;3;0;0.05000000819563866;0.09673727303743362;0.08934614807367325;96;4
C07;C07;Critico progressivo: Sem cinto sob chuva;Critico;Critico;0.39797830432653425;0.39797830432653425;R3_FALSE_KIN;37;75;39;1;61;24;0;0.05000000819563866;0.3727591037750244;0.1480170041322708;96;4
C10;C10;Critico progressivo: Grooming em rodovia com fadiga;Critico;Critico;0.4113219693303108;0.4113219693303108;R2_STABLE_RISK;40;81;42;1;61;21;0;0.05000000819563866;0.19891025125980377;0.08809725195169449;96;4
C10;C10;Critico progressivo: Grooming em rodovia com fadiga;Critico;Critico;0.42787240743637084;0.42787240743637084;R1_NORMAL;40;81;42;1;60;20;0;0.05000000819563866;0.2022697776556015;0.12752589583396912;96;4
C01;C01;Critico: Celular em alta velocidade;Critico;Critico;0.5335824161767959;0.5335824161767959;R1_NORMAL;32;44;13;0;34;2;1;0.2533746659755707;0.15166765451431274;0.20303040742874146;96;4
N03;N03;Normal: Noite estável;Normal;Normal;0.050000007078051564;0.050000007078051564;R3_FALSE_KIN;-1;-1;0;0;-1;-1;0;0.05000000819563866;0.030717970803380013;0.08390074968338013;96;4
C05;C05;Critico progressivo: Celular em rodovia;Critico;Critico;0.46199374794960024;0.46199374794960024;R1_NORMAL;42;73;32;1;59;17;1;0.29467305541038513;0.3165760338306427;0.15134616196155548;96;4
C09;C09;Critico progressivo: Bebida ao volante;Critico;Critico;0.47138045728206635;0.47138045728206635;R1_NORMAL;38;73;36;1;58;20;1;0.2476203292608261;0.24704432487487793;0.17615823447704315;96;4
C09;C09;Critico progressivo: Bebida ao volante;Critico;Critico;0.40148587077856057;0.40148587077856057;R1_NORMAL;38;73;36;1;53;15;0;0.05000000819563866;0.2534204423427582;0.11448609828948975;96;4
C10;C10;Critico progressivo: Grooming em rodovia com fadiga;Critico;Critico;0.465883994102478;0.465883994102478;R2_STABLE_RISK;40;81;42;1;64;24;1;0.33951589465141296;0.20311780273914337;0.10672968626022339;96;4
C04;C04;Critico: Multiplas distracoes urbanas;Critico;Critico;0.3713889718055725;0.3713889718055725;R2_STABLE_RISK;22;45;24;0;24;2;0;0.05000000819563866;0.19904108345508575;0.15226800739765167;96;4
N01;N01;Normal: Viagem tranquila em rodovia;Normal;Normal;0.050000007078051564;0.050000007078051564;R1_NORMAL;-1;-1;0;0;-1;-1;0;0.05000000819563866;0.030490422621369362;0.08983316272497177;96;4
C08;C08;Critico progressivo: Distracao urbana multietapas;Critico;Critico;0.4885967612266541;0.4885967612266541;R2_STABLE_RISK;28;77;50;1;59;31;1;0.30191197991371155;0.31457510590553284;0.1489795595407486;96;4
C07;C07;Critico progressivo: Sem cinto sob chuva;Critico;Critico;0.5005857199430466;0.5005857199430466;R3_FALSE_KIN;37;75;39;1;57;20;1;0.3075883090496063;0.3832344114780426;0.18106083571910858;96;4
C01;C01;Critico: Celular em alta velocidade;Critico;Critico;0.29102678298950196;0.29102678298950196;R1_NORMAL;32;44;13;0;34;2;0;0.05000000819563866;0.15334226191043854;0.11497501283884048;96;4
C02;C02;Critico: Fadiga com desvio cinematico;Critico;Critico;0.39378328174352645;0.39378328174352645;R3_FALSE_KIN;29;50;22;0;32;3;0;0.05000000819563866;0.09680952876806259;0.09651898592710495;96;4
C02;C02;Critico: Fadiga com desvio cinematico;Critico;Critico;0.39378328174352645;0.39378328174352645;R1_NORMAL;29;50;22;0;32;3;0;0.05000000819563866;0.10662326961755753;0.12837377190589905;96;4
N02;N02;Normal: Urbano moderado;Normal;Normal;0.050000007078051564;0.050000007078051564;R2_STABLE_RISK;-1;-1;0;0;-1;-1;0;0.05000000819563866;0.033448949456214905;0.09929513931274414;96;4
N01;N01;Normal: Viagem tranquila em rodovia;Normal;Normal;0.050000007078051564;0.050000007078051564;R2_STABLE_RISK;-1;-1;0;0;-1;-1;0;0.05000000819563866;0.03224273398518562;0.09645146876573563;96;4
C08;C08;Critico progressivo: Distracao urbana multietapas;Critico;Critico;0.5393683731555938;0.5393683731555938;R3_FALSE_KIN;28;77;50;1;52;24;1;0.326709508895874;0.32366475462913513;0.1992274522781372;96;4
C05;C05;Critico progressivo: Celular em rodovia;Critico;Critico;0.3923342227935791;0.3923342227935791;R2_STABLE_RISK;42;73;32;1;59;17;0;0.05000000819563866;0.31817707419395447;0.1062551960349083;96;4
C08;C08;Critico progressivo: Distracao urbana multietapas;Critico;Critico;0.45476801693439484;0.45476801693439484;R1_NORMAL;28;77;50;1;52;24;0;0.05000000819563866;0.3207626938819885;0.14631350338459015;96;4
N03;N03;Normal: Noite estável;Normal;Normal;0.050000007078051564;0.050000007078051564;R1_NORMAL;-1;-1;0;0;-1;-1;0;0.05000000819563866;0.03276263549923897;0.10579513758420944;96;4
C08;C08;Critico progressivo: Distracao urbana multietapas;Critico;Critico;0.47431226074695587;0.47431226074695587;R2_STABLE_RISK;28;77;50;1;47;19;0;0.05000000819563866;0.3278607130050659;0.14961545169353485;96;4
C10;C10;Critico progressivo: Grooming em rodovia com fadiga;Critico;Critico;0.4280569151043892;0.4280569151043892;R1_NORMAL;40;81;42;1;61;21;0;0.05000000819563866;0.20323944091796875;0.09331537038087845;96;4
C01;C01;Critico: Celular em alta velocidade;Critico;Critico;0.5380319893360137;0.5380319893360137;R2_STABLE_RISK;32;44;13;0;34;2;1;0.2864876091480255;0.15839070081710815;0.17330975830554962;96;4
C02;C02;Critico: Fadiga com desvio cinematico;Critico;Critico;0.6006711661815642;0.6006711661815642;R2_STABLE_RISK;29;50;22;0;32;3;1;0.24281640350818634;0.09880907088518143;0.18826068937778473;96;4
C02;C02;Critico: Fadiga com desvio cinematico;Critico;Critico;0.39378328174352645;0.39378328174352645;R2_STABLE_RISK;29;50;22;0;32;3;0;0.05000000819563866;0.10344839096069336;0.11088085174560547;96;4
N03;N03;Normal: Noite estável;Normal;Normal;0.050000007078051564;0.050000007078051564;R2_STABLE_RISK;-1;-1;0;0;-1;-1;0;0.05000000819563866;0.033405110239982605;0.08491557836532593;96;4
N02;N02;Normal: Urbano moderado;Normal;Normal;0.050000007078051564;0.050000007078051564;R1_NORMAL;-1;-1;0;0;-1;-1;0;0.05000000819563866;0.027443313971161842;0.1446750909090042;96;4
C06;C06;Critico progressivo: Fadiga noturna;Critico;Critico;0.445335167646408;0.445335167646408;R1_NORMAL;36;81;46;1;57;21;0;0.05000000819563866;0.1618851274251938;0.11759406328201294;96;4
C01;C01;Critico: Celular em alta velocidade;Critico;Critico;0.5306316524744032;0.5306316524744032;R2_STABLE_RISK;32;44;13;0;34;2;1;0.2454289048910141;0.1525304764509201;0.16215558350086212;96;4
N01;N01;Normal: Viagem tranquila em rodovia;Normal;Normal;0.050000007078051564;0.050000007078051564;R1_NORMAL;-1;-1;0;0;-1;-1;0;0.05000000819563866;0.03287342190742493;0.08803025633096695;96;4
C05;C05;Critico progressivo: Celular em rodovia;Critico;Critico;0.40139378905296325;0.40139378905296325;R2_STABLE_RISK;42;73;32;1;61;19;0;0.05000000819563866;0.3199864625930786;0.11156486719846725;96;4
C02;C02;Critico: Fadiga com desvio cinematico;Critico;Critico;0.39378328174352645;0.39378328174352645;R2_STABLE_RISK;29;50;22;0;32;3;0;0.05000000819563866;0.10145100951194763;0.12933866679668427;96;4
C01;C01;Critico: Celular em alta velocidade;Critico;Critico;0.29102678298950196;0.29102678298950196;R1_NORMAL;32;44;13;0;34;2;0;0.05000000819563866;0.15275965631008148;0.11533252149820328;96;4
C09;C09;Critico progressivo: Bebida ao volante;Critico;Critico;0.36972818821668624;0.36972818821668624;R1_NORMAL;38;73;36;1;58;20;0;0.05000000819563866;0.24413175880908966;0.11383814364671707;96;4
C08;C08;Critico progressivo: Distracao urbana multietapas;Critico;Critico;0.5329037219285965;0.5329037219285965;R1_NORMAL;28;77;50;1;51;23;1;0.31344494223594666;0.3154761493206024;0.1925080269575119;96;4
C09;C09;Critico progressivo: Bebida ao volante;Critico;Critico;0.38558795452117917;0.38558795452117917;R1_NORMAL;38;73;36;1;59;21;0;0.05000000819563866;0.2460164874792099;0.1466352790594101;96;4
C01;C01;Critico: Celular em alta velocidade;Critico;Critico;0.5233677566051482;0.5233677566051482;R1_NORMAL;32;44;13;0;34;2;1;0.2624721825122833;0.15297235548496246;0.15926367044448853;96;4
C09;C09;Critico progressivo: Bebida ao volante;Critico;Critico;0.46811772584915157;0.46811772584915157;R1_NORMAL;38;73;36;1;57;19;1;0.2601511776447296;0.24603335559368134;0.16072098910808563;96;4
C10;C10;Critico progressivo: Grooming em rodovia com fadiga;Critico;Critico;0.3684256687760353;0.3684256687760353;R2_STABLE_RISK;40;81;42;1;67;27;0;0.05000000819563866;0.19822752475738525;0.12540751695632935;96;4
N01;N01;Normal: Viagem tranquila em rodovia;Normal;Normal;0.050000007078051564;0.050000007078051564;R2_STABLE_RISK;-1;-1;0;0;-1;-1;0;0.05000000819563866;0.02946683205664158;0.08983436971902847;96;4
N03;N03;Normal: Noite estável;Normal;Normal;0.050000007078051564;0.050000007078051564;R1_NORMAL;-1;-1;0;0;-1;-1;0;0.05000000819563866;0.033254217356443405;0.10993289202451706;96;4
N02;N02;Normal: Urbano moderado;Normal;Normal;0.050000007078051564;0.050000007078051564;R2_STABLE_RISK;-1;-1;0;0;-1;-1;0;0.05000000819563866;0.029479868710041046;0.10680250078439713;96;4
C05;C05;Critico progressivo: Celular em rodovia;Critico;Critico;0.3644338265061378;0.3644338265061378;R1_NORMAL;42;73;32;1;60;18;0;0.05000000819563866;0.31115424633026123;0.13336165249347687;96;4
C01;C01;Critico: Celular em alta velocidade;Critico;Critico;0.29102678298950196;0.29102678298950196;R1_NORMAL;32;44;13;0;34;2;0;0.05000000819563866;0.15905854105949402;0.13363949954509735;96;4
C01;C01;Critico: Celular em alta velocidade;Critico;Critico;0.5234685271978378;0.5234685271978378;R2_STABLE_RISK;32;44;13;0;34;2;1;0.21164987981319427;0.1482514888048172;0.17477379739284515;96;4
C05;C05;Critico progressivo: Celular em rodovia;Critico;Critico;0.38317584544420236;0.38317584544420236;R3_FALSE_KIN;42;73;32;1;61;19;0;0.05000000819563866;0.31726810336112976;0.1584508866071701;96;4
C08;C08;Critico progressivo: Distracao urbana multietapas;Critico;Critico;0.508239123225212;0.508239123225212;R1_NORMAL;28;77;50;1;57;29;1;0.2699510157108307;0.30303382873535156;0.16057081520557404;96;4
C08;C08;Critico progressivo: Distracao urbana multietapas;Critico;Critico;0.45245764851570125;0.45245764851570125;R2_STABLE_RISK;28;77;50;1;60;32;0;0.05000000819563866;0.31632980704307556;0.12684617936611176;96;4
C05;C05;Critico progressivo: Celular em rodovia;Critico;Critico;0.4011232420802116;0.4011232420802116;R1_NORMAL;42;73;32;1;61;19;0;0.05000000819563866;0.30993854999542236;0.11971920728683472;96;4
C10;C10;Critico progressivo: Grooming em rodovia com fadiga;Critico;Critico;0.4574647575616836;0.4574647575616836;R1_NORMAL;40;81;42;1;61;21;1;0.32835111021995544;0.20132221281528473;0.1290220469236374;96;4
C01;C01;Critico: Celular em alta velocidade;Critico;Critico;0.29102678298950196;0.29102678298950196;R1_NORMAL;32;44;13;0;34;2;0;0.05000000819563866;0.15215711295604706;0.1024029552936554;96;4
C07;C07;Critico progressivo: Sem cinto sob chuva;Critico;Critico;0.4668289512395859;0.4668289512395859;R1_NORMAL;37;75;39;1;62;25;1;0.26056694984436035;0.37750378251075745;0.14823488891124725;96;4
C04;C04;Critico: Multiplas distracoes urbanas;Critico;Critico;0.3713889718055725;0.3713889718055725;R1_NORMAL;22;45;24;0;24;2;0;0.05000000819563866;0.19560092687606812;0.13122491538524628;96;4
N03;N03;Normal: Noite estável;Normal;Normal;0.050000007078051564;0.050000007078051564;R2_STABLE_RISK;-1;-1;0;0;-1;-1;0;0.05000000819563866;0.033832501620054245;0.13137273490428925;96;4
N03;N03;Normal: Noite estável;Normal;Normal;0.050000007078051564;0.050000007078051564;R3_FALSE_KIN;-1;-1;0;0;-1;-1;0;0.05000000819563866;0.030376547947525978;0.08159056305885315;96;4
C08;C08;Critico progressivo: Distracao urbana multietapas;Critico;Critico;0.4174287274479866;0.4174287274479866;R2_STABLE_RISK;28;77;50;1;52;24;0;0.05000000819563866;0.30870509147644043;0.16438829898834229;96;4
C04;C04;Critico: Multiplas distracoes urbanas;Critico;Critico;0.3713889718055725;0.3713889718055725;R3_FALSE_KIN;22;45;24;0;24;2;0;0.05000000819563866;0.20503897964954376;0.10654494911432266;96;4
C10;C10;Critico progressivo: Grooming em rodovia com fadiga;Critico;Critico;0.4557930290699005;0.4557930290699005;R2_STABLE_RISK;40;81;42;1;65;25;1;0.3658255338668823;0.20036698877811432;0.0911397710442543;96;4
C01;C01;Critico: Celular em alta velocidade;Critico;Critico;0.29102678298950196;0.29102678298950196;R1_NORMAL;32;44;13;0;34;2;0;0.05000000819563866;0.1484215408563614;0.14260423183441162;96;4
C01;C01;Critico: Celular em alta velocidade;Critico;Critico;0.5293990045785903;0.5293990045785903;R1_NORMAL;32;44;13;0;34;2;1;0.26472654938697815;0.16519135236740112;0.15321967005729675;96;4
C02;C02;Critico: Fadiga com desvio cinematico;Critico;Critico;0.39378328174352645;0.39378328174352645;R2_STABLE_RISK;29;50;22;0;32;3;0;0.05000000819563866;0.09522255510091782;0.11630620807409286;96;4
C05;C05;Critico progressivo: Celular em rodovia;Critico;Critico;0.4957388669252395;0.4957388669252395;R1_NORMAL;42;73;32;1;60;18;1;0.23994112014770508;0.31895872950553894;0.15870638191699982;96;4
C04;C04;Critico: Multiplas distracoes urbanas;Critico;Critico;0.3713889718055725;0.3713889718055725;R3_FALSE_KIN;22;45;24;0;24;2;0;0.05000000819563866;0.20674197375774384;0.13868318498134613;96;4
C01;C01;Critico: Celular em alta velocidade;Critico;Critico;0.29102678298950196;0.29102678298950196;R1_NORMAL;32;44;13;0;34;2;0;0.05000000819563866;0.15919987857341766;0.12839271128177643;96;4
N01;N01;Normal: Viagem tranquila em rodovia;Normal;Normal;0.050000007078051564;0.050000007078051564;R3_FALSE_KIN;-1;-1;0;0;-1;-1;0;0.05000000819563866;0.03547540679574013;0.14934301376342773;96;4
C04;C04;Critico: Multiplas distracoes urbanas;Critico;Critico;0.3713889718055725;0.3713889718055725;R3_FALSE_KIN;22;45;24;0;24;2;0;0.05000000819563866;0.2017265111207962;0.11921266466379166;96;4
C06;C06;Critico progressivo: Fadiga noturna;Critico;Critico;0.4333183169364929;0.4333183169364929;R3_FALSE_KIN;36;81;46;1;65;29;0;0.05000000819563866;0.155573308467865;0.12536920607089996;96;4
C08;C08;Critico progressivo: Distracao urbana multietapas;Critico;Critico;0.45493125915527344;0.45493125915527344;R1_NORMAL;28;77;50;1;58;30;0;0.05000000819563866;0.3170733153820038;0.15173988044261932;96;4
C03;C03;Critico: Celular sem cinto sob chuva;Critico;Critico;0.3752959698438644;0.3752959698438644;R1_NORMAL;26;41;16;0;28;2;0;0.05000000819563866;0.18046991527080536;0.10898498445749283;96;4
C06;C06;Critico progressivo: Fadiga noturna;Critico;Critico;0.4094069913029671;0.4094069913029671;R3_FALSE_KIN;36;81;46;1;61;25;0;0.05000000819563866;0.16098390519618988;0.11714845895767212;96;4
N02;N02;Normal: Urbano moderado;Normal;Normal;0.050000007078051564;0.050000007078051564;R2_STABLE_RISK;-1;-1;0;0;-1;-1;0;0.05000000819563866;0.026392072439193726;0.09623952955007553;96;4
C07;C07;Critico progressivo: Sem cinto sob chuva;Critico;Critico;0.4350801274180412;0.4350801274180412;R2_STABLE_RISK;37;75;39;1;54;17;0;0.05000000819563866;0.3814317286014557;0.12428072839975357;96;4
N03;N03;Normal: Noite estável;Normal;Normal;0.050000007078051564;0.050000007078051564;R1_NORMAL;-1;-1;0;0;-1;-1;0;0.05000000819563866;0.028755605220794678;0.10672051459550858;96;4
N01;N01;Normal: Viagem tranquila em rodovia;Normal;Normal;0.050000007078051564;0.050000007078051564;R3_FALSE_KIN;-1;-1;0;0;-1;-1;0;0.05000000819563866;0.02741113118827343;0.10892456769943237;96;4
C07;C07;Critico progressivo: Sem cinto sob chuva;Critico;Critico;0.46807141005992886;0.46807141005992886;R1_NORMAL;37;75;39;1;62;25;1;0.25661835074424744;0.3792858123779297;0.15193545818328857;96;4
C01;C01;Critico: Celular em alta velocidade;Critico;Critico;0.29102678298950196;0.29102678298950196;R1_NORMAL;32;44;13;0;34;2;0;0.05000000819563866;0.1514158397912979;0.11948823928833008;96;4
N01;N01;Normal: Viagem tranquila em rodovia;Normal;Normal;0.050000007078051564;0.050000007078051564;R2_STABLE_RISK;-1;-1;0;0;-1;-1;0;0.05000000819563866;0.03683014214038849;0.0869322419166565;96;4
C02;C02;Critico: Fadiga com desvio cinematico;Critico;Critico;0.39378328174352645;0.39378328174352645;R3_FALSE_KIN;29;50;22;0;32;3;0;0.05000000819563866;0.0944516658782959;0.09142009168863297;96;4
C04;C04;Critico: Multiplas distracoes urbanas;Critico;Critico;0.3713889718055725;0.3713889718055725;R2_STABLE_RISK;22;45;24;0;24;2;0;0.05000000819563866;0.20451869070529938;0.16872982680797577;96;4
C05;C05;Critico progressivo: Celular em rodovia;Critico;Critico;0.3811678111553192;0.3811678111553192;R1_NORMAL;42;73;32;1;60;18;0;0.05000000819563866;0.30889010429382324;0.15301233530044556;96;4
C08;C08;Critico progressivo: Distracao urbana multietapas;Critico;Critico;0.5167059898376465;0.5167059898376465;R1_NORMAL;28;77;50;1;50;22;1;0.27848365902900696;0.32149219512939453;0.13224054872989655;96;4
C10;C10;Critico progressivo: Grooming em rodovia com fadiga;Critico;Critico;0.4327714890241623;0.4327714890241623;R2_STABLE_RISK;40;81;42;1;63;23;1;0.3216145634651184;0.19500593841075897;0.10940711945295334;96;4
C02;C02;Critico: Fadiga com desvio cinematico;Critico;Critico;0.39378328174352645;0.39378328174352645;R3_FALSE_KIN;29;50;22;0;32;3;0;0.05000000819563866;0.10174479335546494;0.10075274854898453;96;4
C05;C05;Critico progressivo: Celular em rodovia;Critico;Critico;0.368187153339386;0.368187153339386;R2_STABLE_RISK;42;73;32;1;61;19;0;0.05000000819563866;0.3145461082458496;0.14095516502857208;96;4
C01;C01;Critico: Celular em alta velocidade;Critico;Critico;0.29102678298950196;0.29102678298950196;R3_FALSE_KIN;32;44;13;0;34;2;0;0.05000000819563866;0.14893387258052826;0.14479131996631622;96;4
N01;N01;Normal: Viagem tranquila em rodovia;Normal;Normal;0.050000007078051564;0.050000007078051564;R1_NORMAL;-1;-1;0;0;-1;-1;0;0.05000000819563866;0.03222711384296417;0.10750523954629898;96;4
C03;C03;Critico: Celular sem cinto sob chuva;Critico;Critico;0.6148959249258041;0.6148959249258041;R1_NORMAL;26;41;16;0;28;2;1;0.2219054251909256;0.18471933901309967;0.18688714504241943;96;4
N02;N02;Normal: Urbano moderado;Normal;Normal;0.050000007078051564;0.050000007078051564;R1_NORMAL;-1;-1;0;0;-1;-1;0;0.05000000819563866;0.02812410145998001;0.07718006521463394;96;4
C09;C09;Critico progressivo: Bebida ao volante;Critico;Critico;0.4694429755210876;0.4694429755210876;R3_FALSE_KIN;38;73;36;1;60;22;1;0.3003213703632355;0.25121352076530457;0.1268753856420517;96;4
C07;C07;Critico progressivo: Sem cinto sob chuva;Critico;Critico;0.41238643079996107;0.41238643079996107;R2_STABLE_RISK;37;75;39;1;59;22;0;0.05000000819563866;0.3801134526729584;0.12921388447284698;96;4
C06;C06;Critico progressivo: Fadiga noturna;Critico;Critico;0.44525343179702753;0.44525343179702753;R1_NORMAL;36;81;46;1;62;26;0;0.05000000819563866;0.15708738565444946;0.12804757058620453;96;4
N01;N01;Normal: Viagem tranquila em rodovia;Normal;Normal;0.050000007078051564;0.050000007078051564;R3_FALSE_KIN;-1;-1;0;0;-1;-1;0;0.05000000819563866;0.0344778411090374;0.0846189558506012;96;4
N02;N02;Normal: Urbano moderado;Normal;Normal;0.050000007078051564;0.050000007078051564;R1_NORMAL;-1;-1;0;0;-1;-1;0;0.05000000819563866;0.029985487461090088;0.09756225347518921;96;4
C05;C05;Critico progressivo: Celular em rodovia;Critico;Critico;0.3893549516797066;0.3893549516797066;R1_NORMAL;42;73;32;1;61;19;0;0.05000000819563866;0.31093335151672363;0.18363447487354279;96;4
C03;C03;Critico: Celular sem cinto sob chuva;Critico;Critico;0.3752959698438644;0.3752959698438644;R2_STABLE_RISK;26;41;16;0;28;2;0;0.05000000819563866;0.18470823764801025;0.13062499463558197;96;4
C05;C05;Critico progressivo: Celular em rodovia;Critico;Critico;0.365245121717453;0.365245121717453;R2_STABLE_RISK;42;73;32;1;58;16;0;0.05000000819563866;0.31192532181739807;0.11479181796312332;96;4
C06;C06;Critico progressivo: Fadiga noturna;Critico;Critico;0.40256655961275095;0.40256655961275095;R2_STABLE_RISK;36;81;46;1;64;28;0;0.05000000819563866;0.1481482982635498;0.14436520636081696;96;4
C08;C08;Critico progressivo: Distracao urbana multietapas;Critico;Critico;0.43669250756502154;0.43669250756502154;R2_STABLE_RISK;28;77;50;1;54;26;0;0.05000000819563866;0.31702637672424316;0.1375221163034439;96;4
C04;C04;Critico: Multiplas distracoes urbanas;Critico;Critico;0.3713889718055725;0.3713889718055725;R2_STABLE_RISK;22;45;24;0;24;2;0;0.05000000819563866;0.20215632021427155;0.18054528534412384;96;4
C07;C07;Critico progressivo: Sem cinto sob chuva;Critico;Critico;0.42919459491968154;0.42919459491968154;R2_STABLE_RISK;37;75;39;1;56;19;0;0.05000000819563866;0.3804677426815033;0.12518680095672607;96;4
C07;C07;Critico progressivo: Sem cinto sob chuva;Critico;Critico;0.3949884697794914;0.3949884697794914;R3_FALSE_KIN;37;75;39;1;60;23;0;0.05000000819563866;0.3736661374568939;0.16634471714496613;96;4
N02;N02;Normal: Urbano moderado;Normal;Normal;0.050000007078051564;0.050000007078051564;R1_NORMAL;-1;-1;0;0;-1;-1;0;0.05000000819563866;0.0293943602591753;0.1265072226524353;96;4
N03;N03;Normal: Noite estável;Normal;Normal;0.050000007078051564;0.050000007078051564;R2_STABLE_RISK;-1;-1;0;0;-1;-1;0;0.05000000819563866;0.03071163035929203;0.10683444887399673;96;4
C05;C05;Critico progressivo: Celular em rodovia;Critico;Critico;0.395636747777462;0.395636747777462;R2_STABLE_RISK;42;73;32;1;56;14;0;0.05000000819563866;0.32046329975128174;0.15480448305606842;96;4
C05;C05;Critico progressivo: Celular em rodovia;Critico;Critico;0.37817435860633847;0.37817435860633847;R3_FALSE_KIN;42;73;32;1;62;20;0;0.05000000819563866;0.3070909082889557;0.13013435900211334;96;4
C09;C09;Critico progressivo: Bebida ao volante;Critico;Critico;0.4153416752815246;0.4153416752815246;R3_FALSE_KIN;38;73;36;1;56;18;0;0.05000000819563866;0.24978744983673096;0.13090384006500244;96;4
C06;C06;Critico progressivo: Fadiga noturna;Critico;Critico;0.4295669510960579;0.4295669510960579;R2_STABLE_RISK;36;81;46;1;63;27;0;0.05000000819563866;0.15426786243915558;0.12253662943840027;96;4
N01;N01;Normal: Viagem tranquila em rodovia;Normal;Normal;0.050000007078051564;0.050000007078051564;R2_STABLE_RISK;-1;-1;0;0;-1;-1;0;0.05000000819563866;0.030917922034859657;0.1106182411313057;96;4
C07;C07;Critico progressivo: Sem cinto sob chuva;Critico;Critico;0.39788973331451416;0.39788973331451416;R1_NORMAL;37;75;39;1;61;24;0;0.05000000819563866;0.37374618649482727;0.10766512155532837;96;4
N01;N01;Normal: Viagem tranquila em rodovia;Normal;Normal;0.050000007078051564;0.050000007078051564;R2_STABLE_RISK;-1;-1;0;0;-1;-1;0;0.05000000819563866;0.03514788672327995;0.09064462780952454;96;4
C02;C02;Critico: Fadiga com desvio cinematico;Critico;Critico;0.39378328174352645;0.39378328174352645;R2_STABLE_RISK;29;50;22;0;32;3;0;0.05000000819563866;0.09712865203619003;0.13449691236019135;96;4
C06;C06;Critico progressivo: Fadiga noturna;Critico;Critico;0.4202140375971794;0.4202140375971794;R2_STABLE_RISK;36;81;46;1;61;25;0;0.05000000819563866;0.1541389524936676;0.10959380865097046;96;4
N02;N02;Normal: Urbano moderado;Normal;Normal;0.050000007078051564;0.050000007078051564;R3_FALSE_KIN;-1;-1;0;0;-1;-1;0;0.05000000819563866;0.03214266896247864;0.07990842312574387;96;4
C03;C03;Critico: Celular sem cinto sob chuva;Critico;Critico;0.3752959698438644;0.3752959698438644;R3_FALSE_KIN;26;41;16;0;28;2;0;0.05000000819563866;0.18491534888744354;0.11592131853103638;96;4
C06;C06;Critico progressivo: Fadiga noturna;Critico;Critico;0.4046243503689766;0.4046243503689766;R3_FALSE_KIN;36;81;46;1;59;23;0;0.05000000819563866;0.15333235263824463;0.11672482639551163;96;4
C05;C05;Critico progressivo: Celular em rodovia;Critico;Critico;0.3817206814885139;0.3817206814885139;R3_FALSE_KIN;42;73;32;1;58;16;0;0.05000000819563866;0.31277063488960266;0.13452675938606262;96;4
C03;C03;Critico: Celular sem cinto sob chuva;Critico;Critico;0.6223150074481965;0.6223150074481965;R2_STABLE_RISK;26;41;16;0;28;2;1;0.25517407059669495;0.19164633750915527;0.1675461083650589;96;4
C07;C07;Critico progressivo: Sem cinto sob chuva;Critico;Critico;0.40755777806043625;0.40755777806043625;R1_NORMAL;37;75;39;1;57;20;0;0.05000000819563866;0.3724636137485504;0.17478986084461212;96;4
C06;C06;Critico progressivo: Fadiga noturna;Critico;Critico;0.4159545838832855;0.4159545838832855;R3_FALSE_KIN;36;81;46;1;58;22;0;0.05000000819563866;0.15769121050834656;0.12224182486534119;96;4
C01;C01;Critico: Celular em alta velocidade;Critico;Critico;0.29102678298950196;0.29102678298950196;R2_STABLE_RISK;32;44;13;0;34;2;0;0.05000000819563866;0.15477748215198517;0.09807056188583374;96;4
C10;C10;Critico progressivo: Grooming em rodovia com fadiga;Critico;Critico;0.3944544449448585;0.3944544449448585;R1_NORMAL;40;81;42;1;64;24;0;0.05000000819563866;0.1979091614484787;0.09035637229681015;96;4
C02;C02;Critico: Fadiga com desvio cinematico;Critico;Critico;0.60665303170681;0.60665303170681;R2_STABLE_RISK;29;50;22;0;32;3;1;0.2736693024635315;0.09522154182195663;0.17716173827648163;96;4
C04;C04;Critico: Multiplas distracoes urbanas;Critico;Critico;0.3713889718055725;0.3713889718055725;R3_FALSE_KIN;22;45;24;0;24;2;0;0.05000000819563866;0.1975119560956955;0.1442122608423233;96;4
C08;C08;Critico progressivo: Distracao urbana multietapas;Critico;Critico;0.4369124129414558;0.4369124129414558;R2_STABLE_RISK;28;77;50;1;57;29;0;0.05000000819563866;0.3168610632419586;0.11728113889694214;96;4
N03;N03;Normal: Noite estável;Normal;Normal;0.050000007078051564;0.050000007078051564;R3_FALSE_KIN;-1;-1;0;0;-1;-1;0;0.05000000819563866;0.028792137280106544;0.08339021354913712;96;4
N02;N02;Normal: Urbano moderado;Normal;Normal;0.050000007078051564;0.050000007078051564;R3_FALSE_KIN;-1;-1;0;0;-1;-1;0;0.05000000819563866;0.030566059052944183;0.10629018396139145;96;4
C07;C07;Critico progressivo: Sem cinto sob chuva;Critico;Critico;0.4910508841276169;0.4910508841276169;R2_STABLE_RISK;37;75;39;1;56;19;1;0.29072457551956177;0.3798239231109619;0.13096486032009125;96;4
C08;C08;Critico progressivo: Distracao urbana multietapas;Critico;Critico;0.42102866619825363;0.42102866619825363;R1_NORMAL;28;77;50;1;55;27;0;0.05000000819563866;0.31605246663093567;0.19916604459285736;96;4
C05;C05;Critico progressivo: Celular em rodovia;Critico;Critico;0.46810863018035886;0.46810863018035886;R1_NORMAL;42;73;32;1;58;16;1;0.28274407982826233;0.31110575795173645;0.17505145072937012;96;4
C01;C01;Critico: Celular em alta velocidade;Critico;Critico;0.5183546006679535;0.5183546006679535;R2_STABLE_RISK;32;44;13;0;34;2;1;0.1857425719499588;0.15857698023319244;0.1305248737335205;96;4
C10;C10;Critico progressivo: Grooming em rodovia com fadiga;Critico;Critico;0.43790460377931595;0.43790460377931595;R3_FALSE_KIN;40;81;42;1;65;25;0;0.05000000819563866;0.20017652213573456;0.09865731745958328;96;4
C08;C08;Critico progressivo: Distracao urbana multietapas;Critico;Critico;0.5002486795186996;0.5002486795186996;R1_NORMAL;28;77;50;1;58;30;1;0.32776686549186707;0.3164837062358856;0.11919719725847244;96;4
N03;N03;Normal: Noite estável;Normal;Normal;0.050000007078051564;0.050000007078051564;R3_FALSE_KIN;-1;-1;0;0;-1;-1;0;0.05000000819563866;0.03110029734671116;0.09917350858449936;96;4
C01;C01;Critico: Celular em alta velocidade;Critico;Critico;0.5267559438943863;0.5267559438943863;R1_NORMAL;32;44;13;0;34;2;1;0.25333651900291443;0.15731625258922577;0.16050106287002563;96;4
C08;C08;Critico progressivo: Distracao urbana multietapas;Critico;Critico;0.45606507956981657;0.45606507956981657;R2_STABLE_RISK;28;77;50;1;55;27;0;0.05000000819563866;0.32290616631507874;0.1421736627817154;96;4
C04;C04;Critico: Multiplas distracoes urbanas;Critico;Critico;0.5623419821262359;0.5623419821262359;R1_NORMAL;22;45;24;0;24;2;1;0.24706535041332245;0.20432217419147491;0.173794224858284;96;4
N01;N01;Normal: Viagem tranquila em rodovia;Normal;Normal;0.050000007078051564;0.050000007078051564;R2_STABLE_RISK;-1;-1;0;0;-1;-1;0;0.05000000819563866;0.030533647164702415;0.08445123583078384;96;4
C06;C06;Critico progressivo: Fadiga noturna;Critico;Critico;0.4071692571043968;0.4071692571043968;R2_STABLE_RISK;36;81;46;1;61;25;0;0.05000000819563866;0.15426641702651978;0.14205710589885712;96;4
C08;C08;Critico progressivo: Distracao urbana multietapas;Critico;Critico;0.502004063129425;0.502004063129425;R2_STABLE_RISK;28;77;50;1;60;32;1;0.3177635669708252;0.31657874584198;0.16942237317562103;96;4
C09;C09;Critico progressivo: Bebida ao volante;Critico;Critico;0.4052287995815277;0.4052287995815277;R3_FALSE_KIN;38;73;36;1;56;18;0;0.05000000819563866;0.25520607829093933;0.12505720555782318;96;4
C08;C08;Critico progressivo: Distracao urbana multietapas;Critico;Critico;0.46938595473766326;0.46938595473766326;R1_NORMAL;28;77;50;1;52;24;0;0.05000000819563866;0.31846681237220764;0.12147393077611923;96;4
C09;C09;Critico progressivo: Bebida ao volante;Critico;Critico;0.3785594597458839;0.3785594597458839;R2_STABLE_RISK;38;73;36;1;55;17;0;0.05000000819563866;0.2494155913591385;0.10667183250188828;96;4
N03;N03;Normal: Noite estável;Normal;Normal;0.050000007078051564;0.050000007078051564;R1_NORMAL;-1;-1;0;0;-1;-1;0;0.05000000819563866;0.024111440405249596;0.08136162906885147;96;4
C06;C06;Critico progressivo: Fadiga noturna;Critico;Critico;0.41928685307502744;0.41928685307502744;R1_NORMAL;36;81;46;1;60;24;0;0.05000000819563866;0.15770484507083893;0.14159825444221497;96;4
C08;C08;Critico progressivo: Distracao urbana multietapas;Critico;Critico;0.5134725630283355;0.5134725630283355;R1_NORMAL;28;77;50;1;52;24;1;0.3030630052089691;0.31862902641296387;0.14569972455501556;96;4
C01;C01;Critico: Celular em alta velocidade;Critico;Critico;0.29102678298950196;0.29102678298950196;R1_NORMAL;32;44;13;0;34;2;0;0.05000000819563866;0.14902858436107635;0.0952242985367775;96;4
C02;C02;Critico: Fadiga com desvio cinematico;Critico;Critico;0.5900420933961867;0.5900420933961867;R3_FALSE_KIN;29;50;22;0;32;3;1;0.19610662758350372;0.09443050622940063;0.17125952243804932;96;4
N01;N01;Normal: Viagem tranquila em rodovia;Normal;Normal;0.050000007078051564;0.050000007078051564;R3_FALSE_KIN;-1;-1;0;0;-1;-1;0;0.05000000819563866;0.03364073112607002;0.08968117088079453;96;4
N03;N03;Normal: Noite estável;Normal;Normal;0.050000007078051564;0.050000007078051564;R2_STABLE_RISK;-1;-1;0;0;-1;-1;0;0.05000000819563866;0.03888212516903877;0.10183832794427872;96;4
