seed,episode_idx,categoria,nome,recipe_id,risk_target,risk_episode,max_prob,mean_prob,ep_prob_k6,frac_above_theta,detection_frame,would_alert,theta
42,0,Atencao,Atencao: Conducao sob chuva forte em rodovia,A01,0.0,0.050000007078051564,0.0001,0.0001,0.0001,0.0,-1,0,0.1
42,1,Atencao,Atencao: Conducao sob chuva forte em rodovia,A01,0.0,0.050000007078051564,0.0001,0.0001,0.0001,0.0,-1,0,0.1
42,2,Atencao,Atencao: Conducao sob chuva forte em rodovia,A01,0.0,0.050000007078051564,0.0001,0.0001,0.0001,0.0,-1,0,0.1
42,3,Atencao,Atencao: Conducao sob chuva forte em rodovia,A01,0.0,0.050000007078051564,0.0001,0.0001,0.0001,0.0,-1,0,0.1
42,4,Atencao,Atencao: Conducao sob chuva forte em rodovia,A01,0.0,0.050000007078051564,0.0001,0.0001,0.0001,0.0,-1,0,0.1
42,5,Atencao,Atencao: Conducao sob chuva forte em rodovia,A01,0.0,0.050000007078051564,0.0001,0.0001,0.0001,0.0,-1,0,0.1
42,6,Atencao,Atencao: Conducao sob chuva forte em rodovia,A01,0.0,0.050000007078051564,0.0001,0.0001,0.0001,0.0,-1,0,0.1
42,7,Atencao,Atencao: Conducao sob chuva forte em rodovia,A01,0.0,0.050000007078051564,0.0001,0.0001,0.0001,0.0,-1,0,0.1
42,8,Atencao,Atencao: Conducao sob chuva forte em rodovia,A01,0.0,0.050000007078051564,0.0001,0.0001,0.0001,0.0,-1,0,0.1
42,9,Atencao,Atencao: Conducao sob chuva forte em rodovia,A01,0.0,0.050000007078051564,0.0001,0.0001,0.0001,0.0,-1,0,0.1
42,10,Atencao,Atencao: Conducao sob chuva forte em rodovia,A01,0.0,0.050000007078051564,0.0001,0.0001,0.0001,0.0,-1,0,0.1
42,11,Atencao,Atencao: Conducao sob chuva forte em rodovia,A01,0.0,0.050000007078051564,0.0001,0.0001,0.0001,0.0,-1,0,0.1
42,12,Atencao,Atencao: Conducao sob chuva forte em rodovia,A01,0.0,0.050000007078051564,0.0001,0.0001,0.0001,0.0,-1,0,0.1
42,13,Atencao,Atencao: Conducao sob chuva forte em rodovia,A01,0.0,0.050000007078051564,0.0001,0.0001,0.0001,0.0,-1,0,0.1
42,14,Atencao,Atencao: Conducao sob chuva forte em rodovia,A01,0.0,0.050000007078051564,0.0001,0.0001,0.0001,0.0,-1,0,0.1
42,15,Atencao,Atencao: Conducao sob chuva forte em rodovia,A01,0.0,0.050000007078051564,0.0001,0.0001,0.0001,0.0,-1,0,0.1
42,16,Atencao,Atencao: Conducao sob chuva forte em rodovia,A01,0.0,0.050000007078051564,0.0001,0.0001,0.0001,0.0,-1,0,0.1
42,17,Atencao,Atencao: Conducao sob chuva forte em rodovia,A01,0.0,0.050000007078051564,0.0001,0.0001,0.0001,0.0,-1,0,0.1
42,18,Atencao,Atencao: Conducao sob chuva forte em rodovia,A01,0.0,0.050000007078051564,0.0001,0.0001,0.0001,0.0,-1,0,0.1
42,19,Atencao,Atencao: Conducao sob chuva forte em rodovia,A01,0.0,0.050000007078051564,0.0001,0.0001,0.0001,0.0,-1,0,0.1
42,20,Atencao,Atencao: Conducao sob chuva forte em rodovia,A01,0.0,0.050000007078051564,0.0001,0.0001,0.0001,0.0,-1,0,0.1
42,21,Atencao,Atencao: Conducao sob chuva forte em rodovia,A01,0.0,0.050000007078051564,0.0001,0.0001,0.0001,0.0,-1,0,0.1
42,22,Atencao,Atencao: Conducao sob chuva forte em rodovia,A01,0.0,0.050000007078051564,0.0001,0.0001,0.0001,0.0,-1,0,0.1
42,23,Atencao,Atencao: Conducao sob chuva forte em rodovia,A01,0.0,0.050000007078051564,0.0001,0.0001,0.0001,0.0,-1,0,0.1
42,24,Atencao,Atencao: Conducao sob chuva forte em rodovia,A01,0.0,0.050000007078051564,0.0003,0.0001,0.0001,0.0,-1,0,0.1
42,25,Atencao,Atencao: Conducao sob chuva forte em rodovia,A01,0.0,0.050000007078051564,0.0001,0.0001,0.0001,0.0,-1,0,0.1
42,26,Atencao,Atencao: Conducao sob chuva forte em rodovia,A01,0.0,0.050000007078051564,0.0001,0.0001,0.0001,0.0,-1,0,0.1
42,27,Atencao,Atencao: Conducao sob chuva forte em rodovia,A01,0.0,0.050000007078051564,0.0001,0.0001,0.0001,0.0,-1,0,0.1
42,28,Atencao,Atencao: Conducao sob chuva forte em rodovia,A01,0.0,0.050000007078051564,0.0001,0.0001,0.0001,0.0,-1,0,0.1
42,29,Atencao,Atencao: Conducao sob chuva forte em rodovia,A01,0.0,0.050000007078051564,0.0001,0.0001,0.0001,0.0,-1,0,0.1
42,30,Atencao,Atencao: Conducao sob chuva forte em rodovia,A01,0.0,0.050000007078051564,0.0001,0.0001,0.0001,0.0,-1,0,0.1
42,31,Atencao,Atencao: Conducao sob chuva forte em rodovia,A01,0.0,0.050000007078051564,0.0001,0.0001,0.0001,0.0,-1,0,0.1
42,32,Atencao,Atencao: Conducao sob chuva forte em rodovia,A01,0.0,0.050000007078051564,0.0001,0.0001,0.0001,0.0,-1,0,0.1
42,33,Atencao,Atencao: Conducao sob chuva forte em rodovia,A01,0.0,0.050000007078051564,0.0001,0.0001,0.0001,0.0,-1,0,0.1
42,34,Atencao,Atencao: Conducao sob chuva forte em rodovia,A01,0.0,0.050000007078051564,0.0001,0.0001,0.0001,0.0,-1,0,0.1
42,35,Atencao,Atencao: Conducao sob chuva forte em rodovia,A01,0.0,0.050000007078051564,0.0001,0.0001,0.0001,0.0,-1,0,0.1
42,36,Atencao,Atencao: Conducao sob chuva forte em rodovia,A01,0.0,0.050000007078051564,0.0001,0.0001,0.0001,0.0,-1,0,0.1
42,37,Atencao,Atencao: Conducao sob chuva forte em rodovia,A01,0.0,0.050000007078051564,0.0001,0.0001,0.0001,0.0,-1,0,0.1
42,38,Atencao,Atencao: Conducao sob chuva forte em rodovia,A01,0.0,0.050000007078051564,0.0001,0.0001,0.0001,0.0,-1,0,0.1
42,39,Atencao,Atencao: Conducao sob chuva forte em rodovia,A01,0.0,0.050000007078051564,0.0001,0.0001,0.0001,0.0,-1,0,0.1
42,40,Atencao,Atencao: Conducao sob chuva forte em rodovia,A01,0.0,0.050000007078051564,0.0001,0.0001,0.0001,0.0,-1,0,0.1
42,41,Atencao,Atencao: Conducao sob chuva forte em rodovia,A01,0.0,0.050000007078051564,0.0001,0.0001,0.0001,0.0,-1,0,0.1
42,42,Atencao,Atencao: Conducao sob chuva forte em rodovia,A01,0.0,0.050000007078051564,0.0001,0.0001,0.0001,0.0,-1,0,0.1
42,43,Atencao,Atencao: Conducao sob chuva forte em rodovia,A01,0.0,0.050000007078051564,0.0001,0.0001,0.0001,0.0,-1,0,0.1
42,44,Atencao,Atencao: Conducao sob chuva forte em rodovia,A01,0.0,0.050000007078051564,0.0001,0.0001,0.0001,0.0,-1,0,0.1
42,45,Atencao,Atencao: Conducao sob chuva forte em rodovia,A01,0.0,0.050000007078051564,0.0001,0.0001,0.0001,0.0,-1,0,0.1
42,46,Atencao,Atencao: Conducao sob chuva forte em rodovia,A01,0.0,0.050000007078051564,0.0001,0.0001,0.0001,0.0,-1,0,0.1
42,47,Atencao,Atencao: Conducao sob chuva forte em rodovia,A01,0.0,0.050000007078051564,0.0001,0.0001,0.0001,0.0,-1,0,0.1
42,48,Atencao,Atencao: Conducao sob chuva forte em rodovia,A01,0.0,0.050000007078051564,0.0001,0.0001,0.0001,0.0,-1,0,0.1
42,49,Atencao,Atencao: Conducao sob chuva forte em rodovia,A01,0.0,0.050000007078051564,0.0001,0.0001,0.0001,0.0,-1,0,0.1
42,50,Atencao,Atencao: Conducao sob chuva forte em rodovia,A01,0.0,0.050000007078051564,0.0001,0.0001,0.0001,0.0,-1,0,0.1
42,51,Atencao,Atencao: Conducao sob chuva forte em rodovia,A01,0.0,0.050000007078051564,0.0001,0.0001,0.0001,0.0,-1,0,0.1
42,52,Atencao,Atencao: Conducao sob chuva forte em rodovia,A01,0.0,0.050000007078051564,0.0001,0.0001,0.0001,0.0,-1,0,0.1
42,53,Atencao,Atencao: Conducao sob chuva forte em rodovia,A01,0.0,0.050000007078051564,0.0002,0.0001,0.0002,0.0,-1,0,0.1
42,54,Atencao,Atencao: Conducao sob chuva forte em rodovia,A01,0.0,0.050000007078051564,0.0001,0.0001,0.0001,0.0,-1,0,0.1
42,55,Atencao,Atencao: Conducao sob chuva forte em rodovia,A01,0.0,0.050000007078051564,0.0001,0.0001,0.0001,0.0,-1,0,0.1
42,56,Atencao,Atencao: Conducao sob chuva forte em rodovia,A01,0.0,0.050000007078051564,0.0001,0.0001,0.0001,0.0,-1,0,0.1
42,57,Atencao,Atencao: Conducao sob chuva forte em rodovia,A01,0.0,0.050000007078051564,0.0001,0.0001,0.0001,0.0,-1,0,0.1
42,58,Atencao,Atencao: Conducao sob chuva forte em rodovia,A01,0.0,0.050000007078051564,0.0001,0.0001,0.0001,0.0,-1,0,0.1
42,59,Atencao,Atencao: Conducao sob chuva forte em rodovia,A01,0.0,0.050000007078051564,0.0001,0.0001,0.0001,0.0,-1,0,0.1
42,60,Atencao,Atencao: Conducao sob chuva forte em rodovia,A01,0.0,0.050000007078051564,0.0001,0.0001,0.0001,0.0,-1,0,0.1
42,61,Atencao,Atencao: Conducao sob chuva forte em rodovia,A01,0.0,0.050000007078051564,0.0001,0.0001,0.0001,0.0,-1,0,0.1
42,62,Atencao,Atencao: Conducao sob chuva forte em rodovia,A01,0.0,0.050000007078051564,0.0001,0.0001,0.0001,0.0,-1,0,0.1
42,63,Atencao,Atencao: Conducao sob chuva forte em rodovia,A01,0.0,0.050000007078051564,0.0001,0.0001,0.0001,0.0,-1,0,0.1
42,64,Atencao,Atencao: Conducao sob chuva forte em rodovia,A01,0.0,0.050000007078051564,0.0001,0.0001,0.0001,0.0,-1,0,0.1
42,65,Atencao,Atencao: Conducao sob chuva forte em rodovia,A01,0.0,0.050000007078051564,0.0001,0.0001,0.0001,0.0,-1,0,0.1
42,66,Atencao,Atencao: Conducao sob chuva forte em rodovia,A01,0.0,0.050000007078051564,0.0002,0.0001,0.0001,0.0,-1,0,0.1
42,67,Atencao,Atencao: Conducao sob chuva forte em rodovia,A01,0.0,0.050000007078051564,0.0001,0.0001,0.0001,0.0,-1,0,0.1
42,68,Atencao,Atencao: Conducao sob chuva forte em rodovia,A01,0.0,0.050000007078051564,0.0001,0.0001,0.0001,0.0,-1,0,0.1
42,69,Atencao,Atencao: Conducao sob chuva forte em rodovia,A01,0.0,0.050000007078051564,0.0001,0.0001,0.0001,0.0,-1,0,0.1
42,70,Atencao,Atencao: Conducao sob chuva forte em rodovia,A01,0.0,0.050000007078051564,0.0001,0.0001,0.0001,0.0,-1,0,0.1
42,71,Atencao,Atencao: Conducao sob chuva forte em rodovia,A01,0.0,0.050000007078051564,0.0001,0.0001,0.0001,0.0,-1,0,0.1
42,72,Atencao,Atencao: Conducao sob chuva forte em rodovia,A01,0.0,0.050000007078051564,0.0001,0.0001,0.0001,0.0,-1,0,0.1
42,73,Atencao,Atencao: Conducao sob chuva forte em rodovia,A01,0.0,0.050000007078051564,0.0001,0.0001,0.0001,0.0,-1,0,0.1
42,74,Atencao,Atencao: Conducao sob chuva forte em rodovia,A01,0.0,0.050000007078051564,0.0001,0.0001,0.0001,0.0,-1,0,0.1
42,75,Atencao,Atencao: Conducao sob chuva forte em rodovia,A01,0.0,0.050000007078051564,0.0002,0.0001,0.0001,0.0,-1,0,0.1
42,76,Atencao,Atencao: Conducao sob chuva forte em rodovia,A01,0.0,0.050000007078051564,0.0001,0.0001,0.0001,0.0,-1,0,0.1
42,77,Atencao,Atencao: Conducao sob chuva forte em rodovia,A01,0.0,0.050000007078051564,0.0001,0.0001,0.0001,0.0,-1,0,0.1
42,78,Atencao,Atencao: Conducao sob chuva forte em rodovia,A01,0.0,0.050000007078051564,0.0001,0.0001,0.0001,0.0,-1,0,0.1
42,79,Atencao,Atencao: Conducao sob chuva forte em rodovia,A01,0.0,0.050000007078051564,0.0001,0.0001,0.0001,0.0,-1,0,0.1
42,80,Atencao,Atencao: Trafego congestionado noturno urbano,A02,0.0,0.050000007078051564,0.0005,0.0002,0.0005,0.0,-1,0,0.1
42,81,Atencao,Atencao: Trafego congestionado noturno urbano,A02,0.0,0.050000007078051564,0.0008,0.0005,0.0006,0.0,-1,0,0.1
42,82,Atencao,Atencao: Trafego congestionado noturno urbano,A02,0.0,0.050000007078051564,0.0006,0.0005,0.0006,0.0,-1,0,0.1
42,83,Atencao,Atencao: Trafego congestionado noturno urbano,A02,0.0,0.050000007078051564,0.0008,0.0005,0.0006,0.0,-1,0,0.1
42,84,Atencao,Atencao: Trafego congestionado noturno urbano,A02,0.0,0.050000007078051564,0.0009,0.0006,0.0006,0.0,-1,0,0.1
42,85,Atencao,Atencao: Trafego congestionado noturno urbano,A02,0.0,0.050000007078051564,0.9057,0.2312,0.3277,0.3646,61,1,0.1
42,86,Atencao,Atencao: Trafego congestionado noturno urbano,A02,0.0,0.050000007078051564,0.0007,0.0006,0.0005,0.0,-1,0,0.1
42,87,Atencao,Atencao: Trafego congestionado noturno urbano,A02,0.0,0.050000007078051564,0.0005,0.0002,0.0005,0.0,-1,0,0.1
42,88,Atencao,Atencao: Trafego congestionado noturno urbano,A02,0.0,0.050000007078051564,0.0005,0.0002,0.0004,0.0,-1,0,0.1
42,89,Atencao,Atencao: Trafego congestionado noturno urbano,A02,0.0,0.050000007078051564,0.0005,0.0002,0.0005,0.0,-1,0,0.1
42,90,Atencao,Atencao: Trafego congestionado noturno urbano,A02,0.0,0.050000007078051564,0.0009,0.0006,0.0006,0.0,-1,0,0.1
42,91,Atencao,Atencao: Trafego congestionado noturno urbano,A02,0.0,0.050000007078051564,0.9626,0.6846,0.492,0.8646,0,1,0.1
42,92,Atencao,Atencao: Trafego congestionado noturno urbano,A02,0.0,0.050000007078051564,0.7649,0.0728,0.0239,0.1458,16,1,0.1
42,93,Atencao,Atencao: Trafego congestionado noturno urbano,A02,0.0,0.050000007078051564,0.0008,0.0006,0.0006,0.0,-1,0,0.1
42,94,Atencao,Atencao: Trafego congestionado noturno urbano,A02,0.0,0.050000007078051564,0.0009,0.0006,0.0006,0.0,-1,0,0.1
42,95,Atencao,Atencao: Trafego congestionado noturno urbano,A02,0.0,0.050000007078051564,0.0006,0.0005,0.0006,0.0,-1,0,0.1
42,96,Atencao,Atencao: Trafego congestionado noturno urbano,A02,0.0,0.050000007078051564,0.0006,0.0002,0.0005,0.0,-1,0,0.1
42,97,Atencao,Atencao: Trafego congestionado noturno urbano,A02,0.0,0.050000007078051564,0.0008,0.0006,0.0006,0.0,-1,0,0.1
42,98,Atencao,Atencao: Trafego congestionado noturno urbano,A02,0.0,0.050000007078051564,0.832,0.0985,0.0456,0.1562,69,1,0.1
42,99,Atencao,Atencao: Trafego congestionado noturno urbano,A02,0.0,0.050000007078051564,0.0005,0.0002,0.0005,0.0,-1,0,0.1
42,100,Atencao,Atencao: Trafego congestionado noturno urbano,A02,0.0,0.050000007078051564,0.0008,0.0006,0.0006,0.0,-1,0,0.1
42,101,Atencao,Atencao: Trafego congestionado noturno urbano,A02,0.0,0.050000007078051564,0.0009,0.0006,0.0005,0.0,-1,0,0.1
42,102,Atencao,Atencao: Trafego congestionado noturno urbano,A02,0.0,0.050000007078051564,0.0008,0.0006,0.0005,0.0,-1,0,0.1
42,103,Atencao,Atencao: Trafego congestionado noturno urbano,A02,0.0,0.050000007078051564,0.0006,0.0004,0.0005,0.0,-1,0,0.1
42,104,Atencao,Atencao: Trafego congestionado noturno urbano,A02,0.0,0.050000007078051564,0.0005,0.0002,0.0004,0.0,-1,0,0.1
42,105,Atencao,Atencao: Trafego congestionado noturno urbano,A02,0.0,0.050000007078051564,0.0008,0.0006,0.0006,0.0,-1,0,0.1
42,106,Atencao,Atencao: Trafego congestionado noturno urbano,A02,0.0,0.050000007078051564,0.0007,0.0005,0.0005,0.0,-1,0,0.1
42,107,Atencao,Atencao: Trafego congestionado noturno urbano,A02,0.0,0.050000007078051564,0.8746,0.1861,0.0008,0.3438,20,1,0.1
42,108,Atencao,Atencao: Trafego congestionado noturno urbano,A02,0.0,0.050000007078051564,0.0006,0.0005,0.0006,0.0,-1,0,0.1
42,109,Atencao,Atencao: Trafego congestionado noturno urbano,A02,0.0,0.050000007078051564,0.0006,0.0002,0.0006,0.0,-1,0,0.1
42,110,Atencao,Atencao: Trafego congestionado noturno urbano,A02,0.0,0.050000007078051564,0.0006,0.0004,0.0005,0.0,-1,0,0.1
42,111,Atencao,Atencao: Trafego congestionado noturno urbano,A02,0.0,0.050000007078051564,0.8784,0.1783,0.0084,0.2708,17,1,0.1
42,112,Atencao,Atencao: Trafego congestionado noturno urbano,A02,0.0,0.050000007078051564,0.0006,0.0005,0.0005,0.0,-1,0,0.1
42,113,Atencao,Atencao: Trafego congestionado noturno urbano,A02,0.0,0.050000007078051564,0.0007,0.0006,0.0005,0.0,-1,0,0.1
42,114,Atencao,Atencao: Trafego congestionado noturno urbano,A02,0.0,0.050000007078051564,0.8673,0.119,0.0015,0.1979,52,1,0.1
42,115,Atencao,Atencao: Trafego congestionado noturno urbano,A02,0.0,0.050000007078051564,0.0008,0.0002,0.0007,0.0,-1,0,0.1
42,116,Atencao,Atencao: Trafego congestionado noturno urbano,A02,0.0,0.050000007078051564,0.0009,0.0006,0.0005,0.0,-1,0,0.1
42,117,Atencao,Atencao: Trafego congestionado noturno urbano,A02,0.0,0.050000007078051564,0.0008,0.0006,0.0005,0.0,-1,0,0.1
42,118,Atencao,Atencao: Trafego congestionado noturno urbano,A02,0.0,0.050000007078051564,0.8829,0.1624,0.0006,0.2812,53,1,0.1
42,119,Atencao,Atencao: Trafego congestionado noturno urbano,A02,0.0,0.050000007078051564,0.0006,0.0003,0.0005,0.0,-1,0,0.1
42,120,Atencao,Atencao: Trafego congestionado noturno urbano,A02,0.0,0.050000007078051564,0.0009,0.0006,0.0005,0.0,-1,0,0.1
42,121,Atencao,Atencao: Trafego congestionado noturno urbano,A02,0.0,0.050000007078051564,0.4132,0.0151,0.0006,0.0521,64,1,0.1
42,122,Atencao,Atencao: Trafego congestionado noturno urbano,A02,0.0,0.050000007078051564,0.0005,0.0002,0.0005,0.0,-1,0,0.1
42,123,Atencao,Atencao: Trafego congestionado noturno urbano,A02,0.0,0.050000007078051564,0.0006,0.0003,0.0005,0.0,-1,0,0.1
42,124,Atencao,Atencao: Trafego congestionado noturno urbano,A02,0.0,0.050000007078051564,0.9623,0.5349,0.0006,0.6979,0,1,0.1
42,125,Atencao,Atencao: Trafego congestionado noturno urbano,A02,0.0,0.050000007078051564,0.0155,0.0007,0.0061,0.0,-1,0,0.1
42,126,Atencao,Atencao: Trafego congestionado noturno urbano,A02,0.0,0.050000007078051564,0.0007,0.0006,0.0006,0.0,-1,0,0.1
42,127,Atencao,Atencao: Trafego congestionado noturno urbano,A02,0.0,0.050000007078051564,0.0006,0.0002,0.0005,0.0,-1,0,0.1
42,128,Atencao,Atencao: Trafego congestionado noturno urbano,A02,0.0,0.050000007078051564,0.0008,0.0006,0.0005,0.0,-1,0,0.1
42,129,Atencao,Atencao: Trafego congestionado noturno urbano,A02,0.0,0.050000007078051564,0.8587,0.1051,0.0005,0.1875,9,1,0.1
42,130,Atencao,Atencao: Trafego congestionado noturno urbano,A02,0.0,0.050000007078051564,0.001,0.0006,0.0005,0.0,-1,0,0.1
42,131,Atencao,Atencao: Trafego congestionado noturno urbano,A02,0.0,0.050000007078051564,0.0008,0.0002,0.0007,0.0,-1,0,0.1
42,132,Atencao,Atencao: Trafego congestionado noturno urbano,A02,0.0,0.050000007078051564,0.0008,0.0006,0.0005,0.0,-1,0,0.1
42,133,Atencao,Atencao: Trafego congestionado noturno urbano,A02,0.0,0.050000007078051564,0.0902,0.0058,0.0008,0.0,-1,0,0.1
42,134,Atencao,Atencao: Trafego congestionado noturno urbano,A02,0.0,0.050000007078051564,0.0005,0.0004,0.0005,0.0,-1,0,0.1
42,135,Atencao,Atencao: Trafego congestionado noturno urbano,A02,0.0,0.050000007078051564,0.0007,0.0006,0.0005,0.0,-1,0,0.1
42,136,Atencao,Atencao: Trafego congestionado noturno urbano,A02,0.0,0.050000007078051564,0.0006,0.0003,0.0004,0.0,-1,0,0.1
42,137,Atencao,Atencao: Trafego congestionado noturno urbano,A02,0.0,0.050000007078051564,0.0006,0.0005,0.0005,0.0,-1,0,0.1
42,138,Atencao,Atencao: Trafego congestionado noturno urbano,A02,0.0,0.050000007078051564,0.0007,0.0006,0.0006,0.0,-1,0,0.1
42,139,Atencao,Atencao: Trafego congestionado noturno urbano,A02,0.0,0.050000007078051564,0.0005,0.0002,0.0005,0.0,-1,0,0.1
42,140,Atencao,Atencao: Trafego congestionado noturno urbano,A02,0.0,0.050000007078051564,0.001,0.0006,0.0005,0.0,-1,0,0.1
42,141,Atencao,Atencao: Trafego congestionado noturno urbano,A02,0.0,0.050000007078051564,0.0007,0.0002,0.0006,0.0,-1,0,0.1
42,142,Atencao,Atencao: Trafego congestionado noturno urbano,A02,0.0,0.050000007078051564,0.0007,0.0005,0.0005,0.0,-1,0,0.1
42,143,Atencao,Atencao: Trafego congestionado noturno urbano,A02,0.0,0.050000007078051564,0.0007,0.0005,0.0006,0.0,-1,0,0.1
42,144,Atencao,Atencao: Trafego congestionado noturno urbano,A02,0.0,0.050000007078051564,0.0006,0.0003,0.0005,0.0,-1,0,0.1
42,145,Atencao,Atencao: Trafego congestionado noturno urbano,A02,0.0,0.050000007078051564,0.0008,0.0006,0.0006,0.0,-1,0,0.1
42,146,Atencao,Atencao: Trafego congestionado noturno urbano,A02,0.0,0.050000007078051564,0.0006,0.0005,0.0006,0.0,-1,0,0.1
42,147,Atencao,Atencao: Trafego congestionado noturno urbano,A02,0.0,0.050000007078051564,0.0007,0.0006,0.0006,0.0,-1,0,0.1
42,148,Atencao,Atencao: Trafego congestionado noturno urbano,A02,0.0,0.050000007078051564,0.0007,0.0006,0.0005,0.0,-1,0,0.1
42,149,Atencao,Atencao: Trafego congestionado noturno urbano,A02,0.0,0.050000007078051564,0.0006,0.0005,0.0004,0.0,-1,0,0.1
42,150,Atencao,Atencao: Trafego congestionado noturno urbano,A02,0.0,0.050000007078051564,0.0006,0.0003,0.0006,0.0,-1,0,0.1
42,151,Atencao,Atencao: Trafego congestionado noturno urbano,A02,0.0,0.050000007078051564,0.0012,0.0006,0.0006,0.0,-1,0,0.1
42,152,Atencao,Atencao: Trafego congestionado noturno urbano,A02,0.0,0.050000007078051564,0.0005,0.0002,0.0004,0.0,-1,0,0.1
42,153,Atencao,Atencao: Trafego congestionado noturno urbano,A02,0.0,0.050000007078051564,0.0006,0.0002,0.0005,0.0,-1,0,0.1
42,154,Atencao,Atencao: Trafego congestionado noturno urbano,A02,0.0,0.050000007078051564,0.0007,0.0002,0.0006,0.0,-1,0,0.1
42,155,Atencao,Atencao: Trafego congestionado noturno urbano,A02,0.0,0.050000007078051564,0.4346,0.0256,0.0215,0.0625,35,1,0.1
42,156,Atencao,Atencao: Trafego congestionado noturno urbano,A02,0.0,0.050000007078051564,0.001,0.0006,0.0005,0.0,-1,0,0.1
42,157,Atencao,Atencao: Trafego congestionado noturno urbano,A02,0.0,0.050000007078051564,0.8569,0.1881,0.0148,0.2708,0,1,0.1
42,158,Atencao,Atencao: Trafego congestionado noturno urbano,A02,0.0,0.050000007078051564,0.0006,0.0004,0.0005,0.0,-1,0,0.1
42,159,Atencao,Atencao: Trafego congestionado noturno urbano,A02,0.0,0.050000007078051564,0.904,0.2459,0.209,0.4375,21,1,0.1
42,160,Atencao,Atencao: Rodovia noturna com chuva e alta velocidade,A03,0.0,0.050000007078051564,0.0003,0.0001,0.0002,0.0,-1,0,0.1
42,161,Atencao,Atencao: Rodovia noturna com chuva e alta velocidade,A03,0.0,0.050000007078051564,0.0001,0.0001,0.0001,0.0,-1,0,0.1
42,162,Atencao,Atencao: Rodovia noturna com chuva e alta velocidade,A03,0.0,0.050000007078051564,0.0007,0.0001,0.0002,0.0,-1,0,0.1
42,163,Atencao,Atencao: Rodovia noturna com chuva e alta velocidade,A03,0.0,0.050000007078051564,0.0001,0.0001,0.0001,0.0,-1,0,0.1
42,164,Atencao,Atencao: Rodovia noturna com chuva e alta velocidade,A03,0.0,0.050000007078051564,0.0001,0.0001,0.0001,0.0,-1,0,0.1
42,165,Atencao,Atencao: Rodovia noturna com chuva e alta velocidade,A03,0.0,0.050000007078051564,0.0001,0.0001,0.0001,0.0,-1,0,0.1
42,166,Atencao,Atencao: Rodovia noturna com chuva e alta velocidade,A03,0.0,0.050000007078051564,0.0001,0.0001,0.0001,0.0,-1,0,0.1
42,167,Atencao,Atencao: Rodovia noturna com chuva e alta velocidade,A03,0.0,0.050000007078051564,0.0001,0.0001,0.0001,0.0,-1,0,0.1
42,168,Atencao,Atencao: Rodovia noturna com chuva e alta velocidade,A03,0.0,0.050000007078051564,0.0001,0.0001,0.0001,0.0,-1,0,0.1
42,169,Atencao,Atencao: Rodovia noturna com chuva e alta velocidade,A03,0.0,0.050000007078051564,0.0001,0.0001,0.0001,0.0,-1,0,0.1
42,170,Atencao,Atencao: Rodovia noturna com chuva e alta velocidade,A03,0.0,0.050000007078051564,0.0004,0.0001,0.0001,0.0,-1,0,0.1
42,171,Atencao,Atencao: Rodovia noturna com chuva e alta velocidade,A03,0.0,0.050000007078051564,0.0008,0.0001,0.0001,0.0,-1,0,0.1
42,172,Atencao,Atencao: Rodovia noturna com chuva e alta velocidade,A03,0.0,0.050000007078051564,0.0001,0.0001,0.0001,0.0,-1,0,0.1
42,173,Atencao,Atencao: Rodovia noturna com chuva e alta velocidade,A03,0.0,0.050000007078051564,0.0001,0.0001,0.0001,0.0,-1,0,0.1
42,174,Atencao,Atencao: Rodovia noturna com chuva e alta velocidade,A03,0.0,0.050000007078051564,0.0001,0.0001,0.0001,0.0,-1,0,0.1
42,175,Atencao,Atencao: Rodovia noturna com chuva e alta velocidade,A03,0.0,0.050000007078051564,0.0001,0.0001,0.0001,0.0,-1,0,0.1
42,176,Atencao,Atencao: Rodovia noturna com chuva e alta velocidade,A03,0.0,0.050000007078051564,0.0001,0.0001,0.0001,0.0,-1,0,0.1
42,177,Atencao,Atencao: Rodovia noturna com chuva e alta velocidade,A03,0.0,0.050000007078051564,0.0001,0.0001,0.0001,0.0,-1,0,0.1
42,178,Atencao,Atencao: Rodovia noturna com chuva e alta velocidade,A03,0.0,0.050000007078051564,0.0001,0.0001,0.0001,0.0,-1,0,0.1
42,179,Atencao,Atencao: Rodovia noturna com chuva e alta velocidade,A03,0.0,0.050000007078051564,0.0001,0.0001,0.0001,0.0,-1,0,0.1
42,180,Atencao,Atencao: Rodovia noturna com chuva e alta velocidade,A03,0.0,0.050000007078051564,0.0002,0.0001,0.0001,0.0,-1,0,0.1
42,181,Atencao,Atencao: Rodovia noturna com chuva e alta velocidade,A03,0.0,0.050000007078051564,0.0001,0.0001,0.0001,0.0,-1,0,0.1
42,182,Atencao,Atencao: Rodovia noturna com chuva e alta velocidade,A03,0.0,0.050000007078051564,0.0001,0.0001,0.0001,0.0,-1,0,0.1
42,183,Atencao,Atencao: Rodovia noturna com chuva e alta velocidade,A03,0.0,0.050000007078051564,0.0001,0.0001,0.0001,0.0,-1,0,0.1
42,184,Atencao,Atencao: Rodovia noturna com chuva e alta velocidade,A03,0.0,0.050000007078051564,0.0001,0.0001,0.0001,0.0,-1,0,0.1
42,185,Atencao,Atencao: Rodovia noturna com chuva e alta velocidade,A03,0.0,0.050000007078051564,0.0001,0.0001,0.0001,0.0,-1,0,0.1
42,186,Atencao,Atencao: Rodovia noturna com chuva e alta velocidade,A03,0.0,0.050000007078051564,0.0001,0.0001,0.0001,0.0,-1,0,0.1
42,187,Atencao,Atencao: Rodovia noturna com chuva e alta velocidade,A03,0.0,0.050000007078051564,0.0001,0.0001,0.0001,0.0,-1,0,0.1
42,188,Atencao,Atencao: Rodovia noturna com chuva e alta velocidade,A03,0.0,0.050000007078051564,0.0004,0.0001,0.0003,0.0,-1,0,0.1
42,189,Atencao,Atencao: Rodovia noturna com chuva e alta velocidade,A03,0.0,0.050000007078051564,0.0001,0.0001,0.0001,0.0,-1,0,0.1
42,190,Atencao,Atencao: Rodovia noturna com chuva e alta velocidade,A03,0.0,0.050000007078051564,0.0005,0.0001,0.0001,0.0,-1,0,0.1
42,191,Atencao,Atencao: Rodovia noturna com chuva e alta velocidade,A03,0.0,0.050000007078051564,0.0006,0.0001,0.0005,0.0,-1,0,0.1
42,192,Atencao,Atencao: Rodovia noturna com chuva e alta velocidade,A03,0.0,0.050000007078051564,0.0001,0.0001,0.0001,0.0,-1,0,0.1
42,193,Atencao,Atencao: Rodovia noturna com chuva e alta velocidade,A03,0.0,0.050000007078051564,0.0001,0.0001,0.0001,0.0,-1,0,0.1
42,194,Atencao,Atencao: Rodovia noturna com chuva e alta velocidade,A03,0.0,0.050000007078051564,0.0001,0.0001,0.0001,0.0,-1,0,0.1
42,195,Atencao,Atencao: Rodovia noturna com chuva e alta velocidade,A03,0.0,0.050000007078051564,0.0001,0.0001,0.0001,0.0,-1,0,0.1
42,196,Atencao,Atencao: Rodovia noturna com chuva e alta velocidade,A03,0.0,0.050000007078051564,0.0001,0.0001,0.0001,0.0,-1,0,0.1
42,197,Atencao,Atencao: Rodovia noturna com chuva e alta velocidade,A03,0.0,0.050000007078051564,0.0001,0.0001,0.0001,0.0,-1,0,0.1
42,198,Atencao,Atencao: Rodovia noturna com chuva e alta velocidade,A03,0.0,0.050000007078051564,0.0001,0.0001,0.0001,0.0,-1,0,0.1
42,199,Atencao,Atencao: Rodovia noturna com chuva e alta velocidade,A03,0.0,0.050000007078051564,0.0001,0.0001,0.0001,0.0,-1,0,0.1
42,200,Atencao,Atencao: Rodovia noturna com chuva e alta velocidade,A03,0.0,0.050000007078051564,0.0001,0.0001,0.0001,0.0,-1,0,0.1
42,201,Atencao,Atencao: Rodovia noturna com chuva e alta velocidade,A03,0.0,0.050000007078051564,0.0001,0.0001,0.0001,0.0,-1,0,0.1
42,202,Atencao,Atencao: Rodovia noturna com chuva e alta velocidade,A03,0.0,0.050000007078051564,0.0007,0.0001,0.0002,0.0,-1,0,0.1
42,203,Atencao,Atencao: Rodovia noturna com chuva e alta velocidade,A03,0.0,0.050000007078051564,0.0001,0.0001,0.0001,0.0,-1,0,0.1
42,204,Atencao,Atencao: Rodovia noturna com chuva e alta velocidade,A03,0.0,0.050000007078051564,0.0001,0.0001,0.0001,0.0,-1,0,0.1
42,205,Atencao,Atencao: Rodovia noturna com chuva e alta velocidade,A03,0.0,0.050000007078051564,0.0001,0.0001,0.0001,0.0,-1,0,0.1
42,206,Atencao,Atencao: Rodovia noturna com chuva e alta velocidade,A03,0.0,0.050000007078051564,0.0001,0.0001,0.0001,0.0,-1,0,0.1
42,207,Atencao,Atencao: Rodovia noturna com chuva e alta velocidade,A03,0.0,0.050000007078051564,0.0001,0.0001,0.0001,0.0,-1,0,0.1
42,208,Atencao,Atencao: Rodovia noturna com chuva e alta velocidade,A03,0.0,0.050000007078051564,0.0013,0.0002,0.0006,0.0,-1,0,0.1
42,209,Atencao,Atencao: Rodovia noturna com chuva e alta velocidade,A03,0.0,0.050000007078051564,0.0007,0.0001,0.0001,0.0,-1,0,0.1
42,210,Atencao,Atencao: Rodovia noturna com chuva e alta velocidade,A03,0.0,0.050000007078051564,0.0001,0.0001,0.0001,0.0,-1,0,0.1
42,211,Atencao,Atencao: Rodovia noturna com chuva e alta velocidade,A03,0.0,0.050000007078051564,0.0002,0.0001,0.0001,0.0,-1,0,0.1
42,212,Atencao,Atencao: Rodovia noturna com chuva e alta velocidade,A03,0.0,0.050000007078051564,0.0012,0.0002,0.0001,0.0,-1,0,0.1
42,213,Atencao,Atencao: Rodovia noturna com chuva e alta velocidade,A03,0.0,0.050000007078051564,0.0001,0.0001,0.0001,0.0,-1,0,0.1
42,214,Atencao,Atencao: Rodovia noturna com chuva e alta velocidade,A03,0.0,0.050000007078051564,0.0001,0.0001,0.0001,0.0,-1,0,0.1
42,215,Atencao,Atencao: Rodovia noturna com chuva e alta velocidade,A03,0.0,0.050000007078051564,0.0001,0.0001,0.0001,0.0,-1,0,0.1
42,216,Atencao,Atencao: Rodovia noturna com chuva e alta velocidade,A03,0.0,0.050000007078051564,0.0009,0.0002,0.0003,0.0,-1,0,0.1
42,217,Atencao,Atencao: Rodovia noturna com chuva e alta velocidade,A03,0.0,0.050000007078051564,0.0001,0.0001,0.0001,0.0,-1,0,0.1
42,218,Atencao,Atencao: Rodovia noturna com chuva e alta velocidade,A03,0.0,0.050000007078051564,0.0001,0.0001,0.0001,0.0,-1,0,0.1
42,219,Atencao,Atencao: Rodovia noturna com chuva e alta velocidade,A03,0.0,0.050000007078051564,0.0001,0.0001,0.0001,0.0,-1,0,0.1
42,220,Atencao,Atencao: Rodovia noturna com chuva e alta velocidade,A03,0.0,0.050000007078051564,0.0001,0.0001,0.0001,0.0,-1,0,0.1
42,221,Atencao,Atencao: Rodovia noturna com chuva e alta velocidade,A03,0.0,0.050000007078051564,0.0001,0.0001,0.0001,0.0,-1,0,0.1
42,222,Atencao,Atencao: Rodovia noturna com chuva e alta velocidade,A03,0.0,0.050000007078051564,0.0001,0.0001,0.0001,0.0,-1,0,0.1
42,223,Atencao,Atencao: Rodovia noturna com chuva e alta velocidade,A03,0.0,0.050000007078051564,0.0001,0.0001,0.0001,0.0,-1,0,0.1
42,224,Atencao,Atencao: Rodovia noturna com chuva e alta velocidade,A03,0.0,0.050000007078051564,0.0001,0.0001,0.0001,0.0,-1,0,0.1
42,225,Atencao,Atencao: Rodovia noturna com chuva e alta velocidade,A03,0.0,0.050000007078051564,0.0001,0.0001,0.0001,0.0,-1,0,0.1
42,226,Atencao,Atencao: Rodovia noturna com chuva e alta velocidade,A03,0.0,0.050000007078051564,0.0001,0.0001,0.0001,0.0,-1,0,0.1
42,227,Atencao,Atencao: Rodovia noturna com chuva e alta velocidade,A03,0.0,0.050000007078051564,0.0001,0.0001,0.0001,0.0,-1,0,0.1
42,228,Atencao,Atencao: Rodovia noturna com chuva e alta velocidade,A03,0.0,0.050000007078051564,0.0001,0.0001,0.0001,0.0,-1,0,0.1
42,229,Atencao,Atencao: Rodovia noturna com chuva e alta velocidade,A03,0.0,0.050000007078051564,0.0002,0.0001,0.0001,0.0,-1,0,0.1
42,230,Atencao,Atencao: Rodovia noturna com chuva e alta velocidade,A03,0.0,0.050000007078051564,0.0001,0.0001,0.0001,0.0,-1,0,0.1
42,231,Atencao,Atencao: Rodovia noturna com chuva e alta velocidade,A03,0.0,0.050000007078051564,0.0001,0.0001,0.0001,0.0,-1,0,0.1
42,232,Atencao,Atencao: Rodovia noturna com chuva e alta velocidade,A03,0.0,0.050000007078051564,0.0001,0.0001,0.0001,0.0,-1,0,0.1
42,233,Atencao,Atencao: Rodovia noturna com chuva e alta velocidade,A03,0.0,0.050000007078051564,0.0001,0.0001,0.0001,0.0,-1,0,0.1
42,234,Atencao,Atencao: Rodovia noturna com chuva e alta velocidade,A03,0.0,0.050000007078051564,0.0001,0.0001,0.0001,0.0,-1,0,0.1
42,235,Atencao,Atencao: Rodovia noturna com chuva e alta velocidade,A03,0.0,0.050000007078051564,0.0001,0.0001,0.0001,0.0,-1,0,0.1
42,236,Atencao,Atencao: Rodovia noturna com chuva e alta velocidade,A03,0.0,0.050000007078051564,0.0017,0.0002,0.0001,0.0,-1,0,0.1
42,237,Atencao,Atencao: Rodovia noturna com chuva e alta velocidade,A03,0.0,0.050000007078051564,0.0002,0.0001,0.0001,0.0,-1,0,0.1
42,238,Atencao,Atencao: Rodovia noturna com chuva e alta velocidade,A03,0.0,0.050000007078051564,0.0001,0.0001,0.0001,0.0,-1,0,0.1
42,239,Atencao,Atencao: Rodovia noturna com chuva e alta velocidade,A03,0.0,0.050000007078051564,0.0014,0.0002,0.001,0.0,-1,0,0.1
42,240,Alerta,Alerta: Conversa prolongada em rodovia,L01,0.0,0.18333696946501732,0.0157,0.0019,0.0001,0.0,-1,0,0.1
42,241,Alerta,Alerta: Conversa prolongada em rodovia,L01,0.0,0.18333696946501732,0.0156,0.002,0.0001,0.0,-1,0,0.1
42,242,Alerta,Alerta: Conversa prolongada em rodovia,L01,0.0,0.18333696946501732,0.0171,0.002,0.0001,0.0,-1,0,0.1
42,243,Alerta,Alerta: Conversa prolongada em rodovia,L01,0.0,0.18333696946501732,0.0129,0.0018,0.0001,0.0,-1,0,0.1
42,244,Alerta,Alerta: Conversa prolongada em rodovia,L01,0.0,0.18333696946501732,0.0131,0.0019,0.0001,0.0,-1,0,0.1
42,245,Alerta,Alerta: Conversa prolongada em rodovia,L01,0.0,0.18333696946501732,0.0216,0.0022,0.0001,0.0,-1,0,0.1
42,246,Alerta,Alerta: Conversa prolongada em rodovia,L01,0.0,0.18333696946501732,0.0118,0.0018,0.0001,0.0,-1,0,0.1
42,247,Alerta,Alerta: Conversa prolongada em rodovia,L01,0.0,0.18333696946501732,0.0821,0.0057,0.0001,0.0,-1,0,0.1
42,248,Alerta,Alerta: Conversa prolongada em rodovia,L01,0.0,0.18333696946501732,0.0106,0.0017,0.0001,0.0,-1,0,0.1
42,249,Alerta,Alerta: Conversa prolongada em rodovia,L01,0.0,0.18333696946501732,0.0123,0.0018,0.0001,0.0,-1,0,0.1
42,250,Alerta,Alerta: Conversa prolongada em rodovia,L01,0.0,0.18333696946501732,0.0183,0.0021,0.0001,0.0,-1,0,0.1
42,251,Alerta,Alerta: Conversa prolongada em rodovia,L01,0.0,0.18333696946501732,0.0228,0.0024,0.0001,0.0,-1,0,0.1
42,252,Alerta,Alerta: Conversa prolongada em rodovia,L01,0.0,0.18333696946501732,0.0143,0.0019,0.0001,0.0,-1,0,0.1
42,253,Alerta,Alerta: Conversa prolongada em rodovia,L01,0.0,0.18333696946501732,0.0146,0.0019,0.0001,0.0,-1,0,0.1
42,254,Alerta,Alerta: Conversa prolongada em rodovia,L01,0.0,0.18333696946501732,0.0129,0.0018,0.0001,0.0,-1,0,0.1
42,255,Alerta,Alerta: Conversa prolongada em rodovia,L01,0.0,0.18333696946501732,0.0127,0.0018,0.0001,0.0,-1,0,0.1
42,256,Alerta,Alerta: Conversa prolongada em rodovia,L01,0.0,0.18333696946501732,0.2672,0.0103,0.0001,0.0312,69,1,0.1
42,257,Alerta,Alerta: Conversa prolongada em rodovia,L01,0.0,0.18333696946501732,0.0131,0.0018,0.0001,0.0,-1,0,0.1
42,258,Alerta,Alerta: Conversa prolongada em rodovia,L01,0.0,0.18333696946501732,0.0118,0.0018,0.0001,0.0,-1,0,0.1
42,259,Alerta,Alerta: Conversa prolongada em rodovia,L01,0.0,0.18333696946501732,0.0162,0.002,0.0001,0.0,-1,0,0.1
42,260,Alerta,Alerta: Conversa prolongada em rodovia,L01,0.0,0.18333696946501732,0.0116,0.0017,0.0001,0.0,-1,0,0.1
42,261,Alerta,Alerta: Conversa prolongada em rodovia,L01,0.0,0.18333696946501732,0.0144,0.0018,0.0001,0.0,-1,0,0.1
42,262,Alerta,Alerta: Conversa prolongada em rodovia,L01,0.0,0.18333696946501732,0.0143,0.0021,0.0001,0.0,-1,0,0.1
42,263,Alerta,Alerta: Conversa prolongada em rodovia,L01,0.0,0.18333696946501732,0.0107,0.0017,0.0001,0.0,-1,0,0.1
42,264,Alerta,Alerta: Conversa prolongada em rodovia,L01,0.0,0.18333696946501732,0.0122,0.0018,0.0001,0.0,-1,0,0.1
42,265,Alerta,Alerta: Conversa prolongada em rodovia,L01,0.0,0.18333696946501732,0.0168,0.0024,0.0,0.0,-1,0,0.1
42,266,Alerta,Alerta: Conversa prolongada em rodovia,L01,0.0,0.18333696946501732,0.0105,0.0017,0.0001,0.0,-1,0,0.1
42,267,Alerta,Alerta: Conversa prolongada em rodovia,L01,0.0,0.18333696946501732,0.0205,0.0023,0.0001,0.0,-1,0,0.1
42,268,Alerta,Alerta: Conversa prolongada em rodovia,L01,0.0,0.18333696946501732,0.014,0.0019,0.0001,0.0,-1,0,0.1
42,269,Alerta,Alerta: Conversa prolongada em rodovia,L01,0.0,0.18333696946501732,0.0135,0.0019,0.0001,0.0,-1,0,0.1
42,270,Alerta,Alerta: Conversa prolongada em rodovia,L01,0.0,0.18333696946501732,0.0163,0.0019,0.0001,0.0,-1,0,0.1
42,271,Alerta,Alerta: Conversa prolongada em rodovia,L01,0.0,0.18333696946501732,0.223,0.0126,0.0001,0.0417,70,1,0.1
42,272,Alerta,Alerta: Conversa prolongada em rodovia,L01,0.0,0.18333696946501732,0.0124,0.0018,0.0001,0.0,-1,0,0.1
42,273,Alerta,Alerta: Conversa prolongada em rodovia,L01,0.0,0.18333696946501732,0.0157,0.0021,0.0001,0.0,-1,0,0.1
42,274,Alerta,Alerta: Conversa prolongada em rodovia,L01,0.0,0.18333696946501732,0.014,0.0019,0.0001,0.0,-1,0,0.1
42,275,Alerta,Alerta: Conversa prolongada em rodovia,L01,0.0,0.18333696946501732,0.0117,0.0018,0.0001,0.0,-1,0,0.1
42,276,Alerta,Alerta: Conversa prolongada em rodovia,L01,0.0,0.18333696946501732,0.013,0.0018,0.0001,0.0,-1,0,0.1
42,277,Alerta,Alerta: Conversa prolongada em rodovia,L01,0.0,0.18333696946501732,0.8894,0.1783,0.0001,0.2396,49,1,0.1
42,278,Alerta,Alerta: Conversa prolongada em rodovia,L01,0.0,0.18333696946501732,0.0114,0.0018,0.0001,0.0,-1,0,0.1
42,279,Alerta,Alerta: Conversa prolongada em rodovia,L01,0.0,0.18333696946501732,0.0175,0.002,0.0001,0.0,-1,0,0.1
42,280,Alerta,Alerta: Conversa prolongada em rodovia,L01,0.0,0.18333696946501732,0.0118,0.0018,0.0001,0.0,-1,0,0.1
42,281,Alerta,Alerta: Conversa prolongada em rodovia,L01,0.0,0.18333696946501732,0.0153,0.002,0.0001,0.0,-1,0,0.1
42,282,Alerta,Alerta: Conversa prolongada em rodovia,L01,0.0,0.18333696946501732,0.0134,0.0018,0.0001,0.0,-1,0,0.1
42,283,Alerta,Alerta: Conversa prolongada em rodovia,L01,0.0,0.18333696946501732,0.2788,0.0207,0.0,0.0625,49,1,0.1
42,284,Alerta,Alerta: Conversa prolongada em rodovia,L01,0.0,0.18333696946501732,0.0122,0.0017,0.0001,0.0,-1,0,0.1
42,285,Alerta,Alerta: Conversa prolongada em rodovia,L01,0.0,0.18333696946501732,0.0168,0.002,0.0001,0.0,-1,0,0.1
42,286,Alerta,Alerta: Conversa prolongada em rodovia,L01,0.0,0.18333696946501732,0.0206,0.0022,0.0001,0.0,-1,0,0.1
42,287,Alerta,Alerta: Conversa prolongada em rodovia,L01,0.0,0.18333696946501732,0.0105,0.0017,0.0001,0.0,-1,0,0.1
42,288,Alerta,Alerta: Conversa prolongada em rodovia,L01,0.0,0.18333696946501732,0.0178,0.002,0.0001,0.0,-1,0,0.1
42,289,Alerta,Alerta: Conversa prolongada em rodovia,L01,0.0,0.18333696946501732,0.0108,0.0017,0.0001,0.0,-1,0,0.1
42,290,Alerta,Alerta: Conversa prolongada em rodovia,L01,0.0,0.18333696946501732,0.0133,0.0018,0.0001,0.0,-1,0,0.1
42,291,Alerta,Alerta: Conversa prolongada em rodovia,L01,0.0,0.18333696946501732,0.0159,0.002,0.0001,0.0,-1,0,0.1
42,292,Alerta,Alerta: Conversa prolongada em rodovia,L01,0.0,0.18333696946501732,0.0143,0.0019,0.0001,0.0,-1,0,0.1
42,293,Alerta,Alerta: Conversa prolongada em rodovia,L01,0.0,0.18333696946501732,0.0118,0.0018,0.0001,0.0,-1,0,0.1
42,294,Alerta,Alerta: Conversa prolongada em rodovia,L01,0.0,0.18333696946501732,0.0082,0.0015,0.0001,0.0,-1,0,0.1
42,295,Alerta,Alerta: Conversa prolongada em rodovia,L01,0.0,0.18333696946501732,0.0148,0.0019,0.0001,0.0,-1,0,0.1
42,296,Alerta,Alerta: Conversa prolongada em rodovia,L01,0.0,0.18333696946501732,0.0129,0.0018,0.0001,0.0,-1,0,0.1
42,297,Alerta,Alerta: Conversa prolongada em rodovia,L01,0.0,0.18333696946501732,0.0124,0.0018,0.0001,0.0,-1,0,0.1
42,298,Alerta,Alerta: Conversa prolongada em rodovia,L01,0.0,0.18333696946501732,0.0127,0.0018,0.0001,0.0,-1,0,0.1
42,299,Alerta,Alerta: Conversa prolongada em rodovia,L01,0.0,0.18333696946501732,0.0104,0.0017,0.0001,0.0,-1,0,0.1
42,300,Alerta,Alerta: Conversa prolongada em rodovia,L01,0.0,0.18333696946501732,0.0127,0.0018,0.0001,0.0,-1,0,0.1
42,301,Alerta,Alerta: Conversa prolongada em rodovia,L01,0.0,0.18333696946501732,0.0142,0.0019,0.0001,0.0,-1,0,0.1
42,302,Alerta,Alerta: Conversa prolongada em rodovia,L01,0.0,0.18333696946501732,0.0152,0.0024,0.0001,0.0,-1,0,0.1
42,303,Alerta,Alerta: Conversa prolongada em rodovia,L01,0.0,0.18333696946501732,0.0123,0.0018,0.0001,0.0,-1,0,0.1
42,304,Alerta,Alerta: Conversa prolongada em rodovia,L01,0.0,0.18333696946501732,0.013,0.0018,0.0001,0.0,-1,0,0.1
42,305,Alerta,Alerta: Conversa prolongada em rodovia,L01,0.0,0.18333696946501732,0.014,0.0018,0.0001,0.0,-1,0,0.1
42,306,Alerta,Alerta: Conversa prolongada em rodovia,L01,0.0,0.18333696946501732,0.0195,0.0021,0.0001,0.0,-1,0,0.1
42,307,Alerta,Alerta: Conversa prolongada em rodovia,L01,0.0,0.18333696946501732,0.0121,0.0018,0.0001,0.0,-1,0,0.1
42,308,Alerta,Alerta: Conversa prolongada em rodovia,L01,0.0,0.18333696946501732,0.0144,0.002,0.0001,0.0,-1,0,0.1
42,309,Alerta,Alerta: Conversa prolongada em rodovia,L01,0.0,0.18333696946501732,0.0411,0.005,0.0001,0.0,-1,0,0.1
42,310,Alerta,Alerta: Conversa prolongada em rodovia,L01,0.0,0.18333696946501732,0.0118,0.0017,0.0001,0.0,-1,0,0.1
42,311,Alerta,Alerta: Conversa prolongada em rodovia,L01,0.0,0.18333696946501732,0.0119,0.0017,0.0001,0.0,-1,0,0.1
42,312,Alerta,Alerta: Conversa prolongada em rodovia,L01,0.0,0.18333696946501732,0.0115,0.0017,0.0001,0.0,-1,0,0.1
42,313,Alerta,Alerta: Conversa prolongada em rodovia,L01,0.0,0.18333696946501732,0.0117,0.0018,0.0001,0.0,-1,0,0.1
42,314,Alerta,Alerta: Conversa prolongada em rodovia,L01,0.0,0.18333696946501732,0.0129,0.0018,0.0001,0.0,-1,0,0.1
42,315,Alerta,Alerta: Conversa prolongada em rodovia,L01,0.0,0.18333696946501732,0.0116,0.0017,0.0001,0.0,-1,0,0.1
42,316,Alerta,Alerta: Conversa prolongada em rodovia,L01,0.0,0.18333696946501732,0.0219,0.0024,0.0001,0.0,-1,0,0.1
42,317,Alerta,Alerta: Conversa prolongada em rodovia,L01,0.0,0.18333696946501732,0.0168,0.002,0.0001,0.0,-1,0,0.1
42,318,Alerta,Alerta: Conversa prolongada em rodovia,L01,0.0,0.18333696946501732,0.0169,0.002,0.0001,0.0,-1,0,0.1
42,319,Alerta,Alerta: Conversa prolongada em rodovia,L01,0.0,0.18333696946501732,0.011,0.0017,0.0001,0.0,-1,0,0.1
42,320,Alerta,Alerta: Ajuste de radio em velocidade moderada,L02,0.0,0.2512239456176758,0.0652,0.0075,0.0001,0.0,-1,0,0.1
42,321,Alerta,Alerta: Ajuste de radio em velocidade moderada,L02,0.0,0.2512239456176758,0.3279,0.0202,0.0001,0.0417,58,1,0.1
42,322,Alerta,Alerta: Ajuste de radio em velocidade moderada,L02,0.0,0.2512239456176758,0.0832,0.0081,0.0001,0.0,-1,0,0.1
42,323,Alerta,Alerta: Ajuste de radio em velocidade moderada,L02,0.0,0.2512239456176758,0.06,0.0058,0.0001,0.0,-1,0,0.1
42,324,Alerta,Alerta: Ajuste de radio em velocidade moderada,L02,0.0,0.2512239456176758,0.0611,0.0062,0.0001,0.0,-1,0,0.1
42,325,Alerta,Alerta: Ajuste de radio em velocidade moderada,L02,0.0,0.2512239456176758,0.0784,0.0096,0.0006,0.0,-1,0,0.1
42,326,Alerta,Alerta: Ajuste de radio em velocidade moderada,L02,0.0,0.2512239456176758,0.3368,0.0214,0.0001,0.0521,58,1,0.1
42,327,Alerta,Alerta: Ajuste de radio em velocidade moderada,L02,0.0,0.2512239456176758,0.102,0.0117,0.0002,0.0104,-1,0,0.1
42,328,Alerta,Alerta: Ajuste de radio em velocidade moderada,L02,0.0,0.2512239456176758,0.064,0.0067,0.0001,0.0,-1,0,0.1
42,329,Alerta,Alerta: Ajuste de radio em velocidade moderada,L02,0.0,0.2512239456176758,0.0644,0.0068,0.0001,0.0,-1,0,0.1
42,330,Alerta,Alerta: Ajuste de radio em velocidade moderada,L02,0.0,0.2512239456176758,0.0629,0.0055,0.0001,0.0,-1,0,0.1
42,331,Alerta,Alerta: Ajuste de radio em velocidade moderada,L02,0.0,0.2512239456176758,0.3082,0.0205,0.0001,0.0521,57,1,0.1
42,332,Alerta,Alerta: Ajuste de radio em velocidade moderada,L02,0.0,0.2512239456176758,0.1069,0.0113,0.0001,0.0104,-1,0,0.1
42,333,Alerta,Alerta: Ajuste de radio em velocidade moderada,L02,0.0,0.2512239456176758,0.2992,0.0203,0.0001,0.0521,58,1,0.1
42,334,Alerta,Alerta: Ajuste de radio em velocidade moderada,L02,0.0,0.2512239456176758,0.0655,0.0069,0.0002,0.0,-1,0,0.1
42,335,Alerta,Alerta: Ajuste de radio em velocidade moderada,L02,0.0,0.2512239456176758,0.1426,0.014,0.0001,0.0312,58,1,0.1
42,336,Alerta,Alerta: Ajuste de radio em velocidade moderada,L02,0.0,0.2512239456176758,0.0716,0.0069,0.0001,0.0,-1,0,0.1
42,337,Alerta,Alerta: Ajuste de radio em velocidade moderada,L02,0.0,0.2512239456176758,0.0852,0.0081,0.0001,0.0,-1,0,0.1
42,338,Alerta,Alerta: Ajuste de radio em velocidade moderada,L02,0.0,0.2512239456176758,0.0639,0.0071,0.0001,0.0,-1,0,0.1
42,339,Alerta,Alerta: Ajuste de radio em velocidade moderada,L02,0.0,0.2512239456176758,0.8944,0.073,0.0001,0.0938,57,1,0.1
42,340,Alerta,Alerta: Ajuste de radio em velocidade moderada,L02,0.0,0.2512239456176758,0.063,0.0057,0.0001,0.0,-1,0,0.1
42,341,Alerta,Alerta: Ajuste de radio em velocidade moderada,L02,0.0,0.2512239456176758,0.1432,0.0118,0.0001,0.0208,-1,0,0.1
42,342,Alerta,Alerta: Ajuste de radio em velocidade moderada,L02,0.0,0.2512239456176758,0.106,0.0105,0.0001,0.0104,-1,0,0.1
42,343,Alerta,Alerta: Ajuste de radio em velocidade moderada,L02,0.0,0.2512239456176758,0.0894,0.0069,0.0001,0.0,-1,0,0.1
42,344,Alerta,Alerta: Ajuste de radio em velocidade moderada,L02,0.0,0.2512239456176758,0.6079,0.033,0.0001,0.0625,58,1,0.1
42,345,Alerta,Alerta: Ajuste de radio em velocidade moderada,L02,0.0,0.2512239456176758,0.905,0.0899,0.001,0.1146,57,1,0.1
42,346,Alerta,Alerta: Ajuste de radio em velocidade moderada,L02,0.0,0.2512239456176758,0.0824,0.0142,0.0465,0.0,-1,0,0.1
42,347,Alerta,Alerta: Ajuste de radio em velocidade moderada,L02,0.0,0.2512239456176758,0.0505,0.0057,0.0001,0.0,-1,0,0.1
42,348,Alerta,Alerta: Ajuste de radio em velocidade moderada,L02,0.0,0.2512239456176758,0.1083,0.0103,0.0001,0.0104,-1,0,0.1
42,349,Alerta,Alerta: Ajuste de radio em velocidade moderada,L02,0.0,0.2512239456176758,0.0922,0.0118,0.0001,0.0,-1,0,0.1
42,350,Alerta,Alerta: Ajuste de radio em velocidade moderada,L02,0.0,0.2512239456176758,0.1315,0.0148,0.0001,0.0312,60,1,0.1
42,351,Alerta,Alerta: Ajuste de radio em velocidade moderada,L02,0.0,0.2512239456176758,0.9297,0.0692,0.1063,0.1667,80,1,0.1
42,352,Alerta,Alerta: Ajuste de radio em velocidade moderada,L02,0.0,0.2512239456176758,0.0801,0.0091,0.0002,0.0,-1,0,0.1
42,353,Alerta,Alerta: Ajuste de radio em velocidade moderada,L02,0.0,0.2512239456176758,0.0798,0.0071,0.0001,0.0,-1,0,0.1
42,354,Alerta,Alerta: Ajuste de radio em velocidade moderada,L02,0.0,0.2512239456176758,0.0986,0.0087,0.0001,0.0,-1,0,0.1
42,355,Alerta,Alerta: Ajuste de radio em velocidade moderada,L02,0.0,0.2512239456176758,0.0805,0.0082,0.0001,0.0,-1,0,0.1
42,356,Alerta,Alerta: Ajuste de radio em velocidade moderada,L02,0.0,0.2512239456176758,0.0915,0.0073,0.0001,0.0,-1,0,0.1
42,357,Alerta,Alerta: Ajuste de radio em velocidade moderada,L02,0.0,0.2512239456176758,0.1293,0.0125,0.0001,0.0312,58,1,0.1
42,358,Alerta,Alerta: Ajuste de radio em velocidade moderada,L02,0.0,0.2512239456176758,0.0692,0.0062,0.0001,0.0,-1,0,0.1
42,359,Alerta,Alerta: Ajuste de radio em velocidade moderada,L02,0.0,0.2512239456176758,0.0712,0.0074,0.0002,0.0,-1,0,0.1
42,360,Alerta,Alerta: Ajuste de radio em velocidade moderada,L02,0.0,0.2512239456176758,0.1117,0.0088,0.0001,0.0104,-1,0,0.1
42,361,Alerta,Alerta: Ajuste de radio em velocidade moderada,L02,0.0,0.2512239456176758,0.0687,0.007,0.0001,0.0,-1,0,0.1
42,362,Alerta,Alerta: Ajuste de radio em velocidade moderada,L02,0.0,0.2512239456176758,0.0896,0.0111,0.0325,0.0,-1,0,0.1
42,363,Alerta,Alerta: Ajuste de radio em velocidade moderada,L02,0.0,0.2512239456176758,0.1025,0.0092,0.0001,0.0104,-1,0,0.1
42,364,Alerta,Alerta: Ajuste de radio em velocidade moderada,L02,0.0,0.2512239456176758,0.0762,0.0097,0.0001,0.0,-1,0,0.1
42,365,Alerta,Alerta: Ajuste de radio em velocidade moderada,L02,0.0,0.2512239456176758,0.9034,0.0792,0.0001,0.1042,57,1,0.1
42,366,Alerta,Alerta: Ajuste de radio em velocidade moderada,L02,0.0,0.2512239456176758,0.24,0.0174,0.0001,0.0521,57,1,0.1
42,367,Alerta,Alerta: Ajuste de radio em velocidade moderada,L02,0.0,0.2512239456176758,0.0954,0.0096,0.0001,0.0,-1,0,0.1
42,368,Alerta,Alerta: Ajuste de radio em velocidade moderada,L02,0.0,0.2512239456176758,0.0823,0.0077,0.0001,0.0,-1,0,0.1
42,369,Alerta,Alerta: Ajuste de radio em velocidade moderada,L02,0.0,0.2512239456176758,0.0966,0.0094,0.0001,0.0,-1,0,0.1
42,370,Alerta,Alerta: Ajuste de radio em velocidade moderada,L02,0.0,0.2512239456176758,0.2343,0.0179,0.0001,0.0521,58,1,0.1
42,371,Alerta,Alerta: Ajuste de radio em velocidade moderada,L02,0.0,0.2512239456176758,0.099,0.0117,0.0337,0.0,-1,0,0.1
42,372,Alerta,Alerta: Ajuste de radio em velocidade moderada,L02,0.0,0.2512239456176758,0.0786,0.0081,0.0001,0.0,-1,0,0.1
42,373,Alerta,Alerta: Ajuste de radio em velocidade moderada,L02,0.0,0.2512239456176758,0.1189,0.0113,0.0001,0.0208,-1,0,0.1
42,374,Alerta,Alerta: Ajuste de radio em velocidade moderada,L02,0.0,0.2512239456176758,0.0835,0.0103,0.0118,0.0,-1,0,0.1
42,375,Alerta,Alerta: Ajuste de radio em velocidade moderada,L02,0.0,0.2512239456176758,0.0596,0.0063,0.0001,0.0,-1,0,0.1
42,376,Alerta,Alerta: Ajuste de radio em velocidade moderada,L02,0.0,0.2512239456176758,0.5649,0.03,0.0001,0.0625,57,1,0.1
42,377,Alerta,Alerta: Ajuste de radio em velocidade moderada,L02,0.0,0.2512239456176758,0.078,0.0112,0.0021,0.0,-1,0,0.1
42,378,Alerta,Alerta: Ajuste de radio em velocidade moderada,L02,0.0,0.2512239456176758,0.904,0.0925,0.0638,0.1771,57,1,0.1
42,379,Alerta,Alerta: Ajuste de radio em velocidade moderada,L02,0.0,0.2512239456176758,0.0564,0.0056,0.0001,0.0,-1,0,0.1
42,380,Alerta,Alerta: Ajuste de radio em velocidade moderada,L02,0.0,0.2512239456176758,0.0524,0.0053,0.0001,0.0,-1,0,0.1
42,381,Alerta,Alerta: Ajuste de radio em velocidade moderada,L02,0.0,0.2512239456176758,0.0733,0.0071,0.0001,0.0,-1,0,0.1
42,382,Alerta,Alerta: Ajuste de radio em velocidade moderada,L02,0.0,0.2512239456176758,0.105,0.0101,0.0001,0.0104,-1,0,0.1
42,383,Alerta,Alerta: Ajuste de radio em velocidade moderada,L02,0.0,0.2512239456176758,0.1556,0.0181,0.0005,0.0521,58,1,0.1
42,384,Alerta,Alerta: Ajuste de radio em velocidade moderada,L02,0.0,0.2512239456176758,0.7514,0.0399,0.0001,0.0625,57,1,0.1
42,385,Alerta,Alerta: Ajuste de radio em velocidade moderada,L02,0.0,0.2512239456176758,0.0581,0.0056,0.0001,0.0,-1,0,0.1
42,386,Alerta,Alerta: Ajuste de radio em velocidade moderada,L02,0.0,0.2512239456176758,0.1487,0.0121,0.0001,0.0312,57,1,0.1
42,387,Alerta,Alerta: Ajuste de radio em velocidade moderada,L02,0.0,0.2512239456176758,0.0685,0.0067,0.0001,0.0,-1,0,0.1
42,388,Alerta,Alerta: Ajuste de radio em velocidade moderada,L02,0.0,0.2512239456176758,0.1615,0.0159,0.0001,0.0417,58,1,0.1
42,389,Alerta,Alerta: Ajuste de radio em velocidade moderada,L02,0.0,0.2512239456176758,0.0742,0.0088,0.0001,0.0,-1,0,0.1
42,390,Alerta,Alerta: Ajuste de radio em velocidade moderada,L02,0.0,0.2512239456176758,0.0949,0.0099,0.0001,0.0,-1,0,0.1
42,391,Alerta,Alerta: Ajuste de radio em velocidade moderada,L02,0.0,0.2512239456176758,0.0692,0.0086,0.0001,0.0,-1,0,0.1
42,392,Alerta,Alerta: Ajuste de radio em velocidade moderada,L02,0.0,0.2512239456176758,0.0952,0.0082,0.0001,0.0,-1,0,0.1
42,393,Alerta,Alerta: Ajuste de radio em velocidade moderada,L02,0.0,0.2512239456176758,0.0932,0.0092,0.0001,0.0,-1,0,0.1
42,394,Alerta,Alerta: Ajuste de radio em velocidade moderada,L02,0.0,0.2512239456176758,0.3089,0.0198,0.0001,0.0417,58,1,0.1
42,395,Alerta,Alerta: Ajuste de radio em velocidade moderada,L02,0.0,0.2512239456176758,0.1153,0.0113,0.0001,0.0104,-1,0,0.1
42,396,Alerta,Alerta: Ajuste de radio em velocidade moderada,L02,0.0,0.2512239456176758,0.3141,0.0233,0.0182,0.0417,58,1,0.1
42,397,Alerta,Alerta: Ajuste de radio em velocidade moderada,L02,0.0,0.2512239456176758,0.0828,0.0092,0.0001,0.0,-1,0,0.1
42,398,Alerta,Alerta: Ajuste de radio em velocidade moderada,L02,0.0,0.2512239456176758,0.0511,0.006,0.0001,0.0,-1,0,0.1
42,399,Alerta,Alerta: Ajuste de radio em velocidade moderada,L02,0.0,0.2512239456176758,0.1094,0.0106,0.0001,0.0104,-1,0,0.1
42,400,Alerta,Alerta: Bebendo em trecho urbano lento,L03,0.0,0.18405227661132811,0.9233,0.1046,0.0001,0.2188,63,1,0.1
42,401,Alerta,Alerta: Bebendo em trecho urbano lento,L03,0.0,0.18405227661132811,0.9274,0.1022,0.0001,0.2083,64,1,0.1
42,402,Alerta,Alerta: Bebendo em trecho urbano lento,L03,0.0,0.18405227661132811,0.9218,0.105,0.0001,0.2188,63,1,0.1
42,403,Alerta,Alerta: Bebendo em trecho urbano lento,L03,0.0,0.18405227661132811,0.963,0.1532,0.02,0.2812,62,1,0.1
42,404,Alerta,Alerta: Bebendo em trecho urbano lento,L03,0.0,0.18405227661132811,0.9727,0.1504,0.1173,0.2708,63,1,0.1
42,405,Alerta,Alerta: Bebendo em trecho urbano lento,L03,0.0,0.18405227661132811,0.9249,0.0997,0.0001,0.2083,63,1,0.1
42,406,Alerta,Alerta: Bebendo em trecho urbano lento,L03,0.0,0.18405227661132811,0.9348,0.1054,0.0001,0.2083,63,1,0.1
42,407,Alerta,Alerta: Bebendo em trecho urbano lento,L03,0.0,0.18405227661132811,0.9309,0.0995,0.0001,0.2083,63,1,0.1
42,408,Alerta,Alerta: Bebendo em trecho urbano lento,L03,0.0,0.18405227661132811,0.9229,0.1021,0.0001,0.2188,63,1,0.1
42,409,Alerta,Alerta: Bebendo em trecho urbano lento,L03,0.0,0.18405227661132811,0.9323,0.0971,0.0001,0.1979,63,1,0.1
42,410,Alerta,Alerta: Bebendo em trecho urbano lento,L03,0.0,0.18405227661132811,0.9331,0.1036,0.0001,0.2083,63,1,0.1
42,411,Alerta,Alerta: Bebendo em trecho urbano lento,L03,0.0,0.18405227661132811,0.9664,0.1573,0.145,0.3021,64,1,0.1
42,412,Alerta,Alerta: Bebendo em trecho urbano lento,L03,0.0,0.18405227661132811,0.811,0.0822,0.0001,0.1771,63,1,0.1
42,413,Alerta,Alerta: Bebendo em trecho urbano lento,L03,0.0,0.18405227661132811,0.9444,0.1012,0.0001,0.1979,63,1,0.1
42,414,Alerta,Alerta: Bebendo em trecho urbano lento,L03,0.0,0.18405227661132811,0.9217,0.1032,0.0001,0.2188,63,1,0.1
42,415,Alerta,Alerta: Bebendo em trecho urbano lento,L03,0.0,0.18405227661132811,0.9302,0.0984,0.0001,0.1979,63,1,0.1
42,416,Alerta,Alerta: Bebendo em trecho urbano lento,L03,0.0,0.18405227661132811,0.9449,0.1021,0.0001,0.1979,63,1,0.1
42,417,Alerta,Alerta: Bebendo em trecho urbano lento,L03,0.0,0.18405227661132811,0.9167,0.1013,0.0001,0.2188,63,1,0.1
42,418,Alerta,Alerta: Bebendo em trecho urbano lento,L03,0.0,0.18405227661132811,0.9712,0.1486,0.038,0.2396,63,1,0.1
42,419,Alerta,Alerta: Bebendo em trecho urbano lento,L03,0.0,0.18405227661132811,0.9419,0.1028,0.0001,0.1979,60,1,0.1
42,420,Alerta,Alerta: Bebendo em trecho urbano lento,L03,0.0,0.18405227661132811,0.9276,0.1043,0.0001,0.2083,64,1,0.1
42,421,Alerta,Alerta: Bebendo em trecho urbano lento,L03,0.0,0.18405227661132811,0.9271,0.1141,0.0001,0.25,64,1,0.1
42,422,Alerta,Alerta: Bebendo em trecho urbano lento,L03,0.0,0.18405227661132811,0.9183,0.1042,0.0001,0.2188,63,1,0.1
42,423,Alerta,Alerta: Bebendo em trecho urbano lento,L03,0.0,0.18405227661132811,0.9142,0.1176,0.004,0.2604,64,1,0.1
42,424,Alerta,Alerta: Bebendo em trecho urbano lento,L03,0.0,0.18405227661132811,0.9376,0.1172,0.0001,0.25,64,1,0.1
42,425,Alerta,Alerta: Bebendo em trecho urbano lento,L03,0.0,0.18405227661132811,0.9011,0.1004,0.0001,0.2188,64,1,0.1
42,426,Alerta,Alerta: Bebendo em trecho urbano lento,L03,0.0,0.18405227661132811,0.9375,0.0993,0.0001,0.1979,63,1,0.1
42,427,Alerta,Alerta: Bebendo em trecho urbano lento,L03,0.0,0.18405227661132811,0.9448,0.1184,0.0001,0.2604,63,1,0.1
42,428,Alerta,Alerta: Bebendo em trecho urbano lento,L03,0.0,0.18405227661132811,0.9121,0.0967,0.0001,0.1979,63,1,0.1
42,429,Alerta,Alerta: Bebendo em trecho urbano lento,L03,0.0,0.18405227661132811,0.9391,0.1064,0.0001,0.2083,63,1,0.1
42,430,Alerta,Alerta: Bebendo em trecho urbano lento,L03,0.0,0.18405227661132811,0.874,0.1173,0.0087,0.2708,60,1,0.1
42,431,Alerta,Alerta: Bebendo em trecho urbano lento,L03,0.0,0.18405227661132811,0.9246,0.104,0.0001,0.2188,63,1,0.1
42,432,Alerta,Alerta: Bebendo em trecho urbano lento,L03,0.0,0.18405227661132811,0.9008,0.099,0.0001,0.1979,64,1,0.1
42,433,Alerta,Alerta: Bebendo em trecho urbano lento,L03,0.0,0.18405227661132811,0.9527,0.1978,0.1135,0.3125,64,1,0.1
42,434,Alerta,Alerta: Bebendo em trecho urbano lento,L03,0.0,0.18405227661132811,0.9226,0.1053,0.0001,0.2188,64,1,0.1
42,435,Alerta,Alerta: Bebendo em trecho urbano lento,L03,0.0,0.18405227661132811,0.9264,0.1096,0.0001,0.2604,63,1,0.1
42,436,Alerta,Alerta: Bebendo em trecho urbano lento,L03,0.0,0.18405227661132811,0.9335,0.1023,0.0001,0.2188,63,1,0.1
42,437,Alerta,Alerta: Bebendo em trecho urbano lento,L03,0.0,0.18405227661132811,0.9553,0.1854,0.0867,0.3021,64,1,0.1
42,438,Alerta,Alerta: Bebendo em trecho urbano lento,L03,0.0,0.18405227661132811,0.9672,0.187,0.5744,0.3125,60,1,0.1
42,439,Alerta,Alerta: Bebendo em trecho urbano lento,L03,0.0,0.18405227661132811,0.9223,0.1052,0.0001,0.2188,63,1,0.1
42,440,Alerta,Alerta: Bebendo em trecho urbano lento,L03,0.0,0.18405227661132811,0.9376,0.1163,0.0001,0.2604,63,1,0.1
42,441,Alerta,Alerta: Bebendo em trecho urbano lento,L03,0.0,0.18405227661132811,0.9308,0.1018,0.0001,0.2083,63,1,0.1
42,442,Alerta,Alerta: Bebendo em trecho urbano lento,L03,0.0,0.18405227661132811,0.9352,0.1003,0.0001,0.1979,63,1,0.1
42,443,Alerta,Alerta: Bebendo em trecho urbano lento,L03,0.0,0.18405227661132811,0.9588,0.2061,0.2385,0.3333,64,1,0.1
42,444,Alerta,Alerta: Bebendo em trecho urbano lento,L03,0.0,0.18405227661132811,0.9322,0.1003,0.0001,0.1979,63,1,0.1
42,445,Alerta,Alerta: Bebendo em trecho urbano lento,L03,0.0,0.18405227661132811,0.9161,0.1094,0.0001,0.25,63,1,0.1
42,446,Alerta,Alerta: Bebendo em trecho urbano lento,L03,0.0,0.18405227661132811,0.9222,0.1104,0.0001,0.2188,62,1,0.1
42,447,Alerta,Alerta: Bebendo em trecho urbano lento,L03,0.0,0.18405227661132811,0.9652,0.1522,0.0246,0.2812,63,1,0.1
42,448,Alerta,Alerta: Bebendo em trecho urbano lento,L03,0.0,0.18405227661132811,0.9337,0.1044,0.0001,0.2083,62,1,0.1
42,449,Alerta,Alerta: Bebendo em trecho urbano lento,L03,0.0,0.18405227661132811,0.9032,0.095,0.0001,0.1667,59,1,0.1
42,450,Alerta,Alerta: Bebendo em trecho urbano lento,L03,0.0,0.18405227661132811,0.9358,0.1077,0.0001,0.2188,63,1,0.1
42,451,Alerta,Alerta: Bebendo em trecho urbano lento,L03,0.0,0.18405227661132811,0.9156,0.0917,0.0001,0.1667,63,1,0.1
42,452,Alerta,Alerta: Bebendo em trecho urbano lento,L03,0.0,0.18405227661132811,0.4557,0.0582,0.0001,0.1771,56,1,0.1
42,453,Alerta,Alerta: Bebendo em trecho urbano lento,L03,0.0,0.18405227661132811,0.8915,0.1008,0.0001,0.2188,64,1,0.1
42,454,Alerta,Alerta: Bebendo em trecho urbano lento,L03,0.0,0.18405227661132811,0.9427,0.1067,0.0001,0.2188,63,1,0.1
42,455,Alerta,Alerta: Bebendo em trecho urbano lento,L03,0.0,0.18405227661132811,0.9273,0.1067,0.0001,0.2292,63,1,0.1
42,456,Alerta,Alerta: Bebendo em trecho urbano lento,L03,0.0,0.18405227661132811,0.9208,0.0967,0.0001,0.1979,63,1,0.1
42,457,Alerta,Alerta: Bebendo em trecho urbano lento,L03,0.0,0.18405227661132811,0.9081,0.101,0.0001,0.2083,63,1,0.1
42,458,Alerta,Alerta: Bebendo em trecho urbano lento,L03,0.0,0.18405227661132811,0.911,0.0981,0.0001,0.2188,63,1,0.1
42,459,Alerta,Alerta: Bebendo em trecho urbano lento,L03,0.0,0.18405227661132811,0.9284,0.1011,0.0001,0.1979,63,1,0.1
42,460,Alerta,Alerta: Bebendo em trecho urbano lento,L03,0.0,0.18405227661132811,0.9214,0.1,0.0001,0.1979,63,1,0.1
42,461,Alerta,Alerta: Bebendo em trecho urbano lento,L03,0.0,0.18405227661132811,0.9369,0.1043,0.0001,0.2188,63,1,0.1
42,462,Alerta,Alerta: Bebendo em trecho urbano lento,L03,0.0,0.18405227661132811,0.9455,0.1086,0.0001,0.25,63,1,0.1
42,463,Alerta,Alerta: Bebendo em trecho urbano lento,L03,0.0,0.18405227661132811,0.9146,0.0998,0.0001,0.2083,63,1,0.1
42,464,Alerta,Alerta: Bebendo em trecho urbano lento,L03,0.0,0.18405227661132811,0.9384,0.1001,0.0001,0.1979,63,1,0.1
42,465,Alerta,Alerta: Bebendo em trecho urbano lento,L03,0.0,0.18405227661132811,0.9135,0.1032,0.0001,0.2188,63,1,0.1
42,466,Alerta,Alerta: Bebendo em trecho urbano lento,L03,0.0,0.18405227661132811,0.9326,0.1027,0.0001,0.2083,63,1,0.1
42,467,Alerta,Alerta: Bebendo em trecho urbano lento,L03,0.0,0.18405227661132811,0.9354,0.0993,0.0001,0.2083,63,1,0.1
42,468,Alerta,Alerta: Bebendo em trecho urbano lento,L03,0.0,0.18405227661132811,0.927,0.1055,0.0001,0.2083,64,1,0.1
42,469,Alerta,Alerta: Bebendo em trecho urbano lento,L03,0.0,0.18405227661132811,0.9078,0.1002,0.0001,0.1979,63,1,0.1
42,470,Alerta,Alerta: Bebendo em trecho urbano lento,L03,0.0,0.18405227661132811,0.9315,0.1037,0.0001,0.2188,63,1,0.1
42,471,Alerta,Alerta: Bebendo em trecho urbano lento,L03,0.0,0.18405227661132811,0.9069,0.1031,0.0001,0.2083,64,1,0.1
42,472,Alerta,Alerta: Bebendo em trecho urbano lento,L03,0.0,0.18405227661132811,0.918,0.1069,0.0001,0.2188,63,1,0.1
42,473,Alerta,Alerta: Bebendo em trecho urbano lento,L03,0.0,0.18405227661132811,0.9651,0.1758,0.1057,0.3125,65,1,0.1
42,474,Alerta,Alerta: Bebendo em trecho urbano lento,L03,0.0,0.18405227661132811,0.9179,0.0993,0.0001,0.1979,63,1,0.1
42,475,Alerta,Alerta: Bebendo em trecho urbano lento,L03,0.0,0.18405227661132811,0.9393,0.1086,0.0001,0.2292,63,1,0.1
42,476,Alerta,Alerta: Bebendo em trecho urbano lento,L03,0.0,0.18405227661132811,0.9151,0.096,0.0001,0.1979,63,1,0.1
42,477,Alerta,Alerta: Bebendo em trecho urbano lento,L03,0.0,0.18405227661132811,0.9665,0.1234,0.0031,0.2188,63,1,0.1
42,478,Alerta,Alerta: Bebendo em trecho urbano lento,L03,0.0,0.18405227661132811,0.9205,0.1021,0.0001,0.2188,63,1,0.1
42,479,Alerta,Alerta: Bebendo em trecho urbano lento,L03,0.0,0.18405227661132811,0.9208,0.1009,0.0001,0.1979,63,1,0.1
43,0,Atencao,Atencao: Conducao sob chuva forte em rodovia,A01,0.0,0.050000007078051564,0.0001,0.0001,0.0001,0.0,-1,0,0.1
43,1,Atencao,Atencao: Conducao sob chuva forte em rodovia,A01,0.0,0.050000007078051564,0.0001,0.0001,0.0001,0.0,-1,0,0.1
43,2,Atencao,Atencao: Conducao sob chuva forte em rodovia,A01,0.0,0.050000007078051564,0.0002,0.0001,0.0001,0.0,-1,0,0.1
43,3,Atencao,Atencao: Conducao sob chuva forte em rodovia,A01,0.0,0.050000007078051564,0.0001,0.0001,0.0001,0.0,-1,0,0.1
43,4,Atencao,Atencao: Conducao sob chuva forte em rodovia,A01,0.0,0.050000007078051564,0.0002,0.0001,0.0001,0.0,-1,0,0.1
43,5,Atencao,Atencao: Conducao sob chuva forte em rodovia,A01,0.0,0.050000007078051564,0.0002,0.0001,0.0001,0.0,-1,0,0.1
43,6,Atencao,Atencao: Conducao sob chuva forte em rodovia,A01,0.0,0.050000007078051564,0.0003,0.0002,0.0001,0.0,-1,0,0.1
43,7,Atencao,Atencao: Conducao sob chuva forte em rodovia,A01,0.0,0.050000007078051564,0.0001,0.0001,0.0001,0.0,-1,0,0.1
43,8,Atencao,Atencao: Conducao sob chuva forte em rodovia,A01,0.0,0.050000007078051564,0.0001,0.0001,0.0001,0.0,-1,0,0.1
43,9,Atencao,Atencao: Conducao sob chuva forte em rodovia,A01,0.0,0.050000007078051564,0.0001,0.0001,0.0001,0.0,-1,0,0.1
43,10,Atencao,Atencao: Conducao sob chuva forte em rodovia,A01,0.0,0.050000007078051564,0.0001,0.0001,0.0001,0.0,-1,0,0.1
43,11,Atencao,Atencao: Conducao sob chuva forte em rodovia,A01,0.0,0.050000007078051564,0.0002,0.0001,0.0002,0.0,-1,0,0.1
43,12,Atencao,Atencao: Conducao sob chuva forte em rodovia,A01,0.0,0.050000007078051564,0.0003,0.0002,0.0001,0.0,-1,0,0.1
43,13,Atencao,Atencao: Conducao sob chuva forte em rodovia,A01,0.0,0.050000007078051564,0.0001,0.0001,0.0001,0.0,-1,0,0.1
43,14,Atencao,Atencao: Conducao sob chuva forte em rodovia,A01,0.0,0.050000007078051564,0.0001,0.0001,0.0001,0.0,-1,0,0.1
43,15,Atencao,Atencao: Conducao sob chuva forte em rodovia,A01,0.0,0.050000007078051564,0.0002,0.0002,0.0001,0.0,-1,0,0.1
43,16,Atencao,Atencao: Conducao sob chuva forte em rodovia,A01,0.0,0.050000007078051564,0.0001,0.0001,0.0001,0.0,-1,0,0.1
43,17,Atencao,Atencao: Conducao sob chuva forte em rodovia,A01,0.0,0.050000007078051564,0.0001,0.0001,0.0001,0.0,-1,0,0.1
43,18,Atencao,Atencao: Conducao sob chuva forte em rodovia,A01,0.0,0.050000007078051564,0.0002,0.0002,0.0001,0.0,-1,0,0.1
43,19,Atencao,Atencao: Conducao sob chuva forte em rodovia,A01,0.0,0.050000007078051564,0.0001,0.0001,0.0001,0.0,-1,0,0.1
43,20,Atencao,Atencao: Conducao sob chuva forte em rodovia,A01,0.0,0.050000007078051564,0.0001,0.0001,0.0001,0.0,-1,0,0.1
43,21,Atencao,Atencao: Conducao sob chuva forte em rodovia,A01,0.0,0.050000007078051564,0.0001,0.0001,0.0001,0.0,-1,0,0.1
43,22,Atencao,Atencao: Conducao sob chuva forte em rodovia,A01,0.0,0.050000007078051564,0.0001,0.0001,0.0001,0.0,-1,0,0.1
43,23,Atencao,Atencao: Conducao sob chuva forte em rodovia,A01,0.0,0.050000007078051564,0.0001,0.0001,0.0001,0.0,-1,0,0.1
43,24,Atencao,Atencao: Conducao sob chuva forte em rodovia,A01,0.0,0.050000007078051564,0.0001,0.0001,0.0001,0.0,-1,0,0.1
43,25,Atencao,Atencao: Conducao sob chuva forte em rodovia,A01,0.0,0.050000007078051564,0.0001,0.0001,0.0001,0.0,-1,0,0.1
43,26,Atencao,Atencao: Conducao sob chuva forte em rodovia,A01,0.0,0.050000007078051564,0.0002,0.0002,0.0001,0.0,-1,0,0.1
43,27,Atencao,Atencao: Conducao sob chuva forte em rodovia,A01,0.0,0.050000007078051564,0.0003,0.0002,0.0001,0.0,-1,0,0.1
43,28,Atencao,Atencao: Conducao sob chuva forte em rodovia,A01,0.0,0.050000007078051564,0.0002,0.0001,0.0001,0.0,-1,0,0.1
43,29,Atencao,Atencao: Conducao sob chuva forte em rodovia,A01,0.0,0.050000007078051564,0.0001,0.0001,0.0001,0.0,-1,0,0.1
43,30,Atencao,Atencao: Conducao sob chuva forte em rodovia,A01,0.0,0.050000007078051564,0.0003,0.0002,0.0001,0.0,-1,0,0.1
43,31,Atencao,Atencao: Conducao sob chuva forte em rodovia,A01,0.0,0.050000007078051564,0.0001,0.0001,0.0001,0.0,-1,0,0.1
43,32,Atencao,Atencao: Conducao sob chuva forte em rodovia,A01,0.0,0.050000007078051564,0.0001,0.0001,0.0001,0.0,-1,0,0.1
43,33,Atencao,Atencao: Conducao sob chuva forte em rodovia,A01,0.0,0.050000007078051564,0.0003,0.0002,0.0001,0.0,-1,0,0.1
43,34,Atencao,Atencao: Conducao sob chuva forte em rodovia,A01,0.0,0.050000007078051564,0.0001,0.0001,0.0001,0.0,-1,0,0.1
43,35,Atencao,Atencao: Conducao sob chuva forte em rodovia,A01,0.0,0.050000007078051564,0.0003,0.0002,0.0002,0.0,-1,0,0.1
43,36,Atencao,Atencao: Conducao sob chuva forte em rodovia,A01,0.0,0.050000007078051564,0.0002,0.0001,0.0001,0.0,-1,0,0.1
43,37,Atencao,Atencao: Conducao sob chuva forte em rodovia,A01,0.0,0.050000007078051564,0.0001,0.0001,0.0001,0.0,-1,0,0.1
43,38,Atencao,Atencao: Conducao sob chuva forte em rodovia,A01,0.0,0.050000007078051564,0.0001,0.0001,0.0001,0.0,-1,0,0.1
43,39,Atencao,Atencao: Conducao sob chuva forte em rodovia,A01,0.0,0.050000007078051564,0.0001,0.0001,0.0001,0.0,-1,0,0.1
43,40,Atencao,Atencao: Conducao sob chuva forte em rodovia,A01,0.0,0.050000007078051564,0.0001,0.0001,0.0001,0.0,-1,0,0.1
43,41,Atencao,Atencao: Conducao sob chuva forte em rodovia,A01,0.0,0.050000007078051564,0.0002,0.0001,0.0002,0.0,-1,0,0.1
43,42,Atencao,Atencao: Conducao sob chuva forte em rodovia,A01,0.0,0.050000007078051564,0.0001,0.0001,0.0001,0.0,-1,0,0.1
43,43,Atencao,Atencao: Conducao sob chuva forte em rodovia,A01,0.0,0.050000007078051564,0.0001,0.0001,0.0001,0.0,-1,0,0.1
43,44,Atencao,Atencao: Conducao sob chuva forte em rodovia,A01,0.0,0.050000007078051564,0.0001,0.0001,0.0001,0.0,-1,0,0.1
43,45,Atencao,Atencao: Conducao sob chuva forte em rodovia,A01,0.0,0.050000007078051564,0.0002,0.0001,0.0001,0.0,-1,0,0.1
43,46,Atencao,Atencao: Conducao sob chuva forte em rodovia,A01,0.0,0.050000007078051564,0.0001,0.0001,0.0001,0.0,-1,0,0.1
43,47,Atencao,Atencao: Conducao sob chuva forte em rodovia,A01,0.0,0.050000007078051564,0.0002,0.0001,0.0001,0.0,-1,0,0.1
43,48,Atencao,Atencao: Conducao sob chuva forte em rodovia,A01,0.0,0.050000007078051564,0.0001,0.0001,0.0001,0.0,-1,0,0.1
43,49,Atencao,Atencao: Conducao sob chuva forte em rodovia,A01,0.0,0.050000007078051564,0.0002,0.0001,0.0001,0.0,-1,0,0.1
43,50,Atencao,Atencao: Conducao sob chuva forte em rodovia,A01,0.0,0.050000007078051564,0.0001,0.0001,0.0001,0.0,-1,0,0.1
43,51,Atencao,Atencao: Conducao sob chuva forte em rodovia,A01,0.0,0.050000007078051564,0.0003,0.0002,0.0001,0.0,-1,0,0.1
43,52,Atencao,Atencao: Conducao sob chuva forte em rodovia,A01,0.0,0.050000007078051564,0.0001,0.0001,0.0001,0.0,-1,0,0.1
43,53,Atencao,Atencao: Conducao sob chuva forte em rodovia,A01,0.0,0.050000007078051564,0.0001,0.0001,0.0001,0.0,-1,0,0.1
43,54,Atencao,Atencao: Conducao sob chuva forte em rodovia,A01,0.0,0.050000007078051564,0.0001,0.0001,0.0001,0.0,-1,0,0.1
43,55,Atencao,Atencao: Conducao sob chuva forte em rodovia,A01,0.0,0.050000007078051564,0.0001,0.0001,0.0001,0.0,-1,0,0.1
43,56,Atencao,Atencao: Conducao sob chuva forte em rodovia,A01,0.0,0.050000007078051564,0.0001,0.0001,0.0001,0.0,-1,0,0.1
43,57,Atencao,Atencao: Conducao sob chuva forte em rodovia,A01,0.0,0.050000007078051564,0.0002,0.0001,0.0001,0.0,-1,0,0.1
43,58,Atencao,Atencao: Conducao sob chuva forte em rodovia,A01,0.0,0.050000007078051564,0.0001,0.0001,0.0001,0.0,-1,0,0.1
43,59,Atencao,Atencao: Conducao sob chuva forte em rodovia,A01,0.0,0.050000007078051564,0.0002,0.0002,0.0001,0.0,-1,0,0.1
43,60,Atencao,Atencao: Conducao sob chuva forte em rodovia,A01,0.0,0.050000007078051564,0.0001,0.0001,0.0001,0.0,-1,0,0.1
43,61,Atencao,Atencao: Conducao sob chuva forte em rodovia,A01,0.0,0.050000007078051564,0.0001,0.0001,0.0001,0.0,-1,0,0.1
43,62,Atencao,Atencao: Conducao sob chuva forte em rodovia,A01,0.0,0.050000007078051564,0.0002,0.0002,0.0001,0.0,-1,0,0.1
43,63,Atencao,Atencao: Conducao sob chuva forte em rodovia,A01,0.0,0.050000007078051564,0.0001,0.0001,0.0001,0.0,-1,0,0.1
43,64,Atencao,Atencao: Conducao sob chuva forte em rodovia,A01,0.0,0.050000007078051564,0.0001,0.0001,0.0001,0.0,-1,0,0.1
43,65,Atencao,Atencao: Conducao sob chuva forte em rodovia,A01,0.0,0.050000007078051564,0.0001,0.0001,0.0001,0.0,-1,0,0.1
43,66,Atencao,Atencao: Conducao sob chuva forte em rodovia,A01,0.0,0.050000007078051564,0.0002,0.0001,0.0001,0.0,-1,0,0.1
43,67,Atencao,Atencao: Conducao sob chuva forte em rodovia,A01,0.0,0.050000007078051564,0.0001,0.0001,0.0001,0.0,-1,0,0.1
43,68,Atencao,Atencao: Conducao sob chuva forte em rodovia,A01,0.0,0.050000007078051564,0.0001,0.0001,0.0001,0.0,-1,0,0.1
43,69,Atencao,Atencao: Conducao sob chuva forte em rodovia,A01,0.0,0.050000007078051564,0.0001,0.0001,0.0001,0.0,-1,0,0.1
43,70,Atencao,Atencao: Conducao sob chuva forte em rodovia,A01,0.0,0.050000007078051564,0.0001,0.0001,0.0001,0.0,-1,0,0.1
43,71,Atencao,Atencao: Conducao sob chuva forte em rodovia,A01,0.0,0.050000007078051564,0.0002,0.0001,0.0001,0.0,-1,0,0.1
43,72,Atencao,Atencao: Conducao sob chuva forte em rodovia,A01,0.0,0.050000007078051564,0.0001,0.0001,0.0001,0.0,-1,0,0.1
43,73,Atencao,Atencao: Conducao sob chuva forte em rodovia,A01,0.0,0.050000007078051564,0.0001,0.0001,0.0001,0.0,-1,0,0.1
43,74,Atencao,Atencao: Conducao sob chuva forte em rodovia,A01,0.0,0.050000007078051564,0.0001,0.0001,0.0001,0.0,-1,0,0.1
43,75,Atencao,Atencao: Conducao sob chuva forte em rodovia,A01,0.0,0.050000007078051564,0.0001,0.0001,0.0001,0.0,-1,0,0.1
43,76,Atencao,Atencao: Conducao sob chuva forte em rodovia,A01,0.0,0.050000007078051564,0.0001,0.0001,0.0001,0.0,-1,0,0.1
43,77,Atencao,Atencao: Conducao sob chuva forte em rodovia,A01,0.0,0.050000007078051564,0.0002,0.0001,0.0001,0.0,-1,0,0.1
43,78,Atencao,Atencao: Conducao sob chuva forte em rodovia,A01,0.0,0.050000007078051564,0.0001,0.0001,0.0001,0.0,-1,0,0.1
43,79,Atencao,Atencao: Conducao sob chuva forte em rodovia,A01,0.0,0.050000007078051564,0.0001,0.0001,0.0001,0.0,-1,0,0.1
43,80,Atencao,Atencao: Trafego congestionado noturno urbano,A02,0.0,0.050000007078051564,0.9754,0.9749,0.9751,1.0,0,1,0.1
43,81,Atencao,Atencao: Trafego congestionado noturno urbano,A02,0.0,0.050000007078051564,0.9754,0.9749,0.9745,1.0,0,1,0.1
43,82,Atencao,Atencao: Trafego congestionado noturno urbano,A02,0.0,0.050000007078051564,0.9754,0.9746,0.9747,1.0,0,1,0.1
43,83,Atencao,Atencao: Trafego congestionado noturno urbano,A02,0.0,0.050000007078051564,0.9754,0.9749,0.9751,1.0,0,1,0.1
43,84,Atencao,Atencao: Trafego congestionado noturno urbano,A02,0.0,0.050000007078051564,0.9761,0.9756,0.9754,1.0,0,1,0.1
43,85,Atencao,Atencao: Trafego congestionado noturno urbano,A02,0.0,0.050000007078051564,0.9752,0.9746,0.975,1.0,0,1,0.1
43,86,Atencao,Atencao: Trafego congestionado noturno urbano,A02,0.0,0.050000007078051564,0.9758,0.9751,0.9752,1.0,0,1,0.1
43,87,Atencao,Atencao: Trafego congestionado noturno urbano,A02,0.0,0.050000007078051564,0.9779,0.9751,0.9777,1.0,0,1,0.1
43,88,Atencao,Atencao: Trafego congestionado noturno urbano,A02,0.0,0.050000007078051564,0.9778,0.9757,0.9766,1.0,0,1,0.1
43,89,Atencao,Atencao: Trafego congestionado noturno urbano,A02,0.0,0.050000007078051564,0.9757,0.975,0.9754,1.0,0,1,0.1
43,90,Atencao,Atencao: Trafego congestionado noturno urbano,A02,0.0,0.050000007078051564,0.9751,0.9747,0.9749,1.0,0,1,0.1
43,91,Atencao,Atencao: Trafego congestionado noturno urbano,A02,0.0,0.050000007078051564,0.9761,0.9754,0.9755,1.0,0,1,0.1
43,92,Atencao,Atencao: Trafego congestionado noturno urbano,A02,0.0,0.050000007078051564,0.978,0.9756,0.9748,1.0,0,1,0.1
43,93,Atencao,Atencao: Trafego congestionado noturno urbano,A02,0.0,0.050000007078051564,0.9758,0.975,0.975,1.0,0,1,0.1
43,94,Atencao,Atencao: Trafego congestionado noturno urbano,A02,0.0,0.050000007078051564,0.9757,0.9751,0.9755,1.0,0,1,0.1
43,95,Atencao,Atencao: Trafego congestionado noturno urbano,A02,0.0,0.050000007078051564,0.9758,0.975,0.9751,1.0,0,1,0.1
43,96,Atencao,Atencao: Trafego congestionado noturno urbano,A02,0.0,0.050000007078051564,0.976,0.9754,0.9752,1.0,0,1,0.1
43,97,Atencao,Atencao: Trafego congestionado noturno urbano,A02,0.0,0.050000007078051564,0.9751,0.9747,0.9748,1.0,0,1,0.1
43,98,Atencao,Atencao: Trafego congestionado noturno urbano,A02,0.0,0.050000007078051564,0.9758,0.9753,0.9754,1.0,0,1,0.1
43,99,Atencao,Atencao: Trafego congestionado noturno urbano,A02,0.0,0.050000007078051564,0.9755,0.9751,0.9749,1.0,0,1,0.1
43,100,Atencao,Atencao: Trafego congestionado noturno urbano,A02,0.0,0.050000007078051564,0.9754,0.9747,0.9748,1.0,0,1,0.1
43,101,Atencao,Atencao: Trafego congestionado noturno urbano,A02,0.0,0.050000007078051564,0.9754,0.975,0.9753,1.0,0,1,0.1
43,102,Atencao,Atencao: Trafego congestionado noturno urbano,A02,0.0,0.050000007078051564,0.978,0.9758,0.975,1.0,0,1,0.1
43,103,Atencao,Atencao: Trafego congestionado noturno urbano,A02,0.0,0.050000007078051564,0.9752,0.9748,0.9749,1.0,0,1,0.1
43,104,Atencao,Atencao: Trafego congestionado noturno urbano,A02,0.0,0.050000007078051564,0.9758,0.9753,0.9755,1.0,0,1,0.1
43,105,Atencao,Atencao: Trafego congestionado noturno urbano,A02,0.0,0.050000007078051564,0.9782,0.9755,0.974,1.0,0,1,0.1
43,106,Atencao,Atencao: Trafego congestionado noturno urbano,A02,0.0,0.050000007078051564,0.976,0.9755,0.9754,1.0,0,1,0.1
43,107,Atencao,Atencao: Trafego congestionado noturno urbano,A02,0.0,0.050000007078051564,0.9758,0.9753,0.9751,1.0,0,1,0.1
43,108,Atencao,Atencao: Trafego congestionado noturno urbano,A02,0.0,0.050000007078051564,0.9755,0.9747,0.975,1.0,0,1,0.1
43,109,Atencao,Atencao: Trafego congestionado noturno urbano,A02,0.0,0.050000007078051564,0.9755,0.9749,0.975,1.0,0,1,0.1
43,110,Atencao,Atencao: Trafego congestionado noturno urbano,A02,0.0,0.050000007078051564,0.9755,0.9747,0.9746,1.0,0,1,0.1
43,111,Atencao,Atencao: Trafego congestionado noturno urbano,A02,0.0,0.050000007078051564,0.9755,0.9746,0.9752,1.0,0,1,0.1
43,112,Atencao,Atencao: Trafego congestionado noturno urbano,A02,0.0,0.050000007078051564,0.9779,0.9756,0.9748,1.0,0,1,0.1
43,113,Atencao,Atencao: Trafego congestionado noturno urbano,A02,0.0,0.050000007078051564,0.9755,0.975,0.9748,1.0,0,1,0.1
43,114,Atencao,Atencao: Trafego congestionado noturno urbano,A02,0.0,0.050000007078051564,0.9753,0.975,0.9752,1.0,0,1,0.1
43,115,Atencao,Atencao: Trafego congestionado noturno urbano,A02,0.0,0.050000007078051564,0.9757,0.975,0.975,1.0,0,1,0.1
43,116,Atencao,Atencao: Trafego congestionado noturno urbano,A02,0.0,0.050000007078051564,0.9755,0.9751,0.975,1.0,0,1,0.1
43,117,Atencao,Atencao: Trafego congestionado noturno urbano,A02,0.0,0.050000007078051564,0.9759,0.9754,0.9753,1.0,0,1,0.1
43,118,Atencao,Atencao: Trafego congestionado noturno urbano,A02,0.0,0.050000007078051564,0.976,0.9753,0.9753,1.0,0,1,0.1
43,119,Atencao,Atencao: Trafego congestionado noturno urbano,A02,0.0,0.050000007078051564,0.9754,0.9746,0.9753,1.0,0,1,0.1
43,120,Atencao,Atencao: Trafego congestionado noturno urbano,A02,0.0,0.050000007078051564,0.9782,0.9759,0.977,1.0,0,1,0.1
43,121,Atencao,Atencao: Trafego congestionado noturno urbano,A02,0.0,0.050000007078051564,0.9755,0.975,0.975,1.0,0,1,0.1
43,122,Atencao,Atencao: Trafego congestionado noturno urbano,A02,0.0,0.050000007078051564,0.978,0.9754,0.9769,1.0,0,1,0.1
43,123,Atencao,Atencao: Trafego congestionado noturno urbano,A02,0.0,0.050000007078051564,0.9752,0.9747,0.9749,1.0,0,1,0.1
43,124,Atencao,Atencao: Trafego congestionado noturno urbano,A02,0.0,0.050000007078051564,0.9752,0.9745,0.9748,1.0,0,1,0.1
43,125,Atencao,Atencao: Trafego congestionado noturno urbano,A02,0.0,0.050000007078051564,0.9752,0.9746,0.9749,1.0,0,1,0.1
43,126,Atencao,Atencao: Trafego congestionado noturno urbano,A02,0.0,0.050000007078051564,0.9752,0.9745,0.9749,1.0,0,1,0.1
43,127,Atencao,Atencao: Trafego congestionado noturno urbano,A02,0.0,0.050000007078051564,0.9756,0.975,0.975,1.0,0,1,0.1
43,128,Atencao,Atencao: Trafego congestionado noturno urbano,A02,0.0,0.050000007078051564,0.9754,0.9749,0.9751,1.0,0,1,0.1
43,129,Atencao,Atencao: Trafego congestionado noturno urbano,A02,0.0,0.050000007078051564,0.9755,0.975,0.9752,1.0,0,1,0.1
43,130,Atencao,Atencao: Trafego congestionado noturno urbano,A02,0.0,0.050000007078051564,0.9757,0.9751,0.9754,1.0,0,1,0.1
43,131,Atencao,Atencao: Trafego congestionado noturno urbano,A02,0.0,0.050000007078051564,0.9758,0.9753,0.9755,1.0,0,1,0.1
43,132,Atencao,Atencao: Trafego congestionado noturno urbano,A02,0.0,0.050000007078051564,0.9754,0.9747,0.9752,1.0,0,1,0.1
43,133,Atencao,Atencao: Trafego congestionado noturno urbano,A02,0.0,0.050000007078051564,0.9759,0.9755,0.9754,1.0,0,1,0.1
43,134,Atencao,Atencao: Trafego congestionado noturno urbano,A02,0.0,0.050000007078051564,0.9753,0.9749,0.9749,1.0,0,1,0.1
43,135,Atencao,Atencao: Trafego congestionado noturno urbano,A02,0.0,0.050000007078051564,0.9756,0.975,0.9746,1.0,0,1,0.1
43,136,Atencao,Atencao: Trafego congestionado noturno urbano,A02,0.0,0.050000007078051564,0.9753,0.9746,0.975,1.0,0,1,0.1
43,137,Atencao,Atencao: Trafego congestionado noturno urbano,A02,0.0,0.050000007078051564,0.9752,0.9748,0.9747,1.0,0,1,0.1
43,138,Atencao,Atencao: Trafego congestionado noturno urbano,A02,0.0,0.050000007078051564,0.9751,0.9744,0.9748,1.0,0,1,0.1
43,139,Atencao,Atencao: Trafego congestionado noturno urbano,A02,0.0,0.050000007078051564,0.9751,0.9746,0.9748,1.0,0,1,0.1
43,140,Atencao,Atencao: Trafego congestionado noturno urbano,A02,0.0,0.050000007078051564,0.9759,0.9754,0.9753,1.0,0,1,0.1
43,141,Atencao,Atencao: Trafego congestionado noturno urbano,A02,0.0,0.050000007078051564,0.9778,0.9756,0.9754,1.0,0,1,0.1
43,142,Atencao,Atencao: Trafego congestionado noturno urbano,A02,0.0,0.050000007078051564,0.9756,0.9751,0.975,1.0,0,1,0.1
43,143,Atencao,Atencao: Trafego congestionado noturno urbano,A02,0.0,0.050000007078051564,0.9753,0.9744,0.9751,1.0,0,1,0.1
43,144,Atencao,Atencao: Trafego congestionado noturno urbano,A02,0.0,0.050000007078051564,0.9756,0.9752,0.9753,1.0,0,1,0.1
43,145,Atencao,Atencao: Trafego congestionado noturno urbano,A02,0.0,0.050000007078051564,0.9752,0.9747,0.9745,1.0,0,1,0.1
43,146,Atencao,Atencao: Trafego congestionado noturno urbano,A02,0.0,0.050000007078051564,0.9754,0.9748,0.9748,1.0,0,1,0.1
43,147,Atencao,Atencao: Trafego congestionado noturno urbano,A02,0.0,0.050000007078051564,0.9752,0.9746,0.9746,1.0,0,1,0.1
43,148,Atencao,Atencao: Trafego congestionado noturno urbano,A02,0.0,0.050000007078051564,0.9754,0.9748,0.9748,1.0,0,1,0.1
43,149,Atencao,Atencao: Trafego congestionado noturno urbano,A02,0.0,0.050000007078051564,0.9752,0.9746,0.9748,1.0,0,1,0.1
43,150,Atencao,Atencao: Trafego congestionado noturno urbano,A02,0.0,0.050000007078051564,0.9754,0.9748,0.975,1.0,0,1,0.1
43,151,Atencao,Atencao: Trafego congestionado noturno urbano,A02,0.0,0.050000007078051564,0.9778,0.9757,0.9769,1.0,0,1,0.1
43,152,Atencao,Atencao: Trafego congestionado noturno urbano,A02,0.0,0.050000007078051564,0.9756,0.9749,0.975,1.0,0,1,0.1
43,153,Atencao,Atencao: Trafego congestionado noturno urbano,A02,0.0,0.050000007078051564,0.9753,0.9746,0.9745,1.0,0,1,0.1
43,154,Atencao,Atencao: Trafego congestionado noturno urbano,A02,0.0,0.050000007078051564,0.975,0.9746,0.9745,1.0,0,1,0.1
43,155,Atencao,Atencao: Trafego congestionado noturno urbano,A02,0.0,0.050000007078051564,0.9749,0.9745,0.9745,1.0,0,1,0.1
43,156,Atencao,Atencao: Trafego congestionado noturno urbano,A02,0.0,0.050000007078051564,0.9757,0.9751,0.9753,1.0,0,1,0.1
43,157,Atencao,Atencao: Trafego congestionado noturno urbano,A02,0.0,0.050000007078051564,0.9759,0.9753,0.9752,1.0,0,1,0.1
43,158,Atencao,Atencao: Trafego congestionado noturno urbano,A02,0.0,0.050000007078051564,0.9753,0.9747,0.975,1.0,0,1,0.1
43,159,Atencao,Atencao: Trafego congestionado noturno urbano,A02,0.0,0.050000007078051564,0.9756,0.9751,0.9753,1.0,0,1,0.1
43,160,Atencao,Atencao: Rodovia noturna com chuva e alta velocidade,A03,0.0,0.050000007078051564,0.0002,0.0002,0.0002,0.0,-1,0,0.1
43,161,Atencao,Atencao: Rodovia noturna com chuva e alta velocidade,A03,0.0,0.050000007078051564,0.0003,0.0002,0.0002,0.0,-1,0,0.1
43,162,Atencao,Atencao: Rodovia noturna com chuva e alta velocidade,A03,0.0,0.050000007078051564,0.0002,0.0002,0.0002,0.0,-1,0,0.1
43,163,Atencao,Atencao: Rodovia noturna com chuva e alta velocidade,A03,0.0,0.050000007078051564,0.0002,0.0002,0.0002,0.0,-1,0,0.1
43,164,Atencao,Atencao: Rodovia noturna com chuva e alta velocidade,A03,0.0,0.050000007078051564,0.0002,0.0002,0.0002,0.0,-1,0,0.1
43,165,Atencao,Atencao: Rodovia noturna com chuva e alta velocidade,A03,0.0,0.050000007078051564,0.0002,0.0002,0.0002,0.0,-1,0,0.1
43,166,Atencao,Atencao: Rodovia noturna com chuva e alta velocidade,A03,0.0,0.050000007078051564,0.0002,0.0002,0.0002,0.0,-1,0,0.1
43,167,Atencao,Atencao: Rodovia noturna com chuva e alta velocidade,A03,0.0,0.050000007078051564,0.0002,0.0002,0.0002,0.0,-1,0,0.1
43,168,Atencao,Atencao: Rodovia noturna com chuva e alta velocidade,A03,0.0,0.050000007078051564,0.0006,0.0003,0.0003,0.0,-1,0,0.1
43,169,Atencao,Atencao: Rodovia noturna com chuva e alta velocidade,A03,0.0,0.050000007078051564,0.0002,0.0002,0.0002,0.0,-1,0,0.1
43,170,Atencao,Atencao: Rodovia noturna com chuva e alta velocidade,A03,0.0,0.050000007078051564,0.0004,0.0002,0.0002,0.0,-1,0,0.1
43,171,Atencao,Atencao: Rodovia noturna com chuva e alta velocidade,A03,0.0,0.050000007078051564,0.0002,0.0002,0.0002,0.0,-1,0,0.1
43,172,Atencao,Atencao: Rodovia noturna com chuva e alta velocidade,A03,0.0,0.050000007078051564,0.0002,0.0002,0.0002,0.0,-1,0,0.1
43,173,Atencao,Atencao: Rodovia noturna com chuva e alta velocidade,A03,0.0,0.050000007078051564,0.0006,0.0002,0.0002,0.0,-1,0,0.1
43,174,Atencao,Atencao: Rodovia noturna com chuva e alta velocidade,A03,0.0,0.050000007078051564,0.0005,0.0002,0.0002,0.0,-1,0,0.1
43,175,Atencao,Atencao: Rodovia noturna com chuva e alta velocidade,A03,0.0,0.050000007078051564,0.0002,0.0002,0.0002,0.0,-1,0,0.1
43,176,Atencao,Atencao: Rodovia noturna com chuva e alta velocidade,A03,0.0,0.050000007078051564,0.0002,0.0002,0.0002,0.0,-1,0,0.1
43,177,Atencao,Atencao: Rodovia noturna com chuva e alta velocidade,A03,0.0,0.050000007078051564,0.0002,0.0002,0.0002,0.0,-1,0,0.1
43,178,Atencao,Atencao: Rodovia noturna com chuva e alta velocidade,A03,0.0,0.050000007078051564,0.0002,0.0002,0.0002,0.0,-1,0,0.1
43,179,Atencao,Atencao: Rodovia noturna com chuva e alta velocidade,A03,0.0,0.050000007078051564,0.0002,0.0002,0.0002,0.0,-1,0,0.1
43,180,Atencao,Atencao: Rodovia noturna com chuva e alta velocidade,A03,0.0,0.050000007078051564,0.0002,0.0002,0.0002,0.0,-1,0,0.1
43,181,Atencao,Atencao: Rodovia noturna com chuva e alta velocidade,A03,0.0,0.050000007078051564,0.0002,0.0002,0.0002,0.0,-1,0,0.1
43,182,Atencao,Atencao: Rodovia noturna com chuva e alta velocidade,A03,0.0,0.050000007078051564,0.0003,0.0002,0.0002,0.0,-1,0,0.1
43,183,Atencao,Atencao: Rodovia noturna com chuva e alta velocidade,A03,0.0,0.050000007078051564,0.0002,0.0002,0.0002,0.0,-1,0,0.1
43,184,Atencao,Atencao: Rodovia noturna com chuva e alta velocidade,A03,0.0,0.050000007078051564,0.0002,0.0002,0.0002,0.0,-1,0,0.1
43,185,Atencao,Atencao: Rodovia noturna com chuva e alta velocidade,A03,0.0,0.050000007078051564,0.0004,0.0002,0.0002,0.0,-1,0,0.1
43,186,Atencao,Atencao: Rodovia noturna com chuva e alta velocidade,A03,0.0,0.050000007078051564,0.0006,0.0002,0.0002,0.0,-1,0,0.1
43,187,Atencao,Atencao: Rodovia noturna com chuva e alta velocidade,A03,0.0,0.050000007078051564,0.0002,0.0002,0.0002,0.0,-1,0,0.1
43,188,Atencao,Atencao: Rodovia noturna com chuva e alta velocidade,A03,0.0,0.050000007078051564,0.0005,0.0002,0.0002,0.0,-1,0,0.1
43,189,Atencao,Atencao: Rodovia noturna com chuva e alta velocidade,A03,0.0,0.050000007078051564,0.0007,0.0003,0.0002,0.0,-1,0,0.1
43,190,Atencao,Atencao: Rodovia noturna com chuva e alta velocidade,A03,0.0,0.050000007078051564,0.0002,0.0002,0.0002,0.0,-1,0,0.1
43,191,Atencao,Atencao: Rodovia noturna com chuva e alta velocidade,A03,0.0,0.050000007078051564,0.0002,0.0002,0.0002,0.0,-1,0,0.1
43,192,Atencao,Atencao: Rodovia noturna com chuva e alta velocidade,A03,0.0,0.050000007078051564,0.0002,0.0002,0.0002,0.0,-1,0,0.1
43,193,Atencao,Atencao: Rodovia noturna com chuva e alta velocidade,A03,0.0,0.050000007078051564,0.0002,0.0002,0.0002,0.0,-1,0,0.1
43,194,Atencao,Atencao: Rodovia noturna com chuva e alta velocidade,A03,0.0,0.050000007078051564,0.0002,0.0002,0.0002,0.0,-1,0,0.1
43,195,Atencao,Atencao: Rodovia noturna com chuva e alta velocidade,A03,0.0,0.050000007078051564,0.0002,0.0002,0.0002,0.0,-1,0,0.1
43,196,Atencao,Atencao: Rodovia noturna com chuva e alta velocidade,A03,0.0,0.050000007078051564,0.0002,0.0002,0.0002,0.0,-1,0,0.1
43,197,Atencao,Atencao: Rodovia noturna com chuva e alta velocidade,A03,0.0,0.050000007078051564,0.0005,0.0002,0.0002,0.0,-1,0,0.1
43,198,Atencao,Atencao: Rodovia noturna com chuva e alta velocidade,A03,0.0,0.050000007078051564,0.0002,0.0002,0.0002,0.0,-1,0,0.1
43,199,Atencao,Atencao: Rodovia noturna com chuva e alta velocidade,A03,0.0,0.050000007078051564,0.0002,0.0002,0.0002,0.0,-1,0,0.1
43,200,Atencao,Atencao: Rodovia noturna com chuva e alta velocidade,A03,0.0,0.050000007078051564,0.0002,0.0002,0.0002,0.0,-1,0,0.1
43,201,Atencao,Atencao: Rodovia noturna com chuva e alta velocidade,A03,0.0,0.050000007078051564,0.0004,0.0002,0.0002,0.0,-1,0,0.1
43,202,Atencao,Atencao: Rodovia noturna com chuva e alta velocidade,A03,0.0,0.050000007078051564,0.0002,0.0002,0.0002,0.0,-1,0,0.1
43,203,Atencao,Atencao: Rodovia noturna com chuva e alta velocidade,A03,0.0,0.050000007078051564,0.0002,0.0002,0.0002,0.0,-1,0,0.1
43,204,Atencao,Atencao: Rodovia noturna com chuva e alta velocidade,A03,0.0,0.050000007078051564,0.0002,0.0002,0.0002,0.0,-1,0,0.1
43,205,Atencao,Atencao: Rodovia noturna com chuva e alta velocidade,A03,0.0,0.050000007078051564,0.0006,0.0002,0.0002,0.0,-1,0,0.1
43,206,Atencao,Atencao: Rodovia noturna com chuva e alta velocidade,A03,0.0,0.050000007078051564,0.0002,0.0002,0.0002,0.0,-1,0,0.1
43,207,Atencao,Atencao: Rodovia noturna com chuva e alta velocidade,A03,0.0,0.050000007078051564,0.0002,0.0002,0.0002,0.0,-1,0,0.1
43,208,Atencao,Atencao: Rodovia noturna com chuva e alta velocidade,A03,0.0,0.050000007078051564,0.0002,0.0002,0.0002,0.0,-1,0,0.1
43,209,Atencao,Atencao: Rodovia noturna com chuva e alta velocidade,A03,0.0,0.050000007078051564,0.0002,0.0002,0.0002,0.0,-1,0,0.1
43,210,Atencao,Atencao: Rodovia noturna com chuva e alta velocidade,A03,0.0,0.050000007078051564,0.0002,0.0002,0.0002,0.0,-1,0,0.1
43,211,Atencao,Atencao: Rodovia noturna com chuva e alta velocidade,A03,0.0,0.050000007078051564,0.0002,0.0002,0.0002,0.0,-1,0,0.1
43,212,Atencao,Atencao: Rodovia noturna com chuva e alta velocidade,A03,0.0,0.050000007078051564,0.0002,0.0002,0.0002,0.0,-1,0,0.1
43,213,Atencao,Atencao: Rodovia noturna com chuva e alta velocidade,A03,0.0,0.050000007078051564,0.0002,0.0002,0.0002,0.0,-1,0,0.1
43,214,Atencao,Atencao: Rodovia noturna com chuva e alta velocidade,A03,0.0,0.050000007078051564,0.0002,0.0002,0.0002,0.0,-1,0,0.1
43,215,Atencao,Atencao: Rodovia noturna com chuva e alta velocidade,A03,0.0,0.050000007078051564,0.0002,0.0002,0.0002,0.0,-1,0,0.1
43,216,Atencao,Atencao: Rodovia noturna com chuva e alta velocidade,A03,0.0,0.050000007078051564,0.0006,0.0002,0.0002,0.0,-1,0,0.1
43,217,Atencao,Atencao: Rodovia noturna com chuva e alta velocidade,A03,0.0,0.050000007078051564,0.0005,0.0002,0.0003,0.0,-1,0,0.1
43,218,Atencao,Atencao: Rodovia noturna com chuva e alta velocidade,A03,0.0,0.050000007078051564,0.0002,0.0002,0.0002,0.0,-1,0,0.1
43,219,Atencao,Atencao: Rodovia noturna com chuva e alta velocidade,A03,0.0,0.050000007078051564,0.0002,0.0002,0.0002,0.0,-1,0,0.1
43,220,Atencao,Atencao: Rodovia noturna com chuva e alta velocidade,A03,0.0,0.050000007078051564,0.0002,0.0002,0.0002,0.0,-1,0,0.1
43,221,Atencao,Atencao: Rodovia noturna com chuva e alta velocidade,A03,0.0,0.050000007078051564,0.0005,0.0002,0.0002,0.0,-1,0,0.1
43,222,Atencao,Atencao: Rodovia noturna com chuva e alta velocidade,A03,0.0,0.050000007078051564,0.0004,0.0002,0.0002,0.0,-1,0,0.1
43,223,Atencao,Atencao: Rodovia noturna com chuva e alta velocidade,A03,0.0,0.050000007078051564,0.0002,0.0002,0.0002,0.0,-1,0,0.1
43,224,Atencao,Atencao: Rodovia noturna com chuva e alta velocidade,A03,0.0,0.050000007078051564,0.0002,0.0002,0.0002,0.0,-1,0,0.1
43,225,Atencao,Atencao: Rodovia noturna com chuva e alta velocidade,A03,0.0,0.050000007078051564,0.0002,0.0002,0.0002,0.0,-1,0,0.1
43,226,Atencao,Atencao: Rodovia noturna com chuva e alta velocidade,A03,0.0,0.050000007078051564,0.0002,0.0002,0.0002,0.0,-1,0,0.1
43,227,Atencao,Atencao: Rodovia noturna com chuva e alta velocidade,A03,0.0,0.050000007078051564,0.0002,0.0002,0.0002,0.0,-1,0,0.1
43,228,Atencao,Atencao: Rodovia noturna com chuva e alta velocidade,A03,0.0,0.050000007078051564,0.0002,0.0002,0.0002,0.0,-1,0,0.1
43,229,Atencao,Atencao: Rodovia noturna com chuva e alta velocidade,A03,0.0,0.050000007078051564,0.0004,0.0002,0.0002,0.0,-1,0,0.1
43,230,Atencao,Atencao: Rodovia noturna com chuva e alta velocidade,A03,0.0,0.050000007078051564,0.0002,0.0002,0.0002,0.0,-1,0,0.1
43,231,Atencao,Atencao: Rodovia noturna com chuva e alta velocidade,A03,0.0,0.050000007078051564,0.0002,0.0002,0.0002,0.0,-1,0,0.1
43,232,Atencao,Atencao: Rodovia noturna com chuva e alta velocidade,A03,0.0,0.050000007078051564,0.0003,0.0002,0.0002,0.0,-1,0,0.1
43,233,Atencao,Atencao: Rodovia noturna com chuva e alta velocidade,A03,0.0,0.050000007078051564,0.0002,0.0002,0.0002,0.0,-1,0,0.1
43,234,Atencao,Atencao: Rodovia noturna com chuva e alta velocidade,A03,0.0,0.050000007078051564,0.0002,0.0002,0.0002,0.0,-1,0,0.1
43,235,Atencao,Atencao: Rodovia noturna com chuva e alta velocidade,A03,0.0,0.050000007078051564,0.0002,0.0002,0.0002,0.0,-1,0,0.1
43,236,Atencao,Atencao: Rodovia noturna com chuva e alta velocidade,A03,0.0,0.050000007078051564,0.0002,0.0002,0.0002,0.0,-1,0,0.1
43,237,Atencao,Atencao: Rodovia noturna com chuva e alta velocidade,A03,0.0,0.050000007078051564,0.0002,0.0002,0.0002,0.0,-1,0,0.1
43,238,Atencao,Atencao: Rodovia noturna com chuva e alta velocidade,A03,0.0,0.050000007078051564,0.0002,0.0002,0.0002,0.0,-1,0,0.1
43,239,Atencao,Atencao: Rodovia noturna com chuva e alta velocidade,A03,0.0,0.050000007078051564,0.0002,0.0002,0.0002,0.0,-1,0,0.1
43,240,Alerta,Alerta: Conversa prolongada em rodovia,L01,0.0,0.18333696946501732,0.0481,0.0048,0.0001,0.0,-1,0,0.1
43,241,Alerta,Alerta: Conversa prolongada em rodovia,L01,0.0,0.18333696946501732,0.0448,0.0047,0.0001,0.0,-1,0,0.1
43,242,Alerta,Alerta: Conversa prolongada em rodovia,L01,0.0,0.18333696946501732,0.1133,0.0075,0.0002,0.0208,-1,0,0.1
43,243,Alerta,Alerta: Conversa prolongada em rodovia,L01,0.0,0.18333696946501732,0.0456,0.0046,0.0001,0.0,-1,0,0.1
43,244,Alerta,Alerta: Conversa prolongada em rodovia,L01,0.0,0.18333696946501732,0.0418,0.0041,0.0001,0.0,-1,0,0.1
43,245,Alerta,Alerta: Conversa prolongada em rodovia,L01,0.0,0.18333696946501732,0.046,0.0048,0.0001,0.0,-1,0,0.1
43,246,Alerta,Alerta: Conversa prolongada em rodovia,L01,0.0,0.18333696946501732,0.0819,0.0083,0.0001,0.0,-1,0,0.1
43,247,Alerta,Alerta: Conversa prolongada em rodovia,L01,0.0,0.18333696946501732,0.0464,0.0047,0.0001,0.0,-1,0,0.1
43,248,Alerta,Alerta: Conversa prolongada em rodovia,L01,0.0,0.18333696946501732,0.0457,0.0046,0.0001,0.0,-1,0,0.1
43,249,Alerta,Alerta: Conversa prolongada em rodovia,L01,0.0,0.18333696946501732,0.0449,0.005,0.0001,0.0,-1,0,0.1
43,250,Alerta,Alerta: Conversa prolongada em rodovia,L01,0.0,0.18333696946501732,0.0474,0.0049,0.0001,0.0,-1,0,0.1
43,251,Alerta,Alerta: Conversa prolongada em rodovia,L01,0.0,0.18333696946501732,0.0466,0.005,0.0001,0.0,-1,0,0.1
43,252,Alerta,Alerta: Conversa prolongada em rodovia,L01,0.0,0.18333696946501732,0.0448,0.0046,0.0001,0.0,-1,0,0.1
43,253,Alerta,Alerta: Conversa prolongada em rodovia,L01,0.0,0.18333696946501732,0.1505,0.0085,0.0001,0.0104,-1,0,0.1
43,254,Alerta,Alerta: Conversa prolongada em rodovia,L01,0.0,0.18333696946501732,0.0484,0.0047,0.0001,0.0,-1,0,0.1
43,255,Alerta,Alerta: Conversa prolongada em rodovia,L01,0.0,0.18333696946501732,0.0459,0.0048,0.0001,0.0,-1,0,0.1
43,256,Alerta,Alerta: Conversa prolongada em rodovia,L01,0.0,0.18333696946501732,0.0459,0.0047,0.0001,0.0,-1,0,0.1
43,257,Alerta,Alerta: Conversa prolongada em rodovia,L01,0.0,0.18333696946501732,0.0466,0.0049,0.0001,0.0,-1,0,0.1
43,258,Alerta,Alerta: Conversa prolongada em rodovia,L01,0.0,0.18333696946501732,0.0461,0.0047,0.0001,0.0,-1,0,0.1
43,259,Alerta,Alerta: Conversa prolongada em rodovia,L01,0.0,0.18333696946501732,0.0467,0.0049,0.0001,0.0,-1,0,0.1
43,260,Alerta,Alerta: Conversa prolongada em rodovia,L01,0.0,0.18333696946501732,0.0453,0.0047,0.0001,0.0,-1,0,0.1
43,261,Alerta,Alerta: Conversa prolongada em rodovia,L01,0.0,0.18333696946501732,0.0461,0.0046,0.0001,0.0,-1,0,0.1
43,262,Alerta,Alerta: Conversa prolongada em rodovia,L01,0.0,0.18333696946501732,0.0453,0.0043,0.0001,0.0,-1,0,0.1
43,263,Alerta,Alerta: Conversa prolongada em rodovia,L01,0.0,0.18333696946501732,0.0474,0.0047,0.0001,0.0,-1,0,0.1
43,264,Alerta,Alerta: Conversa prolongada em rodovia,L01,0.0,0.18333696946501732,0.0756,0.0067,0.0001,0.0,-1,0,0.1
43,265,Alerta,Alerta: Conversa prolongada em rodovia,L01,0.0,0.18333696946501732,0.0455,0.0049,0.0001,0.0,-1,0,0.1
43,266,Alerta,Alerta: Conversa prolongada em rodovia,L01,0.0,0.18333696946501732,0.0478,0.005,0.0001,0.0,-1,0,0.1
43,267,Alerta,Alerta: Conversa prolongada em rodovia,L01,0.0,0.18333696946501732,0.0456,0.0047,0.0001,0.0,-1,0,0.1
43,268,Alerta,Alerta: Conversa prolongada em rodovia,L01,0.0,0.18333696946501732,0.112,0.0074,0.0002,0.0208,-1,0,0.1
43,269,Alerta,Alerta: Conversa prolongada em rodovia,L01,0.0,0.18333696946501732,0.0473,0.0048,0.0001,0.0,-1,0,0.1
43,270,Alerta,Alerta: Conversa prolongada em rodovia,L01,0.0,0.18333696946501732,0.0851,0.0078,0.0001,0.0,-1,0,0.1
43,271,Alerta,Alerta: Conversa prolongada em rodovia,L01,0.0,0.18333696946501732,0.2354,0.0109,0.0001,0.0417,47,1,0.1
43,272,Alerta,Alerta: Conversa prolongada em rodovia,L01,0.0,0.18333696946501732,0.0458,0.0046,0.0001,0.0,-1,0,0.1
43,273,Alerta,Alerta: Conversa prolongada em rodovia,L01,0.0,0.18333696946501732,0.046,0.0045,0.0001,0.0,-1,0,0.1
43,274,Alerta,Alerta: Conversa prolongada em rodovia,L01,0.0,0.18333696946501732,0.0487,0.0047,0.0001,0.0,-1,0,0.1
43,275,Alerta,Alerta: Conversa prolongada em rodovia,L01,0.0,0.18333696946501732,0.0465,0.0047,0.0001,0.0,-1,0,0.1
43,276,Alerta,Alerta: Conversa prolongada em rodovia,L01,0.0,0.18333696946501732,0.046,0.0048,0.0001,0.0,-1,0,0.1
43,277,Alerta,Alerta: Conversa prolongada em rodovia,L01,0.0,0.18333696946501732,0.0467,0.0048,0.0001,0.0,-1,0,0.1
43,278,Alerta,Alerta: Conversa prolongada em rodovia,L01,0.0,0.18333696946501732,0.0469,0.0047,0.0001,0.0,-1,0,0.1
43,279,Alerta,Alerta: Conversa prolongada em rodovia,L01,0.0,0.18333696946501732,0.0854,0.0066,0.0001,0.0,-1,0,0.1
43,280,Alerta,Alerta: Conversa prolongada em rodovia,L01,0.0,0.18333696946501732,0.0506,0.0059,0.0001,0.0,-1,0,0.1
43,281,Alerta,Alerta: Conversa prolongada em rodovia,L01,0.0,0.18333696946501732,0.0469,0.0046,0.0001,0.0,-1,0,0.1
43,282,Alerta,Alerta: Conversa prolongada em rodovia,L01,0.0,0.18333696946501732,0.0469,0.0049,0.0001,0.0,-1,0,0.1
43,283,Alerta,Alerta: Conversa prolongada em rodovia,L01,0.0,0.18333696946501732,0.0446,0.0045,0.0001,0.0,-1,0,0.1
43,284,Alerta,Alerta: Conversa prolongada em rodovia,L01,0.0,0.18333696946501732,0.0463,0.0046,0.0001,0.0,-1,0,0.1
43,285,Alerta,Alerta: Conversa prolongada em rodovia,L01,0.0,0.18333696946501732,0.0435,0.0045,0.0001,0.0,-1,0,0.1
43,286,Alerta,Alerta: Conversa prolongada em rodovia,L01,0.0,0.18333696946501732,0.0475,0.0048,0.0001,0.0,-1,0,0.1
43,287,Alerta,Alerta: Conversa prolongada em rodovia,L01,0.0,0.18333696946501732,0.0468,0.0048,0.0001,0.0,-1,0,0.1
43,288,Alerta,Alerta: Conversa prolongada em rodovia,L01,0.0,0.18333696946501732,0.0461,0.0048,0.0001,0.0,-1,0,0.1
43,289,Alerta,Alerta: Conversa prolongada em rodovia,L01,0.0,0.18333696946501732,0.0468,0.0049,0.0001,0.0,-1,0,0.1
43,290,Alerta,Alerta: Conversa prolongada em rodovia,L01,0.0,0.18333696946501732,0.0464,0.0049,0.0001,0.0,-1,0,0.1
43,291,Alerta,Alerta: Conversa prolongada em rodovia,L01,0.0,0.18333696946501732,0.0478,0.0048,0.0001,0.0,-1,0,0.1
43,292,Alerta,Alerta: Conversa prolongada em rodovia,L01,0.0,0.18333696946501732,0.0466,0.0047,0.0001,0.0,-1,0,0.1
43,293,Alerta,Alerta: Conversa prolongada em rodovia,L01,0.0,0.18333696946501732,0.0454,0.0046,0.0001,0.0,-1,0,0.1
43,294,Alerta,Alerta: Conversa prolongada em rodovia,L01,0.0,0.18333696946501732,0.0462,0.0046,0.0001,0.0,-1,0,0.1
43,295,Alerta,Alerta: Conversa prolongada em rodovia,L01,0.0,0.18333696946501732,0.0461,0.0046,0.0001,0.0,-1,0,0.1
43,296,Alerta,Alerta: Conversa prolongada em rodovia,L01,0.0,0.18333696946501732,0.0464,0.0051,0.0001,0.0,-1,0,0.1
43,297,Alerta,Alerta: Conversa prolongada em rodovia,L01,0.0,0.18333696946501732,0.0464,0.0047,0.0001,0.0,-1,0,0.1
43,298,Alerta,Alerta: Conversa prolongada em rodovia,L01,0.0,0.18333696946501732,0.0472,0.005,0.0001,0.0,-1,0,0.1
43,299,Alerta,Alerta: Conversa prolongada em rodovia,L01,0.0,0.18333696946501732,0.0495,0.0048,0.0001,0.0,-1,0,0.1
43,300,Alerta,Alerta: Conversa prolongada em rodovia,L01,0.0,0.18333696946501732,0.0463,0.0049,0.0001,0.0,-1,0,0.1
43,301,Alerta,Alerta: Conversa prolongada em rodovia,L01,0.0,0.18333696946501732,0.0467,0.0048,0.0001,0.0,-1,0,0.1
43,302,Alerta,Alerta: Conversa prolongada em rodovia,L01,0.0,0.18333696946501732,0.0469,0.0049,0.0001,0.0,-1,0,0.1
43,303,Alerta,Alerta: Conversa prolongada em rodovia,L01,0.0,0.18333696946501732,0.05,0.0055,0.0001,0.0,-1,0,0.1
43,304,Alerta,Alerta: Conversa prolongada em rodovia,L01,0.0,0.18333696946501732,0.0469,0.0047,0.0001,0.0,-1,0,0.1
43,305,Alerta,Alerta: Conversa prolongada em rodovia,L01,0.0,0.18333696946501732,0.1536,0.009,0.0001,0.0208,-1,0,0.1
43,306,Alerta,Alerta: Conversa prolongada em rodovia,L01,0.0,0.18333696946501732,0.0515,0.0045,0.0001,0.0,-1,0,0.1
43,307,Alerta,Alerta: Conversa prolongada em rodovia,L01,0.0,0.18333696946501732,0.0453,0.0045,0.0001,0.0,-1,0,0.1
43,308,Alerta,Alerta: Conversa prolongada em rodovia,L01,0.0,0.18333696946501732,0.0451,0.0047,0.0001,0.0,-1,0,0.1
43,309,Alerta,Alerta: Conversa prolongada em rodovia,L01,0.0,0.18333696946501732,0.0588,0.0049,0.0001,0.0,-1,0,0.1
43,310,Alerta,Alerta: Conversa prolongada em rodovia,L01,0.0,0.18333696946501732,0.0487,0.0048,0.0001,0.0,-1,0,0.1
43,311,Alerta,Alerta: Conversa prolongada em rodovia,L01,0.0,0.18333696946501732,0.0468,0.0049,0.0001,0.0,-1,0,0.1
43,312,Alerta,Alerta: Conversa prolongada em rodovia,L01,0.0,0.18333696946501732,0.047,0.0048,0.0001,0.0,-1,0,0.1
43,313,Alerta,Alerta: Conversa prolongada em rodovia,L01,0.0,0.18333696946501732,0.0475,0.0049,0.0001,0.0,-1,0,0.1
43,314,Alerta,Alerta: Conversa prolongada em rodovia,L01,0.0,0.18333696946501732,0.1513,0.0073,0.0001,0.0208,-1,0,0.1
43,315,Alerta,Alerta: Conversa prolongada em rodovia,L01,0.0,0.18333696946501732,0.0743,0.0065,0.0001,0.0,-1,0,0.1
43,316,Alerta,Alerta: Conversa prolongada em rodovia,L01,0.0,0.18333696946501732,0.0465,0.0048,0.0001,0.0,-1,0,0.1
43,317,Alerta,Alerta: Conversa prolongada em rodovia,L01,0.0,0.18333696946501732,0.0475,0.005,0.0001,0.0,-1,0,0.1
43,318,Alerta,Alerta: Conversa prolongada em rodovia,L01,0.0,0.18333696946501732,0.046,0.0048,0.0001,0.0,-1,0,0.1
43,319,Alerta,Alerta: Conversa prolongada em rodovia,L01,0.0,0.18333696946501732,0.1494,0.0071,0.0002,0.0208,-1,0,0.1
43,320,Alerta,Alerta: Ajuste de radio em velocidade moderada,L02,0.0,0.2512239456176758,0.4276,0.0156,0.0001,0.0417,57,1,0.1
43,321,Alerta,Alerta: Ajuste de radio em velocidade moderada,L02,0.0,0.2512239456176758,0.7089,0.0439,0.0001,0.0833,57,1,0.1
43,322,Alerta,Alerta: Ajuste de radio em velocidade moderada,L02,0.0,0.2512239456176758,0.7161,0.0457,0.0001,0.0833,57,1,0.1
43,323,Alerta,Alerta: Ajuste de radio em velocidade moderada,L02,0.0,0.2512239456176758,0.6364,0.0341,0.0001,0.0729,56,1,0.1
43,324,Alerta,Alerta: Ajuste de radio em velocidade moderada,L02,0.0,0.2512239456176758,0.7113,0.0459,0.0001,0.0833,57,1,0.1
43,325,Alerta,Alerta: Ajuste de radio em velocidade moderada,L02,0.0,0.2512239456176758,0.6646,0.0414,0.0001,0.0833,57,1,0.1
43,326,Alerta,Alerta: Ajuste de radio em velocidade moderada,L02,0.0,0.2512239456176758,0.7448,0.0467,0.0001,0.0833,57,1,0.1
43,327,Alerta,Alerta: Ajuste de radio em velocidade moderada,L02,0.0,0.2512239456176758,0.5786,0.0364,0.0001,0.0729,57,1,0.1
43,328,Alerta,Alerta: Ajuste de radio em velocidade moderada,L02,0.0,0.2512239456176758,0.689,0.0404,0.0001,0.0729,57,1,0.1
43,329,Alerta,Alerta: Ajuste de radio em velocidade moderada,L02,0.0,0.2512239456176758,0.7007,0.0429,0.0001,0.0833,57,1,0.1
43,330,Alerta,Alerta: Ajuste de radio em velocidade moderada,L02,0.0,0.2512239456176758,0.587,0.0298,0.0001,0.0625,57,1,0.1
43,331,Alerta,Alerta: Ajuste de radio em velocidade moderada,L02,0.0,0.2512239456176758,0.8577,0.0575,0.0001,0.0833,56,1,0.1
43,332,Alerta,Alerta: Ajuste de radio em velocidade moderada,L02,0.0,0.2512239456176758,0.3761,0.0131,0.0001,0.0417,57,1,0.1
43,333,Alerta,Alerta: Ajuste de radio em velocidade moderada,L02,0.0,0.2512239456176758,0.6355,0.042,0.0001,0.0833,57,1,0.1
43,334,Alerta,Alerta: Ajuste de radio em velocidade moderada,L02,0.0,0.2512239456176758,0.7107,0.0435,0.0001,0.0729,57,1,0.1
43,335,Alerta,Alerta: Ajuste de radio em velocidade moderada,L02,0.0,0.2512239456176758,0.5825,0.033,0.0001,0.0729,57,1,0.1
43,336,Alerta,Alerta: Ajuste de radio em velocidade moderada,L02,0.0,0.2512239456176758,0.6216,0.0352,0.0001,0.0729,57,1,0.1
43,337,Alerta,Alerta: Ajuste de radio em velocidade moderada,L02,0.0,0.2512239456176758,0.6223,0.0348,0.0001,0.0729,57,1,0.1
43,338,Alerta,Alerta: Ajuste de radio em velocidade moderada,L02,0.0,0.2512239456176758,0.7727,0.0542,0.0001,0.0938,57,1,0.1
43,339,Alerta,Alerta: Ajuste de radio em velocidade moderada,L02,0.0,0.2512239456176758,0.41,0.0191,0.0001,0.0521,57,1,0.1
43,340,Alerta,Alerta: Ajuste de radio em velocidade moderada,L02,0.0,0.2512239456176758,0.6036,0.0311,0.0001,0.0625,57,1,0.1
43,341,Alerta,Alerta: Ajuste de radio em velocidade moderada,L02,0.0,0.2512239456176758,0.6731,0.0399,0.0001,0.0729,57,1,0.1
43,342,Alerta,Alerta: Ajuste de radio em velocidade moderada,L02,0.0,0.2512239456176758,0.6997,0.0408,0.0001,0.0729,57,1,0.1
43,343,Alerta,Alerta: Ajuste de radio em velocidade moderada,L02,0.0,0.2512239456176758,0.7115,0.0534,0.0001,0.0938,57,1,0.1
43,344,Alerta,Alerta: Ajuste de radio em velocidade moderada,L02,0.0,0.2512239456176758,0.6984,0.0415,0.0001,0.0729,57,1,0.1
43,345,Alerta,Alerta: Ajuste de radio em velocidade moderada,L02,0.0,0.2512239456176758,0.6777,0.0396,0.0001,0.0729,57,1,0.1
43,346,Alerta,Alerta: Ajuste de radio em velocidade moderada,L02,0.0,0.2512239456176758,0.6945,0.0385,0.0001,0.0729,57,1,0.1
43,347,Alerta,Alerta: Ajuste de radio em velocidade moderada,L02,0.0,0.2512239456176758,0.6829,0.0488,0.0001,0.0938,57,1,0.1
43,348,Alerta,Alerta: Ajuste de radio em velocidade moderada,L02,0.0,0.2512239456176758,0.4991,0.0259,0.0001,0.0625,57,1,0.1
43,349,Alerta,Alerta: Ajuste de radio em velocidade moderada,L02,0.0,0.2512239456176758,0.7202,0.0423,0.0001,0.0729,57,1,0.1
43,350,Alerta,Alerta: Ajuste de radio em velocidade moderada,L02,0.0,0.2512239456176758,0.58,0.0317,0.0001,0.0729,57,1,0.1
43,351,Alerta,Alerta: Ajuste de radio em velocidade moderada,L02,0.0,0.2512239456176758,0.7013,0.0424,0.0001,0.0833,56,1,0.1
43,352,Alerta,Alerta: Ajuste de radio em velocidade moderada,L02,0.0,0.2512239456176758,0.6976,0.0401,0.0001,0.0729,57,1,0.1
43,353,Alerta,Alerta: Ajuste de radio em velocidade moderada,L02,0.0,0.2512239456176758,0.7029,0.0478,0.0001,0.0833,57,1,0.1
43,354,Alerta,Alerta: Ajuste de radio em velocidade moderada,L02,0.0,0.2512239456176758,0.6784,0.0378,0.0001,0.0729,57,1,0.1
43,355,Alerta,Alerta: Ajuste de radio em velocidade moderada,L02,0.0,0.2512239456176758,0.7241,0.0431,0.0001,0.0833,56,1,0.1
43,356,Alerta,Alerta: Ajuste de radio em velocidade moderada,L02,0.0,0.2512239456176758,0.7288,0.049,0.0001,0.1042,56,1,0.1
43,357,Alerta,Alerta: Ajuste de radio em velocidade moderada,L02,0.0,0.2512239456176758,0.6908,0.0405,0.0001,0.0729,57,1,0.1
43,358,Alerta,Alerta: Ajuste de radio em velocidade moderada,L02,0.0,0.2512239456176758,0.5993,0.0349,0.0001,0.0729,57,1,0.1
43,359,Alerta,Alerta: Ajuste de radio em velocidade moderada,L02,0.0,0.2512239456176758,0.799,0.0616,0.0001,0.1146,56,1,0.1
43,360,Alerta,Alerta: Ajuste de radio em velocidade moderada,L02,0.0,0.2512239456176758,0.7556,0.0449,0.0001,0.0729,57,1,0.1
43,361,Alerta,Alerta: Ajuste de radio em velocidade moderada,L02,0.0,0.2512239456176758,0.6769,0.0385,0.0001,0.0729,57,1,0.1
43,362,Alerta,Alerta: Ajuste de radio em velocidade moderada,L02,0.0,0.2512239456176758,0.7987,0.0547,0.0001,0.0938,56,1,0.1
43,363,Alerta,Alerta: Ajuste de radio em velocidade moderada,L02,0.0,0.2512239456176758,0.5558,0.0296,0.0001,0.0625,57,1,0.1
43,364,Alerta,Alerta: Ajuste de radio em velocidade moderada,L02,0.0,0.2512239456176758,0.6086,0.0293,0.0001,0.0625,56,1,0.1
43,365,Alerta,Alerta: Ajuste de radio em velocidade moderada,L02,0.0,0.2512239456176758,0.6032,0.0344,0.0001,0.0729,57,1,0.1
43,366,Alerta,Alerta: Ajuste de radio em velocidade moderada,L02,0.0,0.2512239456176758,0.7949,0.0592,0.0001,0.1042,56,1,0.1
43,367,Alerta,Alerta: Ajuste de radio em velocidade moderada,L02,0.0,0.2512239456176758,0.6893,0.0397,0.0001,0.0833,56,1,0.1
43,368,Alerta,Alerta: Ajuste de radio em velocidade moderada,L02,0.0,0.2512239456176758,0.7591,0.0575,0.0001,0.1146,56,1,0.1
43,369,Alerta,Alerta: Ajuste de radio em velocidade moderada,L02,0.0,0.2512239456176758,0.6737,0.0422,0.0001,0.0938,56,1,0.1
43,370,Alerta,Alerta: Ajuste de radio em velocidade moderada,L02,0.0,0.2512239456176758,0.5114,0.0257,0.0001,0.0625,57,1,0.1
43,371,Alerta,Alerta: Ajuste de radio em velocidade moderada,L02,0.0,0.2512239456176758,0.6865,0.039,0.0001,0.0729,57,1,0.1
43,372,Alerta,Alerta: Ajuste de radio em velocidade moderada,L02,0.0,0.2512239456176758,0.4908,0.0212,0.0001,0.0625,56,1,0.1
43,373,Alerta,Alerta: Ajuste de radio em velocidade moderada,L02,0.0,0.2512239456176758,0.6559,0.0376,0.0001,0.0729,57,1,0.1
43,374,Alerta,Alerta: Ajuste de radio em velocidade moderada,L02,0.0,0.2512239456176758,0.4726,0.0199,0.0001,0.0521,57,1,0.1
43,375,Alerta,Alerta: Ajuste de radio em velocidade moderada,L02,0.0,0.2512239456176758,0.7072,0.0428,0.0001,0.0729,57,1,0.1
43,376,Alerta,Alerta: Ajuste de radio em velocidade moderada,L02,0.0,0.2512239456176758,0.7267,0.0493,0.0001,0.0833,57,1,0.1
43,377,Alerta,Alerta: Ajuste de radio em velocidade moderada,L02,0.0,0.2512239456176758,0.6333,0.0367,0.0001,0.0729,57,1,0.1
43,378,Alerta,Alerta: Ajuste de radio em velocidade moderada,L02,0.0,0.2512239456176758,0.5398,0.0254,0.0001,0.0625,56,1,0.1
43,379,Alerta,Alerta: Ajuste de radio em velocidade moderada,L02,0.0,0.2512239456176758,0.6536,0.0372,0.0001,0.0729,57,1,0.1
43,380,Alerta,Alerta: Ajuste de radio em velocidade moderada,L02,0.0,0.2512239456176758,0.6252,0.0384,0.0001,0.0833,57,1,0.1
43,381,Alerta,Alerta: Ajuste de radio em velocidade moderada,L02,0.0,0.2512239456176758,0.7033,0.0469,0.0001,0.0833,57,1,0.1
43,382,Alerta,Alerta: Ajuste de radio em velocidade moderada,L02,0.0,0.2512239456176758,0.7071,0.0419,0.0001,0.0833,56,1,0.1
43,383,Alerta,Alerta: Ajuste de radio em velocidade moderada,L02,0.0,0.2512239456176758,0.5789,0.0321,0.0001,0.0625,57,1,0.1
43,384,Alerta,Alerta: Ajuste de radio em velocidade moderada,L02,0.0,0.2512239456176758,0.5488,0.0317,0.0001,0.0729,57,1,0.1
43,385,Alerta,Alerta: Ajuste de radio em velocidade moderada,L02,0.0,0.2512239456176758,0.5773,0.0296,0.0001,0.0625,57,1,0.1
43,386,Alerta,Alerta: Ajuste de radio em velocidade moderada,L02,0.0,0.2512239456176758,0.5541,0.0281,0.0001,0.0625,57,1,0.1
43,387,Alerta,Alerta: Ajuste de radio em velocidade moderada,L02,0.0,0.2512239456176758,0.5462,0.0272,0.0001,0.0625,57,1,0.1
43,388,Alerta,Alerta: Ajuste de radio em velocidade moderada,L02,0.0,0.2512239456176758,0.6478,0.0351,0.0001,0.0729,57,1,0.1
43,389,Alerta,Alerta: Ajuste de radio em velocidade moderada,L02,0.0,0.2512239456176758,0.6396,0.0393,0.0001,0.0833,57,1,0.1
43,390,Alerta,Alerta: Ajuste de radio em velocidade moderada,L02,0.0,0.2512239456176758,0.5124,0.0247,0.0001,0.0625,57,1,0.1
43,391,Alerta,Alerta: Ajuste de radio em velocidade moderada,L02,0.0,0.2512239456176758,0.5902,0.0345,0.0001,0.0729,57,1,0.1
43,392,Alerta,Alerta: Ajuste de radio em velocidade moderada,L02,0.0,0.2512239456176758,0.6952,0.0421,0.0001,0.0833,57,1,0.1
43,393,Alerta,Alerta: Ajuste de radio em velocidade moderada,L02,0.0,0.2512239456176758,0.4435,0.0205,0.0001,0.0521,57,1,0.1
43,394,Alerta,Alerta: Ajuste de radio em velocidade moderada,L02,0.0,0.2512239456176758,0.8853,0.1236,0.0001,0.1667,56,1,0.1
43,395,Alerta,Alerta: Ajuste de radio em velocidade moderada,L02,0.0,0.2512239456176758,0.6695,0.039,0.0001,0.0729,57,1,0.1
43,396,Alerta,Alerta: Ajuste de radio em velocidade moderada,L02,0.0,0.2512239456176758,0.6963,0.0402,0.0001,0.0833,56,1,0.1
43,397,Alerta,Alerta: Ajuste de radio em velocidade moderada,L02,0.0,0.2512239456176758,0.5633,0.03,0.0001,0.0625,57,1,0.1
43,398,Alerta,Alerta: Ajuste de radio em velocidade moderada,L02,0.0,0.2512239456176758,0.652,0.0397,0.0001,0.0729,57,1,0.1
43,399,Alerta,Alerta: Ajuste de radio em velocidade moderada,L02,0.0,0.2512239456176758,0.6658,0.0394,0.0001,0.0729,57,1,0.1
43,400,Alerta,Alerta: Bebendo em trecho urbano lento,L03,0.0,0.18405227661132811,0.2464,0.026,0.0003,0.0833,63,1,0.1
43,401,Alerta,Alerta: Bebendo em trecho urbano lento,L03,0.0,0.18405227661132811,0.2152,0.0236,0.0002,0.0729,63,1,0.1
43,402,Alerta,Alerta: Bebendo em trecho urbano lento,L03,0.0,0.18405227661132811,0.2182,0.0236,0.0002,0.0729,63,1,0.1
43,403,Alerta,Alerta: Bebendo em trecho urbano lento,L03,0.0,0.18405227661132811,0.2673,0.0287,0.0003,0.0938,62,1,0.1
43,404,Alerta,Alerta: Bebendo em trecho urbano lento,L03,0.0,0.18405227661132811,0.1448,0.0207,0.0003,0.0625,63,1,0.1
43,405,Alerta,Alerta: Bebendo em trecho urbano lento,L03,0.0,0.18405227661132811,0.2128,0.0231,0.0002,0.0729,63,1,0.1
43,406,Alerta,Alerta: Bebendo em trecho urbano lento,L03,0.0,0.18405227661132811,0.2752,0.0275,0.0002,0.0833,63,1,0.1
43,407,Alerta,Alerta: Bebendo em trecho urbano lento,L03,0.0,0.18405227661132811,0.1844,0.0256,0.0018,0.0729,65,1,0.1
43,408,Alerta,Alerta: Bebendo em trecho urbano lento,L03,0.0,0.18405227661132811,0.2187,0.0232,0.0002,0.0729,63,1,0.1
43,409,Alerta,Alerta: Bebendo em trecho urbano lento,L03,0.0,0.18405227661132811,0.2237,0.024,0.0002,0.0833,63,1,0.1
43,410,Alerta,Alerta: Bebendo em trecho urbano lento,L03,0.0,0.18405227661132811,0.1961,0.0216,0.0002,0.0625,64,1,0.1
43,411,Alerta,Alerta: Bebendo em trecho urbano lento,L03,0.0,0.18405227661132811,0.7603,0.078,0.0093,0.1875,58,1,0.1
43,412,Alerta,Alerta: Bebendo em trecho urbano lento,L03,0.0,0.18405227661132811,0.243,0.0254,0.0002,0.0833,63,1,0.1
43,413,Alerta,Alerta: Bebendo em trecho urbano lento,L03,0.0,0.18405227661132811,0.2486,0.0257,0.0002,0.0833,63,1,0.1
43,414,Alerta,Alerta: Bebendo em trecho urbano lento,L03,0.0,0.18405227661132811,0.1612,0.0212,0.0003,0.0625,64,1,0.1
43,415,Alerta,Alerta: Bebendo em trecho urbano lento,L03,0.0,0.18405227661132811,0.2718,0.0274,0.0002,0.0833,63,1,0.1
43,416,Alerta,Alerta: Bebendo em trecho urbano lento,L03,0.0,0.18405227661132811,0.1983,0.0215,0.0002,0.0625,64,1,0.1
43,417,Alerta,Alerta: Bebendo em trecho urbano lento,L03,0.0,0.18405227661132811,0.2239,0.0236,0.0002,0.0729,63,1,0.1
43,418,Alerta,Alerta: Bebendo em trecho urbano lento,L03,0.0,0.18405227661132811,0.2204,0.0229,0.0002,0.0729,63,1,0.1
43,419,Alerta,Alerta: Bebendo em trecho urbano lento,L03,0.0,0.18405227661132811,0.221,0.0235,0.0002,0.0729,63,1,0.1
43,420,Alerta,Alerta: Bebendo em trecho urbano lento,L03,0.0,0.18405227661132811,0.2349,0.0248,0.0002,0.0833,63,1,0.1
43,421,Alerta,Alerta: Bebendo em trecho urbano lento,L03,0.0,0.18405227661132811,0.2331,0.0244,0.0002,0.0729,63,1,0.1
43,422,Alerta,Alerta: Bebendo em trecho urbano lento,L03,0.0,0.18405227661132811,0.2092,0.0228,0.0002,0.0729,63,1,0.1
43,423,Alerta,Alerta: Bebendo em trecho urbano lento,L03,0.0,0.18405227661132811,0.1994,0.0216,0.0002,0.0625,64,1,0.1
43,424,Alerta,Alerta: Bebendo em trecho urbano lento,L03,0.0,0.18405227661132811,0.8092,0.0888,0.0013,0.1458,60,1,0.1
43,425,Alerta,Alerta: Bebendo em trecho urbano lento,L03,0.0,0.18405227661132811,0.2486,0.0261,0.0002,0.0833,63,1,0.1
43,426,Alerta,Alerta: Bebendo em trecho urbano lento,L03,0.0,0.18405227661132811,0.2137,0.0228,0.0002,0.0729,63,1,0.1
43,427,Alerta,Alerta: Bebendo em trecho urbano lento,L03,0.0,0.18405227661132811,0.1951,0.0214,0.0002,0.0729,63,1,0.1
43,428,Alerta,Alerta: Bebendo em trecho urbano lento,L03,0.0,0.18405227661132811,0.5203,0.047,0.0005,0.1042,62,1,0.1
43,429,Alerta,Alerta: Bebendo em trecho urbano lento,L03,0.0,0.18405227661132811,0.2439,0.0251,0.0002,0.0833,63,1,0.1
43,430,Alerta,Alerta: Bebendo em trecho urbano lento,L03,0.0,0.18405227661132811,0.2781,0.0287,0.0003,0.0833,63,1,0.1
43,431,Alerta,Alerta: Bebendo em trecho urbano lento,L03,0.0,0.18405227661132811,0.14,0.0185,0.0003,0.0417,65,1,0.1
43,432,Alerta,Alerta: Bebendo em trecho urbano lento,L03,0.0,0.18405227661132811,0.2601,0.0257,0.0002,0.0833,63,1,0.1
43,433,Alerta,Alerta: Bebendo em trecho urbano lento,L03,0.0,0.18405227661132811,0.2269,0.0238,0.0002,0.0729,63,1,0.1
43,434,Alerta,Alerta: Bebendo em trecho urbano lento,L03,0.0,0.18405227661132811,0.2656,0.0274,0.0002,0.0833,63,1,0.1
43,435,Alerta,Alerta: Bebendo em trecho urbano lento,L03,0.0,0.18405227661132811,0.2022,0.0218,0.0002,0.0625,64,1,0.1
43,436,Alerta,Alerta: Bebendo em trecho urbano lento,L03,0.0,0.18405227661132811,0.2426,0.025,0.0002,0.0833,63,1,0.1
43,437,Alerta,Alerta: Bebendo em trecho urbano lento,L03,0.0,0.18405227661132811,0.8035,0.0882,0.0022,0.1562,61,1,0.1
43,438,Alerta,Alerta: Bebendo em trecho urbano lento,L03,0.0,0.18405227661132811,0.225,0.0238,0.0002,0.0729,63,1,0.1
43,439,Alerta,Alerta: Bebendo em trecho urbano lento,L03,0.0,0.18405227661132811,0.2525,0.0257,0.0002,0.0833,63,1,0.1
43,440,Alerta,Alerta: Bebendo em trecho urbano lento,L03,0.0,0.18405227661132811,0.268,0.027,0.0002,0.0833,63,1,0.1
43,441,Alerta,Alerta: Bebendo em trecho urbano lento,L03,0.0,0.18405227661132811,0.0898,0.0139,0.0002,0.0,-1,0,0.1
43,442,Alerta,Alerta: Bebendo em trecho urbano lento,L03,0.0,0.18405227661132811,0.2293,0.0254,0.0003,0.0729,63,1,0.1
43,443,Alerta,Alerta: Bebendo em trecho urbano lento,L03,0.0,0.18405227661132811,0.2449,0.0263,0.0002,0.0729,63,1,0.1
43,444,Alerta,Alerta: Bebendo em trecho urbano lento,L03,0.0,0.18405227661132811,0.2277,0.0239,0.0002,0.0729,63,1,0.1
43,445,Alerta,Alerta: Bebendo em trecho urbano lento,L03,0.0,0.18405227661132811,0.2067,0.0221,0.0002,0.0625,64,1,0.1
43,446,Alerta,Alerta: Bebendo em trecho urbano lento,L03,0.0,0.18405227661132811,0.2513,0.0267,0.0002,0.0833,63,1,0.1
43,447,Alerta,Alerta: Bebendo em trecho urbano lento,L03,0.0,0.18405227661132811,0.2476,0.0263,0.0003,0.0833,63,1,0.1
43,448,Alerta,Alerta: Bebendo em trecho urbano lento,L03,0.0,0.18405227661132811,0.2393,0.0256,0.0002,0.0729,63,1,0.1
43,449,Alerta,Alerta: Bebendo em trecho urbano lento,L03,0.0,0.18405227661132811,0.2584,0.0262,0.0002,0.0833,63,1,0.1
43,450,Alerta,Alerta: Bebendo em trecho urbano lento,L03,0.0,0.18405227661132811,0.2097,0.0227,0.0002,0.0729,63,1,0.1
43,451,Alerta,Alerta: Bebendo em trecho urbano lento,L03,0.0,0.18405227661132811,0.2249,0.0242,0.0002,0.0833,63,1,0.1
43,452,Alerta,Alerta: Bebendo em trecho urbano lento,L03,0.0,0.18405227661132811,0.2412,0.0258,0.0002,0.0833,63,1,0.1
43,453,Alerta,Alerta: Bebendo em trecho urbano lento,L03,0.0,0.18405227661132811,0.3005,0.0322,0.0003,0.0938,62,1,0.1
43,454,Alerta,Alerta: Bebendo em trecho urbano lento,L03,0.0,0.18405227661132811,0.2038,0.0225,0.0002,0.0729,63,1,0.1
43,455,Alerta,Alerta: Bebendo em trecho urbano lento,L03,0.0,0.18405227661132811,0.2184,0.0234,0.0002,0.0729,63,1,0.1
43,456,Alerta,Alerta: Bebendo em trecho urbano lento,L03,0.0,0.18405227661132811,0.2554,0.0261,0.0002,0.0833,63,1,0.1
43,457,Alerta,Alerta: Bebendo em trecho urbano lento,L03,0.0,0.18405227661132811,0.249,0.0259,0.0002,0.0833,63,1,0.1
43,458,Alerta,Alerta: Bebendo em trecho urbano lento,L03,0.0,0.18405227661132811,0.1844,0.0199,0.0002,0.0625,64,1,0.1
43,459,Alerta,Alerta: Bebendo em trecho urbano lento,L03,0.0,0.18405227661132811,0.236,0.0246,0.0002,0.0833,63,1,0.1
43,460,Alerta,Alerta: Bebendo em trecho urbano lento,L03,0.0,0.18405227661132811,0.2174,0.0235,0.0002,0.0729,63,1,0.1
43,461,Alerta,Alerta: Bebendo em trecho urbano lento,L03,0.0,0.18405227661132811,0.3014,0.0338,0.0008,0.1042,64,1,0.1
43,462,Alerta,Alerta: Bebendo em trecho urbano lento,L03,0.0,0.18405227661132811,0.2226,0.0235,0.0002,0.0729,63,1,0.1
43,463,Alerta,Alerta: Bebendo em trecho urbano lento,L03,0.0,0.18405227661132811,0.2384,0.0246,0.0002,0.0729,63,1,0.1
43,464,Alerta,Alerta: Bebendo em trecho urbano lento,L03,0.0,0.18405227661132811,0.2361,0.025,0.0002,0.0729,63,1,0.1
43,465,Alerta,Alerta: Bebendo em trecho urbano lento,L03,0.0,0.18405227661132811,0.2246,0.0237,0.0002,0.0729,63,1,0.1
43,466,Alerta,Alerta: Bebendo em trecho urbano lento,L03,0.0,0.18405227661132811,0.2354,0.0238,0.0002,0.0833,63,1,0.1
43,467,Alerta,Alerta: Bebendo em trecho urbano lento,L03,0.0,0.18405227661132811,0.2217,0.0234,0.0002,0.0729,63,1,0.1
43,468,Alerta,Alerta: Bebendo em trecho urbano lento,L03,0.0,0.18405227661132811,0.2188,0.0231,0.0002,0.0729,63,1,0.1
43,469,Alerta,Alerta: Bebendo em trecho urbano lento,L03,0.0,0.18405227661132811,0.7836,0.0795,0.0027,0.1562,58,1,0.1
43,470,Alerta,Alerta: Bebendo em trecho urbano lento,L03,0.0,0.18405227661132811,0.2559,0.0338,0.0045,0.1042,64,1,0.1
43,471,Alerta,Alerta: Bebendo em trecho urbano lento,L03,0.0,0.18405227661132811,0.2202,0.0236,0.0002,0.0729,63,1,0.1
43,472,Alerta,Alerta: Bebendo em trecho urbano lento,L03,0.0,0.18405227661132811,0.2512,0.0267,0.0002,0.0833,63,1,0.1
43,473,Alerta,Alerta: Bebendo em trecho urbano lento,L03,0.0,0.18405227661132811,0.2357,0.0251,0.0003,0.0833,63,1,0.1
43,474,Alerta,Alerta: Bebendo em trecho urbano lento,L03,0.0,0.18405227661132811,0.7443,0.0827,0.0019,0.1667,59,1,0.1
43,475,Alerta,Alerta: Bebendo em trecho urbano lento,L03,0.0,0.18405227661132811,0.3874,0.0368,0.0003,0.1146,60,1,0.1
43,476,Alerta,Alerta: Bebendo em trecho urbano lento,L03,0.0,0.18405227661132811,0.2571,0.0257,0.0002,0.0833,63,1,0.1
43,477,Alerta,Alerta: Bebendo em trecho urbano lento,L03,0.0,0.18405227661132811,0.2079,0.0221,0.0002,0.0729,63,1,0.1
43,478,Alerta,Alerta: Bebendo em trecho urbano lento,L03,0.0,0.18405227661132811,0.1712,0.0198,0.0003,0.0625,64,1,0.1
43,479,Alerta,Alerta: Bebendo em trecho urbano lento,L03,0.0,0.18405227661132811,0.2036,0.0221,0.0002,0.0729,63,1,0.1
44,0,Atencao,Atencao: Conducao sob chuva forte em rodovia,A01,0.0,0.050000007078051564,0.0002,0.0001,0.0002,0.0,-1,0,0.1
44,1,Atencao,Atencao: Conducao sob chuva forte em rodovia,A01,0.0,0.050000007078051564,0.0001,0.0001,0.0001,0.0,-1,0,0.1
44,2,Atencao,Atencao: Conducao sob chuva forte em rodovia,A01,0.0,0.050000007078051564,0.0001,0.0001,0.0001,0.0,-1,0,0.1
44,3,Atencao,Atencao: Conducao sob chuva forte em rodovia,A01,0.0,0.050000007078051564,0.0001,0.0001,0.0001,0.0,-1,0,0.1
44,4,Atencao,Atencao: Conducao sob chuva forte em rodovia,A01,0.0,0.050000007078051564,0.0001,0.0001,0.0001,0.0,-1,0,0.1
44,5,Atencao,Atencao: Conducao sob chuva forte em rodovia,A01,0.0,0.050000007078051564,0.0002,0.0001,0.0001,0.0,-1,0,0.1
44,6,Atencao,Atencao: Conducao sob chuva forte em rodovia,A01,0.0,0.050000007078051564,0.0001,0.0001,0.0001,0.0,-1,0,0.1
44,7,Atencao,Atencao: Conducao sob chuva forte em rodovia,A01,0.0,0.050000007078051564,0.0001,0.0001,0.0001,0.0,-1,0,0.1
44,8,Atencao,Atencao: Conducao sob chuva forte em rodovia,A01,0.0,0.050000007078051564,0.0001,0.0001,0.0001,0.0,-1,0,0.1
44,9,Atencao,Atencao: Conducao sob chuva forte em rodovia,A01,0.0,0.050000007078051564,0.0001,0.0001,0.0001,0.0,-1,0,0.1
44,10,Atencao,Atencao: Conducao sob chuva forte em rodovia,A01,0.0,0.050000007078051564,0.0001,0.0001,0.0001,0.0,-1,0,0.1
44,11,Atencao,Atencao: Conducao sob chuva forte em rodovia,A01,0.0,0.050000007078051564,0.0001,0.0001,0.0001,0.0,-1,0,0.1
44,12,Atencao,Atencao: Conducao sob chuva forte em rodovia,A01,0.0,0.050000007078051564,0.0001,0.0001,0.0001,0.0,-1,0,0.1
44,13,Atencao,Atencao: Conducao sob chuva forte em rodovia,A01,0.0,0.050000007078051564,0.0001,0.0001,0.0001,0.0,-1,0,0.1
44,14,Atencao,Atencao: Conducao sob chuva forte em rodovia,A01,0.0,0.050000007078051564,0.0001,0.0001,0.0001,0.0,-1,0,0.1
44,15,Atencao,Atencao: Conducao sob chuva forte em rodovia,A01,0.0,0.050000007078051564,0.0001,0.0001,0.0001,0.0,-1,0,0.1
44,16,Atencao,Atencao: Conducao sob chuva forte em rodovia,A01,0.0,0.050000007078051564,0.0001,0.0001,0.0001,0.0,-1,0,0.1
44,17,Atencao,Atencao: Conducao sob chuva forte em rodovia,A01,0.0,0.050000007078051564,0.0002,0.0001,0.0001,0.0,-1,0,0.1
44,18,Atencao,Atencao: Conducao sob chuva forte em rodovia,A01,0.0,0.050000007078051564,0.0002,0.0001,0.0001,0.0,-1,0,0.1
44,19,Atencao,Atencao: Conducao sob chuva forte em rodovia,A01,0.0,0.050000007078051564,0.0002,0.0001,0.0001,0.0,-1,0,0.1
44,20,Atencao,Atencao: Conducao sob chuva forte em rodovia,A01,0.0,0.050000007078051564,0.0001,0.0001,0.0001,0.0,-1,0,0.1
44,21,Atencao,Atencao: Conducao sob chuva forte em rodovia,A01,0.0,0.050000007078051564,0.0001,0.0001,0.0001,0.0,-1,0,0.1
44,22,Atencao,Atencao: Conducao sob chuva forte em rodovia,A01,0.0,0.050000007078051564,0.0001,0.0001,0.0001,0.0,-1,0,0.1
44,23,Atencao,Atencao: Conducao sob chuva forte em rodovia,A01,0.0,0.050000007078051564,0.0001,0.0001,0.0001,0.0,-1,0,0.1
44,24,Atencao,Atencao: Conducao sob chuva forte em rodovia,A01,0.0,0.050000007078051564,0.0001,0.0001,0.0001,0.0,-1,0,0.1
44,25,Atencao,Atencao: Conducao sob chuva forte em rodovia,A01,0.0,0.050000007078051564,0.0001,0.0001,0.0001,0.0,-1,0,0.1
44,26,Atencao,Atencao: Conducao sob chuva forte em rodovia,A01,0.0,0.050000007078051564,0.0001,0.0001,0.0001,0.0,-1,0,0.1
44,27,Atencao,Atencao: Conducao sob chuva forte em rodovia,A01,0.0,0.050000007078051564,0.0001,0.0001,0.0001,0.0,-1,0,0.1
44,28,Atencao,Atencao: Conducao sob chuva forte em rodovia,A01,0.0,0.050000007078051564,0.0001,0.0001,0.0001,0.0,-1,0,0.1
44,29,Atencao,Atencao: Conducao sob chuva forte em rodovia,A01,0.0,0.050000007078051564,0.0002,0.0001,0.0001,0.0,-1,0,0.1
44,30,Atencao,Atencao: Conducao sob chuva forte em rodovia,A01,0.0,0.050000007078051564,0.0002,0.0001,0.0001,0.0,-1,0,0.1
44,31,Atencao,Atencao: Conducao sob chuva forte em rodovia,A01,0.0,0.050000007078051564,0.0001,0.0001,0.0001,0.0,-1,0,0.1
44,32,Atencao,Atencao: Conducao sob chuva forte em rodovia,A01,0.0,0.050000007078051564,0.0001,0.0001,0.0001,0.0,-1,0,0.1
44,33,Atencao,Atencao: Conducao sob chuva forte em rodovia,A01,0.0,0.050000007078051564,0.0001,0.0001,0.0001,0.0,-1,0,0.1
44,34,Atencao,Atencao: Conducao sob chuva forte em rodovia,A01,0.0,0.050000007078051564,0.0001,0.0001,0.0001,0.0,-1,0,0.1
44,35,Atencao,Atencao: Conducao sob chuva forte em rodovia,A01,0.0,0.050000007078051564,0.0001,0.0001,0.0001,0.0,-1,0,0.1
44,36,Atencao,Atencao: Conducao sob chuva forte em rodovia,A01,0.0,0.050000007078051564,0.0001,0.0001,0.0001,0.0,-1,0,0.1
44,37,Atencao,Atencao: Conducao sob chuva forte em rodovia,A01,0.0,0.050000007078051564,0.0001,0.0001,0.0001,0.0,-1,0,0.1
44,38,Atencao,Atencao: Conducao sob chuva forte em rodovia,A01,0.0,0.050000007078051564,0.0001,0.0001,0.0001,0.0,-1,0,0.1
44,39,Atencao,Atencao: Conducao sob chuva forte em rodovia,A01,0.0,0.050000007078051564,0.0001,0.0001,0.0001,0.0,-1,0,0.1
44,40,Atencao,Atencao: Conducao sob chuva forte em rodovia,A01,0.0,0.050000007078051564,0.0001,0.0001,0.0001,0.0,-1,0,0.1
44,41,Atencao,Atencao: Conducao sob chuva forte em rodovia,A01,0.0,0.050000007078051564,0.0001,0.0001,0.0001,0.0,-1,0,0.1
44,42,Atencao,Atencao: Conducao sob chuva forte em rodovia,A01,0.0,0.050000007078051564,0.0002,0.0001,0.0001,0.0,-1,0,0.1
44,43,Atencao,Atencao: Conducao sob chuva forte em rodovia,A01,0.0,0.050000007078051564,0.0001,0.0001,0.0001,0.0,-1,0,0.1
44,44,Atencao,Atencao: Conducao sob chuva forte em rodovia,A01,0.0,0.050000007078051564,0.0001,0.0001,0.0001,0.0,-1,0,0.1
44,45,Atencao,Atencao: Conducao sob chuva forte em rodovia,A01,0.0,0.050000007078051564,0.0001,0.0001,0.0001,0.0,-1,0,0.1
44,46,Atencao,Atencao: Conducao sob chuva forte em rodovia,A01,0.0,0.050000007078051564,0.0001,0.0001,0.0001,0.0,-1,0,0.1
44,47,Atencao,Atencao: Conducao sob chuva forte em rodovia,A01,0.0,0.050000007078051564,0.0001,0.0001,0.0001,0.0,-1,0,0.1
44,48,Atencao,Atencao: Conducao sob chuva forte em rodovia,A01,0.0,0.050000007078051564,0.0001,0.0001,0.0001,0.0,-1,0,0.1
44,49,Atencao,Atencao: Conducao sob chuva forte em rodovia,A01,0.0,0.050000007078051564,0.0001,0.0001,0.0001,0.0,-1,0,0.1
44,50,Atencao,Atencao: Conducao sob chuva forte em rodovia,A01,0.0,0.050000007078051564,0.0001,0.0001,0.0001,0.0,-1,0,0.1
44,51,Atencao,Atencao: Conducao sob chuva forte em rodovia,A01,0.0,0.050000007078051564,0.0001,0.0001,0.0001,0.0,-1,0,0.1
44,52,Atencao,Atencao: Conducao sob chuva forte em rodovia,A01,0.0,0.050000007078051564,0.0001,0.0001,0.0001,0.0,-1,0,0.1
44,53,Atencao,Atencao: Conducao sob chuva forte em rodovia,A01,0.0,0.050000007078051564,0.0001,0.0001,0.0001,0.0,-1,0,0.1
44,54,Atencao,Atencao: Conducao sob chuva forte em rodovia,A01,0.0,0.050000007078051564,0.0002,0.0001,0.0001,0.0,-1,0,0.1
44,55,Atencao,Atencao: Conducao sob chuva forte em rodovia,A01,0.0,0.050000007078051564,0.0001,0.0001,0.0001,0.0,-1,0,0.1
44,56,Atencao,Atencao: Conducao sob chuva forte em rodovia,A01,0.0,0.050000007078051564,0.0001,0.0001,0.0001,0.0,-1,0,0.1
44,57,Atencao,Atencao: Conducao sob chuva forte em rodovia,A01,0.0,0.050000007078051564,0.0001,0.0001,0.0001,0.0,-1,0,0.1
44,58,Atencao,Atencao: Conducao sob chuva forte em rodovia,A01,0.0,0.050000007078051564,0.0002,0.0001,0.0001,0.0,-1,0,0.1
44,59,Atencao,Atencao: Conducao sob chuva forte em rodovia,A01,0.0,0.050000007078051564,0.0001,0.0001,0.0001,0.0,-1,0,0.1
44,60,Atencao,Atencao: Conducao sob chuva forte em rodovia,A01,0.0,0.050000007078051564,0.0002,0.0001,0.0001,0.0,-1,0,0.1
44,61,Atencao,Atencao: Conducao sob chuva forte em rodovia,A01,0.0,0.050000007078051564,0.0001,0.0001,0.0001,0.0,-1,0,0.1
44,62,Atencao,Atencao: Conducao sob chuva forte em rodovia,A01,0.0,0.050000007078051564,0.0001,0.0001,0.0001,0.0,-1,0,0.1
44,63,Atencao,Atencao: Conducao sob chuva forte em rodovia,A01,0.0,0.050000007078051564,0.0001,0.0001,0.0001,0.0,-1,0,0.1
44,64,Atencao,Atencao: Conducao sob chuva forte em rodovia,A01,0.0,0.050000007078051564,0.0001,0.0001,0.0001,0.0,-1,0,0.1
44,65,Atencao,Atencao: Conducao sob chuva forte em rodovia,A01,0.0,0.050000007078051564,0.0001,0.0001,0.0001,0.0,-1,0,0.1
44,66,Atencao,Atencao: Conducao sob chuva forte em rodovia,A01,0.0,0.050000007078051564,0.0001,0.0001,0.0001,0.0,-1,0,0.1
44,67,Atencao,Atencao: Conducao sob chuva forte em rodovia,A01,0.0,0.050000007078051564,0.0001,0.0001,0.0001,0.0,-1,0,0.1
44,68,Atencao,Atencao: Conducao sob chuva forte em rodovia,A01,0.0,0.050000007078051564,0.0001,0.0001,0.0001,0.0,-1,0,0.1
44,69,Atencao,Atencao: Conducao sob chuva forte em rodovia,A01,0.0,0.050000007078051564,0.0001,0.0001,0.0001,0.0,-1,0,0.1
44,70,Atencao,Atencao: Conducao sob chuva forte em rodovia,A01,0.0,0.050000007078051564,0.0001,0.0001,0.0001,0.0,-1,0,0.1
44,71,Atencao,Atencao: Conducao sob chuva forte em rodovia,A01,0.0,0.050000007078051564,0.0001,0.0001,0.0001,0.0,-1,0,0.1
44,72,Atencao,Atencao: Conducao sob chuva forte em rodovia,A01,0.0,0.050000007078051564,0.0001,0.0001,0.0001,0.0,-1,0,0.1
44,73,Atencao,Atencao: Conducao sob chuva forte em rodovia,A01,0.0,0.050000007078051564,0.0001,0.0001,0.0001,0.0,-1,0,0.1
44,74,Atencao,Atencao: Conducao sob chuva forte em rodovia,A01,0.0,0.050000007078051564,0.0001,0.0001,0.0001,0.0,-1,0,0.1
44,75,Atencao,Atencao: Conducao sob chuva forte em rodovia,A01,0.0,0.050000007078051564,0.0001,0.0001,0.0001,0.0,-1,0,0.1
44,76,Atencao,Atencao: Conducao sob chuva forte em rodovia,A01,0.0,0.050000007078051564,0.0001,0.0001,0.0001,0.0,-1,0,0.1
44,77,Atencao,Atencao: Conducao sob chuva forte em rodovia,A01,0.0,0.050000007078051564,0.0001,0.0001,0.0001,0.0,-1,0,0.1
44,78,Atencao,Atencao: Conducao sob chuva forte em rodovia,A01,0.0,0.050000007078051564,0.0002,0.0001,0.0001,0.0,-1,0,0.1
44,79,Atencao,Atencao: Conducao sob chuva forte em rodovia,A01,0.0,0.050000007078051564,0.0001,0.0001,0.0001,0.0,-1,0,0.1
44,80,Atencao,Atencao: Trafego congestionado noturno urbano,A02,0.0,0.050000007078051564,0.9683,0.9616,0.9648,1.0,0,1,0.1
44,81,Atencao,Atencao: Trafego congestionado noturno urbano,A02,0.0,0.050000007078051564,0.9688,0.9622,0.9625,1.0,0,1,0.1
44,82,Atencao,Atencao: Trafego congestionado noturno urbano,A02,0.0,0.050000007078051564,0.9702,0.9617,0.9633,1.0,0,1,0.1
44,83,Atencao,Atencao: Trafego congestionado noturno urbano,A02,0.0,0.050000007078051564,0.9687,0.9615,0.9628,1.0,0,1,0.1
44,84,Atencao,Atencao: Trafego congestionado noturno urbano,A02,0.0,0.050000007078051564,0.9752,0.9581,0.9625,1.0,0,1,0.1
44,85,Atencao,Atencao: Trafego congestionado noturno urbano,A02,0.0,0.050000007078051564,0.9676,0.9618,0.9634,1.0,0,1,0.1
44,86,Atencao,Atencao: Trafego congestionado noturno urbano,A02,0.0,0.050000007078051564,0.9669,0.9621,0.963,1.0,0,1,0.1
44,87,Atencao,Atencao: Trafego congestionado noturno urbano,A02,0.0,0.050000007078051564,0.9761,0.9615,0.9617,1.0,0,1,0.1
44,88,Atencao,Atencao: Trafego congestionado noturno urbano,A02,0.0,0.050000007078051564,0.9673,0.9619,0.964,1.0,0,1,0.1
44,89,Atencao,Atencao: Trafego congestionado noturno urbano,A02,0.0,0.050000007078051564,0.9762,0.9622,0.9746,1.0,0,1,0.1
44,90,Atencao,Atencao: Trafego congestionado noturno urbano,A02,0.0,0.050000007078051564,0.9623,0.9575,0.9581,1.0,0,1,0.1
44,91,Atencao,Atencao: Trafego congestionado noturno urbano,A02,0.0,0.050000007078051564,0.9766,0.9622,0.9691,1.0,0,1,0.1
44,92,Atencao,Atencao: Trafego congestionado noturno urbano,A02,0.0,0.050000007078051564,0.9661,0.9624,0.9649,1.0,0,1,0.1
44,93,Atencao,Atencao: Trafego congestionado noturno urbano,A02,0.0,0.050000007078051564,0.9697,0.9616,0.9582,1.0,0,1,0.1
44,94,Atencao,Atencao: Trafego congestionado noturno urbano,A02,0.0,0.050000007078051564,0.9677,0.962,0.9609,1.0,0,1,0.1
44,95,Atencao,Atencao: Trafego congestionado noturno urbano,A02,0.0,0.050000007078051564,0.9777,0.9623,0.9537,1.0,0,1,0.1
44,96,Atencao,Atencao: Trafego congestionado noturno urbano,A02,0.0,0.050000007078051564,0.968,0.962,0.9622,1.0,0,1,0.1
44,97,Atencao,Atencao: Trafego congestionado noturno urbano,A02,0.0,0.050000007078051564,0.9673,0.9618,0.9654,1.0,0,1,0.1
44,98,Atencao,Atencao: Trafego congestionado noturno urbano,A02,0.0,0.050000007078051564,0.9659,0.9617,0.9628,1.0,0,1,0.1
44,99,Atencao,Atencao: Trafego congestionado noturno urbano,A02,0.0,0.050000007078051564,0.9663,0.9622,0.961,1.0,0,1,0.1
44,100,Atencao,Atencao: Trafego congestionado noturno urbano,A02,0.0,0.050000007078051564,0.9626,0.958,0.9566,1.0,0,1,0.1
44,101,Atencao,Atencao: Trafego congestionado noturno urbano,A02,0.0,0.050000007078051564,0.9687,0.9619,0.9617,1.0,0,1,0.1
44,102,Atencao,Atencao: Trafego congestionado noturno urbano,A02,0.0,0.050000007078051564,0.9681,0.9624,0.9583,1.0,0,1,0.1
44,103,Atencao,Atencao: Trafego congestionado noturno urbano,A02,0.0,0.050000007078051564,0.9687,0.9628,0.964,1.0,0,1,0.1
44,104,Atencao,Atencao: Trafego congestionado noturno urbano,A02,0.0,0.050000007078051564,0.9663,0.9618,0.9628,1.0,0,1,0.1
44,105,Atencao,Atencao: Trafego congestionado noturno urbano,A02,0.0,0.050000007078051564,0.9771,0.9617,0.9557,1.0,0,1,0.1
44,106,Atencao,Atencao: Trafego congestionado noturno urbano,A02,0.0,0.050000007078051564,0.9632,0.9565,0.9602,1.0,0,1,0.1
44,107,Atencao,Atencao: Trafego congestionado noturno urbano,A02,0.0,0.050000007078051564,0.9675,0.9619,0.9625,1.0,0,1,0.1
44,108,Atencao,Atencao: Trafego congestionado noturno urbano,A02,0.0,0.050000007078051564,0.967,0.961,0.9632,1.0,0,1,0.1
44,109,Atencao,Atencao: Trafego congestionado noturno urbano,A02,0.0,0.050000007078051564,0.9674,0.9623,0.9621,1.0,0,1,0.1
44,110,Atencao,Atencao: Trafego congestionado noturno urbano,A02,0.0,0.050000007078051564,0.9702,0.9615,0.9653,1.0,0,1,0.1
44,111,Atencao,Atencao: Trafego congestionado noturno urbano,A02,0.0,0.050000007078051564,0.964,0.9579,0.9622,1.0,0,1,0.1
44,112,Atencao,Atencao: Trafego congestionado noturno urbano,A02,0.0,0.050000007078051564,0.9676,0.9615,0.9613,1.0,0,1,0.1
44,113,Atencao,Atencao: Trafego congestionado noturno urbano,A02,0.0,0.050000007078051564,0.9642,0.9582,0.9594,1.0,0,1,0.1
44,114,Atencao,Atencao: Trafego congestionado noturno urbano,A02,0.0,0.050000007078051564,0.9776,0.9624,0.9572,1.0,0,1,0.1
44,115,Atencao,Atencao: Trafego congestionado noturno urbano,A02,0.0,0.050000007078051564,0.966,0.9587,0.9622,1.0,0,1,0.1
44,116,Atencao,Atencao: Trafego congestionado noturno urbano,A02,0.0,0.050000007078051564,0.9681,0.962,0.9594,1.0,0,1,0.1
44,117,Atencao,Atencao: Trafego congestionado noturno urbano,A02,0.0,0.050000007078051564,0.9674,0.9619,0.9584,1.0,0,1,0.1
44,118,Atencao,Atencao: Trafego congestionado noturno urbano,A02,0.0,0.050000007078051564,0.9711,0.9621,0.9648,1.0,0,1,0.1
44,119,Atencao,Atencao: Trafego congestionado noturno urbano,A02,0.0,0.050000007078051564,0.9688,0.9622,0.9636,1.0,0,1,0.1
44,120,Atencao,Atencao: Trafego congestionado noturno urbano,A02,0.0,0.050000007078051564,0.9771,0.9583,0.9509,1.0,0,1,0.1
44,121,Atencao,Atencao: Trafego congestionado noturno urbano,A02,0.0,0.050000007078051564,0.9662,0.9619,0.9638,1.0,0,1,0.1
44,122,Atencao,Atencao: Trafego congestionado noturno urbano,A02,0.0,0.050000007078051564,0.9674,0.9625,0.9628,1.0,0,1,0.1
44,123,Atencao,Atencao: Trafego congestionado noturno urbano,A02,0.0,0.050000007078051564,0.9685,0.9624,0.9608,1.0,0,1,0.1
44,124,Atencao,Atencao: Trafego congestionado noturno urbano,A02,0.0,0.050000007078051564,0.9684,0.9619,0.9595,1.0,0,1,0.1
44,125,Atencao,Atencao: Trafego congestionado noturno urbano,A02,0.0,0.050000007078051564,0.9688,0.9581,0.9651,1.0,0,1,0.1
44,126,Atencao,Atencao: Trafego congestionado noturno urbano,A02,0.0,0.050000007078051564,0.9683,0.9621,0.9603,1.0,0,1,0.1
44,127,Atencao,Atencao: Trafego congestionado noturno urbano,A02,0.0,0.050000007078051564,0.9723,0.9617,0.9652,1.0,0,1,0.1
44,128,Atencao,Atencao: Trafego congestionado noturno urbano,A02,0.0,0.050000007078051564,0.9655,0.9615,0.9593,1.0,0,1,0.1
44,129,Atencao,Atencao: Trafego congestionado noturno urbano,A02,0.0,0.050000007078051564,0.9685,0.9622,0.9598,1.0,0,1,0.1
44,130,Atencao,Atencao: Trafego congestionado noturno urbano,A02,0.0,0.050000007078051564,0.9673,0.9619,0.9657,1.0,0,1,0.1
44,131,Atencao,Atencao: Trafego congestionado noturno urbano,A02,0.0,0.050000007078051564,0.9658,0.9619,0.9634,1.0,0,1,0.1
44,132,Atencao,Atencao: Trafego congestionado noturno urbano,A02,0.0,0.050000007078051564,0.9676,0.9615,0.9596,1.0,0,1,0.1
44,133,Atencao,Atencao: Trafego congestionado noturno urbano,A02,0.0,0.050000007078051564,0.9666,0.9616,0.9573,1.0,0,1,0.1
44,134,Atencao,Atencao: Trafego congestionado noturno urbano,A02,0.0,0.050000007078051564,0.9694,0.9596,0.9605,1.0,0,1,0.1
44,135,Atencao,Atencao: Trafego congestionado noturno urbano,A02,0.0,0.050000007078051564,0.9696,0.9614,0.9594,1.0,0,1,0.1
44,136,Atencao,Atencao: Trafego congestionado noturno urbano,A02,0.0,0.050000007078051564,0.9774,0.9633,0.9723,1.0,0,1,0.1
44,137,Atencao,Atencao: Trafego congestionado noturno urbano,A02,0.0,0.050000007078051564,0.9683,0.9631,0.9668,1.0,0,1,0.1
44,138,Atencao,Atencao: Trafego congestionado noturno urbano,A02,0.0,0.050000007078051564,0.9684,0.9623,0.966,1.0,0,1,0.1
44,139,Atencao,Atencao: Trafego congestionado noturno urbano,A02,0.0,0.050000007078051564,0.9677,0.9619,0.9597,1.0,0,1,0.1
44,140,Atencao,Atencao: Trafego congestionado noturno urbano,A02,0.0,0.050000007078051564,0.9656,0.9604,0.964,1.0,0,1,0.1
44,141,Atencao,Atencao: Trafego congestionado noturno urbano,A02,0.0,0.050000007078051564,0.9685,0.9626,0.9654,1.0,0,1,0.1
44,142,Atencao,Atencao: Trafego congestionado noturno urbano,A02,0.0,0.050000007078051564,0.9686,0.9617,0.9663,1.0,0,1,0.1
44,143,Atencao,Atencao: Trafego congestionado noturno urbano,A02,0.0,0.050000007078051564,0.9756,0.9587,0.957,1.0,0,1,0.1
44,144,Atencao,Atencao: Trafego congestionado noturno urbano,A02,0.0,0.050000007078051564,0.9674,0.9622,0.9631,1.0,0,1,0.1
44,145,Atencao,Atencao: Trafego congestionado noturno urbano,A02,0.0,0.050000007078051564,0.9764,0.9628,0.9697,1.0,0,1,0.1
44,146,Atencao,Atencao: Trafego congestionado noturno urbano,A02,0.0,0.050000007078051564,0.9698,0.962,0.961,1.0,0,1,0.1
44,147,Atencao,Atencao: Trafego congestionado noturno urbano,A02,0.0,0.050000007078051564,0.9666,0.9617,0.9612,1.0,0,1,0.1
44,148,Atencao,Atencao: Trafego congestionado noturno urbano,A02,0.0,0.050000007078051564,0.9758,0.9577,0.9573,1.0,0,1,0.1
44,149,Atencao,Atencao: Trafego congestionado noturno urbano,A02,0.0,0.050000007078051564,0.9674,0.9613,0.9584,1.0,0,1,0.1
44,150,Atencao,Atencao: Trafego congestionado noturno urbano,A02,0.0,0.050000007078051564,0.9666,0.9622,0.9626,1.0,0,1,0.1
44,151,Atencao,Atencao: Trafego congestionado noturno urbano,A02,0.0,0.050000007078051564,0.9692,0.9618,0.9626,1.0,0,1,0.1
44,152,Atencao,Atencao: Trafego congestionado noturno urbano,A02,0.0,0.050000007078051564,0.9697,0.9617,0.9605,1.0,0,1,0.1
44,153,Atencao,Atencao: Trafego congestionado noturno urbano,A02,0.0,0.050000007078051564,0.9707,0.962,0.9668,1.0,0,1,0.1
44,154,Atencao,Atencao: Trafego congestionado noturno urbano,A02,0.0,0.050000007078051564,0.9678,0.9618,0.9557,1.0,0,1,0.1
44,155,Atencao,Atencao: Trafego congestionado noturno urbano,A02,0.0,0.050000007078051564,0.9776,0.9619,0.9704,1.0,0,1,0.1
44,156,Atencao,Atencao: Trafego congestionado noturno urbano,A02,0.0,0.050000007078051564,0.9749,0.9592,0.9718,1.0,0,1,0.1
44,157,Atencao,Atencao: Trafego congestionado noturno urbano,A02,0.0,0.050000007078051564,0.9695,0.9616,0.9601,1.0,0,1,0.1
44,158,Atencao,Atencao: Trafego congestionado noturno urbano,A02,0.0,0.050000007078051564,0.9772,0.96,0.9467,1.0,0,1,0.1
44,159,Atencao,Atencao: Trafego congestionado noturno urbano,A02,0.0,0.050000007078051564,0.9677,0.9623,0.9606,1.0,0,1,0.1
44,160,Atencao,Atencao: Rodovia noturna com chuva e alta velocidade,A03,0.0,0.050000007078051564,0.0002,0.0002,0.0002,0.0,-1,0,0.1
44,161,Atencao,Atencao: Rodovia noturna com chuva e alta velocidade,A03,0.0,0.050000007078051564,0.0002,0.0002,0.0002,0.0,-1,0,0.1
44,162,Atencao,Atencao: Rodovia noturna com chuva e alta velocidade,A03,0.0,0.050000007078051564,0.0002,0.0002,0.0002,0.0,-1,0,0.1
44,163,Atencao,Atencao: Rodovia noturna com chuva e alta velocidade,A03,0.0,0.050000007078051564,0.0002,0.0002,0.0002,0.0,-1,0,0.1
44,164,Atencao,Atencao: Rodovia noturna com chuva e alta velocidade,A03,0.0,0.050000007078051564,0.0002,0.0002,0.0002,0.0,-1,0,0.1
44,165,Atencao,Atencao: Rodovia noturna com chuva e alta velocidade,A03,0.0,0.050000007078051564,0.0002,0.0002,0.0002,0.0,-1,0,0.1
44,166,Atencao,Atencao: Rodovia noturna com chuva e alta velocidade,A03,0.0,0.050000007078051564,0.0002,0.0002,0.0001,0.0,-1,0,0.1
44,167,Atencao,Atencao: Rodovia noturna com chuva e alta velocidade,A03,0.0,0.050000007078051564,0.0002,0.0002,0.0002,0.0,-1,0,0.1
44,168,Atencao,Atencao: Rodovia noturna com chuva e alta velocidade,A03,0.0,0.050000007078051564,0.0005,0.0002,0.0004,0.0,-1,0,0.1
44,169,Atencao,Atencao: Rodovia noturna com chuva e alta velocidade,A03,0.0,0.050000007078051564,0.0004,0.0002,0.0002,0.0,-1,0,0.1
44,170,Atencao,Atencao: Rodovia noturna com chuva e alta velocidade,A03,0.0,0.050000007078051564,0.0003,0.0002,0.0002,0.0,-1,0,0.1
44,171,Atencao,Atencao: Rodovia noturna com chuva e alta velocidade,A03,0.0,0.050000007078051564,0.0002,0.0002,0.0001,0.0,-1,0,0.1
44,172,Atencao,Atencao: Rodovia noturna com chuva e alta velocidade,A03,0.0,0.050000007078051564,0.0002,0.0002,0.0001,0.0,-1,0,0.1
44,173,Atencao,Atencao: Rodovia noturna com chuva e alta velocidade,A03,0.0,0.050000007078051564,0.0003,0.0002,0.0002,0.0,-1,0,0.1
44,174,Atencao,Atencao: Rodovia noturna com chuva e alta velocidade,A03,0.0,0.050000007078051564,0.0002,0.0002,0.0002,0.0,-1,0,0.1
44,175,Atencao,Atencao: Rodovia noturna com chuva e alta velocidade,A03,0.0,0.050000007078051564,0.0002,0.0002,0.0002,0.0,-1,0,0.1
44,176,Atencao,Atencao: Rodovia noturna com chuva e alta velocidade,A03,0.0,0.050000007078051564,0.0002,0.0002,0.0002,0.0,-1,0,0.1
44,177,Atencao,Atencao: Rodovia noturna com chuva e alta velocidade,A03,0.0,0.050000007078051564,0.0002,0.0002,0.0002,0.0,-1,0,0.1
44,178,Atencao,Atencao: Rodovia noturna com chuva e alta velocidade,A03,0.0,0.050000007078051564,0.0003,0.0002,0.0002,0.0,-1,0,0.1
44,179,Atencao,Atencao: Rodovia noturna com chuva e alta velocidade,A03,0.0,0.050000007078051564,0.0002,0.0002,0.0002,0.0,-1,0,0.1
44,180,Atencao,Atencao: Rodovia noturna com chuva e alta velocidade,A03,0.0,0.050000007078051564,0.0006,0.0002,0.0002,0.0,-1,0,0.1
44,181,Atencao,Atencao: Rodovia noturna com chuva e alta velocidade,A03,0.0,0.050000007078051564,0.0003,0.0002,0.0002,0.0,-1,0,0.1
44,182,Atencao,Atencao: Rodovia noturna com chuva e alta velocidade,A03,0.0,0.050000007078051564,0.0002,0.0002,0.0002,0.0,-1,0,0.1
44,183,Atencao,Atencao: Rodovia noturna com chuva e alta velocidade,A03,0.0,0.050000007078051564,0.0002,0.0002,0.0001,0.0,-1,0,0.1
44,184,Atencao,Atencao: Rodovia noturna com chuva e alta velocidade,A03,0.0,0.050000007078051564,0.0002,0.0002,0.0002,0.0,-1,0,0.1
44,185,Atencao,Atencao: Rodovia noturna com chuva e alta velocidade,A03,0.0,0.050000007078051564,0.0004,0.0002,0.0002,0.0,-1,0,0.1
44,186,Atencao,Atencao: Rodovia noturna com chuva e alta velocidade,A03,0.0,0.050000007078051564,0.0002,0.0002,0.0002,0.0,-1,0,0.1
44,187,Atencao,Atencao: Rodovia noturna com chuva e alta velocidade,A03,0.0,0.050000007078051564,0.0002,0.0002,0.0002,0.0,-1,0,0.1
44,188,Atencao,Atencao: Rodovia noturna com chuva e alta velocidade,A03,0.0,0.050000007078051564,0.0002,0.0002,0.0001,0.0,-1,0,0.1
44,189,Atencao,Atencao: Rodovia noturna com chuva e alta velocidade,A03,0.0,0.050000007078051564,0.0002,0.0002,0.0002,0.0,-1,0,0.1
44,190,Atencao,Atencao: Rodovia noturna com chuva e alta velocidade,A03,0.0,0.050000007078051564,0.0002,0.0002,0.0001,0.0,-1,0,0.1
44,191,Atencao,Atencao: Rodovia noturna com chuva e alta velocidade,A03,0.0,0.050000007078051564,0.0002,0.0002,0.0002,0.0,-1,0,0.1
44,192,Atencao,Atencao: Rodovia noturna com chuva e alta velocidade,A03,0.0,0.050000007078051564,0.0002,0.0002,0.0001,0.0,-1,0,0.1
44,193,Atencao,Atencao: Rodovia noturna com chuva e alta velocidade,A03,0.0,0.050000007078051564,0.0002,0.0002,0.0002,0.0,-1,0,0.1
44,194,Atencao,Atencao: Rodovia noturna com chuva e alta velocidade,A03,0.0,0.050000007078051564,0.0002,0.0002,0.0001,0.0,-1,0,0.1
44,195,Atencao,Atencao: Rodovia noturna com chuva e alta velocidade,A03,0.0,0.050000007078051564,0.0002,0.0002,0.0002,0.0,-1,0,0.1
44,196,Atencao,Atencao: Rodovia noturna com chuva e alta velocidade,A03,0.0,0.050000007078051564,0.0002,0.0002,0.0001,0.0,-1,0,0.1
44,197,Atencao,Atencao: Rodovia noturna com chuva e alta velocidade,A03,0.0,0.050000007078051564,0.0002,0.0002,0.0002,0.0,-1,0,0.1
44,198,Atencao,Atencao: Rodovia noturna com chuva e alta velocidade,A03,0.0,0.050000007078051564,0.0002,0.0002,0.0002,0.0,-1,0,0.1
44,199,Atencao,Atencao: Rodovia noturna com chuva e alta velocidade,A03,0.0,0.050000007078051564,0.0005,0.0002,0.0001,0.0,-1,0,0.1
44,200,Atencao,Atencao: Rodovia noturna com chuva e alta velocidade,A03,0.0,0.050000007078051564,0.0002,0.0002,0.0002,0.0,-1,0,0.1
44,201,Atencao,Atencao: Rodovia noturna com chuva e alta velocidade,A03,0.0,0.050000007078051564,0.0002,0.0002,0.0002,0.0,-1,0,0.1
44,202,Atencao,Atencao: Rodovia noturna com chuva e alta velocidade,A03,0.0,0.050000007078051564,0.0002,0.0002,0.0001,0.0,-1,0,0.1
44,203,Atencao,Atencao: Rodovia noturna com chuva e alta velocidade,A03,0.0,0.050000007078051564,0.0002,0.0002,0.0002,0.0,-1,0,0.1
44,204,Atencao,Atencao: Rodovia noturna com chuva e alta velocidade,A03,0.0,0.050000007078051564,0.0002,0.0002,0.0002,0.0,-1,0,0.1
44,205,Atencao,Atencao: Rodovia noturna com chuva e alta velocidade,A03,0.0,0.050000007078051564,0.0002,0.0002,0.0002,0.0,-1,0,0.1
44,206,Atencao,Atencao: Rodovia noturna com chuva e alta velocidade,A03,0.0,0.050000007078051564,0.0002,0.0002,0.0002,0.0,-1,0,0.1
44,207,Atencao,Atencao: Rodovia noturna com chuva e alta velocidade,A03,0.0,0.050000007078051564,0.0002,0.0002,0.0002,0.0,-1,0,0.1
44,208,Atencao,Atencao: Rodovia noturna com chuva e alta velocidade,A03,0.0,0.050000007078051564,0.0002,0.0002,0.0002,0.0,-1,0,0.1
44,209,Atencao,Atencao: Rodovia noturna com chuva e alta velocidade,A03,0.0,0.050000007078051564,0.0002,0.0002,0.0002,0.0,-1,0,0.1
44,210,Atencao,Atencao: Rodovia noturna com chuva e alta velocidade,A03,0.0,0.050000007078051564,0.0002,0.0002,0.0002,0.0,-1,0,0.1
44,211,Atencao,Atencao: Rodovia noturna com chuva e alta velocidade,A03,0.0,0.050000007078051564,0.0002,0.0002,0.0002,0.0,-1,0,0.1
44,212,Atencao,Atencao: Rodovia noturna com chuva e alta velocidade,A03,0.0,0.050000007078051564,0.0002,0.0002,0.0001,0.0,-1,0,0.1
44,213,Atencao,Atencao: Rodovia noturna com chuva e alta velocidade,A03,0.0,0.050000007078051564,0.0002,0.0002,0.0002,0.0,-1,0,0.1
44,214,Atencao,Atencao: Rodovia noturna com chuva e alta velocidade,A03,0.0,0.050000007078051564,0.0002,0.0002,0.0002,0.0,-1,0,0.1
44,215,Atencao,Atencao: Rodovia noturna com chuva e alta velocidade,A03,0.0,0.050000007078051564,0.0002,0.0002,0.0002,0.0,-1,0,0.1
44,216,Atencao,Atencao: Rodovia noturna com chuva e alta velocidade,A03,0.0,0.050000007078051564,0.0002,0.0002,0.0002,0.0,-1,0,0.1
44,217,Atencao,Atencao: Rodovia noturna com chuva e alta velocidade,A03,0.0,0.050000007078051564,0.0004,0.0002,0.0002,0.0,-1,0,0.1
44,218,Atencao,Atencao: Rodovia noturna com chuva e alta velocidade,A03,0.0,0.050000007078051564,0.0002,0.0002,0.0002,0.0,-1,0,0.1
44,219,Atencao,Atencao: Rodovia noturna com chuva e alta velocidade,A03,0.0,0.050000007078051564,0.0002,0.0002,0.0002,0.0,-1,0,0.1
44,220,Atencao,Atencao: Rodovia noturna com chuva e alta velocidade,A03,0.0,0.050000007078051564,0.0002,0.0002,0.0002,0.0,-1,0,0.1
44,221,Atencao,Atencao: Rodovia noturna com chuva e alta velocidade,A03,0.0,0.050000007078051564,0.0002,0.0002,0.0001,0.0,-1,0,0.1
44,222,Atencao,Atencao: Rodovia noturna com chuva e alta velocidade,A03,0.0,0.050000007078051564,0.0002,0.0002,0.0002,0.0,-1,0,0.1
44,223,Atencao,Atencao: Rodovia noturna com chuva e alta velocidade,A03,0.0,0.050000007078051564,0.0003,0.0002,0.0001,0.0,-1,0,0.1
44,224,Atencao,Atencao: Rodovia noturna com chuva e alta velocidade,A03,0.0,0.050000007078051564,0.0002,0.0002,0.0002,0.0,-1,0,0.1
44,225,Atencao,Atencao: Rodovia noturna com chuva e alta velocidade,A03,0.0,0.050000007078051564,0.0002,0.0002,0.0001,0.0,-1,0,0.1
44,226,Atencao,Atencao: Rodovia noturna com chuva e alta velocidade,A03,0.0,0.050000007078051564,0.0002,0.0002,0.0002,0.0,-1,0,0.1
44,227,Atencao,Atencao: Rodovia noturna com chuva e alta velocidade,A03,0.0,0.050000007078051564,0.0003,0.0002,0.0001,0.0,-1,0,0.1
44,228,Atencao,Atencao: Rodovia noturna com chuva e alta velocidade,A03,0.0,0.050000007078051564,0.0005,0.0002,0.0002,0.0,-1,0,0.1
44,229,Atencao,Atencao: Rodovia noturna com chuva e alta velocidade,A03,0.0,0.050000007078051564,0.0003,0.0002,0.0001,0.0,-1,0,0.1
44,230,Atencao,Atencao: Rodovia noturna com chuva e alta velocidade,A03,0.0,0.050000007078051564,0.0002,0.0002,0.0002,0.0,-1,0,0.1
44,231,Atencao,Atencao: Rodovia noturna com chuva e alta velocidade,A03,0.0,0.050000007078051564,0.0002,0.0002,0.0002,0.0,-1,0,0.1
44,232,Atencao,Atencao: Rodovia noturna com chuva e alta velocidade,A03,0.0,0.050000007078051564,0.0002,0.0002,0.0002,0.0,-1,0,0.1
44,233,Atencao,Atencao: Rodovia noturna com chuva e alta velocidade,A03,0.0,0.050000007078051564,0.0002,0.0002,0.0001,0.0,-1,0,0.1
44,234,Atencao,Atencao: Rodovia noturna com chuva e alta velocidade,A03,0.0,0.050000007078051564,0.0005,0.0002,0.0002,0.0,-1,0,0.1
44,235,Atencao,Atencao: Rodovia noturna com chuva e alta velocidade,A03,0.0,0.050000007078051564,0.0002,0.0002,0.0001,0.0,-1,0,0.1
44,236,Atencao,Atencao: Rodovia noturna com chuva e alta velocidade,A03,0.0,0.050000007078051564,0.0002,0.0002,0.0002,0.0,-1,0,0.1
44,237,Atencao,Atencao: Rodovia noturna com chuva e alta velocidade,A03,0.0,0.050000007078051564,0.0008,0.0002,0.0005,0.0,-1,0,0.1
44,238,Atencao,Atencao: Rodovia noturna com chuva e alta velocidade,A03,0.0,0.050000007078051564,0.0002,0.0002,0.0002,0.0,-1,0,0.1
44,239,Atencao,Atencao: Rodovia noturna com chuva e alta velocidade,A03,0.0,0.050000007078051564,0.0002,0.0002,0.0001,0.0,-1,0,0.1
44,240,Alerta,Alerta: Conversa prolongada em rodovia,L01,0.0,0.18333696946501732,0.0763,0.0189,0.0558,0.0,-1,0,0.1
44,241,Alerta,Alerta: Conversa prolongada em rodovia,L01,0.0,0.18333696946501732,0.9652,0.1671,0.8796,0.2396,75,1,0.1
44,242,Alerta,Alerta: Conversa prolongada em rodovia,L01,0.0,0.18333696946501732,0.0562,0.0179,0.0559,0.0,-1,0,0.1
44,243,Alerta,Alerta: Conversa prolongada em rodovia,L01,0.0,0.18333696946501732,0.9214,0.1291,0.0882,0.2083,68,1,0.1
44,244,Alerta,Alerta: Conversa prolongada em rodovia,L01,0.0,0.18333696946501732,0.2557,0.0255,0.1339,0.0417,93,1,0.1
44,245,Alerta,Alerta: Conversa prolongada em rodovia,L01,0.0,0.18333696946501732,0.0749,0.0185,0.0559,0.0,-1,0,0.1
44,246,Alerta,Alerta: Conversa prolongada em rodovia,L01,0.0,0.18333696946501732,0.1661,0.0252,0.0567,0.0521,69,1,0.1
44,247,Alerta,Alerta: Conversa prolongada em rodovia,L01,0.0,0.18333696946501732,0.9605,0.1042,0.9464,0.1354,83,1,0.1
44,248,Alerta,Alerta: Conversa prolongada em rodovia,L01,0.0,0.18333696946501732,0.0584,0.0182,0.0543,0.0,-1,0,0.1
44,249,Alerta,Alerta: Conversa prolongada em rodovia,L01,0.0,0.18333696946501732,0.0623,0.0183,0.0547,0.0,-1,0,0.1
44,250,Alerta,Alerta: Conversa prolongada em rodovia,L01,0.0,0.18333696946501732,0.0619,0.0191,0.0607,0.0,-1,0,0.1
44,251,Alerta,Alerta: Conversa prolongada em rodovia,L01,0.0,0.18333696946501732,0.0758,0.0183,0.056,0.0,-1,0,0.1
44,252,Alerta,Alerta: Conversa prolongada em rodovia,L01,0.0,0.18333696946501732,0.0638,0.0184,0.0544,0.0,-1,0,0.1
44,253,Alerta,Alerta: Conversa prolongada em rodovia,L01,0.0,0.18333696946501732,0.0594,0.0183,0.0553,0.0,-1,0,0.1
44,254,Alerta,Alerta: Conversa prolongada em rodovia,L01,0.0,0.18333696946501732,0.0688,0.0194,0.0548,0.0,-1,0,0.1
44,255,Alerta,Alerta: Conversa prolongada em rodovia,L01,0.0,0.18333696946501732,0.0629,0.0184,0.061,0.0,-1,0,0.1
44,256,Alerta,Alerta: Conversa prolongada em rodovia,L01,0.0,0.18333696946501732,0.0584,0.0181,0.0553,0.0,-1,0,0.1
44,257,Alerta,Alerta: Conversa prolongada em rodovia,L01,0.0,0.18333696946501732,0.0725,0.0189,0.0557,0.0,-1,0,0.1
44,258,Alerta,Alerta: Conversa prolongada em rodovia,L01,0.0,0.18333696946501732,0.0582,0.0184,0.0559,0.0,-1,0,0.1
44,259,Alerta,Alerta: Conversa prolongada em rodovia,L01,0.0,0.18333696946501732,0.069,0.0183,0.0554,0.0,-1,0,0.1
44,260,Alerta,Alerta: Conversa prolongada em rodovia,L01,0.0,0.18333696946501732,0.0637,0.0183,0.0556,0.0,-1,0,0.1
44,261,Alerta,Alerta: Conversa prolongada em rodovia,L01,0.0,0.18333696946501732,0.0666,0.0183,0.0562,0.0,-1,0,0.1
44,262,Alerta,Alerta: Conversa prolongada em rodovia,L01,0.0,0.18333696946501732,0.1078,0.021,0.054,0.0208,-1,0,0.1
44,263,Alerta,Alerta: Conversa prolongada em rodovia,L01,0.0,0.18333696946501732,0.0574,0.0181,0.057,0.0,-1,0,0.1
44,264,Alerta,Alerta: Conversa prolongada em rodovia,L01,0.0,0.18333696946501732,0.0749,0.0184,0.0553,0.0,-1,0,0.1
44,265,Alerta,Alerta: Conversa prolongada em rodovia,L01,0.0,0.18333696946501732,0.0698,0.0185,0.0561,0.0,-1,0,0.1
44,266,Alerta,Alerta: Conversa prolongada em rodovia,L01,0.0,0.18333696946501732,0.0587,0.0186,0.0565,0.0,-1,0,0.1
44,267,Alerta,Alerta: Conversa prolongada em rodovia,L01,0.0,0.18333696946501732,0.0563,0.018,0.0556,0.0,-1,0,0.1
44,268,Alerta,Alerta: Conversa prolongada em rodovia,L01,0.0,0.18333696946501732,0.0588,0.0185,0.0574,0.0,-1,0,0.1
44,269,Alerta,Alerta: Conversa prolongada em rodovia,L01,0.0,0.18333696946501732,0.0673,0.0187,0.0559,0.0,-1,0,0.1
44,270,Alerta,Alerta: Conversa prolongada em rodovia,L01,0.0,0.18333696946501732,0.0691,0.0183,0.0554,0.0,-1,0,0.1
44,271,Alerta,Alerta: Conversa prolongada em rodovia,L01,0.0,0.18333696946501732,0.2645,0.025,0.0553,0.0312,48,1,0.1
44,272,Alerta,Alerta: Conversa prolongada em rodovia,L01,0.0,0.18333696946501732,0.0555,0.0178,0.0547,0.0,-1,0,0.1
44,273,Alerta,Alerta: Conversa prolongada em rodovia,L01,0.0,0.18333696946501732,0.0735,0.0185,0.0557,0.0,-1,0,0.1
44,274,Alerta,Alerta: Conversa prolongada em rodovia,L01,0.0,0.18333696946501732,0.9517,0.1536,0.4081,0.2292,74,1,0.1
44,275,Alerta,Alerta: Conversa prolongada em rodovia,L01,0.0,0.18333696946501732,0.0588,0.0183,0.0558,0.0,-1,0,0.1
44,276,Alerta,Alerta: Conversa prolongada em rodovia,L01,0.0,0.18333696946501732,0.0585,0.0183,0.0563,0.0,-1,0,0.1
44,277,Alerta,Alerta: Conversa prolongada em rodovia,L01,0.0,0.18333696946501732,0.0567,0.0183,0.055,0.0,-1,0,0.1
44,278,Alerta,Alerta: Conversa prolongada em rodovia,L01,0.0,0.18333696946501732,0.0666,0.0183,0.0552,0.0,-1,0,0.1
44,279,Alerta,Alerta: Conversa prolongada em rodovia,L01,0.0,0.18333696946501732,0.0569,0.0182,0.0566,0.0,-1,0,0.1
44,280,Alerta,Alerta: Conversa prolongada em rodovia,L01,0.0,0.18333696946501732,0.0594,0.0181,0.0561,0.0,-1,0,0.1
44,281,Alerta,Alerta: Conversa prolongada em rodovia,L01,0.0,0.18333696946501732,0.0601,0.0185,0.0555,0.0,-1,0,0.1
44,282,Alerta,Alerta: Conversa prolongada em rodovia,L01,0.0,0.18333696946501732,0.0677,0.0179,0.0547,0.0,-1,0,0.1
44,283,Alerta,Alerta: Conversa prolongada em rodovia,L01,0.0,0.18333696946501732,0.0594,0.0186,0.0559,0.0,-1,0,0.1
44,284,Alerta,Alerta: Conversa prolongada em rodovia,L01,0.0,0.18333696946501732,0.0899,0.0199,0.0568,0.0,-1,0,0.1
44,285,Alerta,Alerta: Conversa prolongada em rodovia,L01,0.0,0.18333696946501732,0.0633,0.019,0.0564,0.0,-1,0,0.1
44,286,Alerta,Alerta: Conversa prolongada em rodovia,L01,0.0,0.18333696946501732,0.0606,0.0183,0.0585,0.0,-1,0,0.1
44,287,Alerta,Alerta: Conversa prolongada em rodovia,L01,0.0,0.18333696946501732,0.0627,0.0187,0.055,0.0,-1,0,0.1
44,288,Alerta,Alerta: Conversa prolongada em rodovia,L01,0.0,0.18333696946501732,0.0716,0.0184,0.0557,0.0,-1,0,0.1
44,289,Alerta,Alerta: Conversa prolongada em rodovia,L01,0.0,0.18333696946501732,0.0636,0.0184,0.0562,0.0,-1,0,0.1
44,290,Alerta,Alerta: Conversa prolongada em rodovia,L01,0.0,0.18333696946501732,0.0643,0.0185,0.0572,0.0,-1,0,0.1
44,291,Alerta,Alerta: Conversa prolongada em rodovia,L01,0.0,0.18333696946501732,0.578,0.0512,0.0557,0.1042,67,1,0.1
44,292,Alerta,Alerta: Conversa prolongada em rodovia,L01,0.0,0.18333696946501732,0.0624,0.0187,0.0562,0.0,-1,0,0.1
44,293,Alerta,Alerta: Conversa prolongada em rodovia,L01,0.0,0.18333696946501732,0.0584,0.0181,0.0551,0.0,-1,0,0.1
44,294,Alerta,Alerta: Conversa prolongada em rodovia,L01,0.0,0.18333696946501732,0.0574,0.018,0.0559,0.0,-1,0,0.1
44,295,Alerta,Alerta: Conversa prolongada em rodovia,L01,0.0,0.18333696946501732,0.0722,0.0188,0.0553,0.0,-1,0,0.1
44,296,Alerta,Alerta: Conversa prolongada em rodovia,L01,0.0,0.18333696946501732,0.0572,0.0182,0.0562,0.0,-1,0,0.1
44,297,Alerta,Alerta: Conversa prolongada em rodovia,L01,0.0,0.18333696946501732,0.0593,0.0181,0.0565,0.0,-1,0,0.1
44,298,Alerta,Alerta: Conversa prolongada em rodovia,L01,0.0,0.18333696946501732,0.1029,0.0193,0.0574,0.0104,-1,0,0.1
44,299,Alerta,Alerta: Conversa prolongada em rodovia,L01,0.0,0.18333696946501732,0.0564,0.0183,0.0551,0.0,-1,0,0.1
44,300,Alerta,Alerta: Conversa prolongada em rodovia,L01,0.0,0.18333696946501732,0.9485,0.0665,0.7712,0.0833,88,1,0.1
44,301,Alerta,Alerta: Conversa prolongada em rodovia,L01,0.0,0.18333696946501732,0.0572,0.018,0.0568,0.0,-1,0,0.1
44,302,Alerta,Alerta: Conversa prolongada em rodovia,L01,0.0,0.18333696946501732,0.0579,0.0181,0.0552,0.0,-1,0,0.1
44,303,Alerta,Alerta: Conversa prolongada em rodovia,L01,0.0,0.18333696946501732,0.0582,0.0182,0.056,0.0,-1,0,0.1
44,304,Alerta,Alerta: Conversa prolongada em rodovia,L01,0.0,0.18333696946501732,0.2799,0.0272,0.0568,0.0417,48,1,0.1
44,305,Alerta,Alerta: Conversa prolongada em rodovia,L01,0.0,0.18333696946501732,0.2046,0.0268,0.1586,0.0833,88,1,0.1
44,306,Alerta,Alerta: Conversa prolongada em rodovia,L01,0.0,0.18333696946501732,0.0611,0.018,0.0555,0.0,-1,0,0.1
44,307,Alerta,Alerta: Conversa prolongada em rodovia,L01,0.0,0.18333696946501732,0.1564,0.0218,0.0548,0.0312,82,1,0.1
44,308,Alerta,Alerta: Conversa prolongada em rodovia,L01,0.0,0.18333696946501732,0.0713,0.019,0.0551,0.0,-1,0,0.1
44,309,Alerta,Alerta: Conversa prolongada em rodovia,L01,0.0,0.18333696946501732,0.0661,0.018,0.0558,0.0,-1,0,0.1
44,310,Alerta,Alerta: Conversa prolongada em rodovia,L01,0.0,0.18333696946501732,0.059,0.018,0.0557,0.0,-1,0,0.1
44,311,Alerta,Alerta: Conversa prolongada em rodovia,L01,0.0,0.18333696946501732,0.0636,0.0185,0.0568,0.0,-1,0,0.1
44,312,Alerta,Alerta: Conversa prolongada em rodovia,L01,0.0,0.18333696946501732,0.0562,0.0177,0.0554,0.0,-1,0,0.1
44,313,Alerta,Alerta: Conversa prolongada em rodovia,L01,0.0,0.18333696946501732,0.202,0.022,0.0611,0.0208,-1,0,0.1
44,314,Alerta,Alerta: Conversa prolongada em rodovia,L01,0.0,0.18333696946501732,0.0688,0.0186,0.0589,0.0,-1,0,0.1
44,315,Alerta,Alerta: Conversa prolongada em rodovia,L01,0.0,0.18333696946501732,0.3534,0.0341,0.0547,0.0938,75,1,0.1
44,316,Alerta,Alerta: Conversa prolongada em rodovia,L01,0.0,0.18333696946501732,0.0561,0.0177,0.0559,0.0,-1,0,0.1
44,317,Alerta,Alerta: Conversa prolongada em rodovia,L01,0.0,0.18333696946501732,0.0594,0.0182,0.058,0.0,-1,0,0.1
44,318,Alerta,Alerta: Conversa prolongada em rodovia,L01,0.0,0.18333696946501732,0.1064,0.0233,0.0556,0.0208,-1,0,0.1
44,319,Alerta,Alerta: Conversa prolongada em rodovia,L01,0.0,0.18333696946501732,0.0686,0.0183,0.0578,0.0,-1,0,0.1
44,320,Alerta,Alerta: Ajuste de radio em velocidade moderada,L02,0.0,0.2512239456176758,0.6114,0.0508,0.0801,0.0833,57,1,0.1
44,321,Alerta,Alerta: Ajuste de radio em velocidade moderada,L02,0.0,0.2512239456176758,0.6961,0.053,0.0794,0.0833,57,1,0.1
44,322,Alerta,Alerta: Ajuste de radio em velocidade moderada,L02,0.0,0.2512239456176758,0.4808,0.0429,0.0836,0.0729,57,1,0.1
44,323,Alerta,Alerta: Ajuste de radio em velocidade moderada,L02,0.0,0.2512239456176758,0.6234,0.0495,0.0805,0.0729,57,1,0.1
44,324,Alerta,Alerta: Ajuste de radio em velocidade moderada,L02,0.0,0.2512239456176758,0.7596,0.0656,0.0788,0.1042,57,1,0.1
44,325,Alerta,Alerta: Ajuste de radio em velocidade moderada,L02,0.0,0.2512239456176758,0.7097,0.0559,0.0766,0.0833,57,1,0.1
44,326,Alerta,Alerta: Ajuste de radio em velocidade moderada,L02,0.0,0.2512239456176758,0.783,0.0823,0.0829,0.1354,57,1,0.1
44,327,Alerta,Alerta: Ajuste de radio em velocidade moderada,L02,0.0,0.2512239456176758,0.8197,0.0725,0.0809,0.1042,57,1,0.1
44,328,Alerta,Alerta: Ajuste de radio em velocidade moderada,L02,0.0,0.2512239456176758,0.667,0.0518,0.0816,0.0729,57,1,0.1
44,329,Alerta,Alerta: Ajuste de radio em velocidade moderada,L02,0.0,0.2512239456176758,0.3975,0.0333,0.0847,0.0521,57,1,0.1
44,330,Alerta,Alerta: Ajuste de radio em velocidade moderada,L02,0.0,0.2512239456176758,0.7205,0.1131,0.0527,0.2292,57,1,0.1
44,331,Alerta,Alerta: Ajuste de radio em velocidade moderada,L02,0.0,0.2512239456176758,0.8616,0.1172,0.0676,0.1562,57,1,0.1
44,332,Alerta,Alerta: Ajuste de radio em velocidade moderada,L02,0.0,0.2512239456176758,0.8144,0.0673,0.0757,0.0938,57,1,0.1
44,333,Alerta,Alerta: Ajuste de radio em velocidade moderada,L02,0.0,0.2512239456176758,0.795,0.0651,0.0862,0.0938,57,1,0.1
44,334,Alerta,Alerta: Ajuste de radio em velocidade moderada,L02,0.0,0.2512239456176758,0.5073,0.0413,0.0776,0.0625,57,1,0.1
44,335,Alerta,Alerta: Ajuste de radio em velocidade moderada,L02,0.0,0.2512239456176758,0.7015,0.0513,0.0776,0.0729,57,1,0.1
44,336,Alerta,Alerta: Ajuste de radio em velocidade moderada,L02,0.0,0.2512239456176758,0.5528,0.0451,0.0764,0.0729,57,1,0.1
44,337,Alerta,Alerta: Ajuste de radio em velocidade moderada,L02,0.0,0.2512239456176758,0.4928,0.0423,0.0814,0.0625,57,1,0.1
44,338,Alerta,Alerta: Ajuste de radio em velocidade moderada,L02,0.0,0.2512239456176758,0.6965,0.0515,0.0771,0.0729,57,1,0.1
44,339,Alerta,Alerta: Ajuste de radio em velocidade moderada,L02,0.0,0.2512239456176758,0.6529,0.0496,0.0772,0.0729,57,1,0.1
44,340,Alerta,Alerta: Ajuste de radio em velocidade moderada,L02,0.0,0.2512239456176758,0.5465,0.0451,0.0795,0.0729,57,1,0.1
44,341,Alerta,Alerta: Ajuste de radio em velocidade moderada,L02,0.0,0.2512239456176758,0.9014,0.1393,0.7053,0.2292,57,1,0.1
44,342,Alerta,Alerta: Ajuste de radio em velocidade moderada,L02,0.0,0.2512239456176758,0.6631,0.063,0.0754,0.1458,57,1,0.1
44,343,Alerta,Alerta: Ajuste de radio em velocidade moderada,L02,0.0,0.2512239456176758,0.958,0.1176,0.8958,0.2188,57,1,0.1
44,344,Alerta,Alerta: Ajuste de radio em velocidade moderada,L02,0.0,0.2512239456176758,0.8148,0.0657,0.0831,0.0938,57,1,0.1
44,345,Alerta,Alerta: Ajuste de radio em velocidade moderada,L02,0.0,0.2512239456176758,0.8101,0.0813,0.0771,0.125,57,1,0.1
44,346,Alerta,Alerta: Ajuste de radio em velocidade moderada,L02,0.0,0.2512239456176758,0.5623,0.0444,0.0765,0.0625,57,1,0.1
44,347,Alerta,Alerta: Ajuste de radio em velocidade moderada,L02,0.0,0.2512239456176758,0.6815,0.0506,0.0785,0.0729,57,1,0.1
44,348,Alerta,Alerta: Ajuste de radio em velocidade moderada,L02,0.0,0.2512239456176758,0.5446,0.0437,0.0796,0.0625,57,1,0.1
44,349,Alerta,Alerta: Ajuste de radio em velocidade moderada,L02,0.0,0.2512239456176758,0.3753,0.0287,0.076,0.0417,57,1,0.1
44,350,Alerta,Alerta: Ajuste de radio em velocidade moderada,L02,0.0,0.2512239456176758,0.4061,0.0306,0.0741,0.0417,57,1,0.1
44,351,Alerta,Alerta: Ajuste de radio em velocidade moderada,L02,0.0,0.2512239456176758,0.8438,0.0821,0.077,0.1146,57,1,0.1
44,352,Alerta,Alerta: Ajuste de radio em velocidade moderada,L02,0.0,0.2512239456176758,0.7878,0.0679,0.076,0.1042,57,1,0.1
44,353,Alerta,Alerta: Ajuste de radio em velocidade moderada,L02,0.0,0.2512239456176758,0.5833,0.0461,0.0783,0.0729,57,1,0.1
44,354,Alerta,Alerta: Ajuste de radio em velocidade moderada,L02,0.0,0.2512239456176758,0.5974,0.0479,0.0802,0.0729,57,1,0.1
44,355,Alerta,Alerta: Ajuste de radio em velocidade moderada,L02,0.0,0.2512239456176758,0.7927,0.0631,0.0753,0.0938,57,1,0.1
44,356,Alerta,Alerta: Ajuste de radio em velocidade moderada,L02,0.0,0.2512239456176758,0.7986,0.0614,0.0802,0.0833,57,1,0.1
44,357,Alerta,Alerta: Ajuste de radio em velocidade moderada,L02,0.0,0.2512239456176758,0.6075,0.0515,0.0819,0.0833,57,1,0.1
44,358,Alerta,Alerta: Ajuste de radio em velocidade moderada,L02,0.0,0.2512239456176758,0.6896,0.0519,0.0742,0.0833,57,1,0.1
44,359,Alerta,Alerta: Ajuste de radio em velocidade moderada,L02,0.0,0.2512239456176758,0.6833,0.0559,0.0812,0.0833,57,1,0.1
44,360,Alerta,Alerta: Ajuste de radio em velocidade moderada,L02,0.0,0.2512239456176758,0.7636,0.0606,0.0817,0.0938,57,1,0.1
44,361,Alerta,Alerta: Ajuste de radio em velocidade moderada,L02,0.0,0.2512239456176758,0.8427,0.0916,0.0883,0.125,57,1,0.1
44,362,Alerta,Alerta: Ajuste de radio em velocidade moderada,L02,0.0,0.2512239456176758,0.6082,0.0553,0.0783,0.0938,57,1,0.1
44,363,Alerta,Alerta: Ajuste de radio em velocidade moderada,L02,0.0,0.2512239456176758,0.7569,0.0569,0.0752,0.0833,57,1,0.1
44,364,Alerta,Alerta: Ajuste de radio em velocidade moderada,L02,0.0,0.2512239456176758,0.7066,0.0542,0.08,0.0833,57,1,0.1
44,365,Alerta,Alerta: Ajuste de radio em velocidade moderada,L02,0.0,0.2512239456176758,0.703,0.0523,0.076,0.0833,57,1,0.1
44,366,Alerta,Alerta: Ajuste de radio em velocidade moderada,L02,0.0,0.2512239456176758,0.5406,0.046,0.0761,0.0729,57,1,0.1
44,367,Alerta,Alerta: Ajuste de radio em velocidade moderada,L02,0.0,0.2512239456176758,0.5525,0.0461,0.0863,0.0729,57,1,0.1
44,368,Alerta,Alerta: Ajuste de radio em velocidade moderada,L02,0.0,0.2512239456176758,0.7849,0.0799,0.0766,0.125,57,1,0.1
44,369,Alerta,Alerta: Ajuste de radio em velocidade moderada,L02,0.0,0.2512239456176758,0.7333,0.0547,0.0824,0.0833,57,1,0.1
44,370,Alerta,Alerta: Ajuste de radio em velocidade moderada,L02,0.0,0.2512239456176758,0.8617,0.1419,0.052,0.2188,57,1,0.1
44,371,Alerta,Alerta: Ajuste de radio em velocidade moderada,L02,0.0,0.2512239456176758,0.7013,0.0574,0.0836,0.0938,57,1,0.1
44,372,Alerta,Alerta: Ajuste de radio em velocidade moderada,L02,0.0,0.2512239456176758,0.4014,0.038,0.0785,0.0625,57,1,0.1
44,373,Alerta,Alerta: Ajuste de radio em velocidade moderada,L02,0.0,0.2512239456176758,0.6497,0.0504,0.0905,0.0833,57,1,0.1
44,374,Alerta,Alerta: Ajuste de radio em velocidade moderada,L02,0.0,0.2512239456176758,0.623,0.0496,0.0824,0.0729,57,1,0.1
44,375,Alerta,Alerta: Ajuste de radio em velocidade moderada,L02,0.0,0.2512239456176758,0.582,0.0478,0.0782,0.0729,57,1,0.1
44,376,Alerta,Alerta: Ajuste de radio em velocidade moderada,L02,0.0,0.2512239456176758,0.8152,0.0686,0.0763,0.1042,57,1,0.1
44,377,Alerta,Alerta: Ajuste de radio em velocidade moderada,L02,0.0,0.2512239456176758,0.7508,0.0598,0.0785,0.0833,57,1,0.1
44,378,Alerta,Alerta: Ajuste de radio em velocidade moderada,L02,0.0,0.2512239456176758,0.4147,0.0391,0.0823,0.0625,57,1,0.1
44,379,Alerta,Alerta: Ajuste de radio em velocidade moderada,L02,0.0,0.2512239456176758,0.6021,0.0487,0.0769,0.0729,57,1,0.1
44,380,Alerta,Alerta: Ajuste de radio em velocidade moderada,L02,0.0,0.2512239456176758,0.3881,0.0323,0.0772,0.0521,57,1,0.1
44,381,Alerta,Alerta: Ajuste de radio em velocidade moderada,L02,0.0,0.2512239456176758,0.8149,0.067,0.0803,0.0938,57,1,0.1
44,382,Alerta,Alerta: Ajuste de radio em velocidade moderada,L02,0.0,0.2512239456176758,0.8052,0.0661,0.0773,0.0938,57,1,0.1
44,383,Alerta,Alerta: Ajuste de radio em velocidade moderada,L02,0.0,0.2512239456176758,0.743,0.0644,0.0764,0.1042,57,1,0.1
44,384,Alerta,Alerta: Ajuste de radio em velocidade moderada,L02,0.0,0.2512239456176758,0.807,0.076,0.0755,0.1146,57,1,0.1
44,385,Alerta,Alerta: Ajuste de radio em velocidade moderada,L02,0.0,0.2512239456176758,0.516,0.0419,0.0753,0.0625,57,1,0.1
44,386,Alerta,Alerta: Ajuste de radio em velocidade moderada,L02,0.0,0.2512239456176758,0.6089,0.047,0.0768,0.0729,57,1,0.1
44,387,Alerta,Alerta: Ajuste de radio em velocidade moderada,L02,0.0,0.2512239456176758,0.6392,0.0494,0.0915,0.0729,57,1,0.1
44,388,Alerta,Alerta: Ajuste de radio em velocidade moderada,L02,0.0,0.2512239456176758,0.8083,0.0884,0.0721,0.1458,57,1,0.1
44,389,Alerta,Alerta: Ajuste de radio em velocidade moderada,L02,0.0,0.2512239456176758,0.7768,0.0644,0.0846,0.0938,57,1,0.1
44,390,Alerta,Alerta: Ajuste de radio em velocidade moderada,L02,0.0,0.2512239456176758,0.5697,0.0456,0.075,0.0729,57,1,0.1
44,391,Alerta,Alerta: Ajuste de radio em velocidade moderada,L02,0.0,0.2512239456176758,0.753,0.0656,0.0813,0.1042,57,1,0.1
44,392,Alerta,Alerta: Ajuste de radio em velocidade moderada,L02,0.0,0.2512239456176758,0.8431,0.0726,0.0764,0.0938,57,1,0.1
44,393,Alerta,Alerta: Ajuste de radio em velocidade moderada,L02,0.0,0.2512239456176758,0.6143,0.0481,0.0791,0.0729,57,1,0.1
44,394,Alerta,Alerta: Ajuste de radio em velocidade moderada,L02,0.0,0.2512239456176758,0.4261,0.0373,0.0748,0.0833,57,1,0.1
44,395,Alerta,Alerta: Ajuste de radio em velocidade moderada,L02,0.0,0.2512239456176758,0.8213,0.0951,0.0788,0.1458,57,1,0.1
44,396,Alerta,Alerta: Ajuste de radio em velocidade moderada,L02,0.0,0.2512239456176758,0.3625,0.0267,0.0831,0.0312,57,1,0.1
44,397,Alerta,Alerta: Ajuste de radio em velocidade moderada,L02,0.0,0.2512239456176758,0.705,0.0594,0.0771,0.0938,57,1,0.1
44,398,Alerta,Alerta: Ajuste de radio em velocidade moderada,L02,0.0,0.2512239456176758,0.565,0.05,0.0805,0.0833,57,1,0.1
44,399,Alerta,Alerta: Ajuste de radio em velocidade moderada,L02,0.0,0.2512239456176758,0.861,0.0919,0.0774,0.1146,57,1,0.1
44,400,Alerta,Alerta: Bebendo em trecho urbano lento,L03,0.0,0.18405227661132811,0.1412,0.0267,0.0543,0.0521,62,1,0.1
44,401,Alerta,Alerta: Bebendo em trecho urbano lento,L03,0.0,0.18405227661132811,0.1045,0.0247,0.0567,0.0208,-1,0,0.1
44,402,Alerta,Alerta: Bebendo em trecho urbano lento,L03,0.0,0.18405227661132811,0.196,0.0307,0.0539,0.0729,61,1,0.1
44,403,Alerta,Alerta: Bebendo em trecho urbano lento,L03,0.0,0.18405227661132811,0.1008,0.0249,0.055,0.0104,-1,0,0.1
44,404,Alerta,Alerta: Bebendo em trecho urbano lento,L03,0.0,0.18405227661132811,0.1037,0.0244,0.0556,0.0208,-1,0,0.1
44,405,Alerta,Alerta: Bebendo em trecho urbano lento,L03,0.0,0.18405227661132811,0.0847,0.0233,0.0554,0.0,-1,0,0.1
44,406,Alerta,Alerta: Bebendo em trecho urbano lento,L03,0.0,0.18405227661132811,0.0983,0.0242,0.056,0.0,-1,0,0.1
44,407,Alerta,Alerta: Bebendo em trecho urbano lento,L03,0.0,0.18405227661132811,0.2582,0.0337,0.0546,0.0729,62,1,0.1
44,408,Alerta,Alerta: Bebendo em trecho urbano lento,L03,0.0,0.18405227661132811,0.1114,0.0248,0.0556,0.0417,62,1,0.1
44,409,Alerta,Alerta: Bebendo em trecho urbano lento,L03,0.0,0.18405227661132811,0.1632,0.0274,0.0546,0.0521,62,1,0.1
44,410,Alerta,Alerta: Bebendo em trecho urbano lento,L03,0.0,0.18405227661132811,0.0901,0.0239,0.0544,0.0,-1,0,0.1
44,411,Alerta,Alerta: Bebendo em trecho urbano lento,L03,0.0,0.18405227661132811,0.0983,0.024,0.0551,0.0,-1,0,0.1
44,412,Alerta,Alerta: Bebendo em trecho urbano lento,L03,0.0,0.18405227661132811,0.0951,0.0241,0.055,0.0,-1,0,0.1
44,413,Alerta,Alerta: Bebendo em trecho urbano lento,L03,0.0,0.18405227661132811,0.0908,0.0237,0.0552,0.0,-1,0,0.1
44,414,Alerta,Alerta: Bebendo em trecho urbano lento,L03,0.0,0.18405227661132811,0.1105,0.025,0.0561,0.0417,62,1,0.1
44,415,Alerta,Alerta: Bebendo em trecho urbano lento,L03,0.0,0.18405227661132811,0.1033,0.0243,0.0557,0.0208,-1,0,0.1
44,416,Alerta,Alerta: Bebendo em trecho urbano lento,L03,0.0,0.18405227661132811,0.1139,0.0253,0.0552,0.0417,62,1,0.1
44,417,Alerta,Alerta: Bebendo em trecho urbano lento,L03,0.0,0.18405227661132811,0.0949,0.0242,0.0553,0.0,-1,0,0.1
44,418,Alerta,Alerta: Bebendo em trecho urbano lento,L03,0.0,0.18405227661132811,0.1314,0.0261,0.0551,0.0417,62,1,0.1
44,419,Alerta,Alerta: Bebendo em trecho urbano lento,L03,0.0,0.18405227661132811,0.1371,0.0267,0.0567,0.0521,62,1,0.1
44,420,Alerta,Alerta: Bebendo em trecho urbano lento,L03,0.0,0.18405227661132811,0.0893,0.0238,0.056,0.0,-1,0,0.1
44,421,Alerta,Alerta: Bebendo em trecho urbano lento,L03,0.0,0.18405227661132811,0.1049,0.0248,0.0558,0.0417,62,1,0.1
44,422,Alerta,Alerta: Bebendo em trecho urbano lento,L03,0.0,0.18405227661132811,0.1287,0.026,0.0563,0.0417,62,1,0.1
44,423,Alerta,Alerta: Bebendo em trecho urbano lento,L03,0.0,0.18405227661132811,0.0876,0.0235,0.0546,0.0,-1,0,0.1
44,424,Alerta,Alerta: Bebendo em trecho urbano lento,L03,0.0,0.18405227661132811,0.0903,0.0253,0.0539,0.0,-1,0,0.1
44,425,Alerta,Alerta: Bebendo em trecho urbano lento,L03,0.0,0.18405227661132811,0.1213,0.0252,0.0549,0.0312,62,1,0.1
44,426,Alerta,Alerta: Bebendo em trecho urbano lento,L03,0.0,0.18405227661132811,0.1013,0.0257,0.0543,0.0104,-1,0,0.1
44,427,Alerta,Alerta: Bebendo em trecho urbano lento,L03,0.0,0.18405227661132811,0.0925,0.0239,0.055,0.0,-1,0,0.1
44,428,Alerta,Alerta: Bebendo em trecho urbano lento,L03,0.0,0.18405227661132811,0.1742,0.0281,0.055,0.0625,61,1,0.1
44,429,Alerta,Alerta: Bebendo em trecho urbano lento,L03,0.0,0.18405227661132811,0.1516,0.0272,0.0556,0.0417,62,1,0.1
44,430,Alerta,Alerta: Bebendo em trecho urbano lento,L03,0.0,0.18405227661132811,0.1015,0.0242,0.0563,0.0104,-1,0,0.1
44,431,Alerta,Alerta: Bebendo em trecho urbano lento,L03,0.0,0.18405227661132811,0.1395,0.0273,0.0543,0.0625,62,1,0.1
44,432,Alerta,Alerta: Bebendo em trecho urbano lento,L03,0.0,0.18405227661132811,0.1061,0.0244,0.0546,0.0312,62,1,0.1
44,433,Alerta,Alerta: Bebendo em trecho urbano lento,L03,0.0,0.18405227661132811,0.0951,0.0245,0.0549,0.0,-1,0,0.1
44,434,Alerta,Alerta: Bebendo em trecho urbano lento,L03,0.0,0.18405227661132811,0.0885,0.0236,0.056,0.0,-1,0,0.1
44,435,Alerta,Alerta: Bebendo em trecho urbano lento,L03,0.0,0.18405227661132811,0.1323,0.0263,0.0544,0.0521,62,1,0.1
44,436,Alerta,Alerta: Bebendo em trecho urbano lento,L03,0.0,0.18405227661132811,0.1294,0.0259,0.0555,0.0521,62,1,0.1
44,437,Alerta,Alerta: Bebendo em trecho urbano lento,L03,0.0,0.18405227661132811,0.1072,0.0245,0.0552,0.0312,62,1,0.1
44,438,Alerta,Alerta: Bebendo em trecho urbano lento,L03,0.0,0.18405227661132811,0.6225,0.0551,0.1255,0.125,81,1,0.1
44,439,Alerta,Alerta: Bebendo em trecho urbano lento,L03,0.0,0.18405227661132811,0.1336,0.0258,0.0544,0.0417,62,1,0.1
44,440,Alerta,Alerta: Bebendo em trecho urbano lento,L03,0.0,0.18405227661132811,0.1017,0.0244,0.0548,0.0104,-1,0,0.1
44,441,Alerta,Alerta: Bebendo em trecho urbano lento,L03,0.0,0.18405227661132811,0.1818,0.029,0.0543,0.0625,62,1,0.1
44,442,Alerta,Alerta: Bebendo em trecho urbano lento,L03,0.0,0.18405227661132811,0.1002,0.0243,0.0542,0.0104,-1,0,0.1
44,443,Alerta,Alerta: Bebendo em trecho urbano lento,L03,0.0,0.18405227661132811,0.0892,0.0237,0.0553,0.0,-1,0,0.1
44,444,Alerta,Alerta: Bebendo em trecho urbano lento,L03,0.0,0.18405227661132811,0.1211,0.0254,0.0746,0.0104,-1,0,0.1
44,445,Alerta,Alerta: Bebendo em trecho urbano lento,L03,0.0,0.18405227661132811,0.0896,0.0238,0.0554,0.0,-1,0,0.1
44,446,Alerta,Alerta: Bebendo em trecho urbano lento,L03,0.0,0.18405227661132811,0.1417,0.0267,0.0546,0.0521,62,1,0.1
44,447,Alerta,Alerta: Bebendo em trecho urbano lento,L03,0.0,0.18405227661132811,0.1238,0.0253,0.0545,0.0312,62,1,0.1
44,448,Alerta,Alerta: Bebendo em trecho urbano lento,L03,0.0,0.18405227661132811,0.1267,0.0257,0.0545,0.0417,62,1,0.1
44,449,Alerta,Alerta: Bebendo em trecho urbano lento,L03,0.0,0.18405227661132811,0.1041,0.0247,0.0548,0.0312,62,1,0.1
44,450,Alerta,Alerta: Bebendo em trecho urbano lento,L03,0.0,0.18405227661132811,0.1216,0.0257,0.0587,0.0417,62,1,0.1
44,451,Alerta,Alerta: Bebendo em trecho urbano lento,L03,0.0,0.18405227661132811,0.1119,0.0248,0.0553,0.0208,-1,0,0.1
44,452,Alerta,Alerta: Bebendo em trecho urbano lento,L03,0.0,0.18405227661132811,0.2015,0.0298,0.0555,0.0729,61,1,0.1
44,453,Alerta,Alerta: Bebendo em trecho urbano lento,L03,0.0,0.18405227661132811,0.0959,0.0244,0.0579,0.0,-1,0,0.1
44,454,Alerta,Alerta: Bebendo em trecho urbano lento,L03,0.0,0.18405227661132811,0.0986,0.0244,0.0547,0.0,-1,0,0.1
44,455,Alerta,Alerta: Bebendo em trecho urbano lento,L03,0.0,0.18405227661132811,0.1616,0.0278,0.0547,0.0625,62,1,0.1
44,456,Alerta,Alerta: Bebendo em trecho urbano lento,L03,0.0,0.18405227661132811,0.1179,0.025,0.0552,0.0312,62,1,0.1
44,457,Alerta,Alerta: Bebendo em trecho urbano lento,L03,0.0,0.18405227661132811,0.0934,0.0239,0.0552,0.0,-1,0,0.1
44,458,Alerta,Alerta: Bebendo em trecho urbano lento,L03,0.0,0.18405227661132811,0.1079,0.0246,0.0549,0.0417,62,1,0.1
44,459,Alerta,Alerta: Bebendo em trecho urbano lento,L03,0.0,0.18405227661132811,0.1067,0.0244,0.0553,0.0208,-1,0,0.1
44,460,Alerta,Alerta: Bebendo em trecho urbano lento,L03,0.0,0.18405227661132811,0.1468,0.0284,0.0544,0.0417,83,1,0.1
44,461,Alerta,Alerta: Bebendo em trecho urbano lento,L03,0.0,0.18405227661132811,0.0987,0.0244,0.0543,0.0,-1,0,0.1
44,462,Alerta,Alerta: Bebendo em trecho urbano lento,L03,0.0,0.18405227661132811,0.1003,0.0245,0.0547,0.0104,-1,0,0.1
44,463,Alerta,Alerta: Bebendo em trecho urbano lento,L03,0.0,0.18405227661132811,0.0991,0.0242,0.0546,0.0,-1,0,0.1
44,464,Alerta,Alerta: Bebendo em trecho urbano lento,L03,0.0,0.18405227661132811,0.1474,0.0273,0.0546,0.0521,62,1,0.1
44,465,Alerta,Alerta: Bebendo em trecho urbano lento,L03,0.0,0.18405227661132811,0.1416,0.0263,0.0545,0.0521,62,1,0.1
44,466,Alerta,Alerta: Bebendo em trecho urbano lento,L03,0.0,0.18405227661132811,0.1338,0.0262,0.0549,0.0521,62,1,0.1
44,467,Alerta,Alerta: Bebendo em trecho urbano lento,L03,0.0,0.18405227661132811,0.1002,0.0242,0.0558,0.0104,-1,0,0.1
44,468,Alerta,Alerta: Bebendo em trecho urbano lento,L03,0.0,0.18405227661132811,0.0864,0.0241,0.0544,0.0,-1,0,0.1
44,469,Alerta,Alerta: Bebendo em trecho urbano lento,L03,0.0,0.18405227661132811,0.0975,0.0238,0.0557,0.0,-1,0,0.1
44,470,Alerta,Alerta: Bebendo em trecho urbano lento,L03,0.0,0.18405227661132811,0.1013,0.0234,0.0551,0.0104,-1,0,0.1
44,471,Alerta,Alerta: Bebendo em trecho urbano lento,L03,0.0,0.18405227661132811,0.1177,0.0261,0.0548,0.0521,62,1,0.1
44,472,Alerta,Alerta: Bebendo em trecho urbano lento,L03,0.0,0.18405227661132811,0.9202,0.0961,0.0525,0.1562,65,1,0.1
44,473,Alerta,Alerta: Bebendo em trecho urbano lento,L03,0.0,0.18405227661132811,0.1222,0.0264,0.0543,0.0625,62,1,0.1
44,474,Alerta,Alerta: Bebendo em trecho urbano lento,L03,0.0,0.18405227661132811,0.1257,0.0257,0.0561,0.0417,62,1,0.1
44,475,Alerta,Alerta: Bebendo em trecho urbano lento,L03,0.0,0.18405227661132811,0.8271,0.0965,0.0848,0.3021,61,1,0.1
44,476,Alerta,Alerta: Bebendo em trecho urbano lento,L03,0.0,0.18405227661132811,0.1434,0.0266,0.0549,0.0521,62,1,0.1
44,477,Alerta,Alerta: Bebendo em trecho urbano lento,L03,0.0,0.18405227661132811,0.0969,0.0242,0.0564,0.0,-1,0,0.1
44,478,Alerta,Alerta: Bebendo em trecho urbano lento,L03,0.0,0.18405227661132811,0.1009,0.0249,0.0547,0.0104,-1,0,0.1
44,479,Alerta,Alerta: Bebendo em trecho urbano lento,L03,0.0,0.18405227661132811,0.1122,0.0247,0.0547,0.0312,62,1,0.1
45,0,Atencao,Atencao: Conducao sob chuva forte em rodovia,A01,0.0,0.050000007078051564,0.0001,0.0001,0.0001,0.0,-1,0,0.1
45,1,Atencao,Atencao: Conducao sob chuva forte em rodovia,A01,0.0,0.050000007078051564,0.0001,0.0001,0.0001,0.0,-1,0,0.1
45,2,Atencao,Atencao: Conducao sob chuva forte em rodovia,A01,0.0,0.050000007078051564,0.0001,0.0001,0.0001,0.0,-1,0,0.1
45,3,Atencao,Atencao: Conducao sob chuva forte em rodovia,A01,0.0,0.050000007078051564,0.0001,0.0001,0.0001,0.0,-1,0,0.1
45,4,Atencao,Atencao: Conducao sob chuva forte em rodovia,A01,0.0,0.050000007078051564,0.0001,0.0001,0.0001,0.0,-1,0,0.1
45,5,Atencao,Atencao: Conducao sob chuva forte em rodovia,A01,0.0,0.050000007078051564,0.0001,0.0001,0.0001,0.0,-1,0,0.1
45,6,Atencao,Atencao: Conducao sob chuva forte em rodovia,A01,0.0,0.050000007078051564,0.0001,0.0001,0.0001,0.0,-1,0,0.1
45,7,Atencao,Atencao: Conducao sob chuva forte em rodovia,A01,0.0,0.050000007078051564,0.0001,0.0001,0.0001,0.0,-1,0,0.1
45,8,Atencao,Atencao: Conducao sob chuva forte em rodovia,A01,0.0,0.050000007078051564,0.0001,0.0001,0.0001,0.0,-1,0,0.1
45,9,Atencao,Atencao: Conducao sob chuva forte em rodovia,A01,0.0,0.050000007078051564,0.0001,0.0001,0.0001,0.0,-1,0,0.1
45,10,Atencao,Atencao: Conducao sob chuva forte em rodovia,A01,0.0,0.050000007078051564,0.0001,0.0001,0.0001,0.0,-1,0,0.1
45,11,Atencao,Atencao: Conducao sob chuva forte em rodovia,A01,0.0,0.050000007078051564,0.0001,0.0001,0.0001,0.0,-1,0,0.1
45,12,Atencao,Atencao: Conducao sob chuva forte em rodovia,A01,0.0,0.050000007078051564,0.0001,0.0001,0.0001,0.0,-1,0,0.1
45,13,Atencao,Atencao: Conducao sob chuva forte em rodovia,A01,0.0,0.050000007078051564,0.0001,0.0001,0.0001,0.0,-1,0,0.1
45,14,Atencao,Atencao: Conducao sob chuva forte em rodovia,A01,0.0,0.050000007078051564,0.0001,0.0001,0.0001,0.0,-1,0,0.1
45,15,Atencao,Atencao: Conducao sob chuva forte em rodovia,A01,0.0,0.050000007078051564,0.0001,0.0001,0.0001,0.0,-1,0,0.1
45,16,Atencao,Atencao: Conducao sob chuva forte em rodovia,A01,0.0,0.050000007078051564,0.0001,0.0001,0.0001,0.0,-1,0,0.1
45,17,Atencao,Atencao: Conducao sob chuva forte em rodovia,A01,0.0,0.050000007078051564,0.0001,0.0001,0.0001,0.0,-1,0,0.1
45,18,Atencao,Atencao: Conducao sob chuva forte em rodovia,A01,0.0,0.050000007078051564,0.0001,0.0001,0.0001,0.0,-1,0,0.1
45,19,Atencao,Atencao: Conducao sob chuva forte em rodovia,A01,0.0,0.050000007078051564,0.0001,0.0001,0.0001,0.0,-1,0,0.1
45,20,Atencao,Atencao: Conducao sob chuva forte em rodovia,A01,0.0,0.050000007078051564,0.0001,0.0001,0.0001,0.0,-1,0,0.1
45,21,Atencao,Atencao: Conducao sob chuva forte em rodovia,A01,0.0,0.050000007078051564,0.0001,0.0001,0.0001,0.0,-1,0,0.1
45,22,Atencao,Atencao: Conducao sob chuva forte em rodovia,A01,0.0,0.050000007078051564,0.0001,0.0001,0.0001,0.0,-1,0,0.1
45,23,Atencao,Atencao: Conducao sob chuva forte em rodovia,A01,0.0,0.050000007078051564,0.0001,0.0001,0.0001,0.0,-1,0,0.1
45,24,Atencao,Atencao: Conducao sob chuva forte em rodovia,A01,0.0,0.050000007078051564,0.0001,0.0001,0.0001,0.0,-1,0,0.1
45,25,Atencao,Atencao: Conducao sob chuva forte em rodovia,A01,0.0,0.050000007078051564,0.0001,0.0001,0.0001,0.0,-1,0,0.1
45,26,Atencao,Atencao: Conducao sob chuva forte em rodovia,A01,0.0,0.050000007078051564,0.0001,0.0001,0.0001,0.0,-1,0,0.1
45,27,Atencao,Atencao: Conducao sob chuva forte em rodovia,A01,0.0,0.050000007078051564,0.0001,0.0001,0.0001,0.0,-1,0,0.1
45,28,Atencao,Atencao: Conducao sob chuva forte em rodovia,A01,0.0,0.050000007078051564,0.0001,0.0001,0.0001,0.0,-1,0,0.1
45,29,Atencao,Atencao: Conducao sob chuva forte em rodovia,A01,0.0,0.050000007078051564,0.0001,0.0001,0.0001,0.0,-1,0,0.1
45,30,Atencao,Atencao: Conducao sob chuva forte em rodovia,A01,0.0,0.050000007078051564,0.0001,0.0001,0.0001,0.0,-1,0,0.1
45,31,Atencao,Atencao: Conducao sob chuva forte em rodovia,A01,0.0,0.050000007078051564,0.0001,0.0001,0.0001,0.0,-1,0,0.1
45,32,Atencao,Atencao: Conducao sob chuva forte em rodovia,A01,0.0,0.050000007078051564,0.0001,0.0001,0.0001,0.0,-1,0,0.1
45,33,Atencao,Atencao: Conducao sob chuva forte em rodovia,A01,0.0,0.050000007078051564,0.0001,0.0001,0.0001,0.0,-1,0,0.1
45,34,Atencao,Atencao: Conducao sob chuva forte em rodovia,A01,0.0,0.050000007078051564,0.0001,0.0001,0.0001,0.0,-1,0,0.1
45,35,Atencao,Atencao: Conducao sob chuva forte em rodovia,A01,0.0,0.050000007078051564,0.0001,0.0001,0.0001,0.0,-1,0,0.1
45,36,Atencao,Atencao: Conducao sob chuva forte em rodovia,A01,0.0,0.050000007078051564,0.0001,0.0001,0.0001,0.0,-1,0,0.1
45,37,Atencao,Atencao: Conducao sob chuva forte em rodovia,A01,0.0,0.050000007078051564,0.0001,0.0001,0.0001,0.0,-1,0,0.1
45,38,Atencao,Atencao: Conducao sob chuva forte em rodovia,A01,0.0,0.050000007078051564,0.0001,0.0001,0.0001,0.0,-1,0,0.1
45,39,Atencao,Atencao: Conducao sob chuva forte em rodovia,A01,0.0,0.050000007078051564,0.0001,0.0001,0.0001,0.0,-1,0,0.1
45,40,Atencao,Atencao: Conducao sob chuva forte em rodovia,A01,0.0,0.050000007078051564,0.0001,0.0001,0.0001,0.0,-1,0,0.1
45,41,Atencao,Atencao: Conducao sob chuva forte em rodovia,A01,0.0,0.050000007078051564,0.0001,0.0001,0.0001,0.0,-1,0,0.1
45,42,Atencao,Atencao: Conducao sob chuva forte em rodovia,A01,0.0,0.050000007078051564,0.0001,0.0001,0.0001,0.0,-1,0,0.1
45,43,Atencao,Atencao: Conducao sob chuva forte em rodovia,A01,0.0,0.050000007078051564,0.0001,0.0001,0.0001,0.0,-1,0,0.1
45,44,Atencao,Atencao: Conducao sob chuva forte em rodovia,A01,0.0,0.050000007078051564,0.0001,0.0001,0.0001,0.0,-1,0,0.1
45,45,Atencao,Atencao: Conducao sob chuva forte em rodovia,A01,0.0,0.050000007078051564,0.0001,0.0001,0.0001,0.0,-1,0,0.1
45,46,Atencao,Atencao: Conducao sob chuva forte em rodovia,A01,0.0,0.050000007078051564,0.0001,0.0001,0.0001,0.0,-1,0,0.1
45,47,Atencao,Atencao: Conducao sob chuva forte em rodovia,A01,0.0,0.050000007078051564,0.0001,0.0001,0.0001,0.0,-1,0,0.1
45,48,Atencao,Atencao: Conducao sob chuva forte em rodovia,A01,0.0,0.050000007078051564,0.0001,0.0001,0.0001,0.0,-1,0,0.1
45,49,Atencao,Atencao: Conducao sob chuva forte em rodovia,A01,0.0,0.050000007078051564,0.0001,0.0001,0.0001,0.0,-1,0,0.1
45,50,Atencao,Atencao: Conducao sob chuva forte em rodovia,A01,0.0,0.050000007078051564,0.0001,0.0001,0.0001,0.0,-1,0,0.1
45,51,Atencao,Atencao: Conducao sob chuva forte em rodovia,A01,0.0,0.050000007078051564,0.0001,0.0001,0.0001,0.0,-1,0,0.1
45,52,Atencao,Atencao: Conducao sob chuva forte em rodovia,A01,0.0,0.050000007078051564,0.0001,0.0001,0.0001,0.0,-1,0,0.1
45,53,Atencao,Atencao: Conducao sob chuva forte em rodovia,A01,0.0,0.050000007078051564,0.0001,0.0001,0.0001,0.0,-1,0,0.1
45,54,Atencao,Atencao: Conducao sob chuva forte em rodovia,A01,0.0,0.050000007078051564,0.0001,0.0001,0.0001,0.0,-1,0,0.1
45,55,Atencao,Atencao: Conducao sob chuva forte em rodovia,A01,0.0,0.050000007078051564,0.0001,0.0001,0.0001,0.0,-1,0,0.1
45,56,Atencao,Atencao: Conducao sob chuva forte em rodovia,A01,0.0,0.050000007078051564,0.0001,0.0001,0.0001,0.0,-1,0,0.1
45,57,Atencao,Atencao: Conducao sob chuva forte em rodovia,A01,0.0,0.050000007078051564,0.0001,0.0001,0.0001,0.0,-1,0,0.1
45,58,Atencao,Atencao: Conducao sob chuva forte em rodovia,A01,0.0,0.050000007078051564,0.0001,0.0001,0.0001,0.0,-1,0,0.1
45,59,Atencao,Atencao: Conducao sob chuva forte em rodovia,A01,0.0,0.050000007078051564,0.0001,0.0001,0.0001,0.0,-1,0,0.1
45,60,Atencao,Atencao: Conducao sob chuva forte em rodovia,A01,0.0,0.050000007078051564,0.0001,0.0001,0.0001,0.0,-1,0,0.1
45,61,Atencao,Atencao: Conducao sob chuva forte em rodovia,A01,0.0,0.050000007078051564,0.0001,0.0001,0.0001,0.0,-1,0,0.1
45,62,Atencao,Atencao: Conducao sob chuva forte em rodovia,A01,0.0,0.050000007078051564,0.0001,0.0001,0.0001,0.0,-1,0,0.1
45,63,Atencao,Atencao: Conducao sob chuva forte em rodovia,A01,0.0,0.050000007078051564,0.0001,0.0001,0.0001,0.0,-1,0,0.1
45,64,Atencao,Atencao: Conducao sob chuva forte em rodovia,A01,0.0,0.050000007078051564,0.0001,0.0001,0.0001,0.0,-1,0,0.1
45,65,Atencao,Atencao: Conducao sob chuva forte em rodovia,A01,0.0,0.050000007078051564,0.0001,0.0001,0.0001,0.0,-1,0,0.1
45,66,Atencao,Atencao: Conducao sob chuva forte em rodovia,A01,0.0,0.050000007078051564,0.0001,0.0001,0.0001,0.0,-1,0,0.1
45,67,Atencao,Atencao: Conducao sob chuva forte em rodovia,A01,0.0,0.050000007078051564,0.0001,0.0001,0.0001,0.0,-1,0,0.1
45,68,Atencao,Atencao: Conducao sob chuva forte em rodovia,A01,0.0,0.050000007078051564,0.0001,0.0001,0.0001,0.0,-1,0,0.1
45,69,Atencao,Atencao: Conducao sob chuva forte em rodovia,A01,0.0,0.050000007078051564,0.0001,0.0001,0.0001,0.0,-1,0,0.1
45,70,Atencao,Atencao: Conducao sob chuva forte em rodovia,A01,0.0,0.050000007078051564,0.0001,0.0001,0.0001,0.0,-1,0,0.1
45,71,Atencao,Atencao: Conducao sob chuva forte em rodovia,A01,0.0,0.050000007078051564,0.0001,0.0001,0.0001,0.0,-1,0,0.1
45,72,Atencao,Atencao: Conducao sob chuva forte em rodovia,A01,0.0,0.050000007078051564,0.0001,0.0001,0.0001,0.0,-1,0,0.1
45,73,Atencao,Atencao: Conducao sob chuva forte em rodovia,A01,0.0,0.050000007078051564,0.0001,0.0001,0.0001,0.0,-1,0,0.1
45,74,Atencao,Atencao: Conducao sob chuva forte em rodovia,A01,0.0,0.050000007078051564,0.0001,0.0001,0.0001,0.0,-1,0,0.1
45,75,Atencao,Atencao: Conducao sob chuva forte em rodovia,A01,0.0,0.050000007078051564,0.0001,0.0001,0.0001,0.0,-1,0,0.1
45,76,Atencao,Atencao: Conducao sob chuva forte em rodovia,A01,0.0,0.050000007078051564,0.0001,0.0001,0.0001,0.0,-1,0,0.1
45,77,Atencao,Atencao: Conducao sob chuva forte em rodovia,A01,0.0,0.050000007078051564,0.0001,0.0001,0.0001,0.0,-1,0,0.1
45,78,Atencao,Atencao: Conducao sob chuva forte em rodovia,A01,0.0,0.050000007078051564,0.0001,0.0001,0.0001,0.0,-1,0,0.1
45,79,Atencao,Atencao: Conducao sob chuva forte em rodovia,A01,0.0,0.050000007078051564,0.0001,0.0001,0.0001,0.0,-1,0,0.1
45,80,Atencao,Atencao: Trafego congestionado noturno urbano,A02,0.0,0.050000007078051564,0.0001,0.0001,0.0001,0.0,-1,0,0.1
45,81,Atencao,Atencao: Trafego congestionado noturno urbano,A02,0.0,0.050000007078051564,0.0001,0.0001,0.0001,0.0,-1,0,0.1
45,82,Atencao,Atencao: Trafego congestionado noturno urbano,A02,0.0,0.050000007078051564,0.0002,0.0001,0.0001,0.0,-1,0,0.1
45,83,Atencao,Atencao: Trafego congestionado noturno urbano,A02,0.0,0.050000007078051564,0.0001,0.0001,0.0001,0.0,-1,0,0.1
45,84,Atencao,Atencao: Trafego congestionado noturno urbano,A02,0.0,0.050000007078051564,0.0002,0.0001,0.0001,0.0,-1,0,0.1
45,85,Atencao,Atencao: Trafego congestionado noturno urbano,A02,0.0,0.050000007078051564,0.0002,0.0001,0.0001,0.0,-1,0,0.1
45,86,Atencao,Atencao: Trafego congestionado noturno urbano,A02,0.0,0.050000007078051564,0.0003,0.0002,0.0002,0.0,-1,0,0.1
45,87,Atencao,Atencao: Trafego congestionado noturno urbano,A02,0.0,0.050000007078051564,0.0001,0.0001,0.0001,0.0,-1,0,0.1
45,88,Atencao,Atencao: Trafego congestionado noturno urbano,A02,0.0,0.050000007078051564,0.0002,0.0001,0.0001,0.0,-1,0,0.1
45,89,Atencao,Atencao: Trafego congestionado noturno urbano,A02,0.0,0.050000007078051564,0.0001,0.0001,0.0001,0.0,-1,0,0.1
45,90,Atencao,Atencao: Trafego congestionado noturno urbano,A02,0.0,0.050000007078051564,0.0002,0.0001,0.0001,0.0,-1,0,0.1
45,91,Atencao,Atencao: Trafego congestionado noturno urbano,A02,0.0,0.050000007078051564,0.0001,0.0001,0.0001,0.0,-1,0,0.1
45,92,Atencao,Atencao: Trafego congestionado noturno urbano,A02,0.0,0.050000007078051564,0.0172,0.0008,0.0001,0.0,-1,0,0.1
45,93,Atencao,Atencao: Trafego congestionado noturno urbano,A02,0.0,0.050000007078051564,0.0001,0.0001,0.0001,0.0,-1,0,0.1
45,94,Atencao,Atencao: Trafego congestionado noturno urbano,A02,0.0,0.050000007078051564,0.0002,0.0001,0.0001,0.0,-1,0,0.1
45,95,Atencao,Atencao: Trafego congestionado noturno urbano,A02,0.0,0.050000007078051564,0.0002,0.0001,0.0001,0.0,-1,0,0.1
45,96,Atencao,Atencao: Trafego congestionado noturno urbano,A02,0.0,0.050000007078051564,0.0002,0.0001,0.0001,0.0,-1,0,0.1
45,97,Atencao,Atencao: Trafego congestionado noturno urbano,A02,0.0,0.050000007078051564,0.0002,0.0001,0.0001,0.0,-1,0,0.1
45,98,Atencao,Atencao: Trafego congestionado noturno urbano,A02,0.0,0.050000007078051564,0.0003,0.0002,0.0001,0.0,-1,0,0.1
45,99,Atencao,Atencao: Trafego congestionado noturno urbano,A02,0.0,0.050000007078051564,0.0002,0.0001,0.0001,0.0,-1,0,0.1
45,100,Atencao,Atencao: Trafego congestionado noturno urbano,A02,0.0,0.050000007078051564,0.0001,0.0001,0.0001,0.0,-1,0,0.1
45,101,Atencao,Atencao: Trafego congestionado noturno urbano,A02,0.0,0.050000007078051564,0.0002,0.0001,0.0001,0.0,-1,0,0.1
45,102,Atencao,Atencao: Trafego congestionado noturno urbano,A02,0.0,0.050000007078051564,0.0001,0.0001,0.0001,0.0,-1,0,0.1
45,103,Atencao,Atencao: Trafego congestionado noturno urbano,A02,0.0,0.050000007078051564,0.0001,0.0001,0.0001,0.0,-1,0,0.1
45,104,Atencao,Atencao: Trafego congestionado noturno urbano,A02,0.0,0.050000007078051564,0.001,0.0002,0.0002,0.0,-1,0,0.1
45,105,Atencao,Atencao: Trafego congestionado noturno urbano,A02,0.0,0.050000007078051564,0.0001,0.0001,0.0001,0.0,-1,0,0.1
45,106,Atencao,Atencao: Trafego congestionado noturno urbano,A02,0.0,0.050000007078051564,0.0002,0.0001,0.0002,0.0,-1,0,0.1
45,107,Atencao,Atencao: Trafego congestionado noturno urbano,A02,0.0,0.050000007078051564,0.0013,0.0002,0.0001,0.0,-1,0,0.1
45,108,Atencao,Atencao: Trafego congestionado noturno urbano,A02,0.0,0.050000007078051564,0.0002,0.0001,0.0001,0.0,-1,0,0.1
45,109,Atencao,Atencao: Trafego congestionado noturno urbano,A02,0.0,0.050000007078051564,0.0001,0.0001,0.0001,0.0,-1,0,0.1
45,110,Atencao,Atencao: Trafego congestionado noturno urbano,A02,0.0,0.050000007078051564,0.0002,0.0001,0.0001,0.0,-1,0,0.1
45,111,Atencao,Atencao: Trafego congestionado noturno urbano,A02,0.0,0.050000007078051564,0.0002,0.0001,0.0001,0.0,-1,0,0.1
45,112,Atencao,Atencao: Trafego congestionado noturno urbano,A02,0.0,0.050000007078051564,0.0002,0.0001,0.0001,0.0,-1,0,0.1
45,113,Atencao,Atencao: Trafego congestionado noturno urbano,A02,0.0,0.050000007078051564,0.0001,0.0001,0.0001,0.0,-1,0,0.1
45,114,Atencao,Atencao: Trafego congestionado noturno urbano,A02,0.0,0.050000007078051564,0.0001,0.0001,0.0001,0.0,-1,0,0.1
45,115,Atencao,Atencao: Trafego congestionado noturno urbano,A02,0.0,0.050000007078051564,0.0001,0.0001,0.0001,0.0,-1,0,0.1
45,116,Atencao,Atencao: Trafego congestionado noturno urbano,A02,0.0,0.050000007078051564,0.0002,0.0001,0.0001,0.0,-1,0,0.1
45,117,Atencao,Atencao: Trafego congestionado noturno urbano,A02,0.0,0.050000007078051564,0.0002,0.0001,0.0002,0.0,-1,0,0.1
45,118,Atencao,Atencao: Trafego congestionado noturno urbano,A02,0.0,0.050000007078051564,0.0001,0.0001,0.0001,0.0,-1,0,0.1
45,119,Atencao,Atencao: Trafego congestionado noturno urbano,A02,0.0,0.050000007078051564,0.0001,0.0001,0.0001,0.0,-1,0,0.1
45,120,Atencao,Atencao: Trafego congestionado noturno urbano,A02,0.0,0.050000007078051564,0.0006,0.0002,0.0001,0.0,-1,0,0.1
45,121,Atencao,Atencao: Trafego congestionado noturno urbano,A02,0.0,0.050000007078051564,0.0001,0.0001,0.0001,0.0,-1,0,0.1
45,122,Atencao,Atencao: Trafego congestionado noturno urbano,A02,0.0,0.050000007078051564,0.0004,0.0002,0.0001,0.0,-1,0,0.1
45,123,Atencao,Atencao: Trafego congestionado noturno urbano,A02,0.0,0.050000007078051564,0.0002,0.0001,0.0001,0.0,-1,0,0.1
45,124,Atencao,Atencao: Trafego congestionado noturno urbano,A02,0.0,0.050000007078051564,0.0002,0.0001,0.0001,0.0,-1,0,0.1
45,125,Atencao,Atencao: Trafego congestionado noturno urbano,A02,0.0,0.050000007078051564,0.0003,0.0002,0.0002,0.0,-1,0,0.1
45,126,Atencao,Atencao: Trafego congestionado noturno urbano,A02,0.0,0.050000007078051564,0.0002,0.0001,0.0001,0.0,-1,0,0.1
45,127,Atencao,Atencao: Trafego congestionado noturno urbano,A02,0.0,0.050000007078051564,0.0002,0.0001,0.0001,0.0,-1,0,0.1
45,128,Atencao,Atencao: Trafego congestionado noturno urbano,A02,0.0,0.050000007078051564,0.0002,0.0001,0.0001,0.0,-1,0,0.1
45,129,Atencao,Atencao: Trafego congestionado noturno urbano,A02,0.0,0.050000007078051564,0.0002,0.0001,0.0001,0.0,-1,0,0.1
45,130,Atencao,Atencao: Trafego congestionado noturno urbano,A02,0.0,0.050000007078051564,0.0002,0.0001,0.0001,0.0,-1,0,0.1
45,131,Atencao,Atencao: Trafego congestionado noturno urbano,A02,0.0,0.050000007078051564,0.0002,0.0001,0.0001,0.0,-1,0,0.1
45,132,Atencao,Atencao: Trafego congestionado noturno urbano,A02,0.0,0.050000007078051564,0.0001,0.0001,0.0001,0.0,-1,0,0.1
45,133,Atencao,Atencao: Trafego congestionado noturno urbano,A02,0.0,0.050000007078051564,0.0002,0.0001,0.0001,0.0,-1,0,0.1
45,134,Atencao,Atencao: Trafego congestionado noturno urbano,A02,0.0,0.050000007078051564,0.0003,0.0002,0.0001,0.0,-1,0,0.1
45,135,Atencao,Atencao: Trafego congestionado noturno urbano,A02,0.0,0.050000007078051564,0.0011,0.0002,0.0003,0.0,-1,0,0.1
45,136,Atencao,Atencao: Trafego congestionado noturno urbano,A02,0.0,0.050000007078051564,0.0002,0.0001,0.0001,0.0,-1,0,0.1
45,137,Atencao,Atencao: Trafego congestionado noturno urbano,A02,0.0,0.050000007078051564,0.0002,0.0001,0.0001,0.0,-1,0,0.1
45,138,Atencao,Atencao: Trafego congestionado noturno urbano,A02,0.0,0.050000007078051564,0.0005,0.0002,0.0001,0.0,-1,0,0.1
45,139,Atencao,Atencao: Trafego congestionado noturno urbano,A02,0.0,0.050000007078051564,0.0002,0.0001,0.0001,0.0,-1,0,0.1
45,140,Atencao,Atencao: Trafego congestionado noturno urbano,A02,0.0,0.050000007078051564,0.0002,0.0001,0.0001,0.0,-1,0,0.1
45,141,Atencao,Atencao: Trafego congestionado noturno urbano,A02,0.0,0.050000007078051564,0.0003,0.0002,0.0001,0.0,-1,0,0.1
45,142,Atencao,Atencao: Trafego congestionado noturno urbano,A02,0.0,0.050000007078051564,0.0001,0.0001,0.0001,0.0,-1,0,0.1
45,143,Atencao,Atencao: Trafego congestionado noturno urbano,A02,0.0,0.050000007078051564,0.0002,0.0001,0.0001,0.0,-1,0,0.1
45,144,Atencao,Atencao: Trafego congestionado noturno urbano,A02,0.0,0.050000007078051564,0.0002,0.0001,0.0001,0.0,-1,0,0.1
45,145,Atencao,Atencao: Trafego congestionado noturno urbano,A02,0.0,0.050000007078051564,0.0001,0.0001,0.0001,0.0,-1,0,0.1
45,146,Atencao,Atencao: Trafego congestionado noturno urbano,A02,0.0,0.050000007078051564,0.0001,0.0001,0.0001,0.0,-1,0,0.1
45,147,Atencao,Atencao: Trafego congestionado noturno urbano,A02,0.0,0.050000007078051564,0.0002,0.0001,0.0001,0.0,-1,0,0.1
45,148,Atencao,Atencao: Trafego congestionado noturno urbano,A02,0.0,0.050000007078051564,0.0002,0.0001,0.0001,0.0,-1,0,0.1
45,149,Atencao,Atencao: Trafego congestionado noturno urbano,A02,0.0,0.050000007078051564,0.0001,0.0001,0.0001,0.0,-1,0,0.1
45,150,Atencao,Atencao: Trafego congestionado noturno urbano,A02,0.0,0.050000007078051564,0.0001,0.0001,0.0001,0.0,-1,0,0.1
45,151,Atencao,Atencao: Trafego congestionado noturno urbano,A02,0.0,0.050000007078051564,0.0002,0.0001,0.0001,0.0,-1,0,0.1
45,152,Atencao,Atencao: Trafego congestionado noturno urbano,A02,0.0,0.050000007078051564,0.0008,0.0002,0.0002,0.0,-1,0,0.1
45,153,Atencao,Atencao: Trafego congestionado noturno urbano,A02,0.0,0.050000007078051564,0.0002,0.0001,0.0001,0.0,-1,0,0.1
45,154,Atencao,Atencao: Trafego congestionado noturno urbano,A02,0.0,0.050000007078051564,0.0002,0.0001,0.0001,0.0,-1,0,0.1
45,155,Atencao,Atencao: Trafego congestionado noturno urbano,A02,0.0,0.050000007078051564,0.0002,0.0001,0.0001,0.0,-1,0,0.1
45,156,Atencao,Atencao: Trafego congestionado noturno urbano,A02,0.0,0.050000007078051564,0.0002,0.0001,0.0002,0.0,-1,0,0.1
45,157,Atencao,Atencao: Trafego congestionado noturno urbano,A02,0.0,0.050000007078051564,0.0001,0.0001,0.0001,0.0,-1,0,0.1
45,158,Atencao,Atencao: Trafego congestionado noturno urbano,A02,0.0,0.050000007078051564,0.0001,0.0001,0.0001,0.0,-1,0,0.1
45,159,Atencao,Atencao: Trafego congestionado noturno urbano,A02,0.0,0.050000007078051564,0.0003,0.0001,0.0002,0.0,-1,0,0.1
45,160,Atencao,Atencao: Rodovia noturna com chuva e alta velocidade,A03,0.0,0.050000007078051564,0.0001,0.0001,0.0001,0.0,-1,0,0.1
45,161,Atencao,Atencao: Rodovia noturna com chuva e alta velocidade,A03,0.0,0.050000007078051564,0.0001,0.0001,0.0001,0.0,-1,0,0.1
45,162,Atencao,Atencao: Rodovia noturna com chuva e alta velocidade,A03,0.0,0.050000007078051564,0.0002,0.0001,0.0001,0.0,-1,0,0.1
45,163,Atencao,Atencao: Rodovia noturna com chuva e alta velocidade,A03,0.0,0.050000007078051564,0.0001,0.0001,0.0001,0.0,-1,0,0.1
45,164,Atencao,Atencao: Rodovia noturna com chuva e alta velocidade,A03,0.0,0.050000007078051564,0.0001,0.0001,0.0001,0.0,-1,0,0.1
45,165,Atencao,Atencao: Rodovia noturna com chuva e alta velocidade,A03,0.0,0.050000007078051564,0.0001,0.0001,0.0001,0.0,-1,0,0.1
45,166,Atencao,Atencao: Rodovia noturna com chuva e alta velocidade,A03,0.0,0.050000007078051564,0.0001,0.0001,0.0001,0.0,-1,0,0.1
45,167,Atencao,Atencao: Rodovia noturna com chuva e alta velocidade,A03,0.0,0.050000007078051564,0.0001,0.0001,0.0001,0.0,-1,0,0.1
45,168,Atencao,Atencao: Rodovia noturna com chuva e alta velocidade,A03,0.0,0.050000007078051564,0.0001,0.0001,0.0001,0.0,-1,0,0.1
45,169,Atencao,Atencao: Rodovia noturna com chuva e alta velocidade,A03,0.0,0.050000007078051564,0.0001,0.0001,0.0001,0.0,-1,0,0.1
45,170,Atencao,Atencao: Rodovia noturna com chuva e alta velocidade,A03,0.0,0.050000007078051564,0.0001,0.0001,0.0001,0.0,-1,0,0.1
45,171,Atencao,Atencao: Rodovia noturna com chuva e alta velocidade,A03,0.0,0.050000007078051564,0.0001,0.0001,0.0001,0.0,-1,0,0.1
45,172,Atencao,Atencao: Rodovia noturna com chuva e alta velocidade,A03,0.0,0.050000007078051564,0.0001,0.0001,0.0001,0.0,-1,0,0.1
45,173,Atencao,Atencao: Rodovia noturna com chuva e alta velocidade,A03,0.0,0.050000007078051564,0.0002,0.0001,0.0001,0.0,-1,0,0.1
45,174,Atencao,Atencao: Rodovia noturna com chuva e alta velocidade,A03,0.0,0.050000007078051564,0.0001,0.0001,0.0001,0.0,-1,0,0.1
45,175,Atencao,Atencao: Rodovia noturna com chuva e alta velocidade,A03,0.0,0.050000007078051564,0.0001,0.0001,0.0001,0.0,-1,0,0.1
45,176,Atencao,Atencao: Rodovia noturna com chuva e alta velocidade,A03,0.0,0.050000007078051564,0.0001,0.0001,0.0001,0.0,-1,0,0.1
45,177,Atencao,Atencao: Rodovia noturna com chuva e alta velocidade,A03,0.0,0.050000007078051564,0.0001,0.0001,0.0001,0.0,-1,0,0.1
45,178,Atencao,Atencao: Rodovia noturna com chuva e alta velocidade,A03,0.0,0.050000007078051564,0.0001,0.0001,0.0001,0.0,-1,0,0.1
45,179,Atencao,Atencao: Rodovia noturna com chuva e alta velocidade,A03,0.0,0.050000007078051564,0.0001,0.0001,0.0001,0.0,-1,0,0.1
45,180,Atencao,Atencao: Rodovia noturna com chuva e alta velocidade,A03,0.0,0.050000007078051564,0.0001,0.0001,0.0001,0.0,-1,0,0.1
45,181,Atencao,Atencao: Rodovia noturna com chuva e alta velocidade,A03,0.0,0.050000007078051564,0.0001,0.0001,0.0001,0.0,-1,0,0.1
45,182,Atencao,Atencao: Rodovia noturna com chuva e alta velocidade,A03,0.0,0.050000007078051564,0.0002,0.0001,0.0001,0.0,-1,0,0.1
45,183,Atencao,Atencao: Rodovia noturna com chuva e alta velocidade,A03,0.0,0.050000007078051564,0.0001,0.0001,0.0001,0.0,-1,0,0.1
45,184,Atencao,Atencao: Rodovia noturna com chuva e alta velocidade,A03,0.0,0.050000007078051564,0.0001,0.0001,0.0001,0.0,-1,0,0.1
45,185,Atencao,Atencao: Rodovia noturna com chuva e alta velocidade,A03,0.0,0.050000007078051564,0.0001,0.0001,0.0001,0.0,-1,0,0.1
45,186,Atencao,Atencao: Rodovia noturna com chuva e alta velocidade,A03,0.0,0.050000007078051564,0.0001,0.0001,0.0001,0.0,-1,0,0.1
45,187,Atencao,Atencao: Rodovia noturna com chuva e alta velocidade,A03,0.0,0.050000007078051564,0.0002,0.0001,0.0001,0.0,-1,0,0.1
45,188,Atencao,Atencao: Rodovia noturna com chuva e alta velocidade,A03,0.0,0.050000007078051564,0.0001,0.0001,0.0001,0.0,-1,0,0.1
45,189,Atencao,Atencao: Rodovia noturna com chuva e alta velocidade,A03,0.0,0.050000007078051564,0.0001,0.0001,0.0001,0.0,-1,0,0.1
45,190,Atencao,Atencao: Rodovia noturna com chuva e alta velocidade,A03,0.0,0.050000007078051564,0.0001,0.0001,0.0001,0.0,-1,0,0.1
45,191,Atencao,Atencao: Rodovia noturna com chuva e alta velocidade,A03,0.0,0.050000007078051564,0.0001,0.0001,0.0001,0.0,-1,0,0.1
45,192,Atencao,Atencao: Rodovia noturna com chuva e alta velocidade,A03,0.0,0.050000007078051564,0.0001,0.0001,0.0001,0.0,-1,0,0.1
45,193,Atencao,Atencao: Rodovia noturna com chuva e alta velocidade,A03,0.0,0.050000007078051564,0.0001,0.0001,0.0001,0.0,-1,0,0.1
45,194,Atencao,Atencao: Rodovia noturna com chuva e alta velocidade,A03,0.0,0.050000007078051564,0.0001,0.0001,0.0001,0.0,-1,0,0.1
45,195,Atencao,Atencao: Rodovia noturna com chuva e alta velocidade,A03,0.0,0.050000007078051564,0.0001,0.0001,0.0001,0.0,-1,0,0.1
45,196,Atencao,Atencao: Rodovia noturna com chuva e alta velocidade,A03,0.0,0.050000007078051564,0.0001,0.0001,0.0001,0.0,-1,0,0.1
45,197,Atencao,Atencao: Rodovia noturna com chuva e alta velocidade,A03,0.0,0.050000007078051564,0.0001,0.0001,0.0001,0.0,-1,0,0.1
45,198,Atencao,Atencao: Rodovia noturna com chuva e alta velocidade,A03,0.0,0.050000007078051564,0.0001,0.0001,0.0001,0.0,-1,0,0.1
45,199,Atencao,Atencao: Rodovia noturna com chuva e alta velocidade,A03,0.0,0.050000007078051564,0.0001,0.0001,0.0001,0.0,-1,0,0.1
45,200,Atencao,Atencao: Rodovia noturna com chuva e alta velocidade,A03,0.0,0.050000007078051564,0.0001,0.0001,0.0001,0.0,-1,0,0.1
45,201,Atencao,Atencao: Rodovia noturna com chuva e alta velocidade,A03,0.0,0.050000007078051564,0.0001,0.0001,0.0001,0.0,-1,0,0.1
45,202,Atencao,Atencao: Rodovia noturna com chuva e alta velocidade,A03,0.0,0.050000007078051564,0.0001,0.0001,0.0001,0.0,-1,0,0.1
45,203,Atencao,Atencao: Rodovia noturna com chuva e alta velocidade,A03,0.0,0.050000007078051564,0.0001,0.0001,0.0001,0.0,-1,0,0.1
45,204,Atencao,Atencao: Rodovia noturna com chuva e alta velocidade,A03,0.0,0.050000007078051564,0.0001,0.0001,0.0001,0.0,-1,0,0.1
45,205,Atencao,Atencao: Rodovia noturna com chuva e alta velocidade,A03,0.0,0.050000007078051564,0.0001,0.0001,0.0001,0.0,-1,0,0.1
45,206,Atencao,Atencao: Rodovia noturna com chuva e alta velocidade,A03,0.0,0.050000007078051564,0.0001,0.0001,0.0001,0.0,-1,0,0.1
45,207,Atencao,Atencao: Rodovia noturna com chuva e alta velocidade,A03,0.0,0.050000007078051564,0.0001,0.0001,0.0001,0.0,-1,0,0.1
45,208,Atencao,Atencao: Rodovia noturna com chuva e alta velocidade,A03,0.0,0.050000007078051564,0.0001,0.0001,0.0001,0.0,-1,0,0.1
45,209,Atencao,Atencao: Rodovia noturna com chuva e alta velocidade,A03,0.0,0.050000007078051564,0.0001,0.0001,0.0001,0.0,-1,0,0.1
45,210,Atencao,Atencao: Rodovia noturna com chuva e alta velocidade,A03,0.0,0.050000007078051564,0.0001,0.0001,0.0001,0.0,-1,0,0.1
45,211,Atencao,Atencao: Rodovia noturna com chuva e alta velocidade,A03,0.0,0.050000007078051564,0.0001,0.0001,0.0001,0.0,-1,0,0.1
45,212,Atencao,Atencao: Rodovia noturna com chuva e alta velocidade,A03,0.0,0.050000007078051564,0.0001,0.0001,0.0001,0.0,-1,0,0.1
45,213,Atencao,Atencao: Rodovia noturna com chuva e alta velocidade,A03,0.0,0.050000007078051564,0.0002,0.0001,0.0001,0.0,-1,0,0.1
45,214,Atencao,Atencao: Rodovia noturna com chuva e alta velocidade,A03,0.0,0.050000007078051564,0.0001,0.0001,0.0001,0.0,-1,0,0.1
45,215,Atencao,Atencao: Rodovia noturna com chuva e alta velocidade,A03,0.0,0.050000007078051564,0.0001,0.0001,0.0001,0.0,-1,0,0.1
45,216,Atencao,Atencao: Rodovia noturna com chuva e alta velocidade,A03,0.0,0.050000007078051564,0.0001,0.0001,0.0001,0.0,-1,0,0.1
45,217,Atencao,Atencao: Rodovia noturna com chuva e alta velocidade,A03,0.0,0.050000007078051564,0.0001,0.0001,0.0001,0.0,-1,0,0.1
45,218,Atencao,Atencao: Rodovia noturna com chuva e alta velocidade,A03,0.0,0.050000007078051564,0.0001,0.0001,0.0001,0.0,-1,0,0.1
45,219,Atencao,Atencao: Rodovia noturna com chuva e alta velocidade,A03,0.0,0.050000007078051564,0.0001,0.0001,0.0001,0.0,-1,0,0.1
45,220,Atencao,Atencao: Rodovia noturna com chuva e alta velocidade,A03,0.0,0.050000007078051564,0.0001,0.0001,0.0001,0.0,-1,0,0.1
45,221,Atencao,Atencao: Rodovia noturna com chuva e alta velocidade,A03,0.0,0.050000007078051564,0.0001,0.0001,0.0001,0.0,-1,0,0.1
45,222,Atencao,Atencao: Rodovia noturna com chuva e alta velocidade,A03,0.0,0.050000007078051564,0.0001,0.0001,0.0001,0.0,-1,0,0.1
45,223,Atencao,Atencao: Rodovia noturna com chuva e alta velocidade,A03,0.0,0.050000007078051564,0.0001,0.0001,0.0001,0.0,-1,0,0.1
45,224,Atencao,Atencao: Rodovia noturna com chuva e alta velocidade,A03,0.0,0.050000007078051564,0.0001,0.0001,0.0001,0.0,-1,0,0.1
45,225,Atencao,Atencao: Rodovia noturna com chuva e alta velocidade,A03,0.0,0.050000007078051564,0.0001,0.0001,0.0001,0.0,-1,0,0.1
45,226,Atencao,Atencao: Rodovia noturna com chuva e alta velocidade,A03,0.0,0.050000007078051564,0.0001,0.0001,0.0001,0.0,-1,0,0.1
45,227,Atencao,Atencao: Rodovia noturna com chuva e alta velocidade,A03,0.0,0.050000007078051564,0.0001,0.0001,0.0001,0.0,-1,0,0.1
45,228,Atencao,Atencao: Rodovia noturna com chuva e alta velocidade,A03,0.0,0.050000007078051564,0.0001,0.0001,0.0001,0.0,-1,0,0.1
45,229,Atencao,Atencao: Rodovia noturna com chuva e alta velocidade,A03,0.0,0.050000007078051564,0.0001,0.0001,0.0001,0.0,-1,0,0.1
45,230,Atencao,Atencao: Rodovia noturna com chuva e alta velocidade,A03,0.0,0.050000007078051564,0.0001,0.0001,0.0001,0.0,-1,0,0.1
45,231,Atencao,Atencao: Rodovia noturna com chuva e alta velocidade,A03,0.0,0.050000007078051564,0.0002,0.0001,0.0001,0.0,-1,0,0.1
45,232,Atencao,Atencao: Rodovia noturna com chuva e alta velocidade,A03,0.0,0.050000007078051564,0.0001,0.0001,0.0001,0.0,-1,0,0.1
45,233,Atencao,Atencao: Rodovia noturna com chuva e alta velocidade,A03,0.0,0.050000007078051564,0.0001,0.0001,0.0001,0.0,-1,0,0.1
45,234,Atencao,Atencao: Rodovia noturna com chuva e alta velocidade,A03,0.0,0.050000007078051564,0.0003,0.0001,0.0002,0.0,-1,0,0.1
45,235,Atencao,Atencao: Rodovia noturna com chuva e alta velocidade,A03,0.0,0.050000007078051564,0.0001,0.0001,0.0001,0.0,-1,0,0.1
45,236,Atencao,Atencao: Rodovia noturna com chuva e alta velocidade,A03,0.0,0.050000007078051564,0.0001,0.0001,0.0001,0.0,-1,0,0.1
45,237,Atencao,Atencao: Rodovia noturna com chuva e alta velocidade,A03,0.0,0.050000007078051564,0.0001,0.0001,0.0001,0.0,-1,0,0.1
45,238,Atencao,Atencao: Rodovia noturna com chuva e alta velocidade,A03,0.0,0.050000007078051564,0.0001,0.0001,0.0001,0.0,-1,0,0.1
45,239,Atencao,Atencao: Rodovia noturna com chuva e alta velocidade,A03,0.0,0.050000007078051564,0.0001,0.0001,0.0001,0.0,-1,0,0.1
45,240,Alerta,Alerta: Conversa prolongada em rodovia,L01,0.0,0.18333696946501732,0.0247,0.0016,0.0001,0.0,-1,0,0.1
45,241,Alerta,Alerta: Conversa prolongada em rodovia,L01,0.0,0.18333696946501732,0.025,0.0016,0.0001,0.0,-1,0,0.1
45,242,Alerta,Alerta: Conversa prolongada em rodovia,L01,0.0,0.18333696946501732,0.3773,0.0281,0.0001,0.1042,49,1,0.1
45,243,Alerta,Alerta: Conversa prolongada em rodovia,L01,0.0,0.18333696946501732,0.0297,0.0017,0.0001,0.0,-1,0,0.1
45,244,Alerta,Alerta: Conversa prolongada em rodovia,L01,0.0,0.18333696946501732,0.0299,0.0017,0.0001,0.0,-1,0,0.1
45,245,Alerta,Alerta: Conversa prolongada em rodovia,L01,0.0,0.18333696946501732,0.0288,0.0017,0.0001,0.0,-1,0,0.1
45,246,Alerta,Alerta: Conversa prolongada em rodovia,L01,0.0,0.18333696946501732,0.0279,0.0017,0.0001,0.0,-1,0,0.1
45,247,Alerta,Alerta: Conversa prolongada em rodovia,L01,0.0,0.18333696946501732,0.0262,0.0016,0.0001,0.0,-1,0,0.1
45,248,Alerta,Alerta: Conversa prolongada em rodovia,L01,0.0,0.18333696946501732,0.0214,0.0015,0.0001,0.0,-1,0,0.1
45,249,Alerta,Alerta: Conversa prolongada em rodovia,L01,0.0,0.18333696946501732,0.024,0.0016,0.0001,0.0,-1,0,0.1
45,250,Alerta,Alerta: Conversa prolongada em rodovia,L01,0.0,0.18333696946501732,0.0271,0.0016,0.0001,0.0,-1,0,0.1
45,251,Alerta,Alerta: Conversa prolongada em rodovia,L01,0.0,0.18333696946501732,0.0243,0.0016,0.0001,0.0,-1,0,0.1
45,252,Alerta,Alerta: Conversa prolongada em rodovia,L01,0.0,0.18333696946501732,0.0226,0.0015,0.0001,0.0,-1,0,0.1
45,253,Alerta,Alerta: Conversa prolongada em rodovia,L01,0.0,0.18333696946501732,0.0253,0.002,0.0001,0.0,-1,0,0.1
45,254,Alerta,Alerta: Conversa prolongada em rodovia,L01,0.0,0.18333696946501732,0.4434,0.0289,0.0001,0.0833,48,1,0.1
45,255,Alerta,Alerta: Conversa prolongada em rodovia,L01,0.0,0.18333696946501732,0.0231,0.0016,0.0001,0.0,-1,0,0.1
45,256,Alerta,Alerta: Conversa prolongada em rodovia,L01,0.0,0.18333696946501732,0.0221,0.0015,0.0001,0.0,-1,0,0.1
45,257,Alerta,Alerta: Conversa prolongada em rodovia,L01,0.0,0.18333696946501732,0.0287,0.0017,0.0001,0.0,-1,0,0.1
45,258,Alerta,Alerta: Conversa prolongada em rodovia,L01,0.0,0.18333696946501732,0.0236,0.0016,0.0001,0.0,-1,0,0.1
45,259,Alerta,Alerta: Conversa prolongada em rodovia,L01,0.0,0.18333696946501732,0.0239,0.0016,0.0001,0.0,-1,0,0.1
45,260,Alerta,Alerta: Conversa prolongada em rodovia,L01,0.0,0.18333696946501732,0.024,0.0016,0.0001,0.0,-1,0,0.1
45,261,Alerta,Alerta: Conversa prolongada em rodovia,L01,0.0,0.18333696946501732,0.0286,0.0016,0.0001,0.0,-1,0,0.1
45,262,Alerta,Alerta: Conversa prolongada em rodovia,L01,0.0,0.18333696946501732,0.0266,0.0018,0.0001,0.0,-1,0,0.1
45,263,Alerta,Alerta: Conversa prolongada em rodovia,L01,0.0,0.18333696946501732,0.0274,0.0017,0.0001,0.0,-1,0,0.1
45,264,Alerta,Alerta: Conversa prolongada em rodovia,L01,0.0,0.18333696946501732,0.0254,0.0016,0.0001,0.0,-1,0,0.1
45,265,Alerta,Alerta: Conversa prolongada em rodovia,L01,0.0,0.18333696946501732,0.0283,0.0017,0.0001,0.0,-1,0,0.1
45,266,Alerta,Alerta: Conversa prolongada em rodovia,L01,0.0,0.18333696946501732,0.0256,0.0016,0.0001,0.0,-1,0,0.1
45,267,Alerta,Alerta: Conversa prolongada em rodovia,L01,0.0,0.18333696946501732,0.0285,0.0017,0.0001,0.0,-1,0,0.1
45,268,Alerta,Alerta: Conversa prolongada em rodovia,L01,0.0,0.18333696946501732,0.0312,0.0017,0.0001,0.0,-1,0,0.1
45,269,Alerta,Alerta: Conversa prolongada em rodovia,L01,0.0,0.18333696946501732,0.3278,0.0108,0.0001,0.0417,48,1,0.1
45,270,Alerta,Alerta: Conversa prolongada em rodovia,L01,0.0,0.18333696946501732,0.024,0.0016,0.0001,0.0,-1,0,0.1
45,271,Alerta,Alerta: Conversa prolongada em rodovia,L01,0.0,0.18333696946501732,0.026,0.0016,0.0001,0.0,-1,0,0.1
45,272,Alerta,Alerta: Conversa prolongada em rodovia,L01,0.0,0.18333696946501732,0.0529,0.0023,0.0001,0.0,-1,0,0.1
45,273,Alerta,Alerta: Conversa prolongada em rodovia,L01,0.0,0.18333696946501732,0.2149,0.0179,0.0001,0.0729,49,1,0.1
45,274,Alerta,Alerta: Conversa prolongada em rodovia,L01,0.0,0.18333696946501732,0.0216,0.0015,0.0001,0.0,-1,0,0.1
45,275,Alerta,Alerta: Conversa prolongada em rodovia,L01,0.0,0.18333696946501732,0.0229,0.0015,0.0001,0.0,-1,0,0.1
45,276,Alerta,Alerta: Conversa prolongada em rodovia,L01,0.0,0.18333696946501732,0.0255,0.0016,0.0001,0.0,-1,0,0.1
45,277,Alerta,Alerta: Conversa prolongada em rodovia,L01,0.0,0.18333696946501732,0.0253,0.0016,0.0001,0.0,-1,0,0.1
45,278,Alerta,Alerta: Conversa prolongada em rodovia,L01,0.0,0.18333696946501732,0.0273,0.0016,0.0001,0.0,-1,0,0.1
45,279,Alerta,Alerta: Conversa prolongada em rodovia,L01,0.0,0.18333696946501732,0.0227,0.0016,0.0001,0.0,-1,0,0.1
45,280,Alerta,Alerta: Conversa prolongada em rodovia,L01,0.0,0.18333696946501732,0.0257,0.0016,0.0001,0.0,-1,0,0.1
45,281,Alerta,Alerta: Conversa prolongada em rodovia,L01,0.0,0.18333696946501732,0.0269,0.0016,0.0001,0.0,-1,0,0.1
45,282,Alerta,Alerta: Conversa prolongada em rodovia,L01,0.0,0.18333696946501732,0.026,0.0016,0.0001,0.0,-1,0,0.1
45,283,Alerta,Alerta: Conversa prolongada em rodovia,L01,0.0,0.18333696946501732,0.0252,0.0016,0.0001,0.0,-1,0,0.1
45,284,Alerta,Alerta: Conversa prolongada em rodovia,L01,0.0,0.18333696946501732,0.0242,0.0016,0.0001,0.0,-1,0,0.1
45,285,Alerta,Alerta: Conversa prolongada em rodovia,L01,0.0,0.18333696946501732,0.0294,0.0017,0.0001,0.0,-1,0,0.1
45,286,Alerta,Alerta: Conversa prolongada em rodovia,L01,0.0,0.18333696946501732,0.0269,0.0016,0.0001,0.0,-1,0,0.1
45,287,Alerta,Alerta: Conversa prolongada em rodovia,L01,0.0,0.18333696946501732,0.0247,0.0016,0.0001,0.0,-1,0,0.1
45,288,Alerta,Alerta: Conversa prolongada em rodovia,L01,0.0,0.18333696946501732,0.0248,0.0016,0.0001,0.0,-1,0,0.1
45,289,Alerta,Alerta: Conversa prolongada em rodovia,L01,0.0,0.18333696946501732,0.0185,0.0016,0.0001,0.0,-1,0,0.1
45,290,Alerta,Alerta: Conversa prolongada em rodovia,L01,0.0,0.18333696946501732,0.0229,0.0015,0.0001,0.0,-1,0,0.1
45,291,Alerta,Alerta: Conversa prolongada em rodovia,L01,0.0,0.18333696946501732,0.026,0.0016,0.0001,0.0,-1,0,0.1
45,292,Alerta,Alerta: Conversa prolongada em rodovia,L01,0.0,0.18333696946501732,0.0384,0.0019,0.0001,0.0,-1,0,0.1
45,293,Alerta,Alerta: Conversa prolongada em rodovia,L01,0.0,0.18333696946501732,0.0238,0.0016,0.0001,0.0,-1,0,0.1
45,294,Alerta,Alerta: Conversa prolongada em rodovia,L01,0.0,0.18333696946501732,0.0258,0.0016,0.0001,0.0,-1,0,0.1
45,295,Alerta,Alerta: Conversa prolongada em rodovia,L01,0.0,0.18333696946501732,0.0254,0.0016,0.0001,0.0,-1,0,0.1
45,296,Alerta,Alerta: Conversa prolongada em rodovia,L01,0.0,0.18333696946501732,0.0271,0.0016,0.0001,0.0,-1,0,0.1
45,297,Alerta,Alerta: Conversa prolongada em rodovia,L01,0.0,0.18333696946501732,0.0242,0.0016,0.0001,0.0,-1,0,0.1
45,298,Alerta,Alerta: Conversa prolongada em rodovia,L01,0.0,0.18333696946501732,0.0231,0.0016,0.0001,0.0,-1,0,0.1
45,299,Alerta,Alerta: Conversa prolongada em rodovia,L01,0.0,0.18333696946501732,0.0258,0.0016,0.0001,0.0,-1,0,0.1
45,300,Alerta,Alerta: Conversa prolongada em rodovia,L01,0.0,0.18333696946501732,0.0274,0.0017,0.0001,0.0,-1,0,0.1
45,301,Alerta,Alerta: Conversa prolongada em rodovia,L01,0.0,0.18333696946501732,0.0286,0.0017,0.0001,0.0,-1,0,0.1
45,302,Alerta,Alerta: Conversa prolongada em rodovia,L01,0.0,0.18333696946501732,0.0245,0.0016,0.0001,0.0,-1,0,0.1
45,303,Alerta,Alerta: Conversa prolongada em rodovia,L01,0.0,0.18333696946501732,0.0246,0.0016,0.0001,0.0,-1,0,0.1
45,304,Alerta,Alerta: Conversa prolongada em rodovia,L01,0.0,0.18333696946501732,0.0279,0.0017,0.0001,0.0,-1,0,0.1
45,305,Alerta,Alerta: Conversa prolongada em rodovia,L01,0.0,0.18333696946501732,0.0233,0.0015,0.0001,0.0,-1,0,0.1
45,306,Alerta,Alerta: Conversa prolongada em rodovia,L01,0.0,0.18333696946501732,0.0307,0.0017,0.0001,0.0,-1,0,0.1
45,307,Alerta,Alerta: Conversa prolongada em rodovia,L01,0.0,0.18333696946501732,0.0686,0.0031,0.0001,0.0,-1,0,0.1
45,308,Alerta,Alerta: Conversa prolongada em rodovia,L01,0.0,0.18333696946501732,0.0271,0.0016,0.0001,0.0,-1,0,0.1
45,309,Alerta,Alerta: Conversa prolongada em rodovia,L01,0.0,0.18333696946501732,0.0283,0.0016,0.0001,0.0,-1,0,0.1
45,310,Alerta,Alerta: Conversa prolongada em rodovia,L01,0.0,0.18333696946501732,0.0277,0.0017,0.0001,0.0,-1,0,0.1
45,311,Alerta,Alerta: Conversa prolongada em rodovia,L01,0.0,0.18333696946501732,0.0277,0.0016,0.0001,0.0,-1,0,0.1
45,312,Alerta,Alerta: Conversa prolongada em rodovia,L01,0.0,0.18333696946501732,0.0309,0.0017,0.0001,0.0,-1,0,0.1
45,313,Alerta,Alerta: Conversa prolongada em rodovia,L01,0.0,0.18333696946501732,0.0269,0.0016,0.0001,0.0,-1,0,0.1
45,314,Alerta,Alerta: Conversa prolongada em rodovia,L01,0.0,0.18333696946501732,0.0246,0.0016,0.0001,0.0,-1,0,0.1
45,315,Alerta,Alerta: Conversa prolongada em rodovia,L01,0.0,0.18333696946501732,0.0266,0.0016,0.0001,0.0,-1,0,0.1
45,316,Alerta,Alerta: Conversa prolongada em rodovia,L01,0.0,0.18333696946501732,0.0824,0.0036,0.0001,0.0,-1,0,0.1
45,317,Alerta,Alerta: Conversa prolongada em rodovia,L01,0.0,0.18333696946501732,0.0232,0.0016,0.0001,0.0,-1,0,0.1
45,318,Alerta,Alerta: Conversa prolongada em rodovia,L01,0.0,0.18333696946501732,0.024,0.0015,0.0001,0.0,-1,0,0.1
45,319,Alerta,Alerta: Conversa prolongada em rodovia,L01,0.0,0.18333696946501732,0.0237,0.0016,0.0001,0.0,-1,0,0.1
45,320,Alerta,Alerta: Ajuste de radio em velocidade moderada,L02,0.0,0.2512239456176758,0.7146,0.0931,0.0001,0.1875,57,1,0.1
45,321,Alerta,Alerta: Ajuste de radio em velocidade moderada,L02,0.0,0.2512239456176758,0.6283,0.0331,0.0001,0.0729,57,1,0.1
45,322,Alerta,Alerta: Ajuste de radio em velocidade moderada,L02,0.0,0.2512239456176758,0.7174,0.0435,0.0001,0.0833,57,1,0.1
45,323,Alerta,Alerta: Ajuste de radio em velocidade moderada,L02,0.0,0.2512239456176758,0.5629,0.0329,0.0001,0.0833,57,1,0.1
45,324,Alerta,Alerta: Ajuste de radio em velocidade moderada,L02,0.0,0.2512239456176758,0.7126,0.0518,0.0001,0.1042,57,1,0.1
45,325,Alerta,Alerta: Ajuste de radio em velocidade moderada,L02,0.0,0.2512239456176758,0.6621,0.0421,0.0001,0.0938,57,1,0.1
45,326,Alerta,Alerta: Ajuste de radio em velocidade moderada,L02,0.0,0.2512239456176758,0.6813,0.0412,0.0001,0.0833,57,1,0.1
45,327,Alerta,Alerta: Ajuste de radio em velocidade moderada,L02,0.0,0.2512239456176758,0.6173,0.0405,0.0001,0.0938,57,1,0.1
45,328,Alerta,Alerta: Ajuste de radio em velocidade moderada,L02,0.0,0.2512239456176758,0.3947,0.0171,0.0001,0.0521,57,1,0.1
45,329,Alerta,Alerta: Ajuste de radio em velocidade moderada,L02,0.0,0.2512239456176758,0.6785,0.0508,0.0001,0.1146,57,1,0.1
45,330,Alerta,Alerta: Ajuste de radio em velocidade moderada,L02,0.0,0.2512239456176758,0.605,0.032,0.0001,0.0729,57,1,0.1
45,331,Alerta,Alerta: Ajuste de radio em velocidade moderada,L02,0.0,0.2512239456176758,0.6361,0.0351,0.0001,0.0833,57,1,0.1
45,332,Alerta,Alerta: Ajuste de radio em velocidade moderada,L02,0.0,0.2512239456176758,0.4364,0.0179,0.0001,0.0417,58,1,0.1
45,333,Alerta,Alerta: Ajuste de radio em velocidade moderada,L02,0.0,0.2512239456176758,0.564,0.0286,0.0001,0.0729,57,1,0.1
45,334,Alerta,Alerta: Ajuste de radio em velocidade moderada,L02,0.0,0.2512239456176758,0.7476,0.0524,0.0001,0.1042,57,1,0.1
45,335,Alerta,Alerta: Ajuste de radio em velocidade moderada,L02,0.0,0.2512239456176758,0.6257,0.0423,0.0001,0.1042,57,1,0.1
45,336,Alerta,Alerta: Ajuste de radio em velocidade moderada,L02,0.0,0.2512239456176758,0.8283,0.0687,0.0001,0.1042,57,1,0.1
45,337,Alerta,Alerta: Ajuste de radio em velocidade moderada,L02,0.0,0.2512239456176758,0.2617,0.0119,0.0001,0.0417,57,1,0.1
45,338,Alerta,Alerta: Ajuste de radio em velocidade moderada,L02,0.0,0.2512239456176758,0.5251,0.0265,0.0001,0.0729,57,1,0.1
45,339,Alerta,Alerta: Ajuste de radio em velocidade moderada,L02,0.0,0.2512239456176758,0.5185,0.0249,0.0001,0.0625,57,1,0.1
45,340,Alerta,Alerta: Ajuste de radio em velocidade moderada,L02,0.0,0.2512239456176758,0.3724,0.0173,0.0001,0.0521,57,1,0.1
45,341,Alerta,Alerta: Ajuste de radio em velocidade moderada,L02,0.0,0.2512239456176758,0.7202,0.0461,0.0001,0.0938,57,1,0.1
45,342,Alerta,Alerta: Ajuste de radio em velocidade moderada,L02,0.0,0.2512239456176758,0.6015,0.0335,0.0001,0.0833,57,1,0.1
45,343,Alerta,Alerta: Ajuste de radio em velocidade moderada,L02,0.0,0.2512239456176758,0.6666,0.0378,0.0001,0.0833,57,1,0.1
45,344,Alerta,Alerta: Ajuste de radio em velocidade moderada,L02,0.0,0.2512239456176758,0.6519,0.0396,0.0001,0.0833,57,1,0.1
45,345,Alerta,Alerta: Ajuste de radio em velocidade moderada,L02,0.0,0.2512239456176758,0.6142,0.0333,0.0001,0.0833,57,1,0.1
45,346,Alerta,Alerta: Ajuste de radio em velocidade moderada,L02,0.0,0.2512239456176758,0.5499,0.0324,0.0001,0.0833,57,1,0.1
45,347,Alerta,Alerta: Ajuste de radio em velocidade moderada,L02,0.0,0.2512239456176758,0.6551,0.0403,0.0001,0.0833,57,1,0.1
45,348,Alerta,Alerta: Ajuste de radio em velocidade moderada,L02,0.0,0.2512239456176758,0.5961,0.0318,0.0001,0.0729,57,1,0.1
45,349,Alerta,Alerta: Ajuste de radio em velocidade moderada,L02,0.0,0.2512239456176758,0.7199,0.0447,0.0001,0.0938,57,1,0.1
45,350,Alerta,Alerta: Ajuste de radio em velocidade moderada,L02,0.0,0.2512239456176758,0.6327,0.0363,0.0001,0.0833,57,1,0.1
45,351,Alerta,Alerta: Ajuste de radio em velocidade moderada,L02,0.0,0.2512239456176758,0.556,0.0262,0.0001,0.0729,57,1,0.1
45,352,Alerta,Alerta: Ajuste de radio em velocidade moderada,L02,0.0,0.2512239456176758,0.6389,0.0375,0.0001,0.0833,57,1,0.1
45,353,Alerta,Alerta: Ajuste de radio em velocidade moderada,L02,0.0,0.2512239456176758,0.6348,0.0312,0.0001,0.0625,58,1,0.1
45,354,Alerta,Alerta: Ajuste de radio em velocidade moderada,L02,0.0,0.2512239456176758,0.6826,0.0457,0.0001,0.0938,57,1,0.1
45,355,Alerta,Alerta: Ajuste de radio em velocidade moderada,L02,0.0,0.2512239456176758,0.3219,0.0142,0.0001,0.0521,57,1,0.1
45,356,Alerta,Alerta: Ajuste de radio em velocidade moderada,L02,0.0,0.2512239456176758,0.5446,0.0282,0.0001,0.0729,57,1,0.1
45,357,Alerta,Alerta: Ajuste de radio em velocidade moderada,L02,0.0,0.2512239456176758,0.2742,0.0131,0.0001,0.0521,57,1,0.1
45,358,Alerta,Alerta: Ajuste de radio em velocidade moderada,L02,0.0,0.2512239456176758,0.4933,0.0243,0.0001,0.0729,57,1,0.1
45,359,Alerta,Alerta: Ajuste de radio em velocidade moderada,L02,0.0,0.2512239456176758,0.6524,0.0383,0.0001,0.0833,57,1,0.1
45,360,Alerta,Alerta: Ajuste de radio em velocidade moderada,L02,0.0,0.2512239456176758,0.5364,0.0257,0.0001,0.0625,57,1,0.1
45,361,Alerta,Alerta: Ajuste de radio em velocidade moderada,L02,0.0,0.2512239456176758,0.2094,0.0094,0.0001,0.0417,57,1,0.1
45,362,Alerta,Alerta: Ajuste de radio em velocidade moderada,L02,0.0,0.2512239456176758,0.5122,0.0224,0.0001,0.0625,57,1,0.1
45,363,Alerta,Alerta: Ajuste de radio em velocidade moderada,L02,0.0,0.2512239456176758,0.6915,0.042,0.0001,0.0833,57,1,0.1
45,364,Alerta,Alerta: Ajuste de radio em velocidade moderada,L02,0.0,0.2512239456176758,0.7624,0.0474,0.0001,0.0833,57,1,0.1
45,365,Alerta,Alerta: Ajuste de radio em velocidade moderada,L02,0.0,0.2512239456176758,0.6474,0.0418,0.0001,0.0938,57,1,0.1
45,366,Alerta,Alerta: Ajuste de radio em velocidade moderada,L02,0.0,0.2512239456176758,0.6205,0.0365,0.0001,0.0833,57,1,0.1
45,367,Alerta,Alerta: Ajuste de radio em velocidade moderada,L02,0.0,0.2512239456176758,0.6287,0.0428,0.0001,0.1042,57,1,0.1
45,368,Alerta,Alerta: Ajuste de radio em velocidade moderada,L02,0.0,0.2512239456176758,0.6522,0.0385,0.0001,0.0833,57,1,0.1
45,369,Alerta,Alerta: Ajuste de radio em velocidade moderada,L02,0.0,0.2512239456176758,0.6256,0.0362,0.0001,0.0833,57,1,0.1
45,370,Alerta,Alerta: Ajuste de radio em velocidade moderada,L02,0.0,0.2512239456176758,0.5247,0.0287,0.0001,0.0833,57,1,0.1
45,371,Alerta,Alerta: Ajuste de radio em velocidade moderada,L02,0.0,0.2512239456176758,0.5643,0.0316,0.0001,0.0833,57,1,0.1
45,372,Alerta,Alerta: Ajuste de radio em velocidade moderada,L02,0.0,0.2512239456176758,0.5043,0.0368,0.0001,0.1042,57,1,0.1
45,373,Alerta,Alerta: Ajuste de radio em velocidade moderada,L02,0.0,0.2512239456176758,0.5979,0.0328,0.0001,0.0833,57,1,0.1
45,374,Alerta,Alerta: Ajuste de radio em velocidade moderada,L02,0.0,0.2512239456176758,0.7723,0.0767,0.0001,0.1562,57,1,0.1
45,375,Alerta,Alerta: Ajuste de radio em velocidade moderada,L02,0.0,0.2512239456176758,0.3869,0.0159,0.0001,0.0521,58,1,0.1
45,376,Alerta,Alerta: Ajuste de radio em velocidade moderada,L02,0.0,0.2512239456176758,0.6175,0.0358,0.0001,0.0833,57,1,0.1
45,377,Alerta,Alerta: Ajuste de radio em velocidade moderada,L02,0.0,0.2512239456176758,0.809,0.1832,0.5187,0.2812,57,1,0.1
45,378,Alerta,Alerta: Ajuste de radio em velocidade moderada,L02,0.0,0.2512239456176758,0.712,0.0453,0.0001,0.0938,57,1,0.1
45,379,Alerta,Alerta: Ajuste de radio em velocidade moderada,L02,0.0,0.2512239456176758,0.4542,0.0269,0.0001,0.0729,57,1,0.1
45,380,Alerta,Alerta: Ajuste de radio em velocidade moderada,L02,0.0,0.2512239456176758,0.6384,0.0372,0.0001,0.0833,57,1,0.1
45,381,Alerta,Alerta: Ajuste de radio em velocidade moderada,L02,0.0,0.2512239456176758,0.5375,0.0298,0.0001,0.0833,57,1,0.1
45,382,Alerta,Alerta: Ajuste de radio em velocidade moderada,L02,0.0,0.2512239456176758,0.4654,0.0217,0.0001,0.0625,57,1,0.1
45,383,Alerta,Alerta: Ajuste de radio em velocidade moderada,L02,0.0,0.2512239456176758,0.5621,0.031,0.0001,0.0833,57,1,0.1
45,384,Alerta,Alerta: Ajuste de radio em velocidade moderada,L02,0.0,0.2512239456176758,0.587,0.0284,0.0001,0.0729,57,1,0.1
45,385,Alerta,Alerta: Ajuste de radio em velocidade moderada,L02,0.0,0.2512239456176758,0.5305,0.0333,0.0001,0.0833,57,1,0.1
45,386,Alerta,Alerta: Ajuste de radio em velocidade moderada,L02,0.0,0.2512239456176758,0.574,0.0311,0.0001,0.0729,57,1,0.1
45,387,Alerta,Alerta: Ajuste de radio em velocidade moderada,L02,0.0,0.2512239456176758,0.5761,0.0337,0.0001,0.0833,57,1,0.1
45,388,Alerta,Alerta: Ajuste de radio em velocidade moderada,L02,0.0,0.2512239456176758,0.57,0.0336,0.0001,0.0833,57,1,0.1
45,389,Alerta,Alerta: Ajuste de radio em velocidade moderada,L02,0.0,0.2512239456176758,0.7338,0.0465,0.0001,0.0938,57,1,0.1
45,390,Alerta,Alerta: Ajuste de radio em velocidade moderada,L02,0.0,0.2512239456176758,0.6137,0.0345,0.0001,0.0833,57,1,0.1
45,391,Alerta,Alerta: Ajuste de radio em velocidade moderada,L02,0.0,0.2512239456176758,0.5208,0.0249,0.0001,0.0625,57,1,0.1
45,392,Alerta,Alerta: Ajuste de radio em velocidade moderada,L02,0.0,0.2512239456176758,0.507,0.0222,0.0001,0.0625,57,1,0.1
45,393,Alerta,Alerta: Ajuste de radio em velocidade moderada,L02,0.0,0.2512239456176758,0.8322,0.0729,0.0001,0.1146,57,1,0.1
45,394,Alerta,Alerta: Ajuste de radio em velocidade moderada,L02,0.0,0.2512239456176758,0.6378,0.0368,0.0001,0.0833,57,1,0.1
45,395,Alerta,Alerta: Ajuste de radio em velocidade moderada,L02,0.0,0.2512239456176758,0.6084,0.0342,0.0001,0.0833,57,1,0.1
45,396,Alerta,Alerta: Ajuste de radio em velocidade moderada,L02,0.0,0.2512239456176758,0.7169,0.0457,0.0001,0.0938,57,1,0.1
45,397,Alerta,Alerta: Ajuste de radio em velocidade moderada,L02,0.0,0.2512239456176758,0.544,0.0339,0.0001,0.0938,57,1,0.1
45,398,Alerta,Alerta: Ajuste de radio em velocidade moderada,L02,0.0,0.2512239456176758,0.6182,0.0377,0.0001,0.0938,57,1,0.1
45,399,Alerta,Alerta: Ajuste de radio em velocidade moderada,L02,0.0,0.2512239456176758,0.6004,0.0357,0.0001,0.0833,57,1,0.1
45,400,Alerta,Alerta: Bebendo em trecho urbano lento,L03,0.0,0.18405227661132811,0.1842,0.0113,0.0001,0.0521,63,1,0.1
45,401,Alerta,Alerta: Bebendo em trecho urbano lento,L03,0.0,0.18405227661132811,0.209,0.0128,0.0001,0.0521,63,1,0.1
45,402,Alerta,Alerta: Bebendo em trecho urbano lento,L03,0.0,0.18405227661132811,0.2431,0.0143,0.0001,0.0521,63,1,0.1
45,403,Alerta,Alerta: Bebendo em trecho urbano lento,L03,0.0,0.18405227661132811,0.2409,0.0139,0.0001,0.0521,63,1,0.1
45,404,Alerta,Alerta: Bebendo em trecho urbano lento,L03,0.0,0.18405227661132811,0.1857,0.0118,0.0001,0.0521,63,1,0.1
45,405,Alerta,Alerta: Bebendo em trecho urbano lento,L03,0.0,0.18405227661132811,0.1936,0.0116,0.0001,0.0521,63,1,0.1
45,406,Alerta,Alerta: Bebendo em trecho urbano lento,L03,0.0,0.18405227661132811,0.1632,0.0102,0.0001,0.0417,64,1,0.1
45,407,Alerta,Alerta: Bebendo em trecho urbano lento,L03,0.0,0.18405227661132811,0.1171,0.0077,0.0001,0.0312,64,1,0.1
45,408,Alerta,Alerta: Bebendo em trecho urbano lento,L03,0.0,0.18405227661132811,0.1697,0.0104,0.0001,0.0521,63,1,0.1
45,409,Alerta,Alerta: Bebendo em trecho urbano lento,L03,0.0,0.18405227661132811,0.2096,0.0132,0.0001,0.0625,63,1,0.1
45,410,Alerta,Alerta: Bebendo em trecho urbano lento,L03,0.0,0.18405227661132811,0.1702,0.011,0.0001,0.0521,63,1,0.1
45,411,Alerta,Alerta: Bebendo em trecho urbano lento,L03,0.0,0.18405227661132811,0.218,0.0131,0.0001,0.0521,63,1,0.1
45,412,Alerta,Alerta: Bebendo em trecho urbano lento,L03,0.0,0.18405227661132811,0.2025,0.0123,0.0001,0.0521,63,1,0.1
45,413,Alerta,Alerta: Bebendo em trecho urbano lento,L03,0.0,0.18405227661132811,0.1657,0.0104,0.0001,0.0417,64,1,0.1
45,414,Alerta,Alerta: Bebendo em trecho urbano lento,L03,0.0,0.18405227661132811,0.226,0.0142,0.0001,0.0625,63,1,0.1
45,415,Alerta,Alerta: Bebendo em trecho urbano lento,L03,0.0,0.18405227661132811,0.2316,0.0146,0.0001,0.0625,63,1,0.1
45,416,Alerta,Alerta: Bebendo em trecho urbano lento,L03,0.0,0.18405227661132811,0.2213,0.0133,0.0001,0.0625,63,1,0.1
45,417,Alerta,Alerta: Bebendo em trecho urbano lento,L03,0.0,0.18405227661132811,0.2142,0.0127,0.0001,0.0521,63,1,0.1
45,418,Alerta,Alerta: Bebendo em trecho urbano lento,L03,0.0,0.18405227661132811,0.1617,0.0103,0.0001,0.0521,63,1,0.1
45,419,Alerta,Alerta: Bebendo em trecho urbano lento,L03,0.0,0.18405227661132811,0.2048,0.0125,0.0001,0.0521,63,1,0.1
45,420,Alerta,Alerta: Bebendo em trecho urbano lento,L03,0.0,0.18405227661132811,0.1875,0.0112,0.0001,0.0521,63,1,0.1
45,421,Alerta,Alerta: Bebendo em trecho urbano lento,L03,0.0,0.18405227661132811,0.1956,0.0116,0.0001,0.0521,63,1,0.1
45,422,Alerta,Alerta: Bebendo em trecho urbano lento,L03,0.0,0.18405227661132811,0.8315,0.0778,0.0001,0.125,63,1,0.1
45,423,Alerta,Alerta: Bebendo em trecho urbano lento,L03,0.0,0.18405227661132811,0.279,0.0174,0.0001,0.0729,63,1,0.1
45,424,Alerta,Alerta: Bebendo em trecho urbano lento,L03,0.0,0.18405227661132811,0.2207,0.0134,0.0001,0.0625,63,1,0.1
45,425,Alerta,Alerta: Bebendo em trecho urbano lento,L03,0.0,0.18405227661132811,0.2532,0.0156,0.0001,0.0625,63,1,0.1
45,426,Alerta,Alerta: Bebendo em trecho urbano lento,L03,0.0,0.18405227661132811,0.174,0.0106,0.0001,0.0521,63,1,0.1
45,427,Alerta,Alerta: Bebendo em trecho urbano lento,L03,0.0,0.18405227661132811,0.3179,0.0178,0.0001,0.0521,64,1,0.1
45,428,Alerta,Alerta: Bebendo em trecho urbano lento,L03,0.0,0.18405227661132811,0.1477,0.0093,0.0001,0.0417,64,1,0.1
45,429,Alerta,Alerta: Bebendo em trecho urbano lento,L03,0.0,0.18405227661132811,0.1608,0.0101,0.0001,0.0417,64,1,0.1
45,430,Alerta,Alerta: Bebendo em trecho urbano lento,L03,0.0,0.18405227661132811,0.2325,0.0142,0.0001,0.0625,63,1,0.1
45,431,Alerta,Alerta: Bebendo em trecho urbano lento,L03,0.0,0.18405227661132811,0.6341,0.0499,0.0001,0.125,63,1,0.1
45,432,Alerta,Alerta: Bebendo em trecho urbano lento,L03,0.0,0.18405227661132811,0.2423,0.0154,0.0001,0.0625,63,1,0.1
45,433,Alerta,Alerta: Bebendo em trecho urbano lento,L03,0.0,0.18405227661132811,0.19,0.0117,0.0001,0.0521,63,1,0.1
45,434,Alerta,Alerta: Bebendo em trecho urbano lento,L03,0.0,0.18405227661132811,0.747,0.0586,0.0001,0.1042,63,1,0.1
45,435,Alerta,Alerta: Bebendo em trecho urbano lento,L03,0.0,0.18405227661132811,0.1891,0.012,0.0001,0.0521,63,1,0.1
45,436,Alerta,Alerta: Bebendo em trecho urbano lento,L03,0.0,0.18405227661132811,0.1831,0.0114,0.0001,0.0521,63,1,0.1
45,437,Alerta,Alerta: Bebendo em trecho urbano lento,L03,0.0,0.18405227661132811,0.2323,0.0135,0.0001,0.0521,63,1,0.1
45,438,Alerta,Alerta: Bebendo em trecho urbano lento,L03,0.0,0.18405227661132811,0.1399,0.0093,0.0001,0.0312,64,1,0.1
45,439,Alerta,Alerta: Bebendo em trecho urbano lento,L03,0.0,0.18405227661132811,0.2055,0.0123,0.0001,0.0521,63,1,0.1
45,440,Alerta,Alerta: Bebendo em trecho urbano lento,L03,0.0,0.18405227661132811,0.1548,0.0097,0.0001,0.0417,64,1,0.1
45,441,Alerta,Alerta: Bebendo em trecho urbano lento,L03,0.0,0.18405227661132811,0.2496,0.0158,0.0001,0.0729,63,1,0.1
45,442,Alerta,Alerta: Bebendo em trecho urbano lento,L03,0.0,0.18405227661132811,0.158,0.0098,0.0001,0.0312,64,1,0.1
45,443,Alerta,Alerta: Bebendo em trecho urbano lento,L03,0.0,0.18405227661132811,0.163,0.0101,0.0001,0.0417,64,1,0.1
45,444,Alerta,Alerta: Bebendo em trecho urbano lento,L03,0.0,0.18405227661132811,0.2152,0.0131,0.0001,0.0521,63,1,0.1
45,445,Alerta,Alerta: Bebendo em trecho urbano lento,L03,0.0,0.18405227661132811,0.1947,0.0114,0.0001,0.0521,63,1,0.1
45,446,Alerta,Alerta: Bebendo em trecho urbano lento,L03,0.0,0.18405227661132811,0.1983,0.0118,0.0001,0.0521,63,1,0.1
45,447,Alerta,Alerta: Bebendo em trecho urbano lento,L03,0.0,0.18405227661132811,0.2399,0.0147,0.0001,0.0625,63,1,0.1
45,448,Alerta,Alerta: Bebendo em trecho urbano lento,L03,0.0,0.18405227661132811,0.2241,0.0136,0.0001,0.0625,63,1,0.1
45,449,Alerta,Alerta: Bebendo em trecho urbano lento,L03,0.0,0.18405227661132811,0.2077,0.0121,0.0001,0.0521,63,1,0.1
45,450,Alerta,Alerta: Bebendo em trecho urbano lento,L03,0.0,0.18405227661132811,0.2512,0.0147,0.0001,0.0625,63,1,0.1
45,451,Alerta,Alerta: Bebendo em trecho urbano lento,L03,0.0,0.18405227661132811,0.1983,0.0122,0.0001,0.0521,63,1,0.1
45,452,Alerta,Alerta: Bebendo em trecho urbano lento,L03,0.0,0.18405227661132811,0.2095,0.0129,0.0001,0.0521,63,1,0.1
45,453,Alerta,Alerta: Bebendo em trecho urbano lento,L03,0.0,0.18405227661132811,0.1716,0.0107,0.0001,0.0521,63,1,0.1
45,454,Alerta,Alerta: Bebendo em trecho urbano lento,L03,0.0,0.18405227661132811,0.7223,0.0906,0.0001,0.1875,63,1,0.1
45,455,Alerta,Alerta: Bebendo em trecho urbano lento,L03,0.0,0.18405227661132811,0.2327,0.0136,0.0001,0.0521,63,1,0.1
45,456,Alerta,Alerta: Bebendo em trecho urbano lento,L03,0.0,0.18405227661132811,0.2131,0.0123,0.0001,0.0521,63,1,0.1
45,457,Alerta,Alerta: Bebendo em trecho urbano lento,L03,0.0,0.18405227661132811,0.2169,0.0132,0.0001,0.0625,63,1,0.1
45,458,Alerta,Alerta: Bebendo em trecho urbano lento,L03,0.0,0.18405227661132811,0.2147,0.0128,0.0001,0.0521,63,1,0.1
45,459,Alerta,Alerta: Bebendo em trecho urbano lento,L03,0.0,0.18405227661132811,0.2251,0.0133,0.0001,0.0521,63,1,0.1
45,460,Alerta,Alerta: Bebendo em trecho urbano lento,L03,0.0,0.18405227661132811,0.2295,0.0138,0.0001,0.0625,63,1,0.1
45,461,Alerta,Alerta: Bebendo em trecho urbano lento,L03,0.0,0.18405227661132811,0.2159,0.0129,0.0001,0.0521,63,1,0.1
45,462,Alerta,Alerta: Bebendo em trecho urbano lento,L03,0.0,0.18405227661132811,0.0977,0.0067,0.0001,0.0,-1,0,0.1
45,463,Alerta,Alerta: Bebendo em trecho urbano lento,L03,0.0,0.18405227661132811,0.1633,0.01,0.0001,0.0417,64,1,0.1
45,464,Alerta,Alerta: Bebendo em trecho urbano lento,L03,0.0,0.18405227661132811,0.3124,0.0184,0.0001,0.0625,63,1,0.1
45,465,Alerta,Alerta: Bebendo em trecho urbano lento,L03,0.0,0.18405227661132811,0.2239,0.0134,0.0001,0.0625,63,1,0.1
45,466,Alerta,Alerta: Bebendo em trecho urbano lento,L03,0.0,0.18405227661132811,0.1515,0.0096,0.0001,0.0417,64,1,0.1
45,467,Alerta,Alerta: Bebendo em trecho urbano lento,L03,0.0,0.18405227661132811,0.1601,0.0102,0.0001,0.0417,64,1,0.1
45,468,Alerta,Alerta: Bebendo em trecho urbano lento,L03,0.0,0.18405227661132811,0.1795,0.0113,0.0001,0.0521,63,1,0.1
45,469,Alerta,Alerta: Bebendo em trecho urbano lento,L03,0.0,0.18405227661132811,0.1557,0.0096,0.0001,0.0417,64,1,0.1
45,470,Alerta,Alerta: Bebendo em trecho urbano lento,L03,0.0,0.18405227661132811,0.2317,0.0139,0.0001,0.0625,63,1,0.1
45,471,Alerta,Alerta: Bebendo em trecho urbano lento,L03,0.0,0.18405227661132811,0.1848,0.0113,0.0001,0.0521,63,1,0.1
45,472,Alerta,Alerta: Bebendo em trecho urbano lento,L03,0.0,0.18405227661132811,0.1604,0.0102,0.0001,0.0417,64,1,0.1
45,473,Alerta,Alerta: Bebendo em trecho urbano lento,L03,0.0,0.18405227661132811,0.2317,0.014,0.0001,0.0625,63,1,0.1
45,474,Alerta,Alerta: Bebendo em trecho urbano lento,L03,0.0,0.18405227661132811,0.1691,0.0105,0.0001,0.0521,63,1,0.1
45,475,Alerta,Alerta: Bebendo em trecho urbano lento,L03,0.0,0.18405227661132811,0.2022,0.0124,0.0001,0.0521,63,1,0.1
45,476,Alerta,Alerta: Bebendo em trecho urbano lento,L03,0.0,0.18405227661132811,0.1818,0.0112,0.0001,0.0521,63,1,0.1
45,477,Alerta,Alerta: Bebendo em trecho urbano lento,L03,0.0,0.18405227661132811,0.2103,0.0124,0.0001,0.0521,63,1,0.1
45,478,Alerta,Alerta: Bebendo em trecho urbano lento,L03,0.0,0.18405227661132811,0.1855,0.0114,0.0001,0.0521,63,1,0.1
45,479,Alerta,Alerta: Bebendo em trecho urbano lento,L03,0.0,0.18405227661132811,0.2354,0.0133,0.0001,0.0521,63,1,0.1
